thanh_phan,trang_thai,so_lan_xuat_hien,meaning_en,meaning_vi,vi_du_tu,nguon
abate,Mới - chưa có ảnh,1,to become less intense or widespread,"giảm bớt, lắng dịu",abate,missing_words_analyzed
abhor,Mới - chưa có ảnh,1,to regard with disgust and hatred,"ghê tởm, căm ghét",abhor,missing_words_analyzed
abide,Mới - chưa có ảnh,1,"to accept or act in accordance with a rule, decision, or recommendation","tuân theo, chấp hành",abide,missing_words_analyzed
ability,Mới - chưa có ảnh,1,the possession of the means or skill to do something,"khả năng, năng lực",disability,missing_words_analyzed
abort,Mới - chưa có ảnh,2,"to end a process or activity before it is completed, especially because of a problem","hủy bỏ, dừng lại giữa chừng","abort, abortion",missing_words_analyzed
abrade,Mới - chưa có ảnh,1,to wear away or scrape off by friction,"mài mòn, cọ mòn",abrasion,missing_words_analyzed
abrupt,Mới - chưa có ảnh,1,"sudden and unexpected, or (of manner) brusque and curt","đột ngột, bất ngờ; cộc lốc",abrupt,missing_words_analyzed
absorb,Mới - chưa có ảnh,2,"to take in a substance gradually, or to take in information","hấp thụ, thu nhận","absorb, absorption",missing_words_analyzed
abstain,Mới - chưa có ảnh,3,"to choose not to do or have something, especially to formally decline to vote","kiêng, không tham gia; bỏ phiếu trắng","abstain, abstention, abstinence",missing_words_analyzed
abstract,Mới - chưa có ảnh,1,"a summary of the contents of a book, article, or speech",bản tóm tắt,abstract,missing_words_analyzed
abundant,Mới - chưa có ảnh,2,existing or available in large quantities; plentiful,"dồi dào, phong phú","abundant, abundantly",missing_words_analyzed
academia,Mới - chưa có ảnh,1,"the environment or community concerned with research, education, and scholarship; academic life","giới học thuật, môi trường hàn lâm",academia,missing_words_analyzed
academy,Mới - chưa có ảnh,2,"a place of study or training in a specialized field, or a secondary school, especially a private one","học viện, viện hàn lâm (trường chuyên)","academic, academy",missing_words_analyzed
accelerate,Mới - chưa có ảnh,1,to increase in speed,tăng tốc,acceleration,missing_words_analyzed
accompany,Mới - chưa có ảnh,1,to go somewhere with someone or occur together with something,"đi cùng, đồng hành; đi kèm",accompanist,missing_words_analyzed
accord,Mới - chưa có ảnh,1,"an official agreement, especially between countries","sự thỏa thuận, hiệp định",accord,missing_words_analyzed
according,Mới - chưa có ảnh,1,in a way that is consistent with or based on (used in 'according to'),"theo, dựa theo",accordingly,missing_words_analyzed
accumulate,Mới - chưa có ảnh,1,to gather or acquire an increasing amount of something over time,tích lũy,accumulate,missing_words_analyzed
accuracy,Mới - chưa có ảnh,1,the quality of being correct or precise,độ chính xác,inaccuracy,missing_words_analyzed
accurate,Mới - chưa có ảnh,4,correct and precise in all details; free from error,chính xác,"accuracy, accurate, accurately, inaccurate",missing_words_analyzed
ache,Mới - chưa có ảnh,3,a continuous or prolonged dull pain,"cơn đau âm ỉ, nhức","ache, headache, toothache",missing_words_analyzed
acknowledge,Mới - chưa có ảnh,1,to accept or admit the truth or existence of something,"thừa nhận, công nhận",unacknowledged,missing_words_analyzed
acoustic,Mới - chưa có ảnh,1,"relating to sound or the sense of hearing, especially of instruments not using electronic amplification","thuộc về âm thanh, âm học (VD: đàn guitar acoustic)",acoustic,missing_words_analyzed
acquaint,Mới - chưa có ảnh,2,to make someone aware of or familiar with something or someone,"làm cho quen biết, cho biết","acquaint, acquaintance",missing_words_analyzed
acquire,Mới - chưa có ảnh,3,"to gain or come to possess something, especially through one's own effort or ability","đạt được, thu được","acquirable, acquire, acquisitive",missing_words_analyzed
acrobat,Mới - chưa có ảnh,2,a performer who does gymnastic feats requiring skill and balance,"diễn viên nhào lộn, người biểu diễn xiếc","acrobatic, acrobatics",missing_words_analyzed
activate,Mới - chưa có ảnh,1,to make something start working,kích hoạt,activation,missing_words_analyzed
active,Mới - chưa có ảnh,4,engaging in physical movement or action; energetic,"năng động, tích cực, đang hoạt động","activate, actively, activity, inactivity",missing_words_analyzed
actual,Mới - chưa có ảnh,1,existing in fact; real,"thực tế, có thật",actually,missing_words_analyzed
addict,Mới - chưa có ảnh,2,a person unable to stop using a substance or doing something habitually,người nghiện,"addiction, addictive",missing_words_analyzed
addition,Mới - chưa có ảnh,1,the act of adding something; a thing added,"sự bổ sung, phép cộng",additionally,missing_words_analyzed
adequate,Mới - chưa có ảnh,4,satisfactory or acceptable in quality or quantity,"đầy đủ, thỏa đáng","adequately, inadequacy, inadequate, inadequately",missing_words_analyzed
adj,Mới - chưa có ảnh,1,"an abbreviation for 'adjective', used especially in dictionaries and grammar references","viết tắt của 'tính từ' (adjective), thường dùng trong từ điển",adj,missing_words_analyzed
administer,Mới - chưa có ảnh,1,to manage and be responsible for the running of something,"quản lý, điều hành",administrative,missing_words_analyzed
adv,Mới - chưa có ảnh,1,"abbreviation for 'advertisement' or 'adverb', depending on context",viết tắt của 'advertisement' (quảng cáo) hoặc 'adverb' (trạng từ) tùy ngữ cảnh,adv,missing_words_analyzed
adventure,Mới - chưa có ảnh,2,"an unusual, exciting or daring experience",cuộc phiêu lưu,"adventurer, adventurous",missing_words_analyzed
adverb,Mới - chưa có ảnh,1,"a word that modifies a verb, adjective, or other adverb",trạng từ,adverbial,missing_words_analyzed
advert,Mới - chưa có ảnh,1,"a paid announcement promoting a product, event, or service (British informal, short for 'advertisement')","quảng cáo (cách gọi tắt, tiếng Anh Anh)",advert,missing_words_analyzed
advertise,Mới - chưa có ảnh,3,"to make something known publicly, especially to promote sales",quảng cáo,"advertise, advertisement, advertiser",missing_words_analyzed
advice,Mới - chưa có ảnh,1,guidance or recommendations offered with regard to prudent future action,lời khuyên,advice,missing_words_analyzed
advocate,Mới - chưa có ảnh,1,a person who publicly supports a cause; to support publicly,"người ủng hộ, người biện hộ; ủng hộ công khai",advocacy,missing_words_analyzed
aesthetic,Mới - chưa có ảnh,1,concerned with beauty or the appreciation of beauty,"thuộc về thẩm mỹ, mang tính nghệ thuật",aesthetic,missing_words_analyzed
affair,Mới - chưa có ảnh,1,an event or a matter of concern; also a romantic or sexual relationship outside marriage,"việc, vụ việc; (nghĩa khác) quan hệ ngoại tình",affair,missing_words_analyzed
affect,Mới - chưa có ảnh,2,to have an effect on; to influence,ảnh hưởng đến,"affect, unaffected",missing_words_analyzed
affinity,Mới - chưa có ảnh,1,"a natural liking for, or attraction to, someone or something","sự yêu thích tự nhiên, sự gần gũi/thân thuộc",affinity,missing_words_analyzed
afford,Mới - chưa có ảnh,1,to have enough money or resources to do or buy something,đủ khả năng (tài chính) để làm hoặc mua gì,affordable,missing_words_analyzed
agar,Mới - chưa có ảnh,1,"a gelatinous substance obtained from red algae, used to culture microorganisms and in cooking","thạch agar (dùng nuôi cấy vi sinh, nấu ăn)",agar,missing_words_analyzed
agenda,Mới - chưa có ảnh,1,"a list of items to be discussed at a meeting, or an underlying plan or set of intentions","chương trình nghị sự, kế hoạch",agenda,missing_words_analyzed
agile,Mới - chưa có ảnh,2,able to move quickly and easily; able to think and understand quickly,"nhanh nhẹn, linh hoạt","agile, agility",missing_words_analyzed
agony,Mới - chưa có ảnh,1,extreme physical or mental suffering,"sự đau đớn tột cùng, sự thống khổ",agony,missing_words_analyzed
agriculture,Mới - chưa có ảnh,1,the science or practice of farming,nông nghiệp,agricultural,missing_words_analyzed
aha,Mới - chưa có ảnh,1,"used to express surprise, triumph, or sudden realization",à ha! (thán từ diễn tả sự ngạc nhiên hoặc nhận ra điều gì đó),aha,missing_words_analyzed
aisle,Mới - chưa có ảnh,1,a passage between rows of seats or shelves,"lối đi (giữa các hàng ghế, kệ hàng)",aisle,missing_words_analyzed
albeit,Mới - chưa có ảnh,1,although; even though,mặc dù,albeit,missing_words_analyzed
album,Mới - chưa có ảnh,1,"a collection of recordings, photographs, or stamps compiled together, especially a music release","album (nhạc, ảnh)",album,missing_words_analyzed
algae,Mới - chưa có ảnh,1,"simple, typically aquatic, photosynthetic organisms ranging from single cells to giant kelp",tảo,algae,missing_words_analyzed
algorithm,Mới - chưa có ảnh,1,a step-by-step set of rules or instructions for solving a problem or performing a computation,"một thuật toán, tập hợp các bước hoặc quy tắc để giải quyết vấn đề hoặc thực hiện tính toán",algorithm,missing_words_analyzed
alight,Mới - chưa có ảnh,1,on fire or lit up,"đang cháy, rực sáng",alight,missing_words_analyzed
align,Mới - chưa có ảnh,2,to place or arrange things in a straight line or in correct relative positions,"canh chỉnh, sắp xếp thẳng hàng","align, alignment",missing_words_analyzed
allergy,Mới - chưa có ảnh,1,a damaging immune response by the body to a substance that is normally harmless,dị ứng,allergy,missing_words_analyzed
alleviate,Mới - chưa có ảnh,1,to make suffering or a problem less severe,"làm giảm nhẹ (đau đớn, khó khăn)",alleviation,missing_words_analyzed
alley,Mới - chưa có ảnh,1,"a narrow passage or lane, especially one behind or between buildings","con hẻm, ngõ hẹp",alley,missing_words_analyzed
allocate,Mới - chưa có ảnh,2,to distribute resources or duties for a particular purpose,phân bổ,"reallocate, reallocation",missing_words_analyzed
alloy,Mới - chưa có ảnh,1,a metal made by combining two or more metallic elements,hợp kim,alloy,missing_words_analyzed
alpha,Mới - chưa có ảnh,1,the first letter of the Greek alphabet; the most dominant individual in a group,chữ cái alpha; cá thể đầu đàn,alpha,missing_words_analyzed
alphabet,Mới - chưa có ảnh,1,"a set of letters arranged in a fixed order, used to write a language",bảng chữ cái,alphabet,missing_words_analyzed
altar,Mới - chưa có ảnh,1,"a table or platform used for religious rites, especially Christian communion",bàn thờ,altar,missing_words_analyzed
alternate,Mới - chưa có ảnh,2,occurring by turns; to happen in turns with something else,"luân phiên, xen kẽ","alternation, alternative",missing_words_analyzed
altitude,Mới - chưa có ảnh,1,the height of an object or point in relation to sea level or ground level,độ cao (so với mực nước biển),altitude,missing_words_analyzed
ambassador,Mới - chưa có ảnh,1,"a diplomatic official of the highest rank, sent by a country to represent it in a foreign country",đại sứ,ambassador,missing_words_analyzed
amber,Mới - chưa có ảnh,1,"a hard, translucent yellowish-brown fossilized resin, used in jewelry",hổ phách,amber,missing_words_analyzed
ambience,Mới - chưa có ảnh,1,the character and atmosphere of a place,bầu không khí (của một nơi),ambience,missing_words_analyzed
ambiguous,Mới - chưa có ảnh,2,open to more than one interpretation; not having one clear or obvious meaning,"mơ hồ, mập mờ, có thể hiểu theo nhiều nghĩa","ambiguity, ambiguous",missing_words_analyzed
ambition,Mới - chưa có ảnh,1,a strong desire to achieve something,"tham vọng, hoài bão",ambitious,missing_words_analyzed
ambulance,Mới - chưa có ảnh,1,"a vehicle equipped for transporting sick or injured people, especially in an emergency",xe cứu thương,ambulance,missing_words_analyzed
amenity,Mới - chưa có ảnh,1,a desirable or useful feature or facility of a building or place,"tiện nghi, tiện ích",amenity,missing_words_analyzed
amiable,Mới - chưa có ảnh,1,having a friendly and pleasant manner,"thân thiện, dễ mến",amiably,missing_words_analyzed
ammunition,Mới - chưa có ảnh,1,"a supply of bullets, shells, and other projectiles usable in weapons",đạn dược,ammunition,missing_words_analyzed
ample,Mới - chưa có ảnh,4,enough or more than enough; plentiful,"đầy đủ, dư dả","ample, amplify, amplitude, amply",missing_words_analyzed
amplify,Mới - chưa có ảnh,1,"to increase the volume, size, or effect of something",khuếch đại,amplification,missing_words_analyzed
amputate,Mới - chưa có ảnh,1,to cut off a limb by surgery,cắt cụt (chi),amputation,missing_words_analyzed
analogy,Mới - chưa có ảnh,1,"a comparison between two things, typically for the purpose of explanation, based on their similarities","phép loại suy, sự tương tự",analogy,missing_words_analyzed
analyze,Mới - chưa có ảnh,2,to examine something in detail in order to explain or interpret it,phân tích,"analyst, analyze",missing_words_analyzed
android,Mới - chưa có ảnh,1,"a robot with a human appearance and behavior; also 'Android', a mobile operating system",người máy có hình dạng người; (viết hoa) hệ điều hành di động Android,android,missing_words_analyzed
anecdote,Mới - chưa có ảnh,1,a short amusing or interesting story about a real incident or person,"giai thoại, chuyện kể ngắn (có thật)",anecdote,missing_words_analyzed
anemone,Mới - chưa có ảnh,1,"a plant of the buttercup family with brightly colored flowers; also a sea anemone, a marine animal",hoa cẩm chướng dại; hải quỳ (động vật biển),anemone,missing_words_analyzed
anger,Mới - chưa có ảnh,1,"a strong feeling of annoyance, displeasure, or hostility",sự tức giận,anger,missing_words_analyzed
annotate,Mới - chưa có ảnh,1,to add explanatory notes to a text,"chú thích, ghi chú",annotation,missing_words_analyzed
annual,Mới - chưa có ảnh,2,occurring once every year,"hàng năm, thường niên","annual, annually",missing_words_analyzed
anthem,Mới - chưa có ảnh,1,"a rousing song identified with a particular group or cause, especially a national song","quốc ca, bài ca chính thức",anthem,missing_words_analyzed
antique,Mới - chưa có ảnh,1,an object of considerable age valued for its beauty or craftsmanship,đồ cổ,antiquarian,missing_words_analyzed
anxious,Mới - chưa có ảnh,2,"feeling or showing worry, nervousness, or unease","lo lắng, lo âu","anxiety, anxious",missing_words_analyzed
ape,Mới - chưa có ảnh,1,"a large primate that lacks a tail, such as a gorilla, chimpanzee, or orangutan","vượn, khỉ không đuôi",ape,missing_words_analyzed
apex,Mới - chưa có ảnh,1,the top or highest point of something; the culminating point,"đỉnh, chóp, điểm cao nhất",apex,missing_words_analyzed
aphorism,Mới - chưa có ảnh,1,"a short, pithy statement expressing a general truth or principle",câu cách ngôn,aphorism,missing_words_analyzed
apology,Mới - chưa có ảnh,2,a statement expressing regret for having done something wrong,lời xin lỗi,"apologize, apology",missing_words_analyzed
apostrophe,Mới - chưa có ảnh,1,the punctuation mark (') used to indicate omission or possession,"dấu nháy đơn, dấu lược (')",apostrophe,missing_words_analyzed
app,Mới - chưa có ảnh,2,a self-contained program or piece of software designed to run on a mobile device.,ứng dụng (phần mềm).,"app, apps",missing_words_analyzed
apparatus,Mới - chưa có ảnh,1,the equipment or tools needed for a particular activity or purpose,"thiết bị, bộ máy, dụng cụ",apparatus,missing_words_analyzed
appetite,Mới - chưa có ảnh,1,"a natural desire to eat food, or a strong desire for something",sự thèm ăn; sự ham muốn,appetite,missing_words_analyzed
applicant,Mới - chưa có ảnh,1,"a person who applies for or formally requests something, such as a job","người nộp đơn, ứng viên",applicant,missing_words_analyzed
appraise,Mới - chưa có ảnh,1,to assess the value or quality of something,"đánh giá, thẩm định",appraiser,missing_words_analyzed
appreciate,Mới - chưa có ảnh,3,to recognize the value or worth of something; to be grateful for something,"đánh giá cao, trân trọng","appreciate, appreciation, appreciative",missing_words_analyzed
apprentice,Mới - chưa có ảnh,2,a person who is learning a trade from a skilled employer,người học việc,"apprentice, apprenticeship",missing_words_analyzed
appropriate,Mới - chưa có ảnh,1,suitable or proper for a particular situation,"phù hợp, thích hợp",inappropriate,missing_words_analyzed
apron,Mới - chưa có ảnh,1,"a garment worn over the front of clothing to protect it, tied around the waist",tạp dề,apron,missing_words_analyzed
apt,Mới - chưa có ảnh,3,appropriate or suitable in the circumstances; having a tendency to do something,"thích hợp, đúng lúc; có khuynh hướng","adaptability, apt, aptitude",missing_words_analyzed
aqua,Mới - chưa có ảnh,3,relating to water; a light bluish-green color,(thuộc) nước; màu xanh lam-lục nhạt,"aquaculture, aquarium, aquatic",missing_words_analyzed
arable,Mới - chưa có ảnh,1,(of land) suitable for growing crops,"(đất) có thể canh tác, trồng trọt được",arable,missing_words_analyzed
arbiter,Mới - chưa có ảnh,1,a person who settles a dispute or has ultimate authority to make judgments in a matter,"trọng tài, người phân xử",arbiter,missing_words_analyzed
arbitrary,Mới - chưa có ảnh,1,based on random choice or personal whim rather than reason or system,"tùy tiện, ngẫu hứng, không dựa trên lý do hay hệ thống rõ ràng",arbitrary,missing_words_analyzed
arbor,Mới - chưa có ảnh,2,a shady shelter or trellis in a garden formed by trees or climbing plants,giàn cây leo trong vườn,"arbor, arboreal",missing_words_analyzed
arc,Mới - chưa có ảnh,1,a curve forming part of the circumference of a circle or other curved shape,cung (hình vòng cung),arc,missing_words_analyzed
arch,Mới - chưa có ảnh,2,a curved structure that spans an opening and supports the weight above it,"vòm, cổng vòm","arch, matriarchal",missing_words_analyzed
archaeology,Mới - chưa có ảnh,2,the study of human history and prehistory through the excavation and analysis of physical remains,khảo cổ học,"archaeologist, archaeology",missing_words_analyzed
archer,Mới - chưa có ảnh,1,a person who shoots with a bow and arrow,"cung thủ, người bắn cung",archer,missing_words_analyzed
architecture,Mới - chưa có ảnh,1,the art or practice of designing buildings,kiến trúc,architectural,missing_words_analyzed
archive,Mới - chưa có ảnh,1,"a collection of historical documents or records, or the place where they are kept",kho lưu trữ,archive,missing_words_analyzed
arctic,Mới - chưa có ảnh,3,relating to the region around the North Pole; extremely cold,thuộc Bắc Cực; cực kỳ lạnh,"antarctic, antarctica, arctic",missing_words_analyzed
are,Mới - chưa có ảnh,1,a metric unit of area equal to 100 square meters,a (đơn vị diện tích bằng 100 mét vuông),hectare,missing_words_analyzed
arena,Mới - chưa có ảnh,1,"an enclosed venue used for sports, entertainment, or other public events","đấu trường, sân vận động",arena,missing_words_analyzed
arid,Mới - chưa có ảnh,1,having little or no rain; too dry to support vegetation,"khô cằn, khô hạn",arid,missing_words_analyzed
arithmetic,Mới - chưa có ảnh,1,The branch of mathematics dealing with the properties and manipulation of numbers.,Số học.,arithmetic,missing_words_analyzed
army,Mới - chưa có ảnh,1,An organized military force equipped for fighting on land.,"Quân đội, lục quân.",army,missing_words_analyzed
aroma,Mới - chưa có ảnh,2,"a distinctive, typically pleasant smell",hương thơm,"aroma, aromatic",missing_words_analyzed
arouse,Mới - chưa có ảnh,1,to evoke a feeling or reaction; to awaken,khơi dậy (cảm xúc),arousal,missing_words_analyzed
artery,Mới - chưa có ảnh,1,any of the muscular-walled tubes that carry blood away from the heart.,động mạch.,artery,missing_words_analyzed
article,Mới - chưa có ảnh,1,"A piece of writing on a particular topic published in a newspaper, magazine, or journal.","Bài báo, bài viết.",article,missing_words_analyzed
artificial,Mới - chưa có ảnh,1,"made by humans, not occurring naturally",nhân tạo,artificially,missing_words_analyzed
artillery,Mới - chưa có ảnh,1,large-caliber guns used in warfare on land,pháo binh,artillery,missing_words_analyzed
ascend,Mới - chưa có ảnh,1,to move upward; to climb or rise,"đi lên, leo lên",ascend,missing_words_analyzed
asphalt,Mới - chưa có ảnh,1,a sticky black substance mixed with gravel and used for surfacing roads,nhựa đường,asphalt,missing_words_analyzed
assassinate,Mới - chưa có ảnh,1,to murder a prominent person for political or religious reasons,ám sát,assassination,missing_words_analyzed
assay,Mới - chưa có ảnh,1,"a procedure used to test or analyze the composition or quality of a substance, especially a metal or ore",phép thử/phân tích thành phần (đặc biệt là quặng kim loại),assay,missing_words_analyzed
assemble,Mới - chưa có ảnh,2,to gather together or put parts together,"lắp ráp, tập hợp","assembly, reassemble",missing_words_analyzed
associate,Mới - chưa có ảnh,2,a colleague or partner in business or work,"đồng nghiệp, cộng sự","associate, association",missing_words_analyzed
assure,Mới - chưa có ảnh,2,"to tell someone confidently that something is true, removing doubt","đảm bảo, trấn an","reassurance, reassure",missing_words_analyzed
asthma,Mới - chưa có ảnh,1,a respiratory condition marked by difficulty breathing due to narrowed airways,bệnh hen suyễn,asthma,missing_words_analyzed
atlas,Mới - chưa có ảnh,1,a book of maps or charts,tập bản đồ,atlas,missing_words_analyzed
atmosphere,Mới - chưa có ảnh,2,"the layer of gases surrounding the Earth, or the mood of a place",khí quyển; bầu không khí,"atmosphere, atmospheric",missing_words_analyzed
atrophy,Mới - chưa có ảnh,1,"the gradual decline in effectiveness or vigor due to underuse, especially the wasting away of body tissue","sự teo (cơ, mô); sự suy yếu dần",atrophy,missing_words_analyzed
attention,Mới - chưa có ảnh,2,notice taken of someone or something; the act of applying one's mind to something,sự chú ý,"attention, inattention",missing_words_analyzed
attentive,Mới - chưa có ảnh,2,paying close attention; considerate,"chu đáo, chú ý","attentively, attentiveness",missing_words_analyzed
attire,Mới - chưa có ảnh,1,"clothes, especially fine or formal ones",trang phục (thường trang trọng),attire,missing_words_analyzed
attribute,Mới - chưa có ảnh,1,to regard something as being caused by a particular person or thing,"quy cho, gán cho (nguyên nhân)",attribute,missing_words_analyzed
audience,Mới - chưa có ảnh,1,the assembled spectators or listeners at a public event,"khán giả, thính giả",audience,missing_words_analyzed
audit,Mới - chưa có ảnh,3,to conduct an official financial inspection of an organization,kiểm toán,"audit, audition, auditory",missing_words_analyzed
augur,Mới - chưa có ảnh,1,to be a sign of a good or bad outcome,báo hiệu (điềm tốt hoặc xấu),inaugurate,missing_words_analyzed
authentic,Mới - chưa có ảnh,2,genuine and of undisputed origin; not a copy,"xác thực, chính hãng, thật","authentic, authenticity",missing_words_analyzed
avail,Mới - chưa có ảnh,1,to use or take advantage of (as in 'avail oneself of'),tận dụng,available,missing_words_analyzed
available,Mới - chưa có ảnh,2,able to be used or obtained; free to do something,"có sẵn, rảnh","availability, unavailable",missing_words_analyzed
avalanche,Mới - chưa có ảnh,1,"a mass of snow, ice, and rock that falls suddenly and rapidly down a mountainside",trận lở tuyết,avalanche,missing_words_analyzed
avenue,Mới - chưa có ảnh,1,"a broad road, typically lined with trees; a way of approaching a problem","đại lộ; hướng đi, con đường (giải quyết vấn đề)",avenue,missing_words_analyzed
average,Mới - chưa có ảnh,1,"a number expressing the central or typical value in a set of data, found by dividing the sum by the number of items",mức trung bình,average,missing_words_analyzed
award,Mới - chưa có ảnh,1,a prize or other mark of recognition given for an achievement.,giải thưởng.,award,missing_words_analyzed
awe,Mới - chưa có ảnh,2,a feeling of reverential respect mixed with fear or wonder,sự kính sợ,"awesome, awful",missing_words_analyzed
ax,Mới - chưa có ảnh,1,a tool with a sharp heavy blade used for chopping wood,cái rìu,ax,missing_words_analyzed
axis,Mới - chưa có ảnh,1,an imaginary line about which an object rotates; a fixed reference line in a graph or coordinate system,trục (quay/tọa độ),axis,missing_words_analyzed
axle,Mới - chưa có ảnh,1,a rod or shaft on which a wheel or pair of wheels rotates,trục bánh xe,axle,missing_words_analyzed
bacteria,Mới - chưa có ảnh,1,"microscopic single-celled organisms, some of which cause disease",vi khuẩn,bacteria,missing_words_analyzed
bacterium,Mới - chưa có ảnh,1,"a microscopic single-celled organism, some of which cause disease",vi khuẩn (dạng số ít),bacterium,missing_words_analyzed
badge,Mới - chưa có ảnh,1,"a small emblem or sign worn to show identity, rank, or membership","huy hiệu, phù hiệu",badge,missing_words_analyzed
baffle,Mới - chưa có ảnh,1,to totally bewilder or perplex someone,"làm bối rối, khó hiểu",baffle,missing_words_analyzed
bait,Mới - chưa có ảnh,1,to deliberately annoy or tease someone,"trêu chọc, khiêu khích",bait,missing_words_analyzed
balcony,Mới - chưa có ảnh,1,"a platform enclosed by a wall or railing on the outside of a building, upper-floor",ban công,balcony,missing_words_analyzed
ballast,Mới - chưa có ảnh,1,heavy material placed in the hold of a ship or the basket of a balloon to improve stability,vật dằn (giữ thăng bằng cho tàu thuyền),ballast,missing_words_analyzed
ballot,Mới - chưa có ảnh,1,"a system or process of voting, typically in secret","lá phiếu, cuộc bỏ phiếu",ballot,missing_words_analyzed
bamboo,Mới - chưa có ảnh,1,"a giant woody grass with hollow stems, used as building material and food",cây tre/trúc,bamboo,missing_words_analyzed
banana,Mới - chưa có ảnh,1,a long curved fruit with soft flesh and yellow skin,quả chuối,banana,missing_words_analyzed
bang,Mới - chưa có ảnh,1,to hit or shut something loudly and forcefully,"đập mạnh, đóng sầm",bang,missing_words_analyzed
bankrupt,Mới - chưa có ảnh,1,unable to pay debts owed; financially ruined,phá sản,bankruptcy,missing_words_analyzed
banquet,Mới - chưa có ảnh,1,"a large formal meal for many people, often held to celebrate something","tiệc lớn, dạ tiệc",banquet,missing_words_analyzed
barb,Mới - chưa có ảnh,1,a sharp point that projects backward near the tip of an arrow or hook,"ngạnh (của lưỡi câu, mũi tên)",barber,missing_words_analyzed
barbecue,Mới - chưa có ảnh,1,an outdoor meal or social gathering at which food is cooked over an open fire or grill,"tiệc nướng ngoài trời, món nướng",barbecue,missing_words_analyzed
bargain,Mới - chưa có ảnh,1,"an agreement between parties on the terms of a transaction, or an item bought for less than its usual value","sự mặc cả, thỏa thuận; món hời (mua được giá rẻ)",bargain,missing_words_analyzed
bark,Mới - chưa có ảnh,2,"(of a dog) to make a sharp, loud, explosive sound.",sủa (chó).,"bark, embark",missing_words_analyzed
barley,Mới - chưa có ảnh,1,"a cereal grass cultivated for its grain, used for food, animal feed, and brewing",lúa mạch,barley,missing_words_analyzed
barn,Mới - chưa có ảnh,1,a large farm building used for storing crops or housing livestock,"chuồng trại, nhà kho nông trại",barn,missing_words_analyzed
barnacle,Mới - chưa có ảnh,1,a small marine crustacean that attaches itself permanently to rocks or ship hulls,con hà (loài giáp xác bám vào đá/tàu),barnacle,missing_words_analyzed
baron,Mới - chưa có ảnh,1,a member of the lowest rank of nobility; a powerful businessman in an industry,nam tước; trùm (kinh doanh),baron,missing_words_analyzed
barrel,Mới - chưa có ảnh,1,"a large cylindrical container with a bulging middle, typically made of wood or metal",cái thùng (hình trụ),barrel,missing_words_analyzed
barrier,Mới - chưa có ảnh,1,"An obstacle that prevents movement, progress, or access.",Rào cản.,barrier,missing_words_analyzed
basic,Mới - chưa có ảnh,1,forming an essential foundation; fundamental,cơ bản,basically,missing_words_analyzed
basin,Mới - chưa có ảnh,1,"a round, open container used for holding water; a low-lying area of land drained by a river",chậu rửa; lưu vực (sông),basin,missing_words_analyzed
basis,Mới - chưa có ảnh,1,The underlying foundation or principle on which something is based.,"Cơ sở, nền tảng.",basis,missing_words_analyzed
batch,Mới - chưa có ảnh,1,a quantity of something produced or handled together at one time,"mẻ, lô (sản xuất cùng lúc)",batch,missing_words_analyzed
bate,Mới - chưa có ảnh,1,"to reduce or moderate (archaic, as in 'abate')",giảm bớt (từ cổ),rebate,missing_words_analyzed
baton,Mới - chưa có ảnh,1,"a thin stick, especially one used by a conductor to direct an orchestra or passed between runners in a relay race",gậy chỉ huy; gậy tiếp sức; dùi cui,baton,missing_words_analyzed
batter,Mới - chưa có ảnh,1,"to hit repeatedly with force; a mixture of flour, eggs, and liquid for cooking","đánh liên tục, đập mạnh; bột nhão",battery,missing_words_analyzed
beacon,Mới - chưa có ảnh,1,"a light or fire used as a signal or guide, often on a hill or tower","đèn hiệu, ngọn hải đăng",beacon,missing_words_analyzed
bead,Mới - chưa có ảnh,1,"a small piece of glass, stone, or similar material pierced for threading on a string",hạt (trang sức),bead,missing_words_analyzed
beard,Mới - chưa có ảnh,1,hair that grows on the lower part of a man's face and chin,râu (cằm),beard,missing_words_analyzed
bedroom,Mới - chưa có ảnh,1,a room used for sleeping,phòng ngủ,bedroom,missing_words_analyzed
beforehand,Mới - chưa có ảnh,1,at an earlier time; in advance of a particular time or event,"trước đó, từ trước, sẵn từ trước",beforehand,missing_words_analyzed
behavior,Mới - chưa có ảnh,1,the way in which a person or animal acts,hành vi,behavioral,missing_words_analyzed
bellow,Mới - chưa có ảnh,1,"to shout in a deep, loud voice","gầm, hét lớn",bellow,missing_words_analyzed
beneficial,Mới - chưa có ảnh,1,producing good or helpful results; advantageous,"có lợi, có ích",beneficial,missing_words_analyzed
benefit,Mới - chưa có ảnh,1,an advantage or profit gained from something,lợi ích,benefit,missing_words_analyzed
benign,Mới - chưa có ảnh,1,gentle and kind; (of a disease) not harmful in effect,"hiền lành, tốt bụng; (y học) lành tính",benign,missing_words_analyzed
berry,Mới - chưa có ảnh,3,"a small round fruit with no stone, often edible",quả mọng,"berry, gooseberry, strawberry",missing_words_analyzed
berth,Mới - chưa có ảnh,1,"a fixed bunk on a ship or train, or a place assigned to a ship at a mooring",giường ngủ (trên tàu/xe lửa); chỗ neo đậu tàu,berth,missing_words_analyzed
best,Mới - chưa có ảnh,1,"of the most excellent, effective, or desirable type or quality",tốt nhất,best,missing_words_analyzed
beta,Mới - chưa có ảnh,1,the second letter of the Greek alphabet; also an early test version of a product released before its full public release,chữ cái beta (Hy Lạp); phiên bản thử nghiệm (của phần mềm/sản phẩm),beta,missing_words_analyzed
beyond,Mới - chưa có ảnh,1,on or to the far side of; further than,"vượt quá, xa hơn",beyond,missing_words_analyzed
billboard,Mới - chưa có ảnh,1,a large outdoor board used for displaying advertisements,biển quảng cáo lớn ngoài trời,billboard,missing_words_analyzed
billion,Mới - chưa có ảnh,2,"the number 1,000,000,000",một tỷ,"billionaire, billionth",missing_words_analyzed
biography,Mới - chưa có ảnh,2,an account of someone's life written by another person,tiểu sử,"autobiographical, autobiography",missing_words_analyzed
biology,Mới - chưa có ảnh,1,the scientific study of living organisms,sinh học,biological,missing_words_analyzed
birthday,Mới - chưa có ảnh,1,the anniversary of the day a person was born,sinh nhật,birthday,missing_words_analyzed
birthplace,Mới - chưa có ảnh,1,the place where a person was born,"nơi sinh, quê quán",birthplace,missing_words_analyzed
biscuit,Mới - chưa có ảnh,1,"a small, flat, baked item of food, either crisp and sweet or, in American English, soft and savory",bánh quy (hoặc bánh mì nhỏ mềm kiểu Mỹ),biscuit,missing_words_analyzed
blackmail,Mới - chưa có ảnh,1,the crime of demanding money or a favor from someone by threatening to reveal compromising information about them,sự tống tiền,blackmail,missing_words_analyzed
bladder,Mới - chưa có ảnh,1,the organ in the body in which urine collects before it is discharged,bàng quang,bladder,missing_words_analyzed
blaze,Mới - chưa có ảnh,1,a very large or fiercely burning fire,"đám cháy dữ dội, ngọn lửa lớn",blaze,missing_words_analyzed
blight,Mới - chưa có ảnh,1,"a plant disease, especially one caused by fungi; also anything that damages or spoils something","bệnh (thực vật); tai họa, tác nhân gây hại",blight,missing_words_analyzed
blink,Mới - chưa có ảnh,1,to shut and open the eyes quickly,"chớp mắt, nháy mắt",blink,missing_words_analyzed
blister,Mới - chưa có ảnh,1,"a small bubble on the skin filled with serum, caused by friction or burning",vết phồng rộp (da),blister,missing_words_analyzed
blog,Mới - chưa có ảnh,2,"a regularly updated website or web page, typically run by an individual, written in an informal style","nhật ký trực tuyến, blog","blog, blogger",missing_words_analyzed
bloom,Mới - chưa có ảnh,1,to produce flowers; to flourish or thrive,nở hoa; phát triển rực rỡ,bloom,missing_words_analyzed
blossom,Mới - chưa có ảnh,1,to produce flowers; to develop and flourish,"nở hoa; phát triển, nở rộ",blossom,missing_words_analyzed
blunt,Mới - chưa có ảnh,2,having a dull edge or point; not sharp; also direct and lacking subtlety in speech,"cùn, không sắc; (nghĩa khác) thẳng thắn, bộc trực","blunt, bluntness",missing_words_analyzed
blur,Mới - chưa có ảnh,1,something that cannot be seen clearly; a blurred image,"hình ảnh mờ, vệt mờ",blur,missing_words_analyzed
bob,Mới - chưa có ảnh,1,"to move quickly up and down, especially on or in water","nhấp nhô, bồng bềnh lên xuống",bob,missing_words_analyzed
bolt,Mới - chưa có ảnh,1,to run away suddenly and quickly,"chạy trốn đột ngột, bỏ chạy",bolt,missing_words_analyzed
bonfire,Mới - chưa có ảnh,1,"a large open-air fire, typically lit to burn rubbish or for celebration",đống lửa (ngoài trời),bonfire,missing_words_analyzed
bong,Mới - chưa có ảnh,1,"a deep resonant ringing sound, like that of a large bell",tiếng boong (chuông ngân vang trầm),bong,missing_words_analyzed
boo,Mới - chưa có ảnh,1,used to express disapproval or to startle someone,từ dùng để la ó phản đối hoặc dọa ai đó giật mình,boo,missing_words_analyzed
boom,Mới - chưa có ảnh,1,a period of rapid economic growth or increased popularity,"sự bùng nổ, thời kỳ phát triển mạnh",boom,missing_words_analyzed
booth,Mới - chưa có ảnh,1,"a small enclosed compartment or stall, such as one used for voting or making a phone call","gian hàng, buồng nhỏ (buồng điện thoại, quầy hàng)",booth,missing_words_analyzed
borough,Mới - chưa có ảnh,1,"a town or district that forms an administrative unit, especially in the UK or NYC","quận, khu hành chính (thành phố)",borough,missing_words_analyzed
bottleneck,Mới - chưa có ảnh,1,"a point of congestion or blockage, such as in a road, process, or system","nút thắt cổ chai, điểm nghẽn",bottleneck,missing_words_analyzed
boulder,Mới - chưa có ảnh,1,"a large rock, typically one detached from a larger mass",tảng đá lớn,boulder,missing_words_analyzed
bowel,Mới - chưa có ảnh,1,"the intestine, part of the digestive tract in the lower body",ruột (bộ phận tiêu hóa),bowel,missing_words_analyzed
bra,Mới - chưa có ảnh,1,a woman's undergarment worn to support the breasts,"áo ngực, áo lót phụ nữ",bra,missing_words_analyzed
brace,Mới - chưa có ảnh,1,a device that supports or steadies something; to prepare for something difficult,thanh nẹp; chuẩn bị tinh thần,embrace,missing_words_analyzed
bracket,Mới - chưa có ảnh,1,"a category or group in a classification, or a punctuation mark used in pairs to enclose text","khung, hạng mục (phân loại); dấu ngoặc",bracket,missing_words_analyzed
brake,Mới - chưa có ảnh,1,a device for slowing or stopping a moving vehicle,"cái phanh, cái thắng",brake,missing_words_analyzed
brandy,Mới - chưa có ảnh,1,a strong alcoholic spirit distilled from wine or fermented fruit juice,rượu brandy,brandy,missing_words_analyzed
brass,Mới - chưa có ảnh,1,a yellow alloy of copper and zinc,đồng thau,brass,missing_words_analyzed
brawl,Mới - chưa có ảnh,1,a rough or noisy fight or quarrel,cuộc ẩu đả,brawl,missing_words_analyzed
breach,Mới - chưa có ảnh,1,"an act of breaking or violating a law, agreement, or code of conduct","sự vi phạm (luật, thỏa thuận)",breach,missing_words_analyzed
breathe,Mới - chưa có ảnh,1,to draw air into the lungs and expel it,thở,breathe,missing_words_analyzed
breeze,Mới - chưa có ảnh,1,a gentle wind,làn gió nhẹ,breeze,missing_words_analyzed
brew,Mới - chưa có ảnh,1,"to make beer or tea by soaking, boiling, and fermenting ingredients","pha, ủ (bia, trà)",brew,missing_words_analyzed
brigade,Mới - chưa có ảnh,1,"a large military unit, or an organized group of people working towards a common purpose","lữ đoàn (quân đội); đội, nhóm (người)",brigade,missing_words_analyzed
brilliant,Mới - chưa có ảnh,3,"exceptionally clever or talented; full of light, sparkling.","xuất sắc, tài giỏi; rực rỡ.","brilliance, brilliant, brilliantly",missing_words_analyzed
brim,Mới - chưa có ảnh,1,the edge or rim of a container or of a hat,"miệng (cốc, chén); vành (mũ)",brim,missing_words_analyzed
brink,Mới - chưa có ảnh,1,"the edge of land before a steep slope, or the point at which something is about to happen","bờ vực, ranh giới sắp xảy ra điều gì",brink,missing_words_analyzed
brisk,Mới - chưa có ảnh,1,quick and energetic; lively and no-nonsense in manner,"nhanh nhẹn, dứt khoát, hăng hái",brisk,missing_words_analyzed
brittle,Mới - chưa có ảnh,2,hard but liable to break or shatter easily,"giòn, dễ vỡ","brittle, brittleness",missing_words_analyzed
broccoli,Mới - chưa có ảnh,1,"a green vegetable with a dense cluster of flower buds, eaten as food",cây súp lơ xanh (bông cải xanh),broccoli,missing_words_analyzed
brochure,Mới - chưa có ảnh,1,"a small booklet or pamphlet, often containing advertising material","tờ rơi, sách mỏng quảng cáo",brochure,missing_words_analyzed
broke,Mới - chưa có ảnh,1,(informal) having no money; penniless,"(khẩu ngữ) hết tiền, cháy túi",broke,missing_words_analyzed
broken,Mới - chưa có ảnh,1,damaged and separated into pieces; not working,"bị hỏng, bị vỡ",unbroken,missing_words_analyzed
bronze,Mới - chưa có ảnh,1,"a hard, tough alloy of copper and tin, or an object made of it","đồng thau, hợp kim đồng thiếc",bronze,missing_words_analyzed
brood,Mới - chưa có ảnh,1,to think deeply and anxiously about something that troubles or upsets one,"trầm ngâm lo lắng, suy nghĩ ưu tư",brood,missing_words_analyzed
brook,Mới - chưa có ảnh,1,a small stream,con suối nhỏ,brook,missing_words_analyzed
broth,Mới - chưa có ảnh,1,"a liquid in which meat, fish, or vegetables have been cooked, used as a base for soup","nước dùng, nước luộc (từ thịt, cá, rau)",broth,missing_words_analyzed
brow,Mới - chưa có ảnh,2,"the forehead, or the ridge of hair above the eye (eyebrow)","trán; lông mày, chân mày","brow, eyebrow",missing_words_analyzed
browse,Mới - chưa có ảnh,1,"to look through or explore something casually, such as items for sale or web pages","lướt xem, duyệt (hàng hóa, trang web)",browse,missing_words_analyzed
bruise,Mới - chưa có ảnh,1,to cause a bruise on the skin,làm bầm tím,bruise,missing_words_analyzed
brute,Mới - chưa có ảnh,1,"a violent, cruel, and often stupid person or animal","kẻ hung bạo, thú vật (nghĩa xấu)",brute,missing_words_analyzed
buckle,Mới - chưa có ảnh,1,a metal or plastic clasp used for joining the two ends of a belt or strap,"khóa thắt lưng, khóa cài",buckle,missing_words_analyzed
buff,Mới - chưa có ảnh,2,a person who is very knowledgeable about and enthusiastic for a particular subject or activity,"người say mê, người sành sỏi (về một lĩnh vực)","buff, buffer",missing_words_analyzed
buffalo,Mới - chưa có ảnh,1,"a large wild ox, especially the American bison or the Asian water buffalo","con trâu rừng, con bò rừng (bò bison)",buffalo,missing_words_analyzed
buffet,Mới - chưa có ảnh,1,"to strike repeatedly and violently, especially of wind or waves","vùi dập, xô đẩy dữ dội (bởi gió, sóng)",buffet,missing_words_analyzed
bulb,Mới - chưa có ảnh,1,the glass part of an electric lamp that produces light,bóng đèn,bulb,missing_words_analyzed
bull,Mới - chưa có ảnh,4,an adult male of cattle,bò đực,"bull, bullfight, bullfighting, bullock",missing_words_analyzed
bulldoze,Mới - chưa có ảnh,1,to clear or destroy with a bulldozer; to force through forcefully,ủi phá bằng máy ủi; ép buộc,bulldozer,missing_words_analyzed
bulletin,Mới - chưa có ảnh,1,a short official statement or broadcast giving news or information,"bản tin, thông báo",bulletin,missing_words_analyzed
bully,Mới - chưa có ảnh,1,to intimidate or mistreat someone weaker,"bắt nạt, ức hiếp",bully,missing_words_analyzed
bump,Mới - chưa có ảnh,2,"to knock or collide with something, typically with a jolt","va, đụng vào","bump, bumper",missing_words_analyzed
bundle,Mới - chưa có ảnh,1,to tie or wrap items together into a compact group,"bó lại, gói lại thành một bó",bundle,missing_words_analyzed
bung,Mới - chưa có ảnh,1,a stopper for closing a hole in a container such as a cask,"nút bần, nút chai/thùng",bung,missing_words_analyzed
buoy,Mới - chưa có ảnh,2,a floating marker anchored in water,phao nổi,"buoyancy, buoyant",missing_words_analyzed
bureau,Mới - chưa có ảnh,1,"a government department, or a chest of drawers",cục/phòng ban; tủ ngăn kéo,bureaucratic,missing_words_analyzed
burgeon,Mới - chưa có ảnh,1,to begin to grow or increase rapidly; to flourish,"phát triển nhanh chóng, nảy nở, đâm chồi",burgeon,missing_words_analyzed
bust,Mới - chưa có ảnh,2,"to break something, or (informal) to raid/catch someone doing something illegal","làm vỡ, phá hỏng cái gì đó, hoặc (thông tục) đột kích/bắt giữ ai đó","bust, combustion",missing_words_analyzed
buster,Mới - chưa có ảnh,1,one that breaks or overcomes something (informal),kẻ/thứ phá vỡ (thông tục),blockbuster,missing_words_analyzed
bustle,Mới - chưa có ảnh,1,"to move in a busy, hurried, and energetic manner","di chuyển hối hả, tất bật, nhộn nhịp",bustle,missing_words_analyzed
butane,Mới - chưa có ảnh,1,"a flammable hydrocarbon gas used as fuel, especially in lighters and portable stoves",khí butan,butane,missing_words_analyzed
butler,Mới - chưa có ảnh,1,"the chief male servant of a household, responsible for the wine cellar and dining",quản gia (nam),butler,missing_words_analyzed
butterfly,Mới - chưa có ảnh,1,"a flying insect with large, often colorful wings",con bướm,butterfly,missing_words_analyzed
buttress,Mới - chưa có ảnh,1,"to provide (an argument, position, or institution) with additional support or strength","củng cố, hỗ trợ thêm cho (lập luận, thể chế)",buttress,missing_words_analyzed
buzz,Mới - chưa có ảnh,1,"a continuous humming sound, or a feeling of excitement","tiếng vo ve; cảm giác hào hứng, xôn xao",buzz,missing_words_analyzed
cab,Mới - chưa có ảnh,1,"a taxi, or the enclosed compartment for the driver of a truck, train, or crane","xe taxi, hoặc buồng lái của xe tải/tàu hỏa/cần cẩu",cab,missing_words_analyzed
cabin,Mới - chưa có ảnh,1,"a private room or compartment on a ship or aircraft; also a small simple house, typically made of wood","ca bin, khoang (tàu, máy bay); nhà gỗ nhỏ",cabin,missing_words_analyzed
cactus,Mới - chưa có ảnh,1,"a succulent plant with a thick, fleshy stem, typically bearing spines, native to arid regions",cây xương rồng,cactus,missing_words_analyzed
cadenza,Mới - chưa có ảnh,1,"an elaborate, often improvised solo passage near the end of a piece of music",đoạn độc tấu ngẫu hứng (âm nhạc),cadenza,missing_words_analyzed
cafeteria,Mới - chưa có ảnh,1,"a self-service restaurant, typically one in a workplace, school, or institution","căng tin, nhà ăn tự phục vụ",cafeteria,missing_words_analyzed
cage,Mới - chưa có ảnh,1,a structure of bars or wires used to confine birds or animals,"cái lồng, chuồng",cage,missing_words_analyzed
calcium,Mới - chưa có ảnh,1,"a soft grey chemical element that is essential for living organisms, especially for bones and teeth",canxi,calcium,missing_words_analyzed
calculate,Mới - chưa có ảnh,2,to determine by mathematical process,tính toán,"calculation, calculator",missing_words_analyzed
calculus,Mới - chưa có ảnh,1,a branch of mathematics dealing with rates of change and accumulation of quantities,giải tích (một nhánh của toán học nghiên cứu về sự biến thiên),calculus,missing_words_analyzed
calendar,Mới - chưa có ảnh,1,"a chart or series of pages showing the days, weeks, and months of a particular year.",lịch.,calendar,missing_words_analyzed
calf,Mới - chưa có ảnh,1,"a young cow, or the fleshy back part of the leg below the knee","con bê (bò con), hoặc bắp chân",calf,missing_words_analyzed
calorie,Mới - chưa có ảnh,1,"a unit of energy, especially used to measure the energy value of food",calo (đơn vị năng lượng),calorie,missing_words_analyzed
cam,Mới - chưa có ảnh,1,a rotating or sliding piece in a mechanical device that transmits motion to another part,cam (bộ phận cơ khí truyền chuyển động),cam,missing_words_analyzed
camber,Mới - chưa có ảnh,1,"a slight upward curve in the surface of a road, bridge, or wing","độ vồng/cong nhẹ của mặt đường, cầu hoặc cánh máy bay",camber,missing_words_analyzed
camel,Mới - chưa có ảnh,1,a large desert animal with one or two humps on its back,lạc đà,camel,missing_words_analyzed
candy,Mới - chưa có ảnh,1,"sweet confectionery, especially a sweet made with sugar or chocolate","kẹo, đồ ngọt (làm từ đường hoặc socola)",candy,missing_words_analyzed
cannon,Mới - chưa có ảnh,1,"a large, heavy piece of artillery that fires solid or explosive projectiles","đại bác, súng thần công",cannon,missing_words_analyzed
canoe,Mới - chưa có ảnh,2,"a narrow, lightweight boat pointed at both ends and propelled by paddling","xuồng ca-nô, thuyền hẹp chèo tay","canoe, canoeist",missing_words_analyzed
canopy,Mới - chưa có ảnh,1,"a covering that hangs or spreads over something, especially the uppermost layer of branches in a forest","tán cây, mái che phía trên",canopy,missing_words_analyzed
canyon,Mới - chưa có ảnh,1,"a deep gorge, typically one with a river flowing through it","hẻm núi sâu, thường có sông chảy qua",canyon,missing_words_analyzed
capacity,Mới - chưa có ảnh,1,the maximum amount that something can contain or produce,"sức chứa, năng lực",capacity,missing_words_analyzed
cape,Mới - chưa có ảnh,1,"a sleeveless cloak, or a piece of land that projects into the sea",áo choàng không tay; mũi đất (địa lý),cape,missing_words_analyzed
capillary,Mới - chưa có ảnh,1,one of the very fine branching blood vessels that form a network between the arteries and veins,"mao mạch, mạch máu nhỏ li ti nối giữa động mạch và tĩnh mạch",capillary,missing_words_analyzed
capital,Mới - chưa có ảnh,3,of primary or first importance; relating to punishment by death,quan trọng bậc nhất; (án) tử hình,"capital, capitalism, capitalize",missing_words_analyzed
capsize,Mới - chưa có ảnh,1,(of a boat) to overturn in the water,"lật úp (thuyền, tàu)",capsize,missing_words_analyzed
caption,Mới - chưa có ảnh,1,a title or brief explanation accompanying an image or illustration,"chú thích (ảnh, hình)",caption,missing_words_analyzed
captive,Mới - chưa có ảnh,2,a person or animal kept as a prisoner or confined,tù nhân,"captivate, captivity",missing_words_analyzed
capture,Mới - chưa có ảnh,1,to take someone or something into one's possession or control by force,"bắt giữ, chiếm được",capture,missing_words_analyzed
cardinal,Mới - chưa có ảnh,1,a senior Roman Catholic clergyman ranked just below the Pope; also a red North American songbird,hồng y giáo chủ; (hoặc) chim hồng tước đỏ,cardinal,missing_words_analyzed
cardio,Mới - chưa có ảnh,1,relating to the heart,thuộc về tim,cardiologist,missing_words_analyzed
carpenter,Mới - chưa có ảnh,1,a person who makes and repairs wooden objects and structures,thợ mộc,carpenter,missing_words_analyzed
cart,Mới - chưa có ảnh,1,"a vehicle with wheels, typically pulled by a horse or pushed by hand, used for carrying loads","xe đẩy, xe kéo",cart,missing_words_analyzed
cascade,Mới - chưa có ảnh,1,"a small waterfall, typically one of several forming a series; also a process happening in stages",thác nước nhỏ; (nghĩa khác) chuỗi sự việc nối tiếp,cascade,missing_words_analyzed
catalog,Mới - chưa có ảnh,2,"a complete list of items, typically one published in a book, leaflet, or website","danh mục, ca-ta-lô","catalog, catalogue",missing_words_analyzed
catalyst,Mới - chưa có ảnh,1,a substance that increases the rate of a chemical reaction without itself being changed; a person or event that causes change,chất xúc tác; yếu tố thúc đẩy thay đổi,catalyst,missing_words_analyzed
cataract,Mới - chưa có ảnh,1,a medical condition causing clouding of the eye's lens and blurred vision; also a large waterfall,bệnh đục thủy tinh thể; thác nước lớn,cataract,missing_words_analyzed
catastrophe,Mới - chưa có ảnh,2,a sudden event that causes great damage or suffering,"thảm họa, tai họa lớn","catastrophe, catastrophically",missing_words_analyzed
category,Mới - chưa có ảnh,2,a class of things regarded as having shared characteristics,"hạng mục, phạm trù","categorical, categorize",missing_words_analyzed
catgut,Mới - chưa có ảnh,1,"a strong cord traditionally made from the dried intestines of animals, used for surgical sutures or musical instrument strings","dây ruột (thường làm dây đàn hoặc chỉ khâu phẫu thuật, thực chất không phải từ ruột mèo)",catgut,missing_words_analyzed
cathedral,Mới - chưa có ảnh,1,"the main church of a diocese, containing the bishop's seat","nhà thờ chính tòa, thánh đường lớn",cathedral,missing_words_analyzed
cauldron,Mới - chưa có ảnh,1,a large metal pot used for cooking or boiling over a fire,"vạc, nồi lớn",cauldron,missing_words_analyzed
caution,Mới - chưa có ảnh,2,"care taken to avoid danger or mistakes, or a warning against a risk",sự thận trọng; lời cảnh báo,"caution, precautionary",missing_words_analyzed
cavalry,Mới - chưa có ảnh,1,"soldiers who fight on horseback, historically",kỵ binh,cavalry,missing_words_analyzed
caveat,Mới - chưa có ảnh,1,"a warning or proviso that limits or explains something, often attached to an agreement","lời cảnh báo, điều khoản lưu ý kèm theo (một thỏa thuận, tuyên bố)",caveat,missing_words_analyzed
cede,Mới - chưa có ảnh,2,to give up power or territory,"nhượng lại (quyền lực, lãnh thổ)","concede, procedure",missing_words_analyzed
ceiling,Mới - chưa có ảnh,1,the upper interior surface of a room.,trần nhà.,ceiling,missing_words_analyzed
celebrate,Mới - chưa có ảnh,2,To mark an important event or occasion with enjoyable activities.,"Ăn mừng, kỷ niệm.","celebrate, celebration",missing_words_analyzed
cement,Mới - chưa có ảnh,1,"a powdery substance made from limestone and clay, mixed with water and sand to form concrete or mortar",xi măng,cement,missing_words_analyzed
cemetery,Mới - chưa có ảnh,1,"a burial ground, especially a large one not attached to a church",nghĩa trang,cemetery,missing_words_analyzed
censor,Mới - chưa có ảnh,2,"an official who examines and suppresses material considered obscene, politically unacceptable, or a threat to security","người kiểm duyệt (nội dung sách, phim, thông tin)","censor, censorship",missing_words_analyzed
census,Mới - chưa có ảnh,1,an official count or survey of a population,cuộc điều tra dân số,census,missing_words_analyzed
cent,Mới - chưa có ảnh,3,"A monetary unit equal to one hundredth of a dollar, euro, or similar currency.",Xu (đơn vị tiền tệ bằng 1/100 đô la).,"cent, century, percent",missing_words_analyzed
center,Mới - chưa có ảnh,3,"the middle point of something, or a place devoted to a particular activity.",trung tâm.,"center, concentrate, concentration",missing_words_analyzed
central,Mới - chưa có ảnh,1,relating to or situated at the center; of primary importance,"trung tâm, chính yếu",centralization,missing_words_analyzed
ceramic,Mới - chưa có ảnh,1,made of clay that has been permanently hardened by heat,"làm bằng gốm, thuộc về gốm sứ",ceramic,missing_words_analyzed
cereal,Mới - chưa có ảnh,1,"a grain used for food, or a breakfast food made from processed grain",ngũ cốc; món ăn sáng làm từ ngũ cốc,cereal,missing_words_analyzed
certificate,Mới - chưa có ảnh,1,"an official document certifying a fact, qualification, or achievement","giấy chứng nhận, chứng chỉ",certificate,missing_words_analyzed
certify,Mới - chưa có ảnh,1,"to formally confirm or declare something as true, accurate, or meeting a required standard","chứng nhận, xác nhận",certify,missing_words_analyzed
champagne,Mới - chưa có ảnh,1,"a sparkling white wine associated with celebration, originally from the Champagne region of France",rượu sâm banh (champagne),champagne,missing_words_analyzed
chant,Mới - chưa có ảnh,2,"to say or shout (words or slogans) repeatedly in a rhythmic tone, typically in unison with others","hô vang, hô khẩu hiệu theo nhịp","chant, enchant",missing_words_analyzed
chaos,Mới - chưa có ảnh,2,complete disorder and confusion,sự hỗn loạn,"chaos, chaotic",missing_words_analyzed
chapter,Mới - chưa có ảnh,1,"A main division of a book, usually with its own number or title.",Chương (sách).,chapter,missing_words_analyzed
char,Mới - chưa có ảnh,1,to make (something) black by burning; to scorch,"đốt cháy đen, thui cháy",char,missing_words_analyzed
charcoal,Mới - chưa có ảnh,1,a black porous form of carbon made by burning wood slowly with little air,than củi,charcoal,missing_words_analyzed
chariot,Mới - chưa có ảnh,2,"a two-wheeled vehicle drawn by horses, used in ancient warfare, racing, and processions",cỗ xe ngựa (chiến xa),"chariot, charioteer",missing_words_analyzed
charisma,Mới - chưa có ảnh,1,a compelling attractiveness or charm that inspires devotion in others,"sức lôi cuốn, sự thu hút đặc biệt ở một người",charisma,missing_words_analyzed
charity,Mới - chưa có ảnh,2,"an organization set up to provide help and raise money for people in need, or the giving of such help","tổ chức từ thiện, lòng từ thiện","charitable, charity",missing_words_analyzed
chassis,Mới - chưa có ảnh,1,"the base frame of a vehicle or other structure, onto which the body and components are mounted",khung gầm (xe),chassis,missing_words_analyzed
chauffeur,Mới - chưa có ảnh,1,a person employed to drive a private or hired motor car,tài xế riêng (thuê lái xe),chauffeur,missing_words_analyzed
chef,Mới - chưa có ảnh,1,"a professional cook, especially the chief cook in a restaurant",đầu bếp,chef,missing_words_analyzed
chem,Mới - chưa có ảnh,1,informal short form of 'chemistry' or 'chemical',viết tắt thông tục của “hóa học/hóa chất”,chemist,missing_words_analyzed
chemical,Mới - chưa có ảnh,3,a substance obtained by or used in a chemical process,hóa chất,"biochemical, chemical, chemically",missing_words_analyzed
chemist,Mới - chưa có ảnh,1,"a scientist who studies chemistry, or a pharmacist",nhà hóa học; dược sĩ,chemistry,missing_words_analyzed
cherish,Mới - chưa có ảnh,1,to protect and care for someone or something with love and tenderness; to hold dear,"trân trọng, nâng niu, yêu quý ai/điều gì đó",cherish,missing_words_analyzed
chess,Mới - chưa có ảnh,1,a board game for two players involving the strategic movement of pieces,cờ vua,chess,missing_words_analyzed
chew,Mới - chưa có ảnh,1,to bite and work food repeatedly in the mouth to break it down before swallowing,nhai,chew,missing_words_analyzed
chi,Mới - chưa có ảnh,1,the vital life energy recognized in Chinese philosophy and medicine (also spelled qi); also the 22nd letter of the Greek alphabet,khí (năng lượng sống trong triết học Trung Hoa); cũng là tên chữ cái chi trong bảng chữ cái Hy Lạp,chi,missing_words_analyzed
chick,Mới - chưa có ảnh,1,"a young bird, especially a young chicken","gà con, chim non",chick,missing_words_analyzed
chicken,Mới - chưa có ảnh,1,a domestic fowl kept for its eggs or meat,con gà,chicken,missing_words_analyzed
chill,Mới - chưa có ảnh,2,to make or become cold; (informal) to relax,"làm lạnh, ướp lạnh; (thân mật) thư giãn","chill, chilly",missing_words_analyzed
chimney,Mới - chưa có ảnh,1,a vertical structure that carries smoke away from a fire or furnace,ống khói,chimney,missing_words_analyzed
chimp,Mới - chưa có ảnh,1,"a chimpanzee, a great ape native to Africa",tinh tinh,chimp,missing_words_analyzed
chimpanzee,Mới - chưa có ảnh,1,a large intelligent ape native to the forests of Africa,tinh tinh,chimpanzee,missing_words_analyzed
chin,Mới - chưa có ảnh,1,the lower part of the face below the mouth,cằm,chinstrap,missing_words_analyzed
chlorine,Mới - chưa có ảnh,1,"a chemical element (symbol Cl), a greenish-yellow gas used as a disinfectant",clo (nguyên tố hóa học),chlorinate,missing_words_analyzed
chocolate,Mới - chưa có ảnh,1,"a food made from roasted and ground cacao seeds, typically sweetened",sô-cô-la,chocolate,missing_words_analyzed
choke,Mới - chưa có ảnh,1,to have severe difficulty breathing because something is blocking the throat or windpipe,"nghẹt thở, làm nghẹt",choke,missing_words_analyzed
choler,Mới - chưa có ảnh,1,anger or irritability (archaic term),sự giận dữ (từ cổ),choleric,missing_words_analyzed
cholesterol,Mới - chưa có ảnh,1,a fatty substance found in the blood and body tissues,"cholesterol, một chất béo có trong máu và mô cơ thể",cholesterol,missing_words_analyzed
chore,Mới - chưa có ảnh,1,"a routine task, especially a household one","việc vặt, việc nhà thường ngày",chore,missing_words_analyzed
chortle,Mới - chưa có ảnh,1,"to laugh in a breathy, gleeful way",cười khúc khích thích thú,chortle,missing_words_analyzed
chorus,Mới - chưa có ảnh,1,"a group of singers performing together, or a part of a song repeated after each verse","hợp xướng, dàn đồng ca; hoặc điệp khúc của bài hát",chorus,missing_words_analyzed
chronic,Mới - chưa có ảnh,1,(of an illness or problem) persisting for a long time or constantly recurring,"mãn tính, kéo dài",chronic,missing_words_analyzed
chronology,Mới - chưa có ảnh,1,the arrangement of events in the order they occurred,trình tự thời gian,chronological,missing_words_analyzed
chute,Mới - chưa có ảnh,1,a sloping channel for conveying things; informal short for parachute,máng trượt; (viết tắt của) dù,parachute,missing_words_analyzed
cigar,Mới - chưa có ảnh,1,a roll of tobacco leaves for smoking,xì gà,cigarette,missing_words_analyzed
cinder,Mới - chưa có ảnh,1,"a small piece of partly burned coal, wood, or other material","mẩu than, tro than",cinder,missing_words_analyzed
circa,Mới - chưa có ảnh,1,used before a date or figure to indicate that it is approximate,"khoảng, vào khoảng (dùng trước một mốc thời gian hoặc con số ước lượng)",circa,missing_words_analyzed
circular,Mới - chưa có ảnh,1,having the shape of a circle,hình tròn,semicircular,missing_words_analyzed
circulate,Mới - chưa có ảnh,2,to move or flow continuously through a system,"lưu thông, tuần hoàn","circulation, circulatory",missing_words_analyzed
circus,Mới - chưa có ảnh,1,"a traveling company of performers such as acrobats, clowns, and animals","rạp xiếc, gánh xiếc",circus,missing_words_analyzed
cis,Mới - chưa có ảnh,2,a prefix meaning 'on this side of' (used in chemistry and biology),tiền tố nghĩa “ở phía này”,"concise, decisively",missing_words_analyzed
citrus,Mới - chưa có ảnh,1,"a fruit such as an orange, lemon, or lime, or the tree that produces it","cây/quả có múi (cam, chanh...)",citrus,missing_words_analyzed
civilize,Mới - chưa có ảnh,2,to bring a society out of a primitive state,khai hóa,"civilization, uncivilized",missing_words_analyzed
clam,Mới - chưa có ảnh,1,an edible bivalve mollusk,"con trai, con nghêu",reclamation,missing_words_analyzed
clandestine,Mới - chưa có ảnh,1,"kept secret or done secretively, especially because it is illicit","bí mật, lén lút",clandestine,missing_words_analyzed
clap,Mới - chưa có ảnh,1,"an act of striking the hands together, or a sudden loud sound",tiếng vỗ tay; tiếng nổ lớn (như sấm),clap,missing_words_analyzed
clash,Mới - chưa có ảnh,1,a violent confrontation or strong disagreement between people or ideas,"cuộc xung đột, va chạm, mâu thuẫn",clash,missing_words_analyzed
classify,Mới - chưa có ảnh,1,to arrange into categories,phân loại,classification,missing_words_analyzed
clause,Mới - chưa có ảnh,1,a unit of grammatical organization containing a subject and predicate; a distinct section of a legal document,mệnh đề (ngữ pháp); điều khoản (pháp lý),clause,missing_words_analyzed
claw,Mới - chưa có ảnh,1,"a curved, pointed, horny nail on the foot of a bird or animal",móng vuốt,claw,missing_words_analyzed
clay,Mới - chưa có ảnh,1,"a stiff, sticky, fine-grained earth used for making bricks and pottery",đất sét,clay,missing_words_analyzed
clergy,Mới - chưa có ảnh,1,"religious officials, especially Christian priests or ministers",giới tăng lữ,clergyman,missing_words_analyzed
clerk,Mới - chưa có ảnh,1,"a person employed in an office, shop, or bank to keep records or perform administrative duties","nhân viên văn phòng, thư ký",clerk,missing_words_analyzed
click,Mới - chưa có ảnh,1,"to make a short, sharp sound, or to press and release a button on a computer mouse","nhấp (chuột), phát ra tiếng tách",click,missing_words_analyzed
client,Mới - chưa có ảnh,1,a person or organization using the services of a professional person or company,"khách hàng, thân chủ",client,missing_words_analyzed
cloak,Mới - chưa có ảnh,1,"to cover, conceal, or disguise something","che giấu, ngụy trang điều gì đó",cloak,missing_words_analyzed
clog,Mới - chưa có ảnh,1,"to block or become blocked, obstructing flow","làm tắc nghẽn, bị tắc",clog,missing_words_analyzed
clone,Mới - chưa có ảnh,1,"an organism or cell produced from another and genetically identical to it, or an exact copy","bản sao vô tính (sinh vật), hoặc bản sao giống hệt",clone,missing_words_analyzed
clot,Mới - chưa có ảnh,1,"a thick, semi-solid mass, especially of coagulated blood",cục máu đông,clot,missing_words_analyzed
clover,Mới - chưa có ảnh,1,"a small plant with three-lobed leaves and flowers, often eaten by livestock",cây cỏ ba lá,clover,missing_words_analyzed
clumsy,Mới - chưa có ảnh,1,awkward in movement or in handling things; ungainly,"vụng về, lóng ngóng",clumsy,missing_words_analyzed
cluster,Mới - chưa có ảnh,1,a small group of similar things or people positioned close together,"cụm, nhóm",cluster,missing_words_analyzed
clutch,Mới - chưa có ảnh,1,a device for engaging and disengaging the transmission of a motor vehicle from the engine,"bộ ly hợp, côn (xe)",clutch,missing_words_analyzed
clutter,Mới - chưa có ảnh,1,an untidy collection of things lying about; a state of disorder,"sự bừa bộn, đồ đạc lộn xộn",clutter,missing_words_analyzed
coarse,Mới - chưa có ảnh,1,"rough or loose in texture, or (of a person or manner) crude and lacking refinement","thô, có kết cấu thô ráp; hoặc (cách cư xử) thô lỗ, thiếu tinh tế",coarse,missing_words_analyzed
coax,Mới - chưa có ảnh,1,to persuade someone gently and persistently to do something,"dỗ dành, thuyết phục ai đó một cách nhẹ nhàng và kiên trì",coax,missing_words_analyzed
cobra,Mới - chưa có ảnh,1,a highly venomous snake that can expand the skin of its neck into a hood,rắn hổ mang,cobra,missing_words_analyzed
cock,Mới - chưa có ảnh,2,a male chicken; a rooster,gà trống,"cockpit, cocktail",missing_words_analyzed
cockroach,Mới - chưa có ảnh,1,"a nocturnal, flat-bodied insect that is a common household pest",con gián,cockroach,missing_words_analyzed
cod,Mới - chưa có ảnh,1,a large marine fish widely used as food,cá tuyết,cod,missing_words_analyzed
coerce,Mới - chưa có ảnh,2,to persuade someone to do something using force or threats,"cưỡng ép, ép buộc ai đó (bằng vũ lực hoặc đe dọa)","coerce, coercive",missing_words_analyzed
coffin,Mới - chưa có ảnh,1,a box in which a dead person is buried or cremated,quan tài,coffin,missing_words_analyzed
coherent,Mới - chưa có ảnh,1,logical and consistent; able to be understood clearly,"mạch lạc, có tính logic",coherent,missing_words_analyzed
cohort,Mới - chưa có ảnh,1,"a group of people with a shared characteristic, especially one being studied together","nhóm (người), nhóm đối tượng nghiên cứu",cohort,missing_words_analyzed
coil,Mới - chưa có ảnh,1,to wind into a spiral shape,cuộn lại (thành vòng xoắn),recoil,missing_words_analyzed
collaborate,Mới - chưa có ảnh,1,to work jointly with others,hợp tác,collaboration,missing_words_analyzed
collar,Mới - chưa có ảnh,1,"the part of a garment that fastens around the neck, or a band put around the neck of an animal",cổ áo; hoặc vòng cổ đeo cho động vật,collar,missing_words_analyzed
colleague,Mới - chưa có ảnh,1,"a person one works with, especially in a profession",đồng nghiệp,colleague,missing_words_analyzed
collide,Mới - chưa có ảnh,1,to crash together violently,va chạm,collision,missing_words_analyzed
colon,Mới - chưa có ảnh,2,a punctuation mark (:); also the large intestine,dấu hai chấm; ruột già,"colonization, colonize",missing_words_analyzed
colony,Mới - chưa có ảnh,3,a country or territory under the control of another; a group of settlers,thuộc địa,"colonial, colonist, colonizer",missing_words_analyzed
colossus,Mới - chưa có ảnh,1,a statue or thing of enormous size,"tượng khổng lồ, vật to lớn",colossal,missing_words_analyzed
colt,Mới - chưa có ảnh,1,a young male horse,ngựa con (đực),colt,missing_words_analyzed
comb,Mới - chưa có ảnh,1,a toothed device used to arrange or clean the hair,cái lược,comb,missing_words_analyzed
comer,Mới - chưa có ảnh,1,a person who arrives (as in 'newcomer'),"người đến, người mới đến",newcomer,missing_words_analyzed
comfortable,Mới - chưa có ảnh,1,providing physical ease and relaxation,thoải mái,comfortably,missing_words_analyzed
coming,Mới - chưa có ảnh,2,arriving or approaching (used in compounds like 'homecoming'),"sắp đến, sắp tới","homecoming, shortcoming",missing_words_analyzed
comma,Mới - chưa có ảnh,1,"a punctuation mark (,) used to indicate a pause or separation",dấu phẩy,comma,missing_words_analyzed
commercial,Mới - chưa có ảnh,1,relating to commerce or trade; intended to make a profit,thuộc về thương mại,commercially,missing_words_analyzed
commission,Mới - chưa có ảnh,1,an official instruction or task given to someone; a fee for services,"ủy quyền, giao nhiệm vụ; hoa hồng",decommission,missing_words_analyzed
commodity,Mới - chưa có ảnh,1,"a raw material or primary agricultural product that can be bought and sold, such as oil or wheat","hàng hóa (nguyên liệu, nông sản)",commodity,missing_words_analyzed
commune,Mới - chưa có ảnh,1,a group of people living together sharing possessions; to communicate intimately,công xã; giao cảm thân mật,communal,missing_words_analyzed
communicate,Mới - chưa có ảnh,2,to share or exchange information,giao tiếp,"communication, communicative",missing_words_analyzed
community,Mới - chưa có ảnh,1,a group of people living in the same area or having a particular characteristic in common,cộng đồng,community,missing_words_analyzed
commute,Mới - chưa có ảnh,1,to travel regularly between home and work,đi lại (giữa nhà và nơi làm việc),commuter,missing_words_analyzed
companion,Mới - chưa có ảnh,2,a person or animal that accompanies or spends time with another,"bạn đồng hành, người bạn cùng đi","companion, companionship",missing_words_analyzed
company,Mới - chưa có ảnh,2,"a commercial business, or the state of being with others",công ty; sự bầu bạn,"accompany, company",missing_words_analyzed
compartment,Mới - chưa có ảnh,1,a separate section or part of a structure,"ngăn, khoang",compartmentalize,missing_words_analyzed
compass,Mới - chưa có ảnh,1,"an instrument used for determining direction, with a magnetic needle",la bàn,compass,missing_words_analyzed
compatible,Mới - chưa có ảnh,2,"able to exist, work, or be used together without conflict",có thể tồn tại/hoạt động cùng nhau mà không xung đột; tương thích,"compatible, incompatible",missing_words_analyzed
competent,Mới - chưa có ảnh,1,"having the necessary ability, knowledge, or skill to do something successfully","có năng lực, đủ khả năng",competent,missing_words_analyzed
complacent,Mới - chưa có ảnh,1,showing smug self-satisfaction about one's own achievements,"tự mãn, tự thỏa mãn",complacent,missing_words_analyzed
complex,Mới - chưa có ảnh,2,made up of many interconnected parts; complicated,phức tạp,"complex, complexity",missing_words_analyzed
compose,Mới - chưa có ảnh,1,to write or create a piece of music or writing; to make up the parts of a whole,sáng tác; cấu thành,decompose,missing_words_analyzed
composition,Mới - chưa có ảnh,1,the nature of something's ingredients or parts; a piece of music or writing,thành phần cấu tạo; tác phẩm,decomposition,missing_words_analyzed
compost,Mới - chưa có ảnh,1,decayed organic material used as a fertilizer for growing plants,"phân trộn, phân hữu cơ (ủ từ rác thải)",compost,missing_words_analyzed
compound,Mới - chưa có ảnh,1,a thing composed of two or more separate elements or substances combined together,"hợp chất, hỗn hợp",compound,missing_words_analyzed
comprise,Mới - chưa có ảnh,1,to consist of or be made up of,"bao gồm, gồm có",comprise,missing_words_analyzed
compulsion,Mới - chưa có ảnh,1,"an irresistible urge to do something, often against one's conscious wishes",sự thôi thúc không thể cưỡng lại để làm điều gì đó,compulsion,missing_words_analyzed
compulsory,Mới - chưa có ảnh,1,required by law or a rule; obligatory,bắt buộc,compulsory,missing_words_analyzed
con,Mới - chưa có ảnh,1,to persuade someone to believe or accept something false; to swindle,lừa gạt,con,missing_words_analyzed
concede,Mới - chưa có ảnh,1,to admit that something is true after first denying it; to yield,thừa nhận (miễn cưỡng); nhượng bộ,concession,missing_words_analyzed
concept,Mới - chưa có ảnh,5,an abstract idea or general notion,khái niệm,"concept, conception, conceptual, conceptualize, conceptually",missing_words_analyzed
conception,Mới - chưa có ảnh,1,the forming of an idea; the fertilization of an egg,sự hình thành ý tưởng; sự thụ thai,misconception,missing_words_analyzed
conclude,Mới - chưa có ảnh,2,"to bring something to an end, or to decide something after reasoning","kết luận, kết thúc","conclude, conclusive",missing_words_analyzed
conclusion,Mới - chưa có ảnh,1,"the end or final part of something, especially a judgment reached by reasoning",kết luận,conclusion,missing_words_analyzed
concur,Mới - chưa có ảnh,1,to agree with an opinion,"đồng ý, nhất trí",concurrently,missing_words_analyzed
conduce,Mới - chưa có ảnh,1,to lead to a particular result,"dẫn đến, góp phần tạo ra (kết quả)",conducive,missing_words_analyzed
conduct,Mới - chưa có ảnh,4,"the way a person behaves, especially in a particular situation","hành vi, tác phong, cách cư xử","conduct, conductivity, conductor, misconduct",missing_words_analyzed
cone,Mới - chưa có ảnh,1,a solid or hollow shape with a flat circular base tapering to a point,"hình nón, cái phễu",cone,missing_words_analyzed
confection,Mới - chưa có ảnh,1,"a sweet food item, such as candy","đồ ngọt, kẹo bánh",confectionery,missing_words_analyzed
conference,Mới - chưa có ảnh,1,a formal meeting for discussion,"hội nghị, hội thảo",conferencing,missing_words_analyzed
confidence,Mới - chưa có ảnh,1,a feeling of self-assurance arising from an appreciation of one's own abilities,sự tự tin,confidence,missing_words_analyzed
confident,Mới - chưa có ảnh,2,feeling or showing certainty about something,tự tin,"confidential, confidently",missing_words_analyzed
configure,Mới - chưa có ảnh,1,to arrange the parts or settings of something,"cấu hình, sắp đặt",reconfigure,missing_words_analyzed
confirm,Mới - chưa có ảnh,1,to establish the truth or correctness of something,xác nhận,confirmation,missing_words_analyzed
conflict,Mới - chưa có ảnh,1,a serious disagreement or clash between people or ideas,"xung đột, mâu thuẫn",conflict,missing_words_analyzed
congestion,Mới - chưa có ảnh,1,"overcrowding, especially of traffic or people, causing blockage or difficulty moving",sự tắc nghẽn,congestion,missing_words_analyzed
consensus,Mới - chưa có ảnh,2,general agreement among all members of a group,"sự đồng thuận, sự nhất trí","consensual, consensus",missing_words_analyzed
consequent,Mới - chưa có ảnh,1,following as a result or effect,là hệ quả,consequently,missing_words_analyzed
conserve,Mới - chưa có ảnh,2,to protect from harm or loss; preserve,"bảo tồn, gìn giữ","conservation, conservator",missing_words_analyzed
consist,Mới - chưa có ảnh,2,to be composed or made up of,"bao gồm, cấu thành từ","consistent, consistently",missing_words_analyzed
consistent,Mới - chưa có ảnh,2,unchanging over time; in agreement,"nhất quán, ổn định","consistency, inconsistent",missing_words_analyzed
console,Mới - chưa có ảnh,1,"a panel or cabinet housing the controls of an electronic device, or a small table set against a wall",bảng điều khiển; tủ/bàn console,console,missing_words_analyzed
construct,Mới - chưa có ảnh,3,to build; something built or formed,xây dựng; công trình,"construction, constructive, reconstruction",missing_words_analyzed
consume,Mới - chưa có ảnh,3,"to eat, drink, or use up a resource","tiêu thụ, sử dụng","consume, consumer, consumption",missing_words_analyzed
consummate,Mới - chưa có ảnh,1,to make a marriage or relationship complete by having sexual intercourse; to complete or achieve fully,"hoàn tất, thực hiện trọn vẹn (một cuộc hôn nhân, thỏa thuận); hoàn thành đầy đủ",consummate,missing_words_analyzed
contact,Mới - chưa có ảnh,1,"communication between people, or the state of touching","sự liên lạc, sự tiếp xúc",contact,missing_words_analyzed
contain,Mới - chưa có ảnh,2,to have something inside itself; to hold,"chứa, chứa đựng","contain, container",missing_words_analyzed
contaminate,Mới - chưa có ảnh,2,to make something impure by exposure to a poisonous or polluting substance,"làm ô nhiễm, làm nhiễm bẩn","contaminate, contamination",missing_words_analyzed
contest,Mới - chưa có ảnh,1,a competition; to dispute or challenge,cuộc thi; tranh chấp,uncontested,missing_words_analyzed
contiguity,Mới - chưa có ảnh,1,the state of being in contact or adjacent to something,"tính liền kề, sự tiếp giáp",contiguity,missing_words_analyzed
continent,Mới - chưa có ảnh,3,"one of the world's main continuous expanses of land, such as Africa, Asia, or Europe","lục địa, châu lục","continent, continental, subcontinent",missing_words_analyzed
contingent,Mới - chưa có ảnh,1,dependent on certain circumstances,phụ thuộc vào điều kiện khác,contingency,missing_words_analyzed
contradict,Mới - chưa có ảnh,1,to deny the truth of a statement by asserting the opposite; to be inconsistent with,"mâu thuẫn, phủ nhận, trái ngược",contradict,missing_words_analyzed
contrary,Mới - chưa có ảnh,1,"opposite in nature, direction, or meaning","trái ngược, ngược lại",contrary,missing_words_analyzed
contrast,Mới - chưa có ảnh,1,a clear difference seen when two or more things are compared,sự tương phản,contrast,missing_words_analyzed
contribute,Mới - chưa có ảnh,2,"to give something, especially money or help, together with others",đóng góp,"contribution, contributor",missing_words_analyzed
controversy,Mới - chưa có ảnh,1,a prolonged public disagreement or heated discussion,"tranh cãi, tranh luận gay gắt",controversial,missing_words_analyzed
conundrum,Mới - chưa có ảnh,1,a confusing and difficult problem or question,"câu đố hóc búa, vấn đề nan giải",conundrum,missing_words_analyzed
converse,Mới - chưa có ảnh,2,to engage in conversation; opposite in nature,trò chuyện; trái ngược,"conversation, conversational",missing_words_analyzed
coo,Mới - chưa có ảnh,1,"to make a soft, low murmuring sound, as a dove does, or to speak in a soft, affectionate voice",gù (như chim bồ câu); nói khẽ âu yếm,coo,missing_words_analyzed
coordinate,Mới - chưa có ảnh,1,to organize different elements to work together effectively,"phối hợp, điều phối",coordination,missing_words_analyzed
cop,Mới - chưa có ảnh,1,a police officer (informal),cảnh sát (cách nói thân mật),cop,missing_words_analyzed
copyright,Mới - chưa có ảnh,1,"the exclusive legal right to reproduce, publish, or sell a literary, artistic, or musical work","bản quyền, quyền tác giả",copyright,missing_words_analyzed
cord,Mới - chưa có ảnh,1,a length of thin flexible material made from twisted strands,"dây, sợi dây (bện)",discord,missing_words_analyzed
corn,Mới - chưa có ảnh,1,a cereal plant that yields large grains,"ngô, bắp",popcorn,missing_words_analyzed
corollary,Mới - chưa có ảnh,1,a proposition that follows naturally from one already proved; a direct consequence,hệ quả tất yếu,corollary,missing_words_analyzed
corporate,Mới - chưa có ảnh,1,relating to a large company or group of companies,"thuộc về công ty, tập đoàn",corporate,missing_words_analyzed
corporation,Mới - chưa có ảnh,1,a large company or group of companies authorized to act as a single legal entity,"công ty, tập đoàn (pháp nhân)",corporation,missing_words_analyzed
corpse,Mới - chưa có ảnh,1,"a dead body, especially of a human being","xác chết, tử thi",corpse,missing_words_analyzed
corridor,Mới - chưa có ảnh,1,a long passage in a building from which doors lead into rooms,hành lang,corridor,missing_words_analyzed
corrode,Mới - chưa có ảnh,1,"(of metal) to be gradually destroyed by chemical action, such as oxidation; to gradually weaken or damage","(kim loại) bị ăn mòn dần; hoặc làm suy yếu, phá hủy dần dần",corrode,missing_words_analyzed
cortex,Mới - chưa có ảnh,1,"the outer layer of an organ, especially the brain","vỏ (não), lớp vỏ ngoài của cơ quan",cortex,missing_words_analyzed
cosmetic,Mới - chưa có ảnh,2,"relating to treatments intended to enhance a person's appearance, especially the face","(thuộc) thẩm mỹ, làm đẹp","cosmetic, cosmetically",missing_words_analyzed
couch,Mới - chưa có ảnh,1,to express something in a particular style or form of words,"diễn đạt, thể hiện (bằng ngôn từ đặc biệt)",couch,missing_words_analyzed
cough,Mới - chưa có ảnh,1,To expel air from the lungs suddenly and with a harsh sound.,Ho.,cough,missing_words_analyzed
council,Mới - chưa có ảnh,1,"a group of people elected or appointed to make decisions, give advice, or govern",hội đồng,council,missing_words_analyzed
countenance,Mới - chưa có ảnh,1,a person's face or facial expression,"vẻ mặt, dung mạo",countenance,missing_words_analyzed
county,Mới - chưa có ảnh,1,a geographical and administrative division within a country or state,quận/hạt (đơn vị hành chính trong một tiểu bang hoặc quốc gia),county,missing_words_analyzed
courtyard,Mới - chưa có ảnh,1,an open area enclosed by walls or buildings,sân trong (được bao quanh bởi tường hoặc nhà),courtyard,missing_words_analyzed
cove,Mới - chưa có ảnh,1,a small sheltered bay or inlet on a coastline,"vịnh nhỏ, eo biển nhỏ",cove,missing_words_analyzed
covet,Mới - chưa có ảnh,1,"to yearn to possess or have something, especially something belonging to another","thèm muốn, ham muốn (đặc biệt là thứ thuộc về người khác)",covet,missing_words_analyzed
cox,Mới - chưa có ảnh,1,the person who steers a rowing boat and directs its crew (short for coxswain),người lái thuyền đua (coxswain),cox,missing_words_analyzed
coxswain,Mới - chưa có ảnh,1,a person who steers a rowing boat and directs its crew,người lái thuyền đua (hoa tiêu thuyền chèo),coxswain,missing_words_analyzed
coyote,Mới - chưa có ảnh,1,a wolflike wild dog native to North America,"chó sói đồng cỏ (coyote), loài chó hoang bản địa Bắc Mỹ",coyote,missing_words_analyzed
crab,Mới - chưa có ảnh,1,"a crustacean with a broad shell, a small abdomen, and pincers",con cua,crab,missing_words_analyzed
cradle,Mới - chưa có ảnh,1,"a small bed for a baby, typically one that can be rocked; also the place where something originates",cái nôi (giường nhỏ cho em bé); cũng chỉ nơi khởi nguồn của điều gì đó,cradle,missing_words_analyzed
cram,Mới - chưa có ảnh,1,"to force a large amount of something into a limited space, or to study intensively in a short time before an exam","nhồi nhét (vào một không gian nhỏ); hoặc học dồn, học nhồi nhét trước kỳ thi",cram,missing_words_analyzed
crane,Mới - chưa có ảnh,1,"a large machine used for lifting and moving heavy objects, or a large long-legged wading bird",cần cẩu; (nghĩa khác) con sếu (loài chim),crane,missing_words_analyzed
crater,Mới - chưa có ảnh,1,"a large bowl-shaped depression in the ground, especially one caused by an explosion, impact, or volcano",miệng núi lửa; hố (do va chạm hoặc nổ),crater,missing_words_analyzed
crave,Mới - chưa có ảnh,2,to have a powerful desire for something,"thèm muốn, khao khát","crave, craving",missing_words_analyzed
craze,Mới - chưa có ảnh,1,a fashion or fad that is extremely popular for a short period,"cơn sốt, mốt nhất thời",craze,missing_words_analyzed
creak,Mới - chưa có ảnh,1,"to make a harsh, high-pitched sound when moved or when pressure is applied",kêu cọt kẹt (âm thanh khi di chuyển hoặc chịu áp lực),creak,missing_words_analyzed
creative,Mới - chưa có ảnh,1,having the ability to create original ideas or things,sáng tạo,creativity,missing_words_analyzed
credible,Mới - chưa có ảnh,1,capable of being believed; convincing,"đáng tin, có thể tin được",credibility,missing_words_analyzed
crescent,Mới - chưa có ảnh,1,"the curved shape of the moon in its first or last quarter; a curved, moon-like shape","hình lưỡi liềm, mảnh trăng lưỡi liềm",crescent,missing_words_analyzed
crest,Mới - chưa có ảnh,1,"a comb or tuft of feathers, fur, or skin on the head of a bird or animal; the top of a wave, hill, or ridge","mào (chim); đỉnh (sóng, đồi)",crest,missing_words_analyzed
crevasse,Mới - chưa có ảnh,1,"a deep open crack, especially one in a glacier","khe nứt sâu, đặc biệt trên sông băng",crevasse,missing_words_analyzed
cricket,Mới - chưa có ảnh,1,an outdoor game played between two teams of eleven players using bats and a ball,môn cricket (crickê),cricket,missing_words_analyzed
crime,Mới - chưa có ảnh,1,an illegal act punishable by law,tội phạm,crime,missing_words_analyzed
crinkle,Mới - chưa có ảnh,1,to become or make something wrinkled or creased,"làm nhăn, nhăn lại",crinkle,missing_words_analyzed
crisp,Mới - chưa có ảnh,1,"pleasantly firm, dry, and brittle",giòn,crisp,missing_words_analyzed
criterion,Mới - chưa có ảnh,1,a principle or standard by which something may be judged or decided,tiêu chí,criterion,missing_words_analyzed
crook,Mới - chưa có ảnh,1,"a criminal or dishonest person, or a bent or curved part of something","kẻ lừa đảo, tội phạm; hoặc chỗ uốn cong của vật gì đó",crook,missing_words_analyzed
croup,Mới - chưa có ảnh,1,a childhood respiratory illness marked by a harsh cough and difficulty breathing,bệnh viêm thanh khí phế quản (ở trẻ em),croup,missing_words_analyzed
crow,Mới - chưa có ảnh,2,a large black bird with a harsh call,con quạ,"crow, crowbar",missing_words_analyzed
crumble,Mới - chưa có ảnh,1,"a baked dessert of stewed fruit topped with a crumbly mixture of flour, butter and sugar (British)",món tráng miệng trái cây phủ lớp bột giòn (kiểu Anh),crumble,missing_words_analyzed
crumple,Mới - chưa có ảnh,1,"to crush (something, especially paper or cloth) into an untidy compact mass","vò nhàu, làm nhăn nhúm",crumple,missing_words_analyzed
crunch,Mới - chưa có ảnh,1,to crush noisily with the teeth; a critical situation,nhai giòn; tình huống căng thẳng,crunchy,missing_words_analyzed
crust,Mới - chưa có ảnh,1,the outer hard layer of bread or of the earth,"lớp vỏ cứng (bánh mì, trái đất)",crustacean,missing_words_analyzed
crutch,Mới - chưa có ảnh,1,"a long stick with a support for the armpit, used as an aid in walking.",cái nạng.,crutch,missing_words_analyzed
cub,Mới - chưa có ảnh,2,the young of certain mammals such as bears or lions,"con non (của gấu, sư tử...)","incubate, incubation",missing_words_analyzed
cube,Mới - chưa có ảnh,3,a three-dimensional shape having six equal square faces,"hình lập phương, khối lập phương","cube, cubic, cubicle",missing_words_analyzed
cuddle,Mới - chưa có ảnh,2,"to hold someone close in a tender, affectionate way",ôm ấp âu yếm ai đó,"cuddle, cuddly",missing_words_analyzed
cuisine,Mới - chưa có ảnh,1,"a style or method of cooking, especially associated with a country or region",phong cách/nền ẩm thực của một vùng hay quốc gia,cuisine,missing_words_analyzed
culinary,Mới - chưa có ảnh,1,relating to cooking or the kitchen,"thuộc về nấu ăn, ẩm thực",culinary,missing_words_analyzed
culpable,Mới - chưa có ảnh,1,deserving blame,"đáng trách, có lỗi",culpability,missing_words_analyzed
culprit,Mới - chưa có ảnh,1,a person who is responsible for a crime or wrongdoing,thủ phạm,culprit,missing_words_analyzed
cultivate,Mới - chưa có ảnh,3,to prepare and use land for growing crops; to try to acquire or develop a skill or quality.,"canh tác, trồng trọt; trau dồi, phát triển (kỹ năng).","cultivate, cultivation, cultivator",missing_words_analyzed
cunning,Mới - chưa có ảnh,1,having or showing skill in achieving one's ends through deceit or evasion,"xảo quyệt, ranh mãnh",cunning,missing_words_analyzed
cur,Mới - chưa có ảnh,4,a mongrel or worthless dog (archaic term),con chó tạp chủng (từ cổ),"concur, occurrence, recur, recurrence",missing_words_analyzed
curb,Mới - chưa có ảnh,1,"to control or restrict something, especially something undesirable","kiềm chế, hạn chế",curb,missing_words_analyzed
curd,Mới - chưa có ảnh,1,the substance formed when milk coagulates,"sữa đông, phô mai tươi",curdle,missing_words_analyzed
curl,Mới - chưa có ảnh,1,"a coil or spiral shape, especially of hair","lọn tóc xoăn, hình xoắn ốc",curl,missing_words_analyzed
currency,Mới - chưa có ảnh,1,a system of money used in a particular country,tiền tệ,currency,missing_words_analyzed
curriculum,Mới - chưa có ảnh,1,the subjects and content taught in a school or course,chương trình học,curriculum,missing_words_analyzed
curs,Mới - chưa có ảnh,2,plural of 'cur'; mongrel or worthless dogs,những con chó tạp chủng,"excursion, precursor",missing_words_analyzed
curtain,Mới - chưa có ảnh,1,a piece of fabric hung to cover a window or divide a space,tấm rèm cửa,curtain,missing_words_analyzed
cushion,Mới - chưa có ảnh,1,"a soft bag filled with padding, used for sitting, resting on, or as decoration","cái đệm, gối tựa",cushion,missing_words_analyzed
cuss,Mới - chưa có ảnh,1,to swear or curse (informal),chửi thề (thông tục),discuss,missing_words_analyzed
custard,Mới - chưa có ảnh,1,"a sweet dessert or sauce made from eggs, milk, and sugar",kem trứng sữa (custard),custard,missing_words_analyzed
cylinder,Mới - chưa có ảnh,1,a solid or hollow geometric shape with straight parallel sides and a circular or oval cross-section,hình trụ,cylinder,missing_words_analyzed
dam,Mới - chưa có ảnh,1,"a barrier constructed to hold back water and raise its level, forming a reservoir",đập nước,dam,missing_words_analyzed
damn,Mới - chưa có ảnh,1,"to criticize severely, or (in religious use) to condemn to eternal punishment",lên án gay gắt; (tôn giáo) đày xuống địa ngục,damn,missing_words_analyzed
damp,Mới - chưa có ảnh,2,slightly wet; moist,"ẩm, ẩm ướt","damp, dampness",missing_words_analyzed
dart,Mới - chưa có ảnh,1,to move suddenly and quickly in a specified direction,"lao đi nhanh, phóng vụt đi",dart,missing_words_analyzed
dash,Mới - chưa có ảnh,1,to run or travel somewhere in a great hurry,"lao đi, chạy vội",dash,missing_words_analyzed
data,Mới - chưa có ảnh,2,facts and statistics collected together for reference or analysis,dữ liệu,"data, database",missing_words_analyzed
dawn,Mới - chưa có ảnh,1,the first appearance of light in the sky before sunrise,"bình minh, rạng đông",dawn,missing_words_analyzed
dazzle,Mới - chưa có ảnh,1,"to impress greatly, or to blind briefly with excessive light","làm lóa mắt; làm choáng ngợp, gây ấn tượng mạnh",dazzle,missing_words_analyzed
deadwood,Mới - chưa có ảnh,1,"dead branches or trees; figuratively, people or things that are no longer useful","gỗ chết, cành khô; (nghĩa bóng) người/vật không còn hữu ích",deadwood,missing_words_analyzed
deaf,Mới - chưa có ảnh,3,"lacking the power of hearing, wholly or partly","điếc, mất khả năng nghe (toàn phần hoặc một phần)","deaf, deafen, deafness",missing_words_analyzed
debris,Mới - chưa có ảnh,1,scattered fragments of something destroyed or discarded,"mảnh vỡ, đống đổ nát",debris,missing_words_analyzed
decade,Mới - chưa có ảnh,1,a period of ten years,thập kỷ,decade,missing_words_analyzed
deceit,Mới - chưa có ảnh,1,the action of deceiving someone,sự lừa dối,deceitful,missing_words_analyzed
deceptive,Mới - chưa có ảnh,1,giving an appearance different from the true one; misleading,"gây hiểu lầm, lừa dối",deceptively,missing_words_analyzed
decision,Mới - chưa có ảnh,2,a conclusion or resolution reached after consideration,quyết định,"decision, indecision",missing_words_analyzed
decline,Mới - chưa có ảnh,1,"to become smaller, weaker, or worse; also, to politely refuse",suy giảm; từ chối,decline,missing_words_analyzed
decorate,Mới - chưa có ảnh,3,to make something look more attractive by adding ornaments,trang trí,"decoration, decorative, redecorate",missing_words_analyzed
decoy,Mới - chưa có ảnh,1,"something used to lure or mislead a person or animal, such as an artificial bird used to attract game",mồi nhử,decoy,missing_words_analyzed
decrease,Mới - chưa có ảnh,1,"to become or make smaller or fewer in size, amount, or degree","giảm, giảm bớt",decrease,missing_words_analyzed
decree,Mới - chưa có ảnh,1,an official order issued by a legal or religious authority,"sắc lệnh, nghị định",decree,missing_words_analyzed
deem,Mới - chưa có ảnh,2,to regard or consider something in a specified way,"coi là, cho là","deem, redeem",missing_words_analyzed
deer,Mới - chưa có ảnh,1,"a hoofed grazing mammal, the male of which usually has antlers",con hươu/nai,deer,missing_words_analyzed
defect,Mới - chưa có ảnh,1,a shortcoming or imperfection; to abandon one's cause,"khuyết điểm, lỗi; đào tẩu",defective,missing_words_analyzed
defense,Mới - chưa có ảnh,2,"the action of resisting attack, or a means of protecting against something","sự phòng thủ, sự bảo vệ chống lại điều gì đó","defense, defensive",missing_words_analyzed
deficit,Mới - chưa có ảnh,1,"the amount by which something, especially a sum of money, is too small; a shortfall","sự thâm hụt, thiếu hụt (ngân sách)",deficit,missing_words_analyzed
definite,Mới - chưa có ảnh,2,clearly stated or decided; not vague,"rõ ràng, chắc chắn","definitely, indefinitely",missing_words_analyzed
degree,Mới - chưa có ảnh,1,"a unit of measurement, a level or extent, or an academic qualification",mức độ; bằng cấp; độ,degree,missing_words_analyzed
delectable,Mới - chưa có ảnh,1,(especially of food) delicious; highly enjoyable,"ngon miệng, thơm ngon; rất thú vị",delectable,missing_words_analyzed
delicate,Mới - chưa có ảnh,1,very fine in texture or structure; easily broken or damaged; requiring careful handling.,"mỏng manh, tinh tế, dễ vỡ.",delicate,missing_words_analyzed
delinquent,Mới - chưa có ảnh,1,"failing to fulfill an obligation, especially payment; a young offender","phạm pháp, chậm trễ nghĩa vụ",delinquency,missing_words_analyzed
deluge,Mới - chưa có ảnh,1,a severe flood; an overwhelming quantity of something arriving at once,"trận lụt lớn; sự tràn ngập, dồn dập",deluge,missing_words_analyzed
delve,Mới - chưa có ảnh,1,to search or investigate a subject or place thoroughly and in depth,"đào sâu tìm hiểu, nghiên cứu kỹ",delve,missing_words_analyzed
demand,Mới - chưa có ảnh,1,a firm request for something; the desire of buyers for goods or services,"nhu cầu, yêu cầu",demand,missing_words_analyzed
demo,Mới - chưa có ảnh,2,"a demonstration, especially of how a product works",buổi trình diễn/thử nghiệm (sản phẩm),"demo, democracy",missing_words_analyzed
demolition,Mới - chưa có ảnh,1,the action of pulling down or destroying a building or other structure,"sự phá dỡ, sự đập bỏ (công trình, tòa nhà)",demolition,missing_words_analyzed
demonstrate,Mới - chưa có ảnh,2,to clearly show the existence or truth of something,chứng minh,"demonstrably, demonstrative",missing_words_analyzed
den,Mới - chưa có ảnh,1,the lair or shelter of a wild animal,"hang, ổ (của thú hoang)",den,missing_words_analyzed
denigrate,Mới - chưa có ảnh,1,to criticize someone or something unfairly; to disparage,"hạ thấp, bôi nhọ, chê bai (ai/điều gì đó một cách bất công)",denigrate,missing_words_analyzed
dent,Mới - chưa có ảnh,2,a slight depression in a surface made by a blow or pressure,"vết lõm, vết móp","dent, dentist",missing_words_analyzed
depend,Mới - chưa có ảnh,6+,"to be controlled or determined by, or to rely on, someone or something",phụ thuộc vào,"depend, dependably, dependency, dependent, independently, interdependence",missing_words_analyzed
dependence,Mới - chưa có ảnh,1,the state of relying on someone or something,sự phụ thuộc,independence,missing_words_analyzed
dependent,Mới - chưa có ảnh,2,relying on someone or something else for support,phụ thuộc,"independent, interdependent",missing_words_analyzed
depict,Mới - chưa có ảnh,1,to represent or show in a picture or words,"miêu tả, khắc họa",depiction,missing_words_analyzed
deplete,Mới - chưa có ảnh,1,to use up the supply of something,làm cạn kiệt,depletion,missing_words_analyzed
deserve,Mới - chưa có ảnh,1,to be worthy of or entitled to something,xứng đáng với,undeserving,missing_words_analyzed
dessert,Mới - chưa có ảnh,1,the sweet course eaten at the end of a meal,món tráng miệng,dessert,missing_words_analyzed
destine,Mới - chưa có ảnh,2,"to predetermine someone or something for a particular outcome, as if by fate",định sẵn (theo số phận),"destination, destine",missing_words_analyzed
destitution,Mới - chưa có ảnh,1,the state of being extremely poor and lacking the means to provide for oneself,"cảnh cùng khổ, bần cùng, thiếu thốn cực độ",destitution,missing_words_analyzed
destruct,Mới - chưa có ảnh,1,to destroy (usually in 'self-destruct'),phá hủy,destruction,missing_words_analyzed
deter,Mới - chưa có ảnh,3,"to discourage someone from doing something, typically by instilling doubt or fear of consequences","ngăn cản, răn đe","deter, deterrence, deterrent",missing_words_analyzed
detriment,Mới - chưa có ảnh,1,damage or harm,"tổn hại, bất lợi",detrimental,missing_words_analyzed
devout,Mới - chưa có ảnh,1,having deep religious feeling,"sùng đạo, mộ đạo",devoutly,missing_words_analyzed
diabetes,Mới - chưa có ảnh,1,a chronic disease in which the body cannot properly regulate blood sugar levels,bệnh tiểu đường,diabetes,missing_words_analyzed
diagnose,Mới - chưa có ảnh,2,to identify the nature of an illness or problem by examining its symptoms,chẩn đoán,"diagnose, misdiagnose",missing_words_analyzed
dial,Mới - chưa có ảnh,1,"a circular device with a numbered or graduated edge, such as the face of a clock or a control on a machine","mặt số, núm vặn (đồng hồ, máy móc)",dial,missing_words_analyzed
dialogue,Mới - chưa có ảnh,1,"a conversation between two or more people, or the lines spoken by characters","cuộc đối thoại, lời thoại",dialogue,missing_words_analyzed
diaper,Mới - chưa có ảnh,1,a piece of absorbent material wrapped around a baby's bottom to absorb waste (American English),"tã lót (dùng cho trẻ sơ sinh, tiếng Anh Mỹ)",diaper,missing_words_analyzed
diary,Mới - chưa có ảnh,1,a book in which one keeps a daily record of events or thoughts,nhật ký,diary,missing_words_analyzed
dicky,Mới - chưa có ảnh,1,"(British informal) unsound, shaky, or unreliable, especially referring to health or a body part","(Anh, khẩu ngữ) không ổn định, yếu, dễ trục trặc (thường nói về sức khỏe, bộ phận cơ thể)",dicky,missing_words_analyzed
dictator,Mới - chưa có ảnh,1,"a ruler with total power, typically obtained by force",nhà độc tài,dictatorial,missing_words_analyzed
diction,Mới - chưa có ảnh,1,the choice and use of words in speech or writing,cách dùng từ,dictionary,missing_words_analyzed
diesel,Mới - chưa có ảnh,1,"a type of fuel used in internal combustion engines, or an engine that uses it",dầu diesel; động cơ diesel,diesel,missing_words_analyzed
different,Mới - chưa có ảnh,4,not the same as another,khác nhau,"differentiate, indifference, indifferent, indifferently",missing_words_analyzed
differentiate,Mới - chưa có ảnh,1,to recognize or distinguish differences between things,phân biệt,differentiation,missing_words_analyzed
digest,Mới - chưa có ảnh,2,to break down food in the stomach; to absorb and understand information,tiêu hóa; hiểu rõ thông tin,"digestion, digestive",missing_words_analyzed
digit,Mới - chưa có ảnh,3,"any of the numerals from 0 to 9, or a finger or toe",chữ số (từ 0 đến 9); hoặc ngón tay/ngón chân,"digit, digital, digitally",missing_words_analyzed
dilemma,Mới - chưa có ảnh,1,a situation requiring a difficult choice between two or more undesirable options,"tình thế khó xử, tiến thoái lưỡng nan",dilemma,missing_words_analyzed
diligent,Mới - chưa có ảnh,1,showing care and effort in one's work,"siêng năng, chăm chỉ",diligence,missing_words_analyzed
dilute,Mới - chưa có ảnh,2,to make a liquid thinner or weaker by adding water or another solvent,pha loãng,"dilute, undiluted",missing_words_analyzed
dim,Mới - chưa có ảnh,1,not bright or clearly lit; faint,"mờ, tối lờ mờ",dim,missing_words_analyzed
din,Mới - chưa có ảnh,1,"a loud, unpleasant, and prolonged noise","tiếng ồn ào, huyên náo",din,missing_words_analyzed
dine,Mới - chưa có ảnh,2,"to eat dinner, especially in a formal setting",dùng bữa tối (thường mang tính trang trọng),"dine, diner",missing_words_analyzed
dingo,Mới - chưa có ảnh,1,a wild dog native to Australia,chó hoang dingo (Úc),dingo,missing_words_analyzed
dinosaur,Mới - chưa có ảnh,1,A large extinct reptile that lived in prehistoric times.,Khủng long.,dinosaur,missing_words_analyzed
diploma,Mới - chưa có ảnh,1,a certificate awarded for completing a course of study,"bằng cấp, chứng chỉ",diploma,missing_words_analyzed
diplomacy,Mới - chưa có ảnh,1,the management of relations between countries through negotiation,ngoại giao,diplomacy,missing_words_analyzed
diplomat,Mới - chưa có ảnh,1,an official who conducts negotiations with other countries,nhà ngoại giao,diplomatic,missing_words_analyzed
direction,Mới - chưa có ảnh,1,the course along which a person or thing moves,"hướng, phương hướng",bidirectional,missing_words_analyzed
disc,Mới - chưa có ảnh,1,"a flat, thin, circular object",đĩa (vật tròn dẹt),disc,missing_words_analyzed
discern,Mới - chưa có ảnh,1,to perceive or recognize something,"nhận ra, phân biệt được",discernment,missing_words_analyzed
discrete,Mới - chưa có ảnh,1,individually separate and distinct from others,"riêng biệt, rời rạc",discrete,missing_words_analyzed
discriminate,Mới - chưa có ảnh,1,to make an unjust distinction against people based on a category,phân biệt đối xử,discrimination,missing_words_analyzed
discus,Mới - chưa có ảnh,1,a heavy disc thrown as a track-and-field sport,đĩa ném (môn thể thao điền kinh),discus,missing_words_analyzed
discussion,Mới - chưa có ảnh,1,"a conversation in which a topic is talked over in detail, often to exchange ideas or reach a decision",cuộc thảo luận,discussion,missing_words_analyzed
disease,Mới - chưa có ảnh,1,a disorder of structure or function in an organism,bệnh tật,diseased,missing_words_analyzed
dispense,Mới - chưa có ảnh,1,to distribute or give out,"phân phát, cấp phát",indispensable,missing_words_analyzed
disperse,Mới - chưa có ảnh,1,to scatter or spread over a wide area; to break up and go in different directions,"phân tán, giải tán",disperse,missing_words_analyzed
disrupt,Mới - chưa có ảnh,1,to interrupt the normal course of something,làm gián đoạn,disruption,missing_words_analyzed
distract,Mới - chưa có ảnh,1,to draw attention away from something,làm phân tâm,distraction,missing_words_analyzed
distribute,Mới - chưa có ảnh,1,to give shares of something to multiple recipients,phân phối,redistribute,missing_words_analyzed
ditch,Mới - chưa có ảnh,1,(informal) to abandon or discard something or someone,"bỏ rơi, vứt bỏ, từ bỏ",ditch,missing_words_analyzed
dizzy,Mới - chưa có ảnh,1,having a sensation of spinning around and losing one's balance,"chóng mặt, choáng váng",dizziness,missing_words_analyzed
dock,Mới - chưa có ảnh,1,"An area of water in a port where ships load, unload, or are repaired.","Bến tàu, ụ tàu.",dock,missing_words_analyzed
dodo,Mới - chưa có ảnh,1,a large extinct flightless bird that was once native to Mauritius,chim dodo (loài chim đã tuyệt chủng),dodo,missing_words_analyzed
doll,Mới - chưa có ảnh,1,"a small model of a human figure, used as a child's toy",búp bê,doll,missing_words_analyzed
dollar,Mới - chưa có ảnh,1,the basic monetary unit of the US and several other countries,đô la (đơn vị tiền tệ),dollar,missing_words_analyzed
dolphin,Mới - chưa có ảnh,1,an intelligent marine mammal with a beak-like snout,cá heo,dolphin,missing_words_analyzed
domain,Mới - chưa có ảnh,1,an area of territory owned or controlled by someone; a specified sphere of activity or knowledge.,"lĩnh vực; địa hạt, lãnh thổ.",domain,missing_words_analyzed
dome,Mới - chưa có ảnh,1,a rounded roof or ceiling shaped like half a sphere,mái vòm,dome,missing_words_analyzed
dominate,Mới - chưa có ảnh,1,to have a controlling power or influence over someone or something,"thống trị, chi phối",domination,missing_words_analyzed
don,Mới - chưa có ảnh,2,to put on an item of clothing,"mặc vào, khoác vào","donate, donor",missing_words_analyzed
donate,Mới - chưa có ảnh,1,"to give something, especially money, to a charity or cause","quyên góp, hiến tặng",donation,missing_words_analyzed
doom,Mới - chưa có ảnh,1,"death, destruction, or another terrible fate that cannot be avoided","số phận bi thảm, sự diệt vong",doom,missing_words_analyzed
doors,Mới - chưa có ảnh,2,plural of door; entrances to rooms or buildings,các cánh cửa (số nhiều của door),"indoors, outdoors",missing_words_analyzed
dope,Mới - chưa có ảnh,1,(informal) an illegal or performance-enhancing drug,"ma túy, chất kích thích (tiếng lóng)",dope,missing_words_analyzed
dorm,Mới - chưa có ảnh,2,"short for dormitory; a large room or building providing sleeping accommodation, especially at a school or college",ký túc xá,"dormancy, dormant",missing_words_analyzed
dough,Mới - chưa có ảnh,1,"a thick, soft mixture of flour and liquid, used for baking bread or pastry",bột nhào (làm bánh),dough,missing_words_analyzed
dowager,Mới - chưa có ảnh,1,a widow who holds a title or property inherited from her late husband,quả phụ có tước hiệu hoặc tài sản thừa kế từ chồng,dowager,missing_words_analyzed
dozen,Mới - chưa có ảnh,1,a group of twelve,một tá (mười hai),dozen,missing_words_analyzed
drastic,Mới - chưa có ảnh,2,likely to have a strong or far-reaching effect; radical,"quyết liệt, mạnh mẽ, triệt để","drastic, drastically",missing_words_analyzed
dread,Mới - chưa có ảnh,1,to anticipate something with great fear or anxiety,"sợ hãi, lo sợ trước điều gì",dread,missing_words_analyzed
dredge,Mới - chưa có ảnh,1,"to clear out the bed of a river or harbor by scooping out mud, weeds, or rubbish","nạo vét (sông, cảng)",dredge,missing_words_analyzed
drill,Mới - chưa có ảnh,1,"a tool or machine with a rotating point or edge, used for boring holes",máy khoan,drill,missing_words_analyzed
driver,Mới - chưa có ảnh,1,a person who drives a vehicle,"người lái xe, tài xế",screwdriver,missing_words_analyzed
driveway,Mới - chưa có ảnh,1,a short private road leading from a public road to a house or garage,"lối xe vào nhà, đường dẫn vào ga-ra",driveway,missing_words_analyzed
drone,Mới - chưa có ảnh,1,"an unmanned aircraft controlled remotely, or a male bee",máy bay không người lái; ong đực,drone,missing_words_analyzed
droop,Mới - chưa có ảnh,1,"to bend or hang downward, especially through tiredness or weakness","rũ xuống, ủ rũ",droop,missing_words_analyzed
drown,Mới - chưa có ảnh,1,"to die, or cause to die, through submersion in and inhalation of water.","chết đuối, làm chết đuối.",drown,missing_words_analyzed
dub,Mới - chưa có ảnh,1,to replace the original spoken dialogue in a film with a translation in a different language,lồng tiếng (phim),dub,missing_words_analyzed
dubious,Mới - chưa có ảnh,1,not to be relied upon; of uncertain quality,"đáng ngờ, khả nghi",dubious,missing_words_analyzed
duck,Mới - chưa có ảnh,1,"a waterbird with a broad blunt bill, short legs, and webbed feet",con vịt,duck,missing_words_analyzed
duct,Mới - chưa có ảnh,5,"a tube, pipe, or channel that carries liquid, gas, or other material",ống dẫn,"counterproductive, deduct, introductory, product, reduction",missing_words_analyzed
duke,Mới - chưa có ảnh,1,"a male ruler of a duchy, or a nobleman of the highest hereditary rank",công tước,duke,missing_words_analyzed
dune,Mới - chưa có ảnh,1,a mound or ridge of sand formed by the wind,"đụn cát, cồn cát",dune,missing_words_analyzed
dung,Mới - chưa có ảnh,1,the excrement of animals; manure,phân (động vật),dung,missing_words_analyzed
duration,Mới - chưa có ảnh,1,the length of time during which something continues,"thời lượng, khoảng thời gian",duration,missing_words_analyzed
dwarf,Mới - chưa có ảnh,1,"a person, animal, or plant much below the ordinary size","người/vật lùn, nhỏ bé",dwarf,missing_words_analyzed
dwell,Mới - chưa có ảnh,2,to live in or at a specified place,"cư trú, sinh sống","dwell, dweller",missing_words_analyzed
dwindle,Mới - chưa có ảnh,1,"to diminish gradually in size, amount, or strength","giảm dần, teo tóp, thu nhỏ dần",dwindle,missing_words_analyzed
dynamics,Mới - chưa có ảnh,1,"the branch of mechanics concerned with motion and forces, or the forces that stimulate change in a system","động lực học, động lực",aerodynamics,missing_words_analyzed
dynamite,Mới - chưa có ảnh,1,a powerful explosive material,thuốc nổ (đi-na-mít),dynamite,missing_words_analyzed
dynasty,Mới - chưa có ảnh,1,a sequence of rulers from the same family,"triều đại, vương triều",dynasty,missing_words_analyzed
eagle,Mới - chưa có ảnh,1,a large bird of prey with keen eyesight,đại bàng,eagle,missing_words_analyzed
easel,Mới - chưa có ảnh,1,a frame for supporting an artist's canvas or a board,"giá vẽ, giá đỡ tranh",easel,missing_words_analyzed
easy,Mới - chưa có ảnh,3,achieved without great effort; not difficult,dễ dàng,"easily, easy, uneasy",missing_words_analyzed
echo,Mới - chưa có ảnh,1,"a sound caused by the reflection of sound waves off a surface, heard again after the original sound","tiếng vang, tiếng vọng",echo,missing_words_analyzed
eclipse,Mới - chưa có ảnh,1,an event in which one celestial body obscures the light from another by passing in front of it,nhật thực/nguyệt thực,eclipse,missing_words_analyzed
ecology,Mới - chưa có ảnh,1,the branch of biology dealing with the relations of organisms to one another and to their environment,sinh thái học,ecological,missing_words_analyzed
economic,Mới - chưa có ảnh,1,"relating to economics, trade, or the management of resources",thuộc về kinh tế,socioeconomic,missing_words_analyzed
economy,Mới - chưa có ảnh,2,"the wealth and resources of a country or region, especially in terms of production and consumption",nền kinh tế,"economic, economy",missing_words_analyzed
ecstatic,Mới - chưa có ảnh,1,feeling or expressing overwhelming happiness or joyful excitement,"vô cùng phấn khích, ngây ngất, sung sướng tột độ",ecstatic,missing_words_analyzed
edible,Mới - chưa có ảnh,1,fit or safe to be eaten,"có thể ăn được, ăn được",edible,missing_words_analyzed
editor,Mới - chưa có ảnh,1,"a person who edits written material, especially for publication",biên tập viên,editorial,missing_words_analyzed
education,Mới - chưa có ảnh,1,"the process of receiving or giving systematic instruction, especially at a school or university",giáo dục,educational,missing_words_analyzed
eerie,Mới - chưa có ảnh,1,"strange, mysterious, and frightening","kỳ quái, rùng rợn",eerily,missing_words_analyzed
effect,Mới - chưa có ảnh,2,a change that is a result or consequence of an action or cause,"hiệu quả, kết quả, tác động","effect, effective",missing_words_analyzed
effective,Mới - chưa có ảnh,2,producing the intended or desired result,hiệu quả,"effectively, effectiveness",missing_words_analyzed
eighteen,Mới - chưa có ảnh,1,the number 18,mười tám,eighteenth,missing_words_analyzed
either,Mới - chưa có ảnh,1,one or the other of two people or things,một trong hai (cái này hoặc cái kia),either,missing_words_analyzed
elastic,Mới - chưa có ảnh,1,able to resume its normal shape after being stretched or compressed; flexible,"đàn hồi, có thể co giãn",inelastic,missing_words_analyzed
elder,Mới - chưa có ảnh,1,"older, or a person of greater age","lớn tuổi hơn, người già hơn",elderly,missing_words_analyzed
elect,Mới - chưa có ảnh,1,to choose someone for a position by voting,"bầu, bầu cử",election,missing_words_analyzed
electric,Mới - chưa có ảnh,5,operated by or producing electricity,"thuộc về điện, chạy bằng điện","electrical, electrically, electrician, electricity, electrification",missing_words_analyzed
electron,Mới - chưa có ảnh,3,a stable subatomic particle with a negative electric charge,"electron, điện tử","electronic, electronically, electronics",missing_words_analyzed
eligible,Mới - chưa có ảnh,1,having the right qualifications or meeting the necessary conditions,"đủ điều kiện, hợp lệ, xứng đáng",eligible,missing_words_analyzed
ellipsis,Mới - chưa có ảnh,1,"the omission of words from a sentence, often marked by three dots (...)",dấu chấm lửng; phép lược bỏ từ ngữ,ellipsis,missing_words_analyzed
elm,Mới - chưa có ảnh,1,"a deciduous tree with broad leaves, often planted for shade",cây du,elm,missing_words_analyzed
ember,Mới - chưa có ảnh,1,a small piece of burning or glowing coal or wood in a dying fire,"than hồng, than tro",ember,missing_words_analyzed
emerge,Mới - chưa có ảnh,1,to come out from or into view; to become known,"xuất hiện, nổi lên",emergency,missing_words_analyzed
eminent,Mới - chưa có ảnh,1,"famous and respected, especially within a particular field","lỗi lạc, kiệt xuất, nổi tiếng",eminent,missing_words_analyzed
emotion,Mới - chưa có ảnh,3,"a strong feeling such as joy, anger, fear, or love",cảm xúc,"emotion, emotional, emotionally",missing_words_analyzed
emperor,Mới - chưa có ảnh,1,the male ruler of an empire,hoàng đế,empress,missing_words_analyzed
emu,Mới - chưa có ảnh,1,a large flightless Australian bird similar to an ostrich.,chim đà điểu Úc (emu),emu,missing_words_analyzed
encyclopedia,Mới - chưa có ảnh,2,a book or set of books giving information on many subjects or on many aspects of one subject,bách khoa toàn thư,"encyclopedia, encyclopedic",missing_words_analyzed
endeavor,Mới - chưa có ảnh,1,"an attempt to achieve a goal, especially a difficult or ambitious one","nỗ lực, sự cố gắng",endeavor,missing_words_analyzed
endow,Mới - chưa có ảnh,1,to provide (a person or institution) with a permanent income or fund; to naturally give a quality.,"hiến tặng, cấp vốn lâu dài; ban cho (phẩm chất tự nhiên)",endow,missing_words_analyzed
enemy,Mới - chưa có ảnh,1,a person who is actively opposed or hostile to someone.,"kẻ thù, kẻ địch.",enemy,missing_words_analyzed
energetic,Mới - chưa có ảnh,1,having or showing a lot of physical or mental energy,"tràn đầy năng lượng, hăng hái",energetic,missing_words_analyzed
energy,Mới - chưa có ảnh,1,the strength and vitality required for sustained physical or mental activity; power derived from resources,năng lượng,energy,missing_words_analyzed
enormous,Mới - chưa có ảnh,1,"very large in size, quantity, or extent","to lớn, khổng lồ",enormously,missing_words_analyzed
enough,Mới - chưa có ảnh,1,as much or as many as required,đủ,enough,missing_words_analyzed
ensemble,Mới - chưa có ảnh,1,"a group of items, musicians, or performers viewed or performing as a whole","nhóm (nhạc công, trang phục...) hoạt động cùng nhau",ensemble,missing_words_analyzed
entertain,Mới - chưa có ảnh,2,to provide amusement or enjoyment for someone,"giải trí, làm vui thích","entertainer, entertainment",missing_words_analyzed
enthusiasm,Mới - chưa có ảnh,1,"intense and eager enjoyment, interest, or approval","sự nhiệt tình, hào hứng",enthusiasm,missing_words_analyzed
enthusiast,Mới - chưa có ảnh,2,a person who is very interested in and enjoys a particular activity or subject,"người đam mê, người nhiệt tình (với một sở thích)","enthusiast, enthusiastically",missing_words_analyzed
entice,Mới - chưa có ảnh,1,to attract someone by offering pleasure or advantage,"dụ dỗ, lôi cuốn, quyến rũ",entice,missing_words_analyzed
entry,Mới - chưa có ảnh,1,"the act of entering, or a point of access such as a door or gate","lối vào, sự đi vào",entryway,missing_words_analyzed
envelope,Mới - chưa có ảnh,1,a flat paper container used to enclose a letter or document.,phong bì,envelope,missing_words_analyzed
environment,Mới - chưa có ảnh,2,"the surroundings or conditions in which a person, animal, or plant lives",môi trường,"environmentalist, environmentally",missing_words_analyzed
epitome,Mới - chưa có ảnh,1,a person or thing that is a perfect example of a particular quality or type.,"hình mẫu điển hình, hiện thân hoàn hảo",epitome,missing_words_analyzed
equal,Mới - chưa có ảnh,4,"being the same in quantity, size, degree, or value","bằng nhau, ngang bằng","equality, equally, inequality, unequal",missing_words_analyzed
equate,Mới - chưa có ảnh,2,to consider or make equal or equivalent,"coi là ngang bằng, đánh đồng","equation, equator",missing_words_analyzed
equity,Mới - chưa có ảnh,1,fairness or justice; also the value of ownership shares in a company,sự công bằng; vốn cổ phần,equitable,missing_words_analyzed
era,Mới - chưa có ảnh,1,a long and distinct period of history with a particular feature or characteristic,"kỷ nguyên, thời đại",era,missing_words_analyzed
eradicate,Mới - chưa có ảnh,1,to completely destroy or eliminate something,"loại bỏ hoàn toàn, xóa sổ",eradicate,missing_words_analyzed
erase,Mới - chưa có ảnh,1,"to rub out or remove all traces of something written, recorded, or existing","xóa, tẩy xóa",erasure,missing_words_analyzed
erode,Mới - chưa có ảnh,1,"to gradually wear away or destroy something, especially by natural forces","xói mòn, ăn mòn",erosion,missing_words_analyzed
errand,Mới - chưa có ảnh,1,"a short trip taken to carry out a specific task, often for someone else","việc vặt, việc lặt vặt cần đi làm",errand,missing_words_analyzed
error,Mới - chưa có ảnh,1,"a mistake, especially one that produces an incorrect result","lỗi, sai sót",error,missing_words_analyzed
erudite,Mới - chưa có ảnh,1,having or showing great knowledge gained from reading and study.,"uyên bác, học rộng",erudite,missing_words_analyzed
esoteric,Mới - chưa có ảnh,1,intended for or understood by only a small group with specialized knowledge; obscure.,"bí truyền, khó hiểu, chỉ dành cho số ít người am hiểu",esoteric,missing_words_analyzed
especial,Mới - chưa có ảnh,1,"special or particular, more than usual (formal)",đặc biệt (trang trọng),especially,missing_words_analyzed
essential,Mới - chưa có ảnh,2,absolutely necessary; extremely important,"thiết yếu, cần thiết","essential, essentially",missing_words_analyzed
estate,Mới - chưa có ảnh,1,"a large area of land with a house, or a person's property and possessions","điền trang, bất động sản; hoặc tài sản của một người",estate,missing_words_analyzed
esteem,Mới - chưa có ảnh,1,respect and admiration felt for someone,"sự tôn trọng, kính trọng",esteem,missing_words_analyzed
estimate,Mới - chưa có ảnh,2,"to roughly calculate or judge the value, number, or quantity of something",ước tính,"estimate, underestimate",missing_words_analyzed
ethos,Mới - chưa có ảnh,1,"the characteristic spirit, beliefs, or values of a community, culture, or organization.","tinh thần, giá trị đặc trưng của một cộng đồng/tổ chức",ethos,missing_words_analyzed
etiquette,Mới - chưa có ảnh,1,the customary code of polite behavior expected in society or a particular group,"phép xã giao, nghi thức lịch sự",etiquette,missing_words_analyzed
eucalyptus,Mới - chưa có ảnh,1,"a fast-growing evergreen tree native to Australia, valued for its wood, oil, and gum",cây bạch đàn,eucalyptus,missing_words_analyzed
euro,Mới - chưa có ảnh,1,the currency unit of the European Union,đồng euro,euro,missing_words_analyzed
evacuate,Mới - chưa có ảnh,1,to remove people from a dangerous place to somewhere safer,sơ tán,evacuation,missing_words_analyzed
eve,Mới - chưa có ảnh,1,the day or period immediately before an event; evening,đêm/ngày trước (một sự kiện); buổi tối,eve,missing_words_analyzed
eventual,Mới - chưa có ảnh,1,occurring or existing at the end of a process or period of time,"cuối cùng, sau rốt",eventually,missing_words_analyzed
evolution,Mới - chưa có ảnh,1,"the gradual development of something over time, or the biological process of change across generations","sự tiến hóa, sự phát triển dần dần",evolutionary,missing_words_analyzed
exam,Mới - chưa có ảnh,1,a formal test of knowledge or skill,"kỳ thi, bài thi",exam,missing_words_analyzed
excavate,Mới - chưa có ảnh,1,"to dig out earth to expose or remove something buried, especially in archaeology","khai quật, đào",excavation,missing_words_analyzed
excel,Mới - chưa có ảnh,2,to be outstandingly good at something,"xuất sắc, trội hơn hẳn","excel, excellent",missing_words_analyzed
exception,Mới - chưa có ảnh,1,a person or thing that is excluded from a general statement or rule,ngoại lệ,exceptional,missing_words_analyzed
excess,Mới - chưa có ảnh,2,"more than is necessary, normal, or desirable","dư thừa, quá mức","excess, excessive",missing_words_analyzed
exclusive,Mới - chưa có ảnh,1,"not shared with others; limited to a single person, group, or purpose","độc quyền, riêng biệt",exclusively,missing_words_analyzed
exemplar,Mới - chưa có ảnh,1,a person or thing serving as a typical example or ideal model,"hình mẫu, ví dụ điển hình",exemplary,missing_words_analyzed
exempt,Mới - chưa có ảnh,2,to free someone from an obligation or liability,"miễn trừ cho ai đó (nghĩa vụ, trách nhiệm)","exempt, exemption",missing_words_analyzed
exercise,Mới - chưa có ảnh,1,"physical activity done to stay healthy, or a task done for practice","sự luyện tập, bài tập thể dục",exercise,missing_words_analyzed
exhaust,Mới - chưa có ảnh,1,"to tire someone out completely, or to use up a resource entirely",làm kiệt sức; dùng hết,exhaustion,missing_words_analyzed
exhibit,Mới - chưa có ảnh,1,"to publicly display something, such as art or evidence","trưng bày, triển lãm",exhibition,missing_words_analyzed
exit,Mới - chưa có ảnh,1,"a way out of a building, room, or vehicle",lối ra,exit,missing_words_analyzed
expedite,Mới - chưa có ảnh,1,to make an action or process happen sooner or be accomplished more quickly,"đẩy nhanh, xúc tiến",expedition,missing_words_analyzed
expos,Mới - chưa có ảnh,1,plural of expo; large public exhibitions or fairs,các cuộc triển lãm (số nhiều của expo),overexposure,missing_words_analyzed
exquisite,Mới - chưa có ảnh,2,"extremely beautiful, delicate, or finely made; intensely felt.","tinh xảo, tuyệt đẹp; (cảm giác) mãnh liệt","exquisite, exquisitely",missing_words_analyzed
extend,Mới - chưa có ảnh,1,"to make something longer, larger, or to cause it to reach further","mở rộng, kéo dài",extension,missing_words_analyzed
exterior,Mới - chưa có ảnh,1,the outer surface or part of something,"phần bên ngoài, mặt ngoài",exterior,missing_words_analyzed
external,Mới - chưa có ảnh,2,situated on or belonging to the outside; coming from outside,bên ngoài,"external, externally",missing_words_analyzed
extinct,Mới - chưa có ảnh,1,"no longer in existence, especially of a species that has died out",tuyệt chủng,extinction,missing_words_analyzed
extract,Mới - chưa có ảnh,1,"to remove or take out something, often with effort","trích xuất, chiết xuất, rút ra",extraction,missing_words_analyzed
extrinsic,Mới - chưa có ảnh,1,not part of the essential nature of something; coming from outside,"(thuộc) bên ngoài, ngoại lai, không cố hữu",extrinsic,missing_words_analyzed
extrovert,Mới - chưa có ảnh,1,"an outgoing, socially confident person",người hướng ngoại,extrovert,missing_words_analyzed
fable,Mới - chưa có ảnh,2,"a short story, often with animal characters, that teaches a moral lesson.",truyện ngụ ngôn,"fable, fabulous",missing_words_analyzed
fabricate,Mới - chưa có ảnh,1,"to invent or construct something, often in order to deceive","bịa đặt, chế tạo, ngụy tạo",fabrication,missing_words_analyzed
facility,Mới - chưa có ảnh,1,a place or piece of equipment provided for a particular purpose,"cơ sở, tiện nghi",facility,missing_words_analyzed
faculty,Mới - chưa có ảnh,1,an inherent physical or mental power or ability,"năng lực, khả năng (của trí óc hoặc cơ thể)",faculty,missing_words_analyzed
faint,Mới - chưa có ảnh,2,to briefly lose consciousness,"ngất xỉu, xỉu","faint, faintly",missing_words_analyzed
fairy,Mới - chưa có ảnh,1,a small imaginary being with magical powers,"nàng tiên, yêu tinh",fairy,missing_words_analyzed
fallow,Mới - chưa có ảnh,1,(of farmland) plowed and left unseeded during a growing season; inactive,"(đất) bỏ hoang, không canh tác",fallow,missing_words_analyzed
false,Mới - chưa có ảnh,3,not true or correct; not genuine,"sai, giả","false, falsehood, falsifiable",missing_words_analyzed
familiar,Mới - chưa có ảnh,2,well known from long or close association; common,quen thuộc,"familiarity, unfamiliarity",missing_words_analyzed
fantastic,Mới - chưa có ảnh,1,"extraordinarily good or attractive; also, strange or fanciful","tuyệt vời, tuyệt diệu; kỳ lạ, hoang đường",fantastic,missing_words_analyzed
farina,Mới - chưa có ảnh,1,"a fine meal or flour made from cereal grains, nuts, or roots, used especially in puddings and cereal",bột mịn làm từ ngũ cốc,farinaceous,missing_words_analyzed
fatigue,Mới - chưa có ảnh,1,extreme tiredness resulting from physical or mental exertion,sự mệt mỏi,fatigue,missing_words_analyzed
fauna,Mới - chưa có ảnh,1,"the animals of a particular region or period, considered as a whole",hệ động vật,fauna,missing_words_analyzed
favor,Mới - chưa có ảnh,3,an act of kindness beyond what is due or expected,"ân huệ, sự ưu ái","favor, favorable, favorite",missing_words_analyzed
feasible,Mới - chưa có ảnh,1,possible to do easily or conveniently; practicable,khả thi,feasibility,missing_words_analyzed
feast,Mới - chưa có ảnh,1,"a large, elaborate meal, typically held to celebrate something","bữa tiệc lớn, yến tiệc",feast,missing_words_analyzed
fed,Mới - chưa có ảnh,1,past tense and past participle of feed,đã cho ăn (quá khứ của feed),underfed,missing_words_analyzed
federate,Mới - chưa có ảnh,1,"to join together in a federation, or to form a group into a single unit with a central authority","liên bang hóa, liên kết thành liên bang",federation,missing_words_analyzed
feign,Mới - chưa có ảnh,1,to pretend to feel or be affected by something.,"giả vờ, giả bộ",feign,missing_words_analyzed
fell,Mới - chưa có ảnh,1,To cut down a tree.,Chặt hạ (cây).,fell,missing_words_analyzed
felon,Mới - chưa có ảnh,1,a person who has committed a serious crime (a felony),"trọng phạm, kẻ phạm trọng tội",felony,missing_words_analyzed
felt,Mới - chưa có ảnh,1,past tense and past participle of feel; also a dense fabric made by pressing fibers together,đã cảm thấy (quá khứ của feel); vải nỉ,heartfelt,missing_words_analyzed
fend,Mới - chưa có ảnh,1,to defend or provide for oneself without assistance; to ward off.,"tự xoay xở, chống đỡ (fend for oneself/fend off)",fend,missing_words_analyzed
fens,Mới - chưa có ảnh,1,"plural of fen; low, flat, marshy areas of land",đầm lầy (số nhiều của fen),defensible,missing_words_analyzed
fer,Mới - chưa có ảnh,6+,an informal or dialectal spelling of the word 'for',cách viết thân mật/phương ngữ của 'for',"aquifer, circumference, conference, defer, inference, referent",missing_words_analyzed
ferry,Mới - chưa có ảnh,1,to transport people or goods across water or a short distance,"chở, đưa qua lại (bằng phà hoặc phương tiện khác)",ferry,missing_words_analyzed
fertile,Mới - chưa có ảnh,2,(of land) able to produce abundant vegetation or crops; (of a person or animal) able to produce offspring,"màu mỡ, phì nhiêu; có khả năng sinh sản","fertile, fertility",missing_words_analyzed
fertilize,Mới - chưa có ảnh,1,"to make soil more fertile, or to cause an egg to develop by combining with sperm or pollen",bón phân (cho đất); thụ tinh,fertilizer,missing_words_analyzed
fest,Mới - chưa có ảnh,1,"a festival or gathering focused on a particular activity (informal, as in 'gabfest')","lễ hội, buổi tụ họp (thân mật)",infestation,missing_words_analyzed
fester,Mới - chưa có ảnh,1,(of a wound) to become septic; (of a feeling) to worsen over time,"mưng mủ; (cảm xúc) âm ỉ, ngày càng tệ hơn",fester,missing_words_analyzed
festival,Mới - chưa có ảnh,1,"an organized series of events celebrating a particular culture, activity, or tradition",lễ hội,festival,missing_words_analyzed
fetch,Mới - chưa có ảnh,1,to go for and bring back something or someone,"đi lấy, mang về",fetch,missing_words_analyzed
fetus,Mới - chưa có ảnh,1,an unborn human or animal offspring in the later stages of development,"bào thai, thai nhi",fetus,missing_words_analyzed
fiction,Mới - chưa có ảnh,1,"literature in prose form, especially novels, describing imaginary events and people","tiểu thuyết, truyện hư cấu",fiction,missing_words_analyzed
fiduciary,Mới - chưa có ảnh,1,"relating to trust, especially involving financial matters held on behalf of another","(thuộc) sự ủy thác, tín thác",fiduciary,missing_words_analyzed
file,Mới - chưa có ảnh,1,"to submit or record something officially, or to place documents in order for storage.","nộp, đệ trình (hồ sơ); sắp xếp lưu trữ.",file,missing_words_analyzed
fin,Mới - chưa có ảnh,2,"a flattened, wing-like part of a fish's body used for swimming",vây (cá),"definitive, fin",missing_words_analyzed
financial,Mới - chưa có ảnh,1,relating to money or finance,thuộc về tài chính,financially,missing_words_analyzed
finite,Mới - chưa có ảnh,2,having limits or bounds; not infinite,hữu hạn,"infinitely, infinitive",missing_words_analyzed
fireplace,Mới - chưa có ảnh,1,"a partially enclosed space in a room for holding a fire, typically with a chimney",lò sưởi,fireplace,missing_words_analyzed
fiscal,Mới - chưa có ảnh,1,"relating to government revenue, especially taxes and public spending","thuộc về tài chính công, ngân sách",fiscal,missing_words_analyzed
fjord,Mới - chưa có ảnh,1,"a long, narrow inlet of the sea between high cliffs",vịnh hẹp (fjord),fjord,missing_words_analyzed
flare,Mới - chưa có ảnh,1,"a sudden brief burst of bright flame or light, often used as a signal.","ngọn lửa/tia sáng bùng lên đột ngột, pháo sáng",flare,missing_words_analyzed
flee,Mới - chưa có ảnh,1,to run away from danger or a difficult situation,"chạy trốn, bỏ chạy",flee,missing_words_analyzed
flex,Mới - chưa có ảnh,4,"to bend or stretch a limb or muscle; informally, to show off","co duỗi, uốn cong; (thân mật) khoe khoang","flexible, flexibly, inflexible, reflex",missing_words_analyzed
flexible,Mới - chưa có ảnh,1,capable of bending easily without breaking; able to adapt to change,"linh hoạt, dẻo dai, dễ uốn",flexibility,missing_words_analyzed
flicker,Mới - chưa có ảnh,1,"to shine or burn unsteadily, giving off a wavering light","nhấp nháy, lung linh (ánh sáng)",flicker,missing_words_analyzed
flint,Mới - chưa có ảnh,1,a hard gray rock that produces sparks when struck against steel,đá lửa,flint,missing_words_analyzed
flintlock,Mới - chưa có ảnh,1,an old type of gun fired by a spark from flint striking steel,súng hỏa mai (loại súng cổ dùng đá lửa),flintlock,missing_words_analyzed
flip,Mới - chưa có ảnh,1,"to turn over quickly with a light, brisk movement","lật, lật ngược",flip,missing_words_analyzed
flock,Mới - chưa có ảnh,1,to gather or move somewhere in large numbers,"tụ tập, kéo đến đông đảo",flock,missing_words_analyzed
floe,Mới - chưa có ảnh,1,"a large, flat sheet of ice floating on the surface of a sea or lake",tảng băng trôi (mảng băng lớn),floe,missing_words_analyzed
floodgate,Mới - chưa có ảnh,1,"a gate that controls the flow of water, or figuratively a restraint on a large outpouring","cửa cống, cửa đập nước; (nghĩa bóng) rào chắn ngăn một làn sóng lớn",floodgate,missing_words_analyzed
flop,Mới - chưa có ảnh,1,to fall or drop heavily and clumsily; to fail completely,ngã huỵch xuống; thất bại thảm hại,flop,missing_words_analyzed
flora,Mới - chưa có ảnh,1,"the plants of a particular region, habitat, or period, considered as a group",hệ thực vật,flora,missing_words_analyzed
fluent,Mới - chưa có ảnh,2,"able to speak, write, or move with facility and ease","lưu loát, trôi chảy","fluency, fluently",missing_words_analyzed
flush,Mới - chưa có ảnh,1,"level or even with an adjoining surface; also, having plenty of money.","bằng phẳng, ngang bằng với bề mặt; (nghĩa khác) dư dả tiền bạc",flush,missing_words_analyzed
foam,Mới - chưa có ảnh,1,a mass of small bubbles formed on liquid,bọt,foam,missing_words_analyzed
focus,Mới - chưa có ảnh,2,"to pay particular attention to something, or to adjust a lens to produce a clear image",tập trung,"focus, refocus",missing_words_analyzed
fodder,Mới - chưa có ảnh,1,"food for livestock, especially dried hay or straw","thức ăn gia súc, cỏ khô",fodder,missing_words_analyzed
fog,Mới - chưa có ảnh,2,"a thick cloud of tiny water droplets suspended in the atmosphere near the ground, reducing visibility.",sương mù.,"fog, foggy",missing_words_analyzed
football,Mới - chưa có ảnh,1,"a team sport played with a ball, kicked or carried to score goals",bóng đá / bóng bầu dục,footballer,missing_words_analyzed
footfall,Mới - chưa có ảnh,1,the sound of a footstep; also the number of people entering a store or area,tiếng bước chân; hoặc lượng khách ra vào một cửa hàng,footfall,missing_words_analyzed
forceps,Mới - chưa có ảnh,1,"a metal instrument with two blades and handles, resembling pincers, used for grasping and holding objects, especially in surgery","kẹp phẫu thuật, kẹp gắp",forceps,missing_words_analyzed
ford,Mới - chưa có ảnh,1,a shallow place in a river or stream that allows it to be crossed by wading or driving through,chỗ nước cạn để lội/băng qua sông,ford,missing_words_analyzed
fore,Mới - chưa có ảnh,1,situated or coming before or at the front,"phía trước, đằng trước",therefore,missing_words_analyzed
forensic,Mới - chưa có ảnh,1,relating to the scientific methods used to investigate crimes,"thuộc pháp y, (điều tra) hình sự",forensic,missing_words_analyzed
forfeit,Mới - chưa có ảnh,1,to lose or give up something as a penalty for wrongdoing,"mất quyền, bị tịch thu (do vi phạm)",forfeit,missing_words_analyzed
forklift,Mới - chưa có ảnh,1,a vehicle with a pronged device at the front for lifting and moving heavy loads,xe nâng hàng,forklift,missing_words_analyzed
formula,Mới - chưa có ảnh,2,"a mathematical relationship or rule expressed in symbols, or a fixed method for doing something",công thức,"formula, formulate",missing_words_analyzed
fort,Mới - chưa có ảnh,1,"a fortified building or position, especially used as a military stronghold","pháo đài, đồn lũy",fortress,missing_words_analyzed
fortissimo,Mới - chưa có ảnh,1,(music) very loudly,"(âm nhạc) rất to, mạnh mẽ",fortissimo,missing_words_analyzed
fortnight,Mới - chưa có ảnh,1,a period of two weeks,"hai tuần, mười bốn ngày",fortnight,missing_words_analyzed
fortunate,Mới - chưa có ảnh,1,having good luck; favored by fortune,may mắn,fortunately,missing_words_analyzed
forum,Mới - chưa có ảnh,1,"a place, meeting, or medium where ideas and views on a particular issue can be exchanged",diễn đàn,forum,missing_words_analyzed
foster,Mới - chưa có ảnh,1,"involved in raising a child who is not one's own by birth, without formal adoption",(cha mẹ/con) nuôi (không chính thức nhận nuôi),foster,missing_words_analyzed
foul,Mới - chưa có ảnh,1,an unfair or illegal action in a sport that breaks the rules,lỗi (trong thể thao),foul,missing_words_analyzed
fowl,Mới - chưa có ảnh,2,"a bird, especially a domestic cock or hen kept for eggs or meat","gia cầm, chim","waterfowl, wildfowl",missing_words_analyzed
fox,Mới - chưa có ảnh,1,"a small wild carnivorous mammal with a pointed face, upright ears, and a bushy tail.",con cáo,fox,missing_words_analyzed
frail,Mới - chưa có ảnh,1,physically weak and delicate,"yếu ớt, mảnh khảnh",frail,missing_words_analyzed
frank,Mới - chưa có ảnh,2,"(informal, US) a frankfurter or hot dog.","(khẩu ngữ, Mỹ) xúc xích kiểu Frankfurt (hot dog)","frank, frankly",missing_words_analyzed
frantic,Mới - chưa có ảnh,1,"wild or distraught with fear, anxiety, or other emotion","hoảng loạn, cuống cuồng",frantic,missing_words_analyzed
fraught,Mới - chưa có ảnh,1,"filled with or likely to result in something undesirable, such as danger or distress","đầy nguy hiểm/lo âu, căng thẳng",fraught,missing_words_analyzed
fray,Mới - chưa có ảnh,1,"to become worn or to unravel at the edge, especially of fabric or rope","sờn rách, bung sợi (vải, dây)",fray,missing_words_analyzed
freight,Mới - chưa có ảnh,1,"goods transported by truck, train, ship, or aircraft",hàng hóa vận chuyển,freight,missing_words_analyzed
friction,Mới - chưa có ảnh,1,"the resistance an object encounters when moving over another; also, conflict or disagreement between people.","ma sát; (nghĩa bóng) sự bất hòa, xung đột.",friction,missing_words_analyzed
fridge,Mới - chưa có ảnh,1,an appliance for storing food and drink at a low temperature; refrigerator,tủ lạnh,fridge,missing_words_analyzed
fright,Mới - chưa có ảnh,2,a sudden intense feeling of fear,"sự sợ hãi, sự kinh hoàng","frighten, frightful",missing_words_analyzed
frond,Mới - chưa có ảnh,1,"a large, divided leaf of a fern, palm, or similar plant","lá dương xỉ, lá cọ",frond,missing_words_analyzed
frost,Mới - chưa có ảnh,2,a thin layer of ice crystals that forms on surfaces when the temperature drops below freezing,"sương giá, băng giá","frost, frostbite",missing_words_analyzed
frown,Mới - chưa có ảnh,1,"to wrinkle one's brow to show displeasure, confusion, or concentration","cau mày, nhăn mặt",frown,missing_words_analyzed
fuchsia,Mới - chưa có ảnh,1,"an ornamental shrub with drooping flowers, or a vivid purplish-red color.",cây/hoa fuchsia; màu đỏ tía tươi,fuchsia,missing_words_analyzed
fulcrum,Mới - chưa có ảnh,1,the fixed point on which a lever pivots or is supported,điểm tựa (của đòn bẩy),fulcrum,missing_words_analyzed
fumble,Mới - chưa có ảnh,1,to handle something clumsily or drop it accidentally.,"làm rơi, lóng ngóng khi cầm nắm",fumble,missing_words_analyzed
fume,Mới - chưa có ảnh,1,to feel or express great anger,"tức giận, giận sôi lên",fume,missing_words_analyzed
funnel,Mới - chưa có ảnh,1,"a tube or pipe wide at the top and narrow at the bottom, for guiding liquid or powder into a container",cái phễu,funnel,missing_words_analyzed
furious,Mới - chưa có ảnh,1,extremely angry,"giận dữ, phẫn nộ",furiously,missing_words_analyzed
furnace,Mới - chưa có ảnh,1,an enclosed structure used to produce very high heat,"lò nung, lò sưởi",furnace,missing_words_analyzed
furnish,Mới - chưa có ảnh,1,to provide (a room or house) with furniture; to supply something needed,"trang bị đồ đạc (cho phòng, nhà); cung cấp",furnish,missing_words_analyzed
furniture,Mới - chưa có ảnh,1,"movable objects, such as chairs and tables, used to make a room fit for living or working","đồ nội thất, đồ đạc",furniture,missing_words_analyzed
furrow,Mới - chưa có ảnh,1,a long narrow trench made in the ground by a plow.,"luống cày, rãnh đất",furrow,missing_words_analyzed
furthest,Mới - chưa có ảnh,1,at or to the greatest distance,xa nhất,furthest,missing_words_analyzed
fuse,Mới - chưa có ảnh,4,to join or blend two or more things together to form a single entity,"hợp nhất, nung chảy hòa vào nhau","defuse, fuse, infusion, refuse",missing_words_analyzed
fuss,Mới - chưa có ảnh,1,"unnecessary or excessive activity, worry, or complaint about something trivial","sự làm ầm ĩ, sự lo lắng thái quá",fussy,missing_words_analyzed
gadget,Mới - chưa có ảnh,1,"a small mechanical or electronic device or tool, especially an ingenious one",thiết bị/dụng cụ nhỏ tiện ích,gadget,missing_words_analyzed
gait,Mới - chưa có ảnh,1,a person's or animal's manner of walking or running,dáng đi,gait,missing_words_analyzed
gal,Mới - chưa có ảnh,1,(informal) a girl or young woman,cô gái (thân mật),gal,missing_words_analyzed
galaxy,Mới - chưa có ảnh,1,"a system of millions of stars, gas, and dust held together by gravity",thiên hà,galaxy,missing_words_analyzed
gale,Mới - chưa có ảnh,1,a very strong wind.,"gió lớn, bão",gale,missing_words_analyzed
gallery,Mới - chưa có ảnh,1,a room or building for the display or sale of works of art.,"phòng trưng bày, phòng triển lãm nghệ thuật.",gallery,missing_words_analyzed
garlic,Mới - chưa có ảnh,1,a bulbous plant used as a strong-tasting seasoning,tỏi,garlic,missing_words_analyzed
garment,Mới - chưa có ảnh,1,an item of clothing,"trang phục, y phục",garment,missing_words_analyzed
garnish,Mới - chưa có ảnh,1,to decorate a dish of food with a small extra item,trang trí (món ăn),garnish,missing_words_analyzed
garrison,Mới - chưa có ảnh,1,a group of troops stationed in a town or fort to defend it.,đơn vị đồn trú,garrison,missing_words_analyzed
gasp,Mới - chưa có ảnh,1,"to inhale sharply, especially in shock, surprise, or pain.","thở hổn hển, hít mạnh vì sốc",gasp,missing_words_analyzed
gauge,Mới - chưa có ảnh,1,"to estimate or measure a quantity, level, or reaction precisely","đo lường, ước lượng, đánh giá",gauge,missing_words_analyzed
gauze,Mới - chưa có ảnh,1,"a thin, loosely woven translucent fabric, often used for surgical dressings","gạc (băng y tế), vải mỏng",gauze,missing_words_analyzed
gecko,Mới - chưa có ảnh,1,a small lizard with an ability to cling to smooth surfaces,thằn lằn tắc kè,gecko,missing_words_analyzed
gel,Mới - chưa có ảnh,1,"a thick, clear jelly-like substance, especially used for hair styling or cosmetics","gel (chất sệt, keo)",gel,missing_words_analyzed
gene,Mới - chưa có ảnh,6+,A unit of heredity made of DNA that is passed from parents to offspring.,Gen (đơn vị di truyền).,"gene, genetic, genetically, genetics, homogeneous, homogenization",missing_words_analyzed
general,Mới - chưa có ảnh,2,a senior officer in the armed forces,tướng (quân đội),"general, generally",missing_words_analyzed
generate,Mới - chưa có ảnh,5,to produce or bring something into existence,"tạo ra, sản sinh","generate, generation, generator, regeneration, regenerative",missing_words_analyzed
genius,Mới - chưa có ảnh,1,"exceptional intellectual or creative power, or a person who has it.","thiên tài, thiên phú",genius,missing_words_analyzed
genre,Mới - chưa có ảnh,1,"a category of artistic work characterized by a particular style, form, or content","thể loại (văn học, nghệ thuật)",genre,missing_words_analyzed
geometry,Mới - chưa có ảnh,1,"the branch of mathematics concerned with points, lines, shapes, and space",hình học,geometry,missing_words_analyzed
germ,Mới - chưa có ảnh,1,"a microorganism, especially one that causes disease.","vi trùng, mầm bệnh.",germ,missing_words_analyzed
gesture,Mới - chưa có ảnh,1,"a movement of part of the body, especially the hands, used to express meaning or feeling",cử chỉ,gesture,missing_words_analyzed
gherkin,Mới - chưa có ảnh,1,a small cucumber used for pickling,dưa chuột bao tử (để ngâm giấm),gherkin,missing_words_analyzed
glacier,Mới - chưa có ảnh,1,a slowly moving mass of ice formed by accumulated snow,sông băng,glacier,missing_words_analyzed
glamor,Mới - chưa có ảnh,1,an alternate (US) spelling of glamour; an attractive or exciting quality that makes certain people or things seem appealing,"sự quyến rũ, sự hào nhoáng",glamorous,missing_words_analyzed
glamour,Mới - chưa có ảnh,1,an attractive or exciting quality that makes certain people or things seem appealing,"sự quyến rũ, vẻ hào nhoáng",glamour,missing_words_analyzed
gland,Mới - chưa có ảnh,1,an organ in the body that secretes substances such as hormones,tuyến (cơ quan tiết ra chất trong cơ thể),gland,missing_words_analyzed
glaze,Mới - chưa có ảnh,1,"a smooth, glossy coating applied to a surface, such as pottery","lớp men bóng, lớp tráng men",glaze,missing_words_analyzed
gleam,Mới - chưa có ảnh,1,"to shine brightly, especially with reflected light","lấp lánh, sáng lên",gleam,missing_words_analyzed
glean,Mới - chưa có ảnh,1,to extract (information) gradually and often with difficulty from various sources.,"thu thập, chắt lọc (thông tin) dần dần",glean,missing_words_analyzed
glimpse,Mới - chưa có ảnh,1,a brief or partial view or look at something,cái nhìn thoáng qua,glimpse,missing_words_analyzed
glitter,Mới - chưa có ảnh,1,"very small, thin pieces of shiny material used for decoration",kim tuyến,glitter,missing_words_analyzed
global,Mới - chưa có ảnh,1,relating to or encompassing the whole world,toàn cầu,globalization,missing_words_analyzed
gloom,Mới - chưa có ảnh,1,"partial or total darkness, or a feeling of sadness and despondency.","bóng tối; cảm giác u ám, buồn bã",gloom,missing_words_analyzed
gloss,Mới - chưa có ảnh,2,a shine or luster on a smooth surface,"độ bóng, ánh bóng","gloss, glossy",missing_words_analyzed
glove,Mới - chưa có ảnh,1,a covering for the hand with separate parts for each finger,găng tay,glove,missing_words_analyzed
glow,Mới - chưa có ảnh,1,"to produce a steady, subdued light without flame or visible heat; to shine softly.","phát sáng, tỏa sáng dịu nhẹ.",glow,missing_words_analyzed
glue,Mới - chưa có ảnh,1,a sticky substance used for joining things together,keo dán,glue,missing_words_analyzed
glut,Mới - chưa có ảnh,1,an excessively abundant supply of something.,"tình trạng dư thừa, ứ đọng",glut,missing_words_analyzed
goitre,Mới - chưa có ảnh,1,an abnormal enlargement of the thyroid gland causing swelling in the neck,bướu cổ,goitre,missing_words_analyzed
google,Mới - chưa có ảnh,1,"(informal) to search for information about someone or something on the internet, especially using the Google search engine.",(khẩu ngữ) tra cứu trên mạng (bằng công cụ tìm kiếm Google),google,missing_words_analyzed
goose,Mới - chưa có ảnh,1,"a large water bird with a long neck, related to ducks and swans",con ngỗng,gooseberry,missing_words_analyzed
gore,Mới - chưa có ảnh,1,to pierce or wound with a horn or tusk,húc bằng sừng,gore,missing_words_analyzed
gorge,Mới - chưa có ảnh,1,to eat a large amount of food greedily,"ăn ngấu nghiến, nhồi nhét",gorge,missing_words_analyzed
gossip,Mới - chưa có ảnh,1,"casual conversation about other people's private affairs, often unconfirmed.",chuyện ngồi lê đôi mách,gossip,missing_words_analyzed
gov,Mới - chưa có ảnh,1,"an informal abbreviation of ""government""; also the internet domain suffix used by government organizations","viết tắt của ""government"" (chính phủ); tên miền internet dành cho cơ quan chính phủ (.gov)",gov,missing_words_analyzed
gradual,Mới - chưa có ảnh,2,"happening or changing slowly over a period of time, not suddenly","dần dần, từ từ","gradual, gradually",missing_words_analyzed
graffiti,Mới - chưa có ảnh,1,writing or drawings scribbled or painted illicitly on a wall or surface.,hình vẽ/chữ viết bậy (graffiti) trên tường,graffiti,missing_words_analyzed
gram,Mới - chưa có ảnh,3,a metric unit of mass equal to one thousandth of a kilogram,gam (đơn vị khối lượng),"gram, kilogram, telegram",missing_words_analyzed
grammar,Mới - chưa có ảnh,1,"the whole system and structure of a language, including rules of syntax and word forms",ngữ pháp,grammatical,missing_words_analyzed
grape,Mới - chưa có ảnh,1,"a small, round fruit that grows in clusters on a vine",quả nho,grape,missing_words_analyzed
graph,Mới - chưa có ảnh,6+,"a diagram showing the relationship between varying quantities, typically using axes","biểu đồ, đồ thị","demographic, geographic, geography, paragraph, photograph, telegraph",missing_words_analyzed
grapple,Mới - chưa có ảnh,1,to engage in a close fight without weapons; to struggle to deal with a problem,"vật lộn, đấu vật; vật lộn để giải quyết (vấn đề)",grapple,missing_words_analyzed
grate,Mới - chưa có ảnh,1,"to shred food by rubbing it against a rough surface; also, to irritate.","bào, nạo (thức ăn); (nghĩa khác) làm khó chịu",grate,missing_words_analyzed
gratify,Mới - chưa có ảnh,1,to give someone pleasure or satisfaction,"làm hài lòng, thỏa mãn",gratification,missing_words_analyzed
gratitude,Mới - chưa có ảnh,1,the quality of being thankful,lòng biết ơn,gratitude,missing_words_analyzed
gravel,Mới - chưa có ảnh,1,"small stones and pebbles, often used to surface roads or paths.","sỏi, đá dăm",gravel,missing_words_analyzed
gray,Mới - chưa có ảnh,1,"of a color between black and white, like ash or smoke",(màu) xám,gray,missing_words_analyzed
graze,Mới - chưa có ảnh,1,(of animals) to feed on growing grass; or to scrape the skin lightly,gặm cỏ; hoặc làm trầy xước da,graze,missing_words_analyzed
grease,Mới - chưa có ảnh,1,"a thick oily substance, especially one used to lubricate machinery","mỡ bôi trơn, dầu mỡ",grease,missing_words_analyzed
greed,Mới - chưa có ảnh,1,"intense and selfish desire for wealth, power, or food",lòng tham,greedy,missing_words_analyzed
greet,Mới - chưa có ảnh,2,to address someone with a friendly welcome.,chào hỏi,"greet, greeting",missing_words_analyzed
grief,Mới - chưa có ảnh,1,"deep sorrow, especially caused by someone's death","nỗi đau buồn, sự đau khổ",grief,missing_words_analyzed
grieve,Mới - chưa có ảnh,1,"to feel intense sorrow, especially over someone's death.","đau buồn, thương tiếc",grieve,missing_words_analyzed
grime,Mới - chưa có ảnh,1,dirt that is ingrained on a surface or engrained in skin,"bụi bẩn bám chặt, ghét bẩn",grime,missing_words_analyzed
grin,Mới - chưa có ảnh,1,to smile broadly,cười toe toét,grin,missing_words_analyzed
grit,Mới - chưa có ảnh,1,small loose particles of stone or sand; courage and resolve,"sạn, cát nhỏ; nghị lực, sự kiên cường",grit,missing_words_analyzed
grocer,Mới - chưa có ảnh,1,a person or shop that sells food and small household goods,"người bán tạp hóa, cửa hàng tạp hóa",grocery,missing_words_analyzed
groom,Mới - chưa có ảnh,1,"to clean and care for the appearance of an animal, or to prepare someone for a particular role","chải chuốt, chăm sóc; huấn luyện chuẩn bị cho ai đó",groom,missing_words_analyzed
groove,Mới - chưa có ảnh,1,"a long, narrow channel or track cut into a surface.","rãnh, khe (trên bề mặt)",groove,missing_words_analyzed
grove,Mới - chưa có ảnh,1,"a small group of trees, especially one of a particular kind","lùm cây, rừng cây nhỏ",grove,missing_words_analyzed
grumble,Mới - chưa có ảnh,1,"to complain in a low, muttering, and persistent way.","càu nhàu, phàn nàn",grumble,missing_words_analyzed
guesswork,Mới - chưa có ảnh,1,the process of estimating or guessing without sufficient information,"sự phỏng đoán, đoán mò",guesswork,missing_words_analyzed
guild,Mới - chưa có ảnh,1,"an association of people with similar interests or professions, especially craftsmen.","phường hội, hiệp hội nghề nghiệp",guild,missing_words_analyzed
guinea,Mới - chưa có ảnh,1,a former British gold coin worth 21 shillings.,đồng ghi-nê (tiền vàng cũ của Anh),guinea,missing_words_analyzed
guise,Mới - chưa có ảnh,2,"an external form or appearance, especially one intended to disguise the truth.","vỏ bọc, hình thức bên ngoài","disguise, guise",missing_words_analyzed
gulf,Mới - chưa có ảnh,1,a large area of sea that is partly surrounded by land,vịnh (biển lớn),gulf,missing_words_analyzed
gull,Mới - chưa có ảnh,1,"a seabird with typically grey or white plumage; also, to deceive or trick someone",chim mòng biển; (động từ) lừa gạt,gullible,missing_words_analyzed
gum,Mới - chưa có ảnh,1,"a sticky substance exuded by certain trees; also chewing gum, or the firm flesh surrounding the teeth",kẹo cao su; nướu răng; nhựa cây,gum,missing_words_analyzed
gunsmith,Mới - chưa có ảnh,1,a person who makes or repairs guns,thợ chế tạo/sửa súng,gunsmith,missing_words_analyzed
gush,Mới - chưa có ảnh,1,to flow out suddenly and in large quantities; to talk with excessive enthusiasm,"trào ra, phun ra ồ ạt; nói thao thao đầy nhiệt tình",gush,missing_words_analyzed
gust,Mới - chưa có ảnh,2,a sudden strong rush of wind,cơn gió giật mạnh,"disgust, gust",missing_words_analyzed
gymnast,Mới - chưa có ảnh,1,a person trained or skilled in gymnastics,vận động viên thể dục dụng cụ,gymnastic,missing_words_analyzed
habitat,Mới - chưa có ảnh,1,the natural environment in which an organism normally lives,môi trường sống,habitat,missing_words_analyzed
habitual,Mới - chưa có ảnh,1,done constantly or repeatedly as a habit,"theo thói quen, thường xuyên",habitually,missing_words_analyzed
habituate,Mới - chưa có ảnh,1,to make someone or something used to a particular situation or condition,làm cho quen với,habituation,missing_words_analyzed
hack,Mới - chưa có ảnh,2,a clever or improvised solution to a problem,"mẹo hay, cách xử lý khéo léo (life hack)","hack, hacker",missing_words_analyzed
hairline,Mới - chưa có ảnh,1,the edge of a person's hair growth on the forehead; also a very thin line or crack,đường chân tóc; hoặc vết nứt/rãnh rất mảnh,hairline,missing_words_analyzed
halberd,Mới - chưa có ảnh,1,a medieval weapon combining a spear and a battle-axe,cây kích (vũ khí thời trung cổ kết hợp giáo và rìu),halberd,missing_words_analyzed
hale,Mới - chưa có ảnh,1,"very strong and healthy, especially in the phrase 'hale and hearty'","khỏe mạnh, tráng kiện",inhale,missing_words_analyzed
half,Mới - chưa có ảnh,2,one of two equal or corresponding parts into which something is divided,một nửa,"behalf, halve",missing_words_analyzed
hallway,Mới - chưa có ảnh,1,a corridor or passage in a building,hành lang,hallway,missing_words_analyzed
ham,Mới - chưa có ảnh,2,"meat from a pig's thigh, salted or smoked for eating","thịt giăm bông, thịt đùi lợn xông khói","ham, hamlet",missing_words_analyzed
hammer,Mới - chưa có ảnh,1,to hit something repeatedly with a hammer or with force,đóng/đập bằng búa; nện mạnh,hammer,missing_words_analyzed
hamper,Mới - chưa có ảnh,1,"a large basket with a lid, used for carrying food or laundry","giỏ đựng đồ có nắp (thức ăn, quần áo)",hamper,missing_words_analyzed
handcraft,Mới - chưa có ảnh,1,to make or produce something skillfully by hand rather than by machine,"chế tác thủ công, làm bằng tay",handcraft,missing_words_analyzed
happen,Mới - chưa có ảnh,1,"to occur or take place, especially without being planned",xảy ra,happen,missing_words_analyzed
harass,Mới - chưa có ảnh,1,"to subject someone to repeated aggressive pressure, intimidation, or unwanted attention",quấy rối,harassment,missing_words_analyzed
hardy,Mới - chưa có ảnh,1,capable of enduring difficult conditions; robust,"cứng cáp, chịu đựng tốt, khỏe mạnh",hardiness,missing_words_analyzed
harmony,Mới - chưa có ảnh,1,the state of being in agreement; a pleasing combination or arrangement of different elements.,sự hài hòa; hòa âm.,harmony,missing_words_analyzed
harness,Mới - chưa có ảnh,1,"to control and make use of a natural resource, especially to produce energy","khai thác, tận dụng (nguồn lực)",harness,missing_words_analyzed
harp,Mới - chưa có ảnh,1,"a large musical instrument with strings stretched across a triangular frame, played by plucking",đàn hạc,harper,missing_words_analyzed
hassle,Mới - chưa có ảnh,1,"to repeatedly bother, pressure, or harass someone","làm phiền, quấy rầy, gây áp lực liên tục lên ai đó",hassle,missing_words_analyzed
haste,Mới - chưa có ảnh,1,excessive speed or urgency of movement or action,"sự vội vàng, sự gấp gáp",hasty,missing_words_analyzed
hatch,Mới - chưa có ảnh,1,"to emerge from an egg, or to devise a plan","nở (từ trứng); hoặc bày mưu, lập kế hoạch",hatch,missing_words_analyzed
haul,Mới - chưa có ảnh,2,to pull or drag something heavy with effort,"kéo, lôi (vật nặng)","haul, overhaul",missing_words_analyzed
haven,Mới - chưa có ảnh,1,a place of safety or refuge,nơi trú ẩn an toàn,haven,missing_words_analyzed
hawk,Mới - chưa có ảnh,1,a fast-flying bird of prey with a hooked beak and sharp talons,"chim ưng, loài chim săn mồi bay nhanh có mỏ quặp và móng vuốt sắc",hawk,missing_words_analyzed
hay,Mới - chưa có ảnh,1,grass that has been cut and dried for use as animal fodder,cỏ khô,hay,missing_words_analyzed
haze,Mới - chưa có ảnh,1,"a slight obscuration of the lower atmosphere, often due to fine particles; a state of mental confusion","sương mù nhẹ, sự mờ ảo",hazy,missing_words_analyzed
headland,Mới - chưa có ảnh,1,a narrow area of land that projects from a coastline into the sea,mũi đất nhô ra biển,headland,missing_words_analyzed
headline,Mới - chưa có ảnh,1,"a heading at the top of a newspaper article or page, printed in large type",tiêu đề (báo),headline,missing_words_analyzed
headwind,Mới - chưa có ảnh,1,"a wind blowing directly against the course of an aircraft or ship; figuratively, an obstacle or difficulty","gió ngược; (nghĩa bóng) trở ngại, khó khăn",headwind,missing_words_analyzed
heap,Mới - chưa có ảnh,1,an untidy collection of things piled on top of each other,đống (đồ vật chất chồng lộn xộn),heap,missing_words_analyzed
heave,Mới - chưa có ảnh,2,"to lift, pull, or throw something with great effort.",nâng/kéo/ném (vật gì) một cách gắng sức,"heave, upheaval",missing_words_analyzed
heckle,Mới - chưa có ảnh,1,to interrupt a public speaker or performer with aggressive comments or abuse,"chất vấn, la ó, chọc phá (người diễn thuyết)",heckler,missing_words_analyzed
hectic,Mới - chưa có ảnh,1,"full of frantic, rushed activity; very busy","bận rộn, hối hả, tất bật",hectic,missing_words_analyzed
hedge,Mới - chưa có ảnh,1,"to avoid committing to a clear decision, or to protect against financial loss",tránh cam kết rõ ràng; hoặc phòng ngừa rủi ro tài chính,hedge,missing_words_analyzed
heed,Mới - chưa có ảnh,1,to pay careful attention to advice or a warning.,"lưu ý, để tâm (đến lời khuyên/cảnh báo)",heed,missing_words_analyzed
heir,Mới - chưa có ảnh,2,"a person legally entitled to inherit the property, rank, or position of another",người thừa kế,"heir, heirloom",missing_words_analyzed
heist,Mới - chưa có ảnh,1,"a robbery, especially of a bank or a large amount of money or valuables",vụ trộm/cướp lớn,heist,missing_words_analyzed
held,Mới - chưa có ảnh,1,past tense and past participle of hold,"đã giữ, đã cầm (quá khứ của hold)",handheld,missing_words_analyzed
hello,Mới - chưa có ảnh,1,used as a greeting or to begin a phone conversation,xin chào (dùng để chào hỏi),hello,missing_words_analyzed
helm,Mới - chưa có ảnh,2,"a wheel or tiller used to steer a ship; figuratively, a position of leadership or control",bánh lái (tàu); vị trí lãnh đạo,"helm, helmet",missing_words_analyzed
hemp,Mới - chưa có ảnh,1,"a tall plant whose fibers are used to make rope, fabric, and paper","cây gai dầu (dùng làm sợi, vải, giấy)",hemp,missing_words_analyzed
henceforth,Mới - chưa có ảnh,1,from this time on; from now on,từ nay trở đi,henceforth,missing_words_analyzed
herd,Mới - chưa có ảnh,1,a large group of animals living or feeding together,"đàn (gia súc, thú)",herd,missing_words_analyzed
heritage,Mới - chưa có ảnh,1,"valued objects, qualities, or traditions handed down from previous generations",di sản,heritage,missing_words_analyzed
heroin,Mới - chưa có ảnh,1,a highly addictive opioid drug derived from morphine,"heroin, bạch phiến",heroin,missing_words_analyzed
herring,Mới - chưa có ảnh,1,"a small, silvery fish found in large shoals in the sea.",cá trích,herring,missing_words_analyzed
hes,Mới - chưa có ảnh,1,"an informal plural form of 'he', used to refer to males collectively","cách dùng thân mật, số nhiều của 'he'",cohesive,missing_words_analyzed
hesitate,Mới - chưa có ảnh,3,"to pause before saying or doing something, often due to uncertainty","do dự, ngần ngại","hesitant, hesitation, unhesitatingly",missing_words_analyzed
heuristic,Mới - chưa có ảnh,1,a rule of thumb or practical method used to solve problems quickly,"phương pháp phỏng đoán, quy tắc kinh nghiệm",heuristic,missing_words_analyzed
hey,Mới - chưa có ảnh,1,"used to attract attention or express surprise, interest, or annoyance",này! (dùng để gây chú ý hoặc thể hiện ngạc nhiên),hey,missing_words_analyzed
hiccup,Mới - chưa có ảnh,1,"an involuntary spasm of the diaphragm that causes a sharp, characteristic sound.",nấc cụt,hiccup,missing_words_analyzed
hierarchy,Mới - chưa có ảnh,1,a system in which people or things are ranked according to relative status or authority,"hệ thống thứ bậc, tôn ti trật tự",hierarchy,missing_words_analyzed
hike,Mới - chưa có ảnh,2,"to walk for a long distance, especially across country or in the hills","đi bộ đường dài, leo núi","hike, hiker",missing_words_analyzed
hillside,Mới - chưa có ảnh,1,the sloping side of a hill,sườn đồi,hillside,missing_words_analyzed
hind,Mới - chưa có ảnh,1,"situated at the back, especially of an animal's body",ở phía sau (thường chỉ bộ phận cơ thể động vật),hind,missing_words_analyzed
hinder,Mới - chưa có ảnh,1,"to create difficulty for someone or something, delaying progress","cản trở, gây khó khăn",hinder,missing_words_analyzed
hinge,Mới - chưa có ảnh,1,to depend entirely on a particular factor or condition,"phụ thuộc vào, xoay quanh (điều gì)",hinge,missing_words_analyzed
hint,Mới - chưa có ảnh,1,a slight or indirect indication or suggestion,"lời gợi ý, sự ám chỉ",hint,missing_words_analyzed
hiss,Mới - chưa có ảnh,1,"to make a sharp sound like a prolonged 's', especially as an expression of disapproval","phát ra tiếng rít (như tiếng rắn), xì xì",hiss,missing_words_analyzed
historic,Mới - chưa có ảnh,1,"famous or important in history, or likely to be seen as important in the future","có tính lịch sử, mang tính lịch sử",prehistoric,missing_words_analyzed
history,Mới - chưa có ảnh,3,"the study of past events, especially in human affairs",lịch sử,"historian, historical, history",missing_words_analyzed
hoard,Mới - chưa có ảnh,1,"to accumulate and store away money or valued objects, often secretly","tích trữ, cất giấu",hoard,missing_words_analyzed
hoarse,Mới - chưa có ảnh,2,"having a rough, harsh voice, especially due to a sore throat",khàn giọng,"hoarse, hoarseness",missing_words_analyzed
hoc,Mới - chưa có ảnh,1,"(only used in the borrowed Latin phrase 'ad hoc') for a specific, immediate purpose rather than a general one.","(chỉ dùng trong cụm 'ad hoc' vay mượn tiếng Latin) tạm thời, cho mục đích cụ thể trước mắt",hoc,missing_words_analyzed
hoe,Mới - chưa có ảnh,1,"a long-handled gardening tool with a flat blade, used to remove weeds or turn soil",cái cuốc (dụng cụ làm vườn),hoe,missing_words_analyzed
hoist,Mới - chưa có ảnh,1,"to raise something heavy, especially by means of ropes or pulleys","nâng, kéo lên (vật nặng, thường bằng dây hoặc ròng rọc)",hoist,missing_words_analyzed
homeland,Mới - chưa có ảnh,1,the country where a person was born or has permanent residence,"quê hương, tổ quốc",homeland,missing_words_analyzed
homemade,Mới - chưa có ảnh,1,made at home rather than bought from a shop,tự làm tại nhà (không mua ở cửa hàng),homemade,missing_words_analyzed
hone,Mới - chưa có ảnh,1,"to sharpen a blade, or to refine and perfect a skill","mài giũa, trau dồi (kỹ năng)",hone,missing_words_analyzed
honey,Mới - chưa có ảnh,1,"a sweet, sticky substance made by bees from flower nectar",mật ong,honey,missing_words_analyzed
hood,Mới - chưa có ảnh,2,"a covering for the head and neck, often part of a coat; also the folding roof of a vehicle or an engine cover",mũ trùm đầu; nắp capo (xe),"hoodie, hoodwink",missing_words_analyzed
hop,Mới - chưa có ảnh,1,"to jump on one leg, or (of an animal) to move by jumping with all feet at once","nhảy lò cò, nhảy",hop,missing_words_analyzed
horde,Mới - chưa có ảnh,1,a large group or crowd of people.,"đám đông, bầy đàn",horde,missing_words_analyzed
horizon,Mới - chưa có ảnh,2,the line at which the earth's surface and the sky appear to meet.,đường chân trời.,"horizon, horizontal",missing_words_analyzed
hormone,Mới - chưa có ảnh,2,a regulatory substance produced in the body that is carried by body fluids to stimulate cells or tissues into action,"hormone, nội tiết tố","hormonal, hormone",missing_words_analyzed
horror,Mới - chưa có ảnh,1,"an intense feeling of fear, shock, or disgust","sự kinh hoàng, nỗi khiếp sợ",horrific,missing_words_analyzed
hose,Mới - chưa có ảnh,1,a flexible tube used for conveying water or other liquids,"vòi, ống dẫn nước",hose,missing_words_analyzed
hospice,Mới - chưa có ảnh,1,a facility that provides care for people who are terminally ill.,trung tâm chăm sóc người bệnh giai đoạn cuối,hospice,missing_words_analyzed
hover,Mới - chưa có ảnh,1,to remain suspended in one place in the air,"lơ lửng, bay treo tại chỗ",hover,missing_words_analyzed
hub,Mới - chưa có ảnh,1,"the central and most important part of an area, organization, or system; the central part of a wheel","trung tâm, đầu mối",hub,missing_words_analyzed
huddle,Mới - chưa có ảnh,1,a small close group of people or things crowded together,một nhóm nhỏ người/vật tụm sát nhau,huddle,missing_words_analyzed
hug,Mới - chưa có ảnh,1,to put one's arms around someone and hold them closely as a sign of affection,ôm,hug,missing_words_analyzed
hum,Mới - chưa có ảnh,1,to make a low continuous sound; to sing a tune with closed lips,"kêu vo ve, ngân nga hát khe khẽ",hum,missing_words_analyzed
humane,Mới - chưa có ảnh,2,"showing compassion or benevolence, especially toward people or animals in distress","nhân đạo, có lòng trắc ẩn (đối với người hoặc động vật đang gặp khó khăn)","humane, humanely",missing_words_analyzed
humid,Mới - chưa có ảnh,2,marked by a high level of moisture in the air,ẩm ướt (không khí),"humid, humidity",missing_words_analyzed
hump,Mới - chưa có ảnh,1,"a rounded raised mass, such as on a camel's back","cái bướu, gò nổi lên",hump,missing_words_analyzed
hunger,Mới - chưa có ảnh,1,a feeling of discomfort or weakness caused by lack of food,"cơn đói, sự đói khát",hunger,missing_words_analyzed
hurl,Mới - chưa có ảnh,1,to throw something with great force,"ném mạnh, quăng mạnh",hurl,missing_words_analyzed
hurricane,Mới - chưa có ảnh,1,"a violent tropical storm with very strong, rotating winds",cơn bão lớn (bão nhiệt đới),hurricane,missing_words_analyzed
hybrid,Mới - chưa có ảnh,1,"something made by combining two different elements, species, or systems","sản phẩm/sinh vật lai, kết hợp hai yếu tố khác nhau",hybrid,missing_words_analyzed
hydrate,Mới - chưa có ảnh,2,"to cause something to absorb water; also, a chemical compound formed by the combination of water with another substance","cấp nước, làm ẩm; hợp chất hydrat","carbohydrate, dehydration",missing_words_analyzed
hydraulic,Mới - chưa có ảnh,1,operated by the movement and force of liquid,"thuộc thủy lực, vận hành bằng áp lực chất lỏng",hydraulic,missing_words_analyzed
hydroponic,Mới - chưa có ảnh,1,"relating to the growing of plants in water containing dissolved nutrients, without soil",(thuộc) thủy canh,hydroponic,missing_words_analyzed
hygiene,Mới - chưa có ảnh,1,practices that maintain health and cleanliness,vệ sinh,hygiene,missing_words_analyzed
hysteric,Mới - chưa có ảnh,1,a person who is suffering from or subject to hysteria; a fit of uncontrollable emotion,người bị cuồng loạn; cơn cuồng loạn,hysterical,missing_words_analyzed
identify,Mới - chưa có ảnh,1,to establish or indicate who or what someone or something is,"nhận dạng, xác định",unidentified,missing_words_analyzed
identity,Mới - chưa có ảnh,2,the fact of being a specified person or thing; a sense of self,"danh tính, bản sắc","identify, identity",missing_words_analyzed
idiom,Mới - chưa có ảnh,1,a phrase whose meaning cannot be understood from the individual words,thành ngữ,idiom,missing_words_analyzed
idiosyncrasy,Mới - chưa có ảnh,1,a mode of behavior or way of thinking peculiar to an individual,"nét đặc trưng riêng, tật riêng của một cá nhân",idiosyncrasy,missing_words_analyzed
idle,Mới - chưa có ảnh,2,not working or in use; avoiding work; lazy,"nhàn rỗi, lười biếng","idle, idleness",missing_words_analyzed
idol,Mới - chưa có ảnh,1,"a person who is greatly admired, loved, or revered; also an image or object worshipped as a god",thần tượng; tượng thờ,idol,missing_words_analyzed
ignite,Mới - chưa có ảnh,1,"to set fire to something, or to begin burning","đốt cháy, bắt lửa",ignite,missing_words_analyzed
iii,Mới - chưa có ảnh,1,"The Roman numeral for three, used especially after a name to indicate the third bearer of it.","Số La Mã III (số 3), thường dùng sau tên riêng để chỉ đời thứ ba.",iii,missing_words_analyzed
illusion,Mới - chưa có ảnh,1,a false idea or belief; something that appears different from reality,"ảo giác, ảo tưởng",illusion,missing_words_analyzed
imitate,Mới - chưa có ảnh,3,"to copy the behavior, appearance, or actions of someone or something else",bắt chước,"imitate, imitation, imitator",missing_words_analyzed
immerse,Mới - chưa có ảnh,2,to dip or submerge someone or something in liquid; to involve oneself deeply in an activity,"nhúng chìm; đắm mình, chìm đắm","immersion, immersive",missing_words_analyzed
impact,Mới - chưa có ảnh,1,a powerful effect that one thing has on another,"tác động, ảnh hưởng",impact,missing_words_analyzed
impede,Mới - chưa có ảnh,1,to delay or prevent someone or something by obstructing them,"cản trở, gây trở ngại",impedance,missing_words_analyzed
implement,Mới - chưa có ảnh,2,"to put a decision, plan, or agreement into effect","thực hiện, thi hành","implement, implementation",missing_words_analyzed
implicate,Mới - chưa có ảnh,1,to show that someone is involved in a crime or wrongdoing; to imply,"liên lụy, dính líu; ngụ ý",implication,missing_words_analyzed
impose,Mới - chưa có ảnh,1,"to force something, such as a rule, tax, or duty, to be accepted or applied","áp đặt, đặt ra",reimpose,missing_words_analyzed
impoverish,Mới - chưa có ảnh,1,to make someone or something poor,"làm cho nghèo đi, bần cùng hóa",impoverish,missing_words_analyzed
impress,Mới - chưa có ảnh,2,to make someone feel admiration or respect,gây ấn tượng,"impressively, unimpressive",missing_words_analyzed
improvise,Mới - chưa có ảnh,1,to create or perform something spontaneously without preparation,"ứng biến, ứng tác",improvisation,missing_words_analyzed
inch,Mới - chưa có ảnh,1,a unit of linear measure equal to one twelfth of a foot (2.54 cm),"inch (đơn vị đo chiều dài, ~2.54cm)",inch,missing_words_analyzed
incidence,Mới - chưa có ảnh,2,the rate at which something occurs,tỷ lệ xảy ra (của một hiện tượng),"coincidence, incidence",missing_words_analyzed
incident,Mới - chưa có ảnh,1,"an event or occurrence, especially one that is unusual or unpleasant","sự việc, vụ việc",incident,missing_words_analyzed
include,Mới - chưa có ảnh,1,to contain something as part of a whole,bao gồm,include,missing_words_analyzed
increase,Mới - chưa có ảnh,2,"to become or make greater in size, amount, or degree",tăng lên,"increase, increasingly",missing_words_analyzed
increment,Mới - chưa có ảnh,1,"an increase or addition, especially one of a series over time","sự gia tăng, mức tăng dần",incremental,missing_words_analyzed
individual,Mới - chưa có ảnh,2,"a single human being, as distinct from a group","một cá nhân, một người","individual, individually",missing_words_analyzed
infect,Mới - chưa có ảnh,1,"to affect a person, animal, or plant with a disease-causing organism","lây nhiễm, làm nhiễm bệnh",disinfect,missing_words_analyzed
inferior,Mới - chưa có ảnh,1,"lower in rank, status, or quality","kém hơn, thấp hơn (về địa vị, chất lượng)",inferior,missing_words_analyzed
inferno,Mới - chưa có ảnh,1,a large fire that is dangerously out of control,"biển lửa, đám cháy dữ dội mất kiểm soát",inferno,missing_words_analyzed
infest,Mới - chưa có ảnh,1,"(of insects or animals) to be present in large numbers, typically causing damage or disease","xâm nhập, phá hoại (thường chỉ sâu bọ, côn trùng lan tràn)",infest,missing_words_analyzed
influence,Mới - chưa có ảnh,2,"the capacity to have an effect on the character, development, or behavior of someone or something",ảnh hưởng,"influence, influential",missing_words_analyzed
influenza,Mới - chưa có ảnh,1,"a contagious viral infection causing fever, aches, and respiratory symptoms; the flu",bệnh cúm,influenza,missing_words_analyzed
info,Mới - chưa có ảnh,1,informal shortened form of 'information',thông tin (dạng viết tắt thân mật của 'information'),info,missing_words_analyzed
ingot,Mới - chưa có ảnh,1,"a block of metal, typically shaped for storage or transportation",thỏi kim loại (đúc để lưu trữ hoặc vận chuyển),ingot,missing_words_analyzed
ingredient,Mới - chưa có ảnh,1,any of the foods or substances combined to make a particular dish,"thành phần, nguyên liệu",ingredient,missing_words_analyzed
inhabit,Mới - chưa có ảnh,1,to live in or occupy a place,"cư trú, sinh sống tại",uninhabitable,missing_words_analyzed
inherent,Mới - chưa có ảnh,1,existing as a natural or essential part of something,"vốn có, cố hữu",inherent,missing_words_analyzed
inherit,Mới - chưa có ảnh,1,"to receive money, property, a title, or a characteristic from a predecessor","thừa kế, di truyền",inheritance,missing_words_analyzed
initial,Mới - chưa có ảnh,1,existing or occurring at the beginning; first,"ban đầu, lúc đầu",initially,missing_words_analyzed
initiate,Mới - chưa có ảnh,1,to cause a process or action to begin,"khởi xướng, bắt đầu",initiative,missing_words_analyzed
innovate,Mới - chưa có ảnh,1,"to introduce new methods, ideas, or products","đổi mới, cải tiến",innovation,missing_words_analyzed
inquire,Mới - chưa có ảnh,1,to ask for information from someone,"hỏi, thăm dò, tìm hiểu",inquiry,missing_words_analyzed
inspect,Mới - chưa có ảnh,1,"to look at something closely, typically to check its condition or quality","kiểm tra, thanh tra",inspection,missing_words_analyzed
inspire,Mới - chưa có ảnh,3,to fill someone with a strong desire or ability to do something creative,truyền cảm hứng,"inspiration, inspire, uninspiring",missing_words_analyzed
instantaneous,Mới - chưa có ảnh,1,"occurring or done instantly, without any perceptible delay","tức thời, ngay lập tức",instantaneously,missing_words_analyzed
institute,Mới - chưa có ảnh,2,"to establish or introduce a system, practice, or proceeding","thiết lập, khởi xướng","institute, institution",missing_words_analyzed
institution,Mới - chưa có ảnh,1,"an organization founded for a religious, educational, social, or similar purpose","tổ chức, cơ quan, thể chế",institutional,missing_words_analyzed
instruct,Mới - chưa có ảnh,2,"to teach someone a skill or subject, or to give someone an order or directive","hướng dẫn, chỉ dẫn, ra lệnh","instruction, instructor",missing_words_analyzed
insular,Mới - chưa có ảnh,1,relating to or characteristic of an island; narrow-minded or isolated in outlook,"biệt lập, thuộc về hải đảo; hẹp hòi",insularity,missing_words_analyzed
insulate,Mới - chưa có ảnh,2,"to protect something from losing heat, sound, or electricity by covering it","cách nhiệt, cách âm, cách điện","insulate, insulation",missing_words_analyzed
insure,Mới - chưa có ảnh,1,"to arrange for compensation in the event of damage, loss, illness, or death, in return for regular payment",bảo hiểm,uninsured,missing_words_analyzed
int,Mới - chưa có ảnh,1,"(computing) a data type representing whole numbers; an abbreviation of ""integer""","(tin học) kiểu dữ liệu số nguyên; viết tắt của ""integer""",int,missing_words_analyzed
intact,Mới - chưa có ảnh,1,not damaged or broken; complete,còn nguyên vẹn,intact,missing_words_analyzed
integrity,Mới - chưa có ảnh,1,the quality of being honest and having strong moral principles; the state of being whole and undivided,"tính chính trực, sự liêm chính; tính toàn vẹn",integrity,missing_words_analyzed
intellect,Mới - chưa có ảnh,2,the faculty of reasoning and understanding objectively,"trí tuệ, năng lực tư duy","intellect, intellectually",missing_words_analyzed
intelligence,Mới - chưa có ảnh,1,"the ability to learn, understand, and apply knowledge","trí thông minh, trí tuệ",intelligence,missing_words_analyzed
intelligent,Mới - chưa có ảnh,1,"having or showing the ability to learn, understand, and think in a logical way",thông minh,intelligent,missing_words_analyzed
intend,Mới - chưa có ảnh,1,to have a plan or purpose in mind; to mean to do something,"dự định, có ý định",unintended,missing_words_analyzed
intent,Mới - chưa có ảnh,1,"firmly focused or determined; also, a person's aim or purpose","chăm chú, quyết tâm; ý định, mục đích",intentional,missing_words_analyzed
intention,Mới - chưa có ảnh,3,an aim or plan; something one intends to do,"ý định, mục đích","intentionally, unintentional, unintentionally",missing_words_analyzed
interfere,Mới - chưa có ảnh,1,"to intervene in a situation without invitation or necessity, often disrupting it","can thiệp, gây trở ngại",interference,missing_words_analyzed
interior,Mới - chưa có ảnh,1,situated within or belonging to the inside of something,"bên trong, nội thất",interior,missing_words_analyzed
intern,Mới - chưa có ảnh,3,"to confine someone, especially during a war or political upheaval","giam giữ, quản thúc (ai đó, thường trong thời chiến)","intern, internal, internship",missing_words_analyzed
interrupt,Mới - chưa có ảnh,1,to stop the continuous progress of an activity or a person speaking,"làm gián đoạn, ngắt lời",uninterrupted,missing_words_analyzed
interval,Mới - chưa có ảnh,1,"a pause or space of time between two events, or a break during a performance","khoảng thời gian, quãng nghỉ",interval,missing_words_analyzed
intestine,Mới - chưa có ảnh,1,the long tube in the body that processes food after it leaves the stomach,ruột,intestinal,missing_words_analyzed
intrinsic,Mới - chưa có ảnh,1,belonging naturally to something; essential,"vốn có, nội tại, bản chất",intrinsic,missing_words_analyzed
intro,Mới - chưa có ảnh,1,"an informal short form of 'introduction'; an opening section of a piece of writing, music, etc.","phần mở đầu, giới thiệu (dạng rút gọn)",intro,missing_words_analyzed
introduce,Mới - chưa có ảnh,1,to bring something into use or existence for the first time; to present one person to another,"giới thiệu, đưa vào sử dụng",introduction,missing_words_analyzed
intuition,Mới - chưa có ảnh,1,"the ability to understand something instinctively, without conscious reasoning",trực giác,intuition,missing_words_analyzed
invent,Mới - chưa có ảnh,1,to create or design something that did not exist before,"phát minh, sáng chế",invention,missing_words_analyzed
invest,Mới - chưa có ảnh,6+,to put money into something in order to make a profit,đầu tư,"invest, investment, investor, reinvested, reinvesting, reinvests",missing_words_analyzed
involve,Mới - chưa có ảnh,2,to include something as a necessary part or result; to cause someone to participate in something,"liên quan đến, bao gồm; lôi cuốn tham gia","involve, involvement",missing_words_analyzed
iodine,Mới - chưa có ảnh,1,"a chemical element (symbol I), a non-metal used as an antiseptic and essential nutrient",i-ốt,iodine,missing_words_analyzed
irony,Mới - chưa có ảnh,1,"a state of affairs or use of language that is the opposite of what is expected, often with a wry or humorous effect","sự mỉa mai, trớ trêu, cách nói giễu cợt",irony,missing_words_analyzed
irrigate,Mới - chưa có ảnh,1,to supply land or crops with water through channels or pipes,"tưới tiêu, tưới nước",irrigation,missing_words_analyzed
irritate,Mới - chưa có ảnh,2,to make someone annoyed or impatient; to cause inflammation in a body part,làm khó chịu; gây kích ứng,"irritability, irritation",missing_words_analyzed
isle,Mới - chưa có ảnh,1,"an island, especially a small one (literary term)","đảo, hòn đảo (từ văn chương)",islet,missing_words_analyzed
ivory,Mới - chưa có ảnh,1,the hard white material forming the tusks of elephants,ngà voi,ivory,missing_words_analyzed
jack,Mới - chưa có ảnh,1,"a device for lifting heavy objects, especially a vehicle off the ground","cái kích (dùng để nâng vật nặng, ví dụ nâng xe ô tô)",jack,missing_words_analyzed
jade,Mới - chưa có ảnh,1,"a hard, typically green stone used for ornaments and jewelry",ngọc bích,jade,missing_words_analyzed
jag,Mới - chưa có ảnh,1,"a sharp, uneven point projecting from a surface",cạnh nhọn lởm chởm nhô ra,jag,missing_words_analyzed
jar,Mới - chưa có ảnh,2,"to have a harsh, jolting, or disturbing effect","gây khó chịu, làm chấn động","ajar, jar",missing_words_analyzed
jaw,Mới - chưa có ảnh,1,either of the upper or lower bony structures that form the framework of the mouth,hàm (bộ phận cơ thể),jaw,missing_words_analyzed
jawbone,Mới - chưa có ảnh,1,the bone forming the lower jaw,xương hàm,jawbone,missing_words_analyzed
jay,Mới - chưa có ảnh,1,"a noisy, brightly colored bird of the crow family","chim giẻ cùi (loài chim thuộc họ quạ, màu sặc sỡ và ồn ào)",jay,missing_words_analyzed
jealous,Mới - chưa có ảnh,1,"feeling or showing envy or resentment of someone's achievements, advantages, or possessions","ghen tị, ghen tuông",jealousy,missing_words_analyzed
jelly,Mới - chưa có ảnh,1,"a soft, semi-solid food made with gelatin, often fruit-flavored","thạch, mứt đông",jelly,missing_words_analyzed
jeopardy,Mới - chưa có ảnh,1,"danger of loss, harm, or failure","sự nguy hiểm, tình trạng gặp nguy",jeopardize,missing_words_analyzed
jerk,Mới - chưa có ảnh,1,to move with a sudden sharp movement,"giật mạnh, kéo giật đột ngột",jerk,missing_words_analyzed
jersey,Mới - chưa có ảnh,1,"a knitted garment, typically a sports shirt or sweater","áo len, áo thi đấu (jersey)",jersey,missing_words_analyzed
jog,Mới - chưa có ảnh,1,"to run at a slow, steady pace, especially for exercise",chạy bộ chậm rãi,jog,missing_words_analyzed
john,Mới - chưa có ảnh,1,informal (especially North American) term for a toilet,"(thông tục, đặc biệt ở Bắc Mỹ) nhà vệ sinh",john,missing_words_analyzed
joint,Mới - chưa có ảnh,2,"shared, held, or made by two or more people or parties together.","chung, liên kết, phối hợp.","joint, jointly",missing_words_analyzed
jostle,Mới - chưa có ảnh,1,"to push or bump against someone roughly, especially in a crowd","chen lấn, xô đẩy (trong đám đông)",jostle,missing_words_analyzed
journal,Mới - chưa có ảnh,4,"A scholarly publication issued regularly, or a personal daily record of events.",Tạp chí (học thuật) hoặc nhật ký.,"journal, journalism, journalist, journalistic",missing_words_analyzed
jungle,Mới - chưa có ảnh,1,"an area of land overgrown with dense forest and tangled vegetation, typically in the tropics",rừng rậm (nhiệt đới),jungle,missing_words_analyzed
junior,Mới - chưa có ảnh,1,"lower in rank, position, or age","cấp dưới, nhỏ tuổi hơn, hạng thấp hơn",junior,missing_words_analyzed
junk,Mới - chưa có ảnh,1,old or discarded articles regarded as useless or of little value,"đồ tạp nham, đồ bỏ đi",junk,missing_words_analyzed
jury,Mới - chưa có ảnh,1,a body of people sworn to give a verdict in a legal case based on the evidence presented.,bồi thẩm đoàn.,jury,missing_words_analyzed
juvenile,Mới - chưa có ảnh,1,relating to or characteristic of young people; not yet adult,"(thuộc) vị thành niên, trẻ tuổi",juvenile,missing_words_analyzed
keel,Mới - chưa có ảnh,1,the structural backbone of a ship or boat running along the base,"sống thuyền, xương sống của tàu thuyền",keel,missing_words_analyzed
kelp,Mới - chưa có ảnh,1,a large brown seaweed,rong biển (tảo bẹ),kelp,missing_words_analyzed
keyboard,Mới - chưa có ảnh,1,"a set of keys used to operate a computer, typewriter, or musical instrument",bàn phím,keyboard,missing_words_analyzed
keystone,Mới - chưa có ảnh,1,the central stone at the top of an arch that locks the other pieces in place; something essential,viên đá đỉnh vòm; điều/thứ cốt yếu,keystone,missing_words_analyzed
khan,Mới - chưa có ảnh,1,"a title used by rulers and officials in Central Asia, especially among Mongol and Turkic peoples",hãn (danh hiệu vua/thủ lĩnh ở Trung Á),khan,missing_words_analyzed
kickoff,Mới - chưa có ảnh,1,"the start of a football match, or more generally the beginning of an event",cú đá giao bóng (bóng đá); hoặc sự khởi đầu của một sự kiện,kickoff,missing_words_analyzed
kid,Mới - chưa có ảnh,1,to tease or deceive someone playfully; to joke,"trêu đùa, nói đùa",kid,missing_words_analyzed
kidney,Mới - chưa có ảnh,1,either of the two organs that filter blood and produce urine,quả thận,kidney,missing_words_analyzed
kiln,Mới - chưa có ảnh,1,"an oven or furnace for hardening, burning, or drying substances, especially pottery or bricks","lò nung (gốm, gạch)",kiln,missing_words_analyzed
kin,Mới - chưa có ảnh,2,one's family and relations,"họ hàng, thân thích","kin, kinship",missing_words_analyzed
kindle,Mới - chưa có ảnh,1,to light or set on fire; to arouse or inspire an emotion or feeling.,"nhóm (lửa); khơi dậy, gợi lên (cảm xúc).",kindle,missing_words_analyzed
kit,Mới - chưa có ảnh,2,"a set of tools, equipment, or supplies for a specific purpose","bộ dụng cụ, bộ đồ nghề","kit, toolkit",missing_words_analyzed
knack,Mới - chưa có ảnh,1,an acquired or natural skill at performing a task,"khiếu, sở trường, bí quyết",knack,missing_words_analyzed
kneel,Mới - chưa có ảnh,1,to go down or rest on one or both knees,quỳ xuống,kneel,missing_words_analyzed
knit,Mới - chưa có ảnh,1,to make fabric or garments by interlocking loops of yarn using needles,"đan (len, áo)",knit,missing_words_analyzed
knot,Mới - chưa có ảnh,1,a fastening made by looping a piece of string or rope and tightening it; a unit of speed for ships and aircraft,nút (dây); hải lý/giờ (đơn vị tốc độ),knot,missing_words_analyzed
knowledge,Mới - chưa có ảnh,4,"facts, information, and skills acquired through experience or education","kiến thức, sự hiểu biết","acknowledge, acknowledgement, acknowledgment, knowledgeable",missing_words_analyzed
known,Mới - chưa có ảnh,1,"past participle of know; recognized, familiar, or established","đã biết, được biết đến, nổi tiếng",unknown,missing_words_analyzed
knuckle,Mới - chưa có ảnh,1,"a joint of the finger, especially where it meets the hand",khớp ngón tay,knuckle,missing_words_analyzed
koala,Mới - chưa có ảnh,1,a grey furry Australian marsupial that lives in trees and eats eucalyptus leaves,gấu túi koala,koala,missing_words_analyzed
kudos,Mới - chưa có ảnh,1,praise and honor received for an achievement,"lời khen ngợi, danh tiếng",kudos,missing_words_analyzed
lab,Mới - chưa có ảnh,1,A laboratory; a room or building equipped for scientific research or experiments.,Phòng thí nghiệm (viết tắt của laboratory).,lab,missing_words_analyzed
lace,Mới - chưa có ảnh,2,a fine open fabric of threads in a delicate pattern; a cord used to fasten shoes,đăng ten (vải hoa văn tinh xảo); dây buộc (giày),"interlace, lace",missing_words_analyzed
lack,Mới - chưa có ảnh,1,"the state of being without, or not having enough of, something",sự thiếu hụt,lack,missing_words_analyzed
lacquer,Mới - chưa có ảnh,1,"a glossy varnish applied to wood, metal, or other materials for protection or decoration","sơn mài, sơn bóng (dùng phủ lên gỗ, kim loại)",lacquer,missing_words_analyzed
lad,Mới - chưa có ảnh,1,"a boy or young man, especially in informal British usage","chàng trai, cậu bé (cách nói thân mật kiểu Anh)",lad,missing_words_analyzed
lade,Mới - chưa có ảnh,1,to load cargo onto a ship (archaic or literary),chất hàng lên tàu (từ cổ/văn học),lade,missing_words_analyzed
lag,Mới - chưa có ảnh,1,a period of delay between two related events,độ trễ,lag,missing_words_analyzed
lake,Mới - chưa có ảnh,1,a large body of water surrounded by land,hồ,lake,missing_words_analyzed
lam,Mới - chưa có ảnh,1,"an escape from prison or from the police, as in the phrase 'on the lam'",sự trốn chạy khỏi cảnh sát/nhà tù (trong cụm 'on the lam'),lam,missing_words_analyzed
lance,Mới - chưa có ảnh,1,"a long weapon with a wooden shaft and a pointed metal head, formerly used by mounted soldiers","cây giáo, cây thương",freelance,missing_words_analyzed
landfall,Mới - chưa có ảnh,1,an act of reaching land after a journey by sea or air,"sự cập bờ, đến đất liền sau hành trình trên biển/không",landfall,missing_words_analyzed
landfill,Mới - chưa có ảnh,1,a site where waste is buried in the ground,bãi rác chôn lấp,landfill,missing_words_analyzed
landowner,Mới - chưa có ảnh,1,a person who owns land,chủ đất,landowner,missing_words_analyzed
lane,Mới - chưa có ảnh,1,"a narrow road, especially in a rural area, or a marked strip of a road for a single line of traffic","làn đường, ngõ hẻm",lane,missing_words_analyzed
language,Mới - chưa có ảnh,1,the system of communication used by a particular country or community,ngôn ngữ,language,missing_words_analyzed
lapse,Mới - chưa có ảnh,3,"a temporary failure of attention, memory, or judgment; also the passing of a period of time",sự sai sót/lơ đãng nhất thời; hoặc khoảng thời gian trôi qua,"elapse, lapse, relapse",missing_words_analyzed
laser,Mới - chưa có ảnh,1,"a device that produces a narrow, intense beam of light through amplified, coherent radiation","tia laser, thiết bị laser",laser,missing_words_analyzed
lat,Mới - chưa có ảnh,2,the former basic monetary unit of Latvia,lat (đơn vị tiền tệ cũ của Latvia),"legislate, legislative",missing_words_analyzed
latent,Mới - chưa có ảnh,1,existing but not yet visible or active,"tiềm ẩn, chưa bộc lộ",latent,missing_words_analyzed
later,Mới - chưa có ảnh,1,coming after the time in question or the present; more late,"sau đó, muộn hơn",unilateral,missing_words_analyzed
lateral,Mới - chưa có ảnh,2,"of, at, toward, or from the side; sideways","(thuộc) bên cạnh, theo chiều ngang","lateral, laterally",missing_words_analyzed
latex,Mới - chưa có ảnh,1,a milky fluid from certain plants used to make rubber; also a synthetic rubber material,nhựa mủ cao su; chất liệu cao su tổng hợp,latex,missing_words_analyzed
lava,Mới - chưa có ảnh,1,hot molten rock flowing from a volcano or fissure,dung nham núi lửa,lava,missing_words_analyzed
lawbreaker,Mới - chưa có ảnh,1,a person who breaks the law,kẻ vi phạm pháp luật,lawbreaker,missing_words_analyzed
lawn,Mới - chưa có ảnh,1,"an area of short, regularly mown grass",bãi cỏ (được cắt tỉa),lawn,missing_words_analyzed
lax,Mới - chưa có ảnh,1,"not sufficiently strict, careful, or exact","lỏng lẻo, thiếu chặt chẽ, không nghiêm ngặt",lax,missing_words_analyzed
layman,Mới - chưa có ảnh,1,a person without professional or specialized knowledge in a particular subject,"người ngoại đạo, người không chuyên về một lĩnh vực",layman,missing_words_analyzed
layoff,Mới - chưa có ảnh,1,a temporary or permanent discharge of workers from employment,sự sa thải (tạm thời hoặc vĩnh viễn) người lao động,layoff,missing_words_analyzed
leach,Mới - chưa có ảnh,1,to remove soluble substances from a material by allowing liquid to pass through it,"rửa trôi, lọc rỉ (chất hòa tan ra khỏi vật liệu)",leach,missing_words_analyzed
lease,Mới - chưa có ảnh,1,"a contract by which one party conveys property to another for a specified time, usually in exchange for payment",hợp đồng cho thuê,lease,missing_words_analyzed
leash,Mới - chưa có ảnh,1,a strap or cord used to restrain and guide a dog or other animal,"dây xích, dây dắt (chó)",leash,missing_words_analyzed
lecture,Mới - chưa có ảnh,2,"an educational talk given to an audience, especially students.","bài giảng, buổi thuyết trình.","lecture, lecturer",missing_words_analyzed
ledger,Mới - chưa có ảnh,1,a book or other collection of financial accounts of a particular type,sổ cái (kế toán),ledger,missing_words_analyzed
leech,Mới - chưa có ảnh,1,"A blood-sucking worm that lives in water, or a person who persistently exploits others.",Con đỉa.,leech,missing_words_analyzed
legate,Mới - chưa có ảnh,1,"an official envoy or representative, especially one sent by the Pope","đặc sứ, sứ thần",delegation,missing_words_analyzed
legislate,Mới - chưa có ảnh,1,to make or enact laws,"lập pháp, làm luật, ban hành luật",legislation,missing_words_analyzed
legitimate,Mới - chưa có ảnh,3,in accordance with the law or with accepted standards or rules,"hợp pháp, chính đáng","legitimacy, legitimate, legitimately",missing_words_analyzed
legume,Mới - chưa có ảnh,1,"a plant of the pea/bean family, or its edible seed or pod","cây họ đậu, đậu",legume,missing_words_analyzed
lens,Mới - chưa có ảnh,1,a piece of glass or transparent material with curved sides used to focus light,"thấu kính, ống kính",lens,missing_words_analyzed
lent,Mới - chưa có ảnh,1,past tense and past participle of lend; also (capitalized) the Christian period of fasting before Easter,đã cho mượn (quá khứ của lend); Mùa Chay,relentless,missing_words_analyzed
lesson,Mới - chưa có ảnh,1,a period of learning or teaching; something learned through experience,bài học,lesson,missing_words_analyzed
lettuce,Mới - chưa có ảnh,1,a plant with edible green leaves eaten raw in salads,"rau diếp, rau xà lách",lettuce,missing_words_analyzed
levee,Mới - chưa có ảnh,1,an embankment built to prevent a river from flooding,đê ngăn lũ,levee,missing_words_analyzed
lever,Mới - chưa có ảnh,2,"a rigid bar resting on a pivot, used to lift or move something",đòn bẩy,"lever, leverage",missing_words_analyzed
levy,Mới - chưa có ảnh,1,"an amount of money that is required to be paid, especially as a tax","khoản thuế (phải nộp), khoản phụ thu",levy,missing_words_analyzed
liaison,Mới - chưa có ảnh,1,"communication or cooperation between groups, or a person who facilitates this","sự liên lạc, phối hợp; người làm cầu nối",liaison,missing_words_analyzed
liberal,Mới - chưa có ảnh,1,open to new behavior or opinions; favoring individual freedom and reform,"tự do, cấp tiến, phóng khoáng",liberally,missing_words_analyzed
licit,Mới - chưa có ảnh,1,allowed by law; permissible and not forbidden,"hợp pháp, được phép",illicit,missing_words_analyzed
lieu,Mới - chưa có ảnh,1,"used chiefly in the phrase 'in lieu of', meaning instead of",chỉ dùng trong cụm 'in lieu of' nghĩa là thay vì,lieu,missing_words_analyzed
lifeguard,Mới - chưa có ảnh,1,a person employed to rescue swimmers in danger,"nhân viên cứu hộ (bể bơi, bãi biển)",lifeguard,missing_words_analyzed
lifelong,Mới - chưa có ảnh,1,lasting or continuing for a whole life,kéo dài suốt đời,lifelong,missing_words_analyzed
lifespan,Mới - chưa có ảnh,1,"the length of time a person, animal, or thing lives or functions","tuổi thọ, thời gian tồn tại",lifespan,missing_words_analyzed
likely,Mới - chưa có ảnh,2,"probable, or expected to happen or be true","có khả năng xảy ra, có lẽ","likelier, likelihood",missing_words_analyzed
lime,Mới - chưa có ảnh,1,a round citrus fruit with green skin and acidic juice; also calcium oxide used in building,quả chanh xanh (chanh vỏ xanh); (nghĩa khác) vôi (dùng trong xây dựng),lime,missing_words_analyzed
limestone,Mới - chưa có ảnh,1,a sedimentary rock composed mainly of calcium carbonate,đá vôi,limestone,missing_words_analyzed
limp,Mới - chưa có ảnh,1,"to walk with difficulty, typically because of an injured leg or foot",đi khập khiễng (do chân bị thương),limp,missing_words_analyzed
linguist,Mới - chưa có ảnh,2,a person who studies linguistics or who is skilled in foreign languages,nhà ngôn ngữ học,"linguist, linguistics",missing_words_analyzed
linguistic,Mới - chưa có ảnh,1,relating to language or the study of language,thuộc về ngôn ngữ học,linguistic,missing_words_analyzed
liquid,Mới - chưa có ảnh,2,"a substance that flows freely and has no fixed shape, taking the shape of its container",chất lỏng,"liquid, liquidate",missing_words_analyzed
liter,Mới - chưa có ảnh,5,"a metric unit of volume, equal to one cubic decimeter (also spelled litre)",lít,"illiteracy, literal, literally, literate, literature",missing_words_analyzed
literate,Mới - chưa có ảnh,2,able to read and write,"biết đọc biết viết, có học thức","illiterate, literacy",missing_words_analyzed
lizard,Mới - chưa có ảnh,1,"a reptile with a long body, four legs, and a tail",thằn lằn,lizard,missing_words_analyzed
loaf,Mới - chưa có ảnh,1,"to spend time idly or lazily, avoiding work","la cà, chơi bời lười biếng, trốn việc",loaf,missing_words_analyzed
loathe,Mới - chưa có ảnh,1,to feel intense dislike or disgust for someone or something,"ghê tởm, căm ghét, chán ghét cực độ",loathe,missing_words_analyzed
lobster,Mới - chưa có ảnh,1,a large marine crustacean with a long tail and claws,tôm hùm,lobster,missing_words_analyzed
local,Mới - chưa có ảnh,3,relating to or existing in a particular area or neighborhood,"thuộc địa phương, tại chỗ","local, localize, locally",missing_words_analyzed
locate,Mới - chưa có ảnh,3,to discover the exact place or position of something,"xác định vị trí, định vị, đặt tại","collocation, location, relocate",missing_words_analyzed
locksmith,Mới - chưa có ảnh,1,a person who makes and repairs locks,thợ khóa,locksmith,missing_words_analyzed
lodge,Mới - chưa có ảnh,1,"to provide with temporary accommodation, or to submit a formal statement or complaint","trú ngụ; đệ trình (khiếu nại, đơn từ)",lodge,missing_words_analyzed
loft,Mới - chưa có ảnh,1,"a room or space under the roof of a building, often used for storage or as a living area","gác xép, tầng áp mái",aloft,missing_words_analyzed
logistic,Mới - chưa có ảnh,1,"relating to logistics, the detailed coordination of a complex operation","thuộc về hậu cần, thuộc logistics",logistical,missing_words_analyzed
logistics,Mới - chưa có ảnh,1,"the detailed coordination of complex operations, especially the movement of goods and supplies","hậu cần, công tác logistics",logistics,missing_words_analyzed
logo,Mới - chưa có ảnh,1,a symbol or design used by a company or organization to identify its products,"biểu tượng, logo (của công ty/tổ chức)",logo,missing_words_analyzed
lone,Mới - chưa có ảnh,2,having no companions; solitary,"cô độc, đơn độc, một mình","lone, lonely",missing_words_analyzed
lonely,Mới - chưa có ảnh,1,sad because one has no friends or company; isolated,cô đơn,loneliness,missing_words_analyzed
lore,Mới - chưa có ảnh,1,"a body of traditional knowledge, stories, or beliefs about a particular subject","truyền thuyết, kiến thức dân gian",folklore,missing_words_analyzed
lorry,Mới - chưa có ảnh,1,a large motor vehicle for transporting goods (British English for truck),xe tải (cách gọi của người Anh),lorry,missing_words_analyzed
loss,Mới - chưa có ảnh,1,"the fact of no longer having something, or something lost",sự mất mát; sự thua lỗ,loss,missing_words_analyzed
lot,Mới - chưa có ảnh,3,a large number or amount of something; a plot of land,rất nhiều; lô đất,"allotment, lot, lottery",missing_words_analyzed
lotus,Mới - chưa có ảnh,1,"a water lily, especially one regarded as sacred in Egyptian and Asian cultures",hoa sen,lotus,missing_words_analyzed
lounge,Mới - chưa có ảnh,1,"to sit, stand, or lie in a relaxed, lazy way","ngồi/nằm thư giãn một cách thoải mái, lười biếng",lounge,missing_words_analyzed
lucre,Mới - chưa có ảnh,1,"money, especially when regarded as a sordid or dishonorable object of pursuit","tiền bạc (thường mang nghĩa xấu, phi nghĩa)",lucrative,missing_words_analyzed
lug,Mới - chưa có ảnh,1,to carry or drag something heavy with great effort,"kéo lê, khuân vác nặng nhọc",luggage,missing_words_analyzed
lullaby,Mới - chưa có ảnh,1,a soothing song sung to help a child fall asleep,bài hát ru,lullaby,missing_words_analyzed
lumber,Mới - chưa có ảnh,1,"to move in a slow, heavy, awkward way","di chuyển nặng nề, chậm chạp",lumber,missing_words_analyzed
lump,Mới - chưa có ảnh,1,a compact mass of a substance with no definite shape; a swelling,"cục, khối; hoặc chỗ sưng",lump,missing_words_analyzed
lung,Mới - chưa có ảnh,1,either of the two organs in the chest used for breathing air,phổi,lung,missing_words_analyzed
lure,Mới - chưa có ảnh,1,"the power of attracting or tempting, or a decoy used to catch fish or animals","sức hấp dẫn, mồi nhử",lure,missing_words_analyzed
lurk,Mới - chưa có ảnh,1,"to wait somewhere secretly, especially with harmful intent; to read online content without posting","rình rập, ẩn nấp; (trực tuyến) theo dõi diễn đàn mà không đăng bài",lurk,missing_words_analyzed
macaroni,Mới - chưa có ảnh,1,a variety of pasta shaped into narrow tubes,mì ống macaroni (loại mì hình ống ngắn),macaroni,missing_words_analyzed
made,Mới - chưa có ảnh,1,past tense and past participle of make,"đã làm, đã tạo ra (quá khứ của make)",handmade,missing_words_analyzed
magazine,Mới - chưa có ảnh,1,"a periodical publication containing articles, stories, and pictures",tạp chí,magazine,missing_words_analyzed
magma,Mới - chưa có ảnh,1,hot fluid or semi-fluid rock beneath the earth's surface,magma (đá nóng chảy dưới lòng đất),magma,missing_words_analyzed
magnesium,Mới - chưa có ảnh,1,"a light, silvery-white chemical element used in alloys and flares","magiê (nguyên tố hóa học nhẹ, màu trắng bạc)",magnesium,missing_words_analyzed
magnet,Mới - chưa có ảnh,4,an object that produces a magnetic field and attracts iron or steel,nam châm,"electromagnetism, magnet, magnetic, magnetism",missing_words_analyzed
magnificent,Mới - chưa có ảnh,2,"extremely beautiful, elaborate, or impressive","tráng lệ, lộng lẫy","magnificent, magnificently",missing_words_analyzed
magnitude,Mới - chưa có ảnh,1,"the great size, extent, or importance of something","độ lớn, cường độ, tầm quan trọng của cái gì đó",magnitude,missing_words_analyzed
magnolia,Mới - chưa có ảnh,1,"a tree or shrub with large, showy white, pink, or purple flowers",cây/hoa mộc lan,magnolia,missing_words_analyzed
maiden,Mới - chưa có ảnh,1,"being the first of its kind, e.g. a maiden voyage or speech","đầu tiên, ra mắt lần đầu (chuyến đi, bài phát biểu đầu tiên)",maiden,missing_words_analyzed
malady,Mới - chưa có ảnh,1,a disease or ailment; a problem or difficulty,"bệnh tật, căn bệnh; (nghĩa bóng) vấn đề, tệ nạn",malady,missing_words_analyzed
malaria,Mới - chưa có ảnh,1,"an infectious disease transmitted by mosquitoes, causing fever and chills",bệnh sốt rét,malarial,missing_words_analyzed
mall,Mới - chưa có ảnh,1,a large building or complex containing many shops,trung tâm thương mại,mall,missing_words_analyzed
mammal,Mới - chưa có ảnh,1,"a warm-blooded vertebrate animal that has hair or fur, and whose females produce milk to feed their young",động vật có vú,mammal,missing_words_analyzed
mammoth,Mới - chưa có ảnh,1,huge; enormous in size,"khổng lồ, đồ sộ",mammoth,missing_words_analyzed
manager,Mới - chưa có ảnh,1,a person responsible for controlling or administering an organization or group,người quản lý,managerial,missing_words_analyzed
mandarin,Mới - chưa có ảnh,1,"a small citrus fruit with a loose, easily peeled orange skin; also the standard form of the Chinese language",quả quýt; tiếng Quan Thoại (tiếng Trung phổ thông),mandarin,missing_words_analyzed
mandate,Mới - chưa có ảnh,1,an official order or commission to do something; authorization to act,"lệnh, sự ủy nhiệm, sự bắt buộc",mandatory,missing_words_analyzed
manganese,Mới - chưa có ảnh,1,a hard grayish-white metallic chemical element,mangan (nguyên tố hóa học kim loại),manganese,missing_words_analyzed
mango,Mới - chưa có ảnh,1,a tropical fruit with sweet yellow-orange flesh,quả xoài,mango,missing_words_analyzed
mangrove,Mới - chưa có ảnh,1,a tropical tree or shrub that grows in coastal saline or brackish water,"cây đước, rừng ngập mặn",mangrove,missing_words_analyzed
mannequin,Mới - chưa có ảnh,1,a life-size dummy used to display clothes in a shop or for artists' reference,ma nơ canh (hình nộm để trưng bày quần áo),mannequin,missing_words_analyzed
mantle,Mới - chưa có ảnh,1,a loose sleeveless cloak; a covering layer; also the layer of the Earth between the crust and the core,áo choàng; lớp phủ (địa chất),dismantle,missing_words_analyzed
mantra,Mới - chưa có ảnh,1,"a word or phrase repeated often, especially in meditation, or a statement often repeated as a guiding principle","câu thần chú, câu châm ngôn được lặp lại thường xuyên",mantra,missing_words_analyzed
manufacture,Mới - chưa có ảnh,2,to make goods in large quantities using machinery,"sản xuất, chế tạo","manufacture, manufacturer",missing_words_analyzed
map,Mới - chưa có ảnh,1,a diagrammatic representation of an area of land showing physical features,bản đồ,map,missing_words_analyzed
mar,Mới - chưa có ảnh,1,to impair the appearance or quality of something; to spoil,"làm hỏng, làm giảm giá trị",mar,missing_words_analyzed
marble,Mới - chưa có ảnh,1,a hard crystalline rock used in sculpture and building; a small ball used in children's games,đá cẩm thạch; viên bi (đồ chơi),marble,missing_words_analyzed
marijuana,Mới - chưa có ảnh,1,"the dried leaves and flowers of the cannabis plant, used as a psychoactive drug",cần sa,marijuana,missing_words_analyzed
marina,Mới - chưa có ảnh,1,a harbor or dock area for mooring pleasure boats and yachts,bến du thuyền,marina,missing_words_analyzed
marshal,Mới - chưa có ảnh,1,"to assemble and arrange (troops, resources, or facts) in order","tập hợp, sắp xếp (quân đội, nguồn lực, sự kiện) có tổ chức",marshal,missing_words_analyzed
marsupial,Mới - chưa có ảnh,1,"a mammal that carries and suckles its young in a pouch, such as a kangaroo",thú có túi,marsupial,missing_words_analyzed
marvel,Mới - chưa có ảnh,2,to be filled with wonder or astonishment,"kinh ngạc, thán phục, trầm trồ","marvel, marvelous",missing_words_analyzed
mason,Mới - chưa có ảnh,1,a person who builds or works with stone or brick,"thợ nề, thợ xây",mason,missing_words_analyzed
masquerade,Mới - chưa có ảnh,1,to pretend to be someone or something else in order to deceive people,"giả trang, giả danh (để đánh lừa người khác)",masquerade,missing_words_analyzed
massacre,Mới - chưa có ảnh,1,the deliberate and violent killing of a large number of people,cuộc thảm sát,massacre,missing_words_analyzed
mat,Mới - chưa có ảnh,2,a piece of material placed on a floor for protection or decoration,tấm thảm/chiếu nhỏ,"automaton, mat",missing_words_analyzed
math,Mới - chưa có ảnh,1,mathematics,môn toán,math,missing_words_analyzed
mathematics,Mới - chưa có ảnh,1,"the abstract science of number, quantity, and space.",toán học.,mathematics,missing_words_analyzed
max,Mới - chưa có ảnh,1,the greatest amount possible (informal short form of maximum),mức tối đa,max,missing_words_analyzed
maxim,Mới - chưa có ảnh,1,"a short, pithy statement expressing a general truth or rule of conduct","châm ngôn, cách ngôn",maximize,missing_words_analyzed
maximize,Mới - chưa có ảnh,1,to increase something to the greatest possible amount or degree,tối đa hóa,maximization,missing_words_analyzed
maximum,Mới - chưa có ảnh,1,"as great, or as high, as is possible or permitted.","tối đa, cực đại.",maximum,missing_words_analyzed
mayday,Mới - chưa có ảnh,1,"an international radio distress signal (from French 'm'aider', help me)",tín hiệu cấp cứu quốc tế (bắt nguồn từ tiếng Pháp 'm'aider' nghĩa là cứu tôi với),mayday,missing_words_analyzed
me,Mới - chưa có ảnh,1,used by a speaker to refer to themselves as the object of a verb or preposition,"tôi, tớ (dùng làm tân ngữ)",me,missing_words_analyzed
meadow,Mới - chưa có ảnh,1,"a field or area of grassland, especially one used for hay or grazing",đồng cỏ,meadow,missing_words_analyzed
meaning,Mới - chưa có ảnh,3,the sense or significance of something; what is intended to be expressed,ý nghĩa,"meaningful, meaningfully, meaningless",missing_words_analyzed
measles,Mới - chưa có ảnh,1,"an acute, highly contagious viral disease causing fever and a red skin rash",bệnh sởi,measles,missing_words_analyzed
mechanic,Mới - chưa có ảnh,1,"a person skilled in repairing and maintaining machines, especially vehicle engines","thợ máy, thợ sửa chữa máy móc",mechanical,missing_words_analyzed
mechanical,Mới - chưa có ảnh,1,relating to machines or operated by a machine; done automatically without thought,"thuộc về máy móc, cơ khí",mechanically,missing_words_analyzed
mechanism,Mới - chưa có ảnh,1,"a system of parts working together, or a process by which something happens",cơ chế,mechanism,missing_words_analyzed
media,Mới - chưa có ảnh,1,"the main means of mass communication, such as television, radio, and newspapers",phương tiện truyền thông,multimedia,missing_words_analyzed
mediate,Mới - chưa có ảnh,1,to intervene between two parties in a dispute to help them reach an agreement,làm trung gian hòa giải,mediator,missing_words_analyzed
medic,Mới - chưa có ảnh,3,"a person trained in medicine, especially a military medical worker or student doctor","nhân viên y tế, quân y","medical, medicate, paramedic",missing_words_analyzed
medical,Mới - chưa có ảnh,1,relating to the science or practice of medicine,"thuộc về y học, y tế",medically,missing_words_analyzed
medicate,Mới - chưa có ảnh,1,to treat someone with a medicinal substance,"cho uống thuốc, điều trị bằng thuốc",medication,missing_words_analyzed
mediocre,Mới - chưa có ảnh,1,of only average quality; not very good,"tầm thường, xoàng xĩnh",mediocre,missing_words_analyzed
meditate,Mới - chưa có ảnh,1,to focus one's mind in silence for relaxation or spiritual purposes; to think deeply about something,"thiền, suy ngẫm",meditation,missing_words_analyzed
melody,Mới - chưa có ảnh,1,a sequence of musical notes that forms a recognizable tune,giai điệu,melody,missing_words_analyzed
membrane,Mới - chưa có ảnh,1,"a thin, pliable sheet or layer of tissue covering a surface or dividing a space",màng (mô mỏng bao phủ hoặc ngăn cách),membrane,missing_words_analyzed
memo,Mới - chưa có ảnh,1,"a short official note or message, especially in a business setting","bản ghi nhớ, thông báo nội bộ ngắn gọn",memo,missing_words_analyzed
memorial,Mới - chưa có ảnh,1,serving to preserve the memory of a person or event,mang tính tưởng niệm,memorial,missing_words_analyzed
memory,Mới - chưa có ảnh,1,"the ability to remember, or something that is remembered","trí nhớ, ký ức",memory,missing_words_analyzed
men,Mới - chưa có ảnh,1,plural of 'man'; adult male human beings,những người đàn ông,men,missing_words_analyzed
mend,Mới - chưa có ảnh,3,to repair something that is broken or damaged,"sửa chữa, vá lại","mend, mender, recommendation",missing_words_analyzed
mentor,Mới - chưa có ảnh,1,An experienced and trusted person who guides or advises a less experienced person.,"Người cố vấn, người hướng dẫn.",mentor,missing_words_analyzed
menu,Mới - chưa có ảnh,1,"a list of dishes available in a restaurant, or a list of options displayed on a computer screen.",thực đơn; trình đơn (máy tính).,menu,missing_words_analyzed
merchandise,Mới - chưa có ảnh,1,goods that are bought and sold; commercial products,hàng hóa,merchandise,missing_words_analyzed
mesh,Mới - chưa có ảnh,1,"material made of a network of wire, thread, or cord","lưới, mắt lưới",mesh,missing_words_analyzed
metabolism,Mới - chưa có ảnh,1,the chemical processes in an organism that maintain life,sự trao đổi chất,metabolism,missing_words_analyzed
metaphor,Mới - chưa có ảnh,2,"a figure of speech in which a word or phrase is applied to something it does not literally denote, to suggest a resemblance",phép ẩn dụ,"metaphor, metaphorical",missing_words_analyzed
meter,Mới - chưa có ảnh,5,"the basic unit of length in the metric system; also, a device that measures and records something.",mét (đơn vị đo); đồng hồ đo.,"diameter, kilometer, meter, parameter, perimeter",missing_words_analyzed
meticulous,Mới - chưa có ảnh,2,showing great attention to detail; very careful and precise,"tỉ mỉ, cẩn thận, chi tiết","meticulous, meticulously",missing_words_analyzed
metro,Mới - chưa có ảnh,1,an underground railway system in a city; short for 'metropolitan',tàu điện ngầm (dạng viết tắt của 'metropolitan'),metro,missing_words_analyzed
miasma,Mới - chưa có ảnh,1,"an unpleasant or unhealthy vapor or atmosphere, historically believed to cause disease","khí độc, không khí ô uế (từng được cho là gây bệnh)",miasma,missing_words_analyzed
middleman,Mới - chưa có ảnh,1,"a person who acts as an intermediary between two parties, especially in trade",người trung gian (mua bán),middleman,missing_words_analyzed
mighty,Mới - chưa có ảnh,1,"having great power, strength, or size","hùng mạnh, to lớn",almighty,missing_words_analyzed
migraine,Mới - chưa có ảnh,1,"a recurring, often severe headache usually accompanied by nausea and sensitivity to light",chứng đau nửa đầu (migraine),migraine,missing_words_analyzed
migrate,Mới - chưa có ảnh,6+,(of animals) to move from one region or habitat to another according to the season; (of people) to move to settle in a new place,di cư,"emigrate, emigration, immigration, migrant, migrate, migration",missing_words_analyzed
military,Mới - chưa có ảnh,1,the armed forces of a country,quân đội,military,missing_words_analyzed
millennium,Mới - chưa có ảnh,1,a period of one thousand years,thiên niên kỷ,millennium,missing_words_analyzed
mime,Mới - chưa có ảnh,1,"to act or express something using only gesture and facial expression, without speaking","diễn tả bằng cử chỉ, không lời (như kịch câm)",mime,missing_words_analyzed
mimic,Mới - chưa có ảnh,2,"to imitate someone or something closely, especially for comic effect","bắt chước, nhại lại","mimic, mimicry",missing_words_analyzed
mingle,Mới - chưa có ảnh,1,to mix or move around socially with others; to combine or blend,"hòa lẫn, giao lưu (với người khác); pha trộn",mingle,missing_words_analyzed
mini,Mới - chưa có ảnh,2,very small of its kind; much smaller than usual,"nhỏ, mini, thu nhỏ","mini, minimize",missing_words_analyzed
miniature,Mới - chưa có ảnh,1,very much smaller than normal size,"(vật) thu nhỏ, nhỏ xíu",miniature,missing_words_analyzed
minim,Mới - chưa có ảnh,1,"a very small amount; a unit of liquid measure, or (in British music notation) a half note",lượng rất nhỏ; nốt trắng (âm nhạc),minimal,missing_words_analyzed
minimum,Mới - chưa có ảnh,1,the least or smallest amount or quantity possible,mức tối thiểu,minimum,missing_words_analyzed
mint,Mới - chưa có ảnh,1,an aromatic herb used for flavoring food and drinks,cây bạc hà,mint,missing_words_analyzed
mirror,Mới - chưa có ảnh,1,"a surface, typically of glass, that reflects a clear image",gương,mirror,missing_words_analyzed
miser,Mới - chưa có ảnh,1,a person who hoards money and spends as little as possible,"người keo kiệt, hà tiện",miserable,missing_words_analyzed
miserable,Mới - chưa có ảnh,1,very unhappy or uncomfortable,"khốn khổ, đau khổ",miserably,missing_words_analyzed
misery,Mới - chưa có ảnh,1,"a state of great distress, suffering, or unhappiness","sự khốn khổ, đau khổ, bất hạnh",misery,missing_words_analyzed
mist,Mới - chưa có ảnh,1,a cloud of tiny water droplets suspended in the air near the ground; light fog,sương mù nhẹ,mist,missing_words_analyzed
mistake,Mới - chưa có ảnh,2,an action or judgment that is incorrect or misguided; an error,"sai lầm, lỗi","unmistakable, unmistakably",missing_words_analyzed
mitigate,Mới - chưa có ảnh,1,"to make something less severe, serious, or painful","giảm nhẹ, làm dịu",unmitigated,missing_words_analyzed
moat,Mới - chưa có ảnh,1,"a deep, wide ditch, typically filled with water, surrounding a castle or fortification","hào nước (bao quanh lâu đài, thành lũy)",moat,missing_words_analyzed
mock,Mới - chưa có ảnh,2,not real; made in imitation for practice,"giả, mô phỏng (để luyện tập)","mock, mockery",missing_words_analyzed
modulate,Mới - chưa có ảnh,1,"to adjust or vary the strength, tone, pitch, or amplitude of something","điều chỉnh, điều biến (âm thanh, giọng nói, tín hiệu)",modulate,missing_words_analyzed
moist,Mới - chưa có ảnh,2,slightly wet; damp,ẩm ướt,"moist, moisture",missing_words_analyzed
mold,Mới - chưa có ảnh,1,to shape a soft substance into a particular form,"nặn, đúc thành hình",mold,missing_words_analyzed
molecule,Mới - chưa có ảnh,1,the smallest unit of a chemical compound that retains its chemical properties,phân tử,molecule,missing_words_analyzed
molest,Mới - chưa có ảnh,1,"to sexually assault someone, especially a child; (older sense) to pester or annoy","quấy rối, xâm hại",molestation,missing_words_analyzed
mom,Mới - chưa có ảnh,1,mother (informal),mẹ (cách gọi thân mật),mom,missing_words_analyzed
momentum,Mới - chưa có ảnh,1,"The force or speed that keeps a moving object going, or the driving force gained by a process.",Động lượng; đà (phát triển).,momentum,missing_words_analyzed
monarch,Mới - chưa có ảnh,1,"a sovereign head of state, especially a king or queen","quân vương, vua/nữ hoàng",monarch,missing_words_analyzed
monetary,Mới - chưa có ảnh,1,relating to money or currency,thuộc về tiền tệ,monetarily,missing_words_analyzed
monitor,Mới - chưa có ảnh,1,to watch and check something over a period of time,"theo dõi, giám sát",monitor,missing_words_analyzed
monkey,Mới - chưa có ảnh,1,"a small to medium-sized primate, typically with a long tail",con khỉ,monkey,missing_words_analyzed
monopoly,Mới - chưa có ảnh,1,exclusive control of a market or resource by a single entity,sự độc quyền,monopoly,missing_words_analyzed
monsoon,Mới - chưa có ảnh,1,"a seasonal wind in South and Southeast Asia, especially one bringing heavy rainfall",gió mùa,monsoon,missing_words_analyzed
moor,Mới - chưa có ảnh,1,to tie up a boat to a fixed object,"neo đậu (thuyền, tàu)",moor,missing_words_analyzed
mop,Mới - chưa có ảnh,1,to clean a floor or surface using a mop,lau (sàn nhà) bằng cây lau,mop,missing_words_analyzed
morrow,Mới - chưa có ảnh,1,(literary/archaic) the following day; tomorrow,ngày mai (văn chương),tomorrow,missing_words_analyzed
mortal,Mới - chưa có ảnh,1,subject to death; a human being (as opposed to a god),"phàm trần, sẽ chết; người phàm",immortal,missing_words_analyzed
mortar,Mới - chưa có ảnh,1,"a mixture of lime or cement with sand and water, used to bind bricks or stones together.",vữa (xây dựng).,mortar,missing_words_analyzed
mosquito,Mới - chưa có ảnh,1,"A small flying insect, the female of which bites and sucks blood.",Con muỗi.,mosquito,missing_words_analyzed
moss,Mới - chưa có ảnh,1,a small green flowerless plant that grows in damp habitats,rêu,moss,missing_words_analyzed
moth,Mới - chưa có ảnh,1,"a nocturnal insect similar to a butterfly, typically with a stout body and dull-colored wings",con bướm đêm,moth,missing_words_analyzed
motif,Mới - chưa có ảnh,1,"a decorative image or design, or a recurring theme in a work of art or literature","họa tiết; mô típ, chủ đề lặp lại",motif,missing_words_analyzed
motivate,Mới - chưa có ảnh,1,to give someone a reason or incentive to do something,"thúc đẩy, tạo động lực",motivation,missing_words_analyzed
motto,Mới - chưa có ảnh,1,a short sentence or phrase expressing a guiding principle or ideal,"phương châm, khẩu hiệu",motto,missing_words_analyzed
mound,Mới - chưa có ảnh,1,"a raised mass of earth, stones, or other material","gò đất, ụ đất",mound,missing_words_analyzed
mourn,Mới - chưa có ảnh,1,"to feel or express deep sorrow, especially for someone who has died","than khóc, để tang, thương tiếc",mourn,missing_words_analyzed
mph,Mới - chưa có ảnh,1,"abbreviation for 'miles per hour', a unit of speed",dặm/giờ (đơn vị tốc độ),mph,missing_words_analyzed
mucilage,Mới - chưa có ảnh,1,"a thick, sticky substance produced by plants, or used as an adhesive","chất nhầy thực vật, keo dán",mucilage,missing_words_analyzed
muck,Mới - chưa có ảnh,1,"farmyard manure or slimy dirt, especially when unpleasant","phân bón hữu cơ, bùn đất bẩn",muck,missing_words_analyzed
multiple,Mới - chưa có ảnh,1,"having or involving several parts, elements, or members","nhiều, đa dạng",multiple,missing_words_analyzed
mummy,Mới - chưa có ảnh,2,"a body preserved after death, especially by ancient Egyptian methods",xác ướp,"mummification, mummy",missing_words_analyzed
mushroom,Mới - chưa có ảnh,1,"the fleshy fruiting body of certain fungi, often edible",nấm,mushroom,missing_words_analyzed
musket,Mới - chưa có ảnh,1,"a light gun with a long barrel, used before the development of rifles",súng hỏa mai (súng cổ),musket,missing_words_analyzed
muslin,Mới - chưa có ảnh,1,"a lightweight, finely woven cotton fabric","vải muslin (vải cotton mỏng, nhẹ)",muslin,missing_words_analyzed
mutate,Mới - chưa có ảnh,1,"to change or cause to change in form or nature, especially genetically","đột biến, biến đổi",mutation,missing_words_analyzed
mute,Mới - chưa có ảnh,2,unable or unwilling to speak; silent,"câm lặng, im lặng","commute, mute",missing_words_analyzed
myriad,Mới - chưa có ảnh,1,a countless or extremely great number of people or things,vô số,myriad,missing_words_analyzed
mystery,Mới - chưa có ảnh,2,something that is difficult or impossible to understand or explain,điều bí ẩn,"mysterious, mystery",missing_words_analyzed
nanny,Mới - chưa có ảnh,1,"a person, typically a woman, employed to look after a child in its own home","vú em, người trông trẻ",nanny,missing_words_analyzed
narrate,Mới - chưa có ảnh,3,to give a spoken or written account of events; to provide a commentary for a film or broadcast,"kể chuyện, thuật lại, dẫn chuyện","narrate, narration, narrative",missing_words_analyzed
natural,Mới - chưa có ảnh,1,"existing in or caused by nature, not made or caused by humans",tự nhiên,naturalist,missing_words_analyzed
nausea,Mới - chưa có ảnh,1,a feeling of sickness with an inclination to vomit,cảm giác buồn nôn,nausea,missing_words_analyzed
nautical,Mới - chưa có ảnh,1,"relating to sailors, ships, or navigation","thuộc về hàng hải, tàu thuyền",nautical,missing_words_analyzed
navigate,Mới - chưa có ảnh,2,"to plan and direct the course or route of a ship, aircraft, or other vehicle","điều hướng, dẫn đường","navigate, navigation",missing_words_analyzed
nay,Mới - chưa có ảnh,1,"used to introduce a stronger, more accurate word than one just used; or (archaic) no",dùng để giới thiệu một từ mạnh hơn/chính xác hơn; hoặc (cổ) không,nay,missing_words_analyzed
neath,Mới - chưa có ảnh,1,"(poetic/archaic) beneath, under",(thơ ca) bên dưới,underneath,missing_words_analyzed
necessary,Mới - chưa có ảnh,4,needed in order to achieve something; essential,cần thiết,"necessarily, necessary, unnecessarily, unnecessary",missing_words_analyzed
necessitate,Mới - chưa có ảnh,1,to make something necessary or unavoidable as a result or consequence,"đòi hỏi, làm cho cần thiết, tất yếu dẫn đến",necessitate,missing_words_analyzed
necessity,Mới - chưa có ảnh,1,"The state of being essential or unavoidable, or something that is essential.",Sự cần thiết; nhu cầu thiết yếu.,necessity,missing_words_analyzed
necrosis,Mới - chưa có ảnh,1,"the death of most or all of the cells in an organ or tissue, due to disease or injury",sự hoại tử,necrosis,missing_words_analyzed
nectar,Mới - chưa có ảnh,1,a sweet liquid produced by flowers and collected by bees; a sweet drink,mật hoa,nectar,missing_words_analyzed
nefarious,Mới - chưa có ảnh,1,"wicked or criminal, typically on a large scale","gian ác, phi pháp",nefarious,missing_words_analyzed
negate,Mới - chưa có ảnh,1,to nullify or make ineffective; to deny the existence of something,"phủ định, làm mất hiệu lực, phủ nhận",negate,missing_words_analyzed
negative,Mới - chưa có ảnh,2,expressing disapproval or an undesirable quality; not positive,tiêu cực,"negative, negatively",missing_words_analyzed
neglig,Mới - chưa có ảnh,1,"(bound root related to 'negligent/negligence') careless, failing to give proper attention","(gốc từ) bất cẩn, sao lãng",negligence,missing_words_analyzed
negotiate,Mới - chưa có ảnh,3,to try to reach an agreement or compromise by formal discussion with others.,"đàm phán, thương lượng.","negotiate, negotiation, renegotiate",missing_words_analyzed
neighbor,Mới - chưa có ảnh,1,a person who lives near or next to another,"hàng xóm, láng giềng",neighbor,missing_words_analyzed
neither,Mới - chưa có ảnh,1,not either one of two things or people,không cái này cũng không cái kia,neither,missing_words_analyzed
neuron,Mới - chưa có ảnh,1,a nerve cell that transmits signals in the body,"tế bào thần kinh, nơ-ron",neuron,missing_words_analyzed
neutral,Mới - chưa có ảnh,1,not supporting or helping either side in a conflict or disagreement; without strong or positive characteristics,trung lập; trung tính,neutral,missing_words_analyzed
news,Mới - chưa có ảnh,1,"newly received or noteworthy information, especially about recent events",tin tức,newspaper,missing_words_analyzed
next,Mới - chưa có ảnh,1,"coming immediately after the present one in order, position, or time","kế tiếp, tiếp theo",next,missing_words_analyzed
niche,Mới - chưa có ảnh,1,"a specialized segment of the market for a particular kind of product; a comfortable, suitable role",thị trường ngách; vị trí/vai trò thích hợp,niche,missing_words_analyzed
nick,Mới - chưa có ảnh,1,to make a small cut or notch in something; (British informal) to steal,"tạo vết cắt nhỏ; (Anh, khẩu ngữ) lấy trộm",nick,missing_words_analyzed
nickel,Mới - chưa có ảnh,1,a silvery-white metallic chemical element; also a US five-cent coin,niken (kim loại); cũng là đồng xu 5 cent Mỹ,nickel,missing_words_analyzed
nicotine,Mới - chưa có ảnh,1,an addictive chemical compound found in tobacco,nicotin (chất gây nghiện có trong thuốc lá),nicotine,missing_words_analyzed
nip,Mới - chưa có ảnh,1,"a small quantity or sip of spirits, or a sharp pinch/bite",ngụm rượu nhỏ; cái cấu/cắn nhẹ,nip,missing_words_analyzed
nitrogen,Mới - chưa có ảnh,1,"a colorless, odorless gas that makes up about 78% of the Earth's atmosphere (chemical symbol N)",ni-tơ (khí nitơ),nitrogen,missing_words_analyzed
nod,Mới - chưa có ảnh,2,"to move one's head down and up, often to show agreement or greeting",gật đầu,"nod, nodule",missing_words_analyzed
noisy,Mới - chưa có ảnh,1,making a lot of noise; full of noise,ồn ào,noisily,missing_words_analyzed
nomad,Mới - chưa có ảnh,1,a member of a people who move from place to place rather than settling permanently,người du mục,nomad,missing_words_analyzed
nominal,Mới - chưa có ảnh,1,"existing in name only, not in reality; (of a sum) very small",trên danh nghĩa; (số tiền) rất nhỏ,nominally,missing_words_analyzed
none,Mới - chưa có ảnh,2,not any; not one,"không cái nào, không ai","none, nonetheless",missing_words_analyzed
nostril,Mới - chưa có ảnh,1,either of the two external openings of the nose,lỗ mũi,nostril,missing_words_analyzed
notebook,Mới - chưa có ảnh,1,a book with blank pages for writing notes; also a small portable computer,quyển sổ tay; hoặc máy tính xách tay,notebook,missing_words_analyzed
notorious,Mới - chưa có ảnh,1,famous or well known for some bad quality or deed,khét tiếng,notoriously,missing_words_analyzed
noun,Mới - chưa có ảnh,1,"a word that names a person, place, thing, or idea",danh từ,pronoun,missing_words_analyzed
nourish,Mới - chưa có ảnh,3,"to provide a person, animal, or plant with the food necessary for growth and health",nuôi dưỡng,"malnourish, nourish, nourishment",missing_words_analyzed
nuance,Mới - chưa có ảnh,1,"a subtle difference in meaning, expression, or tone",sắc thái tinh tế,nuance,missing_words_analyzed
nucleus,Mới - chưa có ảnh,1,the central and most important part of an atom or a cell,"hạt nhân, nhân (tế bào)",nuclear,missing_words_analyzed
nudge,Mới - chưa có ảnh,1,a light push or gentle touch to get someone's attention,"cái hích nhẹ, cú đẩy nhẹ",nudge,missing_words_analyzed
numb,Mới - chưa có ảnh,1,to deprive of feeling or responsiveness; to make numb,"làm cho tê liệt, làm mất cảm giác",numb,missing_words_analyzed
numerate,Mới - chưa có ảnh,1,able to understand and work with numbers,"có khả năng tính toán, biết làm toán",numeracy,missing_words_analyzed
nurture,Mới - chưa có ảnh,1,To care for and encourage the growth or development of someone or something.,"Nuôi dưỡng, chăm sóc.",nurture,missing_words_analyzed
nutrient,Mới - chưa có ảnh,1,a substance that provides nourishment essential for growth and the maintenance of life,chất dinh dưỡng,nutrient,missing_words_analyzed
nutrition,Mới - chưa có ảnh,1,the process of providing or obtaining the food necessary for health and growth,dinh dưỡng,nutritional,missing_words_analyzed
nutritious,Mới - chưa có ảnh,1,containing substances the body needs to stay healthy; nourishing,"bổ dưỡng, giàu dinh dưỡng",nutritious,missing_words_analyzed
oaf,Mới - chưa có ảnh,1,"a clumsy, stupid person","kẻ ngốc nghếch, vụng về",oaf,missing_words_analyzed
oak,Mới - chưa có ảnh,1,"a large tree that produces acorns, valued for its hard wood",cây sồi,oak,missing_words_analyzed
oar,Mới - chưa có ảnh,1,"a pole with a flat blade, used to row or steer a boat",mái chèo,oar,missing_words_analyzed
oasis,Mới - chưa có ảnh,1,a fertile spot in a desert where water is found,ốc đảo,oasis,missing_words_analyzed
obedient,Mới - chưa có ảnh,1,willing to comply with instructions or authority,"vâng lời, ngoan ngoãn",obedience,missing_words_analyzed
obese,Mới - chưa có ảnh,2,extremely overweight or fat,béo phì,"obese, obesity",missing_words_analyzed
object,Mới - chưa có ảnh,3,to express disagreement or opposition to something,phản đối,"object, objective, objectively",missing_words_analyzed
obscure,Mới - chưa có ảnh,1,to make something unclear or hide it from view,"che khuất, làm mờ",obscure,missing_words_analyzed
obsolete,Mới - chưa có ảnh,1,no longer in use; outdated,"lỗi thời, không còn dùng nữa",obsolete,missing_words_analyzed
obstacle,Mới - chưa có ảnh,1,a thing that blocks one's way or prevents progress,chướng ngại vật,obstacle,missing_words_analyzed
obstruct,Mới - chưa có ảnh,1,"to block or get in the way of, making passage or progress difficult","cản trở, gây cản trở",unobstructed,missing_words_analyzed
odds,Mới - chưa có ảnh,1,"the probability that a particular outcome will occur, often expressed as a ratio","tỷ lệ cược, khả năng xảy ra",odds,missing_words_analyzed
offense,Mới - chưa có ảnh,1,a violation of a law or rule; an illegal act; (also) an act causing anger or resentment,"sự vi phạm, hành vi phạm tội; sự xúc phạm",offensive,missing_words_analyzed
official,Mới - chưa có ảnh,2,relating to an authority or public body; formally approved,chính thức; (người) quan chức,"officially, unofficial",missing_words_analyzed
olive,Mới - chưa có ảnh,1,"a small oval fruit with a hard pit, eaten or pressed for oil",quả ô liu,olive,missing_words_analyzed
omit,Mới - chưa có ảnh,2,"to leave out or exclude, either deliberately or accidentally","bỏ sót, bỏ qua","omission, omit",missing_words_analyzed
operate,Mới - chưa có ảnh,6+,"to work or function, to control a machine, or to perform surgery","vận hành, hoạt động; phẫu thuật","cooperate, cooperation, cooperative, operate, operation, operator",missing_words_analyzed
operation,Mới - chưa có ảnh,1,the action of functioning or the fact of being active; an organized activity,"sự hoạt động, chiến dịch",operational,missing_words_analyzed
opine,Mới - chưa có ảnh,1,to state one's opinion; to express a view formally,"bày tỏ ý kiến, nêu quan điểm",opine,missing_words_analyzed
opium,Mới - chưa có ảnh,1,an addictive narcotic drug prepared from the dried juice of the opium poppy,thuốc phiện,opium,missing_words_analyzed
opportune,Mới - chưa có ảnh,1,well-chosen or particularly favorable or appropriate for a purpose,"đúng lúc, thuận tiện, thích hợp",opportune,missing_words_analyzed
opportunity,Mới - chưa có ảnh,1,a set of circumstances that makes it possible to do something,cơ hội,opportunity,missing_words_analyzed
oppose,Mới - chưa có ảnh,1,"to disagree with or resist a plan, policy, or action",phản đối,unopposed,missing_words_analyzed
oppress,Mới - chưa có ảnh,1,to keep someone in subservience by unjust use of force or authority,áp bức,oppression,missing_words_analyzed
ops,Mới - chưa có ảnh,1,"operations, especially military or business operations","hoạt động (viết tắt của ""operations"")",ops,missing_words_analyzed
opt,Mới - chưa có ảnh,2,to make a choice from a range of possibilities,lựa chọn,"opt, option",missing_words_analyzed
optic,Mới - chưa có ảnh,1,relating to the eye or vision,"thuộc về mắt, thị giác",optical,missing_words_analyzed
optimist,Mới - chưa có ảnh,1,a person who tends to expect the best possible outcome,người lạc quan,optimistic,missing_words_analyzed
option,Mới - chưa có ảnh,1,a thing that may be chosen; a choice,sự lựa chọn,optional,missing_words_analyzed
opulent,Mới - chưa có ảnh,1,"ostentatiously rich, luxurious, or lavish","xa hoa, lộng lẫy",opulent,missing_words_analyzed
oracle,Mới - chưa có ảnh,1,"a priest or priestess who gives prophetic advice, or a highly reliable source of information","nhà tiên tri, lời sấm truyền",oracle,missing_words_analyzed
orangutan,Mới - chưa có ảnh,1,"a large, long-armed ape with reddish fur, native to Borneo and Sumatra",đười ươi,orangutan,missing_words_analyzed
orbit,Mới - chưa có ảnh,1,"the curved path of a celestial object or spacecraft around a star, planet, or moon",quỹ đạo,orbit,missing_words_analyzed
orchard,Mới - chưa có ảnh,1,a piece of land planted with fruit trees,vườn cây ăn quả,orchard,missing_words_analyzed
orchestra,Mới - chưa có ảnh,1,a large group of musicians who play together on various instruments,dàn nhạc giao hưởng,orchestra,missing_words_analyzed
orchid,Mới - chưa có ảnh,1,"a plant with showy, often exotic flowers, many of which are cultivated",hoa lan,orchid,missing_words_analyzed
ordinary,Mới - chưa có ảnh,3,with no special or distinctive features; normal,"bình thường, thông thường","extraordinary, ordinarily, ordinary",missing_words_analyzed
ore,Mới - chưa có ảnh,1,a naturally occurring solid material from which a metal or valuable mineral can be extracted,quặng,ore,missing_words_analyzed
organize,Mới - chưa có ảnh,1,to arrange systematically; to make preparations for an event,"tổ chức, sắp xếp",organization,missing_words_analyzed
orient,Mới - chưa có ảnh,4,to align or position something relative to a reference point; to familiarize oneself with a situation,"định hướng, xác định phương hướng","disorient, disorientation, orient, orientation",missing_words_analyzed
original,Mới - chưa có ảnh,1,"present or existing from the beginning; first, not derivative","nguyên bản, ban đầu",originality,missing_words_analyzed
ornament,Mới - chưa có ảnh,1,"an object designed to add beauty, especially to something else",đồ trang trí,ornamental,missing_words_analyzed
orphan,Mới - chưa có ảnh,1,a child whose parents are dead,trẻ mồ côi,orphan,missing_words_analyzed
orthodox,Mới - chưa có ảnh,1,conforming to established or traditional beliefs or practices,"chính thống, theo truyền thống",unorthodox,missing_words_analyzed
ostrich,Mới - chưa có ảnh,1,"a large flightless African bird with a long neck and legs, known for running fast",con đà điểu,ostrich,missing_words_analyzed
ottoman,Mới - chưa có ảnh,1,a low upholstered seat or footstool without a back or arms; also the historic Turkish empire,ghế đôn (ghế đệm thấp không tựa); Đế chế Ottoman,ottoman,missing_words_analyzed
ought,Mới - chưa có ảnh,1,"used to indicate duty, correctness, or what is expected, similar to should","nên, phải (diễn tả nghĩa vụ/khuyến nghị)",ought,missing_words_analyzed
oven,Mới - chưa có ảnh,1,"an enclosed compartment used for baking, roasting, or heating food",lò nướng,oven,missing_words_analyzed
owe,Mới - chưa có ảnh,1,to have an obligation to pay or repay something to someone.,"nợ, mắc nợ.",owe,missing_words_analyzed
ox,Mới - chưa có ảnh,1,"a domesticated bovine animal, especially one used for draft work","con bò đực (dùng để kéo, cày)",ox,missing_words_analyzed
oxide,Mới - chưa có ảnh,1,a compound of oxygen with another chemical element,ôxít,dioxide,missing_words_analyzed
ozone,Mới - chưa có ảnh,1,"a colorless gas (O3) found in the upper atmosphere, forming a layer that absorbs harmful ultraviolet radiation",khí ôzôn,ozone,missing_words_analyzed
package,Mới - chưa có ảnh,1,an object or group of objects wrapped or boxed together,"gói hàng, bưu kiện",repackaged,missing_words_analyzed
pact,Mới - chưa có ảnh,1,a formal agreement between individuals or groups,"hiệp ước, thỏa thuận",compact,missing_words_analyzed
paddle,Mới - chưa có ảnh,1,a short pole with a broad blade used to propel and steer a small boat,mái chèo tay,paddle,missing_words_analyzed
paddy,Mới - chưa có ảnh,1,a field where rice is grown; unmilled rice,ruộng lúa nước; thóc chưa xay,paddy,missing_words_analyzed
paid,Mới - chưa có ảnh,1,past tense/participle of 'pay'; having received payment,đã trả (tiền),unpaid,missing_words_analyzed
palate,Mới - chưa có ảnh,1,the roof of the mouth; a person's sense of taste,vòm miệng; khẩu vị,palatable,missing_words_analyzed
pall,Mới - chưa có ảnh,2,to become less appealing or interesting through familiarity,"trở nên nhàm chán, mất hứng thú (vì quá quen)","appal, pall",missing_words_analyzed
pantry,Mới - chưa có ảnh,1,a small room or cupboard used for storing food and provisions,phòng/tủ đựng thực phẩm,pantry,missing_words_analyzed
papyrus,Mới - chưa có ảnh,1,"a material made from an aquatic plant, used by the ancient Egyptians as a writing surface",giấy papyrus (giấy cói cổ Ai Cập),papyrus,missing_words_analyzed
par,Mới - chưa có ảnh,2,"the average or normal amount, degree, or standard; (golf) the standard number of strokes","mức trung bình, tiêu chuẩn","apparent, apparently",missing_words_analyzed
parade,Mới - chưa có ảnh,1,"a public procession, especially one celebrating a special day or event",cuộc diễu hành,parade,missing_words_analyzed
paradise,Mới - chưa có ảnh,1,an ideal or idyllic place or state; heaven,thiên đường,paradise,missing_words_analyzed
paramount,Mới - chưa có ảnh,1,more important than anything else; supreme,"tối quan trọng, hàng đầu",paramount,missing_words_analyzed
paranoid,Mới - chưa có ảnh,1,exhibiting excessive and irrational distrust or suspicion of others,"hoang tưởng, đa nghi thái quá",paranoid,missing_words_analyzed
paraphernalia,Mới - chưa có ảnh,1,"miscellaneous items, especially the equipment needed for a particular activity","đồ dùng lỉnh kỉnh, dụng cụ linh tinh",paraphernalia,missing_words_analyzed
parasite,Mới - chưa có ảnh,1,an organism that lives on or in another organism and benefits at its expense,ký sinh trùng,parasite,missing_words_analyzed
parcel,Mới - chưa có ảnh,1,an item or a collection of items wrapped in paper for carrying or sending by mail,"gói hàng, bưu kiện",parcel,missing_words_analyzed
parch,Mới - chưa có ảnh,1,"to make or become dry, especially through intense heat","làm khô cháy, làm khô hạn",parch,missing_words_analyzed
parley,Mới - chưa có ảnh,1,"a discussion or conference to settle a dispute, especially between enemies",cuộc đàm phán (giữa các bên đối địch),parley,missing_words_analyzed
partial,Mới - chưa có ảnh,2,existing only in part; incomplete; favoring one side unfairly,một phần; thiên vị,"impartial, impartiality",missing_words_analyzed
particle,Mới - chưa có ảnh,1,a very small piece or amount of matter,hạt (vật chất nhỏ),particle,missing_words_analyzed
particular,Mới - chưa có ảnh,2,used to single out an individual member of a specified group or class; specific,"cụ thể, riêng biệt, đặc biệt","particular, particularly",missing_words_analyzed
partisan,Mới - chưa có ảnh,1,"a strong and often uncritical supporter of a party, cause, or person","người theo phe phái, người ủng hộ nhiệt thành",partisan,missing_words_analyzed
passport,Mới - chưa có ảnh,1,"an official government document certifying identity and nationality, used for international travel",hộ chiếu,passport,missing_words_analyzed
paste,Mới - chưa có ảnh,2,"to insert copied or cut text/image into a document, typically using a computer","dán (văn bản, hình ảnh) vào tài liệu","paste, toothpaste",missing_words_analyzed
pat,Mới - chưa có ảnh,1,to touch someone or something gently and quickly with the flat of the hand,vỗ nhẹ (bằng lòng bàn tay),pat,missing_words_analyzed
path,Mới - chưa có ảnh,6+,a way or track laid down for walking or made by continual treading,"con đường, lối đi","apathy, empathy, path, pathway, sympathetic, sympathy",missing_words_analyzed
pathetic,Mới - chưa có ảnh,1,"arousing pity, especially through vulnerability or sadness; miserably inadequate","đáng thương, thảm hại",apathetic,missing_words_analyzed
pathogen,Mới - chưa có ảnh,1,"a bacterium, virus, or other microorganism that can cause disease","mầm bệnh, tác nhân gây bệnh",pathogen,missing_words_analyzed
patriarch,Mới - chưa có ảnh,1,the male head of a family or tribe; a senior figure of a church or institution,"gia trưởng, tộc trưởng",patriarchal,missing_words_analyzed
patriot,Mới - chưa có ảnh,2,a person who vigorously supports and defends their country,người yêu nước,"patriotic, patriotism",missing_words_analyzed
pattern,Mới - chưa có ảnh,1,a repeated or regular form or arrangement in which things occur,"khuôn mẫu, kiểu mẫu",pattern,missing_words_analyzed
pause,Mới - chưa có ảnh,1,To stop briefly before continuing.,"Tạm dừng, ngừng lại.",pause,missing_words_analyzed
pave,Mới - chưa có ảnh,2,"to cover a piece of ground with a hard, flat surface such as concrete or stone","lát (đường), trải nhựa/đá","pave, pavement",missing_words_analyzed
paw,Mới - chưa có ảnh,1,"the foot of an animal with claws or nails, such as a cat or dog",bàn chân (có vuốt) của thú vật,paw,missing_words_analyzed
pea,Mới - chưa có ảnh,1,a small spherical green seed eaten as a vegetable,hạt đậu Hà Lan,pea,missing_words_analyzed
pearl,Mới - chưa có ảnh,1,"a hard, lustrous sphere formed within the shell of an oyster, valued as a gem",ngọc trai,pearl,missing_words_analyzed
peck,Mới - chưa có ảnh,1,"to strike, bite, or pick up with the beak",mổ (bằng mỏ),peck,missing_words_analyzed
pedagogy,Mới - chưa có ảnh,1,the method and practice of teaching,"phương pháp sư phạm, khoa học giáo dục",pedagogy,missing_words_analyzed
pedal,Mới - chưa có ảnh,1,to move a bicycle by pushing its pedals with the feet,đạp (xe đạp),pedal,missing_words_analyzed
peel,Mới - chưa có ảnh,1,the skin or outer covering of a fruit or vegetable,"vỏ (trái cây, rau củ)",peel,missing_words_analyzed
penal,Mới - chưa có ảnh,1,relating to the punishment of offenders under the legal system,"thuộc về hình phạt, hình sự",penalty,missing_words_analyzed
penchant,Mới - chưa có ảnh,1,a strong or habitual liking for something,"sở thích, thiên hướng riêng",penchant,missing_words_analyzed
pencil,Mới - chưa có ảnh,1,an instrument for writing or drawing consisting of a thin rod of graphite in a wooden case,bút chì,pencil,missing_words_analyzed
pend,Mới - chưa có ảnh,6+,to await judgment or settlement; to remain undecided,"còn treo, chưa giải quyết (pháp lý)","dependability, dependable, dependence, expend, expenditure, impend",missing_words_analyzed
penetrate,Mới - chưa có ảnh,1,"to pass into or through something, especially with force","xuyên qua, thâm nhập",penetration,missing_words_analyzed
penguin,Mới - chưa có ảnh,1,a flightless seabird found mainly in the Southern Hemisphere,chim cánh cụt,penguin,missing_words_analyzed
peninsula,Mới - chưa có ảnh,1,a piece of land almost surrounded by water or projecting out into a body of water,bán đảo,peninsula,missing_words_analyzed
pens,Mới - chưa có ảnh,1,"plural of 'pen': writing instruments, or small enclosures for animals",bút (số nhiều); chuồng nhốt (số nhiều),propensity,missing_words_analyzed
perceive,Mới - chưa có ảnh,1,to become aware of something through the senses; to interpret in a certain way,"nhận thức, cảm nhận",perceptible,missing_words_analyzed
percent,Mới - chưa có ảnh,1,one part in every hundred,phần trăm,percentage,missing_words_analyzed
perception,Mới - chưa có ảnh,1,"the ability to see, hear, or become aware of something through the senses; a way of understanding or interpreting something","nhận thức, cách nhìn nhận",perception,missing_words_analyzed
perch,Mới - chưa có ảnh,1,(of a bird) to alight and rest on something; to sit on the edge or top of something,đậu (chim); ngồi trên mép/đỉnh cái gì đó,perch,missing_words_analyzed
percussion,Mới - chưa có ảnh,1,"musical instruments played by being struck or shaken, such as drums and cymbals",bộ gõ (nhạc cụ),percussion,missing_words_analyzed
perennial,Mới - chưa có ảnh,1,lasting or existing for a long or apparently infinite time; (of a plant) living for several years,"lâu năm, bền vững; (thực vật) sống lâu năm",perennial,missing_words_analyzed
perfect,Mới - chưa có ảnh,6+,having all the required or desirable qualities; without flaw,hoàn hảo,"imperfect, imperfectly, perfect, perfectionism, perfectionist, perfectly",missing_words_analyzed
perhaps,Mới - chưa có ảnh,1,possibly; maybe,có lẽ,perhaps,missing_words_analyzed
peril,Mới - chưa có ảnh,1,serious and immediate danger,"hiểm họa, nguy hiểm",perilous,missing_words_analyzed
perish,Mới - chưa có ảnh,2,"to die, especially in a sudden or violent way","chết, qua đời (một cách đột ngột)","perish, perishable",missing_words_analyzed
permanent,Mới - chưa có ảnh,2,lasting or intended to last indefinitely; not temporary,"vĩnh viễn, lâu dài","permanent, permanently",missing_words_analyzed
perpetrate,Mới - chưa có ảnh,1,"to carry out or commit a harmful, illegal, or immoral act","gây ra, thực hiện (hành vi xấu)",perpetrator,missing_words_analyzed
perpetual,Mới - chưa có ảnh,2,never ending or changing; continuing forever,"vĩnh viễn, liên tục không ngừng","perpetual, perpetually",missing_words_analyzed
perpetuate,Mới - chưa có ảnh,1,"to make something, especially a belief or practice, continue indefinitely","duy trì, làm cho tồn tại mãi (một tình trạng, niềm tin)",perpetuate,missing_words_analyzed
persevere,Mới - chưa có ảnh,1,to continue in a course of action despite difficulty,kiên trì,perseverance,missing_words_analyzed
persist,Mới - chưa có ảnh,1,to continue firmly in a course of action despite difficulty or opposition,"kiên trì, tiếp tục",persistence,missing_words_analyzed
persona,Mới - chưa có ảnh,1,the aspect of someone's character that is presented to or perceived by others,"hình tượng, vai diễn/tính cách thể hiện ra bên ngoài",persona,missing_words_analyzed
perspire,Mới - chưa có ảnh,1,to sweat,đổ mồ hôi,perspiration,missing_words_analyzed
pessimistic,Mới - chưa có ảnh,1,having a tendency to see the worst aspect of things or expect the worst outcome,bi quan,pessimistic,missing_words_analyzed
pest,Mới - chưa có ảnh,2,"an insect or animal harmful to crops, livestock, or humans","loài gây hại, sâu bọ","pest, pesticide",missing_words_analyzed
pester,Mới - chưa có ảnh,1,to trouble or annoy someone with persistent requests or interruptions,"quấy rầy, làm phiền (liên tục)",pester,missing_words_analyzed
petty,Mới - chưa có ảnh,1,of little importance; trivial; small-minded about unimportant matters,"nhỏ nhặt, tầm thường, hẹp hòi",petty,missing_words_analyzed
pharmacy,Mới - chưa có ảnh,1,a shop or place where medicines are prepared and dispensed,"hiệu thuốc, nhà thuốc",pharmacy,missing_words_analyzed
phase,Mới - chưa có ảnh,1,a distinct period or stage in a process of change or development,"giai đoạn, thời kỳ",phase,missing_words_analyzed
phenomenon,Mới - chưa có ảnh,1,"a fact, occurrence, or situation that is observed to exist or happen",hiện tượng,phenomenon,missing_words_analyzed
philanthropist,Mới - chưa có ảnh,1,"a person who seeks to promote the welfare of others, especially by donating money","nhà từ thiện, người hảo tâm",philanthropist,missing_words_analyzed
philosophy,Mới - chưa có ảnh,1,"the study of fundamental questions about existence, knowledge, values, and reason",triết học,philosophy,missing_words_analyzed
phish,Mới - chưa có ảnh,1,to fraudulently obtain personal information online by posing as a trustworthy source,lừa đảo trực tuyến (phishing),phishing,missing_words_analyzed
phlegmatic,Mới - chưa có ảnh,1,"having a calm, unemotional, and hard-to-rouse disposition","điềm tĩnh, ít biểu lộ cảm xúc",phlegmatic,missing_words_analyzed
phone,Mới - chưa có ảnh,6+,a telephone; a device used for talking to someone at a distance,điện thoại,"megaphone, microphone, phone, smartphone, smartphones, telephone",missing_words_analyzed
photogenic,Mới - chưa có ảnh,1,looking attractive in photographs,"ăn ảnh, chụp hình đẹp",photogenic,missing_words_analyzed
physic,Mới - chưa có ảnh,3,"medicine, especially a medicinal remedy or purgative (dated)","thuốc, phương thuốc (cách dùng cổ)","physic, physician, physicist",missing_words_analyzed
physical,Mới - chưa có ảnh,2,"relating to the body or to things perceived through the senses, as opposed to the mind","thuộc về thể chất, vật lý","physical, physically",missing_words_analyzed
physiology,Mới - chưa có ảnh,2,the branch of biology dealing with the normal functions of living organisms,sinh lý học,"physiological, physiologist",missing_words_analyzed
pianissimo,Mới - chưa có ảnh,1,(as a musical direction) very quietly or softly,"(âm nhạc) rất khẽ, rất nhẹ",pianissimo,missing_words_analyzed
picnic,Mới - chưa có ảnh,1,"an outdoor meal, typically taken on an excursion",buổi dã ngoại (ăn ngoài trời),picnic,missing_words_analyzed
picture,Mới - chưa có ảnh,1,"an image, especially a painting, drawing, or photograph","bức tranh, hình ảnh",picture,missing_words_analyzed
pidgin,Mới - chưa có ảnh,1,"a simplified language, often a mixture of two or more languages, used for communication between groups without a common language",ngôn ngữ pha trộn (pidgin) dùng để giao tiếp giữa các nhóm khác ngôn ngữ,pidgin,missing_words_analyzed
pie,Mới - chưa có ảnh,1,a baked dish consisting of a pastry crust filled with a sweet or savory filling,bánh nướng nhân (bánh pie),pie,missing_words_analyzed
pigeon,Mới - chưa có ảnh,1,"a stout bird with a small head, short legs, and a cooing voice",chim bồ câu,pigeon,missing_words_analyzed
pinch,Mới - chưa có ảnh,1,"a small amount of something, especially a powder, taken between the finger and thumb; the act of pinching",nhúm (một lượng nhỏ); cái véo,pinch,missing_words_analyzed
pine,Mới - chưa có ảnh,1,"to suffer a mental and physical decline, especially from grief or longing for someone or something","héo hon, mòn mỏi vì nhớ nhung/đau buồn",pine,missing_words_analyzed
pinnacle,Mới - chưa có ảnh,1,"the most successful point of something; a high, pointed mountain peak",đỉnh cao; đỉnh núi nhọn,pinnacle,missing_words_analyzed
pint,Mới - chưa có ảnh,1,a unit of liquid volume equal to one eighth of a gallon,panh (đơn vị đo dung tích),pint,missing_words_analyzed
pioneer,Mới - chưa có ảnh,1,"a person who is among the first to explore or settle a new area, or to develop a new idea or activity","người tiên phong, người đi đầu",pioneer,missing_words_analyzed
pivot,Mới - chưa có ảnh,2,"a central point, pin, or shaft on which a mechanism turns or oscillates","trục xoay, điểm tựa","pivot, pivotal",missing_words_analyzed
plague,Mới - chưa có ảnh,1,to cause continual trouble or distress to someone,"làm khổ sở, quấy rầy liên tục",plague,missing_words_analyzed
plank,Mới - chưa có ảnh,1,"a long, thin, flat piece of timber",tấm ván,plank,missing_words_analyzed
plankton,Mới - chưa có ảnh,1,tiny organisms that drift in bodies of water,sinh vật phù du,plankton,missing_words_analyzed
plaque,Mới - chưa có ảnh,1,"a flat inscribed commemorative plate, or a film of bacteria on teeth",tấm biển kỷ niệm / mảng bám (răng),plaque,missing_words_analyzed
plasma,Mới - chưa có ảnh,1,"the colorless fluid part of blood in which cells are suspended; also an ionized gas, a state of matter",huyết tương; plasma (trạng thái vật chất bị ion hóa),plasma,missing_words_analyzed
plaster,Mới - chưa có ảnh,1,to cover a wall or ceiling with plaster; to coat something thickly or excessively,trát vữa; phủ dày lên bề mặt,plaster,missing_words_analyzed
plateau,Mới - chưa có ảnh,1,an area of relatively flat highland,cao nguyên,plateau,missing_words_analyzed
plausible,Mới - chưa có ảnh,2,"seeming reasonable, probable, or believable","có vẻ hợp lý, có thể tin được","plausibility, plausible",missing_words_analyzed
plethora,Mới - chưa có ảnh,1,a large or excessive amount of something,"sự dư thừa, quá nhiều",plethora,missing_words_analyzed
plough,Mới - chưa có ảnh,1,a farming tool pulled through the soil to turn it over before planting,cái cày,plough,missing_words_analyzed
plumb,Mới - chưa có ảnh,2,to explore or measure something thoroughly in order to understand it (e.g. plumb the depths); to install and fit pipes as a plumber.,"dò sâu, thăm dò kỹ; lắp đặt đường ống nước.","plumb, plumber",missing_words_analyzed
plume,Mới - chưa có ảnh,1,"a large feather, or a column of smoke, dust, or vapor that rises into the air",lông vũ lớn; cột khói/bụi bốc lên,plume,missing_words_analyzed
plummet,Mới - chưa có ảnh,1,to fall or drop straight down suddenly and very quickly,"rơi thẳng đứng, lao dốc đột ngột",plummet,missing_words_analyzed
plump,Mới - chưa có ảnh,1,"to choose or decide in favor of something (usually as ""plump for"")","dứt khoát chọn, quyết định nghiêng về (thường dùng ""plump for"")",plump,missing_words_analyzed
plural,Mới - chưa có ảnh,2,a grammatical form denoting more than one person or thing,số nhiều (dạng ngữ pháp),"plural, plurality",missing_words_analyzed
plush,Mới - chưa có ảnh,1,"luxurious and expensive; also describing a soft, thick fabric with a long pile",sang trọng; mềm mại như nhung,plush,missing_words_analyzed
ply,Mới - chưa có ảnh,3,to work steadily at a trade; to keep offering something; a layer or thickness,"làm việc chăm chỉ; lớp, tầng","imply, multiply, reply",missing_words_analyzed
poach,Mới - chưa có ảnh,2,to cook food gently in a small amount of simmering liquid; or to illegally hunt or fish on someone else's land,luộc/chần (thức ăn) trong nước sôi lăn tăn; săn bắt/đánh bắt trộm,"poach, poacher",missing_words_analyzed
pod,Mới - chưa có ảnh,2,"a long seed vessel of a plant, or a detachable compartment","vỏ quả (đậu), khoang (tách rời)","pod, tripod",missing_words_analyzed
podium,Mới - chưa có ảnh,1,"a small raised platform on which a speaker, performer, or conductor stands","bục, bệ (diễn giả, chỉ huy dàn nhạc)",podium,missing_words_analyzed
poem,Mới - chưa có ảnh,1,"a piece of writing that expresses feelings or ideas with rhythm, imagery, and often rhyme",bài thơ,poem,missing_words_analyzed
policy,Mới - chưa có ảnh,1,"a course of action adopted by a government, business, or organization",chính sách,policy,missing_words_analyzed
politic,Mới - chưa có ảnh,3,(of an action) wise and sensible in the circumstances; prudent,"khôn khéo, thức thời","political, politically, politician",missing_words_analyzed
pollen,Mới - chưa có ảnh,1,"a fine powder produced by flowers, containing male reproductive cells",phấn hoa,pollinate,missing_words_analyzed
pollinate,Mới - chưa có ảnh,1,"to transfer pollen to a flower, enabling fertilization",thụ phấn,pollination,missing_words_analyzed
pollute,Mới - chưa có ảnh,3,"to contaminate an environment, especially with harmful or poisonous substances.",làm ô nhiễm.,"pollute, polluter, pollution",missing_words_analyzed
polo,Mới - chưa có ảnh,1,a game played on horseback between two teams using long-handled mallets to drive a ball,môn polo (mã cầu),polo,missing_words_analyzed
poncho,Mới - chưa có ảnh,1,"a garment made of a single piece of cloth with a hole in the middle for the head, worn as a cloak",áo poncho (áo choàng có lỗ chui đầu),poncho,missing_words_analyzed
ponder,Mới - chưa có ảnh,1,to think about something carefully and thoroughly,"suy ngẫm, cân nhắc",preponderant,missing_words_analyzed
pone,Mới - chưa có ảnh,1,(US dialect) cornbread made in a small oval loaf; corn pone,bánh ngô (phương ngữ Mỹ),postpone,missing_words_analyzed
pontiff,Mới - chưa có ảnh,1,the Pope; a bishop,"giáo hoàng, giám mục",pontifical,missing_words_analyzed
popular,Mới - chưa có ảnh,4,"liked, admired, or supported by many people","phổ biến, được ưa chuộng","popular, popularity, popularly, unpopular",missing_words_analyzed
populate,Mới - chưa có ảnh,2,to live in and form the population of a place,"cư trú, sinh sống tại (một nơi)","populate, population",missing_words_analyzed
population,Mới - chưa có ảnh,1,all the inhabitants of a particular place; the total number of people or organisms in an area,"dân số, quần thể",overpopulation,missing_words_analyzed
porch,Mới - chưa có ảnh,1,a covered shelter projecting in front of the entrance of a building,"hiên nhà, cổng có mái che",porch,missing_words_analyzed
pore,Mới - chưa có ảnh,1,to read or study something with great attention (usually 'pore over'),chăm chú đọc/nghiên cứu (điều gì đó),pore,missing_words_analyzed
portend,Mới - chưa có ảnh,1,"to be a sign or warning that something, especially something momentous, is likely to happen","báo trước, là điềm báo (điều gì sắp xảy ra)",portend,missing_words_analyzed
portfolio,Mới - chưa có ảnh,1,"a collection of documents, creative works, or investments held by a person or organization","danh mục (đầu tư, tác phẩm), hồ sơ năng lực",portfolio,missing_words_analyzed
portrait,Mới - chưa có ảnh,1,"a painting, drawing, or photograph of a person, especially of the face",chân dung,portrait,missing_words_analyzed
posit,Mới - chưa có ảnh,6+,to put forward as fact or as a basis for argument; to assume,"đặt ra giả thuyết, khẳng định","appositive, appositives, composition, opposition, position, positive",missing_words_analyzed
positive,Mới - chưa có ảnh,1,consisting in or characterized by the presence of qualities; affirmative; greater than zero,"tích cực, dương",positively,missing_words_analyzed
potato,Mới - chưa có ảnh,1,a starchy edible tuber that is a staple vegetable,khoai tây,potato,missing_words_analyzed
potent,Mới - chưa có ảnh,2,having great power or influence; effective,"mạnh mẽ, có hiệu lực","omnipotent, potential",missing_words_analyzed
potential,Mới - chưa có ảnh,1,having the capacity to develop into something in the future; latent qualities,"tiềm năng, tiềm tàng",potentially,missing_words_analyzed
pouch,Mới - chưa có ảnh,1,a small flexible bag or container,"túi nhỏ, bao nhỏ",pouch,missing_words_analyzed
poverty,Mới - chưa có ảnh,1,the state of being extremely poor,sự nghèo đói,poverty,missing_words_analyzed
pox,Mới - chưa có ảnh,1,"an infectious disease causing skin eruptions, e.g. smallpox or chickenpox",bệnh đậu mùa/thủy đậu,smallpox,missing_words_analyzed
practical,Mới - chưa có ảnh,2,relating to actual use or experience rather than theory; likely to be useful,"thực tế, thực dụng","impractical, practical",missing_words_analyzed
practice,Mới - chưa có ảnh,2,"the actual application of an idea or method, as opposed to theory; repeated exercise to improve skill","sự thực hành, luyện tập","malpractice, practice",missing_words_analyzed
practise,Mới - chưa có ảnh,1,To perform an activity repeatedly in order to improve or maintain a skill.,"Luyện tập, thực hành.",practise,missing_words_analyzed
prairie,Mới - chưa có ảnh,1,"a large open area of grassland, especially in central North America","đồng cỏ, thảo nguyên rộng lớn",prairie,missing_words_analyzed
precinct,Mới - chưa có ảnh,1,"a district of a city or town defined for administrative, electoral, or policing purposes",khu vực hành chính/bầu cử/cảnh sát,precinct,missing_words_analyzed
precipice,Mới - chưa có ảnh,1,a very steep rock face or cliff,"vách đá dựng đứng, bờ vực",precipice,missing_words_analyzed
precipitate,Mới - chưa có ảnh,1,to cause an event to happen suddenly; a solid substance separated from a solution,gây ra đột ngột; kết tủa,precipitation,missing_words_analyzed
precocious,Mới - chưa có ảnh,1,showing mature qualities at an unusually early age,"phát triển sớm, khôn trước tuổi",precocious,missing_words_analyzed
predicate,Mới - chưa có ảnh,1,the part of a sentence or clause containing the verb and stating something about the subject,vị ngữ (trong câu),predicate,missing_words_analyzed
predict,Mới - chưa có ảnh,4,to say or estimate that a specified thing will happen in the future,dự đoán,"predictable, prediction, unpredictability, unpredictable",missing_words_analyzed
pregnant,Mới - chưa có ảnh,1,carrying a developing embryo or fetus within the body,"có thai, mang thai",pregnant,missing_words_analyzed
prejudice,Mới - chưa có ảnh,1,a preconceived opinion not based on reason or experience; bias,định kiến,prejudicial,missing_words_analyzed
preliminary,Mới - chưa có ảnh,1,preceding or preparing for something fuller or more important; introductory,"sơ bộ, mở đầu",preliminary,missing_words_analyzed
premium,Mới - chưa có ảnh,1,of superior quality and higher price than usual,"cao cấp, chất lượng cao",premium,missing_words_analyzed
prepared,Mới - chưa có ảnh,1,made ready for a particular purpose or in advance,đã chuẩn bị sẵn sàng,preparedness,missing_words_analyzed
preposterous,Mới - chưa có ảnh,1,contrary to reason or common sense; utterly absurd,"vô lý, lố bịch, phi lý",preposterous,missing_words_analyzed
pres,Mới - chưa có ảnh,1,informal abbreviation for 'president',viết tắt không chính thức của 'president' (chủ tịch/tổng thống),pres,missing_words_analyzed
preserve,Mới - chưa có ảnh,1,to maintain something in its original state; to keep safe from harm,"bảo tồn, gìn giữ",preservation,missing_words_analyzed
pressure,Mới - chưa có ảnh,1,the continuous physical force exerted on an object; a feeling of stress,áp lực,pressurize,missing_words_analyzed
prestige,Mới - chưa có ảnh,1,widespread respect and admiration felt for someone or something because of their achievements or status,"uy tín, danh tiếng",prestige,missing_words_analyzed
pretence,Mới - chưa có ảnh,1,an attempt to make something not true appear true; a false show,"sự giả vờ, sự giả bộ",pretence,missing_words_analyzed
prey,Mới - chưa có ảnh,1,an animal that is hunted and killed by another animal for food,con mồi,prey,missing_words_analyzed
prickle,Mới - chưa có ảnh,1,to cause a stinging or tingling sensation,"gây cảm giác châm chích, râm ran",prickle,missing_words_analyzed
pride,Mới - chưa có ảnh,1,a feeling of deep pleasure or satisfaction from one's own achievements or qualities,niềm tự hào,pride,missing_words_analyzed
primary,Mới - chưa có ảnh,1,of chief importance; first in order of time or development,"chính, hàng đầu, sơ cấp",primarily,missing_words_analyzed
prime,Mới - chưa có ảnh,1,to prepare someone or something for a particular purpose or situation,"chuẩn bị, làm cho sẵn sàng trước",prime,missing_words_analyzed
pristine,Mới - chưa có ảnh,1,in its original condition; clean and unspoiled,"nguyên sơ, tinh khôi, chưa hư hại",pristine,missing_words_analyzed
probable,Mới - chưa có ảnh,1,likely to happen or be true,có khả năng xảy ra,probably,missing_words_analyzed
process,Mới - chưa có ảnh,2,a series of actions or steps taken in order to achieve a particular end,"quá trình, quy trình","process, reprocess",missing_words_analyzed
procrastinate,Mới - chưa có ảnh,1,to delay or postpone action,"trì hoãn, chần chừ",procrastinate,missing_words_analyzed
produce,Mới - chưa có ảnh,5,"agricultural products, especially fruits and vegetables, collectively","nông sản (rau, quả...)","overproduce, produce, producer, reproduce, reproductive",missing_words_analyzed
product,Mới - chưa có ảnh,3,an article or substance produced; the result of an action or process,sản phẩm,"byproduct, production, productive",missing_words_analyzed
productive,Mới - chưa có ảnh,2,"producing or able to produce large amounts of goods, crops, or results","có năng suất, hiệu quả","productivity, unproductive",missing_words_analyzed
profess,Mới - chưa có ảnh,2,"to claim openly that one has a quality, feeling, or belief","tuyên bố, thừa nhận","profession, professor",missing_words_analyzed
profession,Mới - chưa có ảnh,3,a paid occupation requiring specialized training and education,nghề nghiệp,"professional, professionalism, professionally",missing_words_analyzed
profile,Mới - chưa có ảnh,1,"a brief description or summary of a person's or thing's characteristics, or the outline of an object seen from the side","hồ sơ, tiểu sử tóm tắt; đường nét khi nhìn nghiêng",profile,missing_words_analyzed
progress,Mới - chưa có ảnh,1,forward movement toward a goal; development over time,"sự tiến bộ, sự tiến triển",progress,missing_words_analyzed
project,Mới - chưa có ảnh,1,to estimate or forecast something based on present data; to extend outward,"dự đoán, dự báo; chiếu, phóng ra",project,missing_words_analyzed
proliferate,Mới - chưa có ảnh,2,to increase rapidly in number; multiply,"sinh sôi, tăng nhanh về số lượng","proliferate, proliferation",missing_words_analyzed
prominent,Mới - chưa có ảnh,2,important and well-known; jutting out from something,"nổi bật, lỗi lạc; nhô ra","prominent, prominently",missing_words_analyzed
promote,Mới - chưa có ảnh,1,"to help something develop, become more popular, or be sold more; to raise someone to a higher rank","thúc đẩy, quảng bá; thăng chức",promote,missing_words_analyzed
prone,Mới - chưa có ảnh,1,"likely to suffer from, do, or experience something unwelcome; or lying flat, face down","dễ mắc phải, có xu hướng xấu; hoặc nằm sấp",prone,missing_words_analyzed
prop,Mới - chưa có ảnh,1,"an object used to support a structure, or an item used by actors in a play or film",vật chống đỡ; đạo cụ (sân khấu),prop,missing_words_analyzed
propaganda,Mới - chưa có ảnh,2,"information, especially biased or misleading, used to promote a political cause or point of view",tuyên truyền,"propaganda, propagandize",missing_words_analyzed
proportion,Mới - chưa có ảnh,1,"a part, share, or number considered in relation to a whole","tỷ lệ, phần",disproportionately,missing_words_analyzed
proportionate,Mới - chưa có ảnh,1,corresponding in size or amount to something else,"tương xứng, cân đối",disproportionate,missing_words_analyzed
prose,Mới - chưa có ảnh,1,"written or spoken language in its ordinary form, without metrical structure",văn xuôi,prose,missing_words_analyzed
prospect,Mới - chưa có ảnh,1,the possibility or likelihood of some future event occurring; a person or thing considered as a future possibility,"triển vọng, khả năng; đối tượng tiềm năng",prospect,missing_words_analyzed
prosper,Mới - chưa có ảnh,3,"to succeed or thrive, especially financially","thịnh vượng, phát đạt","prosper, prosperity, prosperous",missing_words_analyzed
protein,Mới - chưa có ảnh,1,"a large molecule composed of amino acids, essential for the structure and function of living cells","protein, chất đạm",protein,missing_words_analyzed
provenance,Mới - chưa có ảnh,1,the place of origin or earliest known history of something,"nguồn gốc, xuất xứ",provenance,missing_words_analyzed
provide,Mới - chưa có ảnh,2,to give someone something that they need,cung cấp,"provide, provider",missing_words_analyzed
provision,Mới - chưa có ảnh,1,the act of supplying something for use; a stipulated condition in a document,sự cung cấp; điều khoản,provisional,missing_words_analyzed
prowess,Mới - chưa có ảnh,1,exceptional skill or expertise in a particular activity,"tài năng xuất chúng, sự tài giỏi",prowess,missing_words_analyzed
proximity,Mới - chưa có ảnh,1,"nearness in space, time, or relationship","sự gần gũi, khoảng cách gần",proximity,missing_words_analyzed
prudent,Mới - chưa có ảnh,1,acting with care and thought for the future; sensible,"thận trọng, khôn ngoan",prudent,missing_words_analyzed
prune,Mới - chưa có ảnh,1,a dried plum.,quả mận khô.,prune,missing_words_analyzed
psyche,Mới - chưa có ảnh,1,"the human soul, mind, or spirit","tâm hồn, tâm lý, tâm trí",psyche,missing_words_analyzed
psychology,Mới - chưa có ảnh,1,"the scientific study of the human mind and its functions, especially behavior",tâm lý học,psychological,missing_words_analyzed
publication,Mới - chưa có ảnh,1,"the action of publishing something, or a book, magazine, or other published work","sự xuất bản, ấn phẩm",publication,missing_words_analyzed
pucker,Mới - chưa có ảnh,1,to gather into small wrinkles or folds,"nhăn lại, chun lại",pucker,missing_words_analyzed
pudding,Mới - chưa có ảnh,1,"a sweet dessert, typically with a soft or spongy consistency",món pudding,pudding,missing_words_analyzed
pulley,Mới - chưa có ảnh,1,a wheel with a grooved rim used with a rope to lift heavy objects,ròng rọc,pulley,missing_words_analyzed
pulp,Mới - chưa có ảnh,1,"a soft, wet, shapeless mass; the soft, moist part of a fruit; material for papermaking",bột giấy; cùi/thịt quả mềm,pulp,missing_words_analyzed
pump,Mới - chưa có ảnh,1,a device used to move liquid or gas from one place to another,máy bơm,pump,missing_words_analyzed
pun,Mới - chưa có ảnh,1,a joke exploiting the different possible meanings of a word or similar-sounding words,chơi chữ,punitive,missing_words_analyzed
punish,Mới - chưa có ảnh,2,to impose a penalty on someone as retribution for an offense,trừng phạt,"punish, punishment",missing_words_analyzed
pupil,Mới - chưa có ảnh,1,the dark circular opening in the center of the eye that lets in light,con ngươi (mắt),pupil,missing_words_analyzed
purse,Mới - chưa có ảnh,1,"a small bag used for carrying money and personal items, especially by women","ví tiền, túi xách nhỏ",purse,missing_words_analyzed
pyramid,Mới - chưa có ảnh,1,"a monumental structure with a square base and sloping sides meeting at a point, especially an ancient Egyptian royal tomb",kim tự tháp,pyramid,missing_words_analyzed
qua,Mới - chưa có ảnh,1,in the capacity of; as being (used to specify the role in which someone or something is being considered),với tư cách là,qua,missing_words_analyzed
quake,Mới - chưa có ảnh,2,"a sudden violent shaking of the ground, especially caused by an earthquake","một cơn rung chuyển mạnh và đột ngột của mặt đất, đặc biệt do động đất","earthquake, quake",missing_words_analyzed
quality,Mới - chưa có ảnh,2,the standard of something as measured against other things of a similar kind,chất lượng,"qualitative, quality",missing_words_analyzed
quantity,Mới - chưa có ảnh,1,"an amount or number of something, especially one that can be counted or measured",số lượng,quantity,missing_words_analyzed
quantum,Mới - chưa có ảnh,1,a discrete quantity of energy or other physical property proportional to the frequency it represents,"một lượng năng lượng hoặc đại lượng vật lý rời rạc, nhỏ nhất có thể có",quantum,missing_words_analyzed
quarantine,Mới - chưa có ảnh,1,"a period of isolation imposed on people, animals, or things to prevent the spread of disease","sự cách ly, kiểm dịch",quarantine,missing_words_analyzed
quarrel,Mới - chưa có ảnh,1,to have an angry argument or disagreement,"cãi nhau, tranh cãi",quarrel,missing_words_analyzed
quarry,Mới - chưa có ảnh,1,a large open excavation from which stone or minerals are extracted,mỏ đá,quarry,missing_words_analyzed
quart,Mới - chưa có ảnh,1,a unit of liquid capacity equal to a quarter of a gallon,một đơn vị đo dung tích (bằng 1/4 gallon),quartet,missing_words_analyzed
quasi,Mới - chưa có ảnh,1,seemingly but not really; resembling,"tựa như, gần như (giả)",quasi,missing_words_analyzed
quay,Mới - chưa có ảnh,1,a structure built along the edge of water where boats load and unload,"bến tàu, cầu cảng",quay,missing_words_analyzed
quench,Mới - chưa có ảnh,1,"to satisfy one's thirst by drinking, or to extinguish a fire","làm dịu cơn khát bằng cách uống, hoặc dập tắt lửa",quench,missing_words_analyzed
query,Mới - chưa có ảnh,1,"a question, especially one expressing doubt or requesting information","một câu hỏi, đặc biệt là câu thể hiện sự nghi ngờ hoặc yêu cầu thông tin",query,missing_words_analyzed
queue,Mới - chưa có ảnh,1,to line up and wait in a queue,xếp hàng chờ đợi,queue,missing_words_analyzed
quinine,Mới - chưa có ảnh,1,"a bitter medicinal compound obtained from the bark of a South American tree, used to treat malaria.",ký ninh (thuốc trị sốt rét).,quinine,missing_words_analyzed
quirk,Mới - chưa có ảnh,1,a peculiar behavioral habit or a strange occurrence,"nét kỳ quặc, đặc điểm khác thường",quirk,missing_words_analyzed
quota,Mới - chưa có ảnh,1,a limited or fixed number or amount of people or things allowed,"hạn ngạch, định mức",quota,missing_words_analyzed
rack,Mới - chưa có ảnh,1,to cause someone great physical or mental pain,"dày vò, hành hạ (thể xác/tinh thần)",rack,missing_words_analyzed
radar,Mới - chưa có ảnh,1,a system that uses radio waves to detect the position and speed of objects,ra đa,radar,missing_words_analyzed
radiate,Mới - chưa có ảnh,1,"to emit light, heat, or other energy in rays; to spread out from a central point","tỏa ra, phát ra",radiation,missing_words_analyzed
raft,Mới - chưa có ảnh,1,a flat buoyant structure used for transport or recreation on water,"bè, phao bè",raft,missing_words_analyzed
rag,Mới - chưa có ảnh,1,"a piece of old, often torn cloth, typically used for cleaning","một mảnh vải cũ, thường rách, dùng để lau chùi",rag,missing_words_analyzed
railroad,Mới - chưa có ảnh,1,a track made of steel rails on which trains run,đường sắt,railroad,missing_words_analyzed
ram,Mới - chưa có ảnh,1,to crash or push forcefully into something,"húc mạnh vào, đâm vào",ram,missing_words_analyzed
ramp,Mới - chưa có ảnh,2,a sloping surface joining two different levels,đường dốc (nối hai mặt phẳng khác độ cao),"ramp, rampant",missing_words_analyzed
rampant,Mới - chưa có ảnh,1,flourishing or spreading unchecked; widespread,"tràn lan, hoành hành",rampantly,missing_words_analyzed
rapport,Mới - chưa có ảnh,1,a close and harmonious relationship in which people understand each other's feelings well,"mối quan hệ hòa hợp, sự đồng cảm",rapport,missing_words_analyzed
rather,Mới - chưa có ảnh,1,to a certain extent; used to express a preference,khá là; thà (làm gì đó) hơn,rather,missing_words_analyzed
ratio,Mới - chưa có ảnh,1,"the quantitative relation between two amounts, showing the number of times one contains the other","tỷ lệ, tỷ số",ratio,missing_words_analyzed
rattle,Mới - chưa có ảnh,1,a baby's toy that makes a rattling sound when shaken,đồ chơi trẻ em phát ra tiếng lách cách khi lắc,rattle,missing_words_analyzed
ravel,Mới - chưa có ảnh,1,to entangle or become entangled; (or) to disentangle,"làm rối, quấn vào nhau",unravel,missing_words_analyzed
ravine,Mới - chưa có ảnh,1,"a deep, narrow gorge cut into the land, usually by a stream","khe núi sâu, hẻm núi",ravine,missing_words_analyzed
razor,Mới - chưa có ảnh,1,an instrument with a sharp blade used for shaving,dao cạo râu,razor,missing_words_analyzed
realm,Mới - chưa có ảnh,1,a field or domain of activity or interest; a kingdom,lĩnh vực; vương quốc,realm,missing_words_analyzed
receive,Mới - chưa có ảnh,2,to get or be given something,"nhận, tiếp nhận","receive, receiver",missing_words_analyzed
reception,Mới - chưa có ảnh,1,the way in which a person or thing is received; an area where visitors are welcomed,sự tiếp đón; quầy lễ tân,receptionist,missing_words_analyzed
recipe,Mới - chưa có ảnh,1,"A set of instructions for preparing a particular dish, including a list of ingredients.",Công thức nấu ăn.,recipe,missing_words_analyzed
reciprocal,Mới - chưa có ảnh,1,"given, felt, or done in return; mutual","được trao đi, cảm nhận hoặc thực hiện đáp lại; có tính tương hỗ, qua lại",reciprocal,missing_words_analyzed
reckless,Mới - chưa có ảnh,1,acting without thinking about the consequences; heedless of danger,"liều lĩnh, bất cẩn",recklessly,missing_words_analyzed
recognize,Mới - chưa có ảnh,3,to identify someone or something from having encountered them before; to acknowledge formally,"nhận ra, nhận biết; công nhận","recognition, recognizable, recognize",missing_words_analyzed
reconcile,Mới - chưa có ảnh,1,to restore friendly relations between people or groups,hòa giải,reconcile,missing_words_analyzed
reduce,Mới - chưa có ảnh,1,"to make something smaller or less in amount, degree, or size",giảm bớt,reduce,missing_words_analyzed
redundant,Mới - chưa có ảnh,1,"no longer needed or useful; superfluous, or dismissed from a job because no longer required","không còn cần thiết hoặc hữu ích; dư thừa, hoặc bị sa thải vì không còn cần vị trí đó",redundant,missing_words_analyzed
reef,Mới - chưa có ảnh,1,"a ridge of rock, sand, or coral lying beneath the surface of the sea","rạn san hô, đá ngầm",reef,missing_words_analyzed
reel,Mới - chưa có ảnh,1,"to stagger or lose one's balance, especially from a blow or shock","loạng choạng, choáng váng",reel,missing_words_analyzed
refrain,Mới - chưa có ảnh,1,"a recurring phrase or verse, especially at the end of each stanza of a poem or song",điệp khúc,refrain,missing_words_analyzed
refrigerate,Mới - chưa có ảnh,1,to keep food or drink cold in order to preserve it,"làm lạnh, ướp lạnh",refrigerator,missing_words_analyzed
refuse,Mới - chưa có ảnh,1,to indicate or state that one is not willing to do or accept something,từ chối,refusal,missing_words_analyzed
refute,Mới - chưa có ảnh,2,to prove a statement or theory to be wrong or false,bác bỏ,"irrefutable, refutation",missing_words_analyzed
regatta,Mới - chưa có ảnh,1,an event consisting of a series of boat races,một sự kiện gồm chuỗi các cuộc đua thuyền,regatta,missing_words_analyzed
regime,Mới - chưa có ảnh,1,"a government, especially an authoritarian one",chế độ (chính trị),regime,missing_words_analyzed
regiment,Mới - chưa có ảnh,1,a permanent unit of an army; (verb) to organize rigidly,trung đoàn; tổ chức nghiêm ngặt,regimentation,missing_words_analyzed
regular,Mới - chưa có ảnh,2,"occurring at consistent intervals, or usual and normal","đều đặn, thường xuyên","regular, regularly",missing_words_analyzed
regulate,Mới - chưa có ảnh,4,to control or maintain the rate or speed of something; to make rules governing something,"điều chỉnh, quy định","regulation, regulator, regulatory, unregulated",missing_words_analyzed
rehabilitate,Mới - chưa có ảnh,2,"to restore someone to health or normal life through training after illness, addiction, or imprisonment","phục hồi (chức năng, cuộc sống bình thường)","rehabilitate, rehabilitation",missing_words_analyzed
rehearse,Mới - chưa có ảnh,2,"to practice a play, piece of music, or other performance before presenting it publicly","diễn tập, tập dượt","rehearsal, rehearse",missing_words_analyzed
rein,Mới - chưa có ảnh,1,"a long, narrow strap attached to a bridle, used to guide or control a horse","dây cương dài, hẹp gắn vào hàm thiếc để điều khiển ngựa",rein,missing_words_analyzed
relation,Mới - chưa có ảnh,1,the way in which two or more people or things are connected,mối quan hệ,relationship,missing_words_analyzed
relative,Mới - chưa có ảnh,1,considered in relation to something else; a person connected by blood or marriage,tương đối; người thân,relatively,missing_words_analyzed
relent,Mới - chưa có ảnh,1,to abandon a harsh intention; to become less severe,"nhượng bộ, dịu đi",relentlessly,missing_words_analyzed
relevant,Mới - chưa có ảnh,2,closely connected or appropriate to the matter at hand,"liên quan, thích đáng","irrelevant, relevance",missing_words_analyzed
reliable,Mới - chưa có ảnh,1,consistently good in quality or performance; able to be trusted,đáng tin cậy,reliability,missing_words_analyzed
religion,Mới - chưa có ảnh,1,"the belief in and worship of a superhuman controlling power, especially a personal God","niềm tin và sự tôn thờ một quyền năng siêu nhiên, đặc biệt là một vị thần",religion,missing_words_analyzed
religious,Mới - chưa có ảnh,2,relating to or believing in a religion; devout,"(thuộc về) tôn giáo, sùng đạo","religious, religiously",missing_words_analyzed
reminisce,Mới - chưa có ảnh,1,to indulge in enjoyable recollection of past events,"hồi tưởng, nhớ lại kỷ niệm một cách thích thú",reminisce,missing_words_analyzed
remnant,Mới - chưa có ảnh,1,a small remaining quantity of something,"phần còn lại, mẩu thừa",remnant,missing_words_analyzed
remunerate,Mới - chưa có ảnh,1,to pay someone for services rendered or work done,"trả thù lao, trả công",remuneration,missing_words_analyzed
render,Mới - chưa có ảnh,2,"to provide or give something, or to cause something to become a certain state","làm cho trở nên, cung cấp/thể hiện","render, surrender",missing_words_analyzed
renovate,Mới - chưa có ảnh,1,"to restore something old, especially a building, to a good state of repair","cải tạo, tân trang",renovation,missing_words_analyzed
repair,Mới - chưa có ảnh,1,to restore something damaged to good condition,sửa chữa,disrepair,missing_words_analyzed
repertoire,Mới - chưa có ảnh,1,the range of works or skills that a person or group is prepared to perform,"vốn tiết mục, danh mục tác phẩm/kỹ năng có thể trình diễn",repertoire,missing_words_analyzed
repetitive,Mới - chưa có ảnh,1,"done or happening many times in the same way, often in a boring manner","lặp đi lặp lại, nhàm chán",repetitive,missing_words_analyzed
replace,Mới - chưa có ảnh,1,to put something new in the place of something else,thay thế,irreplaceable,missing_words_analyzed
replenish,Mới - chưa có ảnh,1,to fill something up again; to restore a stock or supply,"bổ sung, làm đầy lại",replenishment,missing_words_analyzed
reptile,Mới - chưa có ảnh,1,"a cold-blooded, air-breathing vertebrate animal such as a snake or lizard",loài bò sát,reptile,missing_words_analyzed
repute,Mới - chưa có ảnh,1,the opinion generally held about someone or something; reputation,danh tiếng,reputation,missing_words_analyzed
require,Mới - chưa có ảnh,2,to need something for a particular purpose,"đòi hỏi, yêu cầu, cần","require, requirement",missing_words_analyzed
requisite,Mới - chưa có ảnh,1,necessary or required for a particular purpose,"cần thiết, bắt buộc",prerequisite,missing_words_analyzed
resemble,Mới - chưa có ảnh,2,to look or be similar to someone or something else,"giống với, trông giống","resemblance, resemble",missing_words_analyzed
resent,Mới - chưa có ảnh,1,to feel bitter or angry about something regarded as unfair,"bực tức, oán giận",resentful,missing_words_analyzed
resilient,Mới - chưa có ảnh,2,able to recover quickly from difficulties or withstand adverse conditions,"có khả năng phục hồi nhanh, kiên cường","resilience, resilient",missing_words_analyzed
resist,Mới - chưa có ảnh,2,to withstand the action or effect of something; to refuse to accept,"chống lại, kháng cự","irresistible, resistance",missing_words_analyzed
resolution,Mới - chưa có ảnh,1,a firm decision to do or not do something; a formal expression of opinion agreed on by a group,"quyết tâm, nghị quyết",resolution,missing_words_analyzed
resolve,Mới - chưa có ảnh,1,to find a solution to a problem or dispute; to decide firmly,giải quyết; quyết tâm,unresolved,missing_words_analyzed
resonance,Mới - chưa có ảnh,1,"the quality of being deep, full, and reverberating in sound; a shared response or vibration","sự cộng hưởng, âm vang",resonance,missing_words_analyzed
restaurant,Mới - chưa có ảnh,1,a place where people pay to sit and eat meals that are cooked and served on the premises,nhà hàng,restaurant,missing_words_analyzed
restrain,Mới - chưa có ảnh,1,to prevent someone or something from doing something; to hold back,"kiềm chế, ngăn cản",restraint,missing_words_analyzed
resume,Mới - chưa có ảnh,1,"a brief written account of a person's education, qualifications, and previous work experience (a CV)","sơ yếu lý lịch, bản tóm tắt kinh nghiệm (CV)",resume,missing_words_analyzed
retina,Mới - chưa có ảnh,1,the light-sensitive layer of tissue at the back of the eye,võng mạc,retina,missing_words_analyzed
revere,Mới - chưa có ảnh,1,to feel deep respect or admiration for someone or something,"tôn kính, sùng kính",revere,missing_words_analyzed
reverse,Mới - chưa có ảnh,1,to move backward; to change something to its opposite,"đảo ngược, lùi lại",irreversible,missing_words_analyzed
revolution,Mới - chưa có ảnh,2,a forcible overthrow of a government or social order in favor of a new system; a full circular turn,cuộc cách mạng; vòng quay,"revolution, revolutionize",missing_words_analyzed
rhino,Mới - chưa có ảnh,1,"a large, heavy plant-eating mammal with one or two horns on its nose",con tê giác,rhino,missing_words_analyzed
ribbon,Mới - chưa có ảnh,1,"a long, narrow strip of fabric used for decoration or tying","dải vải dài, hẹp dùng để trang trí hoặc buộc",ribbon,missing_words_analyzed
rice,Mới - chưa có ảnh,1,"the small seeds of a cereal plant, cooked and eaten as a staple food","gạo, cơm",rice,missing_words_analyzed
riddle,Mới - chưa có ảnh,1,"a question or statement phrased to test ingenuity, requiring a clever answer","một câu hỏi hoặc câu đố được diễn đạt để thử thách sự khéo léo, đòi hỏi câu trả lời thông minh",riddle,missing_words_analyzed
ridge,Mới - chưa có ảnh,1,"a long, narrow hilltop or mountain range, or a raised strip on a surface","dãy núi, sống núi, đường gờ",ridge,missing_words_analyzed
ridicule,Mới - chưa có ảnh,2,words or actions intended to make someone or something look foolish,"sự chế giễu, chế nhạo","ridicule, ridiculous",missing_words_analyzed
rig,Mới - chưa có ảnh,2,to manage or manipulate something fraudulently for personal advantage,"gian lận, làm giả kết quả (một cách gian lận)","irrigate, rig",missing_words_analyzed
rigid,Mới - chưa có ảnh,1,unable to bend or be forced out of shape; strict and inflexible,"cứng nhắc, cứng rắn",rigid,missing_words_analyzed
rigor,Mới - chưa có ảnh,2,"strictness or severity, especially in the accurate application of rules or standards",sự nghiêm ngặt,"rigorous, rigorously",missing_words_analyzed
rim,Mới - chưa có ảnh,1,"the outer edge of something circular, such as a wheel or a cup","vành, mép (vật hình tròn)",rim,missing_words_analyzed
rind,Mới - chưa có ảnh,1,"the tough outer skin of certain fruits, cheeses, or bacon","lớp vỏ ngoài dày của một số loại trái cây, phô mai hoặc thịt xông khói",rind,missing_words_analyzed
rinse,Mới - chưa có ảnh,1,to wash something with clean water to remove soap or dirt,rửa/tráng lại bằng nước sạch,rinse,missing_words_analyzed
ripe,Mới - chưa có ảnh,1,(of fruit or grain) developed to the point of readiness for harvesting and eating,"(trái cây hoặc ngũ cốc) đã phát triển đến độ chín, sẵn sàng để thu hoạch và ăn",ripe,missing_words_analyzed
ripple,Mới - chưa có ảnh,1,a small wave or series of waves on the surface of water,một gợn sóng nhỏ hoặc chuỗi gợn sóng trên mặt nước,ripple,missing_words_analyzed
rite,Mới - chưa có ảnh,1,a religious or other solemn ceremony or act,"nghi lễ, nghi thức",rite,missing_words_analyzed
rivet,Mới - chưa có ảnh,1,to completely capture someone's attention,hoàn toàn thu hút sự chú ý của ai đó,rivet,missing_words_analyzed
roam,Mới - chưa có ảnh,1,to travel or wander from place to place without a fixed destination,"đi lang thang, di chuyển từ nơi này sang nơi khác mà không có đích đến cố định",roam,missing_words_analyzed
roar,Mới - chưa có ảnh,1,"to make a loud, deep, prolonged sound, as a lion or an engine does","gầm rống, gầm vang",roar,missing_words_analyzed
roast,Mới - chưa có ảnh,1,"a dish of meat that has been roasted, or an outdoor meal cooking food over a fire",món quay/nướng,roast,missing_words_analyzed
robin,Mới - chưa có ảnh,1,a small brown bird with a red or orange breast,chim cổ đỏ (robin),robinson,missing_words_analyzed
robot,Mới - chưa có ảnh,3,a machine that can carry out tasks automatically,"người máy, rô-bốt","robot, robotic, robotics",missing_words_analyzed
rode,Mới - chưa có ảnh,1,past tense of 'ride',"đã cưỡi, đã đi (quá khứ của ride)",erode,missing_words_analyzed
rodent,Mới - chưa có ảnh,1,"a mammal with continuously growing incisors, such as a mouse, rat, or squirrel",loài gặm nhấm,rodent,missing_words_analyzed
roe,Mới - chưa có ảnh,1,the eggs of a fish or shellfish,trứng cá,roebuck,missing_words_analyzed
roger,Mới - chưa có ảnh,1,used in radio communication to acknowledge that a message has been received and understood,dùng trong liên lạc vô tuyến để xác nhận đã nhận và hiểu thông điệp,roger,missing_words_analyzed
rogue,Mới - chưa có ảnh,1,operating outside normal or desirable controls; behaving unpredictably or dangerously,"bất hảo, hoạt động ngoài tầm kiểm soát",rogue,missing_words_analyzed
roil,Mới - chưa có ảnh,1,"to make a liquid cloudy or turbulent by disturbing it, or to agitate someone","làm cho chất lỏng vẩn đục hoặc cuộn xoáy do bị khuấy động, hoặc làm ai đó bực bội",roil,missing_words_analyzed
roman,Mới - chưa có ảnh,1,relating to ancient or modern Rome or the Roman Empire,thuộc về La Mã (cổ đại hoặc hiện đại),roman,missing_words_analyzed
rook,Mới - chưa có ảnh,1,a large black bird of the crow family; also a chess piece that moves in straight lines,quạ rook (loài chim); (cờ vua) quân xe,rook,missing_words_analyzed
rookie,Mới - chưa có ảnh,1,"a person new to a profession or activity, especially a first-year athlete","người mới vào nghề hoặc mới tham gia một hoạt động, đặc biệt là vận động viên năm đầu",rookie,missing_words_analyzed
roster,Mới - chưa có ảnh,1,"a list of people's names, especially showing turns of duty","danh sách phân công, lịch trực",roster,missing_words_analyzed
rot,Mới - chưa có ảnh,2,to decay or decompose,"thối rữa, mục nát","rot, rotten",missing_words_analyzed
rouse,Mới - chưa có ảnh,1,to wake someone from sleep; to stir strong feelings in someone,"đánh thức, khơi dậy",arouse,missing_words_analyzed
rout,Mới - chưa có ảnh,1,to defeat an opponent completely and decisively,"đánh bại hoàn toàn, đánh cho tan tác",rout,missing_words_analyzed
route,Mới - chưa có ảnh,2,a way or course taken to get from one place to another,"tuyến đường, lộ trình","rerouting, route",missing_words_analyzed
royal,Mới - chưa có ảnh,1,relating to a king or queen or a member of their family,thuộc hoàng gia,royalty,missing_words_analyzed
rubber,Mới - chưa có ảnh,1,a tough elastic material made from the sap of certain trees or synthetically,cao su,rubbery,missing_words_analyzed
rudiment,Mới - chưa có ảnh,1,"a basic principle or element; an initial, undeveloped form","yếu tố cơ bản, sơ khai",rudimentary,missing_words_analyzed
ruminate,Mới - chưa có ảnh,1,to think deeply about something; (of cattle) to chew the cud,suy ngẫm; nhai lại,rumination,missing_words_analyzed
rummage,Mới - chưa có ảnh,1,to search unsystematically through a mass of things,"lục lọi, tìm kiếm không theo trật tự trong một đống đồ vật",rummage,missing_words_analyzed
rumor,Mới - chưa có ảnh,1,information or a story passed from person to person without confirmation of its truth,thông tin hoặc câu chuyện truyền miệng từ người này sang người khác mà chưa được xác nhận,rumor,missing_words_analyzed
rupee,Mới - chưa có ảnh,1,"the basic monetary unit of India, Pakistan, and several other countries","đơn vị tiền tệ cơ bản của Ấn Độ, Pakistan và một số nước khác",rupee,missing_words_analyzed
rupture,Mới - chưa có ảnh,1,"a break or split, or a breakdown in relations","sự vỡ, đứt gãy, hoặc sự rạn nứt trong quan hệ",rupture,missing_words_analyzed
rust,Mới - chưa có ảnh,1,to become coated with rust; corrode,"bị gỉ, han gỉ",rust,missing_words_analyzed
sabotage,Mới - chưa có ảnh,1,deliberate destruction or obstruction to hinder an enemy or opponent,hành động cố ý phá hoại hoặc cản trở để gây khó khăn cho kẻ thù hoặc đối thủ,sabotage,missing_words_analyzed
sacrifice,Mới - chưa có ảnh,1,the act of giving up something valued for the sake of something else considered more important,sự hy sinh,sacrifice,missing_words_analyzed
saddle,Mới - chưa có ảnh,1,to burden someone with a difficult responsibility,đặt gánh nặng trách nhiệm khó khăn lên ai đó,saddle,missing_words_analyzed
sag,Mới - chưa có ảnh,1,"to sink, sink down, or hang downward under weight or pressure","chùng xuống, võng xuống",sag,missing_words_analyzed
sagacity,Mới - chưa có ảnh,1,the quality of being wise and having sound judgment,"sự khôn ngoan, sự sáng suốt",sagacity,missing_words_analyzed
said,Mới - chưa có ảnh,1,past tense of 'say'; (adjective) previously mentioned,đã nói (quá khứ của say); đã đề cập,aforesaid,missing_words_analyzed
salamander,Mới - chưa có ảnh,1,"a small amphibian with a long tail, resembling a lizard","một loài lưỡng cư nhỏ có đuôi dài, trông giống thằn lằn",salamander,missing_words_analyzed
salary,Mới - chưa có ảnh,1,"a fixed regular payment made by an employer, typically monthly",tiền lương,salaried,missing_words_analyzed
sales,Mới - chưa có ảnh,1,the exchange of goods or services for money; instances of selling,"doanh số, việc bán hàng",salesperson,missing_words_analyzed
sally,Mới - chưa có ảnh,1,a sudden charge made by troops against an enemy from a position of defense,cuộc xuất kích bất ngờ,sally,missing_words_analyzed
salvage,Mới - chưa có ảnh,1,"to rescue something from loss, destruction, or waste","cứu vãn, trục vớt",salvage,missing_words_analyzed
sanction,Mới - chưa có ảnh,1,to give official permission or approval for an action,"phê chuẩn, chính thức cho phép",sanction,missing_words_analyzed
sanctuary,Mới - chưa có ảnh,1,"a place of refuge or protection, especially a nature reserve for wildlife or a safe haven for people","khu bảo tồn, nơi trú ẩn an toàn",sanctuary,missing_words_analyzed
sanguine,Mới - chưa có ảnh,1,"optimistic or hopeful, especially in a difficult situation","lạc quan, tin tưởng",sanguine,missing_words_analyzed
sap,Mới - chưa có ảnh,2,"the watery fluid that circulates through a plant, carrying nutrients",nhựa cây,"sap, sapling",missing_words_analyzed
sarcasm,Mới - chưa có ảnh,1,the use of irony to mock or convey contempt,"sự mỉa mai, châm biếm",sarcastic,missing_words_analyzed
satellite,Mới - chưa có ảnh,1,"An object that orbits a planet or star, either natural or artificial.",Vệ tinh.,satellite,missing_words_analyzed
satisfaction,Mới - chưa có ảnh,1,"fulfillment of one's wishes, expectations, or needs; the pleasure derived from this",sự hài lòng,dissatisfaction,missing_words_analyzed
satisfy,Mới - chưa có ảnh,2,"to meet the expectations, needs, or desires of someone","làm hài lòng, thỏa mãn","dissatisfy, satisfaction",missing_words_analyzed
saw,Mới - chưa có ảnh,2,To cut something using a saw.,Cưa (dùng cưa để cắt).,"saw, sawdust",missing_words_analyzed
scaffold,Mới - chưa có ảnh,1,A temporary framework used to support workers and materials during construction.,Giàn giáo.,scaffold,missing_words_analyzed
scam,Mới - chưa có ảnh,1,to swindle someone by means of a fraudulent scheme,lừa đảo (ai đó),scam,missing_words_analyzed
scar,Mới - chưa có ảnh,1,a mark left on skin or tissue after a wound has healed,vết sẹo,scar,missing_words_analyzed
scarce,Mới - chưa có ảnh,2,insufficient for the demand; not easily found,"khan hiếm, hiếm có","scarce, scarcity",missing_words_analyzed
scarf,Mới - chưa có ảnh,1,a piece of fabric worn around the neck or head for warmth or decoration,khăn quàng cổ,scarf,missing_words_analyzed
scavenge,Mới - chưa có ảnh,1,to search for and collect discarded items; to feed on carrion,bới rác tìm đồ; ăn xác thối,scavenger,missing_words_analyzed
scenario,Mới - chưa có ảnh,1,a postulated sequence or development of events; an outline of a plot,"kịch bản, tình huống giả định",scenario,missing_words_analyzed
scent,Mới - chưa có ảnh,2,"a distinctive smell, especially a pleasant one",mùi hương,"ascent, scent",missing_words_analyzed
schedule,Mới - chưa có ảnh,3,a plan of times at which events or tasks are to happen,"lịch trình, thời gian biểu","reschedule, schedule, unscheduled",missing_words_analyzed
scholar,Mới - chưa có ảnh,3,"a person who studies a subject deeply, especially at an advanced academic level",học giả,"scholar, scholarly, scholarship",missing_words_analyzed
science,Mới - chưa có ảnh,1,the systematic study of the physical and natural world through observation and experiment,khoa học,science,missing_words_analyzed
scientific,Mới - chưa có ảnh,1,based on or characterized by the methods and principles of science,thuộc về khoa học,scientific,missing_words_analyzed
scientist,Mới - chưa có ảnh,1,a person who studies or has expert knowledge of a science,nhà khoa học,scientist,missing_words_analyzed
scold,Mới - chưa có ảnh,1,to remonstrate with or rebuke someone angrily,"mắng, la rầy",scold,missing_words_analyzed
scorch,Mới - chưa có ảnh,1,"to burn the surface of something slightly, changing its color","làm cháy sém bề mặt của thứ gì đó, làm đổi màu",scorch,missing_words_analyzed
scourge,Mới - chưa có ảnh,1,a person or thing causing great trouble or suffering,người hoặc vật gây ra tai họa hoặc đau khổ lớn,scourge,missing_words_analyzed
scout,Mới - chưa có ảnh,1,"to search an area to find or evaluate something, especially talented people","đi tìm kiếm, tuyển trạch (tài năng)",scout,missing_words_analyzed
scowl,Mới - chưa có ảnh,1,to frown in an angry or bad-tempered way,cau mày tỏ vẻ tức giận hoặc khó chịu,scowl,missing_words_analyzed
scramble,Mới - chưa có ảnh,1,to move hurriedly and awkwardly using hands and feet; or to mix and cook beaten eggs,leo trèo/di chuyển vội vã; đánh và chiên trứng,scramble,missing_words_analyzed
scrap,Mới - chưa có ảnh,1,"to abandon or discard a plan, project, or item as no longer useful","hủy bỏ, loại bỏ (kế hoạch, xe cũ...)",scrap,missing_words_analyzed
scrape,Mới - chưa có ảnh,2,"to drag or pull a hard or sharp implement across a surface, especially to clean or smooth it","cạo, nạo, cào (bề mặt)","scrape, skyscraper",missing_words_analyzed
screech,Mới - chưa có ảnh,1,"to make a loud, harsh, high-pitched sound","phát ra tiếng kêu lớn, chói tai, cao vút",screech,missing_words_analyzed
scribe,Mới - chưa có ảnh,3,"a person who writes documents by hand, especially historically","người chép, thư ký","describe, inscribe, prescribe",missing_words_analyzed
scroll,Mới - chưa có ảnh,1,"to move displayed text or images up, down, or across a screen to view different parts","cuộn (màn hình, trang web)",scroll,missing_words_analyzed
scrub,Mới - chưa có ảnh,1,"vegetation consisting of stunted trees and shrubs, or land covered with it","cây bụi, đất hoang có cây bụi",scrub,missing_words_analyzed
scrupulous,Mới - chưa có ảnh,1,"diligent, thorough, and extremely attentive to detail or morality","tỉ mỉ, cẩn trọng",unscrupulous,missing_words_analyzed
sculpt,Mới - chưa có ảnh,2,to make or shape a work of art by carving or modeling,"điêu khắc, tạc","sculptor, sculpture",missing_words_analyzed
seam,Mới - chưa có ảnh,1,a line where two pieces of fabric or material are sewn or joined together,"đường may, đường nối",seam,missing_words_analyzed
seaman,Mới - chưa có ảnh,1,"a sailor, especially one below the rank of officer",thủy thủ,seamanship,missing_words_analyzed
sear,Mới - chưa có ảnh,1,to burn or scorch the surface of something with sudden intense heat,áp chảo/nướng cháy xém bề mặt,sear,missing_words_analyzed
seas,Mới - chưa có ảnh,1,plural of 'sea'; large bodies of salt water,biển (số nhiều),overseas,missing_words_analyzed
sect,Mới - chưa có ảnh,2,"a group of people with distinct religious, political, or philosophical beliefs, often a subdivision of a larger group","giáo phái, phe nhóm","dissect, intersection",missing_words_analyzed
section,Mới - chưa có ảnh,1,a distinct part or division of something,"phần, mục",section,missing_words_analyzed
sector,Mới - chưa có ảnh,1,"A distinct part or branch of an area of activity, especially of the economy.","Khu vực, lĩnh vực (kinh tế).",sector,missing_words_analyzed
sedentary,Mới - chưa có ảnh,1,characterized by much sitting and little physical activity,"ít vận động, tĩnh tại",sedentary,missing_words_analyzed
sediment,Mới - chưa có ảnh,1,"matter that settles to the bottom of a liquid, such as sand or mud","trầm tích, cặn lắng",sediment,missing_words_analyzed
seep,Mới - chưa có ảnh,2,(of liquid) to flow or leak slowly through a substance,(chất lỏng) chảy hoặc rò rỉ từ từ qua một chất khác,"seep, seepage",missing_words_analyzed
seldom,Mới - chưa có ảnh,1,not often; rarely,không thường xuyên; hiếm khi,seldom,missing_words_analyzed
semaphore,Mới - chưa có ảnh,1,"a system of sending signals or messages using flags, lights, or arm positions",hệ thống tín hiệu semaphore (cờ hiệu),semaphore,missing_words_analyzed
semester,Mới - chưa có ảnh,1,one of two divisions of an academic year,học kỳ,semester,missing_words_analyzed
sensation,Mới - chưa có ảnh,1,a physical feeling from stimulation of a sense organ; a widespread reaction of interest or excitement,cảm giác; sự kiện gây chấn động,sensationalist,missing_words_analyzed
sensitive,Mới - chưa có ảnh,2,quick to detect or respond to slight changes; easily affected or hurt emotionally,nhạy cảm,"sensitively, sensitivity",missing_words_analyzed
sent,Mới - chưa có ảnh,3,past tense of 'send',đã gửi (quá khứ của send),"consent, resent, resentment",missing_words_analyzed
sentiment,Mới - chưa có ảnh,1,a view or opinion that is held or expressed; a feeling or emotion,"tình cảm, quan điểm, cảm nghĩ",sentiment,missing_words_analyzed
separate,Mới - chưa có ảnh,4,not joined to or the same as something else; distinct,"riêng biệt, tách rời","inseparably, separate, separately, separation",missing_words_analyzed
serendipity,Mới - chưa có ảnh,2,the occurrence of finding valuable or pleasant things by chance,sự tình cờ may mắn,"serendipitous, serendipity",missing_words_analyzed
serene,Mới - chưa có ảnh,1,"calm, peaceful, and untroubled","bình yên, tĩnh lặng và không lo âu",serene,missing_words_analyzed
series,Mới - chưa có ảnh,1,a number of similar or related things or events coming one after another.,"chuỗi, loạt.",series,missing_words_analyzed
serpent,Mới - chưa có ảnh,1,"a snake, especially a large one",con rắn,serpentine,missing_words_analyzed
session,Mới - chưa có ảnh,1,"a period of time devoted to a particular activity, such as a meeting or class","buổi, phiên (họp, học...)",session,missing_words_analyzed
sever,Mới - chưa có ảnh,2,to cut off or divide something by cutting,"cắt đứt, chia cắt","persevere, sever",missing_words_analyzed
shaft,Mới - chưa có ảnh,1,"a long, narrow part or handle of a tool or weapon; a vertical or sloping passage, such as in a mine or elevator","cán, trục; giếng đứng (thang máy, mỏ)",shaft,missing_words_analyzed
shaman,Mới - chưa có ảnh,1,"a person believed to have access to the spirit world, often a healer","pháp sư, thầy cúng (shaman)",shaman,missing_words_analyzed
shark,Mới - chưa có ảnh,1,a large predatory fish with a cartilaginous skeleton and sharp teeth,cá mập,shark,missing_words_analyzed
shear,Mới - chưa có ảnh,1,"to cut the wool off a sheep, or to cut through something with a sharp instrument or force",xén lông (cừu); cắt đứt bằng lực/vật sắc,shear,missing_words_analyzed
sheathe,Mới - chưa có ảnh,2,to put a knife or sword into its sheath; to encase or protect with a covering,tra (dao/kiếm) vào vỏ; bọc/bao phủ bảo vệ,"sheathe, unsheathe",missing_words_analyzed
sheer,Mới - chưa có ảnh,1,complete and total; used for emphasis,"hoàn toàn, tuyệt đối",sheer,missing_words_analyzed
shelve,Mới - chưa có ảnh,1,"to place something on a shelf; to decide not to proceed with a plan, at least for the time being","đặt lên kệ; gác lại, hoãn (kế hoạch)",shelve,missing_words_analyzed
shield,Mới - chưa có ảnh,2,a broad piece of protective equipment carried to block blows or missiles,"cái khiên, lá chắn","shield, windshield",missing_words_analyzed
shill,Mới - chưa có ảnh,1,to act as a shill; to promote something deceptively for hidden gain,"làm chim mồi, quảng cáo giả danh cho ai/cái gì",shill,missing_words_analyzed
shilling,Mới - chưa có ảnh,1,a former British coin and monetary unit,đồng shilling (tiền cổ của Anh),shilling,missing_words_analyzed
shimmer,Mới - chưa có ảnh,1,"to shine with a soft, tremulous light","lấp lánh, lung linh",shimmer,missing_words_analyzed
shin,Mới - chưa có ảnh,1,the front part of the leg below the knee,"ống chân, xương ống quyển",shin,missing_words_analyzed
shiver,Mới - chưa có ảnh,1,"to tremble slightly, typically as a result of being cold or afraid","run rẩy nhẹ, thường do lạnh hoặc sợ hãi",shiver,missing_words_analyzed
shoddy,Mới - chưa có ảnh,1,badly made or done; of poor quality,"làm ẩu, kém chất lượng",shoddy,missing_words_analyzed
shoulder,Mới - chưa có ảnh,1,the joint connecting a person's arm to the rest of the body; the upper part of the arm.,vai.,shoulder,missing_words_analyzed
shout,Mới - chưa có ảnh,1,To say something very loudly.,"Hét lên, la hét.",shout,missing_words_analyzed
shovel,Mới - chưa có ảnh,1,"a tool with a broad blade and a handle, used for digging or moving material","dụng cụ có lưỡi rộng và cán cầm, dùng để đào hoặc xúc vật liệu",shovel,missing_words_analyzed
shrapnel,Mới - chưa có ảnh,1,"fragments of a bomb, shell, or other object thrown out by an explosion","mảnh đạn, mảnh bom",shrapnel,missing_words_analyzed
shriek,Mới - chưa có ảnh,1,to utter a high-pitched piercing cry or sound,"kêu thét lên một tiếng cao vút, chói tai",shriek,missing_words_analyzed
shrimp,Mới - chưa có ảnh,1,a small marine crustacean often eaten as food,loài giáp xác biển nhỏ thường được dùng làm thực phẩm,shrimp,missing_words_analyzed
shrine,Mới - chưa có ảnh,1,a place regarded as holy because of its association with a divinity or sacred relic,"đền thờ, miếu thờ",shrine,missing_words_analyzed
shrub,Mới - chưa có ảnh,1,"a woody plant smaller than a tree, with several stems",cây bụi,shrub,missing_words_analyzed
shrug,Mới - chưa có ảnh,1,"to raise one's shoulders slightly to express indifference, doubt, or ignorance",nhún vai,shrug,missing_words_analyzed
sibling,Mới - chưa có ảnh,1,a brother or sister,anh chị em ruột,sibling,missing_words_analyzed
sieve,Mới - chưa có ảnh,1,a utensil with mesh or perforated holes used to separate solids from liquids or fine from coarse particles,"dụng cụ có lưới hoặc lỗ nhỏ dùng để lọc, tách chất rắn khỏi chất lỏng hoặc hạt mịn khỏi hạt thô",sieve,missing_words_analyzed
significant,Mới - chưa có ảnh,3,important enough to be noticed or to have an effect,"quan trọng, đáng kể","insignificant, significant, significantly",missing_words_analyzed
silica,Mới - chưa có ảnh,1,"a compound of silicon and oxygen found widely in nature (e.g., sand, quartz)",silic đioxit (silica),silica,missing_words_analyzed
silicon,Mới - chưa có ảnh,1,a chemical element used widely in electronics and computing,silic (nguyên tố hóa học),silicon,missing_words_analyzed
silt,Mới - chưa có ảnh,1,"fine sand, clay, or other material carried by running water and deposited","phù sa, bùn lắng",silt,missing_words_analyzed
similar,Mới - chưa có ảnh,3,resembling something else without being identical,"tương tự, giống nhau","similar, similarity, similarly",missing_words_analyzed
simmer,Mới - chưa có ảnh,1,to cook gently in liquid just below boiling point,"ninh/hầm nhỏ lửa, sôi lăn tăn",simmer,missing_words_analyzed
simulate,Mới - chưa có ảnh,3,"to imitate the appearance, conditions, or characteristics of something; to create a model of a process","mô phỏng, giả lập","simulate, simulation, simulator",missing_words_analyzed
simultaneous,Mới - chưa có ảnh,2,"occurring, existing, or done at exactly the same time","đồng thời, xảy ra cùng lúc","simultaneous, simultaneously",missing_words_analyzed
since,Mới - chưa có ảnh,1,because; for the reason that,"bởi vì, vì",since,missing_words_analyzed
sip,Mới - chưa có ảnh,1,to drink something in small quantities,"nhấp, uống từng ngụm nhỏ",dissipate,missing_words_analyzed
siphon,Mới - chưa có ảnh,1,"to draw off (liquid, or by extension money) using or as if using a siphon",hút/rút (chất lỏng) qua ống xi-phông; rút ruột (tiền bạc) một cách bất chính,siphon,missing_words_analyzed
sire,Mới - chưa có ảnh,1,"the male parent of an animal, especially a horse; a respectful form of address to a king",cha (của động vật); bệ hạ (cách xưng hô),desirability,missing_words_analyzed
siren,Mới - chưa có ảnh,1,"a device that makes a long, loud warning sound",còi báo động,siren,missing_words_analyzed
skeleton,Mới - chưa có ảnh,2,the internal framework of bones supporting the body of a person or animal; a basic structural framework,bộ xương; khung sườn cơ bản,"skeletal, skeleton",missing_words_analyzed
skeptic,Mới - chưa có ảnh,1,a person inclined to question or doubt accepted beliefs,người hoài nghi,skepticism,missing_words_analyzed
skew,Mới - chưa có ảnh,1,"set at an angle; not straight, symmetrical, or level","chéo, xiên, không đối xứng",skew,missing_words_analyzed
skim,Mới - chưa có ảnh,1,"to read something quickly to get the main points, or to remove a substance from the surface of a liquid",đọc lướt; hớt (bọt/váng),skim,missing_words_analyzed
skip,Mới - chưa có ảnh,1,"To move along lightly by hopping, or to omit something.",Nhảy lò cò; bỏ qua.,skip,missing_words_analyzed
skulk,Mới - chưa có ảnh,1,"to move stealthily or lurk in a place, avoiding attention","lén lút di chuyển hoặc ẩn nấp, tránh bị chú ý",skulk,missing_words_analyzed
slab,Mới - chưa có ảnh,1,"a large, flat, thick piece of stone, concrete, or other solid material","tấm/phiến (đá, bê tông...) dày và phẳng",slab,missing_words_analyzed
slack,Mới - chưa có ảnh,1,"the loose, hanging part of a rope, or a period of reduced business or activity","phần chùng của dây; khoảng thời gian ít việc, nhàn rỗi",slack,missing_words_analyzed
slam,Mới - chưa có ảnh,1,"to shut, put down, or hit something forcefully and loudly","đóng sầm, đập mạnh",slam,missing_words_analyzed
slang,Mới - chưa có ảnh,1,very informal words and expressions used by a particular group of people,"từ ngữ và cách diễn đạt rất thân mật, không trang trọng, được dùng bởi một nhóm người nhất định",slang,missing_words_analyzed
slant,Mới - chưa có ảnh,1,a sloping surface or direction; a biased point of view,một bề mặt hoặc hướng nghiêng; một quan điểm thiên vị,slant,missing_words_analyzed
sled,Mới - chưa có ảnh,1,a vehicle on runners used for traveling over snow or ice,xe trượt tuyết,sled,missing_words_analyzed
slender,Mới - chưa có ảnh,1,gracefully thin; slim,"mảnh mai, thon thả",slender,missing_words_analyzed
slice,Mới - chưa có ảnh,1,"a thin, flat piece cut from something larger","một lát mỏng, phẳng được cắt ra từ một vật lớn hơn",slice,missing_words_analyzed
slime,Mới - chưa có ảnh,1,"an unpleasant slippery, sticky substance",chất nhờn,slimy,missing_words_analyzed
slop,Mới - chưa có ảnh,1,to spill or splash liquid carelessly; (noun) unappetizing liquid food,"làm sánh ra, đổ tràn; thức ăn lỏng thừa",sloppy,missing_words_analyzed
slug,Mới - chưa có ảnh,1,a slow-moving mollusk with no shell; a bullet; (verb) to hit hard,sên trần; viên đạn; đấm mạnh,sluggish,missing_words_analyzed
sluice,Mới - chưa có ảnh,1,a sliding gate or other structure for controlling the flow of water,cửa cống hoặc kết cấu trượt để kiểm soát dòng chảy của nước,sluice,missing_words_analyzed
slum,Mới - chưa có ảnh,1,"a heavily populated, run-down and impoverished area of a city",khu ổ chuột,slum,missing_words_analyzed
smith,Mới - chưa có ảnh,1,"a worker in metal, especially one who makes and repairs metal objects by hand (a blacksmith)","thợ rèn, thợ kim loại",smith,missing_words_analyzed
smog,Mới - chưa có ảnh,1,fog or haze intensified by smoke and other atmospheric pollutants,sương mù bị làm đặc thêm bởi khói và các chất ô nhiễm khác trong không khí,smog,missing_words_analyzed
smother,Mới - chưa có ảnh,1,"to suffocate someone by covering their face, or to cover thickly","làm ngạt thở ai đó bằng cách che kín mặt, hoặc phủ dày lên",smother,missing_words_analyzed
smoulder,Mới - chưa có ảnh,1,to burn slowly with smoke but without flame,"cháy âm ỉ, có khói nhưng không có ngọn lửa",smoulder,missing_words_analyzed
smuggle,Mới - chưa có ảnh,2,to move goods illegally into or out of a country,vận chuyển hàng hóa bất hợp pháp vào hoặc ra khỏi một quốc gia,"smuggle, smuggler",missing_words_analyzed
snack,Mới - chưa có ảnh,1,a small amount of food eaten between main meals,"đồ ăn nhẹ, đồ ăn vặt",snack,missing_words_analyzed
sneer,Mới - chưa có ảnh,1,"to smile or speak in a scornful, contemptuous way","cười khinh bỉ, nhếch mép khinh miệt",sneer,missing_words_analyzed
sneeze,Mới - chưa có ảnh,1,"to make a sudden, involuntary expulsion of air from the nose and mouth","hắt hơi, đột ngột và không tự chủ tống không khí ra khỏi mũi và miệng",sneeze,missing_words_analyzed
soar,Mới - chưa có ảnh,1,"to fly or rise high in the air, or to increase rapidly","bay hoặc bay lên cao trên không, hoặc tăng lên nhanh chóng",soar,missing_words_analyzed
sociable,Mới - chưa có ảnh,2,friendly and enjoying the company of others,"hòa đồng, thích giao du","sociable, unsociable",missing_words_analyzed
social,Mới - chưa có ảnh,4,"relating to society or its organization, or to interacting with other people",thuộc về xã hội; giao tiếp xã hội,"antisocial, social, socialize, socially",missing_words_analyzed
society,Mới - chưa có ảnh,2,a large group of people living together in an organized community,xã hội,"societal, society",missing_words_analyzed
sofa,Mới - chưa có ảnh,1,a long upholstered seat for more than one person,"ghế sofa, ghế đi văng",sofa,missing_words_analyzed
sol,Mới - chưa có ảnh,2,the fifth note of the major musical scale in solfège (do re mi fa sol...); also the basic monetary unit of Peru,"nốt ""sol"" trong xướng âm; cũng là đơn vị tiền tệ của Peru","consolation, solitary",missing_words_analyzed
solace,Mới - chưa có ảnh,1,comfort or consolation received during a time of distress or sadness,"sự an ủi, khuây khỏa nhận được trong lúc đau buồn hoặc khó khăn",solace,missing_words_analyzed
sold,Mới - chưa có ảnh,1,"past tense and past participle of ""sell""","(quá khứ của ""sell"") đã bán",unsold,missing_words_analyzed
solicit,Mới - chưa có ảnh,2,to ask for or try to obtain something from someone,"xin, yêu cầu hoặc cố gắng có được điều gì đó từ ai đó","solicit, solicitor",missing_words_analyzed
solution,Mới - chưa có ảnh,1,a means of solving a problem or dealing with a difficult situation,giải pháp,solution,missing_words_analyzed
solvent,Mới - chưa có ảnh,1,a liquid that is able to dissolve another substance to form a solution,dung môi,solvent,missing_words_analyzed
somewhat,Mới - chưa có ảnh,1,to a moderate extent or degree,"phần nào, có phần",somewhat,missing_words_analyzed
son,Mới - chưa có ảnh,5,a male child in relation to his parents,con trai,"dissonance, grandson, resonant, resonate, son",missing_words_analyzed
sonata,Mới - chưa có ảnh,1,"a musical composition for one or a few instruments, typically in several movements",bản xô-nát (nhạc),sonata,missing_words_analyzed
soot,Mới - chưa có ảnh,1,"a black powdery or flaky substance produced by the incomplete burning of coal, wood, etc.","bồ hóng, muội than",soot,missing_words_analyzed
soothe,Mới - chưa có ảnh,1,to gently calm a person or ease pain,nhẹ nhàng làm dịu ai đó hoặc giảm đau,soothe,missing_words_analyzed
sophisticate,Mới - chưa có ảnh,2,"to make more complex, refined, or worldly-wise","làm cho tinh vi, phức tạp hoặc sành sỏi hơn","sophisticate, sophistication",missing_words_analyzed
sore,Mới - chưa có ảnh,1,"a raw, painful, or inflamed place on the body","vết đau, vết loét",sore,missing_words_analyzed
sorrow,Mới - chưa có ảnh,1,a feeling of deep distress caused by loss or disappointment,cảm giác đau buồn sâu sắc do mất mát hoặc thất vọng,sorrow,missing_words_analyzed
soup,Mới - chưa có ảnh,1,"a liquid food made by boiling meat, fish, or vegetables with stock, water, or milk","súp, canh",soup,missing_words_analyzed
sour,Mới - chưa có ảnh,2,"to become or make unpleasant, hostile, or less satisfactory",trở nên/làm cho xấu đi (mối quan hệ),"sour, sourness",missing_words_analyzed
source,Mới - chưa có ảnh,2,"a place, person, or thing from which something originates",nguồn,"outsource, source",missing_words_analyzed
souvenir,Mới - chưa có ảnh,1,"an object kept as a reminder of a place, person, or event","quà lưu niệm, vật kỷ niệm",souvenir,missing_words_analyzed
sovereign,Mới - chưa có ảnh,1,"a supreme ruler, such as a king or queen; (adj.) possessing supreme or independent power","quốc vương, người cai trị tối cao; (tính từ) có chủ quyền",sovereignty,missing_words_analyzed
sow,Mới - chưa có ảnh,1,an adult female pig,lợn nái,sow,missing_words_analyzed
spa,Mới - chưa có ảnh,1,"a place offering health and beauty treatments, often through a mineral spring","spa, khu chăm sóc sức khỏe và sắc đẹp",spa,missing_words_analyzed
span,Mới - chưa có ảnh,2,"to extend across or over an area, or to last for an entire period of time.","kéo dài qua, bao trùm, trải dài (không gian/thời gian).","span, wingspan",missing_words_analyzed
spar,Mới - chưa có ảnh,1,to box using controlled blows for practice,tập đấu (đấm bốc nhẹ để luyện tập),spar,missing_words_analyzed
spear,Mới - chưa có ảnh,1,"a weapon with a long shaft and a pointed tip, used for throwing or thrusting","ngọn giáo, cây lao",spearhead,missing_words_analyzed
specific,Mới - chưa có ảnh,3,clearly defined or identified; particular,"cụ thể, rõ ràng","specific, specifically, specification",missing_words_analyzed
specify,Mới - chưa có ảnh,1,"to state, describe, or identify something clearly and precisely","chỉ rõ, quy định cụ thể",unspecified,missing_words_analyzed
specimen,Mới - chưa có ảnh,1,"an individual example or sample of something, especially one used for scientific study",mẫu vật,specimen,missing_words_analyzed
spectacle,Mới - chưa có ảnh,2,a visually striking public display or event,"cảnh tượng, buổi trình diễn hoành tráng","spectacle, spectacular",missing_words_analyzed
spectacular,Mới - chưa có ảnh,1,beautiful or dramatic in a way that impresses people greatly,"ngoạn mục, hoành tráng",spectacularly,missing_words_analyzed
spectrum,Mới - chưa có ảnh,1,"a band of colors, or a broad range of related qualities or ideas","quang phổ; phạm vi, dải (nghĩa rộng)",spectrum,missing_words_analyzed
speculate,Mới - chưa có ảnh,3,to form opinions or theories about something without firm evidence,"suy đoán, phỏng đoán","speculate, speculation, speculative",missing_words_analyzed
sperm,Mới - chưa có ảnh,1,the male reproductive cell in animals and plants,tinh trùng,gymnosperm,missing_words_analyzed
spike,Mới - chưa có ảnh,1,"to increase suddenly and sharply, or to secretly add alcohol or drugs to a drink",tăng vọt đột ngột; pha lén (rượu/thuốc) vào đồ uống,spike,missing_words_analyzed
spiral,Mới - chưa có ảnh,1,"to move in a spiral course, or to increase or decrease rapidly and uncontrollably",xoáy trôn ốc; tăng/giảm nhanh mất kiểm soát,spiral,missing_words_analyzed
spire,Mới - chưa có ảnh,2,"a tall pointed structure on top of a building, especially a church tower",ngọn tháp nhọn (thường trên nhà thờ),"aspire, conspire",missing_words_analyzed
splash,Mới - chưa có ảnh,1,to cause liquid to scatter in drops due to disturbance,làm bắn tung tóe (nước),splash,missing_words_analyzed
splatter,Mới - chưa có ảnh,1,to splash a liquid or soft substance in scattered drops,"làm bắn tung tóe, văng tóe",splatter,missing_words_analyzed
spleen,Mới - chưa có ảnh,1,an organ near the stomach that filters blood and supports the immune system,lá lách,spleen,missing_words_analyzed
splice,Mới - chưa có ảnh,1,"to join two things together, especially ropes, film, or lengths of genetic material","nối, ghép (dây thừng, phim, gen)",splice,missing_words_analyzed
spoke,Mới - chưa có ảnh,1,one of the rods connecting the hub of a wheel to its rim,nan hoa (bánh xe),spoke,missing_words_analyzed
spoken,Mới - chưa có ảnh,1,"past participle of ""speak""; expressed or communicated in speech rather than writing","(phân từ của ""speak"") đã nói; được nói bằng lời",unspoken,missing_words_analyzed
spokes,Mới - chưa có ảnh,1,"plural of ""spoke"" — the bars connecting the hub of a wheel to its rim","(số nhiều của ""spoke"") các nan hoa của bánh xe",spokesperson,missing_words_analyzed
sponge,Mới - chưa có ảnh,1,"a piece of soft, light, porous material used for washing or absorbing liquid","miếng bọt biển (dùng để lau chùi, thấm nước)",sponge,missing_words_analyzed
spontaneous,Mới - chưa có ảnh,2,"performed or occurring as a result of a sudden inner impulse, without premeditation","tự phát, ngẫu hứng","spontaneous, spontaneously",missing_words_analyzed
spore,Mới - chưa có ảnh,1,"a tiny reproductive cell produced by fungi, ferns, and some other organisms",bào tử,spore,missing_words_analyzed
spout,Mới - chưa có ảnh,1,"to pour out forcefully in a stream, or to speak at length in a tedious way",phun ra thành dòng; nói thao thao bất tuyệt,spout,missing_words_analyzed
sprawl,Mới - chưa có ảnh,1,"the uncontrolled, spread-out expansion of an area, especially a city",sự mở rộng lan tràn (đô thị),sprawl,missing_words_analyzed
spray,Mới - chưa có ảnh,1,"liquid dispersed in a mass of very small drops, especially from a pressurized container","chất xịt, phun sương",spray,missing_words_analyzed
sprinkle,Mới - chưa có ảnh,1,to scatter small drops or particles of something over a surface,"rắc, rải (chất lỏng hoặc hạt nhỏ) lên bề mặt",sprinkle,missing_words_analyzed
sprint,Mới - chưa có ảnh,2,to run at full speed over a short distance,chạy nước rút,"sprint, sprinter",missing_words_analyzed
sprout,Mới - chưa có ảnh,1,"a new shoot growing from a seed or plant, especially eaten as food","mầm cây, giá đỗ",sprout,missing_words_analyzed
spur,Mới - chưa có ảnh,1,"to encourage or stimulate an activity, development, or event","thúc đẩy, kích thích",spur,missing_words_analyzed
squad,Mới - chưa có ảnh,1,"a small group of people organized for a particular purpose, such as a sports team or military unit","đội, tổ, tiểu đội",squad,missing_words_analyzed
squall,Mới - chưa có ảnh,1,a sudden violent gust of wind or a brief storm,"cơn gió giật, trận bão ngắn",squall,missing_words_analyzed
squat,Mới - chưa có ảnh,1,short and thick; disproportionately broad or wide,"lùn và to bè, thấp đậm",squat,missing_words_analyzed
squaw,Mới - chưa có ảnh,1,"(dated, now considered offensive) a Native American woman","(từ cổ, mang tính xúc phạm) người phụ nữ bản địa châu Mỹ",squaw,missing_words_analyzed
stack,Mới - chưa có ảnh,1,"a pile of objects, typically one that is neatly arranged","chồng, đống (xếp gọn)",stack,missing_words_analyzed
stadium,Mới - chưa có ảnh,1,a large usually roofless building with tiers of seats for spectators at sports events,sân vận động,stadium,missing_words_analyzed
stag,Mới - chưa có ảnh,1,an adult male deer,hươu đực trưởng thành,stag,missing_words_analyzed
stagger,Mới - chưa có ảnh,1,"to walk or move unsteadily, as if about to fall","đi loạng choạng, lảo đảo",stagger,missing_words_analyzed
stagnant,Mới - chưa có ảnh,1,"showing no activity; not flowing or moving, and often having an unpleasant smell as a result","trì trệ, tù đọng, ứ đọng",stagnant,missing_words_analyzed
stagnate,Mới - chưa có ảnh,1,"to stop developing, changing, or being active; to become stale","trì trệ, ngừng phát triển",stagnation,missing_words_analyzed
stairs,Mới - chưa có ảnh,1,a set of steps leading from one level of a building to another,cầu thang,upstairs,missing_words_analyzed
stale,Mới - chưa có ảnh,1,"no longer fresh; having lost original taste, quality, or interest","cũ, thiu, ôi (thức ăn); nhàm chán (ý tưởng)",stale,missing_words_analyzed
stalk,Mới - chưa có ảnh,1,to follow or watch someone persistently and secretly,"theo dõi, rình rập (ai đó)",stalk,missing_words_analyzed
stamen,Mới - chưa có ảnh,1,"the male reproductive part of a flower, bearing pollen",nhị hoa (bộ phận sinh sản đực của hoa),stamen,missing_words_analyzed
stamp,Mới - chưa có ảnh,1,a small piece of adhesive paper stuck to a letter or package to show that postage has been paid,con tem (thư),stamp,missing_words_analyzed
staple,Mới - chưa có ảnh,1,"a main or regularly used item, especially a basic type of food, or a small wire fastener used to bind papers together","mặt hàng/lương thực chủ lực, thiết yếu; cái ghim bấm",staple,missing_words_analyzed
starch,Mới - chưa có ảnh,1,a carbohydrate found in foods like potatoes and rice; a substance used to stiffen fabric,tinh bột; hồ (để làm cứng vải),starchy,missing_words_analyzed
startle,Mới - chưa có ảnh,1,"to cause someone to feel sudden shock, surprise, or alarm","làm giật mình, làm hoảng sợ đột ngột",startle,missing_words_analyzed
stat,Mới - chưa có ảnh,1,"(informal) immediately, without delay, especially in a medical context; also short for ""statistic""","(khẩu ngữ) ngay lập tức (thường dùng trong y khoa); viết tắt của ""statistic"" (số liệu thống kê)",thermostat,missing_words_analyzed
static,Mới - chưa có ảnh,1,not moving or changing; stationary; also relating to stationary electric charges,"tĩnh, không thay đổi; (điện) tĩnh điện",electrostatic,missing_words_analyzed
station,Mới - chưa có ảnh,2,a place where trains or buses regularly stop; a place equipped for a particular purpose,"nhà ga, trạm, đài (phát thanh/truyền hình)","playstation, stationary",missing_words_analyzed
statute,Mới - chưa có ảnh,1,a written law formally enacted by a legislative body,"đạo luật, quy chế do cơ quan lập pháp ban hành",statutory,missing_words_analyzed
stave,Mới - chưa có ảnh,1,a strong wooden stick or pole; one of the curved wooden strips forming a barrel; a musical staff of five lines,thanh gỗ dài; khuông nhạc,stave,missing_words_analyzed
stead,Mới - chưa có ảnh,2,the place or role that someone or something takes in place of another (used in 'in someone's stead'),vị trí thay thế (dùng trong cụm 'thay cho ai đó'),"instead, stead",missing_words_analyzed
stem,Mới - chưa có ảnh,1,to originate or derive from something; to stop or restrict the flow of something,bắt nguồn từ; ngăn chặn,stem,missing_words_analyzed
steward,Mới - chưa có ảnh,2,"a person who manages another's property, or who attends to passengers on a ship or aircraft","người quản lý (tài sản); tiếp viên (tàu, máy bay)","steward, stewardship",missing_words_analyzed
stile,Mới - chưa có ảnh,1,a set of steps or a narrow gap that allows people to climb over or through a fence,bậc thang hoặc lối hẹp để trèo qua hàng rào,turnstile,missing_words_analyzed
stimulate,Mới - chưa có ảnh,1,to encourage development or activity; to arouse interest or enthusiasm,"kích thích, thúc đẩy",stimulation,missing_words_analyzed
sting,Mới - chưa có ảnh,1,"a sharp pain caused by a sting, or an elaborate operation to trick a criminal into self-incrimination","vết đốt, cảm giác đau nhói; vụ gài bẫy (của cảnh sát)",sting,missing_words_analyzed
stitch,Mới - chưa có ảnh,1,"a single loop of thread or yarn made in sewing, knitting, or crocheting","mũi khâu, mũi đan",stitch,missing_words_analyzed
stoic,Mới - chưa có ảnh,1,enduring pain or hardship without showing feelings or complaining,"kiên nhẫn chịu đựng, khắc kỷ",stoic,missing_words_analyzed
storey,Mới - chưa có ảnh,1,a level or floor of a building,tầng (nhà),storey,missing_words_analyzed
stove,Mới - chưa có ảnh,1,an apparatus that supplies heat for cooking food or warming a room,"bếp lò, lò sưởi",stove,missing_words_analyzed
strand,Mới - chưa có ảnh,1,"to leave someone or something in a place without any means of leaving, such as after a mishap","làm mắc kẹt, bỏ rơi",strand,missing_words_analyzed
strangle,Mới - chưa có ảnh,1,"to kill someone by squeezing their throat, or to severely suppress or hinder something","bóp cổ, siết cổ đến chết; kìm hãm nghiêm trọng",strangle,missing_words_analyzed
strap,Mới - chưa có ảnh,2,"a strip of leather or other material used to fasten, secure, or carry something","dây đai, quai","chinstrap, strap",missing_words_analyzed
strategy,Mới - chưa có ảnh,3,a plan of action designed to achieve a long-term goal,chiến lược,"strategically, strategist, strategy",missing_words_analyzed
straw,Mới - chưa có ảnh,2,"dried stalks of grain used as material, or a thin tube used for drinking",rơm; ống hút,"straw, strawberry",missing_words_analyzed
stray,Mới - chưa có ảnh,1,(of an animal or person) having wandered away from home or the right place; without a home,"lạc, đi lạc (thường chỉ vật nuôi vô chủ)",stray,missing_words_analyzed
streak,Mới - chưa có ảnh,1,"to move very fast in a particular direction, or to mark something with streaks",chạy vụt qua rất nhanh; để lại vệt trên bề mặt,streak,missing_words_analyzed
strenuous,Mới - chưa có ảnh,1,requiring or using great physical or mental effort,"đòi hỏi nhiều nỗ lực, gian khổ, vất vả",strenuous,missing_words_analyzed
stride,Mới - chưa có ảnh,1,"a long, decisive step, or an instance of progress made","bước tiến, bước đi dài",stride,missing_words_analyzed
stripe,Mới - chưa có ảnh,1,"a long narrow band of a color or texture, distinct from the surrounding area","sọc, vằn",stripe,missing_words_analyzed
stroll,Mới - chưa có ảnh,1,"to walk in a leisurely, relaxed way",đi dạo thong thả,stroll,missing_words_analyzed
structure,Mới - chưa có ảnh,6+,the arrangement of and relations between the parts of something complex,cấu trúc,"infrastructure, restructure, structural, structurally, structure, unstructured",missing_words_analyzed
struggle,Mới - chưa có ảnh,1,"to make a great effort to do something difficult, or to fight against something","vật lộn, đấu tranh, cố gắng khó khăn",struggle,missing_words_analyzed
strut,Mới - chưa có ảnh,1,a supporting bar or rod in a framework,"thanh chống, thanh giằng",strut,missing_words_analyzed
stubborn,Mới - chưa có ảnh,3,having or showing determination not to change one's attitude or position despite pressure,"bướng bỉnh, cứng đầu","stubborn, stubbornly, stubbornness",missing_words_analyzed
student,Mới - chưa có ảnh,1,a person who is studying at a school or college,"học sinh, sinh viên",student,missing_words_analyzed
studio,Mới - chưa có ảnh,1,"a room where an artist works, or a company/room used to produce music, film, or broadcasts","xưởng vẽ, phòng thu, hãng phim",studio,missing_words_analyzed
study,Mới - chưa có ảnh,2,"to learn about a subject by reading, memorizing facts, or doing exercises","học, nghiên cứu","studious, study",missing_words_analyzed
stump,Mới - chưa có ảnh,1,to baffle or confuse someone completely so they cannot answer,"làm ai đó bí, không trả lời được",stump,missing_words_analyzed
stunt,Mới - chưa có ảnh,1,to prevent or slow down the growth or development of something.,"kìm hãm, cản trở sự phát triển.",stunt,missing_words_analyzed
sturdy,Mới - chưa có ảnh,1,strongly and solidly built,"chắc chắn, vững chãi",sturdy,missing_words_analyzed
subject,Mới - chưa có ảnh,2,"to cause someone or something to undergo a particular experience, typically an unpleasant one","bắt phải chịu, khiến phải trải qua","subject, subjective",missing_words_analyzed
substantial,Mới - chưa có ảnh,1,"of considerable importance, size, or value","đáng kể, quan trọng, có giá trị lớn",substantially,missing_words_analyzed
substantiate,Mới - chưa có ảnh,1,to provide evidence to support or prove the truth of a claim,"chứng minh, đưa bằng chứng xác thực",unsubstantiated,missing_words_analyzed
succumb,Mới - chưa có ảnh,1,"to fail to resist pressure, temptation, or a force; to die from the effect of a disease or injury","khuất phục, đầu hàng; qua đời (do bệnh/thương tích)",succumb,missing_words_analyzed
sue,Mới - chưa có ảnh,1,to institute legal proceedings against a person or organization,"kiện, khởi kiện",sue,missing_words_analyzed
suffice,Mới - chưa có ảnh,1,to be enough or adequate for a particular purpose,"đủ, đáp ứng đủ nhu cầu",suffice,missing_words_analyzed
sufficient,Mới - chưa có ảnh,3,enough; adequate for a particular purpose,"đủ, đầy đủ","insufficient, sufficient, sufficiently",missing_words_analyzed
suffocate,Mới - chưa có ảnh,1,to die or cause someone to die from being unable to breathe; to feel unable to breathe,"làm ngạt thở, làm chết ngạt",suffocate,missing_words_analyzed
suicide,Mới - chưa có ảnh,1,the act of intentionally killing oneself,"tự tử, tự sát",suicide,missing_words_analyzed
suitable,Mới - chưa có ảnh,1,"right or appropriate for a particular purpose, person, or situation","phù hợp, thích hợp",suitability,missing_words_analyzed
suite,Mới - chưa có ảnh,1,"a set of connected rooms in a hotel, or a matching set of furniture or items",phòng suite (dãy phòng liên thông); bộ đồ nội thất đồng bộ,suite,missing_words_analyzed
summary,Mới - chưa có ảnh,1,a brief statement giving the main points of something,bản tóm tắt,summarize,missing_words_analyzed
summon,Mới - chưa có ảnh,1,"to order someone to appear before a person or court, or to call people together for a meeting","triệu tập, gọi đến",summon,missing_words_analyzed
sung,Mới - chưa có ảnh,1,"past participle of ""sing""","(phân từ quá khứ của ""sing"") đã hát",unsung,missing_words_analyzed
supervise,Mới - chưa có ảnh,2,to observe and direct the work of someone or something,"giám sát, quản lý","supervision, unsupervised",missing_words_analyzed
supplement,Mới - chưa có ảnh,3,"something added to complete or enhance something else, such as a dietary product added to one's diet",phần bổ sung; thực phẩm chức năng,"supplement, supplemental, supplementary",missing_words_analyzed
suppose,Mới - chưa có ảnh,1,"to assume that something is true, without certain proof","giả định, cho rằng",supposedly,missing_words_analyzed
surf,Mới - chưa có ảnh,1,"to ride on a wave using a surfboard, or to browse casually through websites on the internet",lướt sóng; lướt web (internet),surf,missing_words_analyzed
surgeon,Mới - chưa có ảnh,1,a medical doctor who is qualified to perform surgery,bác sĩ phẫu thuật,surgeon,missing_words_analyzed
surgery,Mới - chưa có ảnh,2,Medical treatment that involves cutting into a patient's body to repair or remove something.,Phẫu thuật.,"surgery, surgical",missing_words_analyzed
surround,Mới - chưa có ảnh,1,"to be, or to place something, all around someone or something","bao quanh, vây quanh",surroundings,missing_words_analyzed
surveillance,Mới - chưa có ảnh,1,"close and continuous observation of a person or place, especially by police or authorities","sự giám sát, theo dõi",surveillance,missing_words_analyzed
survive,Mới - chưa có ảnh,3,"to continue to live or exist, especially in spite of danger or hardship","sống sót, tồn tại","survival, survive, survivor",missing_words_analyzed
suspense,Mới - chưa có ảnh,1,a state of excited or anxious uncertainty about what will happen next,"sự hồi hộp, căng thẳng khi chờ đợi",suspense,missing_words_analyzed
sustain,Mới - chưa có ảnh,2,to keep something going or maintain it over time,"duy trì, giữ vững","sustain, sustainable",missing_words_analyzed
swamp,Mới - chưa có ảnh,2,to overwhelm someone with an excessive amount of something,"làm ngập, tràn ngập, làm quá tải","swamp, swampy",missing_words_analyzed
swap,Mới - chưa có ảnh,1,to exchange one thing for another,"trao đổi, đổi chác",swap,missing_words_analyzed
swath,Mới - chưa có ảnh,1,"a long broad strip or area of something, especially one cut by a mower or scythe","dải, vệt dài (đất cắt, khu vực)",swath,missing_words_analyzed
swathe,Mới - chưa có ảnh,1,a broad strip or large area of something,một dải/khu vực rộng lớn,swathe,missing_words_analyzed
sway,Mới - chưa có ảnh,1,To move slowly and rhythmically backward and forward or from side to side.,"Đung đưa, lắc lư.",sway,missing_words_analyzed
sweat,Mới - chưa có ảnh,1,to excrete moisture through the pores of the skin,"đổ mồ hôi, toát mồ hôi",sweat,missing_words_analyzed
swell,Mới - chưa có ảnh,1,"to become larger, rounder, or more inflated, typically due to internal pressure.","sưng lên, phồng lên, gia tăng.",swell,missing_words_analyzed
swift,Mới - chưa có ảnh,1,moving or capable of moving with great speed,"nhanh nhẹn, mau lẹ",swiftly,missing_words_analyzed
swindle,Mới - chưa có ảnh,1,to use deception to deprive someone of money or possessions,"lừa đảo, lừa gạt để chiếm đoạt tiền của",swindle,missing_words_analyzed
swirl,Mới - chưa có ảnh,1,"to move in a twisting, spiraling pattern","xoáy, cuộn xoáy, xoay tròn",swirl,missing_words_analyzed
syllable,Mới - chưa có ảnh,1,a unit of pronunciation forming a whole or part of a word,âm tiết,syllable,missing_words_analyzed
syllabus,Mới - chưa có ảnh,1,an outline of the topics to be covered in a course of study,"đề cương môn học, giáo trình",syllabus,missing_words_analyzed
symmetric,Mới - chưa có ảnh,1,having symmetry; balanced in proportion on either side of a dividing line,đối xứng,asymmetrical,missing_words_analyzed
symmetry,Mới - chưa có ảnh,1,"the quality of having parts that correspond in size, shape, and arrangement on either side of a dividing line",sự đối xứng,asymmetry,missing_words_analyzed
synonym,Mới - chưa có ảnh,1,a word or phrase that means nearly the same as another word or phrase,từ đồng nghĩa,synonym,missing_words_analyzed
syphon,Mới - chưa có ảnh,1,a variant spelling of 'siphon'; a tube used to transfer liquid using a difference in pressure,biến thể chính tả của 'siphon' (ống xi-phông),syphon,missing_words_analyzed
syrup,Mới - chưa có ảnh,1,"a thick, sweet liquid made by dissolving sugar in water, often flavored","xi-rô, nước đường",syrup,missing_words_analyzed
tack,Mới - chưa có ảnh,1,"to fasten something with tacks, or to change a sailing boat's direction, or to add something as an extra",đóng ghim bằng đinh bấm; đổi hướng thuyền buồm; gắn thêm vào,tack,missing_words_analyzed
tact,Mới - chưa có ảnh,1,skill and sensitivity in dealing with others or with difficult situations,"sự khéo léo, tế nhị trong ứng xử",tactile,missing_words_analyzed
tag,Mới - chưa có ảnh,2,a label attached to an object to identify it or give information about it,"thẻ, nhãn","contagious, tag",missing_words_analyzed
taker,Mới - chưa có ảnh,1,"a person who takes or accepts something, such as an offer or a bet","người nhận, người chấp nhận (lời đề nghị, cược...)",caretaker,missing_words_analyzed
talent,Mới - chưa có ảnh,2,a natural ability or skill,tài năng,"talent, talented",missing_words_analyzed
tally,Mới - chưa có ảnh,1,to agree with or correspond to something,"khớp với, phù hợp với (nhau)",tally,missing_words_analyzed
tame,Mới - chưa có ảnh,1,"to domesticate a wild animal, or to bring something under control","thuần hóa (động vật); kiểm soát, chế ngự",tame,missing_words_analyzed
tan,Mới - chưa có ảnh,1,(of skin) to become brown from exposure to the sun; to convert animal hide into leather,rám nắng (do phơi nắng); thuộc da,tan,missing_words_analyzed
tang,Mới - chưa có ảnh,1,"a strong, sharp taste or smell; also the projecting part of a blade that fits into the handle","vị hoặc mùi gắt, nồng; (kỹ thuật) chuôi lưỡi dao cắm vào cán",tangible,missing_words_analyzed
tangle,Mới - chưa có ảnh,2,to twist together into a confused mass,"làm rối, vướng vào nhau","tangle, untangle",missing_words_analyzed
tantrum,Mới - chưa có ảnh,1,"an uncontrolled outburst of bad temper, especially in a child","cơn giận dữ, cơn ăn vạ",tantrum,missing_words_analyzed
tapestry,Mới - chưa có ảnh,1,"a piece of thick textile fabric with pictures or designs woven into it, used as a wall hanging",tấm thảm trang trí dệt hình,tapestry,missing_words_analyzed
target,Mới - chưa có ảnh,1,"to direct effort, attention, or action toward someone or something; to aim at",nhắm mục tiêu vào,target,missing_words_analyzed
tariff,Mới - chưa có ảnh,1,a tax or duty imposed on goods imported into or exported from a country,thuế quan,tariff,missing_words_analyzed
tarmac,Mới - chưa có ảnh,1,a road surface or airport runway made from a mixture of tar and crushed stone,mặt đường/đường băng trải nhựa,tarmac,missing_words_analyzed
tease,Mới - chưa có ảnh,1,"to make fun of someone playfully, or to provoke them in a light-hearted or annoying way","trêu chọc, chọc ghẹo",tease,missing_words_analyzed
tech,Mới - chưa có ảnh,1,"Technology, especially computers and electronic devices (informal short form).",Công nghệ (cách nói tắt của technology).,tech,missing_words_analyzed
technical,Mới - chưa có ảnh,2,"relating to a particular subject, especially mechanics, science, or a specialized skill","(thuộc) kỹ thuật, chuyên môn","technicality, technically",missing_words_analyzed
technique,Mới - chưa có ảnh,1,a particular way of doing something that requires skill,"kỹ thuật, phương pháp",technique,missing_words_analyzed
technology,Mới - chưa có ảnh,4,"the application of scientific knowledge for practical purposes, especially in industry",công nghệ,"nanotechnology, technological, technologically, technology",missing_words_analyzed
tedium,Mới - chưa có ảnh,1,the state of being tedious; boredom from monotony,"sự nhàm chán, tẻ nhạt",tedious,missing_words_analyzed
teem,Mới - chưa có ảnh,1,"to be full of or swarming with something, especially in an impressively large quantity","tràn ngập, đầy ắp (thường chỉ số lượng lớn)",teem,missing_words_analyzed
teeth,Mới - chưa có ảnh,1,"the irregular plural form of ""tooth""; the hard white structures in the mouth used for biting and chewing","răng (số nhiều của ""tooth"")",teeth,missing_words_analyzed
temper,Mới - chưa có ảnh,2,"to moderate or soften something, or to strengthen a material by heat treatment","làm dịu bớt, điều hòa; tôi luyện (kim loại)","temper, temperament",missing_words_analyzed
tempest,Mới - chưa có ảnh,1,a violent windy storm,"cơn bão lớn, giông tố",tempest,missing_words_analyzed
temple,Mới - chưa có ảnh,1,a building devoted to the worship of a deity or deities; also the flat part of the head between the forehead and ear,đền thờ; thái dương (bên đầu),temple,missing_words_analyzed
tempo,Mới - chưa có ảnh,1,"the speed at which a piece of music is played, or the pace of an activity",nhịp độ (âm nhạc/hoạt động),tempo,missing_words_analyzed
temporal,Mới - chưa có ảnh,1,"relating to time, or to worldly and secular affairs as opposed to spiritual ones",thuộc về thời gian; thuộc về trần thế (đối lập với tâm linh),temporal,missing_words_analyzed
temporary,Mới - chưa có ảnh,1,lasting for only a limited period of time; not permanent,tạm thời,temporarily,missing_words_analyzed
tennis,Mới - chưa có ảnh,1,a sport played by two or four players hitting a ball over a net with rackets,môn quần vợt (tennis),tennis,missing_words_analyzed
tens,Mới - chưa có ảnh,2,"plural of ""ten""; the digits or place value representing multiples of ten","(số nhiều của ""ten"") hàng chục","extensive, extensively",missing_words_analyzed
tense,Mới - chưa có ảnh,2,a form of a verb used to indicate the time of an action,thì (ngữ pháp),"tense, tension",missing_words_analyzed
term,Mới - chưa có ảnh,1,"a word or phrase used to describe something, especially in a specific context; a fixed period of time",thuật ngữ; kỳ hạn,term,missing_words_analyzed
terrace,Mới - chưa có ảnh,1,"a flat paved or gravelled area next to a building, or a row of houses built as one continuous structure","sân thượng, hiên nhà; dãy nhà liền kề",terrace,missing_words_analyzed
terrestrial,Mới - chưa có ảnh,1,"relating to the Earth or dry land, as opposed to air or water",thuộc về trái đất/mặt đất,terrestrial,missing_words_analyzed
terrible,Mới - chưa có ảnh,1,very bad or unpleasant; extremely serious or severe,"kinh khủng, tồi tệ",terrible,missing_words_analyzed
terror,Mới - chưa có ảnh,1,extreme fear; violence intended to cause fear,"nỗi kinh hoàng, sự khủng bố",terrorism,missing_words_analyzed
tertiary,Mới - chưa có ảnh,1,"third in order, rank, or importance","bậc ba, cấp ba (thứ ba)",tertiary,missing_words_analyzed
testament,Mới - chưa có ảnh,1,something that serves as evidence or proof of a fact or event; a legal document disposing of one's property after death,"bằng chứng, minh chứng; di chúc",testament,missing_words_analyzed
testimony,Mới - chưa có ảnh,1,"a formal written or spoken statement, especially one given in a court of law","lời khai, chứng cứ (trước tòa)",testimony,missing_words_analyzed
testosterone,Mới - chưa có ảnh,1,"the principal male sex hormone, produced mainly in the testes","testosterone, hormone sinh dục nam chính",testosterone,missing_words_analyzed
tether,Mới - chưa có ảnh,1,a rope or chain used to tie an animal so that it can only move within a certain area,"dây buộc, xích buộc (gia súc)",tether,missing_words_analyzed
thaw,Mới - chưa có ảnh,1,"to become liquid again after being frozen; to melt, or figuratively to become friendlier","tan (băng, tuyết); làm dịu đi (mối quan hệ)",thaw,missing_words_analyzed
the,Mới - chưa có ảnh,1,"the definite article in English, used to refer to a specific person, place, or thing","mạo từ xác định ""the"" (chỉ vật/người cụ thể)",nevertheless,missing_words_analyzed
theatre,Mới - chưa có ảnh,2,a building or outdoor area in which plays and other performances are given.,"nhà hát, rạp hát.","theatre, theatrical",missing_words_analyzed
theft,Mới - chưa có ảnh,1,the action or crime of stealing something,hành vi trộm cắp,theft,missing_words_analyzed
theory,Mới - chưa có ảnh,5,"a set of ideas intended to explain something, based on general principles",lý thuyết,"theoretic, theoretical, theorist, theorize, theory",missing_words_analyzed
therapy,Mới - chưa có ảnh,5,"treatment intended to relieve or heal a physical, mental, or emotional disorder","liệu pháp, trị liệu","chemotherapy, physiotherapy, therapeutic, therapist, therapy",missing_words_analyzed
thesis,Mới - chưa có ảnh,4,"a long piece of writing on a particular subject, done as part of a university degree","luận văn, luận án","hypothesis, hypothesize, synthesis, thesis",missing_words_analyzed
thief,Mới - chưa có ảnh,1,"a person who steals another person's property, especially by stealth and without force",kẻ trộm,thief,missing_words_analyzed
thirst,Mới - chưa có ảnh,1,a feeling of needing or wanting to drink,cơn khát,thirst,missing_words_analyzed
thirteen,Mới - chưa có ảnh,1,the number 13,số mười ba (13),thirteenth,missing_words_analyzed
thirty,Mới - chưa có ảnh,1,the number 30,số ba mươi (30),thirtieth,missing_words_analyzed
tho,Mới - chưa có ảnh,1,informal spelling of 'though'; despite the fact that,mặc dù (cách viết không trang trọng của 'though'),tho,missing_words_analyzed
thrash,Mới - chưa có ảnh,1,"to beat someone repeatedly and violently, or to defeat an opponent decisively",đánh đập dữ dội; đánh bại hoàn toàn (đối thủ),thrash,missing_words_analyzed
threshold,Mới - chưa có ảnh,1,a strip forming the bottom of a doorway; the level or point at which something begins to happen,ngưỡng cửa; ngưỡng (giới hạn bắt đầu),threshold,missing_words_analyzed
thrice,Mới - chưa có ảnh,1,three times,ba lần,thrice,missing_words_analyzed
thrift,Mới - chưa có ảnh,2,the quality of using money and other resources carefully and without waste,"tính tiết kiệm, cần kiệm","thrift, thrifty",missing_words_analyzed
throne,Mới - chưa có ảnh,1,"the ceremonial chair occupied by a monarch, or the position or power of being a monarch",ngai vàng; ngôi vua,throne,missing_words_analyzed
thrust,Mới - chưa có ảnh,1,to push someone or something suddenly and forcefully in a particular direction,"đẩy mạnh, xô mạnh, tống vào",thrust,missing_words_analyzed
thunder,Mới - chưa có ảnh,2,the loud rumbling or crashing noise heard after a flash of lightning,"sấm, tiếng sấm","thunder, thunderstorm",missing_words_analyzed
tick,Mới - chưa có ảnh,1,a small mark used to indicate correctness or that an item has been checked; also a small blood-sucking parasitic arachnid,"dấu tích (đánh dấu đúng); con ve, con bọ chét ký sinh",tick,missing_words_analyzed
ticket,Mới - chưa có ảnh,1,A piece of paper or card that gives the holder a right to enter a place or use a service.,Vé.,ticket,missing_words_analyzed
tier,Mới - chưa có ảnh,1,"a row or level of something arranged in a series, one above another","tầng, lớp, bậc",tier,missing_words_analyzed
tiger,Mới - chưa có ảnh,1,a large predatory wild cat with orange fur and black stripes,con hổ,tiger,missing_words_analyzed
tile,Mới - chưa có ảnh,1,"a thin, flat piece of baked clay, stone, or other material used to cover roofs, floors, or walls","viên gạch lát, ngói",tile,missing_words_analyzed
tilt,Mới - chưa có ảnh,1,to move or cause to move into a sloping position; to tip,"nghiêng, làm nghiêng",tilt,missing_words_analyzed
times,Mới - chưa có ảnh,1,"plural of ""time""; occasions or instances; also used to indicate multiplication","(số nhiều của ""time"") những lần; nhân (trong toán học)",sometimes,missing_words_analyzed
timid,Mới - chưa có ảnh,2,showing a lack of courage or confidence; easily frightened,"nhút nhát, rụt rè, e dè","intimidate, timid",missing_words_analyzed
tingle,Mới - chưa có ảnh,1,to feel a slight prickling or stinging sensation on the skin,"có cảm giác râm ran, tê rần",tingle,missing_words_analyzed
tint,Mới - chưa có ảnh,1,"a shade or variety of a color, especially one produced by adding white","sắc thái màu, màu pha nhạt",tint,missing_words_analyzed
tired,Mới - chưa có ảnh,1,in need of rest or sleep; feeling weary,mệt mỏi,tiredness,missing_words_analyzed
tissue,Mới - chưa có ảnh,1,an aggregate of cells with a similar structure and function in an organism; a soft absorbent paper,"mô (sinh học); giấy lụa, khăn giấy",tissue,missing_words_analyzed
toddle,Mới - chưa có ảnh,1,"to walk with short, unsteady steps, as a young child does",đi lẫm chẫm (như trẻ nhỏ tập đi),toddler,missing_words_analyzed
token,Mới - chưa có ảnh,1,done or given as a symbolic gesture or minimal effort rather than a genuine or substantial one,"mang tính tượng trưng, hình thức, chiếu lệ",token,missing_words_analyzed
tolerate,Mới - chưa có ảnh,3,to allow the existence of something one dislikes without interference; to endure something difficult,"chịu đựng, khoan dung, dung thứ","tolerable, tolerant, tolerate",missing_words_analyzed
tom,Mới - chưa có ảnh,3,A male cat.,Mèo đực.,"anatomy, atom, tom",missing_words_analyzed
tomato,Mới - chưa có ảnh,1,"a red fruit with juicy flesh, eaten as a vegetable",cà chua,tomato,missing_words_analyzed
tomb,Mới - chưa có ảnh,1,"A grave, or a structure for burying the dead, especially a large or elaborate one.","Ngôi mộ, lăng mộ.",tomb,missing_words_analyzed
tonne,Mới - chưa có ảnh,1,a metric unit of mass equal to 1000 kilograms,"tấn (đơn vị đo khối lượng, bằng 1000 kg)",tonne,missing_words_analyzed
tor,Mới - chưa có ảnh,1,"a rocky hill or peak, especially one found in southwestern England (British English, regional)","đồi/mỏm đá (từ vùng miền, tiếng Anh Anh)",tor,missing_words_analyzed
torch,Mới - chưa có ảnh,2,"a portable battery-powered light, or a stick with a flame at one end",đèn pin; ngọn đuốc,"blowtorch, torch",missing_words_analyzed
tornado,Mới - chưa có ảnh,1,a violently rotating column of air extending from a storm cloud to the ground,"lốc xoáy, vòi rồng",tornado,missing_words_analyzed
torpedo,Mới - chưa có ảnh,1,"to attack or sink with a torpedo, or to deliberately ruin a plan or negotiation","phóng ngư lôi tấn công; cố ý phá hỏng (kế hoạch, đàm phán)",torpedo,missing_words_analyzed
torrent,Mới - chưa có ảnh,1,"a strong, fast-moving stream of water; a large outpouring of something","dòng nước xiết; (nghĩa bóng) một loạt (lời nói, chỉ trích...)",torrent,missing_words_analyzed
tort,Mới - chưa có ảnh,2,a wrongful act that leads to civil legal liability (a legal term),hành vi sai trái dân sự (thuật ngữ luật),"distort, distortion",missing_words_analyzed
tortoise,Mới - chưa có ảnh,1,a slow-moving land reptile with a scaly or leathery domed shell,con rùa (cạn),tortoise,missing_words_analyzed
tournament,Mới - chưa có ảnh,1,"a series of contests between a number of competitors, competing for an overall prize",giải đấu,tournament,missing_words_analyzed
tow,Mới - chưa có ảnh,2,"to pull a vehicle, boat, or other object along using a rope, chain, or line",kéo (xe/thuyền) bằng dây,"tow, undertow",missing_words_analyzed
towel,Mới - chưa có ảnh,1,a piece of absorbent cloth or paper used for drying the body or wiping surfaces,"khăn tắm, khăn lau",towel,missing_words_analyzed
tract,Mới - chưa có ảnh,5,"an extended area of land, or a system of connected organs/passages in the body (e.g. the digestive tract)","một vùng đất rộng lớn, hoặc một hệ thống các cơ quan/đường dẫn trong cơ thể (ví dụ: đường tiêu hóa)","distract, extract, subtract, tract, traction",missing_words_analyzed
trample,Mới - chưa có ảnh,1,to tread on and crush something heavily with the feet,"giẫm đạp, chà đạp",trample,missing_words_analyzed
trance,Mới - chưa có ảnh,1,"a half-conscious state, appearing not to notice one's surroundings","trạng thái mê man, xuất thần",entrance,missing_words_analyzed
transient,Mới - chưa có ảnh,1,"a person who stays in a place only for a short time, especially someone without a permanent home","người tạm trú, người vô gia cư sống tạm thời",transient,missing_words_analyzed
transition,Mới - chưa có ảnh,1,the process or a period of changing from one state or condition to another,"sự chuyển đổi, chuyển tiếp",transitional,missing_words_analyzed
transparent,Mới - chưa có ảnh,1,allowing light through so that objects behind can be clearly seen; open and honest,trong suốt; minh bạch,transparency,missing_words_analyzed
tray,Mới - chưa có ảnh,1,"a flat, shallow container with a raised edge, used for carrying or holding items",khay,tray,missing_words_analyzed
tread,Mới - chưa có ảnh,1,"to walk in a specified manner, or to press or crush something underfoot","đi, bước; giẫm đạp",tread,missing_words_analyzed
trek,Mới - chưa có ảnh,1,"a long, arduous journey, typically made on foot",cuộc hành trình dài (đi bộ vất vả),trek,missing_words_analyzed
tremble,Mới - chưa có ảnh,1,"to shake involuntarily, typically as a result of fear, cold, weakness, or excitement",run rẩy,tremble,missing_words_analyzed
tremor,Mới - chưa có ảnh,1,"a slight involuntary shaking movement, or a small earthquake","cơn rung, chấn động nhẹ",tremor,missing_words_analyzed
trench,Mới - chưa có ảnh,1,"a long, narrow ditch dug in the ground","hào, chiến hào, rãnh đào",entrench,missing_words_analyzed
trickle,Mới - chưa có ảnh,1,to flow slowly in a thin stream,"chảy nhỏ giọt, rỉ rả",trickle,missing_words_analyzed
trigger,Mới - chưa có ảnh,1,to cause an event or situation to happen or exist,"kích hoạt, gây ra",trigger,missing_words_analyzed
trim,Mới - chưa có ảnh,1,"neat, slim, and in good order","gọn gàng, thon gọn",trim,missing_words_analyzed
triple,Mới - chưa có ảnh,1,"consisting of three parts, things, or people; three times as great or as many","gấp ba, bộ ba",triple,missing_words_analyzed
trivia,Mới - chưa có ảnh,1,"unimportant facts or details, or a game or quiz testing knowledge of such facts",kiến thức vụn vặt; trò chơi/câu đố kiến thức,trivia,missing_words_analyzed
trivial,Mới - chưa có ảnh,1,of little value or importance; not worth serious consideration,"nhỏ nhặt, tầm thường, không quan trọng",trivial,missing_words_analyzed
troglodyte,Mới - chưa có ảnh,1,"a person who lives in a cave, or (informally) a person regarded as old-fashioned or reclusive","người sống trong hang; (nghĩa bóng) người lạc hậu, khép kín",troglodyte,missing_words_analyzed
tropic,Mới - chưa có ảnh,1,"relating to the tropics, the region of the Earth near the equator",(thuộc) vùng nhiệt đới,tropical,missing_words_analyzed
trump,Mới - chưa có ảnh,1,"to beat or surpass someone or something by using a superior resource, claim, or move","vượt trội hơn, lấn át, đè bẹp",trump,missing_words_analyzed
trunk,Mới - chưa có ảnh,1,the main stem of a tree; the main part of the body apart from the head and limbs; a large storage box; an elephant's long nose,thân cây; thân người; rương (hòm); vòi voi,trunk,missing_words_analyzed
tub,Mới - chưa có ảnh,2,"an open, flat-bottomed container, especially one used for washing or bathing","chậu, bồn tắm","bathtub, tub",missing_words_analyzed
tuberculosis,Mới - chưa có ảnh,1,an infectious bacterial disease that mainly affects the lungs,bệnh lao,tuberculosis,missing_words_analyzed
tuck,Mới - chưa có ảnh,1,"to push loose ends of fabric into a neat, secure position","nhét gọn, giắt vào",tuck,missing_words_analyzed
tug,Mới - chưa có ảnh,2,to pull something suddenly or with force,"kéo giật, kéo mạnh","tug, tugboat",missing_words_analyzed
tuition,Mới - chưa có ảnh,1,"the fee charged for instruction, especially at a school or university",học phí,tuition,missing_words_analyzed
tumble,Mới - chưa có ảnh,1,"to fall suddenly, clumsily, or headlong","ngã lộn nhào, té nhào bất ngờ",tumble,missing_words_analyzed
tumor,Mới - chưa có ảnh,1,a mass of abnormal tissue that arises without obvious cause from cells of preexisting tissue,khối u,tumor,missing_words_analyzed
tuna,Mới - chưa có ảnh,1,"a large marine fish of warm seas, valued as food",cá ngừ,tuna,missing_words_analyzed
turbine,Mới - chưa có ảnh,1,"a machine that produces continuous rotary motion, driven by water, steam, or gas",tua-bin,turbine,missing_words_analyzed
turbulence,Mới - chưa có ảnh,1,"violent or unsteady movement of air or water, or a state of conflict and confusion","sự hỗn loạn, nhiễu động",turbulence,missing_words_analyzed
turbulent,Mới - chưa có ảnh,1,"characterized by conflict, disorder, confusion, or instability","hỗn loạn, náo động, bất ổn",turbulent,missing_words_analyzed
turkey,Mới - chưa có ảnh,1,"a large bird native to North America, widely domesticated and eaten especially at festive meals",gà tây,turkey,missing_words_analyzed
tutor,Mới - chưa có ảnh,1,a private teacher who instructs an individual student or a very small group.,gia sư.,tutor,missing_words_analyzed
tutu,Mới - chưa có ảnh,1,"a short skirt made of layers of stiff frills, worn by ballet dancers",váy múa ba lê (tutu),tutu,missing_words_analyzed
twice,Mới - chưa có ảnh,1,two times; on two occasions.,hai lần.,twice,missing_words_analyzed
twin,Mới - chưa có ảnh,1,one of two children or animals born at the same birth,một trong hai đứa trẻ/con vật sinh đôi,twin,missing_words_analyzed
twitter,Mới - chưa có ảnh,1,"(of a bird) to make a series of light, tremulous chirping sounds",(chim) hót líu lo,twitter,missing_words_analyzed
type,Mới - chưa có ảnh,5,to write something using a keyboard,"đánh máy, gõ (bàn phím)","prototype, stereotype, type, typeface, typical",missing_words_analyzed
typical,Mới - chưa có ảnh,1,having the usual characteristics of a particular type of person or thing,"điển hình, tiêu biểu",typically,missing_words_analyzed
ultimate,Mới - chưa có ảnh,2,being or happening at the end of a process; the best or most extreme example of its kind,"cuối cùng, tối hậu; tột bậc","ultimate, ultimately",missing_words_analyzed
understandable,Mới - chưa có ảnh,1,able to be understood; reasonable given the circumstances,"có thể hiểu được, dễ hiểu",understandably,missing_words_analyzed
unify,Mới - chưa có ảnh,1,"to make or become united, uniform, or whole","thống nhất, hợp nhất",unify,missing_words_analyzed
union,Mới - chưa có ảnh,2,"the act of joining things together, or an organized association of people, such as a trade union","sự liên minh, hiệp hội; công đoàn","reunion, union",missing_words_analyzed
unison,Mới - chưa có ảnh,1,the state of doing or saying the same thing at the same time; complete agreement,"sự đồng thanh, sự nhất trí hoàn toàn",unison,missing_words_analyzed
unit,Mới - chưa có ảnh,2,"a single, complete thing that is part of a larger whole; a standard measure",đơn vị,"unit, unity",missing_words_analyzed
unite,Mới - chưa có ảnh,1,to come or bring together for a common purpose or action,"đoàn kết, hợp nhất",unite,missing_words_analyzed
urban,Mới - chưa có ảnh,2,relating to a city or densely populated town,"thuộc về đô thị, thành thị","urban, urbanization",missing_words_analyzed
urgent,Mới - chưa có ảnh,1,requiring immediate action or attention,"khẩn cấp, cấp bách",urgency,missing_words_analyzed
urine,Mới - chưa có ảnh,1,the liquid waste product excreted by the kidneys,nước tiểu,urine,missing_words_analyzed
utter,Mới - chưa có ảnh,1,"complete, total, absolute; (verb) to say something aloud","hoàn toàn, tuyệt đối; (động từ) thốt ra, nói ra",utterly,missing_words_analyzed
vacant,Mới - chưa có ảnh,1,"(of a place, position, or seat) not filled or occupied; empty","bỏ trống, trống (chức vụ, chỗ ngồi)",vacant,missing_words_analyzed
vacate,Mới - chưa có ảnh,1,"to leave a place or position, making it empty or available","rời khỏi, bỏ trống (một chỗ hoặc vị trí)",vacation,missing_words_analyzed
vaccine,Mới - chưa có ảnh,1,"a substance used to stimulate immunity to a disease, typically administered by injection.",vắc-xin.,vaccine,missing_words_analyzed
vacuum,Mới - chưa có ảnh,1,"a space entirely devoid of matter, or a device that cleans by suction",chân không; máy hút bụi,vacuum,missing_words_analyzed
vain,Mới - chưa có ảnh,1,"having excessive pride in one's own appearance or achievements; ""in vain"" means without success","tự phụ, kiêu ngạo; ""in vain"": vô ích",vanity,missing_words_analyzed
valley,Mới - chưa có ảnh,1,"a low area of land between hills or mountains, often with a river running through it",thung lũng,valley,missing_words_analyzed
valve,Mới - chưa có ảnh,1,"a device that regulates the flow of a liquid or gas by opening, closing, or partially obstructing a passage",van (thiết bị điều tiết dòng chảy),valve,missing_words_analyzed
van,Mới - chưa có ảnh,1,a medium-sized motor vehicle used for transporting goods,"xe tải nhỏ, xe van",van,missing_words_analyzed
vandal,Mới - chưa có ảnh,1,a person who deliberately destroys or damages public or private property,kẻ phá hoại (tài sản),vandalism,missing_words_analyzed
vanish,Mới - chưa có ảnh,1,to disappear suddenly and completely,biến mất,vanish,missing_words_analyzed
vapor,Mới - chưa có ảnh,3,"a substance diffused or suspended in the air, especially one that is normally liquid or solid","hơi nước, hơi (chất)","evaporate, evaporation, vapor",missing_words_analyzed
variety,Mới - chưa có ảnh,1,the quality of not being the same; a range of different things,"sự đa dạng, sự phong phú",variety,missing_words_analyzed
varnish,Mới - chưa có ảnh,1,"a clear liquid that dries to form a hard, shiny protective coating on wood or other surfaces","véc-ni, sơn bóng",varnish,missing_words_analyzed
vase,Mới - chưa có ảnh,1,"an open decorative container, typically used to hold cut flowers","bình hoa, lọ hoa",vase,missing_words_analyzed
vault,Mới - chưa có ảnh,1,"to jump over something in a single motion, typically using the hands or a pole for support",nhảy qua (chống tay hoặc dùng sào),vault,missing_words_analyzed
vector,Mới - chưa có ảnh,1,"a quantity having both direction and magnitude, or an organism that transmits a disease or infection",véc-tơ; vật trung gian truyền bệnh,vector,missing_words_analyzed
vegetable,Mới - chưa có ảnh,1,"a plant or part of a plant used as food, other than a fruit or seed.","rau, rau củ.",vegetable,missing_words_analyzed
vegetate,Mới - chưa có ảnh,1,"to live a dull, inactive life lacking mental stimulation","sống mòn mỏi, trì trệ, thiếu hoạt động trí óc",vegetation,missing_words_analyzed
veil,Mới - chưa có ảnh,1,a piece of fine fabric worn to cover the face or head,tấm mạng che mặt hoặc che đầu,unveil,missing_words_analyzed
vein,Mới - chưa có ảnh,1,a blood vessel carrying blood toward the heart; also a streak or seam of mineral in rock,tĩnh mạch; mạch khoáng (trong đá),vein,missing_words_analyzed
velocity,Mới - chưa có ảnh,1,the speed of something in a given direction,vận tốc,velocity,missing_words_analyzed
vend,Mới - chưa có ảnh,2,"to offer goods, especially small items, for sale","bán (hàng hóa, đặc biệt qua máy bán hàng hoặc trên đường phố)","vend, vendor",missing_words_analyzed
vent,Mới - chưa có ảnh,6+,to express a strong emotion freely,"trút bỏ, giải tỏa (cảm xúc)","advent, eventual, intervention, invent, inventive, inventor",missing_words_analyzed
venue,Mới - chưa có ảnh,1,"the place where an event, meeting, or activity is held",địa điểm (tổ chức sự kiện),venue,missing_words_analyzed
verb,Mới - chưa có ảnh,4,"A word used to describe an action, state, or occurrence.",Động từ.,"adverb, verb, verbal, verbally",missing_words_analyzed
verbal,Mới - chưa có ảnh,1,"relating to or expressed in words, especially spoken rather than written words","(thuộc) lời nói, bằng miệng",nonverbal,missing_words_analyzed
verge,Mới - chưa có ảnh,4,"an edge or border of something, or the point at which something is about to happen","bờ mép, rìa; bên bờ vực (sắp xảy ra điều gì)","converge, convergence, diverge, verge",missing_words_analyzed
verify,Mới - chưa có ảnh,3,to confirm the truth or accuracy of something,"xác minh, kiểm chứng","unverified, verifiable, verification",missing_words_analyzed
versatile,Mới - chưa có ảnh,1,able to adapt or be used for many different functions or activities,"đa năng, linh hoạt",versatile,missing_words_analyzed
vertebra,Mới - chưa có ảnh,1,one of the small bones that form the backbone (spine),đốt sống,vertebrate,missing_words_analyzed
vertigo,Mới - chưa có ảnh,1,a sensation of whirling and loss of balance,"chứng chóng mặt, hoa mắt",vertigo,missing_words_analyzed
vessel,Mới - chưa có ảnh,1,"a ship or large boat, or a container/tube that holds or carries liquid",tàu thuyền; vật chứa; mạch (máu),vessel,missing_words_analyzed
vet,Mới - chưa có ảnh,1,to investigate someone or something thoroughly before approving or accepting them,"thẩm tra, xác minh kỹ lưỡng",vet,missing_words_analyzed
veteran,Mới - chưa có ảnh,1,"a person with long experience in a particular field, especially a former member of the armed forces","cựu chiến binh, người dày dạn kinh nghiệm",veteran,missing_words_analyzed
veto,Mới - chưa có ảnh,1,to refuse to allow or approve something officially,"phủ quyết, bác bỏ",veto,missing_words_analyzed
via,Mới - chưa có ảnh,3,by way of; through a particular place or means,"qua, thông qua, bằng con đường","deviation, devious, via",missing_words_analyzed
vibrate,Mới - chưa có ảnh,2,to move rapidly and continuously back and forth or side to side,"rung, rung động","vibrate, vibration",missing_words_analyzed
vicinity,Mới - chưa có ảnh,1,the area near or surrounding a particular place,"khu vực lân cận, vùng phụ cận",vicinity,missing_words_analyzed
victor,Mới - chưa có ảnh,1,"a person who defeats an opponent or enemy in a battle, competition, or war; a winner",người chiến thắng,victor,missing_words_analyzed
victory,Mới - chưa có ảnh,1,"an act of defeating an enemy or opponent in a battle, game, or competition",chiến thắng,victory,missing_words_analyzed
vigil,Mới - chưa có ảnh,1,"a period of staying awake to keep watch or pray, often at night","sự canh thức, thức đêm để canh gác hoặc cầu nguyện",vigilance,missing_words_analyzed
vigor,Mới - chưa có ảnh,3,physical strength and good health; energy and enthusiasm,"sức mạnh, sự tráng kiện, sinh lực","invigorate, vigorous, vigorously",missing_words_analyzed
viii,Mới - chưa có ảnh,1,the Roman numeral representing the number eight,số La Mã biểu thị số 8,viii,missing_words_analyzed
villain,Mới - chưa có ảnh,1,a character whose evil actions or motives are important to the plot of a story,"kẻ phản diện, ác nhân",villain,missing_words_analyzed
vine,Mới - chưa có ảnh,1,"a climbing or trailing plant, especially one that bears grapes","cây nho, dây leo",vine,missing_words_analyzed
viol,Mới - chưa có ảnh,2,"an old bowed stringed instrument, a precursor of the violin family","đàn viol (nhạc cụ dây kéo bằng cung, tiền thân của đàn violin)","violence, violent",missing_words_analyzed
violate,Mới - chưa có ảnh,2,"to break or fail to comply with a rule, law, or agreement",vi phạm,"violate, violation",missing_words_analyzed
violent,Mới - chưa có ảnh,1,"using or involving physical force intended to hurt, damage, or kill","bạo lực, dữ dội",violently,missing_words_analyzed
violin,Mới - chưa có ảnh,2,"a stringed musical instrument played with a bow, held under the chin",đàn vi-ô-lông,"violin, violinist",missing_words_analyzed
virtuoso,Mới - chưa có ảnh,1,"a person highly skilled in a particular art, especially music","nghệ sĩ bậc thầy, người có tài năng xuất chúng",virtuoso,missing_words_analyzed
virus,Mới - chưa có ảnh,1,an infective agent that replicates inside living cells and can cause disease; a piece of malicious computer code,vi-rút (sinh học hoặc máy tính),virus,missing_words_analyzed
visa,Mới - chưa có ảnh,1,an official endorsement on a passport permitting entry into or travel through a country,"thị thực, visa",visa,missing_words_analyzed
vise,Mới - chưa có ảnh,4,a tool with two jaws that close to hold an object firmly in place while it is worked on,êtô (dụng cụ kẹp giữ vật),"revise, supervise, supervisor, supervisory",missing_words_analyzed
visible,Mới - chưa có ảnh,5,able to be seen,có thể nhìn thấy,"invisibility, invisible, visibility, visible, visibly",missing_words_analyzed
vision,Mới - chưa có ảnh,5,the faculty or state of being able to see; the ability to think about or plan the future with imagination,thị lực; tầm nhìn,"envision, provision, television, vision, visionary",missing_words_analyzed
visual,Mới - chưa có ảnh,6+,relating to seeing or sight,"thuộc về thị giác, trực quan","audiovisual, visual, visualization, visualize, visually, visuals",missing_words_analyzed
vitamin,Mới - chưa có ảnh,1,an organic compound that is essential in small amounts for normal growth and nutrition,"vitamin, sinh tố",vitamin,missing_words_analyzed
vivid,Mới - chưa có ảnh,2,"producing powerful, clear feelings or images in the mind","sống động, rõ nét","vivid, vividly",missing_words_analyzed
vocabulary,Mới - chưa có ảnh,1,the body of words used in a particular language or by a particular person,vốn từ vựng,vocabulary,missing_words_analyzed
vocal,Mới - chưa có ảnh,1,"relating to the human voice, or tending to express opinions loudly and freely","(thuộc) giọng hát; hay lên tiếng, thẳng thắn",vocal,missing_words_analyzed
vocation,Mới - chưa có ảnh,1,a strong feeling of suitability for a particular career or occupation; a calling,"thiên chức, ơn gọi nghề nghiệp",vocational,missing_words_analyzed
void,Mới - chưa có ảnh,2,a completely empty space,"khoảng trống, chỗ trống","devoid, void",missing_words_analyzed
volatile,Mới - chưa có ảnh,2,"liable to change rapidly and unpredictably, especially for the worse; (of a substance) evaporating readily at normal temperatures","dễ biến động, thất thường; (chất) dễ bay hơi","volatile, volatility",missing_words_analyzed
volcano,Mới - chưa có ảnh,2,"a mountain with a vent through which molten rock, gas, and ash erupt",núi lửa,"volcanic, volcano",missing_words_analyzed
volt,Mới - chưa có ảnh,1,the SI unit of electric potential difference,vôn (đơn vị đo điện áp),voltage,missing_words_analyzed
voluntary,Mới - chưa có ảnh,2,"done, given, or acting of one's own free will, without being forced",tự nguyện,"voluntarily, voluntary",missing_words_analyzed
vomit,Mới - chưa có ảnh,1,to eject the contents of the stomach through the mouth,"nôn, mửa",vomit,missing_words_analyzed
vortex,Mới - chưa có ảnh,1,a mass of spinning air or water that pulls things into its centre,"xoáy nước, xoáy khí",vortex,missing_words_analyzed
vouch,Mới - chưa có ảnh,1,to give assurance that someone or something is reliable or accurate,"bảo đảm, chứng thực (cho ai/việc gì)",vouch,missing_words_analyzed
voyage,Mới - chưa có ảnh,1,A long journey involving travel by sea or in space.,"Chuyến hải trình, cuộc hành trình dài.",voyage,missing_words_analyzed
wad,Mới - chưa có ảnh,1,"a small compact mass of soft material, or a bundle of banknotes","cục, nắm nhỏ; xấp tiền",wad,missing_words_analyzed
waddle,Mới - chưa có ảnh,1,"to walk with short steps, swaying from side to side like a duck","đi lạch bạch, đi lắc lư như vịt",waddle,missing_words_analyzed
wag,Mới - chưa có ảnh,1,"to move something, especially a tail, rapidly from side to side","vẫy, ngoe nguẩy (đuôi)",wag,missing_words_analyzed
waive,Mới - chưa có ảnh,1,"to choose not to insist on or use a right, claim, or requirement","từ bỏ, miễn (quyền lợi, yêu cầu)",waive,missing_words_analyzed
wale,Mới - chưa có ảnh,1,"a ridge or rib on the surface of a woven fabric, such as corduroy",đường gân nổi trên vải (như vải nhung kẻ),wale,missing_words_analyzed
warble,Mới - chưa có ảnh,1,"to sing in a trilling, melodious way, as a bird does",hót líu lo (như chim),warbler,missing_words_analyzed
wardrobe,Mới - chưa có ảnh,1,"a tall cupboard for storing clothes, or a person's entire collection of clothes",tủ quần áo; tủ đựng đồ,wardrobe,missing_words_analyzed
ware,Mới - chưa có ảnh,1,"manufactured articles or goods of a specified kind, especially offered for sale","hàng hóa, đồ vật (để bán)",hardware,missing_words_analyzed
warp,Mới - chưa có ảnh,1,"to bend or twist out of shape, typically due to heat, moisture, or pressure","làm cong vênh, biến dạng",warp,missing_words_analyzed
wary,Mới - chưa có ảnh,1,feeling or showing caution about possible dangers or problems,"thận trọng, cảnh giác",wary,missing_words_analyzed
watershed,Mới - chưa có ảnh,1,an area of land that separates waters flowing to different rivers; or a turning point in events,lưu vực sông; hoặc bước ngoặt quan trọng,watershed,missing_words_analyzed
wax,Mới - chưa có ảnh,1,"to increase gradually in size, strength, or intensity, especially of the moon's visible portion","tăng dần, lớn dần (thường nói về mặt trăng)",wax,missing_words_analyzed
ways,Mới - chưa có ảnh,1,"plural of ""way""; methods, manners, or routes","(số nhiều của ""way"") những cách, những con đường",always,missing_words_analyzed
web,Mới - chưa có ảnh,2,"a network of fine threads spun by a spider; also, the World Wide Web","mạng nhện; mạng lưới, web","web, website",missing_words_analyzed
webinar,Mới - chưa có ảnh,1,a seminar or presentation conducted over the internet,hội thảo trực tuyến,webinar,missing_words_analyzed
weft,Mới - chưa có ảnh,1,the threads woven across the warp on a loom to make fabric,sợi ngang (trong dệt vải),weft,missing_words_analyzed
weight,Mới - chưa có ảnh,5,how heavy a person or thing is,"trọng lượng, cân nặng","counterweight, overweight, weight, weightless, weightlifter",missing_words_analyzed
weld,Mới - chưa có ảnh,1,to join pieces of metal or thermoplastic together by heating and fusing them,hàn (kim loại),weld,missing_words_analyzed
whale,Mới - chưa có ảnh,1,a very large marine mammal,cá voi,whale,missing_words_analyzed
whet,Mới - chưa có ảnh,1,to sharpen the blade of a tool; to stimulate a desire or interest,"mài (dao, lưỡi); khơi gợi sự thèm muốn hoặc hứng thú",whetstone,missing_words_analyzed
whether,Mới - chưa có ảnh,1,used to introduce alternative possibilities,liệu (có)... hay không,whether,missing_words_analyzed
whilst,Mới - chưa có ảnh,1,during the time that; while (chiefly British or literary),"trong khi (văn phong Anh-Anh, trang trọng)",whilst,missing_words_analyzed
whirl,Mới - chưa có ảnh,1,to move rapidly around and around in a circle,"xoay tròn nhanh, quay cuồng",whirlpool,missing_words_analyzed
whistle,Mới - chưa có ảnh,1,"to produce a clear, high-pitched sound by forcing breath through pursed lips or a device.","huýt sáo, thổi còi.",whistle,missing_words_analyzed
whoop,Mới - chưa có ảnh,1,a loud cry of joy or excitement,tiếng hét/reo hò vui sướng,whoop,missing_words_analyzed
whoosh,Mới - chưa có ảnh,1,a rushing sound made by something moving quickly through the air,"tiếng vút, tiếng rít (khi vật gì lướt qua nhanh)",whoosh,missing_words_analyzed
whose,Mới - chưa có ảnh,1,belonging to or associated with which person (possessive of who/which),của ai,whose,missing_words_analyzed
wicked,Mới - chưa có ảnh,1,evil or morally wrong; (informal) excellent,"độc ác, xấu xa; (khẩu ngữ) tuyệt vời",wicked,missing_words_analyzed
wicket,Mới - chưa có ảnh,1,"in cricket, the set of three stumps and two bails defended by a batsman; also a small gate or window",cột gôn (cricket); cổng nhỏ,wicket,missing_words_analyzed
wield,Mới - chưa có ảnh,1,"to hold and use a weapon or tool, or to have and exercise power/influence","cầm và sử dụng (vũ khí, công cụ); nắm giữ (quyền lực)",wield,missing_words_analyzed
wiggle,Mới - chưa có ảnh,1,to move with quick short movements from side to side,"ngọ nguậy, lắc lư nhanh",wiggly,missing_words_analyzed
willing,Mới - chưa có ảnh,3,ready and happy to do something without being forced,"sẵn lòng, tự nguyện","unwilling, willingly, willingness",missing_words_analyzed
wilt,Mới - chưa có ảnh,1,"(of a plant) to become limp through heat, cold, or lack of water; to lose energy or vigor","héo (cây), rũ xuống (mất sức)",wilt,missing_words_analyzed
wink,Mới - chưa có ảnh,1,"to close and open one eye quickly, often as a signal",nháy mắt,hoodwink,missing_words_analyzed
wobble,Mới - chưa có ảnh,2,to move unsteadily from side to side,"lung lay, lắc lư (không vững)","wobble, wobbly",missing_words_analyzed
wolf,Mới - chưa có ảnh,1,to eat food quickly and greedily,"ăn ngấu nghiến, ăn nhanh và tham lam",wolf,missing_words_analyzed
worthy,Mới - chưa có ảnh,3,having sufficient worth or merit; deserving of something,"xứng đáng, có giá trị","seaworthy, trustworthy, unworthy",missing_words_analyzed
wreck,Mới - chưa có ảnh,4,"the destroyed remains of a ship, vehicle, or structure","xác đắm/xác vỡ (tàu, xe...)","shipwreck, wreck, wreckage, wrecker",missing_words_analyzed
wrench,Mới - chưa có ảnh,1,to pull or twist something suddenly and violently,"giật mạnh, vặn xoắn đột ngột",wrench,missing_words_analyzed
wrestle,Mới - chưa có ảnh,2,to fight by grappling with and trying to throw down an opponent,"vật lộn, đấu vật","wrestle, wrestler",missing_words_analyzed
wriggle,Mới - chưa có ảnh,1,"to twist and turn with quick short movements, like a worm","ngọ nguậy, uốn éo (như con giun)",wriggle,missing_words_analyzed
wright,Mới - chưa có ảnh,1,"a person who makes or builds something, used chiefly in compounds (e.g. shipwright)","thợ (người chế tạo, làm ra một thứ gì đó — thường dùng trong từ ghép như shipwright)",shipwright,missing_words_analyzed
wring,Mới - chưa có ảnh,1,"to twist and squeeze something tightly, especially to force liquid out of it","vắt, vặn (để lấy nước ra)",wring,missing_words_analyzed
wrinkle,Mới - chưa có ảnh,1,"a small crease or fold, especially in skin or fabric",nếp nhăn,wrinkle,missing_words_analyzed
written,Mới - chưa có ảnh,1,"past participle of ""write""; produced or expressed in writing","(phân từ quá khứ của ""write"") đã viết, bằng văn bản",handwritten,missing_words_analyzed
wrongdoing,Mới - chưa có ảnh,1,illegal or dishonest behavior,"hành vi sai trái, việc làm sai trái",wrongdoing,missing_words_analyzed
yesterday,Mới - chưa có ảnh,1,on or during the day before today,ngày hôm qua,yesterday,missing_words_analyzed
zero,Mới - chưa có ảnh,1,the number 0; nothing; a null quantity,số không (0),zero,missing_words_analyzed
zoo,Mới - chưa có ảnh,1,A facility where wild animals are kept for public viewing and conservation.,Sở thú.,zoo,missing_words_analyzed
zoom,Mới - chưa có ảnh,1,"to move very quickly, often with a buzzing sound; to change a camera's focal length",di chuyển vun vút; phóng to/thu nhỏ (ống kính),zoom,missing_words_analyzed
able,Đã có trong MorphLink,6+,"having the power, skill, means, or opportunity to do something","có khả năng, có thể làm được","ability, acceptable, accountable, adaptable, addressable, inability",missing_words_analyzed+new_combinations
absent,Đã có trong MorphLink,1,not present at a place or event,vắng mặt,absence,missing_words_analyzed
absolute,Đã có trong MorphLink,1,complete and total; not qualified or diminished in any way,"tuyệt đối, hoàn toàn",absolutest,new_combinations
absurd,Đã có trong MorphLink,2,"wildly unreasonable, illogical, or inappropriate; ridiculous","vô lý, phi lý, buồn cười","absurder, absurdest",new_combinations
abuse,Đã có trong MorphLink,1,to use something wrongly or for a bad purpose; to treat someone cruelly or unfairly,lạm dụng; ngược đãi,abuser,new_combinations
accept,Đã có trong MorphLink,2,to willingly receive or agree to something offered,"chấp nhận, đồng ý","acceptable, unacceptable",new_combinations
access,Đã có trong MorphLink,3,"the means or opportunity to approach, enter, or use something","quyền truy cập, tiếp cận; lối vào","accessible, accessory, inaccessible",missing_words_analyzed+new_combinations
accident,Đã có trong MorphLink,1,an unfortunate event that happens unexpectedly and unintentionally,"tai nạn, sự việc bất ngờ ngoài ý muốn",accidentally,new_combinations
account,Đã có trong MorphLink,4,a spoken or written description of an event; a financial record held at a bank or business,bản tường trình; tài khoản,"accountability, accountable, accountancy, unaccountable",missing_words_analyzed+new_combinations
accuse,Đã có trong MorphLink,1,to charge someone with wrongdoing or a crime,"buộc tội, cáo buộc",accusation,missing_words_analyzed
achieve,Đã có trong MorphLink,4,to successfully complete or reach a goal by effort or skill,"đạt được, hoàn thành","overachieve, overachiever, underachieve, underachiever",new_combinations
acid,Đã có trong MorphLink,1,a chemical substance with a sour taste that can react with and dissolve metals,"a-xít, chất chua",acidly,new_combinations
acre,Đã có trong MorphLink,2,"a unit of land area equal to 4,047 square meters","mẫu Anh (đơn vị diện tích đất, khoảng 4.047 m²)","massacre, wiseacre",new_combinations
act,Đã có trong MorphLink,4,to take action or behave in a particular way; also a main division of a play,hành động; hồi/màn (trong vở kịch),"activism, activist, actual, counteract",missing_words_analyzed
acute,Đã có trong MorphLink,2,"sharp, severe, or intense; (of an angle) measuring less than 90 degrees","gay gắt, nghiêm trọng; (góc) nhọn","acuter, acutest",new_combinations
adapt,Đã có trong MorphLink,3,to make something suitable for a new use or situation; to adjust to new conditions,"thích nghi, điều chỉnh cho phù hợp","adaptable, adaptation, adaptor",missing_words_analyzed+new_combinations
add,Đã có trong MorphLink,2,to combine numbers or things together; to put something extra into a whole,"cộng, thêm vào","addition, additional",missing_words_analyzed
address,Đã có trong MorphLink,1,the details of where someone lives or a place is located; (verb) to speak to or deal with,"địa chỉ; (động từ) giải quyết, phát biểu trước",addressable,new_combinations
admire,Đã có trong MorphLink,1,to regard someone or something with respect and warm approval,ngưỡng mộ,admiral,new_combinations
admit,Đã có trong MorphLink,2,to confess that something is true; to allow someone to enter,thừa nhận; cho phép vào,"admittedly, readmit",missing_words_analyzed+new_combinations
advantage,Đã có trong MorphLink,1,a condition or circumstance that gives a greater chance of success,lợi thế,advantageous,new_combinations
adverse,Đã có trong MorphLink,2,preventing success or development; harmful or unfavorable,"bất lợi, không thuận lợi","adverser, adversest",new_combinations
after,Đã có trong MorphLink,6+,following in time or place; later than,"sau, tiếp theo (về thời gian hoặc vị trí)","afterbirth, aftercare, afterlife, aftermath, afternoon, afterwards",missing_words_analyzed+new_combinations
agent,Đã có trong MorphLink,1,a person who acts on behalf of another; a substance that produces a chemical or physical effect,"đại lý, người đại diện; tác nhân",agency,missing_words_analyzed
agree,Đã có trong MorphLink,2,to have the same opinion as someone else; to consent to something,đồng ý,"agreeable, disagreeable",new_combinations
aid,Đã có trong MorphLink,1,"help or support, especially of a practical kind","sự giúp đỡ, viện trợ",unaided,missing_words_analyzed
air,Đã có trong MorphLink,3,the invisible mixture of gases surrounding the earth that we breathe,không khí,"aircraft, airline, airport",missing_words_analyzed
alarm,Đã có trong MorphLink,1,a warning of danger; a device that makes a warning sound; a feeling of fear or anxiety,báo động; sự lo sợ,alarmingly,missing_words_analyzed
alcohol,Đã có trong MorphLink,1,the intoxicating substance found in drinks such as beer and wine; a class of chemical compounds,"cồn, rượu",alcoholics,new_combinations
alien,Đã có trong MorphLink,3,a foreigner; a being from another planet,người ngoài hành tinh; người nước ngoài,"alienable, alienated, inalienable",new_combinations
all,Đã có trong MorphLink,1,the whole quantity or extent of something; every one of a group,tất cả,altogether,missing_words_analyzed
allege,Đã có trong MorphLink,2,to state that something is true without offering proof,"cáo buộc, khẳng định (chưa có bằng chứng)","allegedly, allegory",missing_words_analyzed+new_combinations
allow,Đã có trong MorphLink,1,to give permission for something to happen,cho phép,allowable,new_combinations
ally,Đã có trong MorphLink,6+,"a person, group, or country that cooperates with another for a common purpose",đồng minh,"accidentally, automatically, clinically, comically, conditionally, conventionally",new_combinations
alone,Đã có trong MorphLink,1,having no other people or things present; by oneself,"một mình, cô đơn",abalone,new_combinations
along,Đã có trong MorphLink,1,moving in a constant direction on a path; in the company of others,"dọc theo; cùng với, cùng đi",alongside,missing_words_analyzed
alter,Đã có trong MorphLink,6+,to change or modify something,"thay đổi, biến đổi","alterable, alteration, alternate, alternation, alternative, alternatively",missing_words_analyzed+new_combinations
amaze,Đã có trong MorphLink,2,to surprise someone greatly; to fill with wonder,"làm kinh ngạc, làm ngạc nhiên","amazingly, amazon",missing_words_analyzed+new_combinations
amend,Đã có trong MorphLink,1,to make small changes to something in order to improve or correct it,"sửa đổi, tu chỉnh",amendable,new_combinations
among,Đã có trong MorphLink,1,surrounded by; situated in the middle of a group,"ở giữa, trong số",amongst,missing_words_analyzed
analysis,Đã có trong MorphLink,1,a detailed examination of the elements or structure of something,sự phân tích,analytical,missing_words_analyzed
anchor,Đã có trong MorphLink,3,a heavy device used to moor a ship to the sea bottom; a person who presents a news broadcast,mỏ neo; người dẫn chương trình tin tức,"anchorite, anchorperson, anchorwoman",new_combinations
ancient,Đã có trong MorphLink,2,belonging to the very distant past; very old,cổ xưa,"ancienter, ancientest",new_combinations
angle,Đã có trong MorphLink,2,"the space between two lines or surfaces that meet, measured in degrees",góc (hình học),"angleworm, rectangle",missing_words_analyzed+new_combinations
answer,Đã có trong MorphLink,2,a reply given to a question; a solution to a problem,câu trả lời,"answerable, unanswerable",new_combinations
anticipate,Đã có trong MorphLink,1,"to expect or predict something, and often prepare for it","dự đoán, mong đợi trước",unanticipated,missing_words_analyzed
any,Đã có trong MorphLink,4,"used to refer to one, some, or an unspecified amount of a thing","bất kỳ, bất cứ","anybody, anymore, anyone, anyway",missing_words_analyzed
apple,Đã có trong MorphLink,2,"a round fruit with red, green, or yellow skin and crisp white flesh",quả táo,"applesauce, appliance",new_combinations
applicable,Đã có trong MorphLink,1,relevant or appropriate to a particular situation,"có thể áp dụng, thích hợp",inapplicable,new_combinations
apply,Đã có trong MorphLink,2,"to make a formal request, typically in writing; to put something into practical use","nộp đơn, xin; áp dụng","application, reapply",missing_words_analyzed+new_combinations
appoint,Đã có trong MorphLink,2,to formally assign a job or role to someone,"bổ nhiệm, chỉ định","appointive, reappoint",new_combinations
approach,Đã có trong MorphLink,2,to come near or nearer to something; a way of dealing with a problem,tiếp cận; cách thức xử lý,"approachable, unapproachable",new_combinations
argue,Đã có trong MorphLink,2,to give reasons for or against something; to exchange differing views heatedly,"tranh luận, cãi lý","arguably, argument",missing_words_analyzed
arm,Đã có trong MorphLink,3,"either of the two upper limbs of the human body, from shoulder to hand",cánh tay,"armband, armchair, firearm",missing_words_analyzed
arrow,Đã có trong MorphLink,1,"a thin, pointed shaft shot from a bow; a symbol showing direction",mũi tên,arrowhead,missing_words_analyzed
art,Đã có trong MorphLink,4,"the expression of creative skill and imagination, especially through visual works",nghệ thuật,"artificial, artisan, artistic, artwork",missing_words_analyzed
ask,Đã có trong MorphLink,1,to say something in order to obtain information or an answer,"hỏi, yêu cầu",unasked,missing_words_analyzed
assess,Đã có trong MorphLink,1,"to evaluate or estimate the nature, quality, or value of something",đánh giá,reassess,new_combinations
assign,Đã có trong MorphLink,1,"to allocate a task, duty, or resource to someone","giao (nhiệm vụ), phân công",assignable,new_combinations
assist,Đã có trong MorphLink,1,to help someone by doing part of the work,"giúp đỡ, hỗ trợ",unassisted,missing_words_analyzed
assume,Đã có trong MorphLink,1,to suppose something to be true without proof,"giả định, cho là",assumption,missing_words_analyzed
attain,Đã có trong MorphLink,2,to succeed in achieving something through effort,đạt được,"attainable, unattainable",new_combinations
attend,Đã có trong MorphLink,1,to be present at an event; to deal with or take care of something,"tham dự; chăm sóc, xử lý",attender,new_combinations
audio,Đã có trong MorphLink,1,"relating to sound, especially recorded or broadcast sound",(thuộc) âm thanh,audiovisual,missing_words_analyzed
august,Đã có trong MorphLink,2,"(adjective) respected and impressive; (capitalized, August) the eighth month of the year","đường bệ, uy nghi; (viết hoa) tháng Tám","auguster, augustest",new_combinations
author,Đã có trong MorphLink,2,"a person who writes a book, article, or other written work",tác giả,"authoritarian, authorship",missing_words_analyzed+new_combinations
auto,Đã có trong MorphLink,6+,"short for ""automobile""; also a combining prefix meaning ""self"" or ""automatic""","ô tô (từ viết tắt); tiền tố nghĩa ""tự, tự động""","autoimmune, automate, automatics, automobile, automotive, autopilot",new_combinations
automatic,Đã có trong MorphLink,1,operating by itself with little or no direct human control,tự động,automatically,new_combinations
avoid,Đã có trong MorphLink,2,to keep away from or stop oneself from doing something,"tránh, tránh né","avoidable, unavoidable",new_combinations
away,Đã có trong MorphLink,2,at a distance from a particular place or person,"ở xa, rời xa","faraway, getaway",missing_words_analyzed
awkward,Đã có trong MorphLink,2,causing embarrassment or difficulty; lacking grace or skill,"vụng về, lúng túng","awkwarder, awkwardest",new_combinations
baby,Đã có trong MorphLink,2,"a very young child, especially one newly or recently born",em bé,"babier, babiest",new_combinations
back,Đã có trong MorphLink,6+,the rear surface of the human body or an object; (verb) to support; (adv.) toward the rear,phía sau; lưng; ủng hộ,"backwards, comeback, feedback, paperback, playback, setback",missing_words_analyzed+new_combinations
bag,Đã có trong MorphLink,2,"a container made of flexible material, used for carrying things","túi, cặp","handbag, sandbag",missing_words_analyzed
balance,Đã có trong MorphLink,2,an even distribution of weight or amount; a state of equilibrium,sự cân bằng,"counterbalance, overbalance",missing_words_analyzed+new_combinations
ball,Đã có trong MorphLink,2,a round or roughly spherical object used in games and sports,quả bóng,"ballpoint, basketball",missing_words_analyzed
band,Đã có trong MorphLink,3,a small group of musicians who play together; a thin flat strip of material,"ban nhạc; dải, băng","armband, bandwidth, broadband",missing_words_analyzed+new_combinations
bank,Đã có trong MorphLink,3,a financial institution that manages money; the land alongside a river or lake,"ngân hàng; bờ (sông, hồ)","banknote, bankrupt, embankment",missing_words_analyzed
bar,Đã có trong MorphLink,2,"a rigid piece of metal or wood, longer than it is wide; a place where drinks are served","thanh, cây (kim loại/gỗ); quầy bar","crowbar, handlebar",missing_words_analyzed
bare,Đã có trong MorphLink,2,"not covered or clothed; plain, without addition or elaboration","trần trụi, để trần; đơn thuần","barium, baron",new_combinations
base,Đã có trong MorphLink,6+,the lowest part of something that supports it; a fundamental starting point,"cơ sở, nền tảng, đáy","basal, baseless, baseline, basics, database, freebase",missing_words_analyzed+new_combinations
basket,Đã có trong MorphLink,1,"a container made of interwoven material, used for holding or carrying things","cái giỏ, cái rổ",basketball,missing_words_analyzed
bat,Đã có trong MorphLink,1,a wooden club used to hit a ball in sports; also a flying nocturnal mammal,cây gậy (đánh bóng); con dơi,batsman,missing_words_analyzed
bath,Đã có trong MorphLink,3,an act of washing the whole body while immersed in water; the container used for this,sự tắm; bồn tắm,"bathhouse, bathroom, bathtub",missing_words_analyzed+new_combinations
battle,Đã có trong MorphLink,2,a fight between opposing armed forces; a struggle or contest,"trận chiến, cuộc chiến đấu","battlefield, battleship",missing_words_analyzed+new_combinations
be,Đã có trong MorphLink,3,"to exist or to have a specified quality, identity, or state","thì, là, ở, tồn tại","being, maybe, microbe",missing_words_analyzed
beam,Đã có trong MorphLink,1,"a long, sturdy piece of wood or metal used as a structural support; a ray of light","xà, dầm; tia sáng",crossbeam,new_combinations
bear,Đã có trong MorphLink,4,to carry or support; to endure or tolerate something; also a large heavy mammal,"chịu đựng, mang, gánh; con gấu","bearable, bearing, overbear, unbearable",missing_words_analyzed+new_combinations
beat,Đã có trong MorphLink,3,to strike repeatedly; a regular rhythmic pulse or stroke,"đánh, đập; nhịp đập","deadbeat, downbeat, heartbeat",missing_words_analyzed+new_combinations
beauty,Đã có trong MorphLink,1,the quality of being pleasing to look at or admire,vẻ đẹp,beautifully,missing_words_analyzed
bed,Đã có trong MorphLink,6+,a piece of furniture for sleeping or resting on,cái giường,"bedside, bedtime, embed, flowerbed, riverbed, seabed",missing_words_analyzed
begin,Đã có trong MorphLink,1,to start doing or happening,bắt đầu,beginning,missing_words_analyzed
behave,Đã có trong MorphLink,1,to act or conduct oneself in a particular way,"cư xử, hành động",behavior,missing_words_analyzed
bell,Đã có trong MorphLink,1,a hollow metal instrument that makes a ringing sound when struck,cái chuông,dumbbell,missing_words_analyzed
bench,Đã có trong MorphLink,2,a long seat for several people; a work table,"cái ghế dài, băng ghế; bàn làm việc","benchmark, workbench",missing_words_analyzed
bend,Đã có trong MorphLink,1,"to curve or turn something, or become curved","uốn cong, bẻ cong",bender,new_combinations
bias,Đã có trong MorphLink,1,"a tendency to favor one thing, person, or view unfairly over another","thiên vị, thành kiến",unbiased,missing_words_analyzed
bike,Đã có trong MorphLink,1,a bicycle or motorcycle,"xe đạp, xe máy",motorbike,missing_words_analyzed
bill,Đã có trong MorphLink,4,a written statement of money owed; a piece of paper money; a proposed law,hóa đơn; tờ tiền giấy; dự luật,"billet, billfold, billion, spoonbill",new_combinations
bird,Đã có trong MorphLink,5,"a warm-blooded egg-laying animal with feathers, wings, and a beak",con chim,"birdhouse, birdie, birdwatchers, seabird, songbird",missing_words_analyzed+new_combinations
birth,Đã có trong MorphLink,4,the process of being born; the beginning or origin of something,"sự sinh ra, sự ra đời","afterbirth, birther, birthstone, childbirth",missing_words_analyzed+new_combinations
bite,Đã có trong MorphLink,4,to use the teeth to cut into or seize something,cắn,"backbite, backbiter, frostbite, overbite",missing_words_analyzed+new_combinations
black,Đã có trong MorphLink,2,"the darkest color, having no hue, like coal or soot",màu đen,"blackish, blackout",missing_words_analyzed+new_combinations
blame,Đã có trong MorphLink,3,to hold someone responsible for a fault or wrong,"đổ lỗi, khiển trách","blameless, blamelessly, blamer",new_combinations
blank,Đã có trong MorphLink,1,"having nothing written, marked, or drawn on it; empty","trống, để trống",blanket,new_combinations
blind,Đã có trong MorphLink,3,unable to see; lacking sight,"mù, không nhìn thấy","blindfold, blindside, colorblind",new_combinations
block,Đã có trong MorphLink,3,a solid piece of hard material; to obstruct or prevent movement,"khối; chặn, cản trở","blockbuster, blockchain, unblock",missing_words_analyzed+new_combinations
blood,Đã có trong MorphLink,4,the red liquid that circulates in the body carrying oxygen and nutrients,máu,"bloodless, bloodlessly, bloodmobile, bloodstream",missing_words_analyzed+new_combinations
blow,Đã có trong MorphLink,1,to move air out through the mouth or cause air to move forcefully,thổi,blowtorch,missing_words_analyzed
blue,Đã có trong MorphLink,4,the color of a clear sky or the deep sea,màu xanh dương,"bluegrass, bluenose, blueprint, bluer",missing_words_analyzed+new_combinations
board,Đã có trong MorphLink,6+,a flat piece of wood or other material; a group of people who manage an organization,tấm ván; ban quản trị,"aboard, boardroom, cardboard, cupboard, scoreboard, switchboard",missing_words_analyzed+new_combinations
boat,Đã có trong MorphLink,4,a small vessel for traveling on water,"thuyền, tàu","flatboat, lifeboat, speedboat, tugboat",missing_words_analyzed+new_combinations
body,Đã có trong MorphLink,6+,the entire physical structure of a person or animal,"cơ thể, thân thể","anybody, embody, everybody, homebody, nobody, somebody",missing_words_analyzed+new_combinations
bold,Đã có trong MorphLink,1,showing courage or confidence; strong and vivid,"táo bạo, can đảm; đậm nét",embolden,missing_words_analyzed
bomb,Đã có trong MorphLink,4,an explosive device designed to cause destruction,bom,"bombard, bombastic, letterbomb, mailbomb",new_combinations
bone,Đã có trong MorphLink,5,one of the hard structures making up the skeleton of a vertebrate,xương,"backbone, boneless, bonus, bony, cheekbone",missing_words_analyzed+new_combinations
book,Đã có trong MorphLink,6+,a set of printed or written pages bound together to be read,quyển sách,"booking, bookmobile, bookshop, facebook, guidebook, textbook",missing_words_analyzed+new_combinations
boot,Đã có trong MorphLink,2,a sturdy item of footwear covering the foot and ankle or lower leg,"giày ống, ủng","bootie, bootless",new_combinations
border,Đã có trong MorphLink,1,a line separating two countries or areas; an edge,"biên giới, ranh giới",borderline,missing_words_analyzed
bore,Đã có trong MorphLink,2,to make a hole by drilling; to make someone feel uninterested,khoan lỗ; làm chán,"boron, overbore",new_combinations
born,Đã có trong MorphLink,1,having come into existence by birth,được sinh ra,suborn,new_combinations
bottom,Đã có trong MorphLink,1,the lowest part or point of something,"đáy, phần dưới cùng",bottomless,new_combinations
bound,Đã có trong MorphLink,5,intending to go to a specified place; tied or restricted; a leap,hướng đến; bị ràng buộc; bước nhảy,"boundary, bounden, boundless, northbound, unbounded",missing_words_analyzed+new_combinations
bowl,Đã có trong MorphLink,1,"a round, deep dish used for holding food or liquid","cái bát, cái tô",fishbowl,new_combinations
box,Đã có trong MorphLink,3,"a container with a flat base and sides, typically square or rectangular",cái hộp,"inboxes, matchbox, toolbox",missing_words_analyzed
brain,Đã có trong MorphLink,2,"the organ inside the head that controls thought, memory, and body functions","não, bộ óc","brainless, brainwash",missing_words_analyzed+new_combinations
brand,Đã có trong MorphLink,1,"a type of product made by a particular company, identified by a name or trademark","nhãn hiệu, thương hiệu",brandish,new_combinations
brave,Đã có trong MorphLink,1,ready to face and endure danger or pain; showing courage,"dũng cảm, can đảm",bravery,missing_words_analyzed
bread,Đã có trong MorphLink,1,"a food made from flour, water, and yeast, baked into a loaf",bánh mì,breadwinner,missing_words_analyzed
break,Đã có trong MorphLink,6+,to separate into pieces as a result of force; a pause or interruption,"làm vỡ, làm gãy; sự nghỉ ngơi","breakdown, breakfast, breakthrough, breakwater, firebreak, windbreak",missing_words_analyzed+new_combinations
breath,Đã có trong MorphLink,5,the air taken into or let out of the lungs,hơi thở,"breathable, breathless, breathlessly, breathlessness, breathtaking",missing_words_analyzed+new_combinations
breed,Đã có trong MorphLink,2,to produce offspring; a particular type of animal within a species,"sinh sản, nhân giống; giống loài","crossbreed, inbreeding",missing_words_analyzed+new_combinations
brick,Đã có trong MorphLink,2,a rectangular block of baked clay used for building,gạch,"bricked, bricklayer",missing_words_analyzed
bridge,Đã có trong MorphLink,2,"a structure built to cross a river, road, or other obstacle",cây cầu,"drawbridge, footbridge",missing_words_analyzed
brief,Đã có trong MorphLink,2,of short duration; concise,"ngắn gọn, ngắn ngủi","brevity, briefness",missing_words_analyzed+new_combinations
bring,Đã có trong MorphLink,1,to take or carry something to a place or person,"mang đến, đem đến",upbringing,missing_words_analyzed
broad,Đã có trong MorphLink,2,wide in extent or scope,"rộng, rộng lớn","broadband, broadcaster",missing_words_analyzed+new_combinations
brown,Đã có trong MorphLink,2,"a color produced by mixing red, yellow, and black, like coffee or soil",màu nâu,"brownie, brownout",missing_words_analyzed+new_combinations
brush,Đã có trong MorphLink,1,"a tool with bristles used for cleaning, painting, or grooming","cái bàn chải, cây cọ",underbrush,new_combinations
buck,Đã có trong MorphLink,1,a male deer or similar animal; informal term for a dollar,con hươu đực; đô la (thông tục),roebuck,missing_words_analyzed
build,Đã có trong MorphLink,2,to construct something by putting parts or materials together,xây dựng,"building, buildup",missing_words_analyzed
burden,Đã có trong MorphLink,1,"a heavy load, either physical or figurative, that is difficult to carry or bear",gánh nặng,overburden,new_combinations
burn,Đã có trong MorphLink,4,to be on fire or destroy something with fire; damage caused by heat,"cháy, đốt; vết bỏng","burnish, burnous, burnout, windburn",missing_words_analyzed+new_combinations
business,Đã có trong MorphLink,2,a person's or organization's commercial activity or trade,công việc kinh doanh,"businessman, businessmen",missing_words_analyzed
busy,Đã có trong MorphLink,1,having a great deal to do; occupied with activity,bận rộn,busywork,new_combinations
by,Đã có trong MorphLink,2,"indicating the agent, means, or proximity of something","bởi, bằng, gần (giới từ)","nearby, standby",missing_words_analyzed
call,Đã có trong MorphLink,3,to speak loudly to attract attention; to contact someone by phone; to name,"gọi, kêu gọi; gọi điện; đặt tên","callable, callous, callus",new_combinations
camera,Đã có trong MorphLink,1,a device used to take photographs or record video,"máy ảnh, máy quay",camerawoman,new_combinations
camp,Đã có trong MorphLink,1,"a place with temporary accommodations, typically tents, for outdoor activities","trại, cắm trại",campus,new_combinations
can,Đã có trong MorphLink,2,to be able to; also a sealed metal container for food or drink,"có thể; hộp thiếc, lon","cannery, cannot",missing_words_analyzed
cancel,Đã có trong MorphLink,1,to decide that a planned event will not happen; to call off,hủy bỏ,cancelling,new_combinations
cancer,Đã có trong MorphLink,1,a disease in which abnormal cells divide uncontrollably and damage the body,bệnh ung thư,cancerous,new_combinations
canvas,Đã có trong MorphLink,2,"a strong, coarse cloth used for making sails, tents, and for painting on","vải bạt, vải canvas","canvasback, canvassing",new_combinations
capable,Đã có trong MorphLink,2,having the ability or qualities necessary to do something,có khả năng,"capability, incapable",missing_words_analyzed+new_combinations
carbon,Đã có trong MorphLink,1,a chemical element (symbol C) found in all living things and in materials like coal and diamond,cacbon,carbonated,new_combinations
card,Đã có trong MorphLink,3,"a small piece of stiff paper or plastic, used for information, identification, or games","thẻ, tấm thiệp","cardboard, cardiac, postcard",missing_words_analyzed+new_combinations
care,Đã có trong MorphLink,6+,the provision of what is necessary for health and wellbeing; concern or attention,"sự chăm sóc, sự quan tâm","carefully, caregiver, carelessly, carelessness, childcare, healthcare",missing_words_analyzed+new_combinations
carry,Đã có trong MorphLink,1,to support and move something from one place to another,"mang, vác, mang theo",carrion,new_combinations
case,Đã có trong MorphLink,3,an instance or example of something; a container for holding an object; a matter under investigation,trường hợp; hộp đựng; vụ việc,"caseload, showcase, staircase",missing_words_analyzed+new_combinations
cash,Đã có trong MorphLink,3,money in the form of coins or banknotes,tiền mặt,"cashback, cashier, cashmere",missing_words_analyzed+new_combinations
cast,Đã có trong MorphLink,6+,to throw something with force; the group of actors in a play or film,"ném, quăng; dàn diễn viên","broadcast, broadcaster, castor, castrate, downcast, overcast",missing_words_analyzed+new_combinations
castle,Đã có trong MorphLink,1,"a large fortified building, typically of medieval origin",lâu đài,sandcastle,new_combinations
casual,Đã có trong MorphLink,2,relaxed and informal in manner or dress; happening by chance,"bình thường, thoải mái (không trang trọng)","casually, casualty",missing_words_analyzed+new_combinations
cat,Đã có trong MorphLink,1,a small domesticated carnivorous mammal often kept as a pet,con mèo,copycat,missing_words_analyzed
catch,Đã có trong MorphLink,1,"to seize or capture something moving, such as a ball","bắt, chụp",catchy,missing_words_analyzed
cause,Đã có trong MorphLink,4,"a person, thing, or event that produces an effect or result",nguyên nhân,"because, causally, causation, causeless",missing_words_analyzed+new_combinations
cease,Đã có trong MorphLink,5,to stop happening or existing; to bring to an end,"ngừng, chấm dứt","ceasefire, ceaseless, ceaselessly, decease, surcease",new_combinations
cell,Đã có trong MorphLink,3,"the smallest structural unit of a living organism; a small enclosed room, as in a prison",tế bào; phòng giam,"cellist, cellular, excellence",missing_words_analyzed+new_combinations
ceremony,Đã có trong MorphLink,2,a formal event held to mark an important occasion,"buổi lễ, nghi lễ","ceremonially, ceremonious",new_combinations
certain,Đã có trong MorphLink,3,known for sure; having no doubt,chắc chắn,"ascertain, certainty, uncertainty",missing_words_analyzed
chain,Đã có trong MorphLink,1,a series of connected metal rings or links,"sợi xích, dây chuyền",blockchain,new_combinations
chair,Đã có trong MorphLink,2,"a seat for one person, typically with a back and four legs",cái ghế,"armchair, wheelchair",missing_words_analyzed
challenge,Đã có trong MorphLink,1,a task or situation that tests someone's abilities; to question or dispute,thử thách; thách thức,unchallenged,missing_words_analyzed
champion,Đã có trong MorphLink,1,a person who has won a competition or contest,nhà vô địch,championship,new_combinations
change,Đã có trong MorphLink,6+,to make or become different; the act of altering something,thay đổi,"changeable, changeover, exchangeable, shortchange, unchanged, unchanging",missing_words_analyzed+new_combinations
channel,Đã có trong MorphLink,1,a means of communication or transmission; a specific broadcast frequency,"kênh (truyền hình, thông tin)",channelling,new_combinations
character,Đã có trong MorphLink,1,the mental and moral qualities of a person; a person in a story,tính cách; nhân vật,characteristic,missing_words_analyzed
charge,Đã có trong MorphLink,4,to ask an amount of money as a price; to accuse formally; electrical energy stored,tính phí; buộc tội; sạc điện,"chargeable, overcharge, rechargeable, undercharge",new_combinations
chart,Đã có trong MorphLink,3,a diagram or graph that displays information,biểu đồ,"charter, flowchart, uncharted",missing_words_analyzed+new_combinations
check,Đã có trong MorphLink,6+,to examine something to determine its accuracy or condition,kiểm tra,"checkout, checkpoint, checkroom, checkup, paycheck, unchecked",missing_words_analyzed+new_combinations
cheek,Đã có trong MorphLink,1,the side of the face below the eye,má,cheekbone,missing_words_analyzed
cheer,Đã có trong MorphLink,3,a shout of encouragement or approval; to make someone feel happier,sự cổ vũ; làm vui lên,"cheerless, cheerlessly, cheerlessness",new_combinations
chief,Đã có trong MorphLink,3,the leader or head of a group or organization; most important,"thủ lĩnh; chính, quan trọng nhất","chiefer, chiefest, mischief",new_combinations
child,Đã có trong MorphLink,6+,a young human being below the age of full physical development,đứa trẻ,"childbirth, childcare, childless, childproof, grandchild, schoolchildren",missing_words_analyzed+new_combinations
chip,Đã có trong MorphLink,2,a small piece broken off something; a small electronic circuit,mảnh vụn; con chip điện tử,"chipper, microchip",new_combinations
cinema,Đã có trong MorphLink,1,a theater where films are shown; the film industry in general,"rạp chiếu phim, điện ảnh",cinematic,missing_words_analyzed
circle,Đã có trong MorphLink,1,a round plane figure with all points equidistant from the center,hình tròn,circlet,new_combinations
circuit,Đã có trong MorphLink,2,a closed path through which an electric current flows; a circular route,mạch điện; lộ trình vòng quanh,"circuitous, circuitry",missing_words_analyzed+new_combinations
cite,Đã có trong MorphLink,2,to quote or refer to as evidence or example,trích dẫn,"citation, excite",missing_words_analyzed+new_combinations
citizen,Đã có trong MorphLink,1,a legally recognized member of a state or nation,công dân,citizenship,new_combinations
civil,Đã có trong MorphLink,1,relating to ordinary citizens as opposed to the military; polite,dân sự; lịch sự,civilly,new_combinations
claim,Đã có trong MorphLink,1,to state that something is true; to formally request something one believes is owed,"tuyên bố, yêu cầu",acclaim,missing_words_analyzed
class,Đã có trong MorphLink,5,a group of students taught together; a category or set sharing characteristics,"lớp học; hạng, loại","classical, classics, classless, subclass, underclass",missing_words_analyzed+new_combinations
clean,Đã có trong MorphLink,5,free from dirt or impurities; to make something free of dirt,sạch; làm sạch,"cleanliness, cleanse, cleansing, cleanup, houseclean",missing_words_analyzed+new_combinations
clinic,Đã có trong MorphLink,2,"a facility where medical treatment or advice is given, often on an outpatient basis",phòng khám,"clinically, clinician",new_combinations
clock,Đã có trong MorphLink,3,an instrument that shows and measures time,đồng hồ,"anticlockwise, clockwise, overclock",new_combinations
close,Đã có trong MorphLink,3,to shut something; near in space or time,đóng lại; gần,"closet, inclose, undisclosed",missing_words_analyzed+new_combinations
cloth,Đã có trong MorphLink,1,woven or felted fabric made from fibers,vải,clothe,missing_words_analyzed
cloud,Đã có trong MorphLink,2,a visible mass of condensed water vapor floating in the sky,đám mây,"cloudless, cloudy",missing_words_analyzed+new_combinations
clue,Đã có trong MorphLink,1,a piece of evidence or information that helps solve a problem or mystery,manh mối,clueless,new_combinations
coat,Đã có trong MorphLink,4,an outer garment worn for warmth; a covering layer,áo khoác; lớp phủ,"overcoat, sugarcoat, tailcoat, undercoat",new_combinations
code,Đã có trong MorphLink,4,a system of symbols or rules used to represent information or instructions,"mã, mật mã","codeine, encoders, microcode, postcode",missing_words_analyzed+new_combinations
collect,Đã có trong MorphLink,4,to gather things together from different places,"thu thập, sưu tầm","collectable, collectively, recollect, uncollected",missing_words_analyzed+new_combinations
college,Đã có trong MorphLink,1,an institution of higher education,"trường cao đẳng, đại học",collegian,new_combinations
color,Đã có trong MorphLink,3,"the property of an object producing different sensations on the eye, such as red or blue",màu sắc,"colorblind, colorless, tricolor",new_combinations
combine,Đã có trong MorphLink,2,to join or merge two or more things together,kết hợp,"combination, recombine",missing_words_analyzed+new_combinations
come,Đã có trong MorphLink,6+,to move or travel toward the speaker or a specified place,"đến, tới","become, comeback, forthcoming, incoming, overcome, upcoming",missing_words_analyzed+new_combinations
comedy,Đã có trong MorphLink,1,a form of entertainment intended to be humorous and amusing,hài kịch,comedian,missing_words_analyzed
comfort,Đã có trong MorphLink,3,a state of physical ease and freedom from pain or constraint,"sự thoải mái, sự an ủi","comfortable, uncomfortable, uncomfortably",missing_words_analyzed+new_combinations
comic,Đã có trong MorphLink,1,causing laughter or amusement; relating to comedy,"hài hước, buồn cười",comically,new_combinations
command,Đã có trong MorphLink,1,an authoritative order; to have authority over,mệnh lệnh; chỉ huy,commandant,new_combinations
comment,Đã có trong MorphLink,3,a spoken or written remark expressing an opinion,"bình luận, nhận xét","commentary, commentated, commentator",missing_words_analyzed+new_combinations
commerce,Đã có trong MorphLink,1,the activity of buying and selling goods and services,thương mại,commercial,missing_words_analyzed
commit,Đã có trong MorphLink,2,to carry out or perpetrate an act; to pledge oneself to a course of action,"cam kết, thực hiện","committee, uncommitted",missing_words_analyzed+new_combinations
compare,Đã có trong MorphLink,3,to examine the similarities or differences between two or more things,so sánh,"comparative, comparatively, comparison",missing_words_analyzed
compel,Đã có trong MorphLink,1,to force or oblige someone to do something,"buộc, ép buộc",compelling,new_combinations
compensate,Đã có trong MorphLink,2,"to give something, typically money, to make up for loss or harm","bồi thường, đền bù","overcompensate, overcompensation",new_combinations
compete,Đã có trong MorphLink,6+,to strive to gain or win something by defeating others,"cạnh tranh, thi đấu","competence, competently, competition, competitive, competitiveness, competitor",missing_words_analyzed
compile,Đã có trong MorphLink,1,to gather information from different sources into one document; to convert program code into machine-executable form,"biên soạn, tổng hợp; biên dịch (lập trình)",recompile,new_combinations
complain,Đã có trong MorphLink,2,to express dissatisfaction or annoyance about something,"phàn nàn, than phiền","complaint, uncomplaining",missing_words_analyzed
complete,Đã có trong MorphLink,3,having all necessary parts; finished,"hoàn thành, đầy đủ","completer, completest, incomplete",new_combinations
comply,Đã có trong MorphLink,1,to act in accordance with a rule or request,tuân thủ,compliment,new_combinations
compute,Đã có trong MorphLink,1,"to calculate or determine something mathematically, especially using a computer",tính toán,computational,missing_words_analyzed
condition,Đã có trong MorphLink,3,"the state of something, especially with regard to its appearance or working order; a requirement","điều kiện, tình trạng","conditionally, conditionals, unconditionally",missing_words_analyzed+new_combinations
confer,Đã có trong MorphLink,2,to have discussions to exchange opinions; to grant or bestow,"hội ý, thảo luận; trao tặng","conferrer, conferring",new_combinations
confuse,Đã có trong MorphLink,1,to make someone unable to think clearly or understand something,"làm bối rối, gây nhầm lẫn",confuser,new_combinations
connect,Đã có trong MorphLink,5,to join or link two or more things together,kết nối,"connecter, connectivity, connector, reconnect, unconnected",missing_words_analyzed+new_combinations
conquer,Đã có trong MorphLink,1,to overcome and take control of a place or people by force,"chinh phục, chiếm được",reconquer,new_combinations
conscious,Đã có trong MorphLink,1,aware of and responding to one's surroundings; awake,"có ý thức, tỉnh táo",semiconscious,new_combinations
consider,Đã có trong MorphLink,4,to think carefully about something before making a decision,"xem xét, cân nhắc","considerable, considerably, consideration, inconsiderable",missing_words_analyzed+new_combinations
constant,Đã có trong MorphLink,2,occurring continuously over time without change,"liên tục, bất biến","constancy, inconstant",missing_words_analyzed+new_combinations
consult,Đã có trong MorphLink,1,to seek information or advice from someone,"tham khảo, hỏi ý kiến",consultation,missing_words_analyzed
content,Đã có trong MorphLink,2,"the material or ideas contained within something, such as a book or webpage; satisfied",nội dung; hài lòng,"contention, contentious",new_combinations
continue,Đã có trong MorphLink,4,to persist in an activity or process without stopping,tiếp tục,"continually, continuation, continuous, continuously",missing_words_analyzed+new_combinations
contract,Đã có trong MorphLink,2,a legally binding agreement between parties; to become smaller,hợp đồng; co lại,"contractile, contractual",missing_words_analyzed+new_combinations
control,Đã có trong MorphLink,3,the power to influence or direct behavior or the course of events,"kiểm soát, điều khiển","controlling, uncontrollably, uncontrolled",missing_words_analyzed+new_combinations
convenience,Đã có trong MorphLink,1,"the quality of being useful, easy, or suitable for one's needs",sự tiện lợi,inconvenience,new_combinations
convenient,Đã có trong MorphLink,1,"fitting in well with a person's needs, saving trouble or effort",tiện lợi,inconvenient,new_combinations
convention,Đã có trong MorphLink,2,a formal meeting for a particular purpose; an accepted way of doing something,hội nghị; quy ước,"conventionally, unconventionally",new_combinations
convince,Đã có trong MorphLink,2,to persuade someone that something is true or that they should do something,thuyết phục,"convincingly, unconvinced",missing_words_analyzed
cook,Đã có trong MorphLink,3,to prepare food by heating it,nấu ăn,"cookery, cookie, overcook",missing_words_analyzed+new_combinations
cool,Đã có trong MorphLink,1,"slightly cold, or not warm; also fashionable or calm","mát mẻ; ngầu, bình tĩnh",coolie,new_combinations
copy,Đã có trong MorphLink,3,"a reproduction of an original, or to make such a reproduction",bản sao; sao chép,"copious, copycat, copyleft",missing_words_analyzed+new_combinations
core,Đã có trong MorphLink,2,the central or most important part of something,"lõi, phần cốt lõi","coral, encore",new_combinations
corner,Đã có trong MorphLink,1,"the point where two lines, edges, or walls meet",góc,cornerstone,missing_words_analyzed
correct,Đã có trong MorphLink,5,"free from error; accurate, or to make something accurate","đúng, chính xác; sửa cho đúng","correctable, correcter, correctest, corrector, incorrect",new_combinations
cost,Đã có trong MorphLink,1,the amount of money needed to buy or do something,"chi phí, giá",costar,new_combinations
count,Đã có trong MorphLink,5,to determine the total number of something by adding one by one,đếm,"countable, countdown, counter, countless, uncountable",missing_words_analyzed+new_combinations
counter,Đã có trong MorphLink,2,"a long flat surface for transactions, or something that opposes/counts",quầy; vật đếm/đối kháng,"counterculture, counterexample",new_combinations
courage,Đã có trong MorphLink,1,"the ability to face fear, danger, or difficulty without backing down",lòng dũng cảm,courageous,new_combinations
course,Đã có trong MorphLink,3,"a direction taken, a series of lessons, or a part of a meal",hướng đi; khóa học; món ăn,"discourse, recourse, watercourse",missing_words_analyzed+new_combinations
court,Đã có trong MorphLink,2,"a place where legal cases are decided, or an area for playing a sport",tòa án; sân (thể thao),"courteous, courtship",missing_words_analyzed+new_combinations
cover,Đã có trong MorphLink,3,to place something over another thing to protect or hide it,"che, phủ, bao phủ","discover, discovery, undercover",missing_words_analyzed+new_combinations
crack,Đã có trong MorphLink,3,"a narrow break or split in something, or to break it that way",vết nứt; làm nứt,"crackdown, crackling, crackly",missing_words_analyzed+new_combinations
craft,Đã có trong MorphLink,5,"a skill in making things by hand, or an activity requiring such skill","nghề thủ công, kỹ năng","aircraft, craftsman, craftsmanship, handicraft, watercraft",missing_words_analyzed+new_combinations
create,Đã có trong MorphLink,3,to bring something new into existence,"tạo ra, sáng tạo","creatively, creatives, creature",missing_words_analyzed+new_combinations
credit,Đã có trong MorphLink,2,"trust in someone's ability to pay, or recognition for an achievement","tín dụng; sự công nhận, ghi công","creditable, discreditable",new_combinations
critic,Đã có trong MorphLink,4,"a person who judges or evaluates the quality of something, especially art",nhà phê bình,"critically, diacritic, hypercritically, hypocritically",new_combinations
cross,Đã có trong MorphLink,6+,"to go from one side to the other, or an X-shaped mark or symbol",băng qua; dấu thập,"crossbeam, crossbreed, crosscheck, crossfire, crossing, crossover",missing_words_analyzed+new_combinations
crowd,Đã có trong MorphLink,2,a large group of people gathered together,đám đông,"crowdfund, overcrowd",new_combinations
crude,Đã có trong MorphLink,1,"in a natural or raw state; not refined or unprocessed, or rough/rude","thô, chưa qua chế biến; thô lỗ",crudeness,new_combinations
cruel,Đã có trong MorphLink,1,causing pain or suffering to others deliberately and without feeling,"tàn nhẫn, độc ác",cruelty,missing_words_analyzed
crystal,Đã có trong MorphLink,1,"a clear, transparent mineral or glass, or a solid with an ordered structure",tinh thể; pha lê,crystalline,new_combinations
cult,Đã có trong MorphLink,1,a system of religious devotion to a particular figure or object,giáo phái,culture,new_combinations
culture,Đã có trong MorphLink,5,"the customs, arts, and beliefs of a particular society or group",văn hóa,"agriculture, aquaculture, counterculture, culturally, subculture",missing_words_analyzed+new_combinations
cup,Đã có trong MorphLink,1,a small container used for drinking liquids,"cái cốc, tách",cupboard,missing_words_analyzed
cure,Đã có trong MorphLink,6+,"a treatment that ends an illness, or to restore someone to health",phương thuốc; chữa khỏi,"curate, curer, curie, curious, epicure, procure",new_combinations
curious,Đã có trong MorphLink,2,eager to learn or know more about something,tò mò,"curiosity, incurious",missing_words_analyzed+new_combinations
current,Đã có trong MorphLink,2,"happening now, or a flow of water, air, or electricity","hiện tại; dòng chảy, dòng điện","recurrent, undercurrent",new_combinations
custom,Đã có trong MorphLink,3,a traditional practice followed by a particular group or society,"phong tục, tập quán","accustom, customary, customize",missing_words_analyzed+new_combinations
cut,Đã có trong MorphLink,4,to open or divide something with a sharp tool,cắt,"cutoff, haircut, shortcut, woodcut",missing_words_analyzed
cycle,Đã có trong MorphLink,2,"a series of events that repeats regularly, or a bicycle",chu kỳ; xe đạp,"megacycle, unicycle",new_combinations
damage,Đã có trong MorphLink,1,harm that reduces the value or usefulness of something,"thiệt hại, hư hại",undamaged,missing_words_analyzed
danger,Đã có trong MorphLink,2,the possibility of suffering harm or injury,nguy hiểm,"dangerous, dangerously",missing_words_analyzed+new_combinations
date,Đã có trong MorphLink,5,"a specific day of the calendar, or a romantic outing",ngày tháng; buổi hẹn hò,"backdate, dative, outdated, postdate, predate",missing_words_analyzed+new_combinations
daughter,Đã có trong MorphLink,2,a person's female child,con gái,"goddaughter, granddaughter",missing_words_analyzed+new_combinations
day,Đã có trong MorphLink,6+,"a period of 24 hours, or the time when it is light outside","ngày, ban ngày","daydream, daylight, everyday, holiday, today, weekday",missing_words_analyzed
dead,Đã có trong MorphLink,1,no longer alive,"chết, đã chết",deadbeat,new_combinations
deal,Đã có trong MorphLink,1,"an agreement between two parties, or to distribute or handle something","thỏa thuận; xử lý, chia bài",dealing,missing_words_analyzed
dear,Đã có trong MorphLink,1,"much loved, or used to address someone affectionately","thân yêu, thân mến",dearth,new_combinations
death,Đã có trong MorphLink,2,the end of life; the state of being dead,cái chết,"deathless, deathtrap",new_combinations
decent,Đã có trong MorphLink,2,"satisfactory, respectable, or morally acceptable","tử tế, đứng đắn","decency, indecent",missing_words_analyzed+new_combinations
decide,Đã có trong MorphLink,1,to make a choice after considering the options,quyết định,decisive,missing_words_analyzed
deck,Đã có trong MorphLink,1,"the floor of a ship or a flat outdoor platform, or a set of cards","boong tàu, sàn gỗ; bộ bài",deckhand,new_combinations
deed,Đã có trong MorphLink,1,"an action that is performed, especially a notable one","hành động, việc làm",indeed,new_combinations
deep,Đã có trong MorphLink,2,extending far down or in from a surface,sâu,"deepfake, depth",missing_words_analyzed+new_combinations
define,Đã có trong MorphLink,3,to state the exact meaning of a word or to determine the nature of something,định nghĩa,"definer, definition, predefined",missing_words_analyzed+new_combinations
defy,Đã có trong MorphLink,1,to openly resist or refuse to obey,"thách thức, bất chấp",defiling,new_combinations
deliver,Đã có trong MorphLink,1,to bring goods or a message to the intended recipient,"giao hàng, chuyển đến",delivery,missing_words_analyzed
dense,Đã có trong MorphLink,2,having parts closely packed together; thick or crowded,"dày đặc, đậm đặc","condensation, condense",missing_words_analyzed
deny,Đã có trong MorphLink,2,"to state that something is not true, or to refuse to give something","phủ nhận, từ chối","denier, undeniably",missing_words_analyzed+new_combinations
depart,Đã có trong MorphLink,4,"to leave a place, especially to start a journey","khởi hành, rời đi","department, departmental, departmentalize, interdepartmental",new_combinations
descend,Đã có trong MorphLink,1,to move or go downward,"đi xuống, hạ xuống",descender,new_combinations
design,Đã có trong MorphLink,2,a plan or drawing for how something should look or work,thiết kế,"designated, redesign",new_combinations
desire,Đã có trong MorphLink,1,a strong wish for something,"khao khát, mong muốn",desirous,new_combinations
detect,Đã có trong MorphLink,3,to discover or notice the presence of something,phát hiện,"detectable, undetectable, undetected",missing_words_analyzed+new_combinations
determine,Đã có trong MorphLink,1,to establish something firmly by investigation or decision,"xác định, quyết định",determination,missing_words_analyzed
develop,Đã có trong MorphLink,2,to grow or cause to grow and become more advanced,phát triển,"developmental, undeveloped",missing_words_analyzed+new_combinations
devil,Đã có trong MorphLink,1,"an evil spirit; a demon, often the personification of evil","quỷ, ác quỷ",devilling,new_combinations
diet,Đã có trong MorphLink,1,"the food a person or animal regularly eats, or a controlled eating plan",chế độ ăn,dietary,missing_words_analyzed
differ,Đã có trong MorphLink,3,to be unlike or disagree with something or someone else,"khác nhau, bất đồng","difference, different, differently",missing_words_analyzed
difficult,Đã có trong MorphLink,1,"needing much effort or skill to accomplish, deal with, or understand",khó khăn,difficulty,missing_words_analyzed
dimension,Đã có trong MorphLink,1,"a measurable extent, such as length, width, or height","chiều, kích thước",dimensionless,new_combinations
direct,Đã có trong MorphLink,3,"going straight to a place without stopping, or to guide or manage something","trực tiếp; chỉ đạo, điều khiển","directer, directest, indirect",new_combinations
dirt,Đã có trong MorphLink,1,"unclean matter such as dust, mud, or soil","bụi bẩn, đất bẩn",dirty,missing_words_analyzed
disaster,Đã có trong MorphLink,1,a sudden event causing great damage or suffering,thảm họa,disastrous,missing_words_analyzed
discipline,Đã có trong MorphLink,1,training that produces self-control or obedience to rules,kỷ luật,undisciplined,missing_words_analyzed
discover,Đã có trong MorphLink,1,"to find something for the first time, or become aware of it","khám phá, phát hiện",undiscovered,missing_words_analyzed
disk,Đã có trong MorphLink,1,"a flat, thin, round object, or a computer storage device",đĩa,diskette,new_combinations
distinct,Đã có trong MorphLink,4,clearly different or separate from something else,"riêng biệt, khác biệt rõ ràng","distincter, distinctest, distinctiveness, indistinct",missing_words_analyzed+new_combinations
distinguish,Đã có trong MorphLink,2,to recognize a difference between two things,phân biệt,"distinguishable, indistinguishable",new_combinations
disturb,Đã có trong MorphLink,1,to interrupt or interfere with someone's peace or activity,"làm phiền, quấy rầy",undisturbed,missing_words_analyzed
dive,Đã có trong MorphLink,4,to plunge headfirst into water or downward through the air,"lặn, lao xuống","divest, divine, endive, skydive",missing_words_analyzed+new_combinations
diverse,Đã có trong MorphLink,1,showing a great deal of variety; very different from one another,đa dạng,biodiversity,missing_words_analyzed
divide,Đã có trong MorphLink,2,to separate something into parts,"chia, phân chia","dividend, division",missing_words_analyzed
divine,Đã có trong MorphLink,2,relating to or coming from God or a god,"thần thánh, thiêng liêng","divination, divinest",missing_words_analyzed+new_combinations
do,Đã có trong MorphLink,2,to perform or carry out an action,làm,"undo, wrongdoer",missing_words_analyzed
document,Đã có trong MorphLink,2,a written or printed record that provides information or evidence,"tài liệu, văn bản","documentary, undocumented",missing_words_analyzed
domestic,Đã có trong MorphLink,2,"relating to the home or one's own country, as opposed to abroad","trong nước, thuộc về gia đình","domestically, domesticated",new_combinations
door,Đã có trong MorphLink,2,a movable barrier used to open and close an entrance,cửa,"doorstep, doorway",missing_words_analyzed
dose,Đã có trong MorphLink,1,a measured quantity of a medicine to be taken at one time,liều lượng,overdose,new_combinations
double,Đã có trong MorphLink,1,twice as much or as many; consisting of two matching parts,"gấp đôi, đôi",doublet,new_combinations
doubt,Đã có trong MorphLink,4,a feeling of uncertainty about something,sự nghi ngờ,"doubtless, doubtlessly, redoubt, undoubtedly",missing_words_analyzed+new_combinations
down,Đã có trong MorphLink,6+,toward a lower place or position,xuống,"breakdown, crackdown, downbeat, downcast, downfall, shutdown",missing_words_analyzed+new_combinations
draft,Đã có trong MorphLink,3,"an early version of a piece of writing, or a current of air",bản nháp; luồng gió,"overdraft, redraft, updraft",new_combinations
drag,Đã có trong MorphLink,1,to pull something along a surface with effort,kéo lê,dragon,new_combinations
drain,Đã có trong MorphLink,1,"a pipe or channel that carries away liquid waste, or to remove liquid gradually","cống, rãnh thoát nước; làm cạn",drainer,new_combinations
drama,Đã có trong MorphLink,2,"a play for theatre or television, or an exciting/emotional situation","kịch, drama; sự kịch tính","dramatic, dramatically",missing_words_analyzed
draw,Đã có trong MorphLink,6+,"to make a picture using lines, or to pull something toward oneself",vẽ; kéo,"drawback, drawbridge, redrawing, redrawn, withdraw, withdrawal",missing_words_analyzed+new_combinations
dream,Đã có trong MorphLink,2,"a series of images experienced during sleep, or a strong hope or ambition",giấc mơ; ước mơ,"daydream, dreamless",missing_words_analyzed+new_combinations
dress,Đã có trong MorphLink,3,"a one-piece garment for a woman or girl, or to put on clothes",váy đầm; mặc quần áo,"dressage, overdress, redress",new_combinations
drift,Đã có trong MorphLink,1,to be carried slowly by a current of air or water,trôi dạt,adrift,missing_words_analyzed
drink,Đã có trong MorphLink,1,to take liquid into the mouth and swallow it,uống,drinkable,new_combinations
drive,Đã có trong MorphLink,3,to operate and control a vehicle,lái xe,"driveling, driven, overdrive",new_combinations
drop,Đã có trong MorphLink,3,to fall or let fall; a small amount of liquid,"rơi, rớt; giọt","backdrop, raindrop, snowdrop",missing_words_analyzed+new_combinations
drug,Đã có trong MorphLink,1,a medicine or other substance that has a physiological effect when taken,"thuốc, dược phẩm",drugstore,missing_words_analyzed
due,Đã có trong MorphLink,1,expected or owed at a particular time,"đến hạn, đáng phải",unduly,missing_words_analyzed
dumb,Đã có trong MorphLink,1,"unable to speak, or informally, stupid",câm; ngu ngốc,dumbbell,missing_words_analyzed
dump,Đã có trong MorphLink,1,"to drop or discard something carelessly, or a place for waste","đổ, vứt bỏ; bãi rác",dumpster,new_combinations
dust,Đã có trong MorphLink,3,fine dry particles of matter that settle on surfaces,bụi,"dustless, dusty, sawdust",missing_words_analyzed+new_combinations
dynamic,Đã có trong MorphLink,2,"characterized by constant change, activity, or energy",năng động,"aerodynamically, dynamically",missing_words_analyzed+new_combinations
eager,Đã có trong MorphLink,1,very keen or enthusiastic to do or have something,háo hức,overeager,new_combinations
ear,Đã có trong MorphLink,1,the organ used for hearing,tai,earphone,missing_words_analyzed
earn,Đã có trong MorphLink,3,to receive money or reward in return for work or effort,kiếm được,"earnest, earnings, unearned",missing_words_analyzed+new_combinations
earth,Đã có trong MorphLink,1,"the planet on which we live, or soil",trái đất; đất,earthward,new_combinations
ease,Đã có trong MorphLink,1,freedom from difficulty or effort; comfort,"sự dễ dàng, thoải mái",disease,new_combinations
east,Đã có trong MorphLink,3,the direction toward which the sun rises,phía đông,"eastman, eastward, southeast",missing_words_analyzed+new_combinations
eat,Đã có trong MorphLink,1,to put food into the mouth and swallow it,ăn,eatery,missing_words_analyzed
edge,Đã có trong MorphLink,2,the outer boundary or line where something ends,"cạnh, mép, rìa","edgewise, straightedge",new_combinations
edit,Đã có trong MorphLink,2,to prepare written material by correcting or improving it,"biên tập, chỉnh sửa","editable, unedited",missing_words_analyzed+new_combinations
efficiency,Đã có trong MorphLink,1,the state of achieving results with minimum wasted effort or resources,"hiệu quả, hiệu suất",inefficiency,new_combinations
efficient,Đã có trong MorphLink,2,achieving maximum productivity with minimum wasted effort or resources,hiệu quả,"coefficient, inefficient",new_combinations
effort,Đã có trong MorphLink,2,physical or mental energy exerted to achieve a goal,nỗ lực,"effortless, effortlessly",missing_words_analyzed+new_combinations
eight,Đã có trong MorphLink,1,the number 8,số tám,eighty,missing_words_analyzed
elegant,Đã có trong MorphLink,2,graceful and stylish in appearance or manner,"thanh lịch, tao nhã","elegance, inelegant",missing_words_analyzed+new_combinations
element,Đã có trong MorphLink,1,one of the basic parts or components of something,"yếu tố, thành phần",elementary,missing_words_analyzed
emphasize,Đã có trong MorphLink,2,to give special importance or attention to something,nhấn mạnh,"overemphasize, reemphasize",new_combinations
employ,Đã có trong MorphLink,3,"to give someone paid work, or to make use of something","thuê, sử dụng lao động","employable, unemployable, unemployed",missing_words_analyzed+new_combinations
empty,Đã có trong MorphLink,1,containing nothing; not filled or occupied,trống rỗng,nonempty,new_combinations
end,Đã có trong MorphLink,4,the final part or point of something,"kết thúc, đầu cuối","ending, endlessly, unending, weekend",missing_words_analyzed
endorse,Đã có trong MorphLink,1,"to publicly declare support for something, or to sign a document approving it","chứng thực, ủng hộ",endorser,new_combinations
engine,Đã có trong MorphLink,1,a machine that converts energy into mechanical motion,"động cơ, máy",engineer,new_combinations
enhance,Đã có trong MorphLink,1,to increase or improve the quality or value of something,"nâng cao, tăng cường",enhancer,new_combinations
enter,Đã có trong MorphLink,1,to come or go into a place,"vào, đi vào",entrance,missing_words_analyzed
entire,Đã có trong MorphLink,1,"whole; complete, with no part left out","toàn bộ, nguyên vẹn",entirety,missing_words_analyzed
entrepreneur,Đã có trong MorphLink,1,"a person who organizes and operates a business, taking on financial risk","doanh nhân, người khởi nghiệp",entrepreneurial,missing_words_analyzed
erect,Đã có trong MorphLink,1,"upright and rigid, or to build something by putting parts together",dựng đứng; xây dựng,erectile,new_combinations
escalate,Đã có trong MorphLink,1,to increase rapidly in intensity or extent,leo thang,deescalate,new_combinations
ethic,Đã có trong MorphLink,1,a moral principle that governs a person's behavior,đạo đức,ethically,new_combinations
even,Đã có trong MorphLink,5,"flat and level, or equal; also used to add emphasis","bằng phẳng, đều; ngay cả","evener, evenest, evening, evenness, eventide",missing_words_analyzed+new_combinations
event,Đã có trong MorphLink,1,"a thing that happens, especially one of significance",sự kiện,nonevent,new_combinations
ever,Đã có trong MorphLink,2,at any time,"bao giờ, từng","forever, however",missing_words_analyzed
every,Đã có trong MorphLink,4,used to refer to all the individual members of a group without exception,"mỗi, mọi","everyday, everyone, everything, everywhere",missing_words_analyzed
evil,Đã có trong MorphLink,3,deeply immoral and harmful; wicked,"xấu xa, độc ác","eviler, evilest, evilly",new_combinations
exact,Đã có trong MorphLink,3,precisely correct or accurate in every detail,chính xác,"exacter, exactest, inexact",new_combinations
examine,Đã có trong MorphLink,1,to inspect something closely in order to determine its condition,"kiểm tra, xem xét",examination,missing_words_analyzed
example,Đã có trong MorphLink,1,a thing that illustrates a general rule or type,ví dụ,counterexample,new_combinations
excite,Đã có trong MorphLink,1,to cause strong feelings of enthusiasm or eagerness in someone,"kích thích, làm hào hứng",excitability,missing_words_analyzed
execute,Đã có trong MorphLink,1,to carry out or put into effect a plan or task,"thực thi, thực hiện",executable,new_combinations
exist,Đã có trong MorphLink,3,to have real being; to be present or alive,tồn tại,"existent, existential, preexist",missing_words_analyzed+new_combinations
expand,Đã có trong MorphLink,2,"to increase in size, number, or extent",mở rộng,"expandable, expansion",missing_words_analyzed+new_combinations
expect,Đã có trong MorphLink,4,to regard something as likely to happen,"mong đợi, kỳ vọng","expectancy, expectation, unexpected, unexpectedly",missing_words_analyzed+new_combinations
experience,Đã có trong MorphLink,2,knowledge or skill gained by doing or observing something over time,"kinh nghiệm, trải nghiệm","inexperience, inexperienced",missing_words_analyzed+new_combinations
experiment,Đã có trong MorphLink,1,a scientific test conducted to discover or demonstrate something,thí nghiệm,experimentally,new_combinations
expert,Đã có trong MorphLink,2,a person with extensive knowledge or skill in a particular field,chuyên gia,"expertise, inexpert",missing_words_analyzed+new_combinations
expire,Đã có trong MorphLink,1,to come to an end; to no longer be valid,hết hạn,expiry,missing_words_analyzed
explain,Đã có trong MorphLink,1,to make an idea or situation clear by describing it in detail,giải thích,unexplained,missing_words_analyzed
exploit,Đã có trong MorphLink,1,"to make full use of something, sometimes unfairly, for one's own benefit","khai thác, bóc lột",exploitation,missing_words_analyzed
explore,Đã có trong MorphLink,2,to travel through an unfamiliar area to learn about it,"khám phá, thám hiểm","exploration, unexplored",missing_words_analyzed
extreme,Đã có trong MorphLink,2,reaching a very high or the highest degree; not moderate,"cực đoan, cực độ","extremer, extremest",new_combinations
eye,Đã có trong MorphLink,1,the organ of sight,mắt,eyepiece,missing_words_analyzed
fabric,Đã có trong MorphLink,1,cloth produced by weaving or knitting fibers,vải,fabricated,new_combinations
face,Đã có trong MorphLink,6+,"the front part of a person's head, from forehead to chin",khuôn mặt,"facebook, faceless, facelift, facepalm, facial, typeface",missing_words_analyzed+new_combinations
fact,Đã có trong MorphLink,4,a thing known to be true or to have actually occurred,"sự thật, thực tế","artefact, artifact, factual, satisfactory",missing_words_analyzed
faith,Đã có trong MorphLink,4,"strong belief or trust in someone or something, especially without proof","đức tin, lòng tin","faithfully, faithless, faithlessly, faithlessness",missing_words_analyzed+new_combinations
fake,Đã có trong MorphLink,1,not genuine; a copy made to deceive,"giả, giả mạo",deepfake,new_combinations
fall,Đã có trong MorphLink,4,"to drop down from a higher to a lower level, especially unintentionally","rơi, ngã","downfall, pitfall, shortfall, waterfall",missing_words_analyzed+new_combinations
fame,Đã có trong MorphLink,3,the state of being well known and widely recognized,danh tiếng,"famine, famish, famous",new_combinations
fancy,Đã có trong MorphLink,2,"elaborate or decorative in style, or a liking for something","cầu kỳ, hoa mỹ; sự thích thú","fanciness, infancy",new_combinations
far,Đã có trong MorphLink,1,"at, to, or by a great distance",xa,faraway,missing_words_analyzed
fare,Đã có trong MorphLink,1,the money charged for a journey on public transport,"giá vé, cước phí",welfare,missing_words_analyzed
farm,Đã có trong MorphLink,1,an area of land used for growing crops or raising animals,"nông trại, trang trại",farmhouse,missing_words_analyzed
fashion,Đã có trong MorphLink,2,"a popular trend in clothing, style, or behavior at a given time","thời trang, mốt","fashionable, unfashionable",new_combinations
fast,Đã có trong MorphLink,1,"moving or acting quickly; also, to abstain from eating",nhanh chóng; nhịn ăn,breakfast,missing_words_analyzed
fate,Đã có trong MorphLink,1,"the development of events beyond a person's control, regarded as predetermined by a supernatural power; destiny","số phận, định mệnh",fatally,new_combinations
father,Đã có trong MorphLink,3,a male parent,"cha, bố","fatherless, godfather, grandfather",missing_words_analyzed+new_combinations
fault,Đã có trong MorphLink,4,an unattractive or unsatisfactory feature; a mistake or shortcoming,"lỗi, khuyết điểm","default, faultless, faultlessly, faulty",missing_words_analyzed+new_combinations
fear,Đã có trong MorphLink,3,an unpleasant emotion caused by the belief that someone or something is dangerous or threatening,"sự sợ hãi, nỗi sợ","fearless, fearlessly, fearlessness",new_combinations
feature,Đã có trong MorphLink,2,a distinctive attribute or aspect of something,"đặc điểm, tính năng","featureless, misfeature",new_combinations
feed,Đã có trong MorphLink,3,to give food to a person or animal,"cho ăn, nuôi","feedback, linefeed, underfeed",missing_words_analyzed+new_combinations
feel,Đã có trong MorphLink,1,"to experience an emotion, sensation, or physical state",cảm thấy,feeling,missing_words_analyzed
fellow,Đã có trong MorphLink,1,a man or boy; a person who shares a common interest or belongs to the same group,"anh bạn, đồng nghiệp, bạn đồng hành",fellowship,new_combinations
field,Đã có trong MorphLink,3,"an area of open land, especially one planted with crops or used for pasture or sport","cánh đồng, lĩnh vực, sân","afield, backfield, battlefield",missing_words_analyzed+new_combinations
fight,Đã có trong MorphLink,5,a violent confrontation or struggle between opposing forces,"cuộc chiến, đánh nhau","bullfight, bullfighting, firefight, firefighter, firefighting",missing_words_analyzed+new_combinations
figure,Đã có trong MorphLink,2,"a number, especially a statistic; also, the shape or outline of a person or thing","con số, hình dạng, dáng người","figurative, figurehead",missing_words_analyzed
fill,Đã có trong MorphLink,3,to make or become full; to occupy completely,"làm đầy, lấp đầy, điền vào","fillet, landfill, unfilled",missing_words_analyzed+new_combinations
film,Đã có trong MorphLink,1,"a movie; also, a thin flexible layer or coating",phim; lớp màng mỏng,filmmaker,missing_words_analyzed
filter,Đã có trong MorphLink,2,a device or piece of material that removes unwanted substances or components from a liquid or gas passed through it,"bộ lọc, cái lọc","filterable, filtration",missing_words_analyzed+new_combinations
finance,Đã có trong MorphLink,2,"the management of large amounts of money, especially by governments or large companies",tài chính,"financial, financier",missing_words_analyzed
find,Đã có trong MorphLink,1,to discover or locate something after searching for it,"tìm thấy, tìm ra, phát hiện",finding,missing_words_analyzed
fine,Đã có trong MorphLink,6+,"of very high quality; excellent; also, a sum of money that must be paid as a punishment","tốt, tinh tế; tiền phạt","confine, confinement, define, finale, finite, refine",missing_words_analyzed+new_combinations
finger,Đã có trong MorphLink,2,one of the four slender jointed parts attached to each hand,ngón tay,"fingertip, ladyfinger",missing_words_analyzed+new_combinations
finish,Đã có trong MorphLink,2,to bring a task or activity to an end; to complete something,"hoàn thành, kết thúc","refinish, unfinished",missing_words_analyzed+new_combinations
fire,Đã có trong MorphLink,6+,"the process of combustion producing heat, light, and flame","lửa, đám cháy","firearm, firebreak, firefighting, firewood, firework, wildfire",missing_words_analyzed+new_combinations
firm,Đã có trong MorphLink,3,"a business organization or company; also, solid, unyielding, or not easily moved","công ty, hãng; vững chắc","affirm, confirm, infirm",missing_words_analyzed+new_combinations
first,Đã có trong MorphLink,2,"coming before all others in time, order, or importance","đầu tiên, thứ nhất","firsthand, headfirst",missing_words_analyzed+new_combinations
fish,Đã có trong MorphLink,6+,a cold-blooded aquatic animal with gills and fins that lives in water,con cá,"fishbowl, fisherman, fishhook, fishtail, fishy, shellfish",missing_words_analyzed+new_combinations
fit,Đã có trong MorphLink,1,"suitable or appropriate for a purpose; also, in good physical condition","vừa vặn, phù hợp; khỏe mạnh",fitting,missing_words_analyzed
five,Đã có trong MorphLink,1,the number equal to one more than four; 5,số năm,fifth,missing_words_analyzed
fix,Đã có trong MorphLink,2,"to repair, mend, or fasten something securely in place","sửa chữa, cố định, khắc phục","fixture, suffix",missing_words_analyzed
flag,Đã có trong MorphLink,2,"a piece of cloth bearing a distinctive design, used as a symbol or signal",lá cờ,"flagon, flagship",new_combinations
flame,Đã có trong MorphLink,3,a hot glowing stream of burning gas produced by something on fire,ngọn lửa,"flamage, flamer, inflammatory",missing_words_analyzed+new_combinations
flash,Đã có trong MorphLink,1,a sudden brief burst of bright light,"tia sáng chớp nhoáng, ánh chớp",flashy,missing_words_analyzed
flat,Đã có trong MorphLink,3,"having a smooth, level surface without curves or bumps","phẳng, bằng phẳng","flatboat, flatter, flattest",new_combinations
flavor,Đã có trong MorphLink,2,the distinctive taste of a particular food or drink,"hương vị, mùi vị","flavorful, flavorless",new_combinations
flaw,Đã có trong MorphLink,2,"a mark, blemish, or defect that mars a substance or object; a fault","khiếm khuyết, tì vết, nhược điểm","flawless, flawlessly",missing_words_analyzed+new_combinations
fleet,Đã có trong MorphLink,1,"a group of ships, vehicles, or aircraft operating together under one command or owner","hạm đội, đội tàu xe",fleetest,new_combinations
flight,Đã có trong MorphLink,2,"an act or instance of flying, especially a journey made in an aircraft","chuyến bay, sự bay","flightless, spaceflight",new_combinations
float,Đã có trong MorphLink,2,to rest or move on or near the surface of a liquid without sinking,"nổi, trôi nổi","afloat, flotation",missing_words_analyzed
flood,Đã có trong MorphLink,1,an overflow of a large amount of water beyond its normal confines onto dry land,"lũ lụt, nạn lụt",floodlight,missing_words_analyzed
flour,Đã có trong MorphLink,1,"a powder obtained by grinding grain, used to make bread, cakes, and pastry",bột mì,flourish,new_combinations
flow,Đã có trong MorphLink,5,to move steadily and continuously in a current or stream,"dòng chảy, sự lưu thông","flowchart, flower, overflow, underflow, workflow",missing_words_analyzed+new_combinations
flower,Đã có trong MorphLink,3,"the colorful reproductive structure of a plant, often with petals",hoa,"cauliflower, flowerbed, wildflower",missing_words_analyzed+new_combinations
flu,Đã có trong MorphLink,2,"a common contagious viral illness (influenza) causing fever, aches, and respiratory symptoms",bệnh cúm,"effluent, fluent",missing_words_analyzed
fluid,Đã có trong MorphLink,1,"a substance, such as a liquid or gas, that has no fixed shape and flows freely","chất lỏng, chất lưu",fluidly,new_combinations
fold,Đã có trong MorphLink,3,to bend something over on itself so that one part covers another,"gấp, xếp lại","fourfold, hundredfold, threefold",new_combinations
folk,Đã có trong MorphLink,1,"people in general, especially those of a particular group or nation; traditional and typically anonymous","người dân, dân gian",folklore,missing_words_analyzed
follow,Đã có trong MorphLink,1,to go or come after a person or thing; to move in the same direction as,"theo, đi theo, làm theo",following,missing_words_analyzed
fond,Đã có trong MorphLink,3,having a liking or affection for someone or something,"yêu thích, trìu mến","fondant, fondling, fondus",new_combinations
food,Đã có trong MorphLink,2,any nutritious substance that people or animals eat to maintain life and growth,"thức ăn, thực phẩm","foodstuff, seafood",missing_words_analyzed
foot,Đã có trong MorphLink,6+,the lower extremity of the leg below the ankle; also a unit of length equal to 12 inches,bàn chân; foot (đơn vị đo chiều dài),"football, footbridge, foothold, footnote, footprint, footstep",missing_words_analyzed+new_combinations
force,Đã có trong MorphLink,5,"physical strength or power exerted on an object; also, an organized group with a particular task","lực, sức mạnh; lực lượng","forcefully, forcibly, reinforce, reinforcement, workforce",missing_words_analyzed+new_combinations
forest,Đã có trong MorphLink,3,a large area covered chiefly with trees and undergrowth,rừng,"deforestation, rainforest, reforestation",missing_words_analyzed+new_combinations
forge,Đã có trong MorphLink,3,"to make or shape a metal object by heating and hammering it; also, to make a fraudulent copy of something",rèn (kim loại); làm giả,"forgery, forget, forgive",missing_words_analyzed+new_combinations
forget,Đã có trong MorphLink,3,to fail to remember something,quên,"forgetfulness, forgettable, unforgettable",missing_words_analyzed+new_combinations
forgive,Đã có trong MorphLink,1,to stop feeling angry or resentful toward someone for an offense or mistake,tha thứ,unforgiving,missing_words_analyzed
form,Đã có trong MorphLink,6+,"the visible shape or structure of something; also, a document with blank spaces to fill in information","hình dạng, hình thức; mẫu đơn","format, formation, information, informational, platform, transformation",missing_words_analyzed+new_combinations
formal,Đã có trong MorphLink,1,following accepted conventions or rules; officially recognized or organized,"trang trọng, chính thức",informal,new_combinations
former,Đã có trong MorphLink,3,having previously been a particular thing; belonging to an earlier time; the first of two things mentioned,"trước đây, cựu; cái trước","informer, reformer, transformer",new_combinations
forward,Đã có trong MorphLink,3,toward the front; in the direction that one is facing or moving,"về phía trước, tiến lên","forwarder, forwardest, straightforward",missing_words_analyzed+new_combinations
found,Đã có trong MorphLink,4,"to establish or set up an institution or organization; also, the past tense of find","thành lập, sáng lập; (quá khứ của find) đã tìm thấy","foundation, foundry, profound, unfounded",missing_words_analyzed+new_combinations
four,Đã có trong MorphLink,3,the number equal to one more than three; 4,số bốn,"forty, fourfold, fourscore",missing_words_analyzed+new_combinations
fragile,Đã có trong MorphLink,2,"easily broken, damaged, or destroyed; delicate","dễ vỡ, mong manh","fragiler, fragilest",new_combinations
frame,Đã có trong MorphLink,2,"a rigid structure that surrounds or encloses something, such as a picture or window",khung,"framework, mainframe",missing_words_analyzed+new_combinations
franchise,Đã có trong MorphLink,2,an authorization granted by a company to a person or group to market its goods or services in a specific area,quyền kinh doanh nhượng quyền,"franchisee, franchiser",new_combinations
fraud,Đã có trong MorphLink,1,wrongful or criminal deception intended to result in financial or personal gain,"gian lận, lừa đảo",fraudulent,missing_words_analyzed
free,Đã có trong MorphLink,4,not under the control or in the power of another; not costing anything,tự do; miễn phí,"freebase, freelance, freestanding, freewill",missing_words_analyzed+new_combinations
frequent,Đã có trong MorphLink,4,occurring or done often; happening at short intervals,"thường xuyên, hay xảy ra","frequency, frequenter, frequentest, infrequent",missing_words_analyzed+new_combinations
fresh,Đã có trong MorphLink,3,"newly made, obtained, or gathered; not stale or spoiled","tươi, mới","afresh, freshet, freshwater",missing_words_analyzed+new_combinations
friend,Đã có trong MorphLink,3,"a person with whom one has a bond of mutual affection, independent of family ties","bạn, bạn bè","friendless, friendship, unfriendliness",missing_words_analyzed+new_combinations
front,Đã có trong MorphLink,6+,the side or part of an object or building that faces forward or is most prominent,"mặt trước, phía trước","confront, confrontation, frontally, frontier, riverfront, storefront",missing_words_analyzed+new_combinations
fruit,Đã có trong MorphLink,3,the sweet and fleshy edible part of a plant that develops from a flower and contains seeds,"trái cây, quả","fruitless, fruitlessly, fruitlessness",new_combinations
fuel,Đã có trong MorphLink,1,"a material such as coal, gas, or oil that is burned to produce heat or power",nhiên liệu,fuelling,new_combinations
fulfil,Đã có trong MorphLink,1,"to achieve or complete something promised, required, or desired","hoàn thành, thực hiện",fulfilling,new_combinations
full,Đã có trong MorphLink,3,containing as much or as many as possible; holding the maximum amount,"đầy, đầy đủ","fulfill, fully, overfull",missing_words_analyzed+new_combinations
fun,Đã có trong MorphLink,1,"enjoyment, amusement, or lighthearted pleasure","niềm vui, sự thú vị",funny,missing_words_analyzed
function,Đã có trong MorphLink,3,the natural or intended purpose or activity of a person or thing,chức năng,"dysfunction, functionality, functionally",missing_words_analyzed+new_combinations
fund,Đã có trong MorphLink,2,"a sum of money saved, collected, or made available for a particular purpose","quỹ, kinh phí","crowdfund, underfunded",missing_words_analyzed+new_combinations
fur,Đã có trong MorphLink,1,"the short, fine, soft hair covering the body of certain mammals",lông thú,furry,missing_words_analyzed
further,Đã có trong MorphLink,2,to a greater extent or degree; at or to a more advanced or distant point,"xa hơn, thêm nữa","furthermore, furthermost",missing_words_analyzed+new_combinations
game,Đã có trong MorphLink,4,"an activity engaged in for entertainment or competition, governed by rules",trò chơi,"gameness, gamer, gamest, gamine",new_combinations
gang,Đã có trong MorphLink,3,an organized group of criminals; a group of people who spend time together,"băng nhóm, băng đảng","gangling, ganglion, gangly",new_combinations
garden,Đã có trong MorphLink,1,"a piece of ground used for growing flowers, fruit, or vegetables","khu vườn, vườn",gardenia,new_combinations
gas,Đã có trong MorphLink,2,"a substance that exists in a state like air, having no fixed shape or volume; a fuel","khí, khí đốt","gaseous, gasoline",missing_words_analyzed
gate,Đã có trong MorphLink,1,"a hinged barrier used to close an opening in a wall, fence, or hedge",cổng,gateway,missing_words_analyzed
gather,Đã có trong MorphLink,2,to bring together or come together in one place; to collect,"tập hợp, thu thập, tụ họp","gatherer, gathering",missing_words_analyzed+new_combinations
gaze,Đã có trong MorphLink,2,"to look steadily and intently, especially in admiration, surprise, or thought",nhìn chằm chằm,"gazette, gazillion",new_combinations
gear,Đã có trong MorphLink,1,equipment or clothing needed for a particular activity; a toothed wheel that meshes with another in a machine,"dụng cụ, trang bị; bánh răng",headgear,missing_words_analyzed
gen,Đã có trong MorphLink,1,informal British word for information,"tin tức, thông tin (khẩu ngữ Anh)",homogenize,missing_words_analyzed
generous,Đã có trong MorphLink,2,"willing to give more of something, especially money, than is strictly necessary or expected","hào phóng, rộng lượng","generosity, overgenerous",missing_words_analyzed+new_combinations
gentle,Đã có trong MorphLink,2,"mild, kind, and tender in manner or disposition","dịu dàng, nhẹ nhàng","gentleman, gently",missing_words_analyzed
get,Đã có trong MorphLink,1,to come to have or hold something; to obtain or receive,"nhận được, lấy được, có được",getaway,missing_words_analyzed
ghost,Đã có trong MorphLink,2,the spirit of a dead person believed to appear to the living,"ma, hồn ma","ghostwrite, ghostwriter",new_combinations
girl,Đã có trong MorphLink,1,a female child or young woman,"cô gái, bé gái",papergirl,new_combinations
give,Đã có trong MorphLink,1,to freely transfer the possession of something to someone else,"cho, tặng, trao",caregiver,missing_words_analyzed
globe,Đã có trong MorphLink,1,"the earth; also a spherical object, especially a spherical model of the earth",quả địa cầu; toàn cầu,globally,new_combinations
glory,Đã có trong MorphLink,1,"high renown, honor, or praise won by notable achievements","vinh quang, vinh dự",glorious,new_combinations
go,Đã có trong MorphLink,4,to move or travel from one place to another,"đi, di chuyển","forgo, ongoing, outgo, undergo",missing_words_analyzed
goal,Đã có trong MorphLink,2,the object of a person's ambition or effort; the target in games such as football where points are scored,"mục tiêu; bàn thắng, khung thành","goalie, goaltender",new_combinations
good,Đã có trong MorphLink,2,having positive or desirable qualities; not bad or poor in quality,"tốt, tốt đẹp","goodie, goodwill",missing_words_analyzed+new_combinations
govern,Đã có trong MorphLink,4,"to conduct the policy and affairs of a state, organization, or people; to rule","cai trị, quản lý, điều hành","governable, governmental, nongovernmental, ungovernable",missing_words_analyzed+new_combinations
grace,Đã có trong MorphLink,4,"simple elegance or refinement of movement; also, a sense of divine favor or blessing",sự duyên dáng; ân sủng,"gracefully, graceless, gracelessly, gracelessness",missing_words_analyzed+new_combinations
grade,Đã có trong MorphLink,4,"a particular level of rank, quality, or value; a mark given for schoolwork","cấp bậc, hạng; điểm số","biodegradable, degradation, degrade, downgrade",missing_words_analyzed+new_combinations
graduate,Đã có trong MorphLink,2,a person who has successfully completed a course of study or degree,người tốt nghiệp,"postgraduate, undergraduate",new_combinations
grain,Đã có trong MorphLink,1,"a small hard seed of a food plant such as wheat, corn, or rice","hạt, ngũ cốc",granary,missing_words_analyzed
grand,Đã có trong MorphLink,5,"large, impressive, and imposing in size or appearance; magnificent","to lớn, hoành tráng, vĩ đại","granddaughter, grandee, grandfather, grandmother, grandson",missing_words_analyzed+new_combinations
grass,Đã có trong MorphLink,3,"vegetation consisting of short plants with narrow green leaves, growing wild or cultivated for lawns and pasture",cỏ,"bluegrass, grassland, grassy",missing_words_analyzed+new_combinations
grave,Đã có trong MorphLink,2,"a place of burial for a dead body, especially one dug in the ground; also, serious or solemn","mộ, ngôi mộ; nghiêm trọng","graveling, gravity",new_combinations
green,Đã có trong MorphLink,2,"of the color between blue and yellow, like grass or leaves",màu xanh lá cây,"greenhouse, wintergreen",missing_words_analyzed+new_combinations
grid,Đã có trong MorphLink,1,a network of horizontal and vertical lines forming squares; a network of power lines for electricity distribution,"lưới, mạng lưới",gridlock,missing_words_analyzed
grind,Đã có trong MorphLink,1,to crush or reduce something to small particles or powder by friction,"nghiền, xay",grindstone,missing_words_analyzed
ground,Đã có trong MorphLink,6+,the solid surface of the earth,"mặt đất, nền đất","aground, background, groundless, groundwork, playground, underground",missing_words_analyzed+new_combinations
group,Đã có trong MorphLink,2,"a number of people or things that are located, gathered, or classed together",nhóm,"grouper, groupie",new_combinations
grow,Đã có trong MorphLink,3,"to increase in size, number, or degree over time; to develop","lớn lên, phát triển, tăng trưởng","growling, overgrow, overgrowth",new_combinations
guard,Đã có trong MorphLink,4,"to protect a person, place, or thing from harm or danger; a person who does this","bảo vệ, canh gác; người bảo vệ","guardianship, guardrail, safeguard, unguarded",missing_words_analyzed
guide,Đã có trong MorphLink,2,a person or thing that shows the way or gives direction; to lead someone,người hướng dẫn; hướng dẫn,"guidebook, guideline",missing_words_analyzed
guilt,Đã có trong MorphLink,2,the fact or state of having committed an offense; a feeling of having done wrong,"tội lỗi, cảm giác tội lỗi","guiltless, guilty",missing_words_analyzed+new_combinations
gun,Đã có trong MorphLink,2,"a weapon that fires projectiles, typically bullets or shells",súng,"gunpowder, handgun",missing_words_analyzed
gut,Đã có trong MorphLink,1,the stomach or belly; the intestine,"ruột, dạ dày, bụng",gutted,missing_words_analyzed
habit,Đã có trong MorphLink,5,"a settled or regular tendency or practice, especially one that is hard to give up",thói quen,"habitable, habitation, habitual, habituate, inhabitable",missing_words_analyzed+new_combinations
hair,Đã có trong MorphLink,2,any of the fine threadlike strands growing from the skin of humans and animals,"tóc, lông","haircut, hairless",missing_words_analyzed+new_combinations
halt,Đã có trong MorphLink,1,to bring or come to an abrupt stop,"dừng lại, ngừng lại",halter,new_combinations
hand,Đã có trong MorphLink,6+,"the part of the human arm below the wrist, used for grasping and holding",bàn tay,"firsthand, handgun, handicraft, handmade, handwrite, handwritten",missing_words_analyzed+new_combinations
handle,Đã có trong MorphLink,1,"the part of an object by which it is held or carried; also, to deal with or manage something","tay cầm; xử lý, quản lý",handlebar,missing_words_analyzed
hang,Đã có trong MorphLink,2,to suspend an object so that it does not touch the ground; to be suspended,treo,"hangar, overhang",new_combinations
hard,Đã có trong MorphLink,6+,"solid, firm, and not easily broken or bent; also, difficult to do or understand",cứng; khó khăn,"hardline, hardliner, hardship, hardware, hardwood, hardy",missing_words_analyzed+new_combinations
harm,Đã có trong MorphLink,4,physical or other injury or damage caused to someone or something,"tổn hại, tác hại","harmless, harmlessly, harmlessness, unharmed",missing_words_analyzed+new_combinations
hate,Đã có trong MorphLink,1,to feel intense dislike or hostility toward someone or something,"ghét, căm ghét",hater,new_combinations
hazard,Đã có trong MorphLink,1,"a danger or risk of harm, especially one that is foreseeable","mối nguy hiểm, rủi ro",hazardous,new_combinations
head,Đã có trong MorphLink,6+,"the upper part of the human body, or the front part of an animal's body, containing the brain",đầu,"ahead, arrowhead, figurehead, headache, heading, headquarter",missing_words_analyzed+new_combinations
heal,Đã có trong MorphLink,1,to become sound or healthy again; to make a wound or injury better,"chữa lành, lành lại",health,new_combinations
health,Đã có trong MorphLink,3,the state of being free from illness or injury; general condition of the body,sức khỏe,"healthcare, healthy, unhealthy",missing_words_analyzed+new_combinations
hear,Đã có trong MorphLink,3,to perceive sound with the ear,nghe,"hearth, overhear, unheard",missing_words_analyzed+new_combinations
heart,Đã có trong MorphLink,6+,"the muscular organ that pumps blood through the body; also, the center of emotion","trái tim, tim","heartbeat, heartfelt, heartland, heartless, heartlessness, wholeheartedly",missing_words_analyzed+new_combinations
heat,Đã có trong MorphLink,2,the quality of being hot; a high temperature; energy transferred as a result of a temperature difference,"nhiệt, sức nóng","overheat, reheat",new_combinations
heaven,Đã có trong MorphLink,1,a place regarded in religion as the abode of God and the good after death; paradise,"thiên đường, thiên đàng",heavenward,new_combinations
hell,Đã có trong MorphLink,1,"a place regarded in religion as the abode of the devil and the wicked after death, associated with punishment and suffering",địa ngục,hellion,new_combinations
help,Đã có trong MorphLink,4,to make it easier for someone to do something by offering assistance or support,"giúp đỡ, trợ giúp","helpless, helplessly, helplessness, helpline",new_combinations
her,Đã có trong MorphLink,2,"used to refer to a female person or animal previously mentioned, as the object of a verb or possessive form","cô ấy, của cô ấy","coherence, inherently",missing_words_analyzed
hero,Đã có trong MorphLink,2,"a person admired for courage, outstanding achievements, or noble qualities",anh hùng,"heroically, heroics",missing_words_analyzed+new_combinations
hide,Đã có trong MorphLink,2,to put or keep something out of sight; to conceal oneself,"giấu, che giấu, trốn","hideous, horsehide",new_combinations
high,Đã có trong MorphLink,4,"extending far upward; of great height, degree, or intensity",cao,"highland, highlight, hightail, highway",missing_words_analyzed+new_combinations
hill,Đã có trong MorphLink,1,"a naturally raised area of land, smaller and less steep than a mountain","đồi, ngọn đồi",downhill,new_combinations
hire,Đã có trong MorphLink,1,to employ someone for wages; to obtain the temporary use of something for an agreed payment,"thuê, thuê mướn",rehire,new_combinations
hold,Đã có trong MorphLink,6+,"to grasp, carry, or support something with one's hands or arms","giữ, cầm, nắm","foothold, holding, household, shareholder, stronghold, withhold",missing_words_analyzed
holy,Đã có trong MorphLink,1,dedicated or devoted to religious use; sacred,"thánh, linh thiêng",holiday,missing_words_analyzed
home,Đã có trong MorphLink,6+,"the place where a person lives, especially with their family","nhà, mái ấm, quê nhà","homecoming, homelessness, homeowner, homesickness, hometown, homework",missing_words_analyzed+new_combinations
honest,Đã có trong MorphLink,4,free of deceit and untruthfulness; sincere and truthful,"trung thực, thật thà","dishonesty, honester, honestest, honesty",missing_words_analyzed+new_combinations
honor,Đã có trong MorphLink,2,"high respect or esteem given, received, or shown; a sense of what is right and honorable","danh dự, sự tôn kính","dishonorable, honorable",new_combinations
hook,Đã có trong MorphLink,1,"a curved piece of metal or other material used for catching, holding, or hanging things","cái móc, lưỡi câu",fishhook,new_combinations
hope,Đã có trong MorphLink,3,a feeling of expectation and desire for a particular thing to happen,hy vọng,"hopeless, hopelessly, hopelessness",new_combinations
horn,Đã có trong MorphLink,2,a hard permanent outgrowth on the heads of certain animals; a wind instrument played by blowing,sừng; kèn,"hornet, hornless",new_combinations
horse,Đã có trong MorphLink,3,"a large four-legged domesticated mammal with a mane and tail, used for riding and pulling loads",con ngựa,"horsehide, horsemanship, horsetail",missing_words_analyzed+new_combinations
host,Đã có trong MorphLink,2,"a person who receives or entertains guests, or organizes an event for others","chủ nhà, người tổ chức","hostage, hostile",new_combinations
house,Đã có trong MorphLink,6+,"a building for human habitation, especially one for a family","nhà, ngôi nhà","greenhouse, household, housewife, housework, storehouse, warehouse",missing_words_analyzed+new_combinations
how,Đã có trong MorphLink,2,in what way or manner; by what means,"như thế nào, bằng cách nào","however, somehow",missing_words_analyzed
human,Đã có trong MorphLink,6+,"relating to or characteristic of people, as distinct from animals or machines","con người, thuộc về con người","humanest, humankind, humanness, humanoid, inhuman, nonhuman",missing_words_analyzed+new_combinations
humble,Đã có trong MorphLink,1,having or showing a modest or low estimate of one's own importance; not proud,"khiêm tốn, khiêm nhường",humbleness,new_combinations
humor,Đã có trong MorphLink,3,the quality of being amusing or comic; the ability to appreciate or express what is funny,"sự hài hước, khiếu hài hước","humorless, humorlessness, humorous",new_combinations
hundred,Đã có trong MorphLink,1,the number equal to ten times ten; 100,một trăm,hundredfold,new_combinations
hurry,Đã có trong MorphLink,1,to move or act with great speed or urgency,"vội vàng, hối hả",unhurried,missing_words_analyzed
hurt,Đã có trong MorphLink,1,to cause physical or emotional pain or injury to someone,"làm đau, gây tổn thương",hurtling,new_combinations
husband,Đã có trong MorphLink,1,"a married man, especially in relation to his spouse",chồng,househusband,new_combinations
ice,Đã có trong MorphLink,1,water frozen into a solid state,"băng, nước đá",icy,missing_words_analyzed
ideal,Đã có trong MorphLink,1,satisfying one's conception of what is perfect; most suitable,lý tưởng,idealistic,missing_words_analyzed
image,Đã có trong MorphLink,2,"a visual representation of a person or thing, such as a picture or photograph",hình ảnh,"imagery, imagine",missing_words_analyzed+new_combinations
imagine,Đã có trong MorphLink,2,to form a mental picture or concept of something not present or real,tưởng tượng,"imagination, imaginatively",missing_words_analyzed
immune,Đã có trong MorphLink,1,protected against a particular disease or infection; resistant,miễn dịch,autoimmune,new_combinations
improve,Đã có trong MorphLink,1,to make or become better in quality or standard,"cải thiện, cải tiến",improvable,new_combinations
incur,Đã có trong MorphLink,3,"to become subject to something unwelcome, such as a debt or penalty, as a result of one's own behavior","phải chịu, gánh chịu (hậu quả, nợ)","incurable, incurious, incurring",new_combinations
indulge,Đã có trong MorphLink,1,to allow oneself to enjoy the pleasure of something,"buông thả, nuông chiều, thỏa mãn (sở thích)",overindulge,new_combinations
industry,Đã có trong MorphLink,2,"economic activity concerned with the processing of raw materials and manufacture of goods, or a branch of trade","công nghiệp, ngành công nghiệp","industrially, industrious",new_combinations
infer,Đã có trong MorphLink,1,to deduce or conclude information from evidence and reasoning rather than explicit statement,"suy luận, suy ra",inferring,new_combinations
inform,Đã có trong MorphLink,3,to give someone facts or information; to tell,"thông báo, cho biết","informally, misinformation, uninformed",missing_words_analyzed+new_combinations
injure,Đã có trong MorphLink,1,to cause physical harm or damage to a person or part of the body,"làm bị thương, gây tổn thương",injury,missing_words_analyzed
insert,Đã có trong MorphLink,1,to place or fit something into something else,"chèn vào, lắp vào",reinsert,new_combinations
instinct,Đã có trong MorphLink,1,"an innate, natural impulse or behavior rather than one learned through reasoning",bản năng,instinctively,missing_words_analyzed
instrument,Đã có trong MorphLink,1,"a tool or device used for a particular purpose, especially precision work or music","dụng cụ, nhạc cụ",instrumentalist,missing_words_analyzed
intense,Đã có trong MorphLink,1,"of extreme force, degree, or strength","mãnh liệt, dữ dội, căng thẳng",intensest,new_combinations
interest,Đã có trong MorphLink,2,a feeling of curiosity or concern about something; also money paid for the use of borrowed money,"sự quan tâm, hứng thú; lãi suất","interestingly, uninterested",missing_words_analyzed
interpret,Đã có trong MorphLink,1,"to explain the meaning of something, or to translate spoken words","diễn giải, thông dịch",misinterpretation,missing_words_analyzed
invade,Đã có trong MorphLink,1,to enter a country or territory by force with hostile intent,"xâm lược, xâm nhập",invasive,missing_words_analyzed
invite,Đã có trong MorphLink,3,to ask someone politely to go somewhere or do something,mời,"invitation, invitingly, uninvited",missing_words_analyzed
iron,Đã có trong MorphLink,1,"a strong, hard metallic element widely used for tools and structures; also a household appliance for pressing clothes",sắt; bàn ủi,ironically,missing_words_analyzed
jail,Đã có trong MorphLink,2,a place where people are confined as punishment for a crime or while awaiting trial,nhà tù,"jailbreak, jailor",new_combinations
job,Đã có trong MorphLink,1,"a paid position of regular employment, or a specific piece of work",công việc,joblessness,missing_words_analyzed
join,Đã có trong MorphLink,1,"to link or connect together, or to become a member of a group","gia nhập, kết nối, tham gia",rejoin,new_combinations
journey,Đã có trong MorphLink,1,an act of traveling from one place to another,"hành trình, chuyến đi",journeyman,missing_words_analyzed
judge,Đã có trong MorphLink,4,a public official who presides over a court of law and decides cases; also to form an opinion about someone or something,"thẩm phán; phán xét, đánh giá","judgemental, judgeship, judgment, misjudgment",missing_words_analyzed+new_combinations
jump,Đã có trong MorphLink,1,to push oneself off the ground using the legs and feet into the air,nhảy,jumpsuit,new_combinations
just,Đã có trong MorphLink,6+,"fair, reasonable, and morally right; or exactly, or only a short time ago","công bằng; vừa đúng, chỉ","adjustable, adjustment, justest, justification, readjust, readjustment",missing_words_analyzed+new_combinations
keep,Đã có trong MorphLink,1,"to have or retain possession of something, or to continue in a state or activity","giữ, duy trì",shopkeeper,missing_words_analyzed
kick,Đã có trong MorphLink,1,to strike or propel something with the foot,đá,kickstand,new_combinations
kill,Đã có trong MorphLink,3,"to cause the death of a person, animal, or other living thing",giết,"overkill, painkiller, roadkill",missing_words_analyzed+new_combinations
kind,Đã có trong MorphLink,1,"having a friendly, generous, and considerate nature; also a category or type","tử tế, tốt bụng; loại",kindling,new_combinations
king,Đã có trong MorphLink,6+,"the male ruler of an independent state, especially one who inherits the position by birth",vua,"biking, kingship, panicking, planking, thinking, trafficking",new_combinations
know,Đã có trong MorphLink,4,to be aware of or have information about something through experience or learning,biết,"knowable, knowledge, unknowable, unknowingly",missing_words_analyzed+new_combinations
labor,Đã có trong MorphLink,5,"physical or mental work, especially hard work; also the process of childbirth","lao động, công việc","collaborate, collaborative, elaborate, laboratory, laboriously",missing_words_analyzed
lady,Đã có trong MorphLink,2,"a woman, especially one regarded as being of good social standing or good manners","quý bà, phụ nữ","ladyfinger, ladyship",new_combinations
land,Đã có trong MorphLink,6+,"the solid part of the earth's surface, as opposed to sea or air","đất, đất liền","farmland, landlord, landmark, landscape, mainland, wetland",missing_words_analyzed+new_combinations
large,Đã có trong MorphLink,1,"of considerable or relatively great size, extent, or capacity","to lớn, rộng lớn",largess,new_combinations
late,Đã có trong MorphLink,6+,"arriving, occurring, or done after the expected or usual time","muộn, trễ","collate, dilate, oblate, prelate, relate, translate",missing_words_analyzed+new_combinations
laugh,Đã có trong MorphLink,2,to make sounds and movements expressing amusement,cười,"laughable, laughter",missing_words_analyzed+new_combinations
law,Đã có trong MorphLink,1,a system of rules established by a country or community to regulate behavior,"luật, pháp luật",lawyer,missing_words_analyzed
lay,Đã có trong MorphLink,2,to put something down carefully in a flat position; to place,đặt xuống,"bricklayer, layout",missing_words_analyzed
lead,Đã có trong MorphLink,1,"to guide or direct a group of people, or to be in charge of something","dẫn dắt, lãnh đạo",leadership,missing_words_analyzed
leaf,Đã có trong MorphLink,2,"a flat, usually green, part of a plant attached to a stem, which carries out photosynthesis",lá cây,"leafless, leafy",missing_words_analyzed+new_combinations
least,Đã có trong MorphLink,1,the smallest amount or degree; the superlative of little,ít nhất,leastwise,new_combinations
leave,Đã có trong MorphLink,1,to go away from a place or person; or to allow something to remain,"rời đi, để lại",leaven,new_combinations
left,Đã có trong MorphLink,6+,on or toward the side of the body that is typically weaker in most people; opposite of right,"trái, bên trái","copyleft, lefter, leftest, leftie, leftmost, leftover",missing_words_analyzed+new_combinations
leg,Đã có trong MorphLink,2,one of the limbs on which a person or animal walks and stands,"chân, cẳng chân","legged, legible",missing_words_analyzed
legal,Đã có trong MorphLink,2,relating to or based on the law; permitted by law,"hợp pháp, thuộc về luật pháp","illegal, illegally",missing_words_analyzed
length,Đã có trong MorphLink,3,the measurement or extent of something from end to end,"chiều dài, độ dài","lengthwise, lengthy, wavelength",missing_words_analyzed+new_combinations
less,Đã có trong MorphLink,6+,a smaller amount of; not as much,ít hơn,"backless, baseless, blameless, bloodless, nevertheless, nonetheless",missing_words_analyzed+new_combinations
lethal,Đã có trong MorphLink,1,sufficient to cause death; deadly,"gây chết người, chí mạng",lethally,new_combinations
letter,Đã có trong MorphLink,1,a written or printed message sent to a person; also a character representing a sound in writing,lá thư; chữ cái,letterbomb,new_combinations
level,Đã có trong MorphLink,2,"a horizontal plane or line with respect to height, or a position on a scale","mức độ, trình độ; bằng phẳng","levelling, levelness",new_combinations
liable,Đã có trong MorphLink,2,"legally responsible for something, or likely to do or experience something","có trách nhiệm pháp lý; dễ bị, có khả năng","liability, reliable",missing_words_analyzed+new_combinations
license,Đã có trong MorphLink,1,"an official document or permission granting the right to do, use, or own something",giấy phép,unlicensed,missing_words_analyzed
lie,Đã có trong MorphLink,1,to say something false with the intention to deceive; also to be in a horizontal resting position,nói dối; nằm,liar,missing_words_analyzed
life,Đã có trong MorphLink,6+,the condition that distinguishes living organisms from dead ones; the period between birth and death,"cuộc sống, sự sống","afterlife, lifeboat, lifeless, lifestyle, lifetime, wildlife",missing_words_analyzed+new_combinations
lift,Đã có trong MorphLink,3,to raise something to a higher position; to pick up,"nâng, nhấc lên","facelift, shoplift, weightlifter",missing_words_analyzed+new_combinations
light,Đã có trong MorphLink,6+,the natural agent that stimulates sight and makes things visible; also not heavy,ánh sáng; nhẹ,"highlight, lighthouse, lightning, spotlight, streetlight, sunlight",missing_words_analyzed+new_combinations
like,Đã có trong MorphLink,5,to find something pleasant or enjoyable; also similar to,thích; giống như,"alike, godlike, likeable, likeableness, likewise",missing_words_analyzed+new_combinations
limb,Đã có trong MorphLink,2,"an arm or leg of a person, or a branch of a tree","chi (tay, chân), cành cây","limber, limbless",new_combinations
limit,Đã có trong MorphLink,3,a point or level beyond which something does not or may not pass,giới hạn,"limitation, limitless, unlimited",missing_words_analyzed+new_combinations
line,Đã có trong MorphLink,6+,"a long, thin mark, or a row of people or things arranged in order","đường kẻ, hàng","baseline, coastline, deadline, guideline, shoreline, timeline",missing_words_analyzed+new_combinations
linger,Đã có trong MorphLink,1,"to stay in a place longer than necessary, often reluctant to leave","nán lại, lưu luyến",lingerie,new_combinations
link,Đã có trong MorphLink,2,"a connection between two things, or a ring of a chain","liên kết, mối liên hệ","hyperlink, linker",new_combinations
lion,Đã có trong MorphLink,3,"a large wild cat native to Africa and India, sometimes called the 'king of the jungle'",sư tử,"ganglion, medallion, rebellion",new_combinations
lip,Đã có trong MorphLink,1,either of the two fleshy edges of the mouth,môi,lipstick,missing_words_analyzed
list,Đã có trong MorphLink,6+,"a set of items, names, or numbers written or printed together in order",danh sách,"checklist, listen, listless, playlist, shortlist, unlisted",missing_words_analyzed+new_combinations
live,Đã có trong MorphLink,4,to remain alive; to have one's home in a particular place,sống,"alive, liveable, livelihood, livestock",missing_words_analyzed+new_combinations
liver,Đã có trong MorphLink,1,a large organ in the body that filters blood and produces bile for digestion,gan,deliver,new_combinations
load,Đã có trong MorphLink,6+,a heavy or bulky thing being carried or transported,"tải, gánh nặng","caseload, download, loadable, loadstar, loadstone, workload",missing_words_analyzed+new_combinations
loan,Đã có trong MorphLink,1,"a sum of money or item lent, expected to be paid back",khoản vay,loanword,missing_words_analyzed
lock,Đã có trong MorphLink,5,"a mechanism used to secure a door or container, opened with a key",ổ khóa,"gridlock, headlock, lockable, locket, lockstep",missing_words_analyzed+new_combinations
log,Đã có trong MorphLink,6+,a section of a trunk or branch of a fallen tree; also a record of events,khúc gỗ; nhật ký,"biologist, biology, ecologist, neurological, psychologist, psychology",missing_words_analyzed
logic,Đã có trong MorphLink,1,reasoning conducted or assessed according to strict principles of validity,"logic, tính lô-gic",logically,new_combinations
long,Đã có trong MorphLink,4,measuring a great distance from end to end; extended in time,"dài, lâu","belong, longitudinal, oblong, overlong",missing_words_analyzed+new_combinations
look,Đã có trong MorphLink,1,to direct one's eyes in order to see something,nhìn,overlook,new_combinations
loom,Đã có trong MorphLink,1,"a machine for weaving thread into cloth; also to appear as an impending, often ominous, event","khung cửi; hiện ra lờ mờ, sắp xảy ra",heirloom,missing_words_analyzed
lord,Đã có trong MorphLink,3,"a person with power and authority over others, especially a nobleman","lãnh chúa, chúa tể","landlord, lordship, overlord",missing_words_analyzed+new_combinations
loud,Đã có trong MorphLink,2,producing a great deal of noise; strongly audible,"ồn ào, to (âm thanh)","aloud, loudspeaker",missing_words_analyzed
love,Đã có trong MorphLink,5,an intense feeling of deep affection,"tình yêu, yêu","beloved, loveable, loveless, lovingly, unloved",missing_words_analyzed+new_combinations
low,Đã có trong MorphLink,1,"not high or tall; below average in amount, level, or intensity",thấp,lowland,missing_words_analyzed
loyal,Đã có trong MorphLink,4,giving or showing firm and constant support to a person or cause,trung thành,"disloyalty, loyaler, loyalest, loyalty",missing_words_analyzed+new_combinations
luck,Đã có trong MorphLink,3,success or failure brought by chance rather than one's own actions,may mắn,"luckily, luckless, lucky",missing_words_analyzed+new_combinations
luxury,Đã có trong MorphLink,3,"a state of great comfort or elegance, especially involving expensive things","sự xa hoa, sang trọng","luxuriate, luxuriated, luxurious",new_combinations
lyric,Đã có trong MorphLink,1,"the words of a song, or a short poem expressing personal emotion",lời bài hát,lyrically,new_combinations
machine,Đã có trong MorphLink,2,"a device with moving parts that performs a task, typically powered by energy",máy móc,"machinable, machinery",missing_words_analyzed+new_combinations
magic,Đã có trong MorphLink,1,the power of apparently influencing events using supernatural forces,"phép thuật, ma thuật",magically,new_combinations
mail,Đã có trong MorphLink,3,letters and packages sent by post,"thư từ, bưu phẩm","email, mailbomb, voicemail",missing_words_analyzed+new_combinations
main,Đã có trong MorphLink,5,"chief in size, extent, or importance; principal","chính, chủ yếu","mainframe, mainland, mainline, mainstream, remain",missing_words_analyzed+new_combinations
maintain,Đã có trong MorphLink,3,to cause something to continue in the same state; to keep in good condition,"duy trì, bảo trì","maintainable, maintainer, maintenance",missing_words_analyzed+new_combinations
major,Đã có trong MorphLink,1,"important, serious, or significant; larger or more important of two","chính, lớn, quan trọng",majorly,new_combinations
make,Đã có trong MorphLink,3,to form something by putting parts together or combining materials,"làm, tạo ra","filmmaker, makeup, troublemaker",missing_words_analyzed
male,Đã có trong MorphLink,2,of the sex that produces sperm; a man or boy,"nam, giống đực","malaria, malice",new_combinations
man,Đã có trong MorphLink,6+,an adult human male,người đàn ông,"batsman, businessman, businessmen, craftsman, journeyman, manpower",missing_words_analyzed
manage,Đã có trong MorphLink,2,"to be in charge of, control, or organize; to succeed in doing something",quản lý,"manageable, unmanageable",new_combinations
manifest,Đã có trong MorphLink,1,clear or obvious to the eye or mind; to show or reveal something,"rõ ràng, biểu hiện",manifestation,missing_words_analyzed
manner,Đã có trong MorphLink,1,the way in which something is done or happens; also polite social behavior,"cách thức, phong cách; cách cư xử",mannered,missing_words_analyzed
margin,Đã có trong MorphLink,2,the edge or border of something; also the difference between two amounts,"lề, biên độ","marginalia, marginally",missing_words_analyzed+new_combinations
marine,Đã có trong MorphLink,4,relating to the sea or found in the sea,thuộc về biển,"marinade, marinate, marinated, mariner",new_combinations
mark,Đã có trong MorphLink,6+,a visible sign or symbol made on a surface; also a grade or score,"dấu, vết; điểm số","benchmark, landmark, marking, remarkably, unmarked, watermark",missing_words_analyzed+new_combinations
market,Đã có trong MorphLink,3,a place where people gather to buy and sell goods,"chợ, thị trường","marketable, marketplace, upmarket",missing_words_analyzed+new_combinations
marriage,Đã có trong MorphLink,1,the legally or formally recognized union of two people as partners,hôn nhân,marriageable,new_combinations
marry,Đã có trong MorphLink,1,to become joined to someone in marriage,kết hôn,marriage,new_combinations
mass,Đã có trong MorphLink,5,a large body of matter with no definite shape; also the quantity of matter an object contains,"khối lượng, đám đông","amass, landmass, massacre, massage, massively",missing_words_analyzed+new_combinations
master,Đã có trong MorphLink,3,"a person who has complete control over something, or has great skill in an activity","bậc thầy, ông chủ","masterpiece, mastery, postmaster",missing_words_analyzed+new_combinations
match,Đã có trong MorphLink,4,a contest between two teams or individuals; also a short stick for lighting a fire,trận đấu; que diêm,"matchbook, matchbox, matchless, rematch",missing_words_analyzed+new_combinations
mate,Đã có trong MorphLink,6+,a friend or companion; also one of a breeding pair of animals,bạn bè; bạn tình,"automate, automatic, automatics, classmate, mature, soulmate",missing_words_analyzed+new_combinations
may,Đã có trong MorphLink,1,used to express possibility or to ask or give permission,"có thể, được phép",maybe,missing_words_analyzed
meal,Đã có trong MorphLink,1,"an occasion when food is eaten, or the food eaten on such an occasion",bữa ăn,mealtime,missing_words_analyzed
mean,Đã có trong MorphLink,4,"to intend to convey or refer to a particular thing; also unkind, or the average value",có nghĩa là; keo kiệt; giá trị trung bình,"demean, meaning, meantime, meanwhile",missing_words_analyzed+new_combinations
measure,Đã có trong MorphLink,2,"to ascertain the size, amount, or degree of something",đo lường,"measurably, measureless",missing_words_analyzed+new_combinations
medal,Đã có trong MorphLink,1,"a piece of metal, often shaped like a coin, given as an award for achievement",huy chương,medallion,new_combinations
medicine,Đã có trong MorphLink,1,a drug or remedy used to treat illness; also the science of diagnosing and treating disease,"thuốc, y học",medicinally,new_combinations
meet,Đã có trong MorphLink,1,to come together with someone by chance or arrangement,gặp gỡ,meeting,missing_words_analyzed
melt,Đã có trong MorphLink,1,to become liquid due to heating,tan chảy,meltdown,missing_words_analyzed+new_combinations
member,Đã có trong MorphLink,3,a person who belongs to a group or organization,thành viên,"membership, nonmember, remember",new_combinations
mental,Đã có trong MorphLink,6+,relating to the mind,"thuộc về tinh thần, tâm trí","departmental, departmentalize, developmental, governmental, interdepartmental, judgemental",new_combinations
mention,Đã có trong MorphLink,1,"to refer to something briefly, especially in speech or writing","đề cập, nhắc đến",aforementioned,missing_words_analyzed
mere,Đã có trong MorphLink,1,used to emphasize how small or insignificant something is; nothing more than,"chỉ là, chỉ đơn thuần",cashmere,new_combinations
merge,Đã có trong MorphLink,2,to combine or blend two or more things into one,"hợp nhất, sáp nhập","emerge, emergence",missing_words_analyzed
merit,Đã có trong MorphLink,1,a quality of being particularly good or worthy; something deserving reward or praise,"giá trị, công lao, đáng khen",meritocracy,missing_words_analyzed
mess,Đã có trong MorphLink,2,a state of disorder or untidiness,"sự lộn xộn, bừa bộn","message, messy",missing_words_analyzed+new_combinations
metal,Đã có trong MorphLink,1,"a solid material that is typically hard, shiny, and a good conductor of heat and electricity",kim loại,metallurgist,missing_words_analyzed
method,Đã có trong MorphLink,2,a particular procedure or way of doing something,phương pháp,"methodical, methodology",missing_words_analyzed
mile,Đã có trong MorphLink,2,"a unit of distance equal to 1,609 meters",dặm (đơn vị đo khoảng cách),"milepost, milestone",missing_words_analyzed+new_combinations
milk,Đã có trong MorphLink,1,"a white liquid produced by mammals to feed their young, or drunk by humans as food",sữa,milkweed,missing_words_analyzed
mill,Đã có trong MorphLink,5,"a building equipped with machinery for grinding grain into flour, or for other manufacturing","nhà máy, cối xay","millage, millet, million, millrace, windmill",missing_words_analyzed+new_combinations
mind,Đã có trong MorphLink,4,"the element of a person that enables them to think, feel, and be aware","tâm trí, tinh thần","mindedness, mindless, mindlessly, mindlessness",missing_words_analyzed+new_combinations
mine,Đã có trong MorphLink,4,"belonging to me; also an excavation in the earth for extracting minerals, or an explosive device",của tôi; mỏ (khoáng sản); mìn,"minion, minor, minus, undermine",new_combinations
minister,Đã có trong MorphLink,4,"a head of a government department, or a person authorized to perform religious functions",bộ trưởng; mục sư,"administer, administration, administrator, ministry",missing_words_analyzed
minute,Đã có trong MorphLink,1,a unit of time equal to sixty seconds; also extremely small,phút; rất nhỏ,minutia,new_combinations
miss,Đã có trong MorphLink,6+,"to fail to hit, reach, or attend something; to feel the absence of someone or something","bỏ lỡ, nhớ (ai đó)","commission, inadmissible, missive, permissive, premiss, remiss",missing_words_analyzed+new_combinations
mission,Đã có trong MorphLink,5,an important assignment given to a person or group; a task or purpose,"nhiệm vụ, sứ mệnh","intermission, permission, remission, submission, transmission",missing_words_analyzed+new_combinations
mix,Đã có trong MorphLink,1,to combine or blend two or more substances or things together,"trộn, pha trộn",mixture,missing_words_analyzed
mobile,Đã có trong MorphLink,4,able to move or be moved freely or easily,di động,"automobile, bloodmobile, bookmobile, snowmobile",new_combinations
mode,Đã có trong MorphLink,6+,a way or manner in which something occurs or is done; a particular setting,"chế độ, phương thức","modeling, moderate, modern, modest, modify, module",new_combinations
model,Đã có trong MorphLink,2,"a small representation of an object, a person who displays clothing, or an ideal example to follow","mô hình, người mẫu","modelling, supermodel",new_combinations
modern,Đã có trong MorphLink,2,"relating to the present or recent times, especially in contrast to the past",hiện đại,"modernization, postmodern",missing_words_analyzed+new_combinations
modify,Đã có trong MorphLink,1,to make partial or minor changes to something,"sửa đổi, điều chỉnh",modifiable,new_combinations
moment,Đã có trong MorphLink,1,a very brief period of time; a particular point in time,"khoảnh khắc, thời điểm",momentous,new_combinations
monument,Đã có trong MorphLink,1,"a statue, building, or other structure built to commemorate a notable person or event","tượng đài, di tích",monumentally,new_combinations
moon,Đã có trong MorphLink,3,"the natural satellite of the earth, visible in the night sky",mặt trăng,"monday, moonlight, moonshot",missing_words_analyzed+new_combinations
moral,Đã có trong MorphLink,2,concerned with the principles of right and wrong behavior,đạo đức,"moralist, unmoral",new_combinations
more,Đã có trong MorphLink,2,a greater or additional amount or degree of something,nhiều hơn,"anymore, moreover",missing_words_analyzed
mortgage,Đã có trong MorphLink,2,"a loan used to buy property or land, secured against that property",khoản vay thế chấp (mua nhà),"mortgager, remortgage",new_combinations
most,Đã có trong MorphLink,5,the greatest amount or number; the superlative of much or many,nhiều nhất,"almost, foremost, leftmost, rightmost, undermost",missing_words_analyzed+new_combinations
mother,Đã có trong MorphLink,4,a woman in relation to her child or children,mẹ,"godmother, grandmother, motherboard, motherless",missing_words_analyzed+new_combinations
motion,Đã có trong MorphLink,3,the action or process of moving or changing place or position,sự chuyển động,"demotion, motionless, promotion",new_combinations
motive,Đã có trong MorphLink,2,a reason for doing something; the underlying cause of behavior,"động cơ, lý do","automotive, motivated",new_combinations
motor,Đã có trong MorphLink,4,"a machine that converts energy into motion, especially to drive a vehicle or device","động cơ, mô tơ","motorbike, motorcyclist, motormouth, motorway",missing_words_analyzed+new_combinations
mount,Đã có trong MorphLink,3,"to climb up or ascend something; also to fix something in position, or a mountain","leo lên, gắn lên; núi","amount, demount, insurmountable",missing_words_analyzed+new_combinations
mountain,Đã có trong MorphLink,2,a large natural elevation of the earth's surface rising abruptly from the surrounding level,núi,"mountainous, mountainside",missing_words_analyzed+new_combinations
mouth,Đã có trong MorphLink,1,the opening in the face used for eating and speaking,miệng,motormouth,new_combinations
move,Đã có trong MorphLink,3,to change position or location; to go from one place to another,di chuyển,"immoveable, moveable, movie",new_combinations
much,Đã có trong MorphLink,1,"a large amount of something, especially something uncountable",nhiều,overmuch,new_combinations
murder,Đã có trong MorphLink,1,the unlawful and deliberate killing of one person by another,"giết người, án mạng",murderous,new_combinations
music,Đã có trong MorphLink,1,"vocal or instrumental sounds combined to produce beauty of form, harmony, and emotional expression",âm nhạc,musically,new_combinations
must,Đã có trong MorphLink,1,a modal verb expressing necessity or obligation to do something,"phải, cần phải",mustard,new_combinations
mutual,Đã có trong MorphLink,1,felt or done in equal amount by two or more parties toward each other,"lẫn nhau, qua lại",mutually,new_combinations
name,Đã có trong MorphLink,1,"a word or set of words by which a person, animal, place, or thing is known","tên, tên gọi",nameless,new_combinations
nation,Đã có trong MorphLink,6+,"a large body of people united by common descent, culture, or government, forming a country","quốc gia, dân tộc","alternation, internationally, nationalism, nationally, nationwide, supranational",missing_words_analyzed+new_combinations
native,Đã có trong MorphLink,2,"belonging to a person by birth, or originating naturally in a place","bản xứ, bản địa","alternative, alternatively",new_combinations
nature,Đã có trong MorphLink,1,"the physical world and its phenomena, or the basic qualities of something","tự nhiên, thiên nhiên, bản chất",naturally,new_combinations
near,Đã có trong MorphLink,1,"at a short distance from a place, person, or time",gần,nearby,missing_words_analyzed
neck,Đã có trong MorphLink,1,the part of the body connecting the head to the shoulders,cổ,necklace,missing_words_analyzed
need,Đã có trong MorphLink,4,to require something because it is essential or very important,"cần, cần thiết","needless, needlessly, needling, unneeded",missing_words_analyzed+new_combinations
nerve,Đã có trong MorphLink,3,"a fiber that carries impulses between the brain and body, or courage in the face of danger","dây thần kinh, sự can đảm","nerveless, nervelessly, nervous",new_combinations
nest,Đã có trong MorphLink,1,a structure built by a bird or animal to lay eggs or house its young,"tổ (chim, thú)",thinnest,new_combinations
net,Đã có trong MorphLink,1,"an open-mesh material used to catch things, or the remaining amount after deductions",lưới; ròng (thu nhập ròng),network,missing_words_analyzed
never,Đã có trong MorphLink,1,at no time in the past or future; not ever,không bao giờ,nevertheless,missing_words_analyzed
new,Đã có trong MorphLink,2,"recently made, discovered, or created; not existing before",mới,"newcomer, news",missing_words_analyzed
night,Đã có trong MorphLink,4,the period of darkness between sunset and sunrise,"đêm, ban đêm","nightie, nightstick, overnight, tonight",missing_words_analyzed+new_combinations
nine,Đã có trong MorphLink,1,the number equal to 8 plus 1; 9,số chín,ninety,missing_words_analyzed
no,Đã có trong MorphLink,3,"a word used to express refusal, denial, or the absence of something","không, không có","nobody, nothing, nowhere",missing_words_analyzed
noble,Đã có trong MorphLink,2,"having fine personal qualities such as honor and courage, or belonging to the aristocracy","cao quý, quý tộc","nobility, nobleness",missing_words_analyzed+new_combinations
noise,Đã có trong MorphLink,4,"a sound, especially one that is loud, unpleasant, or unwanted","tiếng ồn, âm thanh","noiseless, noiselessly, noiselessness, noisy",missing_words_analyzed+new_combinations
noon,Đã có trong MorphLink,1,twelve o'clock in the middle of the day,"giữa trưa, 12 giờ trưa",afternoon,new_combinations
norm,Đã có trong MorphLink,2,"something that is usual, typical, or standard","tiêu chuẩn, chuẩn mực","abnormally, normally",new_combinations
north,Đã có trong MorphLink,2,"the direction toward the North Pole, opposite of south","hướng bắc, phía bắc","northbound, northward",new_combinations
nose,Đã có trong MorphLink,2,the part of the face used for breathing and smelling,mũi,"bluenose, nozzle",missing_words_analyzed+new_combinations
not,Đã có trong MorphLink,2,"used to express negation, denial, or refusal",không (từ phủ định),"notification, whatnot",missing_words_analyzed
note,Đã có trong MorphLink,5,"a brief written record, or a single musical tone",ghi chú; nốt nhạc,"banknote, footnote, notably, noteworthy, notice",missing_words_analyzed+new_combinations
notice,Đã có trong MorphLink,5,"attention or awareness of something, or a formal written announcement",sự chú ý; thông báo,"noticeable, noticeably, noticeboard, unnoticeable, unnoticed",missing_words_analyzed+new_combinations
notion,Đã có trong MorphLink,1,"a belief, idea, or general understanding about something","ý niệm, quan niệm",notionally,new_combinations
novel,Đã có trong MorphLink,1,"a long fictional prose narrative, or something new and original",tiểu thuyết; mới lạ,novelty,missing_words_analyzed
now,Đã có trong MorphLink,1,at the present time or moment,"bây giờ, hiện nay",nowadays,missing_words_analyzed
number,Đã có trong MorphLink,3,a mathematical value used for counting or calculating,"số, con số","numberless, numerically, renumber",missing_words_analyzed+new_combinations
nurse,Đã có trong MorphLink,1,a person trained to care for the sick or injured,y tá,nursery,missing_words_analyzed
oblige,Đã có trong MorphLink,3,"to require someone to do something, or to do a favor for someone",bắt buộc; giúp đỡ (làm ơn),"obligate, obligated, obligation",missing_words_analyzed+new_combinations
observe,Đã có trong MorphLink,3,to watch carefully or notice something,quan sát,"observation, observatory, unobserved",missing_words_analyzed
occasion,Đã có trong MorphLink,1,"a particular time or event, especially a special or significant one","dịp, sự kiện",occasionally,new_combinations
occupy,Đã có trong MorphLink,2,"to live in, fill, or take up a place or space","chiếm giữ, ở trong","occupant, reoccupy",missing_words_analyzed+new_combinations
occur,Đã có trong MorphLink,3,to happen or take place,xảy ra,"occurring, reoccur, reoccurring",missing_words_analyzed+new_combinations
off,Đã có trong MorphLink,2,"away from a place, or no longer in operation or connected","tắt, rời khỏi","cutoff, runoff",missing_words_analyzed
office,Đã có trong MorphLink,3,a room or building used for business or professional work,văn phòng,"interoffice, official, officious",missing_words_analyzed+new_combinations
oil,Đã có trong MorphLink,1,"a thick, viscous liquid that does not mix with water, used as fuel or lubricant",dầu,oily,missing_words_analyzed
old,Đã có trong MorphLink,1,having lived or existed for a long time; not young or new,"già, cũ",elder,missing_words_analyzed
one,Đã có trong MorphLink,3,the number 1; a single unit or item,"một, số một","anyone, everyone, someone",missing_words_analyzed
open,Đã có trong MorphLink,3,not closed or shut; allowing access or view,mở,"openest, opening, openness",missing_words_analyzed+new_combinations
oral,Đã có trong MorphLink,1,"spoken rather than written, or relating to the mouth","bằng miệng, thuộc miệng",pastoral,new_combinations
organ,Đã có trong MorphLink,1,"a part of the body with a specific function, or a large keyboard musical instrument",cơ quan (nội tạng); đàn organ,organics,new_combinations
origin,Đã có trong MorphLink,3,the point or place where something begins or is created,"nguồn gốc, khởi nguồn","aborigine, originally, originated",missing_words_analyzed+new_combinations
other,Đã có trong MorphLink,3,different from the one already mentioned; additional,khác,"another, others, otherwise",missing_words_analyzed+new_combinations
out,Đã có trong MorphLink,6+,away from the inside or center; not in a particular place,ra ngoài,"blackout, brownout, layout, outdoors, turnout, workout",missing_words_analyzed
over,Đã có trong MorphLink,6+,"positioned above or across something, or finished","trên, qua; kết thúc","changeover, crossover, leftover, overachieve, takeover, turnover",missing_words_analyzed+new_combinations
own,Đã có trong MorphLink,2,to possess something as belonging to oneself,"sở hữu, của riêng","homeowner, ownership",missing_words_analyzed
oxygen,Đã có trong MorphLink,1,"a colorless, odorless gas essential for life, symbol O",ô-xy,oxygenated,new_combinations
pace,Đã có trong MorphLink,1,the speed at which someone moves or something happens,"tốc độ, nhịp độ",pacify,new_combinations
pack,Đã có trong MorphLink,1,"a collection of things wrapped or tied together, or to fill a container with items","gói, bó; đóng gói",backpack,new_combinations
page,Đã có trong MorphLink,5,one side of a sheet of paper in a book or document,trang (sách),"homepage, pageant, pager, slippage, stoppage",new_combinations
pain,Đã có trong MorphLink,4,a highly unpleasant physical or emotional sensation caused by injury or illness,"đau, đau đớn","painfully, painkiller, painless, painlessly",missing_words_analyzed+new_combinations
paint,Đã có trong MorphLink,1,"a colored substance applied to a surface, or to apply such a substance",sơn; vẽ,painting,missing_words_analyzed
pair,Đã có trong MorphLink,1,a set of two things used together or matched,"đôi, cặp",pairwise,new_combinations
pale,Đã có trong MorphLink,3,"light in color or having little color, especially in the face","nhợt nhạt, xanh xao","impale, palate, palette",new_combinations
palm,Đã có trong MorphLink,1,"the inner surface of the hand, or a type of tropical tree",lòng bàn tay; cây cọ,facepalm,new_combinations
panel,Đã có trong MorphLink,2,"a flat piece of material forming part of a surface, or a group of people gathered to discuss something",tấm (vật liệu); ban hội thẩm,"impanel, panelling",new_combinations
panic,Đã có trong MorphLink,1,a sudden overwhelming feeling of fear or anxiety,sự hoảng loạn,panicking,new_combinations
pant,Đã có trong MorphLink,2,"to breathe quickly in short breaths, especially after exertion",thở hổn hển,"pantie, pantsuit",new_combinations
paper,Đã có trong MorphLink,5,"a thin material made from wood pulp, used for writing or printing",giấy,"newspaper, paperback, papergirl, paperwork, wastepaper",missing_words_analyzed+new_combinations
parallel,Đã có trong MorphLink,2,lines or things that are the same distance apart at every point and never meet,song song,"parallelling, unparalleled",missing_words_analyzed+new_combinations
parent,Đã có trong MorphLink,4,a father or mother of a child,cha mẹ,"godparent, grandparent, stepparent, transparent",missing_words_analyzed+new_combinations
park,Đã có trong MorphLink,1,a public area of land with grass and trees for recreation,công viên,parkour,new_combinations
parliament,Đã có trong MorphLink,1,a legislative body that makes laws for a country,"quốc hội, nghị viện",parliamentary,missing_words_analyzed
part,Đã có trong MorphLink,5,a piece or section of a whole,"phần, bộ phận","compartment, counterpart, depart, partial, partially",missing_words_analyzed+new_combinations
participate,Đã có trong MorphLink,3,to take part in an activity or event,tham gia,"participant, participator, participatory",missing_words_analyzed+new_combinations
partner,Đã có trong MorphLink,1,"a person who takes part in an activity with another, especially in business or a relationship","đối tác, bạn đời",partnership,new_combinations
pass,Đã có trong MorphLink,6+,"to move past or go by something, or to succeed in a test","vượt qua, đi qua","overpass, passable, passenger, passive, surpass, underpass",missing_words_analyzed+new_combinations
passion,Đã có trong MorphLink,2,a strong and powerful feeling or enthusiasm for something,đam mê,"passionately, passionless",missing_words_analyzed+new_combinations
past,Đã có trong MorphLink,6+,the time before the present; gone by,quá khứ,"bypast, pastie, pastor, pastoral, pasture, repast",new_combinations
pastor,Đã có trong MorphLink,1,a minister or priest in charge of a church congregation,mục sư,pastorate,new_combinations
patient,Đã có trong MorphLink,3,"able to accept delay or trouble without becoming annoyed, or a person receiving medical care",kiên nhẫn; bệnh nhân,"inpatient, patienter, patientest",new_combinations
pay,Đã có trong MorphLink,3,"to give money in exchange for goods, services, or work done","trả tiền, thanh toán","paycheck, payroll, taxpayer",missing_words_analyzed
peace,Đã có trong MorphLink,3,"freedom from war, conflict, or disturbance","hòa bình, yên bình","peaceable, peacefully, peacock",missing_words_analyzed+new_combinations
peer,Đã có trong MorphLink,1,"a person of the same age, status, or ability as another",người ngang hàng,peerless,new_combinations
pension,Đã có trong MorphLink,1,a regular payment made to a person after they retire from work,lương hưu,suspension,new_combinations
people,Đã có trong MorphLink,1,human beings in general or as a group,"người, dân chúng",townspeople,missing_words_analyzed
perform,Đã có trong MorphLink,1,"to carry out an action, task, or piece of work; to act or play music before an audience","thực hiện, biểu diễn",outperform,new_combinations
period,Đã có trong MorphLink,1,"a length of time, or a punctuation mark ending a sentence","giai đoạn, chu kỳ; dấu chấm câu",periodically,missing_words_analyzed
person,Đã có trong MorphLink,6+,a human being regarded as an individual,"người, cá nhân","anchorperson, personable, personality, personally, salesperson, spokesperson",missing_words_analyzed+new_combinations
persuade,Đã có trong MorphLink,2,to cause someone to believe or do something through reasoning or argument,thuyết phục,"persuasion, persuasive",missing_words_analyzed
pet,Đã có trong MorphLink,1,a domesticated animal kept for companionship or pleasure,thú cưng,competitively,missing_words_analyzed
petition,Đã có trong MorphLink,1,"a formal written request signed by many people, appealing for a cause","đơn thỉnh nguyện, kiến nghị",repetition,new_combinations
phrase,Đã có trong MorphLink,1,a small group of words that together have meaning but do not form a complete sentence,cụm từ,paraphrase,missing_words_analyzed
pick,Đã có trong MorphLink,2,to choose or select something from a number of options,"chọn, lựa chọn","picket, pickling",new_combinations
piece,Đã có trong MorphLink,3,"a portion or part of something, separated or considered separately from the whole","mảnh, miếng","crosspiece, eyepiece, masterpiece",missing_words_analyzed+new_combinations
pile,Đã có trong MorphLink,3,a heap of things laid or stacked on top of one another,"đống, chồng","compilation, stockpile, woodpile",missing_words_analyzed
pilot,Đã có trong MorphLink,2,a person who operates the controls of an aircraft,phi công,"autopilot, pilothouse",new_combinations
pin,Đã có trong MorphLink,1,"a thin piece of metal with a sharp point, used for fastening things","cái ghim, đinh ghim",underpinnings,missing_words_analyzed
pink,Đã có trong MorphLink,1,a pale red color,màu hồng,pinkie,new_combinations
pipe,Đã có trong MorphLink,2,a tube used to carry liquid or gas from one place to another,ống dẫn,"pipeline, tailpipe",missing_words_analyzed+new_combinations
pit,Đã có trong MorphLink,2,"a large hole in the ground, or a natural depression in the earth","hố, hầm","cockpit, pitfall",missing_words_analyzed
pity,Đã có trong MorphLink,1,a feeling of sorrow or sympathy for someone else's suffering,lòng thương xót,uppity,new_combinations
place,Đã có trong MorphLink,6+,"a particular position, point, or area in space; a location","nơi, chỗ, địa điểm","marketplace, placard, placate, placated, placer, workplace",missing_words_analyzed+new_combinations
plain,Đã có trong MorphLink,1,"simple or ordinary in appearance, without decoration; easy to understand","đơn giản, mộc mạc",explain,new_combinations
plan,Đã có trong MorphLink,5,a detailed proposal or scheme for achieving something in the future,kế hoạch,"explanation, planar, planet, planking, unplanned",missing_words_analyzed+new_combinations
plant,Đã có trong MorphLink,2,"a living organism that typically grows in the ground and has leaves, or a factory","cây, thực vật; nhà máy","houseplant, implant",new_combinations
plastic,Đã có trong MorphLink,1,a synthetic material that can be molded into various shapes,nhựa,microplastics,missing_words_analyzed
plate,Đã có trong MorphLink,3,a flat dish used for eating or serving food,đĩa,"platelet, platen, platitude",new_combinations
play,Đã có trong MorphLink,6+,"to engage in an activity for enjoyment, or to perform on a musical instrument or in a drama","chơi, biểu diễn","downplay, overplay, playable, playback, playground, playstation",missing_words_analyzed+new_combinations
plus,Đã có trong MorphLink,1,used to indicate addition; in addition to,"cộng, cộng thêm",nonplus,new_combinations
poet,Đã có trong MorphLink,1,a person who writes poems,nhà thơ,poetry,missing_words_analyzed
point,Đã có trong MorphLink,6+,"a particular spot, location, or moment; a sharp end; a specific idea being made","điểm, đầu nhọn","ballpoint, checkpoint, pointless, pointlessness, standpoint, viewpoint",missing_words_analyzed+new_combinations
poison,Đã có trong MorphLink,1,a substance that causes illness or death when it enters the body,chất độc,poisonous,new_combinations
pole,Đã có trong MorphLink,4,"a long, slender, rounded piece of wood or metal","cây sào, cột","polestar, police, polish, polite",new_combinations
polite,Đã có trong MorphLink,2,having or showing good manners and consideration for others,lịch sự,"politic, politics",new_combinations
poll,Đã có trong MorphLink,1,"a survey of people's opinions, especially before an election","cuộc thăm dò ý kiến, bầu cử",pollen,new_combinations
pool,Đã có trong MorphLink,1,"a small area of still water, or a structure filled with water for swimming","hồ nước, hồ bơi",whirlpool,missing_words_analyzed
pop,Đã có trong MorphLink,1,"to make a sudden sharp sound, or a genre of popular music","bật, nổ; nhạc pop",popcorn,missing_words_analyzed
port,Đã có trong MorphLink,6+,a town or harbor where ships load and unload cargo or passengers,cảng,"airport, importantly, importation, reportedly, transportation, unimportant",missing_words_analyzed+new_combinations
pose,Đã có trong MorphLink,3,"to put oneself in a particular position, or to present a problem or question",tạo dáng; đặt ra (vấn đề),"compose, oppose, suppose",missing_words_analyzed
possible,Đã có trong MorphLink,3,"able to happen, exist, or be achieved",có thể,"impossibility, possibility, possibly",missing_words_analyzed
post,Đã có trong MorphLink,6+,"an upright piece of wood or metal set in the ground as a support, or the system for sending mail",cột trụ; bưu điện,"milepost, postdate, postgraduate, postmodern, postscript, signpost",missing_words_analyzed+new_combinations
pot,Đã có trong MorphLink,1,a round container used for cooking or storing things,"nồi, chậu",pottery,missing_words_analyzed
pound,Đã có trong MorphLink,2,"a unit of weight (about 0.45 kg) or British currency, or to hit repeatedly with force","pao (đơn vị cân, tiền tệ); đập mạnh","expound, impound",new_combinations
pour,Đã có trong MorphLink,1,to flow or cause a liquid to flow steadily out of or into a container,"đổ, rót",downpour,new_combinations
powder,Đã có trong MorphLink,1,a dry substance made of fine particles,bột,gunpowder,missing_words_analyzed
power,Đã có trong MorphLink,6+,"the ability to control, influence, or do something; physical strength or energy","quyền lực, sức mạnh","empower, manpower, overpower, powerfully, powerless, willpower",missing_words_analyzed+new_combinations
praise,Đã có trong MorphLink,2,to express approval or admiration for someone or something,khen ngợi,"appraisal, appraise",missing_words_analyzed
preach,Đã có trong MorphLink,1,"to deliver a religious or moral talk, especially in a church","thuyết giáo, giảng đạo",preachy,missing_words_analyzed
precedent,Đã có trong MorphLink,1,an earlier event or decision used as an example or guide for later cases,tiền lệ,unprecedented,missing_words_analyzed
precise,Đã có trong MorphLink,3,exact and accurate in detail,chính xác,"preciser, precisest, precision",new_combinations
prefer,Đã có trong MorphLink,4,to like one thing better than another,"thích hơn, ưa thích hơn","preferable, preference, preferential, preferring",missing_words_analyzed+new_combinations
prepare,Đã có trong MorphLink,3,to make something or someone ready for a future event or use,chuẩn bị,"preparation, preparatory, unprepared",missing_words_analyzed
present,Đã có trong MorphLink,4,existing or happening now; a gift; to give or show something formally,hiện tại; món quà; trình bày,"presentable, presentation, represent, representative",missing_words_analyzed+new_combinations
press,Đã có trong MorphLink,5,"to push firmly against something, or the media that reports news","ấn, ép; báo chí","compress, expressionless, impressionable, suppress, suppression",missing_words_analyzed
prevent,Đã có trong MorphLink,2,to stop something from happening or someone from doing something,"ngăn chặn, phòng ngừa","preventable, unpreventable",new_combinations
price,Đã có trong MorphLink,2,the amount of money required to buy something,giá cả,"overprice, priceless",new_combinations
prim,Đã có trong MorphLink,2,"formal, stiff, and precise in manner, easily shocked by impropriety","đứng đắn, khuôn phép","primate, primrose",new_combinations
print,Đã có trong MorphLink,6+,to produce text or images on paper using a machine or press,"in, in ấn","blueprint, footprint, imprint, overprint, printable, unprintable",missing_words_analyzed+new_combinations
prior,Đã có trong MorphLink,2,existing or coming before something else in time or order,"trước, trước đó","prioress, prioritize",new_combinations
prison,Đã có trong MorphLink,1,a building where people are legally held as punishment for a crime,nhà tù,imprison,new_combinations
private,Đã có trong MorphLink,6+,belonging to or intended for a particular person; not public,"riêng tư, tư nhân","privacy, privateer, privatest, privation, privatize, semiprivate",missing_words_analyzed+new_combinations
problem,Đã có trong MorphLink,1,a matter or situation regarded as difficult and needing to be dealt with,vấn đề,problematic,missing_words_analyzed
profit,Đã có trong MorphLink,2,"a financial gain, especially the difference between amount earned and spent",lợi nhuận,"profitable, unprofitable",new_combinations
profound,Đã có trong MorphLink,1,very great or intense; showing deep insight or understanding,"sâu sắc, sâu xa",profounder,new_combinations
program,Đã có trong MorphLink,4,"a planned series of events or activities, or a set of instructions for a computer",chương trình,"deprogram, programmable, reprogram, subprogram",new_combinations
prompt,Đã có trong MorphLink,1,"done quickly and without delay, or to cause someone to do something","nhanh chóng, kịp thời; thúc giục",promptest,new_combinations
pronounce,Đã có trong MorphLink,2,to make the sound of a word or letter in speech,phát âm,"pronounceable, unpronounceable",new_combinations
proof,Đã có trong MorphLink,5,evidence or facts that show something is true,bằng chứng,"childproof, reproof, shockproof, soundproof, waterproof",missing_words_analyzed+new_combinations
proper,Đã có trong MorphLink,3,"correct, appropriate, or suitable according to social conventions","đúng đắn, thích hợp","properer, properest, property",missing_words_analyzed+new_combinations
protect,Đã có trong MorphLink,1,to keep someone or something safe from harm or damage,bảo vệ,unprotected,missing_words_analyzed
protest,Đã có trong MorphLink,1,a strong expression of disagreement or objection,phản đối,protestor,new_combinations
prove,Đã có trong MorphLink,2,to demonstrate the truth or existence of something with evidence,chứng minh,"improve, reprove",new_combinations
province,Đã có trong MorphLink,1,a large administrative division within a country,tỉnh,provincial,missing_words_analyzed
public,Đã có trong MorphLink,1,open to or shared by all people; relating to the general population,công cộng,republic,new_combinations
publish,Đã có trong MorphLink,3,"to prepare and issue a book, journal, or other material for public sale or distribution",xuất bản,"publishable, republish, unpublished",missing_words_analyzed+new_combinations
pulse,Đã có trong MorphLink,2,"the rhythmic beating of blood through the arteries, or a brief burst of energy","mạch đập, xung","impulse, pulsated",new_combinations
punch,Đã có trong MorphLink,1,to hit someone or something with a closed fist,đấm,punchline,new_combinations
punk,Đã có trong MorphLink,1,"a rebellious youth subculture and style of loud, fast rock music from the 1970s","nhạc punk, phong cách nổi loạn",punkest,new_combinations
pure,Đã có trong MorphLink,1,not mixed or adulterated with any other substance or material; free from impurities,"tinh khiết, thuần khiết",puree,new_combinations
purpose,Đã có trong MorphLink,2,the reason for which something is done or exists; an aim or goal,mục đích,"purposefully, purposeless",missing_words_analyzed+new_combinations
pursue,Đã có trong MorphLink,1,"to follow or chase someone or something, or to continue working toward a goal",theo đuổi,pursuit,missing_words_analyzed
push,Đã có trong MorphLink,1,to apply force to something in order to move it away,đẩy,pushy,missing_words_analyzed
qualify,Đã có trong MorphLink,2,to become entitled to something by fulfilling the necessary conditions,"đủ điều kiện, đạt tiêu chuẩn","qualification, unqualified",missing_words_analyzed
quarter,Đã có trong MorphLink,1,one of four equal parts into which something is divided,một phần tư,headquarter,missing_words_analyzed
quest,Đã có trong MorphLink,3,a long or difficult search for something,"cuộc tìm kiếm, cuộc thám hiểm","conquest, question, uniquest",missing_words_analyzed+new_combinations
question,Đã có trong MorphLink,2,"a sentence used to ask for information, or a matter of doubt/dispute","câu hỏi, vấn đề","questionable, unquestionable",new_combinations
quick,Đã có trong MorphLink,1,moving fast or done in a short amount of time,"nhanh, mau lẹ",quickie,new_combinations
quiet,Đã có trong MorphLink,1,making little or no noise; calm and peaceful,"yên tĩnh, im lặng",quietus,new_combinations
quit,Đã có trong MorphLink,2,"to stop doing something, or to leave a job or place","bỏ, thôi, từ bỏ, nghỉ việc","acquit, acquittal",missing_words_analyzed
race,Đã có trong MorphLink,3,"a competition to see who is fastest, or a group of people sharing ancestry or physical traits",cuộc đua; chủng tộc,"millrace, raceme, racetrack",missing_words_analyzed+new_combinations
rail,Đã có trong MorphLink,3,"a bar fixed as a support or barrier, or a track that a train runs on","thanh ray, tay vịn, đường sắt","guardrail, handrail, railway",missing_words_analyzed
rain,Đã có trong MorphLink,5,water falling in drops from clouds,mưa,"raindrop, rainfall, rainforest, rainy, restrain",missing_words_analyzed+new_combinations
range,Đã có trong MorphLink,3,"the area of variation between upper and lower limits, or a line of mountains","phạm vi, khoảng; dãy núi","derange, rearrange, rearrangement",new_combinations
rank,Đã có trong MorphLink,3,a position in a hierarchy or on a scale relative to others,"cấp bậc, thứ hạng","ranker, ranking, rankling",missing_words_analyzed+new_combinations
rape,Đã có trong MorphLink,1,the crime of forcing someone to have sex without their consent,"hiếp dâm, cưỡng hiếp",rapine,new_combinations
rapid,Đã có trong MorphLink,2,happening or moving very quickly,"nhanh, mau chóng","rapider, rapidest",new_combinations
rate,Đã có trong MorphLink,6+,"a measure of a quantity per unit of something else, such as speed or frequency","tỷ lệ, tốc độ","castrate, moderate, overrate, prorate, rating, underrate",missing_words_analyzed+new_combinations
reach,Đã có trong MorphLink,3,"to stretch out an arm to touch or grasp something, or to arrive at a place or level","vươn tới, đạt tới","overreach, reachable, unreachable",new_combinations
read,Đã có trong MorphLink,6+,to look at written words and understand their meaning,đọc,"readable, reading, readjust, readjustment, sightread, unreadable",missing_words_analyzed+new_combinations
ready,Đã có trong MorphLink,1,fully prepared for something or to do something,sẵn sàng,already,missing_words_analyzed+new_combinations
real,Đã có trong MorphLink,6+,"actually existing as a fact, not imaginary or fake","thật, có thật","realest, realistic, realistically, realize, sidereal, unrealistic",missing_words_analyzed+new_combinations
realize,Đã có trong MorphLink,1,"to become fully aware of something, or to achieve a plan or goal","nhận ra, nhận thức được; thực hiện được",unrealized,missing_words_analyzed
rear,Đã có trong MorphLink,4,"the back part of something, especially a vehicle or building","phía sau, phần đuôi","rearmost, rearrange, rearrangement, rearward",new_combinations
reason,Đã có trong MorphLink,4,"a cause, explanation, or justification for something","lý do, nguyên nhân","reasonable, reasonableness, reasonably, unreasonable",missing_words_analyzed+new_combinations
rebel,Đã có trong MorphLink,2,a person who resists or fights against authority or an established government,"kẻ nổi loạn, quân nổi dậy","rebelling, rebellion",new_combinations
recent,Đã có trong MorphLink,2,having happened or begun not long ago,gần đây,"recenter, recentest",new_combinations
record,Đã có trong MorphLink,2,"information set down in permanent form for reference, or to set such information down","bản ghi, hồ sơ; ghi lại","recording, unrecorded",missing_words_analyzed
recover,Đã có trong MorphLink,2,"to return to a normal state of health, mind, or strength, or to get something back","hồi phục, lấy lại","recoverable, recovery",missing_words_analyzed+new_combinations
refer,Đã có trong MorphLink,3,to mention or direct attention to someone or something,"đề cập đến, ám chỉ, tham chiếu","reference, referential, referring",missing_words_analyzed+new_combinations
regard,Đã có trong MorphLink,1,"to think of or consider in a particular way, or attention/concern given to something","coi là, xem như; sự quan tâm",regardless,new_combinations
region,Đã có trong MorphLink,1,"a large, indefinite area of land, often defined by natural or administrative boundaries","khu vực, vùng",regionally,new_combinations
register,Đã có trong MorphLink,1,"an official list or record, or to enroll or record something formally",sổ đăng ký; đăng ký,preregister,new_combinations
regret,Đã có trong MorphLink,2,a feeling of sadness or disappointment over something that happened or was not done,"sự hối tiếc, tiếc nuối","regrettable, regrettably",missing_words_analyzed+new_combinations
relate,Đã có trong MorphLink,3,"to show or make a connection between two or more things, or to tell a story",liên quan đến; kể lại,"correlate, correlation, unrelated",missing_words_analyzed
relax,Đã có trong MorphLink,2,"to make or become less tense, anxious, or stiff",thư giãn,"relaxant, relaxation",missing_words_analyzed+new_combinations
release,Đã có trong MorphLink,2,"to set free or let go, or to make something available to the public","thả ra, phóng thích; phát hành","releasable, unreleased",missing_words_analyzed+new_combinations
relieve,Đã có trong MorphLink,1,"to lessen or remove pain, distress, or a burden","làm giảm bớt, giải tỏa",unrelieved,missing_words_analyzed
rely,Đã có trong MorphLink,2,to depend on someone or something with full trust or confidence,"dựa vào, tin cậy vào","reliably, surely",missing_words_analyzed+new_combinations
remark,Đã có trong MorphLink,2,a spoken or written comment expressing an opinion or observation,"lời nhận xét, lời bình luận","remarkable, unremarkable",new_combinations
repeat,Đã có trong MorphLink,3,to say or do something again,lặp lại,"repeatable, repeatedly, unrepeatable",missing_words_analyzed+new_combinations
represent,Đã có trong MorphLink,1,"to stand for, symbolize, or act as a delegate for someone or something","đại diện cho, tượng trưng cho",representation,missing_words_analyzed
reside,Đã có trong MorphLink,2,to live in a particular place permanently or for an extended period,"cư trú, sinh sống","residency, resident",missing_words_analyzed
respect,Đã có trong MorphLink,2,"a feeling of deep admiration for someone or something, or to treat with consideration",sự tôn trọng; tôn trọng,"disrespectfully, respectable",missing_words_analyzed+new_combinations
respond,Đã có trong MorphLink,2,to say or do something as an answer or reaction,"đáp lại, phản hồi","correspondingly, responsiveness",missing_words_analyzed
response,Đã có trong MorphLink,1,an answer or reaction to something,"phản ứng, câu trả lời",responsibility,missing_words_analyzed
responsible,Đã có trong MorphLink,1,"having a duty to deal with or take care of something, or being the cause of something",có trách nhiệm,responsibly,missing_words_analyzed
rest,Đã có trong MorphLink,6+,"a period of relaxation or sleep, or the remaining part of something",sự nghỉ ngơi; phần còn lại,"backrest, footrest, restless, restlessness, restrain, restroom",missing_words_analyzed+new_combinations
restore,Đã có trong MorphLink,1,to bring something back to its former condition,"khôi phục, phục hồi",restoration,missing_words_analyzed
retire,Đã có trong MorphLink,1,"to leave one's job permanently, usually upon reaching a certain age",nghỉ hưu,retiree,new_combinations
return,Đã có trong MorphLink,3,"to come or go back to a place, or to give something back","trở lại, trở về; trả lại","nonreturnable, returnable, returnee",new_combinations
reveal,Đã có trong MorphLink,1,to make previously unknown or hidden information known,"tiết lộ, để lộ",revelation,missing_words_analyzed
rhetoric,Đã có trong MorphLink,1,the art of effective or persuasive speaking or writing,"thuật hùng biện, lời lẽ hoa mỹ",rhetorically,new_combinations
ride,Đã có trong MorphLink,2,to sit on and control the movement of a vehicle or animal,"cưỡi, đi (xe, ngựa)","deride, override",new_combinations
right,Đã có trong MorphLink,5,"morally good, justified, or correct; also the direction opposite of left","đúng, phải; quyền lợi","alright, downright, righter, rightest, rightmost",new_combinations
ring,Đã có trong MorphLink,6+,"a small circular band, especially worn on a finger, or the sound made by a bell",chiếc nhẫn; tiếng chuông reo,"conferring, homering, incurring, inferring, occurring, preferring",new_combinations
riot,Đã có trong MorphLink,1,a violent disturbance of the peace by a crowd,"bạo loạn, cuộc náo loạn",riotous,new_combinations
rise,Đã có trong MorphLink,2,"to move upward, or to increase in amount or number","tăng lên, mọc lên, dâng lên","arise, risen",missing_words_analyzed+new_combinations
risk,Đã có trong MorphLink,1,"the possibility of harm, loss, or danger","rủi ro, nguy cơ",risky,missing_words_analyzed
rival,Đã có trong MorphLink,2,a person or thing competing with another for the same objective,"đối thủ, kẻ cạnh tranh","rivalling, rivalry",missing_words_analyzed+new_combinations
river,Đã có trong MorphLink,2,a large natural stream of fresh water flowing to the sea,con sông,"riverbed, riverfront",missing_words_analyzed+new_combinations
road,Đã có trong MorphLink,6+,a wide way with a smooth surface for vehicles to travel on,con đường,"crossroad, roadkill, roadshow, roadside, roadway, roadwork",missing_words_analyzed+new_combinations
rob,Đã có trong MorphLink,1,"to steal property or money from a person or place, often using force","cướp, ăn trộm",robbery,missing_words_analyzed
robust,Đã có trong MorphLink,2,"strong, healthy, and sturdy in construction","khỏe mạnh, mạnh mẽ, chắc chắn","robuster, robustest",new_combinations
rock,Đã có trong MorphLink,2,a solid mineral material forming part of the earth's surface,"đá, tảng đá","rocket, rocky",missing_words_analyzed+new_combinations
rocket,Đã có trong MorphLink,1,"a vehicle or device propelled by burning fuel, used to travel into space or as a weapon",tên lửa,skyrocket,missing_words_analyzed
roll,Đã có trong MorphLink,2,"to move by turning over and over, or to form something into a cylindrical shape","lăn, cuộn lại","enrol, rollback",missing_words_analyzed+new_combinations
romantic,Đã có trong MorphLink,1,"relating to love, or characterized by idealized or passionate feelings",lãng mạn,romantically,new_combinations
roof,Đã có trong MorphLink,1,the structure covering the top of a building,mái nhà,rooftop,missing_words_analyzed
room,Đã có trong MorphLink,6+,"a separate area within a building, enclosed by walls, a floor, and a ceiling","căn phòng, phòng","bathroom, boardroom, classroom, restroom, showroom, stockroom",missing_words_analyzed+new_combinations
root,Đã có trong MorphLink,3,the part of a plant that grows underground and absorbs water and nutrients,rễ cây,"rooter, rootless, taproot",missing_words_analyzed+new_combinations
rose,Đã có trong MorphLink,2,"a fragrant flower, typically with thorns on its stem",hoa hồng,"primrose, roseate",new_combinations
rough,Đã có trong MorphLink,1,"having an uneven or irregular surface, not smooth","thô ráp, gồ ghề",roughhouse,new_combinations
round,Đã có trong MorphLink,2,having a shape like a circle or sphere,tròn,"roundworm, surround",new_combinations
routine,Đã có trong MorphLink,1,a sequence of actions regularly followed as a fixed program,"thói quen, quy trình thường lệ",routinize,new_combinations
ruin,Đã có trong MorphLink,2,"severe damage or destruction, or the physical remains of a destroyed structure","sự đổ nát, sự tàn phá; tàn tích","ruinous, ruinously",missing_words_analyzed+new_combinations
rule,Đã có trong MorphLink,1,"a statement guiding conduct or procedure, or to exercise governing authority","quy tắc, luật lệ; cai trị",overrule,new_combinations
run,Đã có trong MorphLink,1,"to move at a speed faster than walking, using the legs",chạy,runoff,missing_words_analyzed
sack,Đã có trong MorphLink,1,a large bag made of strong material such as cloth or paper,"bao tải, bao lớn",sackful,new_combinations
safe,Đã có trong MorphLink,2,"protected from danger, harm, or risk",an toàn,"safeguard, safety",missing_words_analyzed
sail,Đã có trong MorphLink,3,"to travel on water in a boat, especially using sails, or a piece of fabric that catches the wind",đi thuyền buồm; cánh buồm,"foresail, sailboard, sailfish",new_combinations
sake,Đã có trong MorphLink,1,"purpose or benefit, as in 'for the sake of'","vì lợi ích, vì mục đích của",forsake,missing_words_analyzed
sale,Đã có trong MorphLink,4,the exchange of goods or services for money,"sự bán hàng, cuộc bán","saleable, saline, salon, wholesale",missing_words_analyzed+new_combinations
salt,Đã có trong MorphLink,2,a white crystalline substance used to season or preserve food,muối,"saltine, salty",missing_words_analyzed+new_combinations
sand,Đã có trong MorphLink,3,"loose granular material found on beaches, deserts, and riverbeds",cát,"sandal, sandbag, sandcastle",missing_words_analyzed+new_combinations
sauce,Đã có trong MorphLink,1,a liquid or semi-liquid substance served with or on food to add flavor,nước sốt,applesauce,new_combinations
save,Đã có trong MorphLink,5,"to keep someone or something safe from harm or loss, or to keep money for future use",cứu; tiết kiệm,"savage, savant, saving, saviour, savory",missing_words_analyzed+new_combinations
scale,Đã có trong MorphLink,4,"a series of marks used for measuring, or the relative size or extent of something","thang đo, tỷ lệ; quy mô","downscale, timescale, timescales, upscale",missing_words_analyzed+new_combinations
scan,Đã có trong MorphLink,1,"to look over something quickly, or to examine using a scanning device","quét, xem lướt qua",scantest,new_combinations
scandal,Đã có trong MorphLink,1,an action or event regarded as morally or legally wrong and causing public outrage,"vụ bê bối, vụ tai tiếng",scandalous,new_combinations
scare,Đã có trong MorphLink,1,to frighten someone suddenly,"làm sợ hãi, làm hoảng sợ",scary,missing_words_analyzed
scene,Đã có trong MorphLink,2,"the place where an event occurs, or a part of a play, film, or book","cảnh, hiện trường; cảnh phim","obscene, scenery",missing_words_analyzed+new_combinations
school,Đã có trong MorphLink,3,an institution for educating children or students,trường học,"schoolchildren, schoolwork, schoolyard",missing_words_analyzed+new_combinations
scope,Đã có trong MorphLink,1,the extent of the area or subject matter that something deals with or covers,phạm vi,telescope,missing_words_analyzed
score,Đã có trong MorphLink,5,"the number of points, goals, or marks achieved in a game, competition, or test","điểm số, tỷ số","fourscore, scoreboard, scoreless, threescore, underscore",missing_words_analyzed+new_combinations
screw,Đã có trong MorphLink,1,"a small metal fastener with a helical thread, driven in by turning","con vít, đinh vít",screwdriver,missing_words_analyzed
script,Đã có trong MorphLink,3,"the written text of a play, film, or broadcast","kịch bản, bản thảo","manuscript, postscript, transcript",missing_words_analyzed+new_combinations
sea,Đã có trong MorphLink,5,"a large body of salt water, smaller than an ocean or part of one",biển,"seabed, seabird, seafood, seaweed, seaworthy",missing_words_analyzed
seal,Đã có trong MorphLink,1,"a device or substance used to close something tightly, or a marine mammal","con dấu, vật gắn kín; hải cẩu",sealant,new_combinations
season,Đã có trong MorphLink,3,"one of the four divisions of the year (spring, summer, autumn, winter), each with characteristic weather",mùa (trong năm),"seasonable, seasonally, unseasonable",new_combinations
second,Đã có trong MorphLink,3,"coming after the first in order or importance, or a unit of time equal to 1/60 of a minute",thứ hai; giây,"millisecond, secondary, secondhand",missing_words_analyzed+new_combinations
secret,Đã có trong MorphLink,4,something kept hidden or known only to a few people,"bí mật, điều bí mật","secrecy, secretion, secretive, secretively",missing_words_analyzed+new_combinations
secretary,Đã có trong MorphLink,1,"a person employed to handle correspondence, filing, and administrative tasks",thư ký,undersecretary,new_combinations
secure,Đã có trong MorphLink,3,"fixed firmly in place, or free from danger and risk","an toàn, chắc chắn","insecure, securer, securest",new_combinations
see,Đã có trong MorphLink,2,to perceive or become aware of something with the eyes,"nhìn thấy, xem","sightsee, unforeseen",missing_words_analyzed
seed,Đã có trong MorphLink,1,the small hard part of a plant from which a new plant can grow,hạt giống,seedless,new_combinations
seem,Đã có trong MorphLink,1,to give the impression of being or doing something,"có vẻ như, dường như",seemingly,missing_words_analyzed
select,Đã có trong MorphLink,1,to carefully choose someone or something from a group of alternatives,"lựa chọn, chọn lọc",selectively,missing_words_analyzed
self,Đã có trong MorphLink,5,"a person's essential being or individual identity, distinguished from others","bản thân, cái tôi","oneself, selfie, selfless, selflessly, selflessness",missing_words_analyzed+new_combinations
sell,Đã có trong MorphLink,4,to give something in exchange for money,bán,"bestseller, oversell, resell, undersell",missing_words_analyzed+new_combinations
send,Đã có trong MorphLink,2,to cause something to go or be conveyed to a destination,gửi,"godsend, resend",new_combinations
sense,Đã có trong MorphLink,6+,"one of the faculties (sight, hearing, etc.) by which the body perceives, or a reasonable understanding of something","giác quan; ý thức, cảm giác","sensation, senseless, senselessness, sensible, sensitive, sensory",missing_words_analyzed+new_combinations
sequence,Đã có trong MorphLink,1,a particular order in which related things follow each other,"chuỗi, trình tự",sequencer,new_combinations
serve,Đã có trong MorphLink,4,"to perform duties for someone or an organization, or to provide food or drink to",phục vụ,"conservative, conserve, observe, reserve",missing_words_analyzed+new_combinations
set,Đã có trong MorphLink,3,"a group of similar things that belong together, or to put something in a particular position","bộ, tập hợp; đặt, để","setback, setting, sunset",missing_words_analyzed
seven,Đã có trong MorphLink,1,the number equal to one more than six; 7,số bảy,seventy,missing_words_analyzed
severe,Đã có trong MorphLink,3,"very great, intense, or extremely strict and harsh","nghiêm trọng, khắc nghiệt, nghiêm khắc","several, severally, severance",new_combinations
sex,Đã có trong MorphLink,3,the biological state of being male or female,giới tính,"sexual, sexuality, sexually",missing_words_analyzed
shadow,Đã có trong MorphLink,1,a dark area or shape produced by an object blocking a source of light,"bóng, bóng râm",overshadow,new_combinations
shake,Đã có trong MorphLink,1,to move quickly and repeatedly back and forth or up and down,"lắc, rung",shaky,missing_words_analyzed
shame,Đã có trong MorphLink,4,a painful feeling caused by the consciousness of wrong or foolish behavior,"sự xấu hổ, sự hổ thẹn","ashamed, shamefully, shameless, shamelessly",missing_words_analyzed+new_combinations
shape,Đã có trong MorphLink,3,the external form or outline of something,hình dạng,"shapeless, shapelessly, shapelessness",new_combinations
share,Đã có trong MorphLink,4,"a portion of something belonging to or given by one person, or to use or have something jointly",chia sẻ; phần chia,"overshare, shareable, shareholder, sharia",missing_words_analyzed+new_combinations
shed,Đã có trong MorphLink,3,"a simple roofed structure used for storage or shelter, or to cast off or let fall","nhà kho nhỏ; rụng, rơi ra","dished, perished, snowshed",new_combinations
sheep,Đã có trong MorphLink,1,a domesticated grazing animal kept for its wool and meat,con cừu,sheepfold,new_combinations
sheet,Đã có trong MorphLink,2,"a large piece of thin material, such as cloth used on a bed or paper","tấm, tờ (giấy, vải)","spreadsheet, worksheet",missing_words_analyzed
shell,Đã có trong MorphLink,1,"the hard protective outer covering of an animal, egg, nut, or seed","vỏ (sò, trứng, hạt)",shellfish,missing_words_analyzed
shift,Đã có trong MorphLink,2,"a change in position, direction, or emphasis, or an allotted period of work",sự thay đổi; ca làm việc,"shiftless, shiftlessness",new_combinations
shine,Đã có trong MorphLink,2,to give out or reflect bright light,"chiếu sáng, tỏa sáng, lấp lánh","shiny, sunshine",missing_words_analyzed
ship,Đã có trong MorphLink,6+,a large vessel used for transporting people or goods by sea,"con tàu, tàu thủy","authorship, championship, citizenship, courtship, shipwreck, shipwright",missing_words_analyzed+new_combinations
shirt,Đã có trong MorphLink,1,"a garment for the upper body, typically with a collar and sleeves",áo sơ mi,undershirt,new_combinations
shock,Đã có trong MorphLink,3,"a sudden, upsetting, or surprising event or feeling","cú sốc, sự bàng hoàng","aftershock, shockingly, shockproof",missing_words_analyzed+new_combinations
shoe,Đã có trong MorphLink,3,an outer covering worn to protect the foot,giày,"overshoe, shoal, shoon",new_combinations
shoot,Đã có trong MorphLink,2,"to fire a bullet or arrow from a weapon, or to move very swiftly","bắn, phóng","overshoot, undershoot",new_combinations
shop,Đã có trong MorphLink,6+,a building or part of a building where goods are sold,"cửa hàng, tiệm","bishop, bookshop, shopkeeper, shoplift, shoptalk, workshop",missing_words_analyzed+new_combinations
shore,Đã có trong MorphLink,2,"the land along the edge of a sea, lake, or large river","bờ (biển, hồ)","ashore, shoreline",missing_words_analyzed
short,Đã có trong MorphLink,6+,"measuring little in length, distance, or duration",ngắn,"shortchange, shortcoming, shortcut, shortfall, shorthand, shortlist",missing_words_analyzed+new_combinations
shot,Đã có trong MorphLink,5,"an act of firing a gun, or an attempt to do something","phát súng, cú bắn","moonshot, overshot, snapshot, troubleshot, undershot",missing_words_analyzed+new_combinations
show,Đã có trong MorphLink,4,"to display something so it can be seen, or a public exhibition or performance","trình chiếu, biểu diễn; buổi trình diễn","roadshow, showcase, showroom, slideshow",missing_words_analyzed+new_combinations
shrink,Đã có trong MorphLink,2,to become or make smaller in size,"co lại, thu nhỏ","preshrink, shrinkable",new_combinations
shut,Đã có trong MorphLink,1,"to move something, such as a door, into a closed position",đóng lại,shutdown,missing_words_analyzed
sick,Đã có trong MorphLink,2,affected by illness or disease; unwell,"ốm, bệnh","homesick, homesickness",missing_words_analyzed
side,Đã có trong MorphLink,6+,"a position to the left or right of an object, or a surface or edge of something","bên, mặt bên, cạnh","alongside, aside, besides, countryside, sideline, sideways",missing_words_analyzed+new_combinations
sight,Đã có trong MorphLink,5,"the faculty or power of seeing, or something that is seen",thị giác; cảnh tượng,"oversight, sighting, sightless, sightread, sightsee",missing_words_analyzed+new_combinations
sign,Đã có trong MorphLink,6+,"a mark, symbol, or gesture conveying information, or to write one's name on a document","dấu hiệu, biển báo; ký tên","resignation, signature, significance, signification, signpost, unsigned",missing_words_analyzed+new_combinations
silent,Đã có trong MorphLink,2,making or having no sound,"im lặng, yên lặng","silenter, silentest",new_combinations
silver,Đã có trong MorphLink,1,"a shiny, greyish-white precious metal",bạc,silverfish,new_combinations
simple,Đã có trong MorphLink,3,easily understood or done; not complicated,đơn giản,"simpleness, simplicity, simply",missing_words_analyzed+new_combinations
sincere,Đã có trong MorphLink,1,"genuine and honest in feeling, free of pretense or deceit","chân thành, thành thật",insincere,new_combinations
sing,Đã có trong MorphLink,6+,to make musical sounds with the voice,hát,"canvassing, cleansing, demising, dissing, missing, singling",new_combinations
sink,Đã có trong MorphLink,1,"to go down below the surface of a liquid, or a fixed basin with a water supply and drain",chìm; bồn rửa,sinkable,new_combinations
sister,Đã có trong MorphLink,1,a female sibling,chị/em gái,resister,new_combinations
site,Đã có trong MorphLink,1,"the location of a particular building, event, or activity","địa điểm, vị trí",website,missing_words_analyzed
size,Đã có trong MorphLink,6+,"the physical dimensions, magnitude, or extent of something","kích thước, kích cỡ","downsize, outsized, oversize, sizeable, supersize, undersize",missing_words_analyzed+new_combinations
skill,Đã có trong MorphLink,4,"the ability to do something well, gained through training or experience",kỹ năng,"skilful, skilled, skillet, unskilled",missing_words_analyzed+new_combinations
skin,Đã có trong MorphLink,2,the thin outer layer covering the body of a person or animal,da,"skinless, skintight",new_combinations
skirt,Đã có trong MorphLink,1,"a garment hanging from the waist, worn mainly by women and girls",váy,underskirt,new_combinations
sky,Đã có trong MorphLink,4,"the region above the earth where clouds, the sun, and stars appear",bầu trời,"skydive, skyline, skyrocket, skyscraper",missing_words_analyzed
slave,Đã có trong MorphLink,2,a person who is legally owned by another and forced to work without pay,nô lệ,"slaver, slavering",new_combinations
sleep,Đã có trong MorphLink,6+,"a natural, periodic state of rest in which the body and mind become inactive",giấc ngủ,"asleep, oversleep, sleepless, sleeplessness, sleepwear, sleepy",missing_words_analyzed+new_combinations
slide,Đã có trong MorphLink,4,to move smoothly along a surface without losing contact with it,trượt,"backslide, backslider, landslide, slideshow",missing_words_analyzed+new_combinations
slip,Đã có trong MorphLink,1,"to slide suddenly and accidentally, often losing one's balance","trượt ngã, trượt chân",slippage,new_combinations
slow,Đã có trong MorphLink,1,not moving or happening quickly; taking a long time,chậm,slowdown,new_combinations
small,Đã có trong MorphLink,1,of a size that is less than normal or usual; little,nhỏ,smallpox,missing_words_analyzed
smart,Đã có trong MorphLink,3,"having or showing quick intelligence, or stylish and neat in appearance",thông minh; bảnh bao,"smarten, smartphone, smartwatch",missing_words_analyzed+new_combinations
smoke,Đã có trong MorphLink,2,the visible gas and particles given off by something burning,khói,"smokeless, smoky",missing_words_analyzed+new_combinations
smooth,Đã có trong MorphLink,1,"having an even, level surface with no bumps or roughness","trơn, mịn, nhẵn",smoothie,new_combinations
snap,Đã có trong MorphLink,2,"to break suddenly with a sharp cracking sound, or a quick photograph",bẻ gãy đánh tách; ảnh chụp nhanh,"snapshot, unsnap",missing_words_analyzed+new_combinations
snow,Đã có trong MorphLink,6+,soft white ice crystals that fall as precipitation in cold weather,tuyết,"snowboard, snowdrop, snowmobile, snowshed, snowstorm, snowsuit",missing_words_analyzed+new_combinations
soft,Đã có trong MorphLink,2,not hard or firm; pleasant and yielding to the touch,mềm,"softie, software",missing_words_analyzed+new_combinations
soil,Đã có trong MorphLink,1,the top layer of earth in which plants grow,"đất, đất trồng",topsoil,missing_words_analyzed
sole,Đã có trong MorphLink,4,"the bottom surface of a foot or shoe, or being the only one of its kind","lòng bàn chân, đế giày; duy nhất","insole, solar, solaria, solitude",new_combinations
solid,Đã có trong MorphLink,3,"firm and stable in shape, not liquid or gas","rắn, đặc","consolidate, solider, solidest",missing_words_analyzed+new_combinations
solve,Đã có trong MorphLink,1,to find a correct answer or solution to a problem,"giải quyết, giải (bài toán)",dissolve,new_combinations
some,Đã có trong MorphLink,6+,an unspecified amount or number of something,"một số, một vài","somebody, somehow, someone, something, sometimes, somewhere",missing_words_analyzed
song,Đã có trong MorphLink,1,a short piece of music with words meant to be sung,bài hát,songbird,missing_words_analyzed
sort,Đã có trong MorphLink,3,"a particular kind, type, or category of something","loại, thể loại","assortment, resort, sortie",missing_words_analyzed+new_combinations
soul,Đã có trong MorphLink,2,"the spiritual or immaterial part of a person, believed to live on after death",linh hồn,"soulless, soulmate",new_combinations
sound,Đã có trong MorphLink,6+,vibrations that travel through the air and can be heard,âm thanh,"resound, sounding, soundless, soundlessly, soundproof, ultrasound",missing_words_analyzed+new_combinations
south,Đã có trong MorphLink,2,the direction that is opposite to north,phía nam,"southeast, southward",missing_words_analyzed+new_combinations
space,Đã có trong MorphLink,6+,"an empty or open area, or the vast expanse beyond Earth's atmosphere","không gian, khoảng trống; vũ trụ","cyberspace, hyperspace, spaceflight, spaceship, spacewalk, spatial",missing_words_analyzed+new_combinations
spare,Đã có trong MorphLink,1,kept in reserve for use when needed; extra,"dự phòng, dư ra",sparingly,missing_words_analyzed
spark,Đã có trong MorphLink,1,"a small fiery particle thrown off by burning, or something that ignites an event",tia lửa; điều khơi mào,sparkling,new_combinations
speak,Đã có trong MorphLink,1,to say words aloud in order to communicate,"nói, phát biểu",loudspeaker,missing_words_analyzed
speech,Đã có trong MorphLink,1,"the act of speaking, or a formal talk given to an audience",lời nói; bài diễn văn,speechless,new_combinations
speed,Đã có trong MorphLink,2,the rate at which something moves or happens,tốc độ,"speedboat, speedster",missing_words_analyzed+new_combinations
spell,Đã có trong MorphLink,3,to name or write in correct order the letters that form a word,đánh vần,"respell, spellcheck, spellchecker",new_combinations
spend,Đã có trong MorphLink,2,"to pay out money, or to use up time or effort","tiêu (tiền), dành (thời gian)","overspend, suspend",new_combinations
sphere,Đã có trong MorphLink,1,"a round, solid, three-dimensional shape like a ball","hình cầu, quả cầu",biosphere,missing_words_analyzed
spill,Đã có trong MorphLink,3,to cause or allow a liquid to flow out of a container accidentally,"làm đổ, tràn ra","overspill, spillage, spillway",missing_words_analyzed+new_combinations
spin,Đã có trong MorphLink,3,to turn around and around quickly on an axis,"quay, xoay tròn","backspin, spinal, spinster",new_combinations
spine,Đã có trong MorphLink,2,"the backbone of a person or animal, or the bound edge of a book","xương sống, cột sống; gáy sách","spineless, spinet",new_combinations
spirit,Đã có trong MorphLink,3,"the non-physical part of a person connected with mood, character, or the soul","tinh thần, linh hồn","spiritless, spiritual, spirituality",missing_words_analyzed+new_combinations
spite,Đã có trong MorphLink,2,"a desire to hurt, annoy, or offend someone","sự hằn học, ác ý","despite, respite",new_combinations
spoil,Đã có trong MorphLink,1,"to damage or ruin something, or to reduce its quality","làm hỏng, phá hỏng",unspoiled,missing_words_analyzed
sponsor,Đã có trong MorphLink,1,"a person or organization that provides financial support for a person, event, or activity","nhà tài trợ, người bảo trợ",sponsorship,new_combinations
spoon,Đã có trong MorphLink,1,"a utensil with a shallow bowl and a handle, used for eating or serving food","cái thìa, cái muỗng",spoonbill,new_combinations
sport,Đã có trong MorphLink,2,a physical activity governed by rules and often played competitively,"thể thao, môn thể thao","disport, sportswear",new_combinations
spot,Đã có trong MorphLink,5,"a small round mark, or a particular place or location","đốm, vết; địa điểm","despot, spotless, spotlessly, spotlessness, spotlight",missing_words_analyzed+new_combinations
spread,Đã có trong MorphLink,3,to extend or open out over a wider area,"lan rộng, trải ra","overspread, spreadsheet, widespread",missing_words_analyzed+new_combinations
spring,Đã có trong MorphLink,1,"the season between winter and summer, or a coil that returns to shape after being compressed",mùa xuân; lò xo,handspring,new_combinations
stab,Đã có trong MorphLink,1,to wound or pierce someone with a pointed weapon,đâm (bằng vật nhọn),stabling,new_combinations
stable,Đã có trong MorphLink,3,firmly fixed and not likely to change or fail; steady,"ổn định, vững chắc","instability, stability, stabilize",missing_words_analyzed
staff,Đã có trong MorphLink,3,"the employees of an organization, or a long stick used for support",nhân viên; cây gậy,"distaff, staffer, understaffed",missing_words_analyzed+new_combinations
stage,Đã có trong MorphLink,3,"a raised platform for performances, or a distinct period in a process",sân khấu; giai đoạn,"backstage, downstage, stagehand",missing_words_analyzed+new_combinations
stair,Đã có trong MorphLink,2,one of a set of steps leading from one level to another,bậc thang,"staircase, stairwell",missing_words_analyzed
stall,Đã có trong MorphLink,3,"a small stand for selling goods, or to stop working suddenly","quầy hàng nhỏ; bị chết máy, khựng lại","instal, installation, instalment",missing_words_analyzed
stance,Đã có trong MorphLink,3,"the way a person stands, or a publicly stated opinion or attitude","tư thế đứng; lập trường, quan điểm","distance, instance, substance",new_combinations
stand,Đã có trong MorphLink,6+,to be in an upright position on one's feet,đứng,"freestanding, outstanding, standby, standpoint, standstill, withstand",missing_words_analyzed+new_combinations
star,Đã có trong MorphLink,6+,"a large glowing ball of gas seen in the night sky, or a famous performer",ngôi sao; ngôi sao (người nổi tiếng),"costar, loadstar, polestar, starless, starling, starring",new_combinations
stark,Đã có trong MorphLink,1,"severe, bare, or in obvious and harsh contrast","trơ trụi, rõ rệt, khắc nghiệt",starkness,new_combinations
start,Đã có trong MorphLink,3,"to begin an activity, process, or journey",bắt đầu,"restart, startling, startup",missing_words_analyzed+new_combinations
starve,Đã có trong MorphLink,1,to suffer or die from a severe lack of food,"chết đói, đói khát",starvation,missing_words_analyzed
state,Đã có trong MorphLink,6+,"a particular condition of something, or a nation or region governed as a political unit","trạng thái; tiểu bang, quốc gia","downstate, overstate, statehouse, stateless, stateside, understate",new_combinations
statistic,Đã có trong MorphLink,1,a numerical fact or piece of data collected for analysis,số liệu thống kê,statistically,new_combinations
stay,Đã có trong MorphLink,1,to remain in a place or condition without leaving,"ở lại, lưu lại",overstay,new_combinations
steal,Đã có trong MorphLink,1,to take something that belongs to someone else without permission,"ăn cắp, đánh cắp",stealth,new_combinations
steam,Đã có trong MorphLink,1,the hot vapor that rises from boiling or heated water,hơi nước,steamship,new_combinations
step,Đã có trong MorphLink,6+,"a single movement of the foot in walking, or one stage in a process","bước chân; bước, giai đoạn","doorstep, footstep, lockstep, misstep, overstep, stepparent",missing_words_analyzed+new_combinations
stick,Đã có trong MorphLink,4,"a thin piece of wood, or to become fixed or attached to something","que, cây gậy; dính, gắn vào","lipstick, nightstick, sticky, yardstick",missing_words_analyzed+new_combinations
still,Đã có trong MorphLink,2,"not moving; remaining in place, or continuing up to the present time","yên tĩnh, bất động; vẫn còn","distill, standstill",missing_words_analyzed+new_combinations
stir,Đã có trong MorphLink,2,to mix a liquid or substance using a circular movement,"khuấy, trộn","bestirring, stirring",new_combinations
stock,Đã có trong MorphLink,5,"a supply of goods kept for sale or use, or a share in a company",hàng dự trữ; cổ phiếu,"livestock, overstock, stockade, stockpile, stockroom",missing_words_analyzed+new_combinations
stone,Đã có trong MorphLink,6+,a small hard piece of rock,"đá, hòn đá","cornerstone, grindstone, milestone, stony, whetstone, yellowstone",missing_words_analyzed+new_combinations
stop,Đã có trong MorphLink,4,"to cease moving, acting, or operating","dừng lại, ngừng","backstop, stoplight, stoppage, stopwatch",missing_words_analyzed+new_combinations
store,Đã có trong MorphLink,6+,"a shop where goods are sold, or to keep something for future use","cửa hàng; lưu trữ, cất giữ","bookstore, drugstore, restorative, restore, storefront, storehouse",missing_words_analyzed+new_combinations
storm,Đã có trong MorphLink,4,"a violent disturbance of the atmosphere with strong wind, rain, or snow","cơn bão, giông bão","firestorm, snowstorm, thunderstorm, windstorm",missing_words_analyzed+new_combinations
straight,Đã có trong MorphLink,2,extending in one direction without a curve or bend,thẳng,"straightedge, straightforward",missing_words_analyzed+new_combinations
strain,Đã có trong MorphLink,2,"to injure a muscle through overexertion, or to filter a substance","làm căng, làm căng thẳng; lọc","constrain, constraint",missing_words_analyzed
stream,Đã có trong MorphLink,4,"a small narrow river, or a continuous flow of something",dòng suối; dòng chảy liên tục,"bloodstream, downstream, mainstream, streamline",missing_words_analyzed+new_combinations
street,Đã có trong MorphLink,1,"a public road in a city or town, usually lined with buildings",đường phố,streetlight,missing_words_analyzed
stress,Đã có trong MorphLink,1,"mental or emotional tension caused by pressure, or emphasis placed on something",căng thẳng; sự nhấn mạnh,distress,new_combinations
stretch,Đã có trong MorphLink,2,to extend one's limbs or a material to its full length,"kéo dài, căng ra, duỗi","backstretch, homestretch",new_combinations
strict,Đã có trong MorphLink,2,demanding that rules be obeyed exactly; very precise,"nghiêm khắc, chặt chẽ","district, unrestricted",missing_words_analyzed+new_combinations
string,Đã có trong MorphLink,1,a thin cord made of twisted threads,"sợi dây, dây",drawstring,new_combinations
strive,Đã có trong MorphLink,1,to make great efforts to achieve or obtain something,"nỗ lực, cố gắng đạt được",striven,new_combinations
strong,Đã có trong MorphLink,1,having great physical power or force,"mạnh, khỏe mạnh",stronghold,missing_words_analyzed
stuff,Đã có trong MorphLink,1,matter or material of an unspecified or general kind; belongings,"đồ đạc, chất liệu, thứ",foodstuff,missing_words_analyzed
style,Đã có trong MorphLink,2,"a distinctive manner of doing, making, or expressing something",phong cách,"lifestyle, stylistic",missing_words_analyzed+new_combinations
submit,Đã có trong MorphLink,2,"to hand in or present something for consideration, or to yield to authority","nộp, đệ trình; phục tùng","resubmit, submitter",new_combinations
subtle,Đã có trong MorphLink,3,so delicate or precise as to be difficult to notice or describe,"tinh tế, tế nhị, khó nhận thấy","subtlety, subtly, unsubtle",missing_words_analyzed+new_combinations
success,Đã có trong MorphLink,4,the accomplishment of an aim or purpose,thành công,"successfully, succession, successive, successor",missing_words_analyzed+new_combinations
suck,Đã có trong MorphLink,1,to draw liquid or air into the mouth by contracting the lips and cheeks,"hút, mút",suckling,new_combinations
sudden,Đã có trong MorphLink,1,happening quickly and without warning,"đột ngột, bất ngờ",suddenness,new_combinations
sugar,Đã có trong MorphLink,3,"a sweet crystalline substance obtained from plants, used to sweeten food and drink",đường,"sugarcoat, sugarless, sugary",missing_words_analyzed+new_combinations
suggest,Đã có trong MorphLink,1,to put forward an idea or plan for consideration,"đề nghị, gợi ý",suggester,new_combinations
suit,Đã có trong MorphLink,6+,"a set of matching outer clothes, or to be appropriate or convenient for someone",bộ com-lê; phù hợp với,"jumpsuit, pantsuit, snowsuit, suitable, unsuitable, unsuited",missing_words_analyzed+new_combinations
sum,Đã có trong MorphLink,2,the total amount resulting from adding numbers together,"tổng, tổng số","consumable, summary",missing_words_analyzed
summer,Đã có trong MorphLink,1,"the warmest season of the year, between spring and autumn","mùa hè, mùa hạ",summertime,missing_words_analyzed
sun,Đã có trong MorphLink,3,the star at the center of the solar system that gives Earth light and heat,mặt trời,"sunny, sunset, sunshine",missing_words_analyzed
superb,Đã có trong MorphLink,2,excellent; of very high quality,"tuyệt vời, xuất sắc","superber, superbest",new_combinations
supply,Đã có trong MorphLink,4,to provide someone with something that is needed,cung cấp,"oversupplied, oversupply, resupply, suppliant",missing_words_analyzed+new_combinations
support,Đã có trong MorphLink,5,"to give assistance, encouragement, or approval to someone or something","hỗ trợ, ủng hộ","insupportable, nonsupport, supportable, unsupportable, unsupported",missing_words_analyzed+new_combinations
sure,Đã có trong MorphLink,1,certain and confident about something,chắc chắn,assurance,missing_words_analyzed
surprise,Đã có trong MorphLink,1,"an unexpected event, or the feeling caused by something unanticipated","sự ngạc nhiên, điều bất ngờ",unsurprising,missing_words_analyzed
swallow,Đã có trong MorphLink,1,"to cause food or drink to pass down the throat, or a small fast-flying bird",nuốt; (danh từ) chim én,swallowtail,new_combinations
swear,Đã có trong MorphLink,1,"to make a solemn promise, or to use offensive language","thề; chửi thề, nói tục",sportswear,new_combinations
sweet,Đã có trong MorphLink,1,having the pleasant taste characteristic of sugar,ngọt,sweetie,new_combinations
swing,Đã có trong MorphLink,1,to move back and forth or side to side while suspended,"đu đưa, đung đưa",downswing,new_combinations
switch,Đã có trong MorphLink,4,"a device used to turn an electrical circuit on or off, or to change from one thing to another",công tắc; sự chuyển đổi,"switchable, switchback, switchboard, switcher",missing_words_analyzed+new_combinations
system,Đã có trong MorphLink,4,a set of connected parts that work together as a whole,hệ thống,"ecosystem, systematic, systematically, systemics",missing_words_analyzed+new_combinations
table,Đã có trong MorphLink,6+,"a piece of furniture with a flat top and legs, or an arrangement of data in rows and columns",cái bàn; bảng (dữ liệu),"forgettable, regrettable, tablet, tabloid, timetable, transmittable",missing_words_analyzed+new_combinations
tactic,Đã có trong MorphLink,2,a specific action or method used to achieve a particular goal,chiến thuật,"syntactically, tactically",new_combinations
tail,Đã có trong MorphLink,6+,the rear part of an animal's body that extends beyond the trunk,cái đuôi,"cocktail, fishtail, hightail, horsetail, swallowtail, tailcoat",missing_words_analyzed+new_combinations
take,Đã có trong MorphLink,6+,"to reach out and get hold of something, or to carry something with you","lấy, cầm, mang theo","breathtaking, mistakenly, overtake, takeout, takeover, undertake",missing_words_analyzed+new_combinations
talk,Đã có trong MorphLink,1,to speak with someone in order to exchange information or ideas,"nói chuyện, trò chuyện",shoptalk,new_combinations
tank,Đã có trong MorphLink,2,"a large container for storing liquid or gas, or an armored military vehicle","bể chứa, bồn; xe tăng","tankard, tankful",new_combinations
tap,Đã có trong MorphLink,2,"to strike gently, or a device for controlling the flow of liquid from a pipe",gõ nhẹ; vòi nước,"taproot, untapped",missing_words_analyzed
tape,Đã có trong MorphLink,1,"a narrow strip of material, often adhesive, used for fastening or recording","băng dính, băng ghi âm",videotape,missing_words_analyzed
taste,Đã có trong MorphLink,5,"the sensation of flavor perceived in the mouth, or to sample food to check its flavor","vị, hương vị; nếm","aftertaste, tasteless, tastelessly, tastelessness, tasty",missing_words_analyzed+new_combinations
tax,Đã có trong MorphLink,2,"a compulsory financial charge imposed by a government on income, goods, or activities",thuế,"taxation, taxpayer",missing_words_analyzed
teach,Đã có trong MorphLink,1,to give instruction or impart knowledge to someone,"dạy, giảng dạy",teachable,new_combinations
team,Đã có trong MorphLink,1,a group of people who work or play together toward a common goal,"đội, nhóm",teamwork,missing_words_analyzed
teen,Đã có trong MorphLink,4,a person between the ages of thirteen and nineteen; a teenager,"thanh thiếu niên, tuổi teen","preteen, subteen, teenage, teenager",missing_words_analyzed+new_combinations
tempt,Đã có trong MorphLink,2,"to entice or persuade someone to do something, especially something unwise","cám dỗ, quyến rũ","attempt, temptation",missing_words_analyzed
tend,Đã có trong MorphLink,4,"to be inclined to do something in a particular way, or to take care of someone",có xu hướng; chăm sóc,"pretend, tendency, tender, tendon",missing_words_analyzed+new_combinations
tender,Đã có trong MorphLink,2,"gentle and kind, or sore and sensitive to the touch","dịu dàng, âu yếm; đau, mềm","goaltender, pretender",new_combinations
tent,Đã có trong MorphLink,1,a portable shelter made of fabric stretched over a frame,cái lều,attentive,missing_words_analyzed
test,Đã có trong MorphLink,6+,"a procedure used to assess the quality, performance, or knowledge of something or someone","bài kiểm tra, cuộc thử nghiệm","contest, flattest, scantest, testable, tritest, untested",missing_words_analyzed+new_combinations
text,Đã có trong MorphLink,6+,"written words forming a piece of writing, or to send a written message electronically",văn bản; nhắn tin,"context, hypertext, pretext, textbook, texting, texture",missing_words_analyzed+new_combinations
thank,Đã có trong MorphLink,2,to express gratitude to someone,cảm ơn,"thankless, thanklessly",new_combinations
there,Đã có trong MorphLink,2,"in, at, or to that place, as opposed to here","ở đó, tại đó","thereby, therefore",missing_words_analyzed
thick,Đã có trong MorphLink,1,having a relatively large distance between two opposite surfaces,dày,thicket,new_combinations
thin,Đã có trong MorphLink,6+,having a small distance between two opposite sides; not thick,"mỏng, gầy","bethinking, overthinking, rethinking, thinking, thinness, thinnest",new_combinations
thing,Đã có trong MorphLink,4,"an object, idea, or matter that is not named specifically","vật, điều, thứ","anything, everything, nothing, something",missing_words_analyzed
think,Đã có trong MorphLink,2,"to use one's mind to consider, form ideas about, or reason about something","nghĩ, suy nghĩ","overthink, overthinking",missing_words_analyzed+new_combinations
thorough,Đã có trong MorphLink,2,complete and carried out with great attention to every detail,"kỹ lưỡng, triệt để, cặn kẽ","thorougher, thoroughest",new_combinations
though,Đã có trong MorphLink,1,despite the fact that; although,"mặc dù, tuy nhiên",although,missing_words_analyzed
thought,Đã có trong MorphLink,6+,an idea or opinion produced by thinking,"suy nghĩ, ý nghĩ","afterthought, overthought, thoughtfully, thoughtless, thoughtlessly, thoughtlessness",missing_words_analyzed+new_combinations
three,Đã có trong MorphLink,2,the number 3,số ba,"threefold, threescore",new_combinations
through,Đã có trong MorphLink,1,moving in one side and out of the other side of something,"xuyên qua, qua",breakthrough,missing_words_analyzed
throw,Đã có trong MorphLink,1,to propel something through the air with force using the arm,"ném, quăng",overthrow,new_combinations
tide,Đã có trong MorphLink,2,the regular rise and fall of the sea caused by the pull of the moon and sun,thủy triều,"betide, eventide",new_combinations
tight,Đã có trong MorphLink,2,"fitting very closely, leaving no extra room; not loose","chật, chặt, khít","skintight, watertight",missing_words_analyzed+new_combinations
till,Đã có trong MorphLink,1,"up until a particular time, or to prepare and cultivate land for crops",cho đến khi; cày xới (đất),tillable,new_combinations
time,Đã có trong MorphLink,6+,"the ongoing, continuous progress of existence measured in seconds, minutes, hours, etc.",thời gian,"bedtime, daytime, lifetime, mealtime, timeline, timetable",missing_words_analyzed+new_combinations
tip,Đã có trong MorphLink,2,"the pointed or narrow end of something, or a small sum of money given for service","đầu mút, đầu nhọn; tiền boa","fingertip, wingtip",missing_words_analyzed
tire,Đã có trong MorphLink,6+,"a rubber covering fitted around a wheel, or to become weary and lose energy",lốp xe; (động từ) làm mệt mỏi,"entire, retire, tirade, tireless, tirelessly, tirelessness",missing_words_analyzed+new_combinations
to,Đã có trong MorphLink,1,"a preposition indicating direction, destination, or purpose","giới từ chỉ hướng đến, tới, để",tonight,missing_words_analyzed
together,Đã có trong MorphLink,1,"with or near each other, in company or cooperation","cùng nhau, với nhau",altogether,missing_words_analyzed+new_combinations
tone,Đã có trong MorphLink,6+,"the quality or pitch of a sound, or the general character or attitude of something","âm điệu, giọng điệu","intonation, monotony, overtone, ringtone, toneless, tony",missing_words_analyzed+new_combinations
tool,Đã có trong MorphLink,2,an instrument or device used to carry out a particular task,"công cụ, dụng cụ","toolbox, toolkit",missing_words_analyzed
tooth,Đã có trong MorphLink,3,one of the hard white structures in the mouth used for biting and chewing,cái răng,"toothache, toothless, toothpaste",missing_words_analyzed+new_combinations
top,Đã có trong MorphLink,4,the highest point or part of something,"đỉnh, phần trên cùng","laptop, rooftop, topple, topsoil",missing_words_analyzed
topic,Đã có trong MorphLink,1,"a subject that is discussed, written about, or studied",chủ đề,topically,new_combinations
total,Đã có trong MorphLink,2,"the whole amount of something, especially as a result of adding items together","tổng, tổng số","subtotal, totalling",new_combinations
touch,Đã có trong MorphLink,1,to put a hand or other part of the body in contact with something,"chạm, sờ, tiếp xúc",untouched,missing_words_analyzed
tour,Đã có trong MorphLink,1,a journey made for pleasure or business during which several places are visited,"chuyến du lịch, chuyến tham quan",ecotourism,missing_words_analyzed
tower,Đã có trong MorphLink,1,"a tall, narrow building or structure, often part of a larger building",tòa tháp,watchtower,missing_words_analyzed
town,Đã có trong MorphLink,6+,"a populated urban area with a name, defined boundaries, and local government, smaller than a city",thị trấn,"crosstown, downtown, hometown, townhouse, township, townspeople",missing_words_analyzed+new_combinations
trace,Đã có trong MorphLink,1,"a small mark or sign left behind, or to find something by careful investigation",dấu vết; lần theo dấu vết,traceable,new_combinations
track,Đã có trong MorphLink,3,"a rough path or a set of rails, or to follow and monitor the course of something","đường mòn, đường ray; theo dõi","backtrack, racetrack, sidetrack",missing_words_analyzed+new_combinations
tradition,Đã có trong MorphLink,2,a custom or belief passed down within a society or group over generations,truyền thống,"extradition, traditionally",new_combinations
traffic,Đã có trong MorphLink,2,the vehicles moving on a road or in an area at a particular time,"giao thông, lưu lượng xe cộ","trafficker, trafficking",missing_words_analyzed+new_combinations
tragic,Đã có trong MorphLink,1,causing or characterized by extreme distress or sorrow; disastrous,"bi thảm, thảm khốc",tragically,new_combinations
train,Đã có trong MorphLink,1,"a series of connected railway carriages pulled by an engine, or to teach a person or animal a skill",tàu hỏa; (động từ) huấn luyện,untrained,missing_words_analyzed
trait,Đã có trong MorphLink,1,a distinguishing quality or characteristic of a person or thing,"đặc điểm, nét tính cách",distrait,new_combinations
transfer,Đã có trong MorphLink,3,"to move something or someone from one place, position, or person to another","chuyển, chuyển giao","nontransferable, transferable, transferring",new_combinations
transmit,Đã có trong MorphLink,2,"to send or pass on a signal, information, or disease from one place or person to another","truyền, phát, lây truyền","transmittable, transmittal",new_combinations
trap,Đã có trong MorphLink,3,a device or trick used to catch an animal or to deceive a person,cái bẫy,"deathtrap, firetrap, trappable",new_combinations
travel,Đã có trong MorphLink,1,"to go from one place to another, especially over a long distance","đi du lịch, di chuyển",travelling,new_combinations
treat,Đã có trong MorphLink,3,"to behave toward someone in a particular way, or to give medical care for an illness",đối xử; điều trị,"mistreat, retreat, treatable",new_combinations
tree,Đã có trong MorphLink,2,a tall plant with a woody trunk and branches,cây (thân gỗ),"treated, treeless",new_combinations
tribe,Đã có trong MorphLink,1,"a social group of people, often traditional, sharing a common ancestry, language, or culture","bộ tộc, bộ lạc",diatribe,new_combinations
tribute,Đã có trong MorphLink,1,something said or done to show respect or admiration for someone,"sự tôn vinh, lời tri ân",contribute,missing_words_analyzed
trick,Đã có trong MorphLink,3,a cunning or deceptive action done to fool or outwit someone,"mưu mẹo, trò lừa","trickery, trickling, tricky",missing_words_analyzed+new_combinations
trip,Đã có trong MorphLink,2,"a journey to a place and back, especially for pleasure or business",chuyến đi,"triplet, tripling",new_combinations
trouble,Đã có trong MorphLink,2,"difficulty, problems, or a source of worry","rắc rối, khó khăn","troublemaker, troubleshot",missing_words_analyzed+new_combinations
truck,Đã có trong MorphLink,2,a large motor vehicle used for transporting goods,xe tải,"truckling, truckload",new_combinations
true,Đã có trong MorphLink,3,in accordance with fact or reality; correct,"đúng, thật","truancy, truant, truly",missing_words_analyzed+new_combinations
trust,Đã có trong MorphLink,4,"firm belief in the reliability, truth, or ability of someone or something",sự tin tưởng,"intrust, trusteeship, trustworthiness, trustworthy",missing_words_analyzed+new_combinations
truth,Đã có trong MorphLink,3,the quality or state of being true; a fact,sự thật,"truther, truthfully, truthfulness",missing_words_analyzed+new_combinations
try,Đã có trong MorphLink,1,to make an attempt to do something,"cố gắng, thử",untried,missing_words_analyzed
tube,Đã có trong MorphLink,1,a long hollow cylinder used for holding or carrying something,ống,tubeless,new_combinations
tune,Đã có trong MorphLink,5,"a melody, especially a simple and pleasing one","giai điệu, điệu nhạc","attune, tuneless, tunelessly, tunic, tunics",missing_words_analyzed+new_combinations
tunnel,Đã có trong MorphLink,1,an underground or underwater passage,đường hầm,tunnelling,new_combinations
turn,Đã có trong MorphLink,6+,to move or cause to move in a circular direction; to change direction,"quay, rẽ, xoay","downturn, overturn, return, turnout, turnover, turnstile",missing_words_analyzed+new_combinations
twenty,Đã có trong MorphLink,1,the number 20,số hai mươi,twentieth,missing_words_analyzed
twist,Đã có trong MorphLink,1,to bend or turn something out of its normal shape,"vặn, xoắn",untwist,new_combinations
under,Đã có trong MorphLink,6+,in or to a position below or beneath something,"dưới, ở dưới","underachieve, underbrush, undercharge, underclass, undercoat, undercover",new_combinations
understand,Đã có trong MorphLink,2,"to perceive the intended meaning of words, actions, or a subject","hiểu, hiểu biết","misunderstanding, understandable",missing_words_analyzed+new_combinations
unique,Đã có trong MorphLink,2,being the only one of its kind; unlike anything else,"độc nhất, duy nhất","uniquer, uniquest",new_combinations
up,Đã có trong MorphLink,6+,toward a higher place or position,"lên, phía trên","backup, buildup, cleanup, makeup, startup, upbringing",missing_words_analyzed
urge,Đã có trong MorphLink,1,to strongly encourage someone to do something; a strong desire or impulse,thúc giục; sự thôi thúc,urgent,missing_words_analyzed
use,Đã có trong MorphLink,6+,"to take, hold, or deploy something as a means of accomplishing a purpose","sử dụng, dùng","unused, usability, usable, usage, usefulness, user",missing_words_analyzed
usual,Đã có trong MorphLink,1,"habitually or typically occurring, done, or happening","thường lệ, thông thường",usually,new_combinations
valid,Đã có trong MorphLink,4,legally or officially acceptable; based on sound reasoning,"hợp lệ, có giá trị","invalid, validated, validation, validness",missing_words_analyzed+new_combinations
value,Đã có trong MorphLink,3,"the importance, worth, or usefulness of something",giá trị,"evaluate, undervalue, valueless",missing_words_analyzed+new_combinations
vary,Đã có trong MorphLink,4,"to change or differ in size, amount, degree, or nature","thay đổi, khác nhau","invariably, variate, variation, various",missing_words_analyzed+new_combinations
venture,Đã có trong MorphLink,2,"a risky or daring undertaking, especially a business project","cuộc mạo hiểm, dự án mạo hiểm","adventure, venturous",missing_words_analyzed+new_combinations
verse,Đã có trong MorphLink,6+,"writing arranged with a metrical rhythm, as in poetry; a section of a poem or song","câu thơ, đoạn thơ","averse, conversely, diverse, irreversibly, reversible, traverse",missing_words_analyzed+new_combinations
very,Đã có trong MorphLink,2,used to give emphasis to an adjective or adverb; to a high degree,rất,"revery, verily",new_combinations
viable,Đã có trong MorphLink,2,capable of working successfully; feasible,"khả thi, có thể thực hiện được","enviable, viability",missing_words_analyzed+new_combinations
video,Đã có trong MorphLink,1,"a recording of moving visual images, typically with sound","video, đoạn phim",videotape,missing_words_analyzed
view,Đã có trong MorphLink,3,the ability to see something from a particular position; an opinion or attitude,tầm nhìn; quan điểm,"interview, overview, viewpoint",missing_words_analyzed+new_combinations
virtual,Đã có trong MorphLink,1,"almost or nearly as described, but not officially or in name; existing in a computer-generated simulation","ảo, gần như thực",virtually,new_combinations
virtue,Đã có trong MorphLink,2,behavior showing high moral standards; a good or admirable quality,"đức hạnh, đức tính tốt","virtual, virtuous",new_combinations
visit,Đã có trong MorphLink,1,"to go to see a person, place, or thing","thăm, ghé thăm",visitation,missing_words_analyzed
voice,Đã có trong MorphLink,3,the sound produced by a person when speaking or singing,giọng nói,"invoice, voiceless, voicemail",missing_words_analyzed+new_combinations
vote,Đã có trong MorphLink,2,"a formal indication of a choice or opinion, especially in an election","phiếu bầu, sự bỏ phiếu","devote, votive",new_combinations
vulnerable,Đã có trong MorphLink,2,susceptible to being physically or emotionally harmed or attacked,dễ bị tổn thương,"invulnerable, vulnerability",missing_words_analyzed+new_combinations
wage,Đã có trong MorphLink,2,"a fixed regular payment earned for work, typically paid daily or weekly","tiền lương, tiền công","wagering, wagon",new_combinations
wait,Đã có trong MorphLink,1,to stay where one is or delay action until something happens,"chờ, đợi",await,missing_words_analyzed
wake,Đã có trong MorphLink,2,to stop sleeping; to become conscious again,"thức dậy, tỉnh dậy","awake, awaken",missing_words_analyzed
walk,Đã có trong MorphLink,3,to move on foot at a moderate pace,đi bộ,"crosswalk, sidewalk, spacewalk",missing_words_analyzed+new_combinations
wall,Đã có trong MorphLink,4,a continuous vertical structure that encloses or divides an area,bức tường,"firewall, sidewall, wallet, whitewall",new_combinations
want,Đã có trong MorphLink,2,to desire or wish for something,muốn,"unwanted, wanton",missing_words_analyzed+new_combinations
war,Đã có trong MorphLink,3,a state of prolonged armed conflict between countries or groups,chiến tranh,"warfare, warrior, wartime",missing_words_analyzed
ward,Đã có trong MorphLink,6+,"a division of a hospital, prison, or city; to guard or protect against something","khu, phường; canh giữ","afterward, backward, downward, earthward, eastward, upwards",missing_words_analyzed+new_combinations
warm,Đã có trong MorphLink,1,having or giving out a moderate degree of heat,"ấm, ấm áp",warmth,new_combinations
warn,Đã có trong MorphLink,1,to inform someone in advance of a possible danger or problem,cảnh báo,warning,missing_words_analyzed
warrant,Đã có trong MorphLink,1,a legal document authorizing an action; to justify or provide grounds for,"lệnh, giấy phép; biện minh cho",unwarranted,missing_words_analyzed
wash,Đã có trong MorphLink,4,to clean something with water and usually soap,"rửa, giặt","backwash, brainwash, unwashed, washable",missing_words_analyzed+new_combinations
waste,Đã có trong MorphLink,2,to use or expend something carelessly or without adequate result; material that is not wanted,lãng phí; rác thải,"wastefully, wastepaper",missing_words_analyzed+new_combinations
watch,Đã có trong MorphLink,5,to look at or observe attentively; a small timepiece worn on the wrist,"xem, theo dõi; đồng hồ đeo tay","birdwatchers, smartwatch, stopwatch, watchman, watchtower",missing_words_analyzed+new_combinations
water,Đã có trong MorphLink,6+,a clear colorless liquid essential for most forms of life,nước,"breakwater, freshwater, watercourse, waterfowl, waterline, waterway",missing_words_analyzed+new_combinations
wave,Đã có trong MorphLink,6+,a moving ridge or swell of water; to move one's hand as a greeting or signal,sóng; vẫy tay,"shortwave, unwavering, waveform, wavelength, wavelet, wavering",missing_words_analyzed+new_combinations
way,Đã có trong MorphLink,6+,"a method, style, or manner of doing something; a road or path","cách, phương thức; con đường","anyway, doorway, highway, motorway, spillway, waterway",missing_words_analyzed
weak,Đã có trong MorphLink,1,"lacking physical strength, power, or energy","yếu, yếu ớt",weakfish,new_combinations
wealth,Đã có trong MorphLink,1,an abundance of valuable possessions or money,"sự giàu có, của cải",wealthy,missing_words_analyzed
weapon,Đã có trong MorphLink,2,a thing designed or used for inflicting bodily harm or damage,vũ khí,"weaponless, weaponry",missing_words_analyzed+new_combinations
wear,Đã có trong MorphLink,5,"to have something on one's body as clothing, decoration, or protection","mặc, đeo","outwear, sleepwear, underwear, wearable, wearer",new_combinations
weather,Đã có trong MorphLink,1,the state of the atmosphere at a particular time and place,thời tiết,weatherproof,missing_words_analyzed
wed,Đã có trong MorphLink,1,to marry someone,"kết hôn, cưới",wedding,missing_words_analyzed
weed,Đã có trong MorphLink,3,"a wild plant growing where it is not wanted, especially among crops",cỏ dại,"milkweed, seaweed, weedy",missing_words_analyzed
week,Đã có trong MorphLink,3,a period of seven days,tuần,"weekday, weekend, workweek",missing_words_analyzed+new_combinations
well,Đã có trong MorphLink,2,"in a good, satisfactory, or thorough way; a deep hole dug to access water","tốt, tốt đẹp; giếng","stairwell, welfare",missing_words_analyzed
west,Đã có trong MorphLink,1,the direction toward the point on the horizon where the sun sets,"phía tây, hướng tây",westward,new_combinations
wet,Đã có trong MorphLink,1,covered or saturated with water or another liquid,ướt,wetland,missing_words_analyzed
what,Đã có trong MorphLink,3,used to ask for information specifying something,"cái gì, gì","whatever, whatnot, whatsoever",missing_words_analyzed
wheel,Đã có trong MorphLink,1,a circular object that revolves on an axle and is used to move a vehicle,bánh xe,wheelchair,missing_words_analyzed
when,Đã có trong MorphLink,1,at what time; at or during the time that,"khi nào, khi",whenever,missing_words_analyzed
where,Đã có trong MorphLink,6+,"in, at, or to what place or position","ở đâu, nơi mà","anywhere, elsewhere, everywhere, somewhere, whereas, wherever",missing_words_analyzed
which,Đã có trong MorphLink,1,used to ask for information specifying one or more things from a set,cái nào,whichever,missing_words_analyzed
while,Đã có trong MorphLink,2,during the time that; a period of time,trong khi; một khoảng thời gian,"meanwhile, worthwhile",missing_words_analyzed
whip,Đã có trong MorphLink,1,"a strip of leather or cord attached to a handle, used for driving animals or as punishment",roi,whippet,new_combinations
white,Đã có trong MorphLink,3,"of the color of milk or snow, produced by reflecting all visible light",màu trắng,"whitefish, whitewall, whitish",new_combinations
who,Đã có trong MorphLink,1,what or which person or people,ai,whoever,missing_words_analyzed
whole,Đã có trong MorphLink,3,complete; containing all components; an entire thing,"toàn bộ, nguyên vẹn","wholeheartedly, wholesale, wholly",missing_words_analyzed
wide,Đã có trong MorphLink,1,having a large distance from one side to the other,rộng,wideness,new_combinations
width,Đã có trong MorphLink,1,the measurement or extent of something from side to side,chiều rộng,bandwidth,missing_words_analyzed
wife,Đã có trong MorphLink,1,a married woman considered in relation to her spouse,vợ,housewife,missing_words_analyzed
wild,Đã có trong MorphLink,4,"living or growing in a natural, undomesticated state",hoang dã,"wilderness, wildfire, wildflower, wildfowl",missing_words_analyzed+new_combinations
will,Đã có trong MorphLink,6+,the mental faculty of deciding and acting; a legal document stating how a person's assets are to be distributed after death,ý chí; di chúc,"freewill, goodwill, unwillingly, unwillingness, willful, willpower",missing_words_analyzed+new_combinations
wind,Đã có trong MorphLink,6+,"the perceptible natural movement of air, especially outdoors",gió,"downwind, rewinding, windbreak, windmill, windshield, windstorm",missing_words_analyzed+new_combinations
wing,Đã có trong MorphLink,4,"one of the paired appendages a bird, insect, or aircraft uses to fly",cánh,"cowing, wingless, wingspan, wingtip",missing_words_analyzed+new_combinations
winter,Đã có trong MorphLink,3,"the coldest season of the year, between autumn and spring",mùa đông,"midwinter, wintergreen, winterize",new_combinations
wire,Đã có trong MorphLink,2,"a metal thread or rod, typically flexible, used to conduct electricity or for structural support","dây điện, dây kim loại","hardwired, wireless",missing_words_analyzed+new_combinations
wise,Đã có trong MorphLink,6+,having or showing good judgment based on knowledge and experience,khôn ngoan,"clockwise, crosswise, edgewise, leastwise, lengthwise, wisdom",missing_words_analyzed+new_combinations
wish,Đã có trong MorphLink,1,to feel or express a strong desire or hope for something,"ước, mong muốn",wisher,new_combinations
woman,Đã có trong MorphLink,3,an adult human female,phụ nữ,"anchorwoman, camerawoman, forewoman",new_combinations
wood,Đã có trong MorphLink,6+,the hard fibrous material that forms the trunk of a tree,gỗ,"firewood, hardwood, woodcut, woodland, woodpile, woodworking",missing_words_analyzed+new_combinations
wool,Đã có trong MorphLink,2,"the fine soft curly hair that forms the coat of a sheep or goat, used for yarn and fabric",len,"woolie, woolly",new_combinations
word,Đã có trong MorphLink,6+,a single distinct meaningful unit of speech or writing,"từ, từ ngữ","afford, candidate, communicate, label, museum, quite",missing_words_analyzed+new_combinations
work,Đã có trong MorphLink,6+,activity involving physical or mental effort done to achieve a purpose or result,"công việc, làm việc","firework, framework, network, teamwork, workforce, workshop",missing_words_analyzed+new_combinations
world,Đã có trong MorphLink,2,"the earth together with all its countries, peoples, and natural features",thế giới,"underworld, worldwide",missing_words_analyzed+new_combinations
worm,Đã có trong MorphLink,3,a small slender limbless creature that lives in soil or as a parasite,"con giun, con sâu","angleworm, roundworm, wormwood",new_combinations
worry,Đã có trong MorphLink,1,to feel or cause to feel anxious or troubled about actual or potential problems,lo lắng,worrier,new_combinations
worth,Đã có trong MorphLink,5,equivalent in value to the amount specified; deserving of,"đáng giá, xứng đáng","noteworthy, worthless, worthlessness, worthwhile, worthy",missing_words_analyzed+new_combinations
wound,Đã có trong MorphLink,2,"an injury to living tissue caused by a cut, blow, or other trauma",vết thương,"rewound, wounder",new_combinations
wrap,Đã có trong MorphLink,1,to cover or enclose something by folding material around it,"gói, bọc",unwrap,new_combinations
write,Đã có trong MorphLink,6+,"to mark letters, words, or symbols on a surface to communicate meaning",viết,"ghostwrite, handwrite, overwrite, underwrite, unwritten, writable",missing_words_analyzed+new_combinations
wrong,Đã có trong MorphLink,4,"not correct or true; not in accordance with fact, morality, or expectation","sai, sai trái","wrongdoer, wronger, wrongest, wrongness",missing_words_analyzed+new_combinations
yard,Đã có trong MorphLink,3,a piece of enclosed ground next to a building; a unit of length equal to three feet,sân; yard (đơn vị đo chiều dài),"backyard, schoolyard, yardstick",missing_words_analyzed+new_combinations
year,Đã có trong MorphLink,1,a period of time equal to 365 days (or 366 in a leap year),năm,midyear,new_combinations
yellow,Đã có trong MorphLink,1,"the color between green and orange, resembling that of a ripe lemon",màu vàng,yellowstone,missing_words_analyzed
zone,Đã có trong MorphLink,1,"an area distinguished from adjacent areas by particular features, purposes, or boundaries","khu vực, vùng",timezone,new_combinations
