root_word,meaning_en,meaning_vi
a,used before countable or singular nouns referring to people or things that have not already been mentioned,một (mạo từ)
abandon,"to leave somebody, especially somebody you are responsible for, with no intention of returning","từ bỏ, bỏ rơi"
able,"to have the skill, intelligence, opportunity, etc. needed to do something",có khả năng
abolish,"to officially end a law, a system or an institution","bãi bỏ, hủy bỏ"
about,a little more or less than; a little before or after,"về, khoảng"
above,at or to a higher place,"ở trên, cao hơn"
absent,"not in a place because of illness, etc.",vắng mặt
absolute,total and complete,"tuyệt đối, hoàn toàn"
absurd,extremely silly; not logical and sensible,"vô lý, phi lý"
abuse,the use of something in a way that is wrong or harmful,"lạm dụng, ngược đãi"
accent,"a way of pronouncing the words of a language that shows which country, area or social class a person comes from; how well somebody pronounces a particular language","trọng âm, giọng nói"
accept,"to take willingly something that is offered; to say ‘yes’ to an offer, invitation, etc.",chấp nhận
access,the opportunity or right to use something or to see somebody/something,"truy cập, tiếp cận"
accident,"an unpleasant event, especially in a vehicle, that happens unexpectedly and causes injury or damage",tai nạn
accommodate,"to provide somebody with a room or place to sleep, live or sit","chứa, thích nghi"
accomplish,to succeed in doing or completing something,hoàn thành
account,"an arrangement that somebody has with a bank, etc. to keep money there, take some out, etc.","tài khoản, tường thuật"
accuse,to say that somebody has done something wrong or is guilty of something,buộc tội
achieve,"to succeed in reaching a particular goal, status or standard, especially by making an effort for a long time",đạt được
acid,that contains acid or has the essential characteristics of an acid; that has a pH of less than seven,"axit, chua"
acre,a unit for measuring an area of land; 4 840 square yards or about 4 050 square metres,mẫu Anh (đơn vị diện tích)
act,a particular thing that somebody does,"hành động, đạo luật"
acute,very serious or severe,"gay gắt, cấp tính"
ad,"a notice, picture or film telling people about a product, job or service",quảng cáo
adapt,to change your behaviour in order to deal more successfully with a new situation,"thích nghi, chuyển thể"
add,"to put something together with something else so as to increase the size, number, amount, etc.","thêm vào, cộng"
address,"details of where somebody lives or works and where letters, etc. can be sent","địa chỉ, giải quyết"
admire,to respect somebody for what they have done or to respect their qualities,ngưỡng mộ
admit,"to agree, often unwillingly, that something is true","thừa nhận, cho vào"
adopt,to take somebody else’s child into your family and become its legal parent(s),"nhận nuôi, áp dụng"
adult,fully grown or developed,người lớn
advance,done or given before something is going to happen,"tiến bộ, ứng trước"
advantage,a thing that helps you to be better or more successful than other people,lợi thế
adverse,negative and unpleasant; not likely to produce a good result,"bất lợi, ngược lại"
advise,to tell somebody what you think they should do in a particular situation,khuyên bảo
afraid,feeling fear; frightened because you think that you might be hurt or suffer,sợ hãi
after,later in time; afterwards,"sau, phía sau"
age,the number of years that a person has lived or a thing has existed,"tuổi, thời đại"
agent,"a person whose job is to act for, or manage the affairs of, other people in business, politics, etc.","đại lý, tác nhân"
ago,used in expressions of time with the simple past tense to show how far in the past something happened,trước đây (thời gian)
agree,to have the same opinion as somebody; to say that you have the same opinion,đồng ý
aid,"money, food, etc. that is sent to help countries in difficult situations","viện trợ, giúp đỡ"
aim,the purpose of doing something; what somebody is trying to achieve,"mục đích, nhắm"
air,the mixture of gases that surrounds the earth and that we breathe,"không khí, không trung"
alarm,a loud noise or a signal that warns people of danger or of a problem,"báo động, lo sợ"
alcohol,"drinks such as beer, wine, etc. that can make people drunk","rượu, cồn"
alert,able to think quickly; quick to notice things,"cảnh giác, báo động"
alien,strange and frightening; different from what you are used to,"người ngoài hành tinh, xa lạ"
all,completely,tất cả
allege,to state something as a fact but without giving proof,cáo buộc
allow,to let somebody/something do something; to let something happen or be done,cho phép
ally,"a country that has agreed to help and support another country, especially in case of a war",đồng minh
alone,without any other people,một mình
along,forward,dọc theo
alter,to become different; to make somebody/something different,thay đổi
amateur,"doing something for pleasure or interest, not as a job",nghiệp dư
amaze,(không có định nghĩa trong Oxford 5000 - root này không phải headword độc lập),làm kinh ngạc
amend,"to change a law, document, statement, etc. slightly in order to correct a mistake or to improve it",sửa đổi
amid,"in the middle of or during something, especially something that causes excitement or fear",giữa (khoảng)
among,surrounded by somebody/something; in the middle of somebody/something,giữa (nhiều thứ)
amuse,(không có định nghĩa trong Oxford 5000 - root này không phải headword độc lập),làm vui thích
analysis,the detailed study or examination of something in order to understand more about it; the result of the study,phân tích
ancestor,a person in your family who lived a long time ago,tổ tiên
anchor,a heavy metal object that is attached to a rope or chain and dropped over the side of a ship or boat to keep it in one place,mỏ neo
ancient,belonging to a period of history that is thousands of years in the past,cổ đại
angel,"a spirit who is believed to be a servant of God, and is sent by God to deliver a message or perform a task. Angels are often shown dressed in white, with wings.",thiên thần
angle,"the space between two lines or surfaces that join, measured in degrees",góc độ
angry,having strong feelings about something that you dislike very much or about an unfair situation,giận dữ
animal,"a creature that is not a bird, a fish, a reptile, an insect or a human",động vật
ankle,the joint connecting the foot to the leg; the narrow part of the leg just above the ankle joint,mắt cá chân
announce,"to tell people something officially, especially about a decision, plans, etc.",thông báo
annoy,to make somebody slightly angry ,làm phiền
answer,"something that you say, write or do to react to a question or situation",trả lời
anticipate,to expect something,"dự đoán, mong đợi"
any,"used to emphasize an adjective or adverb in negative sentences or questions, meaning ‘at all’",bất kỳ
apart,"separated by a distance, of space or time","tách rời, riêng biệt"
appeal,"a deeply felt request for money, help or information that is needed immediately, especially one made by a charity or by the police","kháng cáo, hấp dẫn"
appear,to start to be seen,"xuất hiện, có vẻ"
apple,a round fruit with shiny red or green skin that is fairly hard and white inside,quả táo
applicable,that can be said to be true in the case of somebody/something,có thể áp dụng
apply,"to make a formal request, usually in writing, for something such as a job, a loan, permission for something, a place at a university, etc.","áp dụng, nộp đơn"
appoint,to choose somebody for a job or position of responsibility,bổ nhiệm
approach,a way of dealing with somebody/something; a way of doing or thinking about something such as a problem or a task,"tiếp cận, phương pháp"
approve,"to think that somebody/something is good, acceptable or suitable",chấp thuận
architect,a person whose job is designing buildings,kiến trúc sư
area,"part of a place, town, etc., or a region of a country or the world","khu vực, diện tích"
argue,to speak angrily to somebody because you disagree with them,"tranh luận, cãi nhau"
arm,either of the two long parts that stick out from the top of the body and connect the shoulders to the hands,"cánh tay, vũ trang"
around,approximately,xung quanh
arrange,to plan or organize something in advance,sắp xếp
array,"a group or collection of things or people, often one that is large or impressive","mảng, dãy"
arrest,the act of arresting somebody,bắt giữ
arrive,"to get to a place, especially at the end of a journey",đến nơi
arrow,"a thin stick with a sharp point at one end, which is shot from a bow",mũi tên
art,"the use of the imagination to express ideas or feelings, particularly in painting, drawing or sculpture ",nghệ thuật
as,"used when you are comparing two people or things, or two situations","như, khi"
ash,"the grey or black powder that is left after something, especially tobacco, wood or coal, has burnt",tro
ask,"to say or write something in the form of a question, in order to get information","hỏi, yêu cầu"
assert,to state clearly and definitely that something is true,khẳng định
assess,to make a judgement about the nature or quality of somebody/something,đánh giá
assign,"to give somebody something that they can use, or some work or responsibility","phân công, chỉ định"
assist,to help somebody to do something,"hỗ trợ, giúp đỡ"
assume,to think or accept that something is true but without having proof of it,"giả định, cho là"
astonish,(không có định nghĩa trong Oxford 5000 - root này không phải headword độc lập),làm sửng sốt
at,used to say where something/somebody is or where something happens,"tại, ở"
athlete,a person who competes in sports,vận động viên
attach,to fasten or join one thing to another,gắn kèm
attack,an act of using violence to try to hurt or kill somebody,tấn công
attain,"to succeed in getting something, usually after a lot of effort",đạt được
attend,to be present at an event,tham dự
attitude,the way that you think and feel about somebody/something; the way that you behave towards somebody/something that shows how you think and feel,thái độ
attract,"if you are attracted by something, it interests you and makes you want it; if you are attracted by somebody, you like or admire them",thu hút
auction,a public sale in which things are sold to the person who offers the most money for them,đấu giá
audio,connected with sound that is recorded,âm thanh
august,"the 8th month of the year, between July and September","trang nghiêm, tháng Tám"
aunt,the sister of your father or mother; the wife of your uncle or aunt,"cô, dì, bác gái"
author,a person who writes books or the person who wrote a particular book,tác giả
auto,a car,tự động (viết tắt)
automatic,having controls that work without needing a person to operate them,tự động
autumn,"the season of the year between summer and winter, when leaves change colour and the weather becomes colder",mùa thu
avoid,to prevent something bad from happening,tránh né
aware,knowing or realizing something,nhận thức được
away,to or at a distance from somebody/something in space or time,"xa, đi xa"
awkward,making you feel embarrassed,"vụng về, khó xử"
baby,a very young child or animal,em bé
back,located behind or at the back of something,"lưng, phía sau"
bad,unpleasant; full of problems,"xấu, tệ"
bag,"a container made of cloth, leather, plastic or paper, used to carry things in, especially when shopping or travelling",túi
bail,"money that somebody agrees to pay if a person accused of a crime does not appear at their trial. When bail has been arranged, the accused person is allowed to go free until the trial.",bảo lãnh
bake,to cook food in an oven without extra fat or liquid; to be cooked in this way,nướng bánh
balance,"a situation in which different things exist in equal, correct or good amounts","thăng bằng, cân đối"
ball,"a round object used for throwing, hitting or kicking in games and sports",quả bóng
balloon,a small bag made of very thin rubber that becomes larger and rounder when you fill it with air or gas. Balloons are brightly coloured and used as decorations or toys.,bóng bay
ban,an official rule that says that something is not allowed,cấm
band,"a small group of musicians who play popular music together, often with a singer or singers","ban nhạc, dải băng"
bank,"an organization that provides various financial services, for example keeping or lending money","ngân hàng, bờ sông"
bar,a place where you can buy and drink alcoholic and other drinks,"quán bar, thanh chắn"
bare,not covered by any clothes,trần trụi
base,"the lowest part of something, especially the part or surface on which it rests or stands","căn cứ, cơ sở"
basket,"a container for holding or carrying things. Baskets are made of long thin pieces of material that bends and twists easily, for example plastic, wire or wicker.","giỏ, rổ"
bat,"a piece of wood with a handle, made in various shapes and sizes, and used for hitting the ball in games such as baseball, cricket and table tennis","con dơi, gậy đánh bóng"
bath,"a large, long container that you put water in and then get into to wash your whole body",bồn tắm
battle,"a fight between armies, ships or planes, especially during a war; a violent fight between groups of people",trận chiến
bay,"a part of the sea, or of a large lake, partly surrounded by a wide curve of the land",vịnh
be,"used when you are naming people or things, describing them or giving more information about them","là, tồn tại"
beach,"an area of sand or small stones (called shingle), next to the sea or a lake",bãi biển
beam,"a line of light, electromagnetic waves or particles","chùm tia, dầm"
bean,"a seed, or pod containing seeds, of a climbing plant, eaten as a vegetable. There are several types of bean and the plants that they grow on are also called beans.",hạt đậu
bear,a heavy wild animal with thick fur and sharp claws (= pointed parts on the ends of its feet). There are many types of bear.,"gấu, chịu đựng"
beast,"an animal, especially one that is large or dangerous, or one that is unusual",con thú
beat,"a single hit to something, such as a drum, or a movement of something, such as your heart; the sound that this makes","đánh, nhịp đập"
beauty,the quality of giving pleasure to the senses or to the mind,vẻ đẹp
become,to start to be something,trở thành
bed,a piece of furniture for sleeping on,giường
bee,a black and yellow flying insect that can sting (= touch your skin and make you feel a sharp pain).Bees live in large groups and make honey (= a sweet sticky substance that is good to eat).,con ong
beef,meat that comes from a cow,thịt bò
beer,an alcoholic drink made from malt with hops added to give it taste. There are many types of beer.,bia
before,at an earlier time; in the past; already,trước khi
beg,to ask somebody for something especially in an anxious way because you want or need it very much,van xin
begin,to start doing something; to do the first part of something,bắt đầu
behave,to do things in a particular way,cư xử
behind,at or towards the back of somebody/something; further back,phía sau
belief,a strong feeling that something/somebody exists or is true; confidence that something/somebody is good or right,niềm tin
believe,to feel certain that something is true or that somebody is telling you the truth,tin tưởng
bell,"a hollow metal object, often like a cup in shape, that makes a ringing sound when hit by a small piece of metal inside it; the sound that it makes",chuông
belt,"a long narrow piece of leather, cloth, etc. that you wear around the middle part of your body",thắt lưng
bench,"a long seat for two or more people, usually made of wood","ghế dài, băng ghế"
bend,"a curve or turn, especially in a road or river",uốn cong
bent,not straight,"cong, khuynh hướng"
bet,"an arrangement to risk money, etc. on the result of a particular event; the money that you risk in this way",cá cược
betray,to give information about somebody/something to an enemy,phản bội
better,of a higher standard or less poor quality; not as bad as something else,tốt hơn
bias,"a strong feeling in favour of or against one group of people, or one side in an argument, often not based on fair judgement","thiên vị, định kiến"
bid,an offer by a person or a company to pay a particular amount of money for something,"đấu thầu, ra giá"
big,"large in size, degree, amount, etc.",to lớn
bike,a bicycle,xe đạp
bill,a document that shows how much you owe somebody for goods or services,"hóa đơn, dự luật"
bin,a container that you put waste in,thùng rác
bind,"to tie somebody/something with rope, string, etc. so that they/it cannot move or are held together strongly","ràng buộc, buộc chặt"
bird,a creature that is covered with feathers and has two wings and two legs. Most birds can fly.,chim
birth,the time when a baby is born; the process of being born,sự sinh ra
bishop,a senior priest in charge of the work of the Church in a city or district,giám mục
bit,rather; to some extent,"một chút, bit (máy tính)"
bite,an act of biting,cắn
bitter,"having a strong, unpleasant taste; not sweet","đắng, cay đắng"
bizarre,very strange or unusual,kỳ quái
black,"having the very darkest colour, like coal or the sky at night",màu đen
blade,"the flat part of a knife, tool or machine, which has a sharp edge or edges for cutting",lưỡi dao
blame,responsibility for doing something badly or wrongly; saying that somebody is responsible for something,đổ lỗi
blank,"empty, with nothing written, printed or recorded on it",trống rỗng
blast,an explosion or a powerful movement of air caused by an explosion,vụ nổ
bleed,"to lose blood, especially from a wound or an injury",chảy máu
blend,a mixture of different types of the same thing,pha trộn
bless,to ask God to protect somebody/something,ban phước
blind,not able to see,mù lòa
block,a large piece of a solid material that is square or rectangular in shape and usually has flat sides,"khối, chặn lại"
blood,the red liquid that flows through the bodies of humans and animals,máu
blow,"a hard hit with the hand, a weapon, etc.","thổi, đòn đánh"
blue,having the colour of a clear sky or the sea on a clear day,màu xanh dương
board,"a long thin piece of strong hard material, especially wood, used, for example, for making floors, building walls and roofs and making boats","ban, bảng, tấm ván"
boast,to talk in a way that shows you are too proud of something that you have or can do,khoe khoang
boat,"a vehicle (smaller than a ship) that travels on water, moved by oars, sails or a motor",thuyền
body,the whole physical structure of a human or an animal,cơ thể
boil,"when a liquid boils or when you boil it, it is heated to the point where it forms bubbles and turns to steam or vapour",đun sôi
bold,brave and confident; not afraid to say what you feel or to take risks,"táo bạo, đậm"
bomb,a weapon designed to explode at a particular time or when it is dropped or thrown,bom
bond,"something that forms a connection between people or groups, such as a feeling of friendship or shared ideas and experiences","trái phiếu, mối liên kết"
bone,any of the hard parts that form the skeleton of the body of a human or an animal,xương
book,a set of printed pages that are fastened inside a cover so that you can turn them and read them,sách
boost,something that helps or encourages somebody/something,thúc đẩy
boot,a strong shoe that covers the foot and ankle and often the lower part of the leg,"ủng, cốp xe"
border,the line that divides two countries or areas; the land near this line,biên giới
bore,(không có định nghĩa trong Oxford 5000 - root này không phải headword độc lập),"làm chán, khoan lỗ"
born,to come out of your mother’s body at the beginning of your life,sinh ra
borrow,"to take and use something that belongs to somebody else, and return it to them at a later time",mượn
boss,a person who is in charge of other people at work and tells them what to do,ông chủ
bother,to spend time and/or energy doing something,làm phiền
bottle,"a glass or plastic container, usually round with straight sides and a narrow neck, used especially for storing liquids",chai
bottom,"in the lowest, last or furthest place or position","đáy, phần dưới"
bounce,"if something bounces or you bounce it, it moves quickly away from a surface it has just hit or you make it do this",nảy lên
bound,"certain or likely to happen, or to do or be something","ràng buộc, giới hạn"
bow,the act of bending your head or the upper part of your body forward in order to say hello or goodbye to somebody or to show respect,"cúi chào, cây cung"
bowl,"a deep round dish with a wide open top, used especially for holding food or liquid",cái bát
box,"a container made of wood, thick card, metal, etc. with a flat stiff base and sides and often a lid (= cover), used especially for holding solid things",hộp
boy,a male child or a young male person,con trai
brain,"the organ inside the head that controls movement, thought, memory and feeling",não bộ
branch,"a part of a tree that grows out from the main stem and on which leaves, flowers and fruit grow","chi nhánh, cành cây"
brand,"a type of product, service, etc. made or offered by a particular company under a particular name",thương hiệu
brave,"willing to do things that are difficult, dangerous or painful; not afraid",dũng cảm
bread,"a type of food made from flour, water and usually yeast mixed together and baked",bánh mì
break,"a short period of time when you stop what you are doing and rest, eat, etc.","phá vỡ, nghỉ giải lao"
breast,either of the two round soft parts at the front of a woman’s body that produce milk when she has had a baby,ngực
breath,the air that you take into your lungs and send out again,hơi thở
breed,"a particular type of animal that has been developed by people in a certain way, especially a type of dog, cat or farm animal","nhân giống, giống loài"
brick,"baked clay used for building walls, houses and other buildings; an individual block of this",gạch
bride,"a woman on her wedding day, or just before or just after it",cô dâu
bridge,"a structure that is built over a road, railway, river, etc. so that people, vehicles, etc. can cross from one side to the other",cây cầu
brief,lasting only a short time; short,ngắn gọn
bright,full of light; shining strongly,"sáng, thông minh"
bring,to come to a place with somebody/something,mang đến
broad,wide,rộng lớn
brother,a boy or man who has the same parents as another person,anh/em trai
brown,having the colour of earth or coffee,màu nâu
brush,"an object made of short stiff hairs (called bristles) or wires set in a block of wood or plastic, usually attached to a handle. Brushes are used for many different jobs, such as cleaning, painting and tidying your hair.","bàn chải, chải"
bubble,"a ball of air or gas in a liquid, or a ball of air inside a solid substance such as glass",bong bóng
buck,"a US, Australian or New Zealand dollar; a South African rand; an Indian rupee","đô la (tiếng lóng), con nai"
budget,the money that is available to a person or an organization and a plan of how it will be spent over a period of time,ngân sách
bug,any small insect,"côn trùng, lỗi phần mềm"
build,"to make something, especially a building, by putting parts together",xây dựng
bulk,the main part of something; most of something,khối lượng lớn
bullet,a small metal object that is fired from a gun,viên đạn
bunch,a number of things of the same type which are growing or fastened together,"chùm, bó"
burden,"a duty, responsibility, etc. that causes worry, difficulty or hard work",gánh nặng
burn,"an injury or a mark caused by fire, heat or acid",đốt cháy
burst,"to break open or apart, especially because of pressure from inside; to make something break in this way",nổ tung
bury,to place a dead body in the ground,chôn cất
bus,"a large road vehicle that carries passengers, especially one that travels along a fixed route and stops regularly to let people get on and off",xe buýt
bush,a plant that grows thickly with several hard stems coming up from the root,bụi cây
business,"the activity of making, buying, selling or supplying goods or services for money",kinh doanh
busy,having a lot to do; perhaps not free to do something else because you are working on something,bận rộn
butter,"a soft yellow food made from cream, used in cooking and for spreading on bread",bơ
button,"a small round piece of metal, plastic, etc. that is sewn onto a piece of clothing and used for fastening two parts together","cúc áo, nút bấm"
buy,to obtain something by paying money for it,mua
by,past,"bởi, bằng"
bye,goodbye,tạm biệt
cabinet,a group of senior members of a government that is responsible for advising and deciding on government policy,"tủ, nội các"
cake,"a sweet food made from a mixture of flour, eggs, butter, sugar, etc. that is baked in an oven. Cakes are made in various shapes and sizes and are often decorated, for example with cream or icing.",bánh ngọt
call,the act of speaking to somebody on the phone,gọi
calm,"not excited, nervous or upset",bình tĩnh
camera,"a piece of equipment for taking photographs, moving pictures or television pictures. It can be a separate item or part of another device.",máy ảnh
camp,a place where people live temporarily in tents or temporary buildings,trại
campaign,"a series of planned activities that are intended to achieve a particular social, commercial or political aim",chiến dịch
can,a metal container in which food and drink is sold,"có thể, lon"
canal,"a long straight passage dug in the ground and filled with water for boats and ships to travel along; a smaller passage used for carrying water to fields, crops, etc.",kênh đào
cancel,to decide that something that has been arranged will not now take place,hủy bỏ
cancer,"a serious disease in which growths of cells, also called cancers, form in the body and kill normal body cells. The disease often causes death.",ung thư
candle,a round stick of wax with a piece of string (called a wick) through the middle that is lit to give light as it burns,nến
canvas,"a strong heavy rough material used for making tents, sails, etc. and by artists for painting on",vải bạt
cap,"a type of soft flat hat with a peak (= a hard curved part sticking out in front). Caps are worn especially by men and boys, often as part of a uniform",mũ lưỡi trai
capable,having the ability or qualities necessary for doing something,có khả năng
captain,the person in charge of a ship or commercial aircraft,thuyền trưởng
car,a road vehicle with an engine and four wheels that can carry a small number of passengers,xe ô tô
carbon,"a chemical element. Carbon is found in all living things, existing in a pure state as diamond and graphite.",carbon
card,"thick, stiff paper; a piece of this for writing on","thẻ, thiệp"
care,the process of caring for somebody/something and providing what they need for their health or protection,"quan tâm, chăm sóc"
career,"the series of jobs that a person has in a particular area of work, usually involving more responsibility as time passes",sự nghiệp
cargo,"the goods carried in a ship, an aircraft or a motor vehicle",hàng hóa
carpet,"a piece of thick woven material made of wool, etc., used to cover the floor of a room or stairs; the material used for carpets",thảm
carrot,a long pointed orange root vegetable,cà rốt
carry,to support the weight of somebody/something and take them or it from place to place; to take somebody/something from one place to another,mang theo
cartoon,"a humorous drawing in a newspaper or magazine, especially one about politics or events in the news",phim hoạt hình
carve,"to make objects, patterns, etc. by cutting away material from a piece of wood or stone, or another hard material",chạm khắc
case,a particular situation or a situation of a particular type,"trường hợp, vali"
cash,money in the form of coins or notes,tiền mặt
cast,all the people who act in a play or film,"phân vai, đúc khuôn"
castle,"a large strong building with thick, high walls and towers, built in the past by kings or queens, or other important people, to defend themselves against attack",lâu đài
casual,not formal,"thông thường, tình cờ"
cat,a small animal with soft fur that people often keep as a pet. Cats catch and kill birds and mice.,con mèo
catch,"an act of catching something, for example a ball",bắt lấy
cater,to provide food and drinks for a social event,cung cấp thực phẩm
cause,the person or thing that makes something happen,"nguyên nhân, gây ra"
cave,a large hole in the side of a hill or cliff or under the ground,hang động
cease,to stop happening or existing; to stop something from happening or existing,ngừng lại
cell,the smallest unit of living matter that can exist on its own. All plants and animals are made up of cells.,"tế bào, phòng giam"
centre,the middle point or part of something,trung tâm
ceremony,a public or religious occasion that includes a series of formal or traditional actions,nghi lễ
certain,strongly believing something; having no doubts,chắc chắn
chain,"a series of connected metal rings, used for pulling or fastening things; a length of chain used for a particular purpose","dây xích, chuỗi"
chair,"a piece of furniture for one person to sit on, with a back, a seat and four legs",ghế
challenge,a new or difficult task that tests somebody’s ability and skill,thách thức
chamber,a hall in a public building that is used for formal meetings,"phòng, buồng"
champion,"a person, team, etc. that has won a competition, especially in a sport",nhà vô địch
chance,"a possibility of something happening, especially something that you want","cơ hội, may rủi"
change,the act or result of something becoming different,thay đổi
channel,a television station,kênh
character,"a person or an animal in a book, play or film","tính cách, nhân vật"
charge,the amount of money that somebody asks for goods and services,"phí, buộc tội, sạc"
charm,the power of pleasing or attracting people,sự quyến rũ
chart,"a diagram, lists of figures, etc. that shows information",biểu đồ
charter,a written statement describing the rights that a particular group of people should have,"điều lệ, thuê bao"
chase,an act of running or driving after somebody/something in order to catch them or it,đuổi theo
chat,a friendly informal conversation,trò chuyện
cheap,costing little money or less money than you expected,rẻ tiền
cheat,"a person who cheats, especially in a game",gian lận
check,"an act of making sure that something is safe, correct or in good condition by examining it",kiểm tra
cheek,either side of the face below the eyes,má
cheer,"a shout of joy, support or praise","reo hò, cổ vũ"
cheese,a type of food made from milk that can be either soft or hard and is usually white or yellow in colour; a particular type of this food,phô mai
chest,"the top part of the front of the body, between the neck and the stomach","ngực, rương"
chief,most important,"thủ lĩnh, chính"
child,a young human who is not yet an adult,trẻ em
chip,a long thin piece of potato fried in oil or fat,"mảnh vụn, chip"
choice,an act of choosing between two or more possibilities; something that you can choose,sự lựa chọn
choir,"a group of people who sing together, for example in church services or public performances",dàn hợp xướng
choose,to decide which thing or person you want out of the ones that are available,lựa chọn
chop,to cut something into pieces with a sharp tool such as a knife,"chặt, băm"
chunk,"a thick, solid piece that has been cut or broken off something",mảng lớn
church,"a building where Christians go to attend services, pray, etc.",nhà thờ
cinema,a building in which films are shown,rạp chiếu phim
circle,a completely round flat shape,vòng tròn
circuit,"a line, route or journey around a place","mạch điện, vòng đua"
cite,"to mention something as a reason or an example, or in order to support what you are saying",trích dẫn
citizen,a person who has the legal right to belong to a particular country,công dân
city,a large and important town,thành phố
civil,connected with the people who live in a country,dân sự
claim,a statement that something is true although it has not been proved and other people may not agree with or believe it,"yêu cầu, tuyên bố"
class,a group of students who are taught together,"lớp học, giai cấp"
clean,not dirty,sạch sẽ
clear,easy to understand and not confusing,rõ ràng
clever,quick at learning and understanding things,thông minh
cliff,"a high area of rock with a very steep side, often at the edge of the sea or ocean",vách đá
climate,the regular pattern of weather conditions of a particular place,khí hậu
climb,"an act of climbing up a mountain, rock or large number of steps; a period of time spent climbing",leo trèo
cling,to hold on tightly to somebody/something,bám chặt
clinic,a building or part of a hospital where people can go for special medical treatment or advice,phòng khám
clip,a short part of a film that is shown separately,"kẹp giấy, kẹp"
clock,"an instrument for measuring and showing time, in a room, on the wall of a building or on a computer screen (not worn or carried like a watch)",đồng hồ
close,near in space or time,"đóng lại, gần"
cloth,"material made by weaving or knitting cotton, wool, silk, etc.",vải
cloud,"a grey or white mass that floats in the sky, made of very small drops of water ",đám mây
club,an organization for people who share an interest or do a sport or activity together,"câu lạc bộ, gậy"
clue,"an object, a piece of evidence or some information that helps the police solve a crime",manh mối
coach,a person who trains a person or team in sport,"huấn luyện viên, xe khách"
coal,a hard black mineral that is found below the ground and burnt to produce heat,than đá
coast,the land next to or near to the sea or ocean,bờ biển
coat,a piece of outdoor clothing that is worn over other clothes to keep warm or dry. Coats have sleeves (= parts covering the arms) and may be long or short.,áo khoác
code,"a system of words, letters, numbers or symbols that represent a message or record information secretly or in a shorter form","mã, quy tắc"
coffee,the roasted seeds (called coffee beans) of a tropical bush; a powder made from them,cà phê
coin,a small flat piece of metal used as money,đồng xu
cold,having a lower than usual temperature; having a temperature lower than the human body,lạnh
collapse,"a sudden failure of something, such as an institution, a business or a course of action",sụp đổ
collect,to bring things together from different people or places,thu thập
college,(in the UK) a place where students go to study or to receive training after they have left school,trường cao đẳng/đại học
color,(không có định nghĩa trong Oxford 5000 - root này không phải headword độc lập),màu sắc
column,one of the straight sections from top to bottom into which text on a page or screen is divided,cột
combat,"fighting or a fight, especially during a time of war",chiến đấu
combine,to come together to form a single thing or group; to join two or more things or groups together to form a single one,kết hợp
come,to move to or towards a person or place,đến
comedy,"a play, film or TV show that is intended to be funny, usually with a happy ending; plays, films and TV shows of this type",hài kịch
comfort,"the state of being physically relaxed and free from pain; the state of having a pleasant life, with everything that you need",sự thoải mái
comic,humorous and making you laugh,"truyện tranh, hài hước"
command,an order given to a person or an animal,ra lệnh
commence,to begin to happen; to begin something,bắt đầu
comment,something that you say or write that gives an opinion on or explains somebody/something,bình luận
commerce,"trade, especially between countries; the buying and selling of goods and services",thương mại
commit,to do something wrong or illegal,"cam kết, phạm tội"
common,happening often; existing in large numbers or in many places,"phổ biến, chung"
compare,to examine people or things to see how they are similar and how they are different,so sánh
compassion,a strong feeling of sympathy for people or animals who are suffering and a desire to help them,lòng trắc ẩn
compel,to force somebody to do something; to make something necessary,ép buộc
compensate,"to provide something good to balance or reduce the bad effects of damage, loss, etc.",bồi thường
compete,to take part in a contest or game,cạnh tranh
compile,"to produce a book, list, report, etc. by bringing together different items, articles, songs, etc.; to collect information in order to produce a book, list, etc.",biên soạn
complain,"to say that you are annoyed, unhappy or not satisfied about somebody/something",phàn nàn
complete,"including all the parts, etc. that are necessary; whole",hoàn thành
complicate,(không có định nghĩa trong Oxford 5000 - root này không phải headword độc lập),làm phức tạp
comply,"to obey a rule, an order, etc.; to meet particular standards",tuân thủ
compromise,an agreement made between two people or groups in which each side gives up some of the things they want so that both sides are happy at the end,thỏa hiệp
compute,to calculate something,tính toán
conceal,to hide somebody/something,che giấu
concern,"a feeling of worry, especially one that is shared by many people","quan tâm, lo ngại"
concert,a public performance of music,buổi hòa nhạc
concrete,made of concrete,"bê tông, cụ thể"
condemn,"to say very strongly that you think something is bad, usually for moral reasons",lên án
condition,the state that something is in,điều kiện
confer,"to discuss something with somebody, in order to exchange opinions or get advice","trao đổi, hội ý"
confess,"to admit, especially formally or to the police, that you have done something wrong or illegal",thú nhận
confuse,to make somebody unable to think clearly or understand something,gây nhầm lẫn
congratulate,to tell somebody that you are pleased about their success or achievements,chúc mừng
connect,to join together two or more things; to be joined together,kết nối
conquer,to take control of a country or city and its people by force,chinh phục
conscience,the part of your mind that tells you whether your actions are right or wrong,lương tâm
conscious,aware of something; noticing something,có ý thức
consecutive,following one after another in a continuous series ,liên tiếp
consequence,"a result of something that has happened, especially an unpleasant result",hậu quả
consider,"to think about something carefully, especially in order to make a decision",xem xét
constant,happening all the time or repeatedly,"liên tục, hằng số"
consult,to go to somebody for information or advice,tư vấn
contemplate,"to think about whether you should do something, or how you should do something",suy ngẫm
contempt,the feeling that somebody/something is without value and deserves no respect at all,khinh miệt
contend,"to say that something is true, especially in an argument","tranh giành, cho rằng"
content,happy and satisfied with what you have,"nội dung, hài lòng"
continue,to keep existing or happening without stopping,tiếp tục
contract,an official written agreement,hợp đồng
control,"the power to make decisions about how a country, an area, an organization, etc. is run",kiểm soát
convenience,"the quality of being useful, easy or suitable for somebody",sự tiện lợi
convenient,"useful, easy or quick to do; not causing problems",tiện lợi
convention,the way in which something is done that most people in a society expect and consider to be polite or the right way to do it,"hội nghị, quy ước"
convey,"to make ideas, feelings, etc. known to somebody",truyền đạt
convict,to decide and state officially in court that somebody is guilty of a crime,kết án
convince,to make somebody/yourself believe that something is true,thuyết phục
cook,a person who cooks food or whose job is cooking,nấu ăn
cool,fairly cold; not hot or warm,"mát mẻ, ngầu"
cope,to deal successfully with something difficult,đối phó
copper,"a chemical element. Copper is a soft red-brown metal used for making electric wires, pipes and coins.",đồng (kim loại)
copy,"a thing that is made to be the same as something else, especially a document or a work of art",sao chép
core,most important; main or essential,"lõi, cốt lõi"
corner,"a part of something where two or more sides, lines or edges join",góc
correct,"accurate or true, without any mistakes ",chính xác
correspond,to be the same as or match something,"tương ứng, thư từ"
cost,"the amount of money that you need in order to buy, make or do something",chi phí
costume,the clothes worn by people from a particular place or during a particular historical period,trang phục
cottage,"a small house, especially in the country",nhà tranh nhỏ
cotton,a plant grown in warm countries for the soft white hairs around its seeds that are used to make cloth and thread,bông
counsel,(không có định nghĩa trong Oxford 5000 - root này không phải headword độc lập),"lời khuyên, luật sư"
count,an act of counting to find the total number of somebody/something,đếm
counter,"a long flat surface over which goods are sold or business is done in a shop, bank, etc.","quầy, đối kháng"
country,an area of land that has or used to have its own government and laws,đất nước
couple,two people or things,cặp đôi
courage,"the ability to do something dangerous, or to face pain or opposition, without showing fear",lòng dũng cảm
course,a series of lessons or lectures on a particular subject,"khóa học, đường đi"
court,"the place where legal trials take place and where crimes, etc. are judged","tòa án, sân"
courtesy,polite behaviour that shows respect for other people,phép lịch sự
cousin,a child of your aunt or uncle,anh chị em họ
cover,"a thing that is put over or on another thing, usually to protect it or to decorate it","che phủ, bìa"
cow,a large animal kept on farms to produce milk or beef,con bò
crack,a line on the surface of something where it has broken but not split into separate parts,"vết nứt, bẻ"
craft,an activity involving a special skill at making things with your hands,"thủ công, chế tạo"
crash,"an accident in which a vehicle hits something, for example another vehicle, usually causing damage and often injuring or killing the passengers","va chạm, sập"
crawl,to move forward on your hands and knees or with your body close to the ground,bò trườn
cream,between yellow and white in colour,kem
create,to make something happen or exist,sáng tạo
credit,"an arrangement that you make, with a shop for example, to pay later for something you buy","tín dụng, công lao"
creep,"to move slowly, quietly and carefully, because you do not want to be seen or heard","bò, rón rén"
crew,"all the people working on a ship, plane, etc.",phi hành đoàn
crimin,(không có định nghĩa trong Oxford 5000 - root này không phải headword độc lập),tội phạm (gốc từ)
crisis,"a time of great danger, difficulty or doubt when problems must be solved or important decisions must be made",khủng hoảng
critic,"a person who expresses opinions about the good and bad qualities of books, music, etc.",nhà phê bình
crop,"a plant that is grown in large quantities, especially as food",mùa vụ
cross,a mark or an object formed by two lines crossing each other (X or +); the mark (X) is often used on paper to show something,"chữ thập, băng qua"
crowd,"a large number of people gathered together in a public place, for example in the streets or at a sports game",đám đông
crown,"an object in the shape of a circle, usually made of gold and precious stones, that a king or queen wears on his or her head on official occasions",vương miện
crucial,"extremely important, because it will affect other things",quan trọng
crude,"in its natural state, before it has been processed or refined","thô sơ, thô lỗ"
cruel,having a desire to cause physical or mental pain and make somebody suffer,tàn nhẫn
cruise,"a journey by sea, visiting different places, especially as a holiday",du thuyền
crush,"to press something so hard that it is damaged or injured, or loses its shape",nghiền nát
cry,a loud sound without words that expresses a strong feeling,"khóc, kêu la"
crystal,"a small piece of a substance with many even sides, that is formed naturally when the substance becomes solid",pha lê
cue,an action or event that is a signal for somebody to do something,"gợi ý, tín hiệu"
cult,very popular with a particular group of people,giáo phái
culture,"the customs and beliefs, art, way of life and social organization of a particular country or group",văn hóa
cup,"a small container that is like a bowl in shape, usually with a handle, used for drinking tea, coffee, etc.",cốc
cure,a medicine or medical treatment that cures an illness,chữa trị
curious,having a strong desire to know about something,tò mò
current,happening now; of the present time,"hiện tại, dòng chảy"
curve,a line or surface that bends gradually; a smooth bend,đường cong
custody,the legal right or duty to take care of or keep somebody/something; the act of taking care of something/somebody,quyền giám hộ
custom,an accepted way of behaving or of doing things in a society or a community,phong tục
cut,a wound caused by something sharp,cắt
cute,pretty and attractive,dễ thương
cycle,a bicycle or motorcycle,"chu kỳ, xe đạp"
dad,father,bố
dairy,made from milk,sản phẩm sữa
damage,"physical harm caused to something which makes it less attractive, useful or valuable",thiệt hại
dance,a series of movements and steps that are usually performed to music; a particular example of these movements and steps,nhảy múa
danger,"the possibility of something happening that will injure, harm or kill somebody, or damage or destroy something",nguy hiểm
dare,to be brave enough to do something,dám
dark,"with no or very little light, especially because it is night",tối tăm
date,"a particular day of the month, sometimes in a particular year, given in numbers and words","ngày tháng, hẹn hò"
daughter,a person’s female child,con gái
day,a period of 24 hours,ngày
dead,no longer alive,chết
deal,"an agreement, especially in business, on particular conditions for buying or doing something","thỏa thuận, đối phó"
dear,used at the beginning of a letter before the name or title of the person that you are writing to,thân yêu
death,the fact of somebody dying or being killed,cái chết
debate,a formal discussion of an issue at a public meeting or in a parliament. In a debate two or more speakers express opposite views and then there is often a vote on the issue.,tranh luận
debt,a sum of money that somebody owes,nợ
decent,of a good enough standard or quality,đàng hoàng
decide,to think carefully about the different possibilities that are available and choose one of them,quyết định
deck,the top outside floor of a ship or boat,"boong tàu, sàn"
declare,to say something officially or publicly,tuyên bố
dedicate,(không có định nghĩa trong Oxford 5000 - root này không phải headword độc lập),cống hiến
deed,a thing that somebody does that is usually very good or very bad,"hành động, việc làm"
deep,having a large distance from the top or surface to the bottom,sâu
default,"what happens or appears if you do not make any other choice or change, especially in a computer program","mặc định, vỡ nợ"
defeat,failure to win or to be successful,đánh bại
defence,"the act of protecting somebody/something from attack, criticism, etc.",phòng thủ
defend,to protect somebody/something from attack,bảo vệ
define,to say or explain what the meaning of a word or phrase is,định nghĩa
defy,"to refuse to obey or show respect for somebody in authority, a law, a rule, etc.",thách thức
delete,"to remove something that has been written or printed, or that has been stored on a computer",xóa bỏ
deliberate,done on purpose rather than by accident,cố ý
delicious,having a very pleasant taste or smell,ngon miệng
delight,a feeling of great pleasure,niềm vui thích
deliver,"to take goods, letters, etc. to the person or people they have been sent to","giao hàng, phân phát"
demon,an evil spirit,ác quỷ
dense,"containing a lot of people, things, plants, etc. with little space between them",dày đặc
deny,to say that something is not true,"từ chối, phủ nhận"
depart,"to leave a place, especially to start a trip",khởi hành
department,"a section of a large organization such as a government, business, university, etc.",phòng ban
deploy,to move soldiers or weapons into a position where they are ready for military action,triển khai
deposit,a sum of money that is given as the first part of a larger payment,"tiền gửi, đặt cọc"
deprive,(không có định nghĩa trong Oxford 5000 - root này không phải headword độc lập),tước đoạt
derive,(không có định nghĩa trong Oxford 5000 - root này không phải headword độc lập),bắt nguồn từ
descend,to come or go down from a higher to a lower level,đi xuống
desert,a large area of land that has very little water and very few plants growing on it. Many deserts are covered by sand.,"sa mạc, bỏ rơi"
design,"the general arrangement of the different parts of something that is made, such as a building, book, machine, etc.",thiết kế
desire,a strong wish to have or do something,khao khát
desk,"a piece of furniture like a table, often with drawers (= parts like boxes in it with handles on the front for pulling them open), that you sit at to read, write, work, etc.",bàn làm việc
desperate,feeling or showing that you have little hope and are ready to do anything without worrying about danger to yourself or others,tuyệt vọng
destroy,"to damage something so badly that it no longer exists, works, etc.",phá hủy
detect,"to discover or notice something, especially something that is not easy to see, hear, etc.",phát hiện
deteriorate,to become worse,xấu đi
determine,to discover the facts about something; to calculate something exactly,xác định
devastate,to completely destroy a place or an area,tàn phá
develop,"to gradually grow or become bigger, more advanced, stronger, etc.; to make something do this",phát triển
devil,the most powerful evil being,ác quỷ
devise,to invent something new or a new way of doing something,"nghĩ ra, phát minh"
devote,(không có định nghĩa trong Oxford 5000 - root này không phải headword độc lập),cống hiến
diagram,"a simple drawing using lines to explain where something is, how something works, etc.",sơ đồ
die,to stop living,chết
diet,the food and drink that you eat and drink regularly,chế độ ăn kiêng
differ,to be different from somebody/something,khác nhau
difficult,not easy; needing effort or skill to do or to understand,khó khăn
dig,"to make a hole in the ground or to move soil from one place to another using your hands, a tool or a machine",đào
dimension,"a measurement in space, for example how high, wide or long something is","chiều, kích thước"
diminish,"to become smaller, weaker, etc.; to make something become smaller, weaker, etc.",giảm bớt
dinner,"the main meal of the day, eaten either in the middle of the day or in the evening",bữa tối
dip,to put something quickly into a liquid and take it out again,nhúng vào
direct,going in the straightest line between two places without stopping or changing direction,trực tiếp
dirt,"any substance that makes something dirty, for example dust, soil or mud",bụi bẩn
disaster,"an unexpected event, such as a very bad accident, a flood or a fire, that kills a lot of people or causes a lot of damage",thảm họa
discipline,the practice of training people to obey rules and orders and punishing them if they do not; the controlled behaviour or situation that is the result of this training ,kỷ luật
discours,(không có định nghĩa trong Oxford 5000 - root này không phải headword độc lập),diễn ngôn (gốc từ)
discover,to be the first person to become aware that a particular place or thing exists,khám phá
dish,a flat shallow container for cooking food in or serving it from,"món ăn, đĩa"
disk,a thin flat round object,đĩa
dispute,"an argument between two people, groups or countries; discussion about a subject on which people disagree",tranh chấp
distance,the amount of space between two places or things,khoảng cách
distant,far away in space or time,xa xôi
distinct,"easily or clearly heard, seen, felt, etc.",khác biệt
distinguish,to recognize the difference between two people or things,phân biệt
distress,a feeling of great worry or unhappiness; great mental pain,đau khổ
disturb,"to interrupt somebody when they are trying to work, sleep, etc.",quấy rầy
dive,a jump into deep water with your head first and your arms in front of you,lặn
diverse,very different from each other and of various kinds,đa dạng
divide,a difference between two groups of people or two things that separates them from each other,chia
divine,coming from or connected with God or a god,thần thánh
divorce,the legal ending of a marriage,ly hôn
do,used to refer to actions that you do not mention by name or do not know about,làm
doctor,"a person who has been trained in medical science, whose job is to treat people who are ill or injured",bác sĩ
doctrine,"a belief or set of beliefs held and taught by a Church, a political party, etc.",học thuyết
document,"an official paper, book or electronic file that gives information about something, or that can be used as evidence or proof of something",tài liệu
dog,"an animal with four legs and a tail, often kept as a pet or trained for work, for example hunting or guarding buildings. There are many types of dog, some of which are wild.",con chó
domestic,of or inside a particular country; not foreign or international,"trong nước, nội trợ"
door,"a piece of wood, glass, etc. that is opened and closed so that people can get in and out of a room, building, car, etc.; a similar thing in a cupboard",cửa
dose,"an amount of a medicine or a drug that is taken once, or regularly over a period of time",liều lượng
dot,"a small round mark, especially one that is printed",chấm
double,twice as much or as many as usual,gấp đôi
doubt,a feeling of being uncertain about something or not believing something,nghi ngờ
down,to or at a lower place or position,xuống
draft,a rough written version of something that is not yet in its final form,bản nháp
drag,to pull somebody/something along with effort and difficulty,kéo lê
drain,to make something empty or dry by removing the liquid from it; to become empty or dry in this way,thoát nước
drama,"a play for the theatre, television or radio",kịch
draw,"to make pictures, or a picture of something, with a pencil, pen or chalk (but not paint)","vẽ, kéo"
dream,"a series of images, events and feelings that happen in your mind while you are asleep",giấc mơ
dress,"a piece of clothing that is made in one piece and hangs down to cover the body as far as the legs, sometimes reaching to below the knees, or to the ankles","váy, mặc quần áo"
drift,to move along smoothly and slowly in water or air,trôi dạt
drink,a liquid for drinking; an amount of a liquid that you drink,uống
drive,a journey in a car or other vehicle,lái xe
drop,a very small amount of liquid that forms a round shape,"rơi, giọt"
drug,"an illegal substance that some people smoke, inject, etc. for the physical and mental effects it has","thuốc, ma túy"
drum,a musical instrument made of a hollow round frame with plastic or skin stretched tightly across one or both ends. You play it by hitting it with sticks or with your hands.,trống
drunk,having drunk so much alcohol that it is impossible to think or speak clearly,say rượu
dry,not wet or sticky; without water or moisture,khô
dual,having two parts or aspects,"kép, đôi"
due,caused by somebody/something; because of somebody/something,"đến hạn, do"
dull,not interesting or exciting,"buồn tẻ, cùn"
dumb,stupid,"câm, ngu ngốc"
dump,"to get rid of something you do not want, especially in a place that is not suitable","đổ, bãi rác"
dust,"a fine powder that consists of very small pieces of sand, earth, etc.",bụi
duty,something that you feel you have to do because it is your moral or legal responsibility,"nghĩa vụ, thuế"
dynamic,having a lot of energy and a strong personality,năng động
eager,very interested and excited by something that is going to happen or about something that you want to do; showing this,háo hức
ear,either of the organs on the sides of the head that you hear with,tai
early,"near the beginning of a period of time, an event etc.",sớm
earn,to get money for work that you do,kiếm được
earth,the world; the planet that we live on,"trái đất, đất"
ease,lack of difficulty,sự dễ dàng
east,in or towards the east,phía đông
eat,"to put food in your mouth, bite it and swallow it ",ăn
edge,"the outside limit of an object, a surface or an area; the part furthest from the centre","cạnh, bờ"
edit,"to prepare a piece of writing, a book, etc. to be published by correcting the mistakes, making improvements to it, etc.",biên tập
educate,"to teach somebody over a period of time at a school, university, etc.",giáo dục
efficiency,the quality of doing something well with no waste of time or money,hiệu quả
efficient,"doing something in a good, careful and complete way with no waste of time, money or energy",hiệu quả
effort,an attempt to do something especially when it is difficult to do,nỗ lực
egg,"a small oval object with a thin hard shell produced by a female bird and containing a young bird; a similar object (without a hard shell) produced by a female fish, insect, etc.",quả trứng
ego,your sense of your own value and importance,cái tôi
eight,(không có định nghĩa trong Oxford 5000 - root này không phải headword độc lập),số tám
elbow,the joint between the upper and lower parts of the arm where it bends in the middle,khuỷu tay
electr,(không có định nghĩa trong Oxford 5000 - root này không phải headword độc lập),điện (gốc từ)
elegant,attractive and showing a good sense of style,thanh lịch
element,a necessary or typical part of something; one of several parts that something contains,yếu tố
elephant,"a very large animal with thick grey skin, large ears, two curved outer teeth called tusks and a long nose called a trunk. There are two types of elephant, the African and the Asian.",con voi
elevate,"to give somebody/something a higher position or rank, often more important than they deserve ",nâng cao
eleven,11,số mười một
elite,"a small group of people in a society, etc. who are powerful and have a lot of influence, because they are rich, intelligent, etc.",tinh hoa
else,in addition to something already mentioned,khác
embarrass,(không có định nghĩa trong Oxford 5000 - root này không phải headword độc lập),làm bối rối
emphasis,special importance that is given to something,sự nhấn mạnh
emphasize,to give special importance to something,nhấn mạnh
empire,a group of countries or states that are controlled by one leader or government,đế quốc
employ,to give somebody a job to do for payment,"thuê, tuyển dụng"
empty,with no people or things inside,trống rỗng
end,"the final part of a period of time, an event, an activity or a story",kết thúc
endorse,"to say publicly that you support a person, statement or course of action","chứng thực, ủng hộ"
endure,to experience and deal with something that is painful or unpleasant without giving up,chịu đựng
engage,to succeed in attracting and keeping somebody’s attention and interest,"tham gia, cam kết"
engine,the part of a vehicle that produces power to make the vehicle move,động cơ
enhance,"to increase or further improve the good quality, value or status of somebody/something",nâng cao
enorm,(không có định nghĩa trong Oxford 5000 - root này không phải headword độc lập),to lớn (gốc từ)
enter,to come or go into something,đi vào
enterprise,a company or business,doanh nghiệp
entire,"including everything, everyone or every part ",toàn bộ
entity,something that exists separately from other things and has its own identity,thực thể
entrepreneur,"a person who makes money by starting or running businesses, especially when this involves taking financial risks",doanh nhân
episode,one part of a story that is broadcast on television or radio in several parts,"tập phim, giai đoạn"
equip,to provide yourself/somebody/something with the things that are needed for a particular purpose or activity,trang bị
erect,to build something,dựng đứng
escalate,"to become greater, worse, more serious, etc.; to make something greater, worse, more serious, etc.",leo thang
escape,the act or a method of escaping from a place or an unpleasant or dangerous situation,trốn thoát
essay,a short piece of writing by a student as part of a course of study,bài luận
essence,"the most important quality or feature of something, that makes it what it is",bản chất
establish,"to start or create an organization, a system, etc. that is meant to last for a long time",thành lập
eternal,without an end; existing or continuing forever,vĩnh cửu
ethic,moral principles that control or influence a person’s behaviour,đạo đức
even,that can be divided exactly by two,"thậm chí, đều"
event,"a thing that happens, especially something important",sự kiện
ever,"used in negative sentences and questions, or sentences with if to mean ‘at any time’","từng, mãi mãi"
every,used with singular nouns to refer to all the members of a group of things or people,mỗi
evidence,"the facts, signs or objects that make you believe that something is true",bằng chứng
evident,clear; easily seen,rõ ràng
evil,enjoying harming others; morally bad and cruel,tà ác
evoke,"to bring a feeling, a memory or an image into your mind",gợi lên
exact,correct in every detail,chính xác
exaggerate,"to make something seem larger, better, worse or more important than it really is",phóng đại
examine,"to consider or study an idea, a subject, etc. very carefully","kiểm tra, xem xét"
example,"something such as an object, a fact or a situation that shows, explains or supports what you say",ví dụ
exceed,to be greater than a particular number or amount,vượt quá
excite,(không có định nghĩa trong Oxford 5000 - root này không phải headword độc lập),"kích thích, hào hứng"
excuse,"a reason, either true or invented, that you give to explain or defend your behaviour","lời xin lỗi, biện hộ"
execute,"to kill somebody, especially as a legal punishment",thực thi
exert,to use power or influence to affect somebody/something,"nỗ lực, gây áp lực"
exist,to be real; to be present in a place or situation,tồn tại
expand,"to become greater in size, number or importance; to make something greater in size, number or importance",mở rộng
expect,to think or believe that something will happen or that somebody will do something,mong đợi
expense,the money that you spend on something,chi phí
experience,the knowledge and skill that you have gained through doing something for a period of time; the process of gaining this,kinh nghiệm
experiment,a scientific test that is done in order to study what happens and to gain new knowledge,thí nghiệm
expert,"done with, having or involving great knowledge or skill",chuyên gia
expire,to be no longer legally acceptable because the period of time for which it could be used has ended,hết hạn
explain,to tell somebody about something in a way that makes it easy to understand,giải thích
explicit,"clear and easy to understand, so that you have no doubt what is meant","rõ ràng, tường minh"
exploit,to treat a person or situation as an opportunity to gain an advantage for yourself,khai thác
explore,to travel to or around an area or a country in order to learn about it,khám phá
extreme,very great in degree,cực đoan
eye,either of the two organs on the face that you see with,mắt
fabric,"material made by weaving wool, cotton, silk, etc., used for making clothes, curtains, etc. and for covering furniture","vải, cấu trúc"
face,"the front part of the head, where the eyes, nose and mouth are ","khuôn mặt, đối mặt"
facilitate,to make an action or a process possible or easier,tạo điều kiện
fact,"a thing that is known to be true, especially when it can be proved",sự thật
fade,to become or to make something become paler or less bright,phai mờ
fail,to not be successful in achieving something,thất bại
fair,acceptable and appropriate in a particular situation,"công bằng, hội chợ"
faith,trust in somebody’s ability or knowledge; trust that somebody/something will do what has been promised,"niềm tin, đức tin"
fake,not what somebody claims it is; appearing to be something it is not,giả mạo
fall,an act of falling,"rơi, mùa thu"
fame,the state of being known and talked about by many people,danh tiếng
family,connected with the family or a particular family,gia đình
fan,a person who admires somebody/something or enjoys watching or listening to somebody/something very much,"quạt, người hâm mộ"
fancy,"unusually complicated, often in an unnecessary way; intended to impress other people","ưa thích, sang trọng"
fantasy,a pleasant situation that you imagine but that is unlikely to happen,tưởng tượng
far,at a greater distance away from you,xa
fare,"the money that you pay to travel by bus, plane, taxi, etc.",giá vé
farm,"an area of land, and the buildings on it, used for growing crops and/or keeping animals",trang trại
fascinate,(không có định nghĩa trong Oxford 5000 - root này không phải headword độc lập),mê hoặc
fashion,"a popular style of clothes, hair, etc. at a particular time or place; the state of being popular",thời trang
fast,moving or able to move quickly,"nhanh, nhịn ăn"
fat,having too much flesh on it and weighing too much,"béo, mỡ"
fate,"the things, especially bad things, that will happen or have happened to somebody/something",số phận
father,a male parent of a child or an animal; a person who is acting as the father to a child,cha
fault,the responsibility for something wrong that has happened or been done,lỗi lầm
favour,a thing that you do to help somebody,sự ưu ái
fear,the bad feeling that you have when you are in danger or when a particular thing frightens you,sợ hãi
feather,one of the many soft light parts covering a bird’s body,lông vũ
feature,"something important, interesting or typical of a place or thing",đặc điểm
feed,a meal of milk for a young baby; a meal for an animal,cho ăn
feel,the feeling you get when you touch something or are touched,cảm thấy
fellow,"used to describe somebody who is the same as you in some way, or in the same situation","đồng nghiệp, gã"
fence,"a structure made of wood or wire supported with posts that is put between two areas of land as a boundary, or around a garden, field, etc. to keep animals in, or to keep people and animals out",hàng rào
fever,a medical condition in which a person has a temperature that is higher than normal,sốt
few,"used with plural nouns and a plural verb to mean ‘a small number’, ‘some’","ít, một vài"
fibre,the part of food that helps to keep a person healthy by keeping the bowels working and moving other food quickly through the body,sợi
field,"an area of land in the country used for growing crops or keeping animals in, usually surrounded by a fence, etc.","cánh đồng, lĩnh vực"
fierce,angry and aggressive in a way that is frightening,dữ dội
fight,a struggle against somebody/something using physical force,chiến đấu
figure,"a number representing a particular amount, especially one given in official information","con số, hình dáng"
fill,to make something full of something; to become full of something,lấp đầy
film,"a series of moving pictures recorded with sound that tells a story, watched at a cinema or on a television or other device",phim
filter,"a device containing paper, sand, chemicals, etc. that a liquid or gas is passed through in order to remove any materials that are not wanted",bộ lọc
final,"being or happening at the end of a series of events, actions, statements, etc.",cuối cùng
finance,"money used to run a business, an activity or a project",tài chính
find,to discover somebody/something unexpectedly or by chance,tìm thấy
fine,in good health,"tốt đẹp, tiền phạt"
finger,"one of the four long thin parts that stick out from the hand (or five, if the thumb is included)",ngón tay
finish,the last part or the end of something,hoàn thành
fire,"the flames, light and heat, and often smoke, that are produced when something burns","lửa, sa thải"
firm,fairly hard; not easy to press into a different shape,"công ty, chắc chắn"
first,before anyone or anything else; at the beginning,đầu tiên
fish,"a creature that lives in water, breathes through gills, and uses fins and a tail for swimming",cá
fit,"healthy and strong, especially because you do regular physical exercise","vừa vặn, thể lực"
five,5,số năm
fix,"a solution to a problem, especially an easy or temporary one",sửa chữa
flag,"a piece of cloth with a special coloured design on it that may be the symbol of a particular country or organization, may be used to give a signal or may have a particular meaning. A flag can be attached to a pole (= a long thin straight piece of wood or metal) or held in the hand.",lá cờ
flame,a hot bright stream of burning gas that comes from something that is on fire,ngọn lửa
flash,a sudden bright light that shines for a moment and then disappears,ánh sáng lóe lên
flat,"having a level surface, not curved or sloping, and without holes or any bits sticking out","phẳng, căn hộ"
flavor,(không có định nghĩa trong Oxford 5000 - root này không phải headword độc lập),hương vị
flaw,a mistake in something that means that it is not correct or does not work correctly,khuyết điểm
fleet,a group of military ships commanded by the same person,hạm đội
flesh,the soft substance between the skin and bones of animal or human bodies,thịt (cơ thể)
flight,"a journey made by air, especially in a plane",chuyến bay
float,to move slowly on water or in the air,nổi
flood,a large amount of water covering an area that is usually dry,lũ lụt
floor,the surface of a room that you walk on,sàn nhà
flour,"a fine white or brown powder made from grain, especially wheat, and used in cooking for making bread, cakes, etc.",bột mì
flourish,to develop quickly and become successful or common,phát triển mạnh
flow,the steady and continuous movement of something/somebody in one direction,dòng chảy
flower,the coloured part of a plant from which the seed or fruit develops. Flowers usually grow at the end of a stem and last only a short time.,hoa
flu,"a serious disease caused by a virus, that causes a high temperature, severe pains and weakness",cúm
fluid,a liquid; a substance that can flow,chất lỏng
fly,a small flying insect with two wings. There are many different types of fly and many of them spread disease.,"bay, ruồi"
fold,"a part of something, especially cloth, that is folded or hangs as if it had been folded",gấp lại
folk,traditional and typical of the ordinary people of a country or community,"người dân, dân gian"
follow,to come or go after or behind somebody/something,theo sau
fond,"having warm or loving feelings for somebody, especially somebody you have known for a long time",yêu thích
food,things that people or animals eat,thức ăn
fool,a person who you think behaves or speaks in a way that lacks intelligence or good judgement,kẻ ngốc
foot,"the lowest part of the leg, below the ankle, on which a person or an animal stands",bàn chân
for,used to show who is intended to have or use something or where something is intended to be put,"cho, vì"
forbid,to order somebody not to do something; to order that something must not be done,cấm đoán
force,violent physical action used to obtain or achieve something,"lực lượng, ép buộc"
foreign,in or from a country that is not your own,nước ngoài
forest,a large area of land that is thickly covered with trees,rừng
forge,to put a lot of effort into making something successful or strong so that it will last,"rèn, giả mạo"
forget,"to not remember to do something that you ought to do, or to bring or buy something that you ought to bring or buy",quên
forgive,"to stop feeling angry with somebody who has done something to harm, annoy or upset you; to stop feeling angry with yourself",tha thứ
fork,"a tool with a handle and three or four sharp points (called prongs), used for picking up and eating food",cái nĩa
form,a type or variety of something,"hình dạng, biểu mẫu"
formal,very correct and suitable for official or important occasions,trang trọng
former,that existed in earlier times,trước đây
forth,away from a place; out,về phía trước
fortune,a large amount of money,"vận may, tài sản"
forward,directed or moving towards the front,về phía trước
fossil,the parts of a dead animal or a plant that have become hard and turned into rock,hóa thạch
found,"to start something, such as an organization or an institution, especially by providing money","thành lập, tìm thấy"
four,(không có định nghĩa trong Oxford 5000 - root này không phải headword độc lập),số bốn
fragile,easily broken or damaged,dễ vỡ
fragment,a small part of something that has broken off or comes from something larger,mảnh vỡ
frame,"a strong border or structure of wood, metal, etc. that holds a picture, door, piece of glass, etc. in position",khung
franchise,formal permission given by a company to somebody who wants to sell its goods or services in a particular area; formal permission given by a government to somebody who wants to operate a public service as a business,nhượng quyền
fraud,the crime of cheating somebody in order to get money or goods illegally,gian lận
free,without particular plans or arrangements; not busy,"tự do, miễn phí"
freeze,"to become hard, and often turn to ice, as a result of extreme cold; to make something do this",đông lạnh
frequent,happening or doing something often,thường xuyên
fresh,"recently produced or picked and not frozen, dried or preserved in tins or cans",tươi mới
friend,"a person you know well and like, and who is not usually a member of your family",bạn bè
frog,"a small animal with smooth skin, that lives both on land and in water (= is an amphibian). Frogs have very long back legs for jumping, and no tail.",con ếch
from,used to show where somebody/something starts,từ
front,on or at the front of something,phía trước
fruit,"the part of a plant that consists of one or more seeds and a soft inner part, can be eaten as food and usually tastes sweet",trái cây
frustrate,(không có định nghĩa trong Oxford 5000 - root này không phải headword độc lập),"thất vọng, làm nản lòng"
fry,to cook something in hot fat or oil; to be cooked in hot fat or oil,chiên
fuel,"any material that produces heat or power, usually when it is burnt",nhiên liệu
fulfil,to do or achieve what was hoped for or expected,"hoàn thành, thực hiện"
full,containing or holding as much or as many as possible; having no empty space,đầy đủ
fun,that you enjoy,vui vẻ
function,a special activity or purpose of a person or thing,chức năng
fund,an amount of money that has been saved or has been made available for a particular purpose,"quỹ, tài trợ"
fur,the soft thick mass of hair that grows on the body of some animals,lông thú
further,more; additional,"xa hơn, hơn nữa"
future,taking place or existing at a time after the present,tương lai
gain,"an increase in the amount of something, especially in wealth or weight",đạt được
gallon,"a unit for measuring liquid. In the UK, Canada and other countries it is equal to about 4.5 litres; in the US it is equal to about 3.8 litres. There are four quarts in a gallon.",gallon (đơn vị)
gamble,(không có định nghĩa trong Oxford 5000 - root này không phải headword độc lập),đánh bạc
game,"an activity that you do to have fun, often one that has rules and that you can win or lose; the equipment for a game",trò chơi
gang,an organized group of criminals,băng nhóm
gap,a space where something is missing,khoảng trống
garden,"a piece of land next to or around your house where you can grow flowers, fruit, vegetables, etc., usually with a lawn (= an area of grass)",khu vườn
gas,"any substance like air that is neither a solid nor a liquid, for example hydrogen or oxygen",khí ga
gate,a barrier like a door that is used to close an opening in a fence or a wall outside a building,cổng
gather,"to come together, or bring people together, in one place to form a group",tập hợp
gay,sexually attracted to people of the same sex,đồng tính nam
gaze,"a long, steady look at somebody/something",nhìn chăm chú
gear,equipment in a vehicle that changes the relation between engine speed (or pedal speed on a bicycle) and the speed of the wheels moving forwards or backwards,"bánh răng, trang thiết bị"
gen,(không có định nghĩa trong Oxford 5000 - root này không phải headword độc lập),gen (di truyền)
gender,"the fact of being male or female, especially when considered with reference to social and cultural differences, rather than differences in biology; members of a particular gender as a group",giới tính
generous,giving or willing to give freely; given freely,hào phóng
gentle,calm and kind; doing things in a quiet and careful way,dịu dàng
genuine,real; exactly what it appears to be; not artificial,chân thật
get,to receive something,nhận được
ghost,the spirit of a dead person that a living person believes they can see or hear,ma
giant,very large; much larger or more important than similar things usually are,khổng lồ
girl,a female child,con gái
give,"to hand something to somebody so that they can look at it, use it or keep it for a time","cho, tặng"
glad,pleased; happy,vui mừng
glance,a quick look,liếc nhìn
glass,"a hard, usually clear, substance used, for example, for making windows and bottles","kính, ly"
globe,the world (used especially to emphasize its size),quả địa cầu
glory,great success that brings somebody praise and honour and makes them famous,vinh quang
go,a person’s turn to move or play in a game or an activity,đi
goal,a frame with a net into which players must kick or hit the ball in order to score a point,mục tiêu
god,the being or spirit that is worshipped and is believed to have created the universe,"thần, chúa"
gold,"bright yellow in colour, like gold",vàng
golf,"a game played over a large area of ground using sticks with a special shape to hit a small hard ball (a golf ball) into a series of 9 or 18 holes, using as few shots as possible",golf
good,of high quality or an acceptable standard,tốt
gorgeous,very beautiful and attractive; giving great pleasure ,lộng lẫy
govern,"to legally control a country or its people and be responsible for introducing new laws, organizing public services, etc.","quản lý, cai trị"
grab,to take or hold somebody/something with your hand suddenly or roughly,nắm lấy
grace,an attractive quality of movement that is smooth and done with control; a simple and beautiful quality,sự duyên dáng
grade,a mark given in an exam or for a piece of school work,"cấp bậc, điểm số"
graduate,a person who has a university degree,tốt nghiệp
grain,"the small hard seeds of food plants such as wheat, rice, etc.; a single seed of such a plant",hạt ngũ cốc
grand,impressive and large or important,lớn lao
grasp,a strong hold of somebody/something or control over somebody/something,nắm bắt
grass,"a common wild plant with narrow green leaves and stems that are eaten by cows, horses, sheep, etc.",cỏ
grave,very serious and important; giving you a reason to feel worried,"ngôi mộ, nghiêm trọng"
great,very good or pleasant,tuyệt vời
green,having the colour of grass or the leaves of most plants and trees,màu xanh lá
grey,having the colour of smoke or ashes,màu xám
grid,"a pattern of straight lines, usually crossing each other to form squares",lưới điện
grind,to break or press something into very small pieces between two hard surfaces or using a special machine,"nghiền, mài"
grip,an act of holding somebody/something tightly; a particular way of doing this,nắm chặt
gross,being the total amount of something before anything is taken away,"tổng, thô thiển"
ground,the solid surface of the earth,mặt đất
group,a number of people or things that are together in the same place or that are connected in some way,nhóm
grow,"to increase in size, number, strength or quality",phát triển
guard,"a person, such as a soldier, a police officer or a prison officer, who protects a place or people, or prevents prisoners from escaping",bảo vệ
guess,an attempt to give an answer or an opinion when you cannot be certain if you are right,đoán
guest,a person that you have invited to your house or to a particular event that you are paying for,khách mời
guide,"a person who shows other people the way to a place, especially somebody employed to show tourists around interesting places",hướng dẫn
guilt,the unhappy feelings caused by knowing or thinking that you have done something wrong,tội lỗi
guitar,a musical instrument that usually has six strings and that you play with your fingers or with a plectrum,đàn guitar
gun,a weapon that is used for firing bullets or shells,súng
gut,the tube in the body through which food passes when it leaves the stomach,"ruột, bản năng"
gym,"a room or hall with equipment for doing physical exercise, for example in a school",phòng gym
habit,"a thing that you do often and almost without thinking, especially something that is hard to stop doing",thói quen
hail,"to describe somebody/something as being very good or special, especially in newspapers, etc.","mưa đá, ca ngợi"
hair,the substance that looks like a mass of fine threads growing on a person's head,tóc
hall,a space or passage inside the entrance or front door of a building,"sảnh, hội trường"
halt,an act of stopping the movement or progress of somebody/something,dừng lại
hand,"the part of the body at the end of the arm, including the fingers and thumb",bàn tay
handle,"the part of a door, window, etc. that you use to open it","xử lý, tay cầm"
hang,"to attach something, or to be attached, at the top so that the lower part is free or loose",treo
happy,feeling or showing pleasure; pleased,hạnh phúc
harbor,(không có định nghĩa trong Oxford 5000 - root này không phải headword độc lập),bến cảng
hard,"difficult to do, understand or answer","cứng, khó khăn"
harm,damage or injury that is caused by a person or an event,gây hại
harsh,"cruel, severe and unkind",khắc nghiệt
harvest,"the time of year when the crops are gathered in on a farm, etc.; the act of cutting and gathering crops",thu hoạch
hat,"a piece of clothing made to fit the head, often with a brim (= a flat edge that sticks out), usually worn out of doors",mũ
hate,a very strong feeling of dislike for somebody ,ghét
haunt,"if the ghost of a dead person haunts a place, people say that they have seen it there",ám ảnh
hazard,something that can be dangerous or cause damage,nguy hiểm
head,"the part of the body on top of the neck containing the eyes, nose, mouth and brain","đầu, người đứng đầu"
heal,to become healthy again; to make something healthy again,chữa lành
health,the condition of a person’s body or mind,sức khỏe
hear,to be aware of sounds with your ears,nghe
heart,"the organ in the chest that sends blood around the body, usually on the left in humans",trái tim
heat,the quality of being hot,"nhiệt, sức nóng"
heaven,"the place believed to be the home of God where good people go when they die, sometimes imagined to be in the sky",thiên đường
heavy,weighing a lot; difficult to lift or move,nặng nề
heel,the back part of the foot below the ankle,gót chân
height,the measurement of how tall a person or thing is,chiều cao
hell,the place believed to be the home of devils and where bad people go after death,địa ngục
help,the act of helping somebody to do something,giúp đỡ
hence,for this reason,do đó
her,of or belonging to a woman or girl who has already been mentioned or is easily identified,của cô ấy
herb,"a plant whose leaves, flowers or seeds are used to add taste to food, in medicines or for their pleasant smell. parsley, mint and oregano are all herbs.",thảo mộc
here,"used after a verb or preposition to mean ‘in, at or to this position or place’",ở đây
hero,a person who is admired by many people for doing something brave or good,anh hùng
hide,to put or keep somebody/something in a place where they/it cannot be seen or found,giấu
high,measuring a long distance from the bottom to the top,cao
hill,"an area of land that is higher than the land around it, but not as high as a mountain",đồi
him,"used as the object of a verb, after the verb be or after a preposition to refer to a male person or animal that has already been mentioned or is easily identified",anh ấy
hip,the area at either side of the body between the top of the leg and the middle part of the body; the joint at the top of the leg that connects it with the top part of the body,hông
hire,the act of paying to use something for a short time,thuê
his,of or belonging to a man or boy who has already been mentioned or is easily identified,của anh ấy
hit,an act of hitting somebody/something with your hand or with an object held in your hand,"đánh, va chạm"
hobby,an activity that you do for pleasure when you are not working,sở thích
hold,the action of holding somebody/something; the way you are holding somebody/something,giữ
hole,a hollow space in something solid or in the surface of something,lỗ hổng
hollow,having a hole or empty space inside,rỗng
holy,connected with God or a particular religion,thần thánh
home,connected with the place where you live,nhà
honest,"always telling the truth, and never stealing or cheating",trung thực
honor,(không có định nghĩa trong Oxford 5000 - root này không phải headword độc lập),danh dự
hook,"a curved piece of metal, plastic or wire for hanging things on, catching fish with, etc.",móc câu
hope,a feeling of wanting and expecting a particular thing to happen; something that you wish for,hy vọng
horn,"a hard pointed part that grows, usually in pairs, on the heads of some animals, such as sheep and cows. Horns are often curved.","sừng, còi xe"
horse,"a large animal with four legs, a mane (= long thick hair on its neck) and a tail. Horses are used for riding on, pulling carriages, etc.",ngựa
hospital,a large building where people who are ill or injured are given medical treatment and care,bệnh viện
host,"a person who invites guests to a meal, a party, etc. or who has people staying at their house","chủ nhà, người dẫn chương trình"
hostile,aggressive or unfriendly and ready to argue or fight,thù địch
hot,having a high temperature; producing heat,nóng
hotel,"a building where people stay, usually for a short time, paying for their rooms and meals",khách sạn
hour,60 minutes; one of the 24 parts that a day is divided into,giờ
house,"a building for people to live in, usually for one family",ngôi nhà
how,in what way or manner,như thế nào
huge,extremely large in size or amount; great in degree,khổng lồ
human,"of or connected with people rather than animals, machines or gods",con người
humble,showing you do not think that you are as important as other people,khiêm tốn
humor,(không có định nghĩa trong Oxford 5000 - root này không phải headword độc lập),hài hước
hundred,100,trăm
hungry,feeling that you want to eat something,đói
hunt,an act of looking for somebody/something that is difficult to find,săn bắn
hurry,the need or wish to get something done quickly,vội vàng
hurt,injured physically,làm đau
husband,the man that somebody is married to; a married man,chồng
ice,water that has frozen and become solid,băng
idea,"a plan, thought or suggestion, especially about what to do in a particular situation",ý tưởng
ideal,perfect; most suitable,lý tưởng
idiot,a rude way to refer to somebody who you think is very stupid,kẻ ngốc
ignore,to pay no attention to something,phớt lờ
ill,suffering from an illness or disease; not feeling well,ốm đau
illustrate,"to use pictures, photographs, diagrams, etc. in a book, etc.",minh họa
image,"a picture, photograph or statue that represents somebody/something",hình ảnh
imagine,to form a picture in your mind of what something might be like,tưởng tượng
immediate,happening or done without delay,ngay lập tức
immense,extremely large or great,to lớn
immune,that cannot catch or be affected by a particular disease or illness,miễn dịch
improve,to become better than before; to make something/somebody better than before,cải thiện
in,"into an object, an area or a substance","trong, vào"
incentive,something that encourages you to do something,động lực khuyến khích
incur,"if you incur something unpleasant, you are in a situation in which you have to deal with it",gánh chịu
index,"a list of names or topics that are referred to in a book, etc., usually arranged at the end of a book in alphabetical order or listed in a separate file or book",chỉ số
indicate,to show that something is true or exists,chỉ ra
indigenous,"coming from a particular place and having lived there for a long time before other people came there; relating to, belonging to or developed by these people",bản địa
indulge,"to allow yourself to have or do something that you like, especially something that is considered bad for you",nuông chiều
industry,"the production of goods from raw materials, especially in factories",ngành công nghiệp
infant,a baby or very young child,trẻ sơ sinh
infer,to reach an opinion or decide that something is true on the basis of information that is available,suy luận
inform,"to tell somebody about something, especially in an official way",thông báo
injure,"to harm yourself or somebody else physically, especially in an accident",làm bị thương
ink,"coloured liquid for writing, drawing and printing",mực
insect,"any small creature with six legs and a body divided into three parts. Insects usually also have wings. Ants, bees and flies are all insects.",côn trùng
insert,to put something into something else or between two things,chèn vào
instance,a particular example or case of something,trường hợp cụ thể
instant,happening immediately,tức thì
instinct,a natural quality that makes people and animals tend to behave in a particular way using the knowledge and abilities that they were born with rather than thought or training,bản năng
instrument,"an object used for producing musical sounds, for example a piano or a drum","công cụ, nhạc cụ"
insult,a remark or an action that is said or done in order to offend somebody,sỉ nhục
intense,very great; very strong,mãnh liệt
interest,the feeling that you have when you want to know or learn more about somebody/something,"sở thích, lãi suất"
intermediate,"located between two places, things, states, etc.",trung cấp
interpret,to explain the meaning of something,diễn giải
interview,"a formal meeting at which somebody is asked questions to see if they are suitable for a particular job, or for a course of study at a college, university, etc.",phỏng vấn
intrigue,(không có định nghĩa trong Oxford 5000 - root này không phải headword độc lập),"âm mưu, hấp dẫn"
invade,"to enter a country, town, etc. using military force in order to take control of it",xâm lược
investigate,"to carefully examine the facts of a situation, an event, a crime, etc. to find out the truth about it or how it happened",điều tra
invite,to ask somebody to come to a social event,mời
invoke,"to mention or use a law, rule, etc. as a reason for doing something",viện dẫn
iron,a chemical element. Iron is a hard strong metal that is used to make steel and is also found in small quantities in blood and food.,"sắt, bàn ủi"
island,a piece of land that is completely surrounded by water,hòn đảo
isolate,to separate somebody/something physically or socially from other people or things,cô lập
issue,an important topic that people are discussing or arguing about,"vấn đề, phát hành"
it,"the study and use of electronic processes and equipment to store and send information of all kinds, including words, pictures and numbers (the abbreviation for ‘information technology’) ",nó
item,"one thing on a list of things to buy, do, talk about, etc.",món hàng
jacket,"a piece of clothing worn on the top half of the body over a shirt, etc. that has arms and fastens down the front; a short, light coat",áo khoác
jail,a prison,nhà tù
jam,"a thick sweet substance made by boiling fruit with sugar, often sold in jars and spread on bread","mứt, kẹt xe"
jazz,"a type of music with strong rhythms, in which the players often improvise (= make up the music as they are playing), originally created by African American musicians at the beginning of the 20th century",nhạc jazz
jet,a plane driven by jet engines,máy bay phản lực
job,work for which you receive regular payment,công việc
join,to fix or connect two or more things together,tham gia
joke,"something that you say or do to make people laugh, for example a funny story that you tell",trò đùa
journey,"an act of travelling from one place to another, especially when they are far apart",hành trình
joy,a feeling of great happiness,niềm vui
judge,a person in a court who has the authority to decide how criminals should be punished or to make legal decisions,"thẩm phán, phán xét"
juice,the liquid that comes from fruit or vegetables; a drink made from this,nước ép
jump,an act of jumping,nhảy
just,that most people consider to be morally fair and reasonable,"chỉ, công bằng"
keen,wanting to do something or wanting something to happen very much,hăng hái
keep,to continue to have something and not give it back or throw it away,giữ
key,most important; essential,chìa khóa
kick,"a movement with the foot or the leg, usually to hit something with the foot",đá
kidnap,"to take somebody away illegally and keep them as a prisoner, especially in order to get money or something else for returning them",bắt cóc
kill,to make somebody/something die,giết
kind,"caring about others; gentle, friendly and generous","tử tế, loại"
king,the male ruler of an independent state that has a royal family,vua
kiss,the act of kissing somebody/something,hôn
kitchen,a room in which meals are cooked or prepared,nhà bếp
knee,the joint between the top and bottom parts of the leg where it bends in the middle,đầu gối
knife,"a sharp blade (= metal edge) with a handle, used for cutting or as a weapon",con dao
knock,"the sound of somebody hitting a door, window, etc. with their hand or with something hard to attract attention",gõ cửa
know,to have information in your mind as a result of experience or because you have learned or been told it,biết
labor,(không có định nghĩa trong Oxford 5000 - root này không phải headword độc lập),lao động
ladder,"a piece of equipment for climbing up and down a wall, the side of a building, etc., consisting of two lengths of wood or metal that are joined together by steps or rungs",cái thang
lady,"a word used to mean ‘woman’ that some people, especially older people, consider is more polite",quý bà
lamp,"a device that uses electricity, oil or gas to produce light",đèn
land,the surface of the earth that is not sea,đất đai
lap,the top part of your legs that forms a flat surface when you are sitting down,"vòng đua, đùi"
large,big in size or quantity,to lớn
last,after anyone or anything else; at the end,"cuối cùng, kéo dài"
late,"arriving, happening or done after the expected, arranged or usual time",muộn
latter,used to refer to the second of two things or people mentioned,cái sau
laugh,the sound you make when you think that something is funny or silly ,cười
launch,the action of launching something,"khởi động, phóng"
law,"a rule that deals with a particular crime, agreement, etc.",luật pháp
lay,"to put somebody/something in a particular position, especially when it is done gently or carefully","đặt xuống, đẻ trứng"
lazy,unwilling to work or be active; doing as little as possible,lười biếng
lead,(không có định nghĩa trong Oxford 5000 - root này không phải headword độc lập),"dẫn dắt, chì"
leaf,"a flat green part of a plant, growing from a stem or branch or from the root",lá cây
league,a group of sports teams who all play each other to earn points and find which team is best,liên đoàn
leak,a small hole that lets liquid or gas flow in or out of something by accident,rò rỉ
lean,to bend or move from a straight position to a sloping position ,"nghiêng, gầy"
leap,a long or high jump,nhảy vọt
learn,"to gain knowledge or skill by studying, from experience, from being taught, etc.",học
least,to the smallest degree,ít nhất
leather,material made by removing the hair or fur from animal skins and preserving the skins using special processes,da thuộc
leave,a period of time when you are allowed to be away from work for a holiday or for a special reason,rời đi
left,on the side of your body that is towards the west when you are facing north,"trái, còn lại"
leg,one of the long parts that connect the feet to the rest of the body,chân
legal,connected with the law,hợp pháp
legend,"a story from ancient times about people and events, that may or may not be true; this type of story",truyền thuyết
leisure,time when you are not working or studying; free time,giải trí
lemon,"a yellow citrus fruit with juice that has a bitter, sharp taste. Slices of lemon and lemon juice are used in cooking and drinks.",chanh
lend,"to give something to somebody or allow them to use something that belongs to you, which they have to return to you later",cho vay
length,the size or measurement of something from one end to the other,chiều dài
lesbian,sexually attracted to other women; connected with lesbians,đồng tính nữ
less,to a smaller degree; not so much,ít hơn
let,used for making suggestions or as a polite way of telling people what you want them to do,"để cho, cho thuê"
lethal,causing or able to cause death,gây chết người
letter,"a written, typed or printed message that is put in an envelope or attached to an email and sent to somebody","thư từ, chữ cái"
level,having a flat surface that does not slope,mức độ
liable,legally responsible for paying the cost of something,chịu trách nhiệm
library,"a building in which collections of books, newspapers, etc. and sometimes films and recorded music are kept for people to read, study or borrow",thư viện
licence,"an official document that shows that permission has been given to do, own or use something",giấy phép
license,"to give somebody official permission to do, own, or use something",giấy phép
lie,a statement made by somebody knowing that it is not true,"nói dối, nằm"
life,"the ability to breathe, grow, produce young, etc. that people, animals and plants have before they die and that objects do not have",cuộc sống
lift,a machine that carries people or goods up and down to different levels in a building or a mine,nâng lên
light,pale in colour,"ánh sáng, nhẹ"
like,the things that you like,"thích, giống như"
limb,"an arm or a leg; a similar part of an animal, such as a wing",chi (tay chân)
limit,the greatest or smallest amount of something that is allowed,giới hạn
line,"a long, thin mark on a surface",đường kẻ
linger,to continue to exist for longer than expected,nán lại
link,a connection between two or more people or things,liên kết
lion,"a large, powerful animal of the cat family that hunts in groups and lives in parts of Africa and southern Asia. Lions have yellow-brown fur and the male has a mane (= long, thick hair round its neck).",sư tử
lip,either of the two soft edges at the opening to the mouth,môi
list,"a series of names, items, figures, etc., especially when they are written or printed",danh sách
listen,to pay attention to somebody/something that you can hear,lắng nghe
litre,"a unit for measuring volume, equal to 1.76 British pints or 2.11 American pints",lít
litter,"small pieces of rubbish such as paper, cans and bottles, that people have left lying in a public place","rác, đàn con"
little,not big; small; smaller than others,nhỏ bé
live,living; not dead,sống
liver,a large organ in the body that cleans the blood and produces bile,gan
load,"something that is being carried (usually in large amounts) by a person, vehicle, etc.",tải trọng
loan,money that an organization such as a bank lends and somebody borrows,khoản vay
lobby,a large area inside the entrance of a public building where people can meet and wait,"sảnh, vận động hành lang"
lock,"a device that keeps a door, window, box, etc. shut, usually needing a key to open it",khóa
log,a thick piece of wood that is cut from or has fallen from a tree,"khúc gỗ, nhật ký"
logic,a way of thinking or explaining something,logic
long,"measuring or covering a great length or distance, or a greater length or distance than usual",dài
look,an act of looking at somebody/something,nhìn
loom,"to appear as a large shape that is not clear, especially in a frightening way","khung dệt, hiện ra"
loop,a shape like a curve or circle made by a line curving right round,vòng lặp
loose,not securely fixed where it should be; able to become separated from something,lỏng lẻo
lord,"(in the UK) a man of high rank in the nobility (= people of high social class), or somebody who has been given the title ‘lord’ as an honour",lãnh chúa
lose,to be unable to find something/somebody,"mất, thua"
loud,making a lot of noise,ồn ào
love,"a very strong feeling of liking and caring for somebody/something, especially a member of your family or a friend",tình yêu
low,not high or tall; not far above the ground,thấp
loyal,remaining constant in your support of somebody/something,trung thành
luck,"good things that happen to you by chance, not because of your own efforts or abilities",may mắn
lunch,a meal eaten in the middle of the day,bữa trưa
luxury,expensive and of very high quality,sang trọng
lyric,the words of a popular song,lời bài hát
machine,"a piece of equipment with many parts that work together to do a particular task. The power used to work a machine may be electricity, steam, gas, etc. or human power.",máy móc
mad,very stupid; not at all sensible,"điên, tức giận"
magic,having or using special powers to make impossible things happen or seem to happen,phép thuật
mail,"the official system used for sending and delivering letters, packages, etc.",thư từ
main,being the largest or most important of its kind,"chính, chủ yếu"
maintain,"to make something continue at the same level, standard, etc.",duy trì
major,very large or important,"chính, chuyên ngành"
make,"the name or type of a machine, piece of equipment, etc. that is made by a particular company",làm
male,being a man or boy,nam giới
man,an adult male human,đàn ông
manage,"to control or be in charge of a business, a team, an organization, land, etc.",quản lý
manifest,"to show something clearly, especially a feeling, an attitude or a quality",biểu hiện rõ
manipulate,"to control or influence somebody/something, often in a dishonest way so that they do not realize it",thao túng
manner,behaviour that is considered to be polite in a particular society or culture,"cách thức, thái độ"
march,"the 3rd month of the year, between February and April","diễu hành, tháng Ba"
margin,the empty space at the side of a written or printed page,"lề, biên độ"
marine,connected with the sea and the creatures and plants that live there,thuộc biển
mark,"a written or printed symbol that is used as a sign of something, for example the quality of something or who made or owns it","dấu, đánh dấu"
market,an occasion when people buy and sell goods; the open area or building where they meet to do this,thị trường
marriage,the legal relationship between two people who are married to each other,hôn nhân
marry,to become the husband or wife of somebody; to get married to somebody,kết hôn
martial,(không có định nghĩa trong Oxford 5000 - root này không phải headword độc lập),thuộc quân sự
mask,"something that you wear over your face to hide it, or to frighten or entertain other people ",mặt nạ
mass,affecting or involving a large number of people or things,"khối lượng, đám đông"
master,"a man who has people working for him, often as servants in his home",bậc thầy
match,a sports event where people or teams compete against each other,"trận đấu, phù hợp"
mate,a friend,"bạn đời, bạn bè"
material,"connected with money, possessions, etc. rather than with the needs of the mind or spirit",vật liệu
matter,"used (to ask) if somebody is upset, unhappy, etc. or if there is a problem","vấn đề, vật chất"
mature,"behaving in a sensible way, like an adult",trưởng thành
may,"the fifth month of the year, between April and June",có thể
mayor,"the head of the government of a town or city, etc., elected by the public",thị trưởng
meal,"an occasion when people eat food, especially breakfast, lunch or dinner",bữa ăn
mean,to have something as a meaning in the same or another language,có nghĩa là
measure,an official action that is done in order to achieve a particular aim,đo lường
meat,the soft part of an animal or a bird that can be eaten as food; a particular type of this,thịt
medal,"a flat piece of metal, usually like a coin in shape, that is given to the winner of a competition or to somebody who has been brave, for example in war",huy chương
medicine,the study and treatment of diseases and injuries,"y học, thuốc"
medium,"in the middle between a larger and smaller size, amount, length, temperature, etc.","trung bình, phương tiện"
meet,to be in the same place as somebody by chance and talk to them,gặp gỡ
melt,to become or make something become liquid as a result of heating,tan chảy
member,"a person, an animal or a plant that belongs to a particular group",thành viên
mental,connected with or happening in the mind; involving the process of thinking,thuộc tinh thần
mention,an act of referring to somebody/something in speech or writing,đề cập
merchant,"a person who buys and sells goods in large quantities, especially one who imports and exports goods",thương gia
mercy,a kind or forgiving attitude towards somebody that you have the power to harm or right to punish,lòng thương xót
mere,"used when you want to emphasize how small, unimportant, etc. somebody/something is",chỉ là
merge,to combine or make two or more things combine to form a single thing,sáp nhập
merit,the quality of being good and of deserving praise or reward,"giá trị, công trạng"
mess,a dirty or untidy state,bừa bộn
metal,"a type of solid mineral substance that is usually hard and shiny and that heat and electricity can travel through, for example tin, iron and gold",kim loại
method,a particular way of doing something,phương pháp
metre,a unit for measuring length; a hundred centimetres,mét
middle,"in a position in the middle of an object, group of objects, people, etc.; between the beginning and the end of something",ở giữa
midst,the middle part of something,giữa lúc
might,used when showing that something is or was possible,"sức mạnh, có thể"
mild,not severe or strong,nhẹ nhàng
mile,a unit for measuring distance equal to 1 609 metres or 1 760 yards,dặm
militia,a group of people who are not professional soldiers but who have had military training and can act as an army,dân quân
milk,"the white liquid produced by cows, goats and some other animals as food for their young and used as a drink by humans",sữa
mill,a building fitted with equipment for grinding grain into flour; a machine for grinding grain,nhà máy
million,1 000 000,triệu
mind,"the part of a person that makes them able to be aware of things, to think and to feel",tâm trí
mine,"a deep hole or holes under the ground where minerals such as coal, gold, etc. are dug","của tôi, mỏ"
mineral,"a substance that is naturally present in the earth and is not formed from animal or vegetable matter, for example gold and salt. Some minerals are also present in food and drink and in the human body and are essential for good health.",khoáng chất
minister,a senior member of the government who is in charge of a government department or a branch of one,bộ trưởng
minor,"not very large, important or serious","nhỏ, vị thành niên"
minute,extremely small,phút
miracle,an act or event that does not follow the laws of nature and is believed to be caused by God,phép màu
miss,to be or arrive too late for something,"nhớ, bỏ lỡ"
mission,that cannot exist or be done; not possible,sứ mệnh
mix,a combination of different people or things,trộn lẫn
mob,"a large crowd of people, especially one that may become violent or cause trouble",đám đông
mobile,"connected with mobile phones, tablets, etc.",di động
mode,a particular way of doing something; a particular type of something,chế độ
model,"a copy of something, usually smaller than the original object",mô hình
moderate,"that is neither very good, large, hot, etc. nor very bad, small, cold, etc.",vừa phải
modern,of the present time or recent times ,hiện đại
modest,"not very large, expensive, important, etc.",khiêm tốn
modify,"to change something slightly, especially in order to make it more suitable for a particular purpose",sửa đổi
moment,a very short period of time,khoảnh khắc
money,"what you earn by working or selling things, and use to buy things",tiền bạc
monk,a member of a religious group of men who often live apart from other people in a monastery and who do not marry or have personal possessions,nhà sư
monster,"(in stories) an imaginary creature that is very large, ugly and frightening",quái vật
month,"any of the twelve periods of time into which the year is divided, for example May or June",tháng
monument,"a building, column, statue, etc. built to remind people of a famous person or event",tượng đài
mood,the way you are feeling at a particular time,tâm trạng
moon,the round object that moves around the earth once every 27½ days and shines at night by light reflected from the sun,mặt trăng
moral,connected with principles of right and wrong behaviour,đạo đức
more,used to form the comparative of most adjectives and adverbs with two or more syllables,nhiều hơn
morning,the early part of the day from the time when people wake up until 12 o'clock in the middle of the day or before lunch,buổi sáng
mortgage,"a legal agreement by which a bank or similar organization lends you money to buy a house, etc., and you pay the money back over a particular number of years; the sum of money that you borrow",thế chấp
most,used to form the superlative of most adjectives and adverbs of two or more syllables,nhiều nhất
mother,a female parent of a child or animal; a person who is acting as a mother to a child,mẹ
motion,the act or process of moving or the way something moves,chuyển động
motive,a reason for doing something,động cơ
motor,having an engine; using the power of an engine,"động cơ, mô tơ"
mount,to organize and begin something,"gắn lên, leo lên"
mountain,"a very high hill, often with rocks near the top",núi
mouse,"a small animal that is covered in fur and has a long thin tail. Mice live in fields, in people’s houses or where food is stored.",chuột
mouth,"the opening in the face used for speaking, eating, etc.; the area inside the head behind this opening",miệng
move,a change of place or position,di chuyển
much,to a great degree,nhiều
mud,wet earth that is soft and sticky,bùn
mum,a mother,mẹ (tiếng Anh Anh)
municipal,"connected with or belonging to a town, city or district that has its own local government",thuộc thành phố
murder,the crime of killing somebody deliberately,giết người
muscle,a piece of body tissue that you make tight and relax in order to move a particular part of the body; the tissue that forms the muscles of the body,cơ bắp
music,sounds that are arranged in a way that is pleasant or exciting to listen to. People sing music or play it on instruments.,âm nhạc
must,used to say that something is necessary or very important (sometimes involving a rule or a law),phải
mutual,"used to describe feelings that two or more people have for each other equally, or actions that affect two or more people equally",lẫn nhau
my,of or belonging to the speaker or writer,của tôi
myth,"a story from ancient times, especially one that was told to explain natural events or to describe the early history of a people; this type of story",thần thoại
nail,the thin hard layer covering the outer tip of the fingers or toes,"móng tay, đinh"
naked,not wearing any clothes,trần trụi
name,"a word or words that a particular person, animal, place or thing is known by",tên
narrow,"measuring a short distance from one side to the other, especially in relation to length",hẹp
nasty,very bad or unpleasant,khó chịu
nation,"a country considered as a group of people with the same language, culture and history, who live in a particular area under one government",quốc gia
native,connected with the place where you were born and lived for the first years of your life,bản xứ
nature,"all the plants, animals and things that exist in the universe that are not made by people",tự nhiên
near,a short distance away,gần
neat,tidy and in order; carefully done or arranged,gọn gàng
neck,the part of the body between the head and the shoulders,cổ
need,a situation when something is necessary or must be done,cần thiết
needle,"a small thin piece of steel that you use for sewing, with a point at one end and a hole for the thread at the other",kim khâu
neglect,the fact of not giving enough care or attention to something/somebody; the state of not receiving enough care or attention,bỏ bê
neighbour,a person who lives next to you or near you,hàng xóm
nerve,"any of the long fibres that carry messages between the brain and parts of the body, enabling you to move, feel pain, etc.","thần kinh, can đảm"
nest,a hollow place or structure that a bird makes or chooses for laying its eggs in and sheltering its young,tổ chim
net,a net amount of money is the amount that remains when nothing more is to be taken away,"lưới, mạng"
never,not at any time; not on any occasion,không bao giờ
new,"not existing before; recently made, invented, introduced, etc.",mới
nice,pleasant or attractive,tốt đẹp
night,"the time between one day and the next when it is dark, when people usually sleep",ban đêm
nine,9,số chín
no,not one; not any; not a,không
noble,"having or showing fine personal qualities that people admire, such as courage, honesty and care for others",cao quý
noise,"a sound, especially when it is loud, unpleasant or frightening",tiếng ồn
noon,12 o’clock in the middle of the day,buổi trưa
nor,and not,cũng không
norm,a situation or a pattern of behaviour that is usual or expected,chuẩn mực
north,in or towards the north,phía bắc
nose,"the part of the face that sticks out above the mouth, used for breathing and smelling things",mũi
not,"used with be, do or have to form the negative of verbs; used to form the negative of modal verbs like can or must",không
note,a short piece of writing to help you remember something,ghi chú
notice,"a sheet of paper giving written or printed information, usually put in a public place","thông báo, chú ý"
notion,"an idea, a belief or an understanding of something",khái niệm
novel,"different from anything known before; new, interesting and often seeming slightly strange","tiểu thuyết, mới lạ"
now,(at) the present time,bây giờ
number,a word or symbol that represents an amount or a quantity,số lượng
nurse,"a person whose job is to take care of sick or injured people, usually in a hospital",y tá
nut,a small hard fruit with a very hard shell that grows on some trees,"hạt, đai ốc"
obey,to do what you are told or expected to do,vâng lời
oblige,"to force somebody to do something, by law, because it is a duty, etc.",bắt buộc
observe,to see or notice somebody/something,quan sát
obsess,"to completely fill your mind so that you cannot think of anything else, in a way that is not reasonable or normal",ám ảnh
obvious,easy to see or understand,rõ ràng
occasion,a particular time when something happens,"dịp, cơ hội"
occupy,"to fill or use a space, an area or an amount of time",chiếm giữ
occur,to happen,xảy ra
ocean,the mass of salt water that covers most of the earth’s surface,đại dương
odd,strange or unusual,"kỳ lạ, lẻ"
of,belonging to somebody; relating to somebody,của
off,used to say that something has been removed or become separated,"tắt, xa khỏi"
offence,an illegal act ,"sự xúc phạm, tội phạm"
offend,to make somebody feel upset because of something you say or do that is rude or embarrassing,xúc phạm
office,"a room, set of rooms or building where people work, usually sitting at desks",văn phòng
often,many times,thường xuyên
oil,a thick liquid that is found in rock underground ,dầu
old,of a particular age,"già, cũ"
on,on somebody’s body; being worn,trên
one,the number 1,một
open,allowing things or people to go through; not closed or blocked ,mở
opera,a dramatic work in which all or most of the words are sung to music; works of this type as an art form or entertainment,nhạc kịch opera
opinion,"your feelings or thoughts about somebody/something, rather than a fact",ý kiến
oral,spoken rather than written,bằng miệng
orange,between red and yellow in colour,cam
order,the way in which people or things are placed or arranged in relation to each other,"ra lệnh, đặt hàng"
organ,"a part of the body that has a particular purpose, such as the heart or the brain; part of a plant with a particular purpose","cơ quan, đàn organ"
origin,the point from which something starts; the cause of something,nguồn gốc
other,used to refer to people or things that are additional or different to people or things that have been mentioned or are known about,khác
our,belonging to us; connected with us,của chúng ta
out,away from the inside of a place or thing,ra ngoài
over,"across a street, an open space, etc.","ở trên, hơn"
own,used to emphasize that something belongs to or is connected with somebody,sở hữu
oxygen,"a chemical element. Oxygen is a gas that is present in air and water and is necessary for people, animals and plants to live.",oxy
pace,"the speed at which somebody/something walks, runs or moves",nhịp độ
pack,"a container, usually made of paper, that holds a number of the same thing or an amount of something, ready to be sold","đóng gói, gói"
pad,"a thick piece of soft material that is used, for example, for cleaning or protecting something or for holding liquid",miếng đệm
page,"one side or both sides of a sheet of paper in a book, magazine, etc.",trang
pain,the feelings that you have in your body when you have been hurt or when you are ill,đau đớn
paint,a liquid that is put on surfaces to give them a particular colour; a layer of this liquid when it has dried on a surface,"sơn, vẽ"
pair,"two things of the same type, especially when they are used or worn together",cặp đôi
palace,"the official home of a king, queen, president, etc.",cung điện
pale,"having skin that is very light in colour; having skin that has less colour than usual because of illness, a strong emotion, etc.",nhợt nhạt
palm,"a straight tree with a mass of long leaves at the top, growing in tropical countries. There are several types of palm tree, some of which produce fruit.","lòng bàn tay, cây cọ"
pan,(không có định nghĩa trong Oxford 5000 - root này không phải headword độc lập),chảo
panel,"a square or rectangular piece of wood, glass or metal that forms part of a larger surface such as a door or wall",bảng điều khiển
panic,a sudden feeling of great fear that cannot be controlled and prevents you from thinking clearly,hoảng loạn
pant,(không có định nghĩa trong Oxford 5000 - root này không phải headword độc lập),thở hổn hển
paper,the thin material that you write and draw on and that is also used for wrapping and packing things,giấy
parallel,two or more lines that are parallel to each other are the same distance apart at every point,song song
parent,a person’s father or mother,cha mẹ
parish,an area that has its own church and that a priest is responsible for,giáo xứ
park,"an area of public land in a town or a city where people go to walk, play and relax","công viên, đỗ xe"
parliament,the group of people who are elected to make and change the laws of a country,quốc hội
part,some but not all of a thing,phần
participate,to take part in or become involved in an activity,tham gia
partner,"a person that you are doing an activity with, such as dancing or playing a game",đối tác
pass,"an official document or ticket that shows that you have the right to enter or leave a place, to travel on a bus or train, etc.",vượt qua
passion,"a very strong feeling of love, hate, anger, enthusiasm, etc.",đam mê
passive,accepting what happens or what people do without trying to change anything or oppose them,thụ động
past,gone by in time,quá khứ
pastor,"a minister in charge of a Christian church or group, especially in some Nonconformist churches",mục sư
patch,"a small area of something, especially one which is different from the area around it",miếng vá
patent,"an official right to be the only person to make, use or sell a product or an invention; a document that proves this",bằng sáng chế
patho,(không có định nghĩa trong Oxford 5000 - root này không phải headword độc lập),bệnh lý (gốc từ)
patience,the ability to stay calm and accept a delay or something annoying without complaining,sự kiên nhẫn
patient,able to wait for a long time or accept annoying behaviour or difficulties without becoming angry,"bệnh nhân, kiên nhẫn"
patrol,"the act of going to different parts of a building, an area, etc. to make sure that there is no trouble or crime",tuần tra
patron,a person who gives money and support to artists and writers,người bảo trợ
pay,the money that somebody gets for doing regular work,trả tiền
peace,a situation or a period of time in which there is no war or violence in a country or an area,hòa bình
peak,"the point when somebody/something is best, most successful, strongest, etc.",đỉnh cao
peasant,"(especially in the past, or in poorer countries) a farmer who owns or rents a small piece of land",nông dân
peculiar,"strange or unusual, especially in a way that is unpleasant or makes you worried","kỳ lạ, đặc thù"
peer,a person who is the same age or who has the same social status as you,bạn đồng trang lứa
pen,"an instrument made of plastic or metal used for writing with ink (= coloured liquid for writing, etc.)",bút
penny,a small British coin and unit of money. There are 100 pence in one pound (£1).,xu Anh
pension,(không có định nghĩa trong Oxford 5000 - root này không phải headword độc lập),lương hưu
people,"human beings; men, women and children",con người
pepper,"a powder made from dried berries (called peppercorns), used to give a hot, spicy taste to food",hạt tiêu
perform,"to entertain an audience by playing a piece of music, acting in a play, etc.",biểu diễn
period,a particular length of time,"giai đoạn, kỳ kinh"
permit,"an official document that gives somebody the right to do something, especially for a limited period of time","cho phép, giấy phép"
person,a human as an individual,con người
personnel,the people who work for an organization or one of the armed forces,nhân sự
persuade,to make somebody do something by giving them good reasons for doing it,thuyết phục
pet,"an animal, a bird, etc. that you have at home for pleasure, rather than one that is kept for work or food",thú cưng
petition,a written document signed by a large number of people that asks somebody in a position of authority to do or change something,đơn thỉnh nguyện
petrol,"a liquid obtained from petroleum, used as fuel in car engines, etc.",xăng
phon,(không có định nghĩa trong Oxford 5000 - root này không phải headword độc lập),âm thanh (gốc từ)
photo,a picture that is made by using a camera that stores images in digital form or that has a film sensitive to light inside it,ảnh chụp
phrase,a group of words that have a particular meaning when used together,cụm từ
piano,a large musical instrument played by pressing the black and white keys on the keyboard. The sound is produced by small hammers hitting the metal strings inside the piano.,đàn piano
pick,an act of choosing something,"chọn lựa, nhặt"
piece,an amount of something that has been cut or separated from the rest of it; a standard amount of something,"mảnh, miếng"
pig,"an animal with pink, black or brown skin, short legs, a broad nose and a short curly tail. Pigs are kept on farms for their meat (called pork) or live in the wild.",con lợn
pile,a number of things that have been placed on top of each other,"đống, chồng"
pill,"a small flat round piece of medicine that you swallow whole, without biting it",viên thuốc
pilot,"a person who operates the controls of an aircraft, especially as a job",phi công
pin,"a short thin piece of stiff wire with a sharp point at one end and a round head at the other, used especially for fastening together pieces of cloth when sewing",ghim
pink,pale red in colour,màu hồng
pipe,a tube through which liquids and gases can flow,ống dẫn
pirate,(especially in the past) a person on a ship who attacks other ships at sea in order to steal from them,cướp biển
pit,a large deep hole in the ground,"hố, hầm"
pitch,an area of ground specially prepared and marked for playing a sports game,"sân bóng, cao độ"
pity,used to show that you are disappointed about something,sự thương hại
place,"a particular position, point or area",địa điểm
plain,not decorated or complicated; simple,"đơn giản, đồng bằng"
plan,something that you intend to do or achieve,kế hoạch
plane,a flying vehicle with wings and one or more engines,"máy bay, mặt phẳng"
planet,a large round object in space that moves around a star (such as the sun) and receives light from it,hành tinh
plant,"a living thing that grows in the earth and usually has a stem, leaves and roots, especially one that is smaller than a tree or bush","cây trồng, nhà máy"
plastic,made of plastic,nhựa
plate,"a flat, usually round, dish that you put food on",đĩa
play,a piece of writing performed by actors in a theatre or on television or radio,chơi
plea,"a serious emotional request, especially for something needing action now",lời biện hộ
plead,to ask somebody for something in a very strong and serious way,"biện hộ, van xin"
please,used as a polite way of asking for something or telling somebody to do something,làm hài lòng
plenty,a large amount; as much or as many as you need,"nhiều, dồi dào"
plot,"the series of events that form the story of a novel, play, film, etc.","âm mưu, cốt truyện"
plug,a small plastic object with two or three metal pins that connects a piece of electrical equipment to the main supply of electricity,phích cắm
plunge,to move or make somebody/something move suddenly forwards and/or downwards,lao xuống
plus,used after a number to show that the real number or amount is more than the one mentioned,cộng thêm
pocket,a small piece of material like a small bag sewn into or onto a piece of clothing so that you can carry things in it,túi áo
poet,a person who writes poems,nhà thơ
point,a thing that somebody says or writes giving their opinion or stating a fact,"điểm, chỉ ra"
poison,a substance that causes death or harm if it gets into the body,chất độc
pole,"a long thin straight piece of wood or metal, especially one with the end placed in the ground, used as a support","cực, cột"
police,an official organization whose job is to make people obey the law and to prevent and solve crime; the people who work for this organization,cảnh sát
polite,having or showing good manners and respect for the feelings of others,lịch sự
poll,the process of questioning people who are representative of a larger group in order to get information about the general opinion,thăm dò ý kiến
pond,"a small area of still water, especially one that is artificial",ao hồ
pool,an area of water that has been created for people to swim in,hồ bơi
poor,having very little money; not having enough money for basic needs,nghèo
pop,connected with modern popular music,"nhạc pop, nổ"
port,"a town or city with a harbour, especially one where ships load and unload goods",cảng
portion,one part of something larger,phần
portray,to show somebody/something in a picture; to describe somebody/something in a piece of writing,miêu tả
pose,"to create a threat, problem, etc. that has to be dealt with","tạo dáng, đặt ra"
possess,to have or own something,sở hữu
possible,that can be done or achieved,có thể xảy ra
post,"the official system used for sending and delivering letters, packages, etc.","bưu điện, đăng bài"
pot,a deep round container used for cooking things in,nồi
pound,"the unit of money in the UK, worth 100 pence","bảng Anh, đấm mạnh"
pour,"to make a liquid or other substance flow from a container in a continuous stream, especially by holding the container at an angle",đổ ra
powder,a dry mass of very small fine pieces or grains,bột
power,the ability to control people or things,"quyền lực, sức mạnh"
praise,words that show that you approve of and admire somebody/something,khen ngợi
prayer,words that you say to God giving thanks or asking for help,lời cầu nguyện
preach,"to give a religious talk in a public place, especially in a church during a service",thuyết giáo
precedent,an official action or decision that has happened in the past and that is seen as an example or a rule to be followed in a similar situation later,tiền lệ
precious,rare and worth a lot of money,quý giá
precise,clear and accurate,chính xác
prefer,to like one thing or person better than another; to choose one thing rather than something else because you like it better,thích hơn
premier,"most important, famous or successful","thủ tướng, hàng đầu"
prepare,to make something or somebody ready to be used or to do something,chuẩn bị
presence,the fact of being in a particular place,sự hiện diện
present,existing or happening now,"hiện tại, món quà"
preside,"to lead or be in charge of a meeting, ceremony, etc.",chủ trì
press,newspapers and magazines,"nhấn, báo chí"
pretend,"to behave in a particular way, in order to make other people believe something that is not true",giả vờ
pretty,attractive without being very beautiful,xinh đẹp
prevent,to stop somebody from doing something; to stop something from happening,ngăn chặn
previous,happening or existing before the event or object that you are talking about,trước đó
price,the amount of money that you have to pay for something,giá cả
priest,"a person who is qualified to perform religious duties and ceremonies in the Roman Catholic, Anglican and Orthodox Churches",linh mục
prim,(không có định nghĩa trong Oxford 5000 - root này không phải headword độc lập),đoan trang
prince,"a male member of a royal family who is not king, especially the son or grandson of the king or queen",hoàng tử
principal,most important; main,"hiệu trưởng, chính"
principle,a moral rule or a strong belief that influences your actions,nguyên tắc
print,"letters, words, numbers, etc. that have been printed onto paper",in ấn
prior,happening or existing before something else or before a particular time,trước đó
prison,"a building where people are kept as a punishment for a crime they have committed, or while they are waiting for trial",nhà tù
private,belonging to or for the use of a particular person or group; not for public use,riêng tư
privilege,a special right or advantage that a particular person or group of people has,đặc quyền
prize,"an award that is given to a person who wins a competition, race, etc. or who does very good work",giải thưởng
prob,(không có định nghĩa trong Oxford 5000 - root này không phải headword độc lập),vấn đề (gốc từ)
problem,a thing that is difficult to deal with or to understand,vấn đề
proceed,to continue doing something that has already been started; to continue being done,tiến hành
profit,"the money that you make in business or by selling things, especially after paying the costs involved",lợi nhuận
profound,very great; felt or experienced very strongly,sâu sắc
program,a set of instructions in code that control the operations or functions of a computer,chương trình
promise,a statement that tells somebody that you will definitely do or not do something,lời hứa
prompt,to make somebody decide to do something; to cause something to happen,"nhắc nhở, nhanh chóng"
pronounce,to make the sound of a word or letter in a particular way,phát âm
proof,"information, documents, etc. that show that something is true",bằng chứng
proper,"right, appropriate or correct; according to the rules","phù hợp, đúng đắn"
protect,"to make sure that somebody/something is not harmed, injured, damaged, etc.",bảo vệ
protest,the expression of strong dislike of or opposition to something; a statement or an action that shows this ,phản đối
proud,"feeling pleased and satisfied about something that you own or have done, or are connected with",tự hào
prove,"to use facts, evidence, etc. to show that something is true",chứng minh
province,one of the areas that some countries are divided into with its own local government,tỉnh
provoke,to cause a particular reaction or have a particular effect,khiêu khích
public,connected with ordinary people in society in general,công cộng
publish,"to produce a book, magazine, CD-ROM, etc. and sell it to the public",xuất bản
pull,an act of trying to make something move by taking hold of it and using force to bring it towards you,kéo
pulse,"the regular beat of the heart as it sends blood around the body, that can be felt in different places, especially on the inside part of the wrist; the number of times the heart beats in a minute","nhịp đập, xung"
punch,a hard hit made with the fist (= closed hand),đấm
punk,a type of loud and aggressive rock music popular in the late 1970s and early 1980s,"nhạc punk, kẻ vô lại"
purchase,the act or process of buying something,mua sắm
pure,not mixed with anything else; with nothing added,thuần khiết
purple,having the colour of blue and red mixed together,màu tím
purpose,"the intention, aim or function of something; the thing that something is supposed to achieve",mục đích
pursue,to do something or try to achieve something over a period of time,theo đuổi
push,an act of pushing something/somebody,đẩy
put,to move something into a particular place or position,đặt
puzzle,"a game, etc. that you have to think about carefully in order to answer it or do it",câu đố
qualify,"to reach the standard of ability or knowledge needed to do a particular job, for example by completing a course of study or passing exams",đủ tiêu chuẩn
quarter,one of four equal parts of something,một phần tư
queen,the female ruler of an independent state that has a royal family,nữ hoàng
quest,"a long search for something, especially for some quality such as happiness",cuộc tìm kiếm
question,"a sentence, phrase or word that asks for information",câu hỏi
quick,done with speed; taking or lasting a short time,nhanh chóng
quiet,making very little noise,yên tĩnh
quit,"to leave your job, school, etc.",từ bỏ
quote,"a group of words or a short piece of writing taken from a book, play, speech, etc. and repeated because it is interesting or useful",trích dẫn
race,"a competition between people, animals, vehicles, etc. to see which one is the faster or fastest","cuộc đua, chủng tộc"
radio,the activity of broadcasting programmes for people to listen to; the programmes that are broadcast,radio
rage,a feeling of violent anger that is difficult to control,cơn thịnh nộ
raid,"a short surprise attack on an enemy by soldiers, ships or aircraft",cuộc đột kích
rail,a wooden or metal bar placed around something as a barrier or to provide support,đường ray
rain,water that falls from the sky in separate drops,mưa
raise,to lift or move something to a higher level,nâng lên
random,"done, chosen, etc. without somebody deciding in advance what is going to happen, or without any regular pattern",ngẫu nhiên
range,a variety of things of a particular type,"phạm vi, dãy"
rank,"the position, especially a high position, that somebody has in a particular organization, society, etc.",thứ hạng
rape,the crime of forcing somebody to have sex when they do not want it or are not able to agree to it,hiếp dâm
rapid,happening quickly or in a short period of time,nhanh chóng
rare,"not done, seen, happening, etc. very often",hiếm có
rat,"a small animal with a long tail, that looks like a large mouse, usually considered a pest (= an animal which is disliked because it destroys food or spreads disease)",chuột cống
rate,a measurement of the speed at which something happens,"tỷ lệ, đánh giá"
rational,based on reason rather than emotions,hợp lý
raw,not cooked,"thô, sống"
ray,"a narrow line of light, heat or other energy",tia sáng
reach,the distance over which you can stretch your arms to touch something; the distance over which a particular object can be used to touch something else,với tới
read,to look at and understand the meaning of written or printed words or symbols,đọc
ready,fully prepared for what you are going to do and able to start it immediately,sẵn sàng
real,actually existing or happening and not imagined or pretended,thực tế
realize,to understand or become aware of a particular fact or situation,nhận ra
rear,at or near the back of something,"phía sau, nuôi dạy"
reason,a cause or an explanation for something that has happened or that somebody has done,lý do
rebel,a person who fights against the government of their country,nổi loạn
recent,that happened or began only a short time ago,gần đây
reckon,to think something or have an opinion about something,"tính toán, cho là"
recommend,"to tell somebody that something is good or useful, or that somebody would be suitable for a particular job, etc.","giới thiệu, đề xuất"
record,a written account of something that is kept so that it can be looked at and used in the future,"ghi âm, kỷ lục"
recover,"to get well again after being ill, hurt, etc.",phục hồi
recruit,a person who has recently joined the armed forces or the police,tuyển dụng
red,having the colour of blood or fire,màu đỏ
refer,"to send somebody/something to somebody/something for help, advice or a decision","tham khảo, đề cập"
refuge,"shelter or protection from danger, trouble, etc.",nơi ẩn náu
regard,attention to or thought and care for somebody/something,"coi trọng, liên quan"
region,"a large area of land, usually without exact limits or borders",khu vực
register,"an official list or record of names, items, etc.; a book that contains such a list",đăng ký
regret,a sad feeling because of something that has happened or something that you have done or not done,hối tiếc
relate,show or make a connection between two or more things,liên quan
relax,"to rest while you are doing something that you enjoy, especially after work or effort",thư giãn
release,the act of setting a person or an animal free; the state of being set free,"phát hành, thả ra"
relieve,to remove or reduce an unpleasant feeling or pain,"giảm bớt, làm nhẹ"
reluctant,hesitating before doing something because you do not want to do it or because you are not sure that it is the right thing to do,miễn cưỡng
rely,(không có định nghĩa trong Oxford 5000 - root này không phải headword độc lập),dựa vào
remain,to continue to be something; to be still in the same state or condition,còn lại
remark,"something that you say or write which expresses an opinion, a thought, etc. about somebody/something",nhận xét
remedy,a way of dealing with or improving an unpleasant or difficult situation,biện pháp khắc phục
remember,"to have or keep an image in your memory of an event, a person, a place, etc. from the past",nhớ
remote,far away from places where other people live,"xa xôi, điều khiển từ xa"
rent,"an amount of money that you regularly pay so that you can use a house, room, etc.",thuê nhà
repeat,an event that is very similar to something that happened before,lặp lại
represent,"to be a member of a group of people and act or speak for them at an event, a meeting, etc.",đại diện
republic,a country that is governed by a president and politicians elected by the people and where there is no king or queen,nước cộng hòa
rescue,the act of saving somebody/something from a dangerous or difficult situation; the fact of being saved,giải cứu
reserve,a supply of something that is available to be used in the future or when it is needed,"dự trữ, đặt trước"
reside,to live in a particular place,cư trú
residue,a small amount of something that remains at the end of a process,phần còn lại
resign,"to officially tell somebody that you are leaving your job, an organization, etc.",từ chức
resource,"a supply of something that a country, an organization or a person has and can use, especially to increase their wealth",tài nguyên
respect,a strong feeling of approval of somebody/something because of their good qualities or achievements,tôn trọng
respond,to give a spoken or written answer to somebody/something,phản hồi
response,a spoken or written answer,sự phản hồi
responsible,"having the job or duty of doing something or taking care of somebody/something, so that you may be blamed if something goes wrong",có trách nhiệm
rest,the part of something that remains,"nghỉ ngơi, phần còn lại"
restore,to bring back a situation or feeling that existed before,khôi phục
result,a thing that is caused or produced because of something else,kết quả
retail,"the selling of goods to the public, usually through shops",bán lẻ
retire,"to leave your job and stop working, especially because you have reached a particular age or because you are ill; to tell somebody they must stop doing their job",nghỉ hưu
retrieve,"to bring or get something back, especially from a place where it should not be",lấy lại
return,the action of arriving in or coming back to a place that you were in before,trở lại
reveal,to make something known to somebody,tiết lộ
reward,"a thing that you are given because you have done something good, worked hard, etc.",phần thưởng
rhetoric,"speech or writing that is intended to influence people, but that is not completely honest or sincere",hùng biện
rhythm,a strong regular repeated pattern of sounds or movements,nhịp điệu
rich,having a lot of money or property,giàu có
rid,to be free of somebody/something that has been annoying you or that you do not want,loại bỏ
ride,"a short journey in a vehicle, on a bicycle, etc.","cưỡi, đi xe"
rifle,a gun with a long barrel which you hold to your shoulder to fire,súng trường
right,true or correct as a fact,"đúng, quyền lợi"
ring,"a piece of jewellery that you wear on your finger, consisting of a round band of gold, silver, etc., sometimes decorated with precious stones","chiếc nhẫn, tiếng chuông"
riot,"a situation in which a group of people behave in a violent way in a public place, often as a protest",bạo loạn
rip,"to tear something or to become torn, often suddenly or violently",xé rách
rise,"an increase in an amount, a number or a level",tăng lên
risk,the possibility of something bad happening at some time in the future; a situation that could be dangerous or have a bad result,rủi ro
ritual,"a series of actions that are always performed in the same way, especially as part of a religious ceremony",nghi lễ
rival,"competing with another person, company, thing, etc.",đối thủ
river,a natural flow of water that continues in a long line across land to the sea,con sông
road,a hard surface built for vehicles to travel on,con đường
rob,to steal money or property from a person or place,cướp bóc
robust,strong and healthy,"mạnh mẽ, chắc chắn"
rock,the hard solid material that forms part of the surface of the earth and some other planets,"đá, nhạc rock"
rocket,a spacecraft in the shape of a tube that is driven by a stream of gases let out behind it when fuel is burned inside,tên lửa
rod,"a long straight piece of wood, metal or glass","que, cần"
role,"an actor’s part in a play, film, etc.",vai trò
roll,a small loaf of bread for one person,"cuộn lại, lăn"
romance,"an exciting, usually short, relationship between two people who are in love with each other",lãng mạn
romantic,connected with or about love or a sexual relationship,lãng mạn
roof,the structure that covers or forms the top of a building or vehicle,mái nhà
room,"a part of a building that has its own walls, floor and ceiling and is usually used for a particular purpose",căn phòng
root,the part of a plant that grows under the ground and takes in water and minerals that it sends to the rest of the plant,"rễ cây, gốc rễ"
rope,"very strong thick string made by twisting thinner strings, wires, etc. together",dây thừng
rose,a flower with a sweet smell that grows on a bush with thorns (= sharp points) on its stems,hoa hồng
rotate,to move or turn around a central fixed point; to make something do this,xoay vòng
rough,having a surface that is not even or regular,"thô ráp, gồ ghề"
round,having a shape like a circle or a ball,"tròn, vòng"
routine,"done or happening as a normal part of a particular job, situation or process",thói quen thường ngày
row,(không có định nghĩa trong Oxford 5000 - root này không phải headword độc lập),"hàng, chèo thuyền"
rub,"to move your hand, a cloth, etc., backwards and forwards over a surface while pressing it",chà xát
rubbish,things that you throw away because you no longer want or need them,rác rưởi
rude,having or showing a lack of respect for other people and their feelings,thô lỗ
ruin,the state or process of being destroyed or severely damaged,sự phá hủy
rule,"a statement of what may, must or must not be done in a particular situation or when playing a game","quy tắc, cai trị"
run,an act of running; a period of time spent running or the distance that somebody runs,chạy
rural,connected with or like the countryside,nông thôn
rush,a sudden strong movement or action,vội vàng
sack,to dismiss somebody from a job,"bao tải, sa thải"
sacro,(không có định nghĩa trong Oxford 5000 - root này không phải headword độc lập),thiêng liêng (gốc từ)
sad,unhappy or showing unhappiness,buồn bã
safe,"protected from any danger, harm or loss",an toàn
sail,a sheet of strong cloth which the wind blows against to make a boat or ship travel through the water,"buồm, đi thuyền"
saint,"a person that the Christian Church recognizes as being very holy, because of the way they have lived or died",thánh
sake,(không có định nghĩa trong Oxford 5000 - root này không phải headword độc lập),"lợi ích, mục đích"
sale,an act or the process of selling something,bán hàng
salt,a white substance that is added to food to make it taste better or to preserve it. Salt is obtained from mines and is also found in seawater. It is sometimes called common salt to show that it is different from other chemical salts. Its chemical name is sodium chloride.,muối
same,exactly the one or ones referred to or mentioned; not different,giống nhau
sample,a number of people or things taken from a larger group and used in tests to provide information about the group,mẫu thử
sand,"a substance that consists of very small fine grains of rock. Sand is found on beaches, in deserts, etc.",cát
sauce,a thick liquid that is eaten with food to add taste to it,nước sốt
save,"to keep somebody/something safe from death, harm, loss, etc.","tiết kiệm, cứu"
say,the right to influence something by giving your opinion before a decision is made,nói
scale,"the size or extent of something, especially when compared with something else","quy mô, cân"
scan,"to look quickly but not very carefully at a document, etc.",quét
scandal,behaviour or an event that people think is morally or legally wrong and causes public feelings of shock or anger,tai tiếng
scare,a situation in which a lot of people are anxious or frightened about something,sợ hãi
scatter,(không có định nghĩa trong Oxford 5000 - root này không phải headword độc lập),rải rác
scene,"the place where something happens, especially something unpleasant",cảnh tượng
scheme,a plan or system for doing or organizing something,"kế hoạch, âm mưu"
school,a place where children go to be educated,trường học
scope,the opportunity or ability to do or achieve something,phạm vi
score,"the number of points, goals, etc. scored by each player or team in a game or competition",điểm số
scratch,"a mark, a cut or an injury made by scratching somebody’s skin or the surface of something",trầy xước
scream,"a loud high shout made by somebody who is hurt, frightened, excited, etc.; a loud high noise",la hét
screen,"the flat surface at the front of a television, computer, or other electronic device, on which you see pictures or information",màn hình
screw,"a thin pointed piece of metal like a nail with a raised spiral line (called a thread) along it and a line or cross cut into its head. Screws are turned and pressed into wood, metal, etc. with a screwdriver in order to fasten two things together.","ốc vít, vặn"
script,"a written text of a play, film, broadcast, talk, etc.",kịch bản
sea,the salt water that covers most of the earth’s surface and surrounds its continents and islands,biển
seal,"an official design or mark, stamped on a document to show that it is real and carries the authority of a particular person or organization","con dấu, con hải cẩu"
search,"an attempt to find somebody/something, especially by looking carefully for them/it",tìm kiếm
season,"any of the four main periods of the year: spring, summer, autumn and winter",mùa
seat,"a place where you can sit, for example a chair",chỗ ngồi
second,after one other person or thing in order or importance,"thứ hai, giây"
secret,known about by only a few people; kept hidden from others,bí mật
secretary,"a person who works in an office, working for another person, dealing with mail and phone calls, keeping records, arranging meetings with people, etc.",thư ký
secular,not connected with spiritual or religious matters,thế tục
secure,likely to continue or be successful for a long time,"an toàn, bảo đảm"
see,to become aware of somebody/something by using your eyes,nhìn thấy
seed,"the small hard part produced by a plant, from which a new plant can grow",hạt giống
seek,to look for something/somebody,tìm kiếm
seem,to give the impression of being or doing something,dường như
segment,a part of something that is separate from the other parts or can be considered separately,phân đoạn
seize,to take somebody/something in your hand suddenly and using force,"nắm bắt, chiếm giữ"
select,"to choose somebody/something from a group of people or things, usually according to a system",lựa chọn
self,"the type of person you are, especially the way you normally behave, look or feel",bản thân
sell,to give something to somebody in exchange for money,bán
send,"to make something go or be taken to a place, especially by post, email, radio, etc.",gửi đi
senior,high in rank or status; higher in rank or status than others,"cấp cao, người lớn tuổi"
sense,an understanding about something; an ability to judge something,"giác quan, ý nghĩa"
sentence,"a set of words expressing a statement, a question or an order, usually containing a subject and a verb. In written English sentences begin with a capital letter and end with a full stop/period (.), a question mark (?) or an exclamation mark (!).","câu văn, bản án"
sequence,"a set of events, actions, numbers, etc. which have a particular order and which lead to a particular result",trình tự
serious,bad or dangerous,nghiêm túc
serve,"to give somebody food or drink, for example at a restaurant or during a meal",phục vụ
set,a group of similar things that belong together in some way,"đặt, bộ"
settle,to put an end to an argument or a disagreement,"định cư, giải quyết"
seven,7,số bảy
several,more than two but not very many,vài
severe,extremely bad or serious,nghiêm trọng
sex,the state of being male or female,giới tính
shade,"an area that is dark and cool under or behind something, for example a tree or building, because the sun’s light does not get to it",bóng râm
shadow,"the dark shape that somebody/something’s form makes on a surface, for example on the ground, when they are between the light and the surface",cái bóng
shake,an act of shaking somebody/something,"lắc, rung"
shallow,not having much distance between the top or surface and the bottom,nông cạn
shame,used to say that something is a cause for feeling sad or disappointed,xấu hổ
shape,the form of the outer edges or surfaces of something; an example of something that has a particular form,hình dạng
share,one part of something that is divided between two or more people,chia sẻ
sharp,"having a fine edge or point, especially of something that can cut or make a hole in something",sắc bén
shatter,to suddenly break into small pieces; to make something suddenly break into small pieces,vỡ tan
shed,to get rid of something that is no longer wanted,"nhà kho, đổ (nước mắt)"
sheep,"an animal with a thick coat, kept on farms for its meat (called mutton or lamb) or its wool",con cừu
sheet,a large piece of thin cloth used on a bed to lie on or lie under,"tấm, tờ"
shelf,"a flat board, made of wood, metal, glass, etc., fixed to the wall or forming part of a cupboard, bookcase, etc., for things to be placed on",kệ sách
shell,"the hard outer part of eggs, nuts, some seeds, and some animals","vỏ sò, vỏ đạn"
shelter,"the fact of having a place to live or stay, considered as a basic human need",nơi trú ẩn
shift,a period of time worked by a group of workers who start work as another group finishes,"ca làm việc, thay đổi"
shine,to produce or reflect light; to be bright,tỏa sáng
ship,a large boat that carries people or goods by sea,con tàu
shirt,"a piece of clothing worn on the upper part of the body, made of light cloth, with sleeves and usually with a collar and buttons down the front",áo sơ mi
shock,"a strong feeling of surprise as a result of something happening, especially something unpleasant; the event that causes this feeling",sốc
shoe,one of a pair of objects usually made of leather or plastic that you wear on your feet,giày
shoot,the part that grows up from the ground when a plant starts to grow; a new part that grows on plants or trees,bắn
shop,a building or part of a building where you can buy goods or services,cửa hàng
shore,"the land along the edge of the sea, the ocean or a lake",bờ biển
short,"measuring or covering a small length or distance, or a smaller length or distance than usual",ngắn
shot,the act of firing a gun; the sound this makes,"phát súng, cú đánh"
show,a programme on television or the radio,trình diễn
shower,a piece of equipment producing a flow of water that you stand under to wash yourself; the small room or part of a room that contains a shower,vòi hoa sen
shrink,"to become smaller, especially when washed in water that is too hot; to make clothes, cloth, etc. smaller in this way",co lại
shut,not open,đóng lại
shy,nervous or embarrassed about meeting and speaking to other people,nhút nhát
sick,physically or mentally ill,ốm đau
side,"either of the two halves of a surface, an object or an area that is divided by an imaginary central line",bên cạnh
sight,the ability to see,tầm nhìn
sign,"an event, an action, a fact, etc. that shows that something exists, is happening or may happen in the future","dấu hiệu, ký tên"
silence,a complete lack of noise or sound,sự im lặng
silent,where there is little or no sound; making little or no sound,im lặng
silk,fine soft thread produced by silkworms,lụa
silly,"showing a lack of thought, understanding, or judgement",ngớ ngẩn
silver,shiny grey-white in colour,bạc
simple,not complicated; easy to understand or do,đơn giản
sin,an offence against God or against a religious or moral law,tội lỗi
sincere,showing what you really think or feel,chân thành
sing,to make musical sounds with your voice in the form of a song or tune,hát
single,only one,"độc thân, đơn lẻ"
sink,to go down below the surface or towards the bottom of a liquid or soft substance,"chìm, bồn rửa"
sister,a girl or woman who has the same mother and father as another person,chị/em gái
sit,"to rest your weight on your bottom with your back straight, for example on/in a chair",ngồi
site,"a place where a building, town, etc. was, is or will be located",địa điểm
situate,(không có định nghĩa trong Oxford 5000 - root này không phải headword độc lập),đặt tại
six,6,số sáu
size,how large or small a person or thing is,kích thước
sketch,a simple picture that is drawn quickly and does not have many details,bản phác thảo
ski,connected with the sport of skiing,trượt tuyết
skill,the ability to do something well,kỹ năng
skin,the layer of tissue that covers the body,làn da
skirt,a piece of clothing that hangs from the middle part of the body,váy
skull,the bone structure that forms the head and surrounds and protects the brain,hộp sọ
sky,"the space above the earth that you can see when you look up, where clouds and the sun, moon and stars appear",bầu trời
slap,to hit somebody/something with the flat part of your hand,tát
slave,a person who is owned by another person and is forced to work for and obey them,nô lệ
sleep,"the natural state of rest in which your eyes are closed, your body is not active, and your mind is not conscious",ngủ
slide,"one page of an electronic presentation, that may contain text and images, that is usually viewed on a computer screen or projected onto a larger screen",trượt
slight,very small in degree,nhẹ nhàng
slip,to slide a short distance by accident so that you fall or nearly fall,trượt ngã
slogan,"a word or phrase that is easy to remember, used for example by a political party or in advertising to attract people’s attention or to suggest an idea quickly",khẩu hiệu
slope,a surface or piece of land that slopes (= is higher at one end than the other),độ dốc
slow,"not moving, acting or done quickly; taking a long time; not fast",chậm chạp
small,"not large in size, number, degree, amount, etc.",nhỏ bé
smart,looking clean and neat; well dressed in fashionable and/or formal clothes,thông minh
smash,"to break something, or to be broken, violently and noisily into many pieces",đập vỡ
smell,the quality of something that people and animals sense through their noses,mùi hương
smile,"the expression that you have on your face when you are happy or you think something is funny, in which the corners of your mouth turn upwards",nụ cười
smoke,"the grey, white or black gas that is produced by something burning",khói
smooth,"completely flat and even, without any rough areas or holes",mịn màng
snake,"a reptile with a very long thin body and no legs. There are many types of snake, some of which are poisonous.",con rắn
snap,to break something suddenly with a sharp noise; to be broken in this way,"chụp nhanh, gãy"
snow,small soft white pieces (called flakes) of frozen water that fall from the sky in cold weather; this substance when it is lying on the ground,tuyết
so,to such a great degree,vì vậy
soak,to put something in liquid for a time so that it becomes completely wet; to become completely wet in this way,ngâm nước
soap,a substance that you use with water for washing your body,xà phòng
sock,"a piece of clothing that is worn over the foot, ankle and lower part of the leg, especially inside a shoe",tất
soft,changing shape easily when pressed; not stiff or hard,mềm mại
soil,"the top layer of the earth in which plants, trees, etc. grow",đất
soldier,"a member of an army, especially one who is not an officer",người lính
sole,only; single,"duy nhất, đế giày"
solid,hard; not in the form of a liquid or gas,rắn chắc
solo,"done by one person alone, without anyone helping them",đơn độc
solve,to find a way of dealing with a problem or difficult situation,giải quyết
some,"used with uncountable nouns or plural countable nouns to mean ‘an amount of’ or ‘a number of’, when the amount or number is not given",một vài
song,a short piece of music with words that you sing,bài hát
sono,(không có định nghĩa trong Oxford 5000 - root này không phải headword độc lập),âm thanh (gốc từ)
soon,in a short time from now; a short time after something else has happened,sớm
sorry,feeling sad and ashamed about something that has been done,xin lỗi
sort,a group or type of people or things that are similar in a particular way,"loại, phân loại"
soul,"the spiritual part of a person, believed to exist after death",linh hồn
sound,sensible; that you can rely on and that will probably give good results,âm thanh
south,in or towards the south,phía nam
space,the area outside the earth’s atmosphere where all the other planets and stars are,không gian
spain,(không có định nghĩa trong Oxford 5000 - root này không phải headword độc lập),Tây Ban Nha
spare,available to do what you want with rather than work,dự phòng
spark,"to cause something to start or develop, especially suddenly",tia lửa
speak,to talk to somebody about something; to have a conversation with somebody,nói chuyện
special,not ordinary or usual; different from what is normal,đặc biệt
species,"a group into which animals, plants, etc. that are able to have sex with each other and produce healthy young are divided, smaller than a genus and identified by a Latin name",loài
speech,a formal talk that a person gives to an audience,bài phát biểu
speed,the rate at which somebody/something moves or travels,tốc độ
spell,a short period of time during which something lasts,"đánh vần, phép thuật"
spend,"to give money to pay for goods, services, etc.",chi tiêu
sphere,"a solid figure that is completely round, with every point on its surface at an equal distance from the centre","quả cầu, lĩnh vực"
spice,one of the various types of powder or seed that come from plants and are used in cooking. Spices have a strong taste and smell.,gia vị
spider,a small creature with eight thin legs. Many spiders spin webs to catch insects for food.,con nhện
spill,to flow over the edge of a container by accident; to make liquid do this,làm đổ
spin,a very fast turning movement,quay tròn
spine,the row of small bones that are connected together down the middle of the back,cột sống
spirit,"the part of a person that includes their mind, feelings and character rather than their body",tinh thần
spite,a feeling of wanting to hurt or upset somebody,sự hằn học
split,an argument or disagreement that divides a group of people or makes somebody separate from somebody else,chia tách
spoil,"to change something good into something bad, unpleasant, etc.",làm hỏng
sponsor,"a person or company that pays for a radio or television programme, or for a concert or sporting event, usually in return for advertising",nhà tài trợ
spoon,"a tool that has a handle with a shallow bowl at the end, used for mixing, serving and eating food",thìa
sport,"activity that you do for pleasure and that needs physical effort or skill, usually done in a special area and according to fixed rules",thể thao
spot,a small round area that has a different colour or feels different from the surface it is on,"vết đốm, địa điểm"
spouse,a husband or wife,vợ/chồng
spread,"an increase in the amount or number of something that there is, or in the area that is affected by something",lan rộng
spring,the season between winter and summer when plants begin to grow,"mùa xuân, lò xo"
spy,"a person who tries to get secret information about another country, organization or person, especially somebody who is employed by a government or the police",gián điệp
square,having four straight equal sides and four angles of 90°,"hình vuông, quảng trường"
squeeze,"to press something, especially with your fingers",bóp chặt
stab,"to push a sharp, pointed object, especially a knife, into somebody, killing or injuring them",đâm dao
stable,"fixed or steady; not likely to move, change or fail",ổn định
staff,all the workers employed in an organization considered as a group,nhân viên
stage,a period or state that something/somebody passes through while developing or making progress,"sân khấu, giai đoạn"
stair,a set of steps built between two floors inside a building,cầu thang
stake,money that somebody invests in a company,"cổ phần, cọc"
stall,"a table or small shop with an open front that people sell things from, especially at a market","gian hàng, chết máy"
stance,the opinions that somebody has about something and expresses publicly,lập trường
stand,an attitude towards something or an opinion that you make clear to people,đứng
standard,average or normal rather than having special or unusual features,tiêu chuẩn
star,a large ball of burning gas in space that we see as a point of light in the sky at night,ngôi sao
stark,"unpleasant; real, and impossible to avoid","hoàn toàn, cằn cỗi"
start,the point at which something begins,bắt đầu
starve,to suffer or die because you do not have enough food to eat; to make somebody suffer or die in this way,chết đói
state,provided or controlled by the government of a country,"nhà nước, trạng thái"
statistic,a collection of information shown in numbers,thống kê
statue,"a figure of a person or an animal in stone, metal, etc., usually the same size as in real life or larger",bức tượng
stay,a period of staying; a visit,ở lại
steady,"developing, growing, etc. gradually and in an even and regular way",ổn định
steal,"to take something from a person, shop, etc. without permission and without intending to return it or pay for it",trộm cắp
steam,the hot gas that water changes into when it boils,hơi nước
steel,"a strong, hard metal that is made of a mixture of iron and carbon",thép
steep,"rising or falling quickly, not gradually",dốc đứng
steer,"to control the direction in which a boat, car, etc. moves","lái xe, điều khiển"
step,one of a series of things that you do in order to achieve something,bước chân
stick,a thin piece of wood that has fallen or been broken from a tree,"que, dính chặt"
stiff,difficult to bend or move,cứng đờ
still,not moving; calm and quiet,"vẫn còn, yên tĩnh"
stimul,(không có định nghĩa trong Oxford 5000 - root này không phải headword độc lập),kích thích (gốc từ)
stir,"to move a liquid or substance around, using a spoon or something similar, in order to mix it completely",khuấy động
stock,a supply of goods that is available for sale in a shop,"cổ phiếu, hàng tồn kho"
stomach,the organ inside the body where food goes when you eat it,dạ dày
stone,"a hard solid mineral substance that is found in the ground, often used for building",đá
stop,a place where a bus or train stops regularly for passengers to get on or off,dừng lại
store,a large shop that sells many different types of goods,"cửa hàng, lưu trữ"
storm,"very bad weather with strong winds and rain, and often thunder and lightning",cơn bão
story,a description of events and people that the writer or speaker has invented in order to entertain people,câu chuyện
straight,without a bend or curve; going in one direction only,thẳng
strain,pressure on a system or relationship because great demands are being placed on it,căng thẳng
strange,"unusual or surprising, especially in a way that is difficult to understand",kỳ lạ
stream,"a small, narrow river",dòng suối
street,a public road in a city or town that has houses and buildings on one side or both sides,đường phố
strength,the quality of being physically strong,sức mạnh
stress,pressure or worry caused by problems in somebody’s life or by having too much to do,căng thẳng
stretch,"an area of land or water, especially a long one",kéo dài
strict,that must be obeyed exactly,nghiêm khắc
strike,a period of time when an organized group of employees of a company stops working because of an argument over pay or conditions,"đình công, đánh"
string,"long, thin material used for tying things together, made of several threads that have been twisted together; a piece of string used to fasten or pull something or keep something in place","dây, chuỗi"
strip,"a long narrow piece of paper, metal, cloth, etc.","dải, cởi bỏ"
strive,to try very hard to achieve something,nỗ lực phấn đấu
stroke,"an act of hitting a ball, for example with a bat or racket","cú đánh, đột quỵ"
strong,"having a lot of physical power so that you can lift heavy weights, do hard physical work, etc.",mạnh mẽ
stuff,"used to refer to a substance, material, group of objects, etc. when you do not know the name, when the name is not important or when it is obvious what you are talking about",đồ đạc
stumble,to hit your foot against something while you are walking or running and almost fall,vấp ngã
stun,"to make a person or an animal unconscious for a short time, especially by hitting them on the head",làm choáng váng
stupid,showing a lack of thought or good judgement,ngu ngốc
style,the particular way in which something is done,phong cách
submit,"to give a document, proposal, etc. to somebody in authority so that they can study or consider it","nộp, khuất phục"
subsequent,happening or coming after something else,tiếp theo sau
substance,"a type of solid, liquid or gas that has particular qualities","chất liệu, bản chất"
subtle,not very obvious or easy to notice ,tinh tế
success,the fact that you have achieved something that you want and have been trying to do or get ,thành công
successive,following immediately one after the other,liên tiếp
successor,a person or thing that comes after somebody/something else and takes their/its place,người kế nhiệm
such,used to emphasize the great degree of something,như vậy
suck,"to take liquid, air, etc. into your mouth by using the muscles of your lips","bú, hút"
sudden,happening or done quickly and unexpectedly,đột ngột
suffer,"to be badly affected by a disease, pain, sad feelings, a lack of something, etc.",chịu đựng
sugar,"a sweet substance, often in the form of white or brown crystals, made from the juices of various plants, used in cooking or to make tea, coffee, etc. sweeter",đường
suggest,to put forward an idea or a plan for other people to think about,gợi ý
suit,"a set of clothes made of the same cloth, including a jacket and trousers or a skirt","bộ vest, phù hợp"
sum,an amount of money,tổng số
summer,"the warmest season of the year, coming between spring and autumn",mùa hè
sun,the star that shines in the sky during the day and gives the earth heat and light,mặt trời
superb,excellent; of very good quality,tuyệt vời
superior,better in quality than somebody/something else; greater than somebody/something else,vượt trội
supply,an amount of something that is provided or available to be used,cung cấp
support,approval that you give to somebody/something because you want them to be successful,hỗ trợ
supreme,highest in rank or position,tối cao
sure,confident that you know something or that you are right,chắc chắn
surface,the outside or top layer of something,bề mặt
surge,a sudden increase of a strong feeling,tăng vọt
surprise,"an event, a piece of news, etc. that is unexpected or that happens suddenly",ngạc nhiên
suspect,a person who is suspected of a crime or of having done something wrong,nghi ngờ
swallow,"to make food, drink, etc. go down your throat into your stomach","nuốt, chim én"
swear,"to use rude or offensive language, usually because you are angry","thề, chửi thề"
sweep,"to clean a room, surface, etc. using a broom (= a type of brush on a long handle)",quét dọn
sweet,"containing, or tasting as if it contains, a lot of sugar",ngọt ngào
swim,a period of time during which you swim,bơi lội
swing,a swinging movement or rhythm,đung đưa
switch,a small device that you press or move up and down in order to turn a light or piece of electrical equipment on and off,"công tắc, chuyển đổi"
sword,a weapon with a long metal blade (= sharp cutting part) and a handle,thanh kiếm
symbol,"a person, an object, an event, etc. that represents a more general quality or situation",biểu tượng
symptom,a change in your body or mind that shows that you are not healthy,triệu chứng
system,an organized set of ideas or theories or a particular way of doing something,hệ thống
table,a piece of furniture that consists of a flat top supported by legs,cái bàn
tactic,the particular method you use to achieve something,chiến thuật
tail,"the part that sticks out at the back of the body of a bird, an animal or a fish, which the animal can move from side to side or up and down",đuôi
take,to carry or move something from one place to another,"lấy, cầm"
tale,"a story created using the imagination, especially one that is full of action and adventure",câu chuyện kể
talk,a speech or lecture on a particular subject,nói chuyện
tall,having a greater than average height,cao lớn
tank,a large container for holding liquid or gas,"xe tăng, bể chứa"
tap,a device for controlling the flow of water from a pipe into a bath or sink,"vòi nước, chạm nhẹ"
tape,"a long, narrow piece of material with a sticky substance on one side that is used for sticking things together","băng dính, băng ghi âm"
task,"a piece of work that somebody has to do, especially a hard or unpleasant one",nhiệm vụ
taste,the particular quality that different foods and drinks have that allows you to recognize them when you put them in your mouth,"vị giác, nếm"
tax,money that you have to pay to the government so that it can pay for public services. People pay tax according to their income and businesses pay tax according to their profits. Tax is also often paid on goods and services.,thuế
tea,the dried leaves (called tea leaves) of the tea bush,trà
teach,"to give lessons to students in a school, college, university, etc.; to help somebody learn something by giving information about it",giảng dạy
team,a group of people who play a particular game or sport against another group of people,đội nhóm
tear,a hole that has been made in something by tearing,"nước mắt, xé rách"
teen,(không có định nghĩa trong Oxford 5000 - root này không phải headword độc lập),tuổi teen
tell,to give information to somebody by speaking or writing,kể lại
tempt,"to attract somebody or make somebody want to do or have something, even if they know it is wrong",cám dỗ
ten,10,số mười
tend,to be likely to do something or to happen in a particular way because this is what often or usually happens,có xu hướng
tender,"kind, gentle and loving","mềm mại, dịu dàng"
tent,"a shelter made of a large sheet of canvas, nylon, etc. that is supported by poles and ropes fixed to the ground, and is used especially for camping",lều trại
territory,land that is under the control of a particular country or political leader,lãnh thổ
test,"an examination of somebody’s knowledge or ability, consisting of questions for them to answer or activities for them to perform",bài kiểm tra
text,any form of written material,văn bản
thank,to tell somebody that you are grateful for something,cảm ơn
theater,(không có định nghĩa trong Oxford 5000 - root này không phải headword độc lập),nhà hát
them,"used when referring to people, animals or things as the object of a verb or preposition, or after the verb be",họ (túc từ)
theme,"the subject or main idea in a talk, piece of writing or work of art",chủ đề
there,used to show that something exists or happens,ở đó
thick,having a larger distance between opposite sides or surfaces than other similar objects or than normal,"dày, đặc"
thin,having a smaller distance between opposite sides or surfaces than other similar objects or than normal,"mỏng, gầy"
thing,"an object whose name you do not use because you do not need to or want to, or because you do not know it","vật, thứ"
think,to have a particular idea or opinion about something/somebody; to believe something,suy nghĩ
third,each of three equal parts of something,thứ ba
thorough,done completely; with great attention to detail,kỹ lưỡng
though,used especially at the end of a sentence or clause to add a fact or an opinion that makes the previous statement less strong or less important,mặc dù
thought,something that you think of or remember,"suy nghĩ, ý nghĩ"
thousand,1 000,nghìn
thread,"a thin string of cotton, wool, silk, etc. used for sewing or making cloth",sợi chỉ
threat,"a statement in which you tell somebody that you will punish or harm them, especially if they do not do what you want",mối đe dọa
three,3,số ba
thrill,(không có định nghĩa trong Oxford 5000 - root này không phải headword độc lập),sự hồi hộp
thrive,"to become, and continue to be, successful, strong, healthy, etc.",phát triển mạnh
throat,a passage in the neck through which food and air pass on their way into the body; the front part of the neck,cổ họng
through,from one end or side of something to the other,xuyên qua
throw,to send something from your hand through the air by moving your hand or arm quickly,ném
thumb,"the short, thick finger at the side of the hand, slightly apart from the other four",ngón cái
tide,"a regular rise and fall in the level of the sea, caused by the pull of the moon and sun; the flow of water that happens as the sea rises and falls",thủy triều
tidy,arranged neatly and with everything in order,gọn gàng
tie,"a long, narrow piece of cloth worn around the neck, especially by men, with a knot in front","cà vạt, buộc"
tight,"held or fixed in position securely; difficult to move, open or separate","chật, chặt"
till,until,cho đến khi
timber,trees that are grown to be used in building or for making things,gỗ xây dựng
time,"what is measured in minutes, hours, days, etc.",thời gian
tin,a metal container in which food is sold; the contents of one of these containers,"thiếc, hộp thiếc"
tiny,very small in size or amount,nhỏ xíu
tip,a small piece of advice about something practical,"lời khuyên, đầu mút"
tire,(không có định nghĩa trong Oxford 5000 - root này không phải headword độc lập),"lốp xe, mệt mỏi"
title,"the name of a book, poem, painting, piece of music, etc.","tiêu đề, chức danh"
to,used to show purpose or intention,đến
tobacco,"the dried leaves of the tobacco plant that are used for making cigarettes, smoking in a pipe, etc.",thuốc lá
toe,one of the five small parts that stick out from the foot; any similar part on the foot of an animal or bird,ngón chân
together,with or near to somebody/something else; with each other,cùng nhau
toilet,a large bowl attached to a pipe that you sit on or stand over when you get rid of waste matter from your body,nhà vệ sinh
toll,money that you pay to use a particular road or bridge,phí cầu đường
ton,"a unit for measuring weight, in the UK 2 240 pounds (long ton) and in the US 2 000 pounds (short ton)",tấn
tone,"the quality of somebody’s voice, especially expressing a particular emotion",âm điệu
tool,"an instrument such as a hammer, screwdriver, saw, etc. that you hold in your hand and use for making things, repairing things, etc.",công cụ
tooth,any of the hard white structures in the mouth used for biting food,răng
top,highest in position,"đỉnh, trên cùng"
topic,"a subject that you talk, write or learn about",chủ đề
torture,the act of causing somebody severe pain in order to punish them or make them say or do something,tra tấn
total,being the amount or number after everyone or everything is counted or added together,tổng cộng
touch,the sense that enables you to be aware of things and what they are like when you put your hands and fingers on them,chạm vào
tough,having or causing problems or difficulties,"khó khăn, cứng rắn"
tour,"a journey made for pleasure during which several different towns, countries, etc. are visited",chuyến du lịch
toward,(không có định nghĩa trong Oxford 5000 - root này không phải headword độc lập),hướng về
tower,"a tall narrow building or part of a building, especially of a church or castle",tòa tháp
town,"a place with many houses, shops, etc. where people live and work. It is larger than a village but smaller than a city.",thị trấn
toy,made as a copy of a particular thing and used for playing with,đồ chơi
trace,"a mark, an object or a sign that shows that somebody/something existed or was present",dấu vết
track,rails (= metal bars) that a train moves along,"đường ray, theo dõi"
trade,the activity of buying and selling or of exchanging goods or services between people or countries,thương mại
tradition,"a belief, custom or way of doing something that has existed for a long time among a particular group of people; a set of these beliefs or customs",truyền thống
traffic,the vehicles that are on a road at a particular time,giao thông
tragedy,"a very sad event or situation, especially one that involves death",bi kịch
tragic,"making you feel very sad, usually because somebody has died or suffered a lot",bi thảm
trail,a long line or series of marks that is left by somebody/something,đường mòn
train,"a number of connected coaches or trucks, pulled by an engine or powered by a motor in each one, taking people and goods from one place to another","tàu hỏa, huấn luyện"
trait,a particular quality in your personality,đặc điểm
transfer,"the act of moving somebody/something from one place, group or job to another; an occasion when this happens",chuyển giao
transit,the process of being moved or carried from one place to another,quá cảnh
translate,to express the meaning of speech or writing in a different language,dịch thuật
transmit,"to send an electronic signal, radio or television broadcast, etc.",truyền tải
trap,a piece of equipment for catching animals,cái bẫy
trauma,"a mental condition caused by severe shock, stress or fear, especially when the harmful effects last for a long time",chấn thương tâm lý
travel,the act or activity of travelling,du lịch
treasure,"a collection of valuable things such as gold, silver and jewellery",kho báu
treat,to behave in a particular way towards somebody/something,"đối xử, điều trị"
tree,"a tall plant that can live a long time. Trees have a thick central wooden trunk from which branches grow, usually with leaves on them",cây cối
tremendous,very great,to lớn
trend,a general direction in which a situation is changing or developing,xu hướng
tribe,"a social group in a traditional society consisting of people with the same language, culture, religion, etc., living in a particular area and often having one leader known as a chief ",bộ lạc
tribute,"an act, a statement or a gift that is intended to show your love or respect, especially for a dead person",sự tôn vinh
trick,"something that you do to make somebody believe something that is not true, or to annoy somebody as a joke","thủ thuật, lừa gạt"
trip,"a journey to a place and back again, especially a short one for pleasure or a particular purpose",chuyến đi
triumph,"a great success, achievement or victory",chiến thắng vẻ vang
troop,"soldiers, especially in large groups",quân đội
trophy,an object such as a silver cup that is given as a prize for winning a competition,"cúp, chiến lợi phẩm"
trouble,"a problem, worry, difficulty, etc. or a situation causing this",rắc rối
truck,a large vehicle for carrying heavy loads by road,xe tải
true,connected with facts rather than things that have been invented or guessed,đúng thật
trust,"the belief that somebody/something is good, sincere, honest, etc. and will not try to harm or trick you",tin tưởng
truth,"the true facts about something, rather than the things that have been invented or guessed",sự thật
try,an act of trying to do something,cố gắng
tube,"a long, hollow pipe made of metal, plastic, rubber, etc., through which liquids or gases move from one place to another","ống, tàu điện ngầm"
tune,a series of musical notes that are sung or played in a particular order to form a piece of music,giai điệu
tunnel,"a passage built underground, for example to allow a road or railway to go through a hill, under a river, etc.",đường hầm
turn,the time when somebody in a group of people should or is allowed to do something,"quay, lượt"
twelve,12,số mười hai
twenty,(không có định nghĩa trong Oxford 5000 - root này không phải headword độc lập),số hai mươi
twist,"the action of turning something with your hand, or of turning a part of your body",vặn xoắn
two,2,số hai
typo,(không có định nghĩa trong Oxford 5000 - root này không phải headword độc lập),lỗi đánh máy
ugly,unpleasant to look at,xấu xí
uncle,the brother of your mother or father; the husband of your aunt or uncle,"chú, bác"
under,below something,ở dưới
understand,"to know or realize the meaning of words, a language, what somebody says, etc.",hiểu biết
unique,being the only one of its kind,độc đáo
up,towards or in a higher position,lên trên
upon,(không có định nghĩa trong Oxford 5000 - root này không phải headword độc lập),trên (trang trọng)
urge,to advise or try hard to persuade somebody to do something,thúc giục
use,the act of using something; the state of being used,sử dụng
usual,that happens or is done most of the time or in most cases,thông thường
vague,not clear in a person’s mind,mơ hồ
valid,that is legally or officially acceptable,hợp lệ
value,how much something is worth in money or other goods for which it can be exchanged,giá trị
vary,"to be different from each other in size, shape, etc.","thay đổi, đa dạng"
vast,"extremely large in area, size, amount, etc.",rộng lớn
vehicle,"a thing that is used for transporting people or goods from one place to another, such as a car or lorry",phương tiện
venture,"a business project or activity, especially one that involves taking risks",mạo hiểm
verse,"writing that is arranged in lines, often with a regular rhythm or pattern of rhyme",câu thơ
vertical,"going straight up or down from a level surface or from top to bottom in a picture, etc.",thẳng đứng
very,used to emphasize that you are talking about a particular thing or person and not about another,rất
viable,that can be done; that will be successful,khả thi
vice,criminal activities that involve sex or drugs,"phó (chức vụ), thói xấu"
vicious,violent and cruel,hung ác
victim,"a person who has been attacked, injured or killed as the result of a crime, a disease, an accident, etc.",nạn nhân
video,"a system of recording moving pictures and sound, either using a digital method of storing data or (in the past) using videotape",video
view,"what you can see from a particular place or position, especially beautiful countryside","quan điểm, tầm nhìn"
village,a very small town located in a country area,làng quê
virtual,"made to appear to exist by the use of computer software, for example on the internet","ảo, gần như"
virtue,behaviour or attitudes that show high moral standards,đức hạnh
visit,an occasion or a period of time when somebody goes to see a place or person and spends time there,thăm viếng
vital,necessary or essential in order for something to succeed or exist,thiết yếu
voice,the sound or sounds produced through the mouth by a person speaking or singing,giọng nói
volume,the amount of space that an object or a substance fills; the amount of space that a container has,"âm lượng, khối lượng"
vote,a formal choice that you make in an election or at a meeting in order to choose somebody or decide something,bỏ phiếu
vow,to make a formal and serious promise to do something or a formal statement that is true,lời thề
vulnerable,weak and easily hurt physically or emotionally,dễ tổn thương
wage,"a regular amount of money that you earn, usually every week or every month, for work or services",tiền lương
wait,an act of waiting; an amount of time waited,chờ đợi
wake,to stop sleeping; to make somebody stop sleeping,thức dậy
walk,"a journey on foot, usually for pleasure or exercise",đi bộ
wall,"a long, solid structure that rises straight up from the ground, made of stone, brick or concrete, that surrounds, divides or protects an area of land",bức tường
wander,"to walk slowly around or to a place, often without any particular sense of purpose or direction",lang thang
want,to have a desire or a wish for something/somebody,muốn
war,a situation in which two or more countries or groups of people fight against each other over a period of time,chiến tranh
ward,a separate room or area in a hospital for people with the same type of medical condition,"khu bệnh viện, phường"
warm,"at a fairly high temperature in a way that is pleasant, rather than being hot or cold",ấm áp
warn,"to tell somebody about something, especially something dangerous or unpleasant that is likely to happen, so that they can avoid it",cảnh báo
warrant,a legal document that is signed by a judge and gives the police authority to do something,"lệnh, sự bảo đảm"
wash,an act of cleaning somebody/something using water and usually soap,rửa
waste,no longer needed for a particular process and therefore thrown away,lãng phí
watch,"a type of small clock that you wear on your wrist, or (in the past) carried in your pocket","xem, đồng hồ"
water,"a liquid without colour, smell or taste that falls as rain, is in lakes, rivers and seas, and is used for drinking, washing, etc.",nước
wave,"a raised line of water that moves across the surface of the sea, ocean, etc.","sóng, vẫy tay"
way,very far; by a large amount,"con đường, cách thức"
weak,not physically strong,yếu đuối
wealth,"a large amount of money, property, etc. that a person or country owns",sự giàu có
weapon,"an object such as a knife, gun, bomb, etc. that is used for fighting or attacking somebody",vũ khí
wear,"to have something on your body as a piece of clothing, a decoration, etc.",mặc quần áo
weather,"the condition of the atmosphere at a particular place and time, such as the temperature, and if there is wind, rain, sun, etc.",thời tiết
weave,"to make cloth, a carpet, a basket, etc. by crossing threads or narrow pieces of material across, over and under each other by hand or on a machine called a loom",dệt vải
wed,(không có định nghĩa trong Oxford 5000 - root này không phải headword độc lập),kết hôn
weed,"a wild plant growing where it is not wanted, especially among crops or garden plants",cỏ dại
week,"a period of seven days, either from Monday to Sunday or from Sunday to Saturday",tuần lễ
weigh,to have a particular weight,cân nặng
weird,very strange or unusual and difficult to explain,kỳ dị
welcome,accepted or wanted somewhere,chào đón
well,in good health,"tốt, giếng nước"
west,in or towards the west,phía tây
wet,"covered with or containing liquid, especially water",ướt
what,used in questions to ask for particular information about somebody/something,cái gì
wheat,"a plant grown for its grain that is used to produce the flour for bread, cakes, pasta, etc.; the grain of this plant",lúa mì
wheel,"one of the round objects under a car, bicycle, bus, etc. that turns when it moves",bánh xe
when,at what time; on what occasion,khi nào
where,in or to what place or situation,ở đâu
which,used in questions to ask somebody to be exact about one or more people or things from a limited number,cái nào
while,during the time that something is happening; at the same time as something else is happening,trong khi
whip,"to hit a person or an animal hard with a whip, as a punishment or to make them go faster or work harder",roi da
whisper,"a low, quiet voice or the sound it makes",thì thầm
white,having the colour of fresh snow or of milk,màu trắng
who,"used in questions to ask about the name, identity or function of one or more people",ai
whole,full; complete,toàn bộ
whom,used instead of ‘who’ as the object of a verb or preposition,người mà
wide,measuring a large distance from one side to the other,rộng lớn
widow,a woman whose husband or wife has died and who has not married again,góa phụ
width,the measurement from one side of something to the other; how wide something is,chiều rộng
wife,the woman that somebody is married to; a married woman,vợ
wild,living or growing in natural conditions; not kept in a house or on a farm,hoang dã
will,the ability to control your thoughts and actions in order to achieve what you want to do; a strong and determined desire to do something that you want to do,"sẽ, ý chí"
win,"a victory in a game, contest, etc.",chiến thắng
wind,(không có định nghĩa trong Oxford 5000 - root này không phải headword độc lập),gió
window,"an opening in the wall or roof of a building, car, etc., usually covered with glass, that allows light and air to come in and people to see out; the glass in a window",cửa sổ
wine,an alcoholic drink made from the juice of grapes that has been left to ferment. There are many different kinds of wine.,rượu vang
wing,"one of the parts of the body of a bird, insect or bat that it uses for flying",cánh
winter,"the coldest season of the year, between autumn and spring",mùa đông
wipe,"to rub something against a surface, in order to remove dirt or liquid from it; to rub a surface with a cloth, etc. in order to clean it",lau chùi
wire,metal in the form of thin thread; a piece of this,dây điện
wise,able to make sensible decisions and give good advice because of the experience and knowledge that you have,khôn ngoan
wish,"used especially in a letter, email or card to say that you hope that somebody will be happy, well or successful",ước muốn
wit,the ability to say or write things that are both clever and humorous,sự dí dỏm
with,in the company or presence of somebody/something,với
witness,a person who sees something happen and is able to describe it to other people,nhân chứng
woman,an adult female human,phụ nữ
wonder,"a feeling of surprise and pleasure that you have when you see or experience something beautiful, unusual or unexpected","sự ngạc nhiên, tự hỏi"
wood,"the hard material that the trunk and branches of a tree are made of; this material when it is used to build or make things with, or as a fuel",gỗ
wool,the soft hair that covers the body of sheep and some other animals,len
word,a single unit of language that means something and can be spoken or written,từ ngữ
work,the job that a person does especially in order to earn money,công việc
world,"the earth, with all its countries, peoples and natural features",thế giới
worm,"a long, thin creature with a soft body and no bones or legs",con giun
worry,the state of worrying about something,lo lắng
worse,of poorer quality or lower standard; more unpleasant,tệ hơn
worship,"the practice of showing respect for God or a god, by saying prayers, singing with others, etc.; a ceremony for this",thờ phượng
worth,"having a value in money, etc.",đáng giá
would,used in polite offers or invitations,sẽ (quá khứ)
wound,"an injury to part of the body, especially one in which a hole is made in the skin using a weapon",vết thương
wrap,"to cover something completely in paper or other material, for example when you are giving it as a present",gói lại
wrist,the joint between the hand and the arm,cổ tay
write,"to make letters or numbers on a surface, especially using a pen or a pencil",viết
wrong,not right or correct,sai trái
yard,"a piece of land next to or around your house where you can grow flowers, fruit, vegetables, etc., usually with a lawn (= an area of grass)","sân, yard (đơn vị)"
year,"the period from 1 January to 31 December, that is 365 or 366 days, divided into 12 months",năm
yell,"to shout loudly, for example because you are angry, excited, frightened or in pain",la hét
yellow,having the colour of lemons or butter,màu vàng
yield,"the total amount of crops, profits, etc. that are produced","sản lượng, nhượng bộ"
young,having lived or existed for only a short time; not fully developed,trẻ tuổi
your,of or belonging to the person or people being spoken or written to,của bạn
youth,"the time of life when a person is young, especially the time before a child becomes an adult",tuổi trẻ
zone,an area or a region with a particular feature or use,khu vực
