word,pos,structure,meaning_en,meaning_vi
paraphrase,verb,para-[phrase],to express the meaning of something using different words,"diễn giải lại (một câu, đoạn văn) bằng từ ngữ khác"
academic,adjective,[academy]-ic,"relating to education, schools, colleges, and universities, or to scholarly study","thuộc về học thuật, giáo dục"
academic,noun,[academy]-ic,a teacher or scholar working at a college or university,"nhà nghiên cứu, giảng viên đại học; học giả"
english,noun,[english],the English language,tiếng Anh
something,pronoun,[some]-[thing],a thing that is not specified or known,một điều/vật gì đó (không xác định)
rather,adverb,[rather],to a certain extent; used to express a preference,khá là; thà (làm gì đó) hơn
concept,noun,[concept],an abstract idea or general notion,khái niệm
demo,noun,[demo],"a demonstration, especially of how a product works",buổi trình diễn/thử nghiệm (sản phẩm)
peel,verb,[peel],to remove the skin or outer covering of a fruit or vegetable,"gọt vỏ (trái cây, rau củ)"
peel,noun,[peel],the skin or outer covering of a fruit or vegetable,"vỏ (trái cây, rau củ)"
conclusion,noun,[conclusion],"the end or final part of something, especially a judgment reached by reasoning",kết luận
study,verb,[study],"to learn about a subject by reading, memorizing facts, or doing exercises","học, nghiên cứu"
simply,adverb,[simple]-ly,in a simple manner; merely,một cách đơn giản; chỉ là
information,noun,in-[form]-ation,facts or details about someone or something,thông tin
source,noun,[source],"a place, person, or thing from which something originates",nguồn
company,noun,[company],"a commercial business, or the state of being with others",công ty; sự bầu bạn
student,noun,[student],a person who is studying at a school or college,"học sinh, sinh viên"
different,adjective,[differ]-ent,not the same as another or each other,"khác nhau, khác biệt"
others,pronoun,[other]-s,people or things apart from oneself or the ones already mentioned,những người/vật khác
cannot,verb,[can]-not,"to not be able to, or not be allowed to, do something",không thể
however,adverb,[how]-[ever],used to introduce a statement that contrasts with something previously said,tuy nhiên
individual,adjective,[individual],single; separate; relating to one particular person or thing,"riêng lẻ, cá nhân"
individual,noun,[individual],"a single human being, as distinct from a group","một cá nhân, một người"
knowledge,noun,[know]-ledge,"facts, information, and skills acquired through experience or education",kiến thức
benefit,noun,[benefit],an advantage or profit gained from something,lợi ích
effect,noun,[effect],a change that is a result or consequence of an action or cause,"hiệu quả, kết quả, tác động"
produce,verb,[produce],to make or manufacture something,"sản xuất, tạo ra"
produce,noun,[produce],"agricultural products, especially fruits and vegetables, collectively","nông sản (rau, quả...)"
social,adjective,[social],"relating to society or its organization, or to interacting with other people",thuộc về xã hội; giao tiếp xã hội
local,adjective,[local],relating to or existing in a particular area or neighborhood,"thuộc địa phương, tại chỗ"
technology,noun,[technology],"the application of scientific knowledge for practical purposes, especially in industry",công nghệ
although,conjunction,al-[though],in spite of the fact that; even though,mặc dù
synonym,noun,[synonym],a word or phrase that means nearly the same as another word or phrase,từ đồng nghĩa
language,noun,[language],the system of communication used by a particular country or community,ngôn ngữ
chi,noun,[chi],the vital life energy recognized in Chinese philosophy and medicine (also spelled qi); also the 22nd letter of the Greek alphabet,khí (năng lượng sống trong triết học Trung Hoa); cũng là tên chữ cái chi trong bảng chữ cái Hy Lạp
vocabulary,noun,[vocabulary],the body of words used in a particular language or by a particular person,vốn từ vựng
process,noun,[process],a series of actions or steps taken in order to achieve a particular end,"quá trình, quy trình"
since,preposition,[since],from a particular time in the past until now,từ (một thời điểm trong quá khứ) đến nay
since,conjunction,[since],because; for the reason that,"bởi vì, vì"
enough,determiner,[enough],as much or as many as required,đủ
whether,conjunction,[whether],used to introduce alternative possibilities,liệu (có)... hay không
explanation,noun,ex-[plan]-ation,a statement or account that makes something clear,lời giải thích
society,noun,[society],a large group of people living together in an organized community,xã hội
provide,verb,[provide],to give someone something that they need,cung cấp
someone,pronoun,[some]-[one],an unspecified or unknown person,"ai đó, một người nào đó"
exam,noun,[exam],a formal test of knowledge or skill,"kỳ thi, bài thi"
happen,verb,[happen],"to occur or take place, especially without being planned",xảy ra
already,adverb,al-[ready],before the time in question; by now,"đã, rồi"
format,noun,[form]-at,the way in which something is arranged or presented,định dạng
another,determiner,an-[other],one more; an additional or different one,"một cái khác, thêm một"
environment,noun,[environ]-ment,"the surroundings or conditions in which a person, animal, or plant lives",môi trường
almost,adverb,al-[most],not quite; very nearly,"gần như, hầu như"
today,adverb,to-[day],on or during this present day,hôm nay
actually,adverb,[actual]-ly,in fact; really (used to emphasize the truth of a statement),"thực ra, thực sự"
scientist,noun,[scientist],a person who studies or has expert knowledge of a science,nhà khoa học
community,noun,[community],a group of people living in the same area or having a particular characteristic in common,cộng đồng
require,verb,[require],to need something for a particular purpose,"đòi hỏi, yêu cầu, cần"
reduce,verb,[reduce],"to make something smaller or less in amount, degree, or size",giảm bớt
ability,noun,[able]-ity,the capacity to do something,khả năng
subject,noun,[subject],"a topic being discussed, studied, or dealt with","chủ đề, môn học"
subject,verb,[subject],"to cause someone or something to undergo a particular experience, typically an unpleasant one","bắt phải chịu, khiến phải trải qua"
depend,verb,[depend],"to be controlled or determined by, or to rely on, someone or something",phụ thuộc vào
product,noun,pro-[duct],an article or substance that is manufactured or refined for sale,sản phẩm
always,adverb,al-[ways],at all times; on every occasion,luôn luôn
instead,adverb,in-[stead],as a substitute or alternative,thay vào đó
everyone,pronoun,[every]-[one],every person; all people,mọi người
activity,noun,[active]-ity,the condition in which things are happening or being done; a specific action or pursuit,hoạt động
nothing,pronoun,[no]-[thing],not anything; no single thing,không có gì
unit,noun,[unit],"a single, complete thing that is part of a larger whole; a standard measure",đơn vị
argument,noun,[argue]-ment,"an exchange of views in which people disagree, or a reason given to support an idea",cuộc tranh luận; lập luận
generation,noun,[generate]-ion,all the people born and living at about the same time,thế hệ
demand,noun,[demand],a firm request for something; the desire of buyers for goods or services,"nhu cầu, yêu cầu"
term,noun,[term],"a word or phrase used to describe something, especially in a specific context; a fixed period of time",thuật ngữ; kỳ hạn
thesis,noun,[thesis],"a long piece of writing on a particular subject, done as part of a university degree","luận văn, luận án"
false,adjective,[false],not true or correct; not genuine,"sai, giả"
best,adjective,[best],"of the most excellent, effective, or desirable type or quality",tốt nhất
quality,noun,[quality],the standard of something as measured against other things of a similar kind,chất lượng
solution,noun,[solution],a means of solving a problem or dealing with a difficult situation,giải pháp
physical,adjective,[physical],"relating to the body or to things perceived through the senses, as opposed to the mind","thuộc về thể chất, vật lý"
amount,noun,a-[mount],"a quantity of something, especially the total of a thing or things in number, size, or extent",số lượng
attention,noun,[attention],notice taken of someone or something; the act of applying one's mind to something,sự chú ý
essential,adjective,[essential],absolutely necessary; extremely important,"thiết yếu, cần thiết"
therefore,adverb,[there]-[fore],for that reason; consequently,"vì vậy, do đó"
structure,noun,[structure],the arrangement of and relations between the parts of something complex,cấu trúc
qua,preposition,[qua],in the capacity of; as being (used to specify the role in which someone or something is being considered),với tư cách là
focus,verb,[focus],"to pay particular attention to something, or to adjust a lens to produce a clear image",tập trung
lesson,noun,[lesson],a period of learning or teaching; something learned through experience,bài học
practice,noun,[practice],"the actual application of an idea or method, as opposed to theory; repeated exercise to improve skill","sự thực hành, luyện tập"
population,noun,[populate]-ion,all the inhabitants of a particular place,dân số
crime,noun,[crime],an illegal act punishable by law,tội phạm
easily,adverb,[easy]-ly,without difficulty,một cách dễ dàng
history,noun,[history],"the study of past events, especially in human affairs",lịch sử
relationship,noun,[relation]-ship,the way in which two or more people or things are connected,mối quan hệ
practical,adjective,[practical],relating to actual use or experience rather than theory; likely to be useful,"thực tế, thực dụng"
position,noun,[posit]-ion,the place where someone or something is located; a job or rank,"vị trí, chức vụ"
energy,noun,[energy],the strength and vitality required for sustained physical or mental activity; power derived from resources,năng lượng
financial,adjective,[finance]-ial,relating to money or how it is managed,thuộc về tài chính
decision,noun,[decision],a conclusion or resolution reached after consideration,quyết định
available,adjective,[avail]-able,able to be used or obtained; free to do something,"có sẵn, sẵn sàng"
chung,noun,[chung],a surname of Korean or Chinese origin (not a common English word),một họ người (gốc Hàn/Trung)
increase,verb,[increase],"to become or make greater in size, amount, or degree",tăng lên
influence,noun,[influence],"the capacity to have an effect on the character, development, or behavior of someone or something",ảnh hưởng
easy,adjective,[easy],achieved without great effort; not difficult,dễ dàng
hay,noun,[hay],grass that has been cut and dried for use as animal fodder,cỏ khô
include,verb,[include],to contain something as part of a whole,bao gồm
data,noun,[data],facts and statistics collected together for reference or analysis,dữ liệu
nobody,pronoun,[no]-[body],no person; not anybody,không ai
dung,noun,[dung],the excrement of animals; manure,phân (động vật)
anyone,pronoun,[any]-[one],any person or people,bất kỳ ai
multiple,adjective,[multiple],"having or involving several parts, elements, or members","nhiều, đa dạng"
summary,noun,[sum]-mary,a brief statement of the main points of something,bản tóm tắt
professional,adjective,[profession]-al,"relating to or belonging to a profession; competent, skillful, and businesslike",thuộc về chuyên nghiệp
professional,noun,[profession]-al,"a person engaged in a profession, especially one requiring special training","người chuyên nghiệp, người làm nghề có chuyên môn"
sometimes,adverb,[some]-[times],"occasionally, but not often",đôi khi
century,noun,[cent]-ury,a period of one hundred years,thế kỷ
science,noun,[science],the systematic study of the physical and natural world through observation and experiment,khoa học
eventually,adverb,[eventual]-ly,"in the end, especially after a long delay or series of events","cuối cùng, rốt cuộc"
healthy,adjective,[health]-y,in good physical or mental condition; conducive to good health,"khỏe mạnh, lành mạnh"
lack,noun,[lack],"the state of being without, or not having enough of, something",sự thiếu hụt
none,pronoun,[none],not any; not one,"không cái nào, không ai"
survive,verb,[survive],"to continue to live or exist, especially in spite of danger or hardship","sống sót, tồn tại"
next,adjective,[next],"coming immediately after the present one in order, position, or time","kế tiếp, tiếp theo"
positive,adjective,[posit]-ive,"expressing agreement or affirmation; constructive, optimistic, or confident",tích cực
con,noun,[con],a trick intended to deceive someone; a disadvantage of something (as opposed to a pro),trò lừa đảo; điểm bất lợi
con,verb,[con],to persuade someone to believe or accept something false; to swindle,lừa gạt
discus,noun,[discus],a heavy disc thrown as a track-and-field sport,đĩa ném (môn thể thao điền kinh)
ordinary,adjective,[ordinary],with no special or distinctive features; normal,"bình thường, thông thường"
medical,adjective,[medic]-al,relating to the science or practice of medicine,"thuộc về y học, y tế"
production,noun,[product]-ion,the action of making or manufacturing goods from components; the amount produced,sự sản xuất
addition,noun,[add]-ition,"the action or process of adding something, including the mathematical operation of adding numbers",sự bổ sung; phép cộng
everything,pronoun,[every]-[thing],all things; every single thing,"mọi thứ, tất cả"
responsibility,noun,[response]-ibility,the state of being accountable for something; a duty one is required to fulfill,trách nhiệm
type,noun,[type],a category of people or things having common characteristics,"loại, kiểu"
type,verb,[type],to write something using a keyboard,"đánh máy, gõ (bàn phím)"
picture,noun,[picture],"an image, especially a painting, drawing, or photograph","bức tranh, hình ảnh"
dune,noun,[dune],a mound or ridge of sand formed by the wind,"đụn cát, cồn cát"
especially,adverb,[especial]-ly,"used to single out one person, thing, or situation over others; particularly",đặc biệt là
phone,noun,[phone],a telephone; a device used for talking to someone at a distance,điện thoại
communication,noun,[communicate]-ion,the imparting or exchanging of information or ideas,sự giao tiếp
lot,noun,[lot],a large number or amount of something; a plot of land,rất nhiều; lô đất
network,noun,[net]-[work],"a group of interconnected people, systems, or things",mạng lưới
household,noun,[house]-[hold],a house and its occupants regarded as a unit,hộ gia đình
economic,adjective,[economy]-ic,relating to economics or the economy,thuộc về kinh tế
particular,adjective,[particular],used to single out an individual member of a specified group or class; specific,"cụ thể, riêng biệt, đặc biệt"
audience,noun,[audience],the assembled spectators or listeners at a public event,"khán giả, thính giả"
path,noun,[path],a way or track laid down for walking or made by continual treading,"con đường, lối đi"
decade,noun,[decade],a period of ten years,thập kỷ
map,noun,[map],a diagrammatic representation of an area of land showing physical features,bản đồ
capacity,noun,[capacity],the maximum amount that something can contain or produce,"sức chứa, năng lực"
economy,noun,[economy],"the wealth and resources of a country or region, especially in terms of production and consumption",nền kinh tế
paragraph,noun,para-[graph],a distinct section of a piece of writing dealing with a particular point,đoạn văn
difference,noun,[differ]-ence,a point or way in which people or things are not the same,sự khác biệt
fully,adverb,[full]-y,completely; entirely,"hoàn toàn, đầy đủ"
scientific,adjective,[scientific],based on or characterized by the methods and principles of science,thuộc về khoa học
opportunity,noun,[opportunity],a set of circumstances that makes it possible to do something,cơ hội
project,noun,[project],an individual or collaborative enterprise carefully planned to achieve a particular aim,dự án
project,verb,[project],to estimate or forecast something based on present data; to extend outward,"dự đoán, dự báo; chiếu, phóng ra"
affect,verb,[affect],to have an effect on; to influence,ảnh hưởng đến
involve,verb,[involve],to include something as a necessary part or result; to cause someone to participate in something,"liên quan đến, bao gồm; lôi cuốn tham gia"
effective,adjective,[effect]-ive,successful in producing a desired or intended result,hiệu quả
loss,noun,[loss],"the fact of no longer having something, or something lost",sự mất mát; sự thua lỗ
pattern,noun,[pattern],a repeated or regular form or arrangement in which things occur,"khuôn mẫu, kiểu mẫu"
sustain,verb,[sustain],to keep something going or maintain it over time,"duy trì, giữ vững"
ultimately,adverb,[ultimate]-ly,in the end; after everything else has been considered,"cuối cùng, rốt cuộc"
weight,noun,[weight],how heavy a person or thing is,"trọng lượng, cân nặng"
emotional,adjective,[emotion]-al,relating to a person's feelings,"thuộc về cảm xúc, xúc động"
anything,pronoun,any-[thing],a thing of any kind; no matter what,bất cứ điều gì
exercise,noun,[exercise],"physical activity done to stay healthy, or a task done for practice","sự luyện tập, bài tập thể dục"
conflict,noun,[conflict],a serious disagreement or clash between people or ideas,"xung đột, mâu thuẫn"
koala,noun,[koala],a grey furry Australian marsupial that lives in trees and eats eucalyptus leaves,gấu túi koala
sensible,adjective,[sense]-ible,having or showing good sense; practical and reasonable,"khôn ngoan, hợp lý, thực tế"
generate,verb,[generate],to produce or bring something into existence,"tạo ra, sản sinh"
robot,noun,[robot],a machine that can carry out tasks automatically,"người máy, rô-bốt"
specific,adjective,[specific],clearly defined or identified; particular,"cụ thể, rõ ràng"
separate,verb,[separate],to divide or keep things apart from each other,"chia tách, phân chia"
separate,adjective,[separate],not joined to or the same as something else; distinct,"riêng biệt, tách rời"
advertise,verb,[advertise],"to make something known publicly, especially to promote sales",quảng cáo
environmental,adjective,[environ]-ment-al,relating to the natural world and its protection,thuộc về môi trường
foundation,noun,[found]-ation,"the lowest supporting part of a structure, or a basic underlying principle","nền móng, nền tảng"
progress,noun,[progress],forward movement toward a goal; development over time,"sự tiến bộ, sự tiến triển"
carefully,adverb,[care]-ful-ly,in a way that pays close attention to avoid mistakes or harm,một cách cẩn thận
difficulty,noun,[difficult]-y,"a problem, or the state of being hard to do or deal with",khó khăn
investment,noun,[invest]-ment,"the act of putting money into something to earn a profit, or the money so used","sự đầu tư, khoản đầu tư"
contribute,verb,con-[tribute],"to give money, help, or ideas together with others toward a common goal",đóng góp
safety,noun,[safe]-ty,the condition of being protected from danger or harm,sự an toàn
significant,adjective,[significant],important enough to be noticed or to have an effect,"quan trọng, đáng kể"
workplace,noun,work-[place],"a place, such as an office or factory, where people work",nơi làm việc
contrast,noun,[contrast],a clear difference seen when two or more things are compared,sự tương phản
invest,verb,[invest],to put money into something in order to make a profit,đầu tư
negative,adjective,[negative],expressing disapproval or an undesirable quality; not positive,tiêu cực
contact,noun,[contact],"communication between people, or the state of touching","sự liên lạc, sự tiếp xúc"
memory,noun,[memory],"the ability to remember, or something that is remembered","trí nhớ, ký ức"
discovery,noun,dis-[cover]-y,the act of finding or learning something for the first time,"sự khám phá, sự phát hiện"
impact,noun,[impact],a powerful effect that one thing has on another,"tác động, ảnh hưởng"
section,noun,[section],a distinct part or division of something,"phần, mục"
teenager,noun,[teen]-age-er,a person between the ages of thirteen and nineteen,thiếu niên (13-19 tuổi)
consumer,noun,[consume]-er,a person who buys and uses goods or services,người tiêu dùng
contain,verb,[contain],to have something inside itself; to hold,"chứa, chứa đựng"
furthermore,adverb,[further]-more,in addition to what has already been said,"hơn nữa, ngoài ra"
object,noun,[object],"a material thing that can be seen or touched, or a goal","đồ vật, vật thể; mục tiêu"
object,verb,[object],to express disagreement or opposition to something,phản đối
visible,adjective,[visible],able to be seen,có thể nhìn thấy
visual,adjective,[visual],relating to seeing or sight,"thuộc về thị giác, trực quan"
absorb,verb,[absorb],"to take in a substance gradually, or to take in information","hấp thụ, thu nhận"
increasingly,adverb,[increase]-ing-ly,more and more as time goes on,ngày càng
official,adjective,[office]-ial,relating to an authority or public body; formally approved,chính thức
official,noun,[office]-ial,a person who holds a position of authority in an organization,"quan chức, viên chức"
option,noun,[opt]-ion,a thing that may be chosen; a choice,sự lựa chọn
gradually,adverb,[gradual]-ly,"slowly, over a period of time, little by little",dần dần
accumulate,verb,[accumulate],to gather or acquire an increasing amount of something over time,tích lũy
necessary,adjective,[necessary],needed in order to achieve something; essential,cần thiết
route,noun,[route],a way or course taken to get from one place to another,"tuyến đường, lộ trình"
intelligence,noun,[intelligence],"the ability to learn, understand, and apply knowledge","trí thông minh, trí tuệ"
degree,noun,[degree],"a unit of measurement, a level or extent, or an academic qualification",mức độ; bằng cấp; độ
television,noun,tele-[vision],a device or system for broadcasting and receiving moving images with sound,"truyền hình, ti vi"
truly,adverb,[true]-ly,in a genuine or accurate way; really,"thực sự, chân thành"
colleague,noun,[colleague],"a person one works with, especially in a profession",đồng nghiệp
neither,determiner,[neither],not either one of two things or people,không cái này cũng không cái kia
talent,noun,[talent],a natural ability or skill,tài năng
whereas,conjunction,[where]-as,used to introduce a contrast between two facts,"trong khi đó, trái lại"
classroom,noun,class-[room],a room in a school where lessons are taught,"phòng học, lớp học"
receive,verb,[receive],to get or be given something,"nhận, tiếp nhận"
regulation,noun,[regulate]-ion,an official rule made and enforced by an authority,quy định
struggle,verb,[struggle],"to make a great effort to do something difficult, or to fight against something","vật lộn, đấu tranh, cố gắng khó khăn"
urban,adjective,[urban],relating to a city or densely populated town,"thuộc về đô thị, thành thị"
alternative,adjective,[alternate]-ive,available as another possibility or choice besides the usual one,"khác, thay thế"
ecosystem,noun,eco-[system],a community of living organisms interacting with their environment,hệ sinh thái
similar,adjective,[similar],resembling something else without being identical,"tương tự, giống nhau"
torch,noun,[torch],"a portable battery-powered light, or a stick with a flame at one end",đèn pin; ngọn đuốc
pollution,noun,[pollute]-ion,the presence of harmful substances in the environment,sự ô nhiễm
technique,noun,[technique],a particular way of doing something that requires skill,"kỹ thuật, phương pháp"
australia,noun,[australia],a country and continent in the Southern Hemisphere,"nước Úc, châu Úc"
confidence,noun,[confidence],a feeling of self-assurance arising from an appreciation of one's own abilities,sự tự tin
schedule,noun,[schedule],a plan of times at which events or tasks are to happen,"lịch trình, thời gian biểu"
whose,pronoun,[whose],belonging to or associated with which person (possessive of who/which),của ai
beyond,preposition,[beyond],on or to the far side of; further than,"vượt quá, xa hơn"
currency,noun,[currency],a system of money used in a particular country,tiền tệ
inspire,verb,[inspire],to fill someone with a strong desire or ability to do something creative,truyền cảm hứng
perfect,adjective,[perfect],having all the required or desirable qualities; without flaw,hoàn hảo
regular,adjective,[regular],"occurring at consistent intervals, or usual and normal","đều đặn, thường xuyên"
whatever,pronoun,[what]-ever,anything or everything that; no matter what,"bất cứ điều gì, dù thế nào"
sustainable,adjective,[sustain]-able,able to be maintained at a certain level without depleting resources,bền vững
user,noun,[use]-er,"a person who uses a product, service, or system",người dùng
general,adjective,[general],affecting or including most people or things; not specific,"chung, tổng quát"
general,noun,[general],a senior officer in the armed forces,tướng (quân đội)
cooperation,noun,co-[operate]-ion,the process of working together with others toward a shared goal,sự hợp tác
facility,noun,[facility],a place or piece of equipment provided for a particular purpose,"cơ sở, tiện nghi"
heading,noun,[head]-ing,a title placed at the top of a page or section of text,tiêu đề
tho,conjunction,[tho],informal spelling of 'though'; despite the fact that,mặc dù (cách viết không trang trọng của 'though')
drawback,noun,[draw]-back,a disadvantage or negative aspect of something,"nhược điểm, hạn chế"
manufacture,verb,[manufacture],to make goods in large quantities using machinery,"sản xuất, chế tạo"
poverty,noun,[poverty],the state of being extremely poor,sự nghèo đói
competition,noun,[compete]-ition,"an event in which people compete, or rivalry between them","cuộc thi, sự cạnh tranh"
reference,noun,[refer]-ence,"the act of mentioning something, or a source used for information","sự tham khảo, tài liệu tham khảo"
theory,noun,[theory],"a set of ideas intended to explain something, based on general principles",lý thuyết
behavior,noun,[behave]-ior,the way in which a person or animal acts,"hành vi, cách cư xử"
describe,verb,de-[scribe],to give a detailed account of something in words,mô tả
infrastructure,noun,infra-[structure],"the basic physical systems of a country or organization, such as roads and power supply",cơ sở hạ tầng
moreover,adverb,[more]-over,in addition to what has already been mentioned; furthermore,hơn nữa
skilled,adjective,[skill]-ed,having the ability and experience to do something well,"có kỹ năng, lành nghề"
variety,noun,[variety],the quality of not being the same; a range of different things,"sự đa dạng, sự phong phú"
chimpanzee,noun,[chimpanzee],a large intelligent ape native to the forests of Africa,tinh tinh
conduct,verb,[conduct],"to organize and carry out an activity, or to direct a group such as an orchestra","tiến hành, điều khiển, chỉ huy"
conduct,noun,[conduct],"the way a person behaves, especially in a particular situation","hành vi, tác phong, cách cư xử"
emotion,noun,[emotion],"a strong feeling such as joy, anger, fear, or love",cảm xúc
accord,noun,[accord],"an official agreement, especially between countries","sự thỏa thuận, hiệp định"
resident,noun,[reside]-ent,a person who lives permanently in a particular place,cư dân
chemical,adjective,[chemical],relating to chemistry or substances used or produced by chemical processes,thuộc về hóa học
chemical,noun,[chemical],a substance obtained by or used in a chemical process,hóa chất
consume,verb,[consume],"to eat, drink, or use up a resource","tiêu thụ, sử dụng"
institution,noun,[institute]-ion,"an organization founded for a particular purpose, such as education or religion","tổ chức, viện"
orchard,noun,[orchard],a piece of land planted with fruit trees,vườn cây ăn quả
potential,noun,[potent]-ial,the capacity to develop or achieve something in the future,tiềm năng
digital,adjective,[digit]-al,relating to technology that records or processes data as numerical values,thuộc về kỹ thuật số
emergency,noun,[emerge]-ncy,"a sudden, serious situation requiring immediate action",trường hợp khẩn cấp
expertise,noun,[expert]-ise,expert skill or knowledge in a particular field,"chuyên môn, sự thành thạo"
wealthy,adjective,[wealth]-y,having a great deal of money or valuable possessions; rich,giàu có
complex,adjective,[complex],made up of many interconnected parts; complicated,phức tạp
contribution,noun,[contribute]-ion,something given or done to help achieve a result,sự đóng góp
equally,adverb,[equal]-ly,in an equal way; to the same degree,"một cách bình đẳng, như nhau"
invention,noun,[invent]-ion,something new that has been designed or created,phát minh
monkey,noun,[monkey],"a small to medium-sized primate, typically with a long tail",con khỉ
mechanism,noun,[mechanism],"a system of parts working together, or a process by which something happens",cơ chế
strategy,noun,[strategy],a plan of action designed to achieve a long-term goal,chiến lược
decline,verb,[decline],"to become smaller, weaker, or worse; also, to politely refuse",suy giảm; từ chối
either,determiner,[either],one or the other of two people or things,một trong hai (cái này hoặc cái kia)
innovation,noun,[innovate]-ion,"a new method, idea, or product, or the introduction of something new","sự đổi mới, sáng kiến"
habitat,noun,[habitat],the natural environment in which an organism normally lives,môi trường sống
nowadays,adverb,[now]-a-days,"at the present time, as contrasted with the past",ngày nay
personality,noun,[person]-al-ity,the combination of qualities that form a person's distinctive character,"tính cách, cá tính"
policy,noun,[policy],"a course of action adopted by a government, business, or organization",chính sách
popular,adjective,[popular],"liked, admired, or supported by many people","phổ biến, được ưa chuộng"
productive,adjective,[product]-ive,"producing or able to produce a large amount of goods, results, or work","có năng suất, hiệu quả"
vessel,noun,[vessel],"a ship or large boat, or a container/tube that holds or carries liquid",tàu thuyền; vật chứa; mạch (máu)
curriculum,noun,[curriculum],the subjects and content taught in a school or course,chương trình học
prediction,noun,[predict]-ion,a statement about what will happen in the future,"sự dự đoán, dự báo"
atmosphere,noun,[atmosphere],"the layer of gases surrounding the Earth, or the mood of a place",khí quyển; bầu không khí
competitive,adjective,[compete]-itive,"involving competition, or having a strong desire to win","cạnh tranh, có tính ganh đua"
external,adjective,[external],situated on or belonging to the outside; coming from outside,bên ngoài
promote,verb,[promote],"to help something develop, become more popular, or be sold more; to raise someone to a higher rank","thúc đẩy, quảng bá; thăng chức"
conclude,verb,[conclude],"to bring something to an end, or to decide something after reasoning","kết luận, kết thúc"
identify,verb,[identity]-fy,to recognize or establish exactly who or what someone or something is,"nhận dạng, xác định"
identity,noun,[identity],the fact of being a specified person or thing; a sense of self,"danh tính, bản sắc"
ingredient,noun,[ingredient],any of the foods or substances combined to make a particular dish,"thành phần, nguyên liệu"
monitor,noun,[monitor],"a screen used to display information, or a device/person that observes something",màn hình; người/thiết bị giám sát
monitor,verb,[monitor],to watch and check something over a period of time,"theo dõi, giám sát"
operate,verb,[operate],"to work or function, to control a machine, or to perform surgery","vận hành, hoạt động; phẫu thuật"
wildlife,noun,wild-[life],animals living in their natural environment,động vật hoang dã
comparison,noun,[compare]-ison,the act of examining two or more things to note their similarities or differences,sự so sánh
men,noun,[men],plural of 'man'; adult male human beings,những người đàn ông
mirror,noun,[mirror],"a surface, typically of glass, that reflects a clear image",gương
penguin,noun,[penguin],a flightless seabird found mainly in the Southern Hemisphere,chim cánh cụt
permanent,adjective,[permanent],lasting or intended to last indefinitely; not temporary,"vĩnh viễn, lâu dài"
pupil,noun,[pupil],"a student, especially a young one in a school",học sinh
pupil,noun,[pupil],the dark circular opening in the center of the eye that lets in light,con ngươi (mắt)
survival,noun,[survive]-al,"the state of continuing to live or exist, especially through difficulty",sự sống sót
artificial,adjective,[art]-ificial,made or produced by human beings rather than occurring naturally,nhân tạo
beneficial,adjective,[beneficial],producing good or helpful results; advantageous,"có lợi, có ích"
candidate,noun,[word],a person who applies for a job or is nominated for an election,"ứng cử viên, ứng viên"
emission,noun,e-[mit]-ssion,"a substance, especially gas, that is discharged into the air","sự phát thải, khí thải"
introduce,verb,intro-[duce],to present someone or something by name for the first time,giới thiệu
motivation,noun,[motivate]-ion,a reason or enthusiasm for acting or behaving in a particular way,"động lực, sự thúc đẩy"
museum,noun,[word],"a building where objects of historical, scientific, or artistic interest are collected and exhibited",bảo tàng
quite,adverb,[word],to a fairly or moderately significant extent,"khá, tương đối"
afford,verb,[word],"to have enough money, time, or resources to be able to do something",có đủ khả năng (để làm gì)
alongside,preposition,[along]+[side],"next to, or together with, someone or something","bên cạnh, cùng với"
label,noun,[word],a piece of paper or other material attached to an object giving information about it,"nhãn, nhãn mác"
communicate,verb,[word],"to share or exchange information, news, or ideas with someone","giao tiếp, truyền đạt"
drought,noun,[word],a prolonged period of abnormally low rainfall leading to water shortage,hạn hán
effectively,adverb,[effective]-ly,in a way that produces the intended or desired result,một cách hiệu quả
everyday,adjective,[every]+[day],happening or used every day; ordinary,"hàng ngày, thường nhật"
historical,adjective,[history]-ical,concerning or based on the study of past events,thuộc về lịch sử
primary,adjective,[word],"of chief importance; first in order of time, development, or importance","chính, sơ cấp, hàng đầu"
salary,noun,[word],"a fixed regular payment made to an employee, typically monthly",tiền lương
temperature,noun,[word],the degree of heat or cold measured on a definite scale,nhiệt độ
admittedly,adverb,[admit]-tedly,"used to acknowledge a fact, especially one that qualifies what was said before","phải thừa nhận rằng, đúng là"
british,adjective,[Brit]-ish,relating to Great Britain or the United Kingdom,"thuộc về (nước) Anh, Vương quốc Anh"
feeling,noun,[feel]-ing,an emotional state or reaction; an awareness of something,"cảm giác, cảm xúc"
generally,adverb,[general]-ly,in most cases; usually; without regard to particular details,"nói chung, thường thì"
grammar,noun,[word],the system of rules governing the structure and use of a language,ngữ pháp
greenhouse,noun,[green]+[house],a glass building used for growing plants that need protection from cold,nhà kính
structural,adjective,[structure]-al,relating to the structure or arrangement of something,"thuộc về cấu trúc, mang tính cấu trúc"
succeed,verb,suc-[ceed],to achieve a desired aim or result,thành công
beneath,preposition,[word],in or to a lower position than; directly under,"bên dưới, ở dưới"
identical,adjective,[word],exactly alike; being the very same one,"giống hệt nhau, đồng nhất"
independent,adjective,in-[dependent],free from outside control; not relying on another person or thing,độc lập
interrupt,verb,inter-[rupt],to stop the continuous progress of an activity or speech by breaking in,"ngắt lời, làm gián đoạn"
seaweed,noun,[sea]+[weed],large algae that grow in the sea or on rocks along the shore,"rong biển, tảo biển"
attempt,noun,at-[tempt],an effort made to achieve or complete something difficult,"sự cố gắng, nỗ lực"
educational,adjective,[education]-al,"relating to education, or providing useful knowledge or information","thuộc về giáo dục, có tính giáo dục"
predict,verb,pre-[dict],to say or estimate that something will happen in the future,dự đoán
workshop,noun,[work]+[shop],"a meeting for discussion or training, or a room used for manual work",buổi hội thảo/xưởng làm việc
actual,adjective,[act]-ual,"existing in fact; real, not imagined or hypothetical","thực tế, thực sự"
cohesion,noun,[word],the action or fact of forming a united whole; sticking together,"sự gắn kết, tính liên kết"
electricity,noun,[electric]-ity,a form of energy resulting from the flow of charged particles,"điện, điện năng"
entertainment,noun,[entertain]-ment,activities or events that provide amusement or enjoyment,sự giải trí
guarantee,noun,[word],a formal promise or assurance that something will happen or be done,"sự đảm bảo, bảo hành"
particularly,adverb,[particular]-ly,to a higher degree than usual; especially,đặc biệt là
temporary,adjective,[word],lasting for only a limited period of time; not permanent,tạm thời
adjust,verb,[word],to alter or move something slightly to achieve a desired fit or result,điều chỉnh
alive,adjective,a-[live],living; not dead,còn sống
classification,noun,[classify]-ication,the act of arranging things systematically into classes or categories,sự phân loại
depth,noun,[deep]-th,the distance from the top or surface down to the bottom of something,độ sâu
per,preposition,[word],for each; in accordance with,"mỗi, theo, trên mỗi"
perspective,noun,per-[spect]-ive,"a particular attitude toward, or way of viewing, something; a point of view","quan điểm, góc nhìn"
probably,adverb,[probable]-y,almost certainly; used to say something is likely true,"có lẽ, có khả năng"
qualification,noun,[qualify]-ication,"an official record showing that a course or exam has been passed, or a skill needed for a job","bằng cấp, tiêu chuẩn, điều kiện"
reservoir,noun,[word],a large natural or artificial lake used as a source of water supply,hồ chứa nước
unnecessary,adjective,un-[necessary],not needed; not required,không cần thiết
exhaust,verb,ex-[haust],to tire someone out completely,làm kiệt sức
exhaust,noun,ex-[haust],waste gases expelled from an engine as a by-product of combustion,khí thải (động cơ)
independence,noun,in-[dependence],freedom from outside control or support; self-governance,sự độc lập
lao,adjective,[word],"relating to Laos, its people, language, or culture","thuộc về Lào, người/tiếng Lào"
platform,noun,plat-[form],"a raised level surface on which people or things stand, or a system used as a basis for something","nền tảng, sân ga, bệ"
thus,adverb,[word],as a result or consequence of this; in this way,"do đó, như vậy"
combination,noun,[combine]-ation,"a joining or merging of different parts, qualities, or things",sự kết hợp
female,adjective,[word],of or denoting the sex that can bear offspring or produce eggs,"thuộc giống cái, phái nữ"
professor,noun,[profess]-or,a university teacher of the highest academic rank,giáo sư
somewhere,adverb,[some]+[where],"in, at, or to an unspecified or unknown place",ở đâu đó
affordable,adjective,[afford]-able,inexpensive enough to be paid for without financial difficulty,có giá cả phải chăng
cable,noun,[word],a thick wire or bundle of wires used to transmit electricity or signals,dây cáp
concentrate,verb,con-[center]-ate,to focus one's attention or mental effort on a single object or activity,tập trung
concentration,noun,con-[center]-ation,"the action of focusing attention, or the proportion of a substance in a mixture",sự tập trung; nồng độ
conservation,noun,[conserve]-ation,the protection and careful management of the environment and natural resources,sự bảo tồn
curiosity,noun,[curious]-ity,a strong desire to know or learn something,sự tò mò
emperor,noun,[word],the male ruler of an empire,hoàng đế
news,noun,[new]-s,"newly received or noteworthy information, especially about recent events",tin tức
refuse,verb,re-[fuse],to indicate or state that one is not willing to do or accept something,từ chối
refuse,noun,re-[fuse],matter thrown away or rejected as worthless; garbage,"rác thải, phế thải"
accessible,adjective,[access]-ible,"able to be reached, entered, or used; easy to understand","có thể tiếp cận được, dễ hiểu"
convert,verb,con-[vert],"to change the form, character, or function of something","chuyển đổi, biến đổi"
convert,noun,con-[vert],a person who has changed their religious faith or other belief,"người cải đạo, người thay đổi niềm tin"
graft,noun,[word],a piece of living tissue that is surgically joined to a body or a plant,"mô ghép, cành ghép"
graph,noun,[word],a diagram showing the relationship between varying quantities,"biểu đồ, đồ thị"
healthcare,noun,[health]+[care],the organized provision of medical care to individuals or a community,"chăm sóc sức khỏe, y tế"
insist,verb,in-[sist],"to demand something forcefully, refusing to accept a refusal or an alternative","khăng khăng, nhất quyết"
observation,noun,[observe]-ation,the action of closely watching or noticing someone or something,sự quan sát
stability,noun,[stable]-ility,the state of being steady and not likely to change or fail,sự ổn định
teamwork,noun,[team]+[work],the combined effective action of a group working together,"làm việc nhóm, tinh thần đồng đội"
ambition,noun,[word],"a strong desire to achieve something, typically requiring determination","tham vọng, hoài bão"
equal,adjective,[word],"being the same in quantity, size, degree, or value as another","bằng nhau, ngang nhau"
everywhere,adverb,[every]+[where],"in, at, or to all places",ở khắp mọi nơi
extinction,noun,[extinct]-ion,the state or process of a species or group dying out completely,sự tuyệt chủng
gift,noun,[word],a thing given willingly to someone without payment; a natural talent,món quà; năng khiếu
hull,noun,[word],"the main body of a ship or boat, or the outer covering of a seed or fruit","thân tàu; vỏ (hạt, quả)"
mozart,noun,[word],"referring to Wolfgang Amadeus Mozart, the famous Austrian composer","tên riêng, chỉ nhà soạn nhạc Mozart"
punishment,noun,[punish]-ment,the infliction of a penalty as retribution for an offense,sự trừng phạt
quiz,noun,[word],"a test of knowledge, especially a short and informal one","bài kiểm tra ngắn, trò chơi đố vui"
workforce,noun,[work]+[force],"all the people who work in a country, company, or industry",lực lượng lao động
aspect,noun,a-[spect],"a particular part or feature of a situation, idea, or problem",khía cạnh
extinct,adjective,[word],(of a species) having no living members remaining; no longer in existence,đã tuyệt chủng
nevertheless,adverb,[never]+[the]+[less],in spite of what has just been said; notwithstanding,"tuy nhiên, dù vậy"
relevant,adjective,re-[lev]-ant,closely connected or appropriate to the matter at hand,"liên quan, thích đáng"
substitute,noun,sub-[stitute],a person or thing acting or serving in place of another,người/vật thay thế
yes,interjection,[word],"used to express agreement, consent, or an affirmative reply","vâng, có, đúng vậy"
blueprint,noun,[blue]+[print],"a detailed design plan or technical drawing, or a detailed plan of action","bản thiết kế, kế hoạch chi tiết"
category,noun,[word],a class or division of things regarded as having particular shared characteristics,"danh mục, thể loại"
elderly,adjective,[elder]-ly,(of a person) old or aging,"già, cao tuổi"
evaluate,verb,e-[value]-ate,"to form an idea of the amount, quality, or value of something; to assess",đánh giá
holiday,noun,[holy]+[day],"an extended period of leisure or travel, or a day of festivity and rest from work","kỳ nghỉ, ngày lễ"
party,noun,[word],"a social gathering of invited guests, typically involving food, drink, and entertainment",bữa tiệc
percent,noun,per-[cent],one part in every hundred,phần trăm
physically,adverb,[physical]-ly,"in a way relating to the body, as opposed to the mind",về mặt thể chất
profession,noun,[profess]-ion,a paid occupation requiring specialized knowledge and extensive training,nghề nghiệp
telegraph,noun,tele-[graph],a system for transmitting messages over a distance by electrical signals along wires,"điện tín, máy điện báo"
demonstrate,verb,[word],to clearly show the existence or truth of something by giving proof or evidence,"chứng minh, biểu diễn"
dna,noun,[word],the molecule that carries the genetic instructions of living organisms,ADN (axit deoxyribonucleic)
inherit,verb,in-[herit],"to receive money, property, or a title from someone after their death","thừa kế, kế thừa"
nearby,adjective,[near]+[by],not far away in distance; close at hand,"gần đó, ở gần"
novice,noun,[word],a person who is new to and inexperienced in a job or situation,"người mới, tân binh"
passenger,noun,[pass]-enger,"a traveler in a vehicle, other than the driver or crew, being taken to a destination",hành khách
permanently,adverb,[permanent]-ly,in a way intended to last forever; for all future time,vĩnh viễn
psychological,adjective,[psychology]-ical,relating to the mental and emotional state of a person,thuộc về tâm lý
template,noun,[word],"a shaped piece of material used as a pattern, or a preset format for a document","khuôn mẫu, mẫu văn bản"
anxiety,noun,[anxious]-ety,"a feeling of worry, nervousness, or unease about something uncertain","sự lo lắng, lo âu"
australian,adjective,[Australia]-n,"relating to Australia, its people, or its culture","thuộc về nước Úc, người Úc"
boundary,noun,[bound]-ary,a line that marks the limits of an area; a dividing line,ranh giới
clothe,verb,[cloth]-e,to dress someone; to provide someone with clothing,mặc quần áo cho ai đó
dominant,adjective,[word],"most important, powerful, or influential among others","thống trị, chiếm ưu thế"
instruction,noun,[instruct]-ion,a direction or order; detailed information on how to do something,"hướng dẫn, chỉ dẫn"
lifestyle,noun,[life]+[style],the way in which a person or group lives,"lối sống, phong cách sống"
reputation,noun,[repute]-ation,the beliefs or opinions that people generally hold about someone or something,"danh tiếng, uy tín"
resilience,noun,[resilient]-ce,the capacity to recover quickly from difficulties; toughness,"khả năng phục hồi, sức bền bỉ"
survey,noun,sur-[vey],"a general view or examination of something, or an investigation of opinions via questionnaire",cuộc khảo sát
tackle,verb,[word],to make a determined effort to deal with a difficult problem or task,"giải quyết, đối phó với"
talented,adjective,[talent]-ed,having a natural aptitude or skill for something,có tài năng
application,noun,[apply]-ication,"a formal request for something such as a job or place, or a practical use for something","đơn xin, ứng dụng"
celebrity,noun,[word],"a famous person, especially in entertainment or sport",người nổi tiếng
colony,noun,[word],"a country or area under the political control of another country, or a group of settlers there","thuộc địa, khu định cư"
consumption,noun,[consume]-ption,"the action of using up a resource, or the purchase and use of goods and services","sự tiêu thụ, tiêu dùng"
context,noun,con-[text],"the circumstances that form the setting for an event, statement, or idea","ngữ cảnh, bối cảnh"
excessive,adjective,[excess]-ive,"more than is necessary, normal, or desirable; too much","quá mức, thái quá"
felt,noun,[word],a type of fabric made by matting and pressing fibers together,vải nỉ
meanwhile,adverb,[mean]+[while],in the intervening period of time; at the same time,"trong khi đó, đồng thời"
noun,noun,[word],"a word used to identify a person, place, thing, or idea",danh từ
realistic,adjective,[real]-istic,having a sensible and practical idea of what can be achieved; true to life,thực tế
regulate,verb,[word],to control or maintain the rate or operation of a process by means of rules,"điều chỉnh, quy định"
revenue,noun,[word],income generated from business activities or received by a government through taxation,"doanh thu, ngân sách thu được"
tension,noun,[tense]-ion,"mental or emotional strain, or the state of being stretched tight",sự căng thẳng
tongue,noun,[word],"the fleshy muscular organ in the mouth used for tasting, swallowing, and speech; a language",lưỡi; ngôn ngữ
cognitive,adjective,[word],"relating to the mental processes of thinking, knowing, remembering, and understanding",thuộc về nhận thức
grant,verb,[word],to agree to give or allow someone something that has been requested,"cấp, ban cho, đồng ý cho"
grant,noun,[word],"a sum of money given by an organization, especially a government, for a particular purpose","khoản trợ cấp, tài trợ"
initial,adjective,[word],existing or occurring at the beginning of a process or series,"ban đầu, lúc đầu"
initial,noun,[word],the first letter of a name,chữ cái đầu (của tên)
ongoing,adjective,on-[go]-ing,continuing to happen or develop; still in progress,"đang diễn ra, tiếp diễn"
opposite,adjective,[word],"positioned on the other side of something, or completely different in nature",đối diện; trái ngược
opposite,noun,[word],a person or thing that is completely different from another,điều/người hoàn toàn trái ngược
persuasive,adjective,[persuade]-sive,good at convincing someone to do or believe something through reasoning or argument,có sức thuyết phục
productivity,noun,[productive]-ity,"the effectiveness of productive effort, measured by output per unit of input",năng suất
satisfaction,noun,[satisfy]-action,"fulfillment of one's wishes, expectations, or needs; contentment","sự hài lòng, thỏa mãn"
summit,noun,[word],the highest point of a hill or mountain,đỉnh núi
summit,noun,[word],a formal meeting between heads of state or government to discuss important issues,hội nghị thượng đỉnh
admission,noun,ad-[mit]-ssion,"the process of being allowed to enter a place or institution, or an acknowledgment of the truth of something",sự cho phép vào; sự thừa nhận
altogether,adverb,[all]+[together],completely; considering everything; in total,hoàn toàn; nhìn chung; tổng cộng
canopy,noun,[canopy],"a covering that hangs or spreads over something, especially the uppermost layer of branches in a forest","tán cây, mái che phía trên"
competence,noun,[compete]-nce,the ability to do something well or effectively,"năng lực, khả năng"
construction,noun,[construct]-ion,"the process or result of building something, especially a large structure","sự xây dựng, công trình xây dựng"
decrease,verb,[decrease],"to become or make smaller or fewer in size, amount, or degree","giảm, giảm bớt"
frequency,noun,[frequent]-cy,the rate at which something occurs or is repeated over a period of time,"tần số, tần suất"
hurricane,noun,[hurricane],"a violent tropical storm with very strong, rotating winds",cơn bão lớn (bão nhiệt đới)
invisible,adjective,in-[visible],unable to be seen,"vô hình, không nhìn thấy được"
secondary,adjective,[second]-ary,coming after what is primary; of lesser importance or a later stage,"thứ yếu, thứ cấp"
charity,noun,[charity],"an organization set up to provide help and raise money for people in need, or the giving of such help","tổ chức từ thiện, lòng từ thiện"
consequently,adverb,[consequent]-ly,as a result of something; therefore,"do đó, vì vậy"
genetic,adjective,[gene]-tic,relating to genes or heredity,"thuộc về di truyền, gen"
intro,noun,[intro],"an informal short form of 'introduction'; an opening section of a piece of writing, music, etc.","phần mở đầu, giới thiệu (dạng rút gọn)"
phenomenon,noun,[phenomenon],"a fact, occurrence, or situation that is observed to exist or happen",hiện tượng
advertisement,noun,[advertise]-ment,"a public notice or announcement promoting a product, service, or event",quảng cáo
aggressive,adjective,[aggress]-ive,"ready or likely to attack, confront, or behave in a forceful, hostile way","hung hăng, gây hấn"
america,noun,[America],"the continent(s) of the Western Hemisphere; informally, the United States of America",châu Mỹ; (thường dùng để chỉ) nước Mỹ
assembly,noun,[assemble]-y,"a group of people gathered together for a common purpose, or the act of fitting parts together","cuộc tập hợp, hội họp; sự lắp ráp"
breathe,verb,[breathe],to draw air into the lungs and expel it,thở
capital,noun,[capital],"the city that serves as the seat of government of a country or region; also, wealth or funds used to start or run a business","thủ đô; vốn, tài sản"
capital,adjective,[capital],of primary or first importance; relating to punishment by death,quan trọng bậc nhất; (án) tử hình
clay,noun,[clay],"a stiff, sticky, fine-grained earth used for making bricks and pottery",đất sét
compulsory,adjective,[compulsory],required by law or a rule; obligatory,bắt buộc
gradual,adjective,[gradual],"happening or changing slowly over a period of time, not suddenly","dần dần, từ từ"
interior,adjective,[interior],situated within or belonging to the inside of something,"bên trong, nội thất"
liquid,noun,[liquid],"a substance that flows freely and has no fixed shape, taking the shape of its container",chất lỏng
location,noun,[locate]-ion,a particular place or position,"vị trí, địa điểm"
operation,noun,[operate]-ion,the process of functioning or being active; a planned activity or a surgical procedure,"hoạt động, ca phẫu thuật, chiến dịch"
pandemic,noun,pan-[dem]-ic,a disease outbreak that occurs over a wide geographic area and affects a large proportion of the population,đại dịch
photograph,noun,photo-[graph],a picture or image created using a camera,ảnh chụp
regularly,adverb,[regular]-ly,at regular intervals; in a way that follows a consistent pattern or habit,"thường xuyên, đều đặn"
significantly,adverb,[significant]-ly,"in a way that is important, noteworthy, or to a notable degree",một cách đáng kể
software,noun,[soft]-ware,the programs and other operating information used by a computer,phần mềm
worldwide,adjective,[world]-wide,extending over or involving the whole world,trên toàn thế giới
absence,noun,[absent]-ce,the state of being away from a place or person; the fact of something not existing,sự vắng mặt; sự thiếu vắng
accurate,adjective,[accurate],correct and precise in all details; free from error,chính xác
analyze,verb,[analyze],to examine something in detail in order to explain or interpret it,phân tích
anywhere,adverb,any-[where],"in, at, or to any place",bất cứ nơi đâu
concession,noun,[concede]-ssion,"something granted, especially as a compromise; the act of conceding",sự nhượng bộ
elsewhere,adverb,else-[where],"in, at, or to another place",ở nơi khác
heritage,noun,[heritage],"valued objects, qualities, or traditions handed down from previous generations",di sản
homework,noun,[home]-work,schoolwork that a student is assigned to complete outside the classroom,bài tập về nhà
invent,verb,in-[vent],"to create or design a device, process, or system that did not exist before","phát minh, sáng chế"
lighthouse,noun,[light]-house,"a tower with a powerful light at the top, used to guide or warn ships",hải đăng
obligation,noun,[oblige]-ation,a duty or commitment to do something,"nghĩa vụ, trách nhiệm"
perhaps,adverb,[perhaps],possibly; maybe,có lẽ
sacrifice,noun,[sacrifice],the act of giving up something valued for the sake of something else considered more important,sự hy sinh
smartphones,noun,smart-[phone]-s,mobile phones with advanced computing capability and internet access,điện thoại thông minh
sufficient,adjective,[sufficient],enough; adequate for a particular purpose,"đủ, đầy đủ"
urgent,adjective,[urge]-nt,requiring immediate action or attention,khẩn cấp
web,noun,[web],"a network of fine threads spun by a spider; also, the World Wide Web","mạng nhện; mạng lưới, web"
actively,adverb,[active]-ly,"in an active, energetic, or engaged manner",một cách tích cực
delivery,noun,[deliver]-y,"the action of bringing letters, packages, or goods to a recipient",sự giao hàng
error,noun,[error],"a mistake, especially one that produces an incorrect result","lỗi, sai sót"
grocery,noun,[grocer]-y,(usually plural) food and other household items sold in a store,"hàng tạp hóa, thực phẩm"
introduction,noun,[introduce]-tion,the action of presenting someone or something for the first time; an opening section of a text,"sự giới thiệu, phần mở đầu"
obtain,verb,ob-[tain],"to get or acquire something, especially through effort","có được, thu được"
political,adjective,[politic]-al,relating to the government or public affairs of a country,thuộc về chính trị
reproduce,verb,re-[produce],to produce offspring; to make a copy of something; to happen again,sinh sản; sao chép; tái tạo
resist,verb,re-[sist],to withstand the action or effect of something; to refuse to accept or comply with something,"chống lại, kháng cự"
restaurant,noun,[restaurant],a place where people pay to sit and eat meals that are cooked and served on the premises,nhà hàng
trigger,noun,[trigger],"a small lever that releases a spring or catch, especially to fire a gun",cò súng
trigger,verb,[trigger],to cause an event or situation to happen or exist,"kích hoạt, gây ra"
undeniably,adverb,un-[deny]-ably,in a way that cannot be denied; certainly,không thể phủ nhận
broadcast,verb,broad-[cast],"to transmit a program or information by radio, television, or the internet",phát sóng
building,noun,[build]-ing,"a structure with a roof and walls, such as a house or factory","tòa nhà, công trình"
conversation,noun,[converse]-ation,an informal talk between two or more people,cuộc trò chuyện
cooperative,adjective,co-[operate]-ive,involving mutual assistance in working toward a shared goal; willing to help,"hợp tác, có tính hợp tác"
destination,noun,[destine]-ation,the place to which someone or something is going or being sent,điểm đến
forever,adverb,for-[ever],for all future time; eternally; for a very long time,mãi mãi
french,adjective,[French],"relating to France, its people, culture, or language","thuộc về nước Pháp, tiếng Pháp"
injury,noun,[injure]-y,physical harm or damage done to the body,"chấn thương, thương tích"
ipa,noun,[IPA],"an abbreviation for the International Phonetic Alphabet, a standardized system of symbols for representing speech sounds",Bảng chữ cái phiên âm quốc tế (IPA)
laboratory,noun,[labor]-atory,"a room or building equipped for scientific experiments, testing, or research",phòng thí nghiệm
pie,noun,[pie],a baked dish consisting of a pastry crust filled with a sweet or savory filling,bánh nướng nhân (bánh pie)
stem,noun,[stem],"the main stalk of a plant, from which leaves, flowers, or fruit grow",thân cây
stem,verb,[stem],to originate or derive from something; to stop or restrict the flow of something,bắt nguồn từ; ngăn chặn
target,noun,[target],"an object, person, or place selected as the aim of an attack, or a goal to be achieved",mục tiêu
target,verb,[target],"to direct effort, attention, or action toward someone or something; to aim at",nhắm mục tiêu vào
technical,adjective,[technic]-al,"relating to a particular subject, especially mechanics, industry, or a specialized skill",thuộc về kỹ thuật
vanish,verb,[vanish],to disappear suddenly and completely,biến mất
wherever,adverb,[where]-ever,"in, at, or to whatever place",bất cứ nơi nào
additional,adjective,[add]-itional,added to what already exists; extra,"bổ sung, thêm vào"
compound,noun,[compound],a thing composed of two or more separate elements or substances combined together,"hợp chất, hỗn hợp"
congestion,noun,[congestion],"overcrowding, especially of traffic or people, causing blockage or difficulty moving",sự tắc nghẽn
dependence,noun,de-[pend]-ence,the state of relying on or being controlled by someone or something else,sự phụ thuộc
discussion,noun,[discussion],"a conversation in which a topic is talked over in detail, often to exchange ideas or reach a decision",cuộc thảo luận
expectation,noun,[expect]-ation,a strong belief that something will happen or that someone will act in a certain way,"sự kỳ vọng, mong đợi"
imitate,verb,[imitate],"to copy the behavior, appearance, or actions of someone or something else",bắt chước
internal,adjective,[intern]-al,"existing or situated within something, especially the body or an organization","bên trong, nội bộ"
london,noun,[London],the capital city of the United Kingdom and of England,Luân Đôn (thủ đô nước Anh)
perfectly,adverb,[perfect]-ly,"in a perfect manner; completely, without flaw",một cách hoàn hảo
property,noun,[proper]-ty,"a thing or things owned, such as land or buildings; a characteristic or quality of something","tài sản, bất động sản; đặc tính"
serendipity,noun,[serendipity],the occurrence of finding valuable or pleasant things by chance,sự tình cờ may mắn
systematic,adjective,[system]-atic,done according to a fixed plan or organized method,"có hệ thống, có phương pháp"
valley,noun,[valley],"a low area of land between hills or mountains, often with a river running through it",thung lũng
whenever,conjunction,[when]-ever,at whatever time; every time that,bất cứ khi nào
accuracy,noun,[accurate]-cy,"the quality of being correct, exact, or precise",độ chính xác
acquire,verb,[acquire],"to gain or come to possess something, especially through one's own effort or ability","đạt được, thu được"
commercial,adjective,[commerce]-ial,relating to the buying and selling of goods and services; profit-oriented,thuộc về thương mại
commercial,noun,[commerce]-ial,a paid advertisement broadcast on television or radio,đoạn quảng cáo (trên truyền hình/đài)
fortunately,adverb,[fortunate]-ly,it is fortunate that; luckily,may mắn thay
metaphor,noun,[metaphor],"a figure of speech in which a word or phrase is applied to something it does not literally denote, to suggest a resemblance",phép ẩn dụ
monsoon,noun,[monsoon],"a seasonal wind in South and Southeast Asia, especially one bringing heavy rainfall",gió mùa
narrative,noun,[narrate]-ive,a spoken or written account of connected events; a story,"câu chuyện, bài tường thuật"
obstacle,noun,[obstacle],a thing that blocks one's way or prevents progress,chướng ngại vật
olympic,adjective,[Olympic],relating to the Olympic Games,thuộc về Thế vận hội Olympic
reinforce,verb,re-in-[force],"to strengthen or support something, especially with additional material, support, or personnel","củng cố, tăng cường"
relocate,verb,re-[locate],"to move to a new place, especially for work or business","di dời, chuyển địa điểm"
similarly,adverb,[similar]-ly,in a similar way; likewise,tương tự
average,noun,[average],"a number expressing the central or typical value in a set of data, found by dividing the sum by the number of items",mức trung bình
characteristic,noun,[character]-istic,"a feature or quality that is typical of a person, place, or thing","đặc điểm, đặc trưng"
chariot,noun,[chariot],"a two-wheeled vehicle drawn by horses, used in ancient warfare, racing, and processions",cỗ xe ngựa (chiến xa)
che,noun,[che],"not a standard common English word; most often recognized as a nickname, notably that of the revolutionary Che Guevara",biệt danh (nổi tiếng nhất là của Che Guevara); không phải từ tiếng Anh thông dụng
confirm,verb,con-[firm],to state or establish that something is true or correct,xác nhận
contest,noun,con-[test],a competition or challenge between two or more people,"cuộc thi, cuộc tranh tài"
contest,verb,con-[test],"to formally challenge or dispute something, such as a decision or election result","tranh chấp, phản đối"
illegal,adjective,il-[legal],not permitted by law; against the law,bất hợp pháp
landscape,noun,[land]-scape,"all the visible features of an area of land, especially considered for their appearance","phong cảnh, cảnh quan"
loyalty,noun,[loyal]-ty,"the quality of being faithful and devoted to a person, group, or cause",lòng trung thành
mystery,noun,[mystery],something that is difficult or impossible to understand or explain,điều bí ẩn
reflect,verb,re-[flect],"to throw back light, heat, or sound from a surface; to think carefully about something",phản chiếu; suy ngẫm
sapling,noun,[sap]-ling,a young tree,cây non
saving,noun,[save]-ing,"money that is saved, or a reduction in the amount of something spent or used",khoản tiết kiệm
technological,adjective,[technology]-ical,"relating to technology, especially its practical application",thuộc về công nghệ
valve,noun,[valve],"a device that regulates the flow of a liquid or gas by opening, closing, or partially obstructing a passage",van (thiết bị điều tiết dòng chảy)
associate,verb,[associate],to connect someone or something with something else in one's mind; to spend time with someone as a friend or colleague,"liên kết, kết giao"
associate,noun,[associate],a colleague or partner in business or work,"đồng nghiệp, cộng sự"
britain,noun,[Britain],"the island containing England, Scotland, and Wales, often used to refer to the United Kingdom",nước Anh (Vương quốc Anh)
capture,verb,[capture],to take someone or something into one's possession or control by force,"bắt giữ, chiếm được"
cumulative,adjective,[cumulate]-ive,increasing or growing in quantity or effect by successive additions,"tích lũy, cộng dồn"
decisive,adjective,[decide]-ive,settling an issue conclusively; showing the ability to make decisions quickly and confidently,"quyết định, dứt khoát"
enthusiasm,noun,[enthusiasm],"intense and eager enjoyment, interest, or approval","sự nhiệt tình, hào hứng"
football,noun,[foot]-ball,"a game played by two teams who kick a ball, or the ball used in this game",bóng đá
inventor,noun,in-[vent]-or,"a person who creates or designs a new device, process, or method",nhà phát minh
lane,noun,[lane],"a narrow road, especially in a rural area, or a marked strip of a road for a single line of traffic","làn đường, ngõ hẻm"
nutrient,noun,[nutrient],a substance that provides nourishment essential for growth and the maintenance of life,chất dinh dưỡng
pathway,noun,[path]-way,"a path or track, especially one formed by regular walking; a course of action leading to a result","con đường, lối đi"
popularity,noun,[popular]-ity,"the state of being liked, admired, or supported by a large number of people","sự phổ biến, được ưa chuộng"
preparation,noun,[prepare]-ation,the action of making something or someone ready for use or a particular event,sự chuẩn bị
punish,verb,[punish],to impose a penalty on someone as retribution for an offense,trừng phạt
quantity,noun,[quantity],"an amount or number of something, especially one that can be counted or measured",số lượng
rainfall,noun,[rain]-fall,the amount of rain that falls in a particular area within a given period of time,lượng mưa
recognition,noun,[recognize]-tion,identification of someone or something from having encountered them before; acknowledgment of achievement,sự nhận ra; sự công nhận
sanctuary,noun,[sanctuary],"a place of refuge or protection, especially a nature reserve for wildlife or a safe haven for people","khu bảo tồn, nơi trú ẩn an toàn"
sensitive,adjective,[sense]-itive,"quick to detect, respond to, or be affected by slight changes, signals, or feelings",nhạy cảm
sideways,adverb,[side]-ways,"to, toward, or from one side; not in a straight forward direction","sang một bên, theo chiều ngang"
supervision,noun,[supervise]-ion,"the action of overseeing or directing an activity, place, or group of people",sự giám sát
temperament,noun,[temper]-ament,"a person's or animal's nature, especially as it permanently affects their behavior and mood","tính khí, tính cách"
ape,noun,[ape],"a large primate that lacks a tail, such as a gorilla, chimpanzee, or orangutan","vượn, khỉ không đuôi"
continent,noun,[continent],"one of the world's main continuous expanses of land, such as Africa, Asia, or Europe","lục địa, châu lục"
coordinate,verb,co-[ordinate],to organize different elements or people so that they work together effectively,"phối hợp, điều phối"
coordinate,noun,co-[ordinate],"a number or set of numbers used to indicate the position of a point on a graph, map, or grid",tọa độ
cricket,noun,[cricket],an outdoor game played between two teams of eleven players using bats and a ball,môn cricket (crickê)
entrance,noun,[enter]-ance,"a way into a place, such as a door, gate, or passage",lối vào
entrance,verb,en-[trance],to fill someone with wonder and delight; to captivate completely,"làm mê hoặc, làm say mê"
excellent,adjective,[excel]-lent,extremely good; outstanding,xuất sắc
fundamental,adjective,[fundament]-al,forming a necessary base or core; of central importance,"cơ bản, nền tảng"
lake,noun,[lake],a large body of water surrounded by land,hồ
leadership,noun,[lead]-er-ship,the action of leading a group of people or an organization; the ability to lead,"khả năng lãnh đạo, sự lãnh đạo"
machinery,noun,[machine]-ry,"Machines collectively, or the mechanical parts of a device or system.",Máy móc (nói chung) hoặc các bộ phận cơ khí của một hệ thống.
perceive,verb,per-[ceive],To become aware of or notice something through the senses or the mind.,"Nhận thức, cảm nhận được điều gì đó."
possibility,noun,[possible]-ity,A chance that something may happen or be true.,Khả năng (điều gì đó có thể xảy ra).
supervise,verb,super-[vise],To watch over and direct the work of someone or something.,Giám sát.
sway,verb,[sway],To move slowly and rhythmically backward and forward or from side to side.,"Đung đưa, lắc lư."
unpredictable,adjective,un-[predict]-able,Not able to be predicted; changing often and without warning.,Không thể đoán trước.
untouched,adjective,un-[touch]-ed,"Not touched, used, or affected by something.","Chưa bị chạm đến, còn nguyên vẹn."
variation,noun,[vary]-ation,A change or difference in the degree or extent of something.,"Sự biến đổi, sự khác biệt."
widespread,adjective,wide-[spread],Existing or happening over a large area or among many people.,Phổ biến rộng rãi.
arithmetic,noun,[arithmetic],The branch of mathematics dealing with the properties and manipulation of numbers.,Số học.
article,noun,[article],"A piece of writing on a particular topic published in a newspaper, magazine, or journal.","Bài báo, bài viết."
celebrate,verb,[celebrate],To mark an important event or occasion with enjoyable activities.,"Ăn mừng, kỷ niệm."
differently,adverb,[differ]-ent-ly,In a way that is not the same as something else.,"Một cách khác, khác đi."
flexible,adjective,[flex]-ible,Able to bend or adapt easily without breaking; adaptable to change.,"Linh hoạt, dẻo dai."
gene,noun,[gene],A unit of heredity made of DNA that is passed from parents to offspring.,Gen (đơn vị di truyền).
maintenance,noun,[maintain]-ance,The process of keeping something in good working condition.,"Sự bảo trì, bảo dưỡng."
mentor,noun,[mentor],An experienced and trusted person who guides or advises a less experienced person.,"Người cố vấn, người hướng dẫn."
migration,noun,[migrate]-ion,The movement of people or animals from one region or country to another.,Sự di cư.
recipe,noun,[recipe],"A set of instructions for preparing a particular dish, including a list of ingredients.",Công thức nấu ăn.
referent,noun,re-[fer]-ent,"The thing or idea that a word, symbol, or sign refers to.","Sở chỉ, vật/việc được từ ngữ nói đến."
retain,verb,re-[tain],"To continue to have, hold, or keep something.","Giữ lại, duy trì."
superficial,adjective,super-[fic]-ial,Existing or occurring at or on the surface only; not thorough or deep.,"Hời hợt, nông cạn."
tech,noun,[tech],"Technology, especially computers and electronic devices (informal short form).",Công nghệ (cách nói tắt của technology).
ticket,noun,[ticket],A piece of paper or card that gives the holder a right to enter a place or use a service.,Vé.
underneath,preposition,under-[neath],Positioned directly below something else.,"Ở bên dưới, ngay dưới."
violent,adjective,[viol]-ent,"Using or involving physical force intended to hurt, damage, or kill.","Bạo lực, hung dữ."
alike,adjective,a-[like],Similar to one another; resembling each other.,Giống nhau.
army,noun,[army],An organized military force equipped for fighting on land.,"Quân đội, lục quân."
biological,adjective,[biology]-ical,Relating to biology or to living organisms.,Thuộc về sinh học.
checklist,noun,check-[list],A list of items to be checked off or verified.,Danh sách kiểm tra.
determination,noun,[determine]-ation,Firmness of purpose; the quality of continuing to try to achieve a goal.,Sự quyết tâm.
dinosaur,noun,[dinosaur],A large extinct reptile that lived in prehistoric times.,Khủng long.
journal,noun,[journal],"A scholarly publication issued regularly, or a personal daily record of events.",Tạp chí (học thuật) hoặc nhật ký.
judgment,noun,[judge]-ment,"The ability to make sensible decisions, or a formal decision made by a court.","Sự phán đoán, phán quyết."
literature,noun,[liter]-ature,"Written works, especially those considered to have artistic or lasting value.",Văn học.
neo,adjective,[neo],"New or revived, used especially as a combining form (e.g. neo-classical).","Mới, tân (thường dùng làm tiền tố ghép, ví dụ neo-classical)."
nurture,verb,[nurture],To care for and encourage the growth or development of someone or something.,"Nuôi dưỡng, chăm sóc."
oneself,pronoun,one-[self],Used to refer back to the subject 'one' when it is the same person or thing.,"Bản thân mình, chính mình."
overwhelm,verb,over-[whelm],To have such a strong emotional effect on someone that it is hard to resist or cope with.,"Áp đảo, tràn ngập, lấn át."
practise,verb,[practise],To perform an activity repeatedly in order to improve or maintain a skill.,"Luyện tập, thực hành."
reject,verb,re-[ject],"To refuse to accept, believe in, or consider something or someone.","Từ chối, bác bỏ."
satisfy,verb,[satis]-fy,"To meet the needs, expectations, or desires of someone.","Làm hài lòng, thỏa mãn, đáp ứng."
saunders,noun,[saunders],A surname of English origin.,Họ người (tên riêng) gốc Anh.
sector,noun,[sector],"A distinct part or branch of an area of activity, especially of the economy.","Khu vực, lĩnh vực (kinh tế)."
simulation,noun,[simulate]-ion,"The imitation of a real process, system, or situation, often using a model.",Sự mô phỏng.
successfully,adverb,[success]-ful-ly,In a way that achieves the desired aim or result.,Một cách thành công.
tom,noun,[tom],A male cat.,Mèo đực.
violence,noun,[viol]-ence,"Behavior involving physical force intended to hurt, damage, or kill.",Bạo lực.
zealand,noun,[zealand],"A place name used in 'New Zealand', originally from a Dutch province.","Tên riêng (dùng trong 'New Zealand'), vốn là tên một tỉnh của Hà Lan."
american,adjective,[america]-n,Relating to the United States of America or to the continents of the Americas.,Thuộc về nước Mỹ / châu Mỹ.
component,noun,com-[pon]-ent,"A part that combines with others to form a larger whole, especially a machine or system.","Thành phần, linh kiện."
confident,adjective,con-[fid]-ent,Feeling or showing certainty about one's abilities or about something being true.,"Tự tin, chắc chắn."
considerably,adverb,[consider]-able-ly,To a notably large degree; a great deal.,Đáng kể.
countryside,noun,country-[side],"Land in a rural area, away from towns and cities.",Vùng nông thôn.
creativity,noun,[creative]-ity,The ability to produce original and imaginative ideas or things.,Sự sáng tạo.
dependent,adjective,[depend]-ent,"Relying on someone or something else for support, help, or supply.",Phụ thuộc.
dominate,verb,[domin]-ate,To have a controlling influence over someone or something.,"Thống trị, chi phối."
emerge,verb,e-[merge],"To come out from being hidden or contained, or to become apparent.","Xuất hiện, nổi lên."
erode,verb,e-[rode],"To gradually wear away or destroy, especially by wind, water, or chemical action.","Xói mòn, bào mòn."
historian,noun,[history]-an,A person who studies or writes about history.,Nhà sử học.
intervention,noun,inter-[vent]-ion,"Action taken to improve, influence, or interrupt a situation, especially a difficult one.",Sự can thiệp.
irrelevant,adjective,ir-[relevant],Not connected with or important to the matter at hand.,Không liên quan.
thanh,noun,[thanh],A Vietnamese given name.,Tên riêng của người Việt (tên Thanh).
tomb,noun,[tomb],"A grave, or a structure for burying the dead, especially a large or elaborate one.","Ngôi mộ, lăng mộ."
warehouse,noun,ware-[house],A large building used for storing goods before they are distributed.,Nhà kho.
withdrawal,noun,with-[draw]-al,"The act of taking something out or away, or of removing oneself from a place or activity.","Sự rút lui, sự rút (tiền)."
appositive,noun,ap-[posit]-ive,A word or phrase placed next to another to identify or explain it (a grammatical term).,Đồng vị ngữ (thuật ngữ ngữ pháp).
appropriate,adjective,ap-[propri]-ate,Suitable or proper in the circumstances.,"Phù hợp, thích hợp."
cent,noun,[cent],"A monetary unit equal to one hundredth of a dollar, euro, or similar currency.",Xu (đơn vị tiền tệ bằng 1/100 đô la).
classmate,noun,class-[mate],A fellow member of one's class at school or university.,Bạn cùng lớp.
cough,verb,[cough],To expel air from the lungs suddenly and with a harsh sound.,Ho.
ecological,adjective,[ecology]-ical,Relating to ecology or to the relationship between living organisms and their environment.,Thuộc về sinh thái học.
equivalent,adjective,equi-[val]-ent,"Equal in value, amount, function, or meaning.",Tương đương.
grandparent,noun,grand-[parent],A parent of one's mother or father.,Ông hoặc bà.
honesty,noun,[honest]-y,The quality of being truthful and sincere; freedom from deceit.,Sự trung thực.
importantly,adverb,im-[port]-ant-ly,In a way that has great significance or value; used to introduce a significant point.,"Quan trọng là, một cách quan trọng."
italy,noun,[italy],A country in southern Europe.,Nước Ý.
meaningful,adjective,[meaning]-ful,"Having a serious, useful, or worthwhile quality or purpose.",Có ý nghĩa.
mosquito,noun,[mosquito],"A small flying insect, the female of which bites and sucks blood.",Con muỗi.
presentation,noun,[present]-ation,A talk or demonstration given to an audience to explain or show something.,"Bài thuyết trình, sự trình bày."
satellite,noun,[satellite],"An object that orbits a planet or star, either natural or artificial.",Vệ tinh.
saw,noun,[saw],A hand or power tool with a toothed blade used for cutting materials such as wood or metal.,Cái cưa.
saw,verb,[saw],To cut something using a saw.,Cưa (dùng cưa để cắt).
sunlight,noun,sun-[light],The light that comes from the sun.,"Ánh nắng, ánh sáng mặt trời."
thirty,determiner,[thir]-ty,The cardinal number equal to three times ten (30).,Số ba mươi (30).
unexpected,adjective,un-[expect]-ed,Not anticipated or regarded as likely to happen.,"Bất ngờ, không mong đợi."
usage,noun,[use]-age,"The way in which a word or thing is used, or the customary manner of use.",Cách sử dụng.
verb,noun,[verb],"A word used to describe an action, state, or occurrence.",Động từ.
zoo,noun,[zoo],A facility where wild animals are kept for public viewing and conservation.,Sở thú.
aggression,noun,ag-[gress]-ion,Hostile or violent behavior or attitudes toward others.,"Sự hung hăng, gây hấn."
apps,noun,[app]-s,"Application software programs, especially for mobile devices (plural of app).","Các ứng dụng (phần mềm, số nhiều của 'app')."
artefact,noun,arte-[fact],"An object made by a human, especially one of historical or cultural interest.","Hiện vật, đồ tạo tác."
barrier,noun,[barrier],"An obstacle that prevents movement, progress, or access.",Rào cản.
basis,noun,[basis],The underlying foundation or principle on which something is based.,"Cơ sở, nền tảng."
coastline,noun,coast-[line],"The outline or shape of a coast, especially as seen from above or a distance.",Đường bờ biển.
commute,verb,com-[mute],To travel regularly between one's home and place of work.,Đi lại (giữa nhà và nơi làm việc) hàng ngày.
construct,verb,con-[struct],To build or make something by putting parts together.,"Xây dựng, chế tạo."
cooperate,verb,co-[operate],To work jointly with others toward a common goal.,Hợp tác.
dramatic,adjective,[drama]-tic,"Sudden and striking, or relating to drama or the theatre.","Kịch tính, gây ấn tượng mạnh."
earthquake,noun,earth-[quake],A sudden violent shaking of the ground caused by movement of the earth's crust.,Động đất.
eruption,noun,e-[rupt]-ion,"A sudden and often violent release of matter, such as lava from a volcano.",Sự phun trào.
evolve,verb,e-[volve],"To develop gradually, especially from a simpler to a more complex form.","Tiến hóa, phát triển dần dần."
fell,verb,[fell],To cut down a tree.,Chặt hạ (cây).
iii,noun,[iii],"The Roman numeral for three, used especially after a name to indicate the third bearer of it.","Số La Mã III (số 3), thường dùng sau tên riêng để chỉ đời thứ ba."
independently,adverb,in-[depend]-ent-ly,Without being influenced or controlled by others; on one's own.,Một cách độc lập.
leech,noun,[leech],"A blood-sucking worm that lives in water, or a person who persistently exploits others.",Con đỉa.
locate,verb,[loc]-ate,To discover the exact place or position of someone or something.,"Xác định vị trí, định vị."
numerous,adjective,[numer]-ous,Existing in great numbers; many.,"Nhiều, đông đảo."
pause,verb,[pause],To stop briefly before continuing.,"Tạm dừng, ngừng lại."
predictable,adjective,[predict]-able,Able to be foreseen or expected in advance.,Có thể dự đoán được.
representation,noun,[represent]-ation,"The action of speaking or acting on behalf of someone, or a depiction of something.","Sự đại diện, sự biểu diễn/mô tả."
scaffold,noun,[scaffold],A temporary framework used to support workers and materials during construction.,Giàn giáo.
skip,verb,[skip],"To move along lightly by hopping, or to omit something.",Nhảy lò cò; bỏ qua.
surgery,noun,[surgery],Medical treatment that involves cutting into a patient's body to repair or remove something.,Phẫu thuật.
technically,adverb,[technical]-ly,"In a way that relates to technical or mechanical matters, or strictly according to facts or rules.",Về mặt kỹ thuật; nói một cách chính xác.
tendency,noun,[tend]-ency,An inclination to act or think in a particular way.,Xu hướng.
terrain,noun,[terr]-ain,"A stretch of land, especially with regard to its physical features.",Địa hình.
tomorrow,adverb,to-[morrow],On or in the day after today.,Ngày mai.
toxic,adjective,[tox]-ic,Poisonous; capable of causing harm or death.,"Độc, có độc tính."
tropical,adjective,[tropic]-al,"Relating to or characteristic of the tropics, the hot regions near the equator.",Thuộc vùng nhiệt đới.
undoubtedly,adverb,un-[doubt]-ed-ly,Without doubt; certainly.,"Chắc chắn, không nghi ngờ gì."
vegetation,noun,[vegetate]-ion,"Plants collectively, especially those found in a particular area.",Thảm thực vật.
vocational,adjective,[vocation]-al,"Relating to an occupation or specific job skills, especially training for it.","Thuộc về hướng nghiệp, dạy nghề."
volunteer,noun,[volunt]-eer,"A person who freely offers to do something, especially unpaid work for others.",Người tình nguyện.
voyage,noun,[voyage],A long journey involving travel by sea or in space.,"Chuyến hải trình, cuộc hành trình dài."
wiggly,adjective,[wiggle]-y,"Moving with quick, small, side-to-side movements; wavy.","Ngoằn ngoèo, lúc lắc."
accelerate,verb,ac-[celer]-ate,"To increase in speed, or to cause something to happen sooner or more quickly.","Tăng tốc, thúc đẩy nhanh hơn."
agricultural,adjective,[agriculture]-al,Relating to farming and the cultivation of land.,Thuộc về nông nghiệp.
ahead,adverb,a-[head],"In front of, or further forward in space or time.","Ở phía trước, về phía trước."
antarctic,adjective,ant-[arctic],Relating to the region surrounding the South Pole.,Thuộc Nam Cực.
chapter,noun,[chapter],"A main division of a book, usually with its own number or title.",Chương (sách).
deadline,noun,dead-[line],The latest time or date by which something must be completed.,"Hạn chót, thời hạn."
developmental,adjective,[develop]-ment-al,"Relating to the process of growth, progress, or gradual development.",Thuộc về sự phát triển.
dioxide,noun,di-[oxide],A chemical compound containing two atoms of oxygen combined with one atom of another element.,Đioxit (hợp chất chứa hai nguyên tử oxy).
discuss,verb,dis-[cuss],"To talk about a subject in detail, considering different ideas or opinions.","Thảo luận, bàn bạc."
dock,noun,[dock],"An area of water in a port where ships load, unload, or are repaired.","Bến tàu, ụ tàu."
enormously,adverb,[enormous]-ly,To a very great extent; extremely.,"Vô cùng, cực kỳ."
epidemic,noun,epi-[dem]-ic,A widespread occurrence of an infectious disease in a community at a particular time.,Dịch bệnh.
examination,noun,[examine]-ation,"A formal test of knowledge or skill, or a detailed inspection of something.","Kỳ thi, sự kiểm tra."
eyebrow,noun,eye-[brow],The strip of hair growing on the ridge above the eye socket.,Lông mày.
farmland,noun,farm-[land],Land used or suitable for farming.,Đất nông nghiệp.
fifty,determiner,[fif]-ty,The cardinal number equal to five times ten (50).,Số năm mươi (50).
fraction,noun,[fract]-ion,"A small part or amount of something, or a numerical quantity that is not a whole number.",Phân số; một phần nhỏ.
innovative,adjective,in-[nov]-ative,"Introducing new ideas, methods, or products; original and creative.","Đổi mới, sáng tạo."
lab,noun,[lab],A laboratory; a room or building equipped for scientific research or experiments.,Phòng thí nghiệm (viết tắt của laboratory).
momentum,noun,[momentum],"The force or speed that keeps a moving object going, or the driving force gained by a process.",Động lượng; đà (phát triển).
necessity,noun,[necessity],"The state of being essential or unavoidable, or something that is essential.",Sự cần thiết; nhu cầu thiết yếu.
psychologist,noun,psycho-[log]-ist,A person who studies or is trained in the science of the mind and behavior.,Nhà tâm lý học.
recovery,noun,[recover]-y,"The process of returning to a normal state of health, mind, or strength.",Sự phục hồi.
requirement,noun,[require]-ment,"A thing that is needed or wanted, or a necessary condition.","Yêu cầu, điều kiện cần thiết."
shout,verb,[shout],To say something very loudly.,"Hét lên, la hét."
twice,adverb,[twice],two times; on two occasions.,hai lần.
verdict,noun,ver-[dict],"a decision on a disputed issue in a legal case, or a court's judgment.","phán quyết, lời tuyên án của tòa."
worthwhile,adjective,[worth]-[while],"deserving the time, money, or effort spent; of value.","đáng giá, xứng đáng với công sức bỏ ra."
adverbial,adjective,[adverb]-ial,relating to or functioning as an adverb.,(thuộc) trạng từ.
artery,noun,[artery],any of the muscular-walled tubes that carry blood away from the heart.,động mạch.
assumption,noun,[assume]-ption,a thing that is accepted as true or certain without proof.,"giả định, sự phỏng đoán."
biology,noun,bio-[log]-y,the scientific study of living organisms.,sinh học.
ceiling,noun,[ceiling],the upper interior surface of a room.,trần nhà.
center,noun,[center],"the middle point of something, or a place devoted to a particular activity.",trung tâm.
china,noun,[china],"a country in East Asia, the world's most populous country.",Trung Quốc (một quốc gia ở Đông Á).
consistently,adverb,[consist]-ent-ly,in a way that always behaves or happens in the same manner.,"một cách nhất quán, đều đặn."
container,noun,[contain]-er,"an object, such as a box or jar, used to hold or transport something.","thùng chứa, vật đựng."
contamination,noun,[contaminate]-ion,the process of making something impure or poisonous by exposure to a harmful substance.,"sự ô nhiễm, sự nhiễm bẩn."
crutch,noun,[crutch],"a long stick with a support for the armpit, used as an aid in walking.",cái nạng.
distraction,noun,[distract]-ion,a thing that prevents someone from concentrating on something else.,"điều gây xao lãng, sự phân tâm."
ecotourism,noun,eco-[tour]-ism,"tourism directed toward natural environments, intended to support conservation and low environmental impact.",du lịch sinh thái.
enemy,noun,[enemy],a person who is actively opposed or hostile to someone.,"kẻ thù, kẻ địch."
facial,adjective,[face]-ial,relating to or affecting the face.,(thuộc) khuôn mặt.
flexibility,noun,[flexible]-ity,"the quality of bending easily without breaking, or the willingness to adapt to change.",tính linh hoạt.
footprint,noun,[foot]-[print],"the mark left by a foot or shoe; also, the impact or effect that something has (e.g. carbon footprint).","dấu chân; (nghĩa bóng) tác động, dấu ấn để lại."
instal,verb,in-[stall],"to place or fix equipment or software in position, ready for use (variant spelling of ""install"").","cài đặt, lắp đặt."
maximum,adjective,[maximum],"as great, or as high, as is possible or permitted.","tối đa, cực đại."
menu,noun,[menu],"a list of dishes available in a restaurant, or a list of options displayed on a computer screen.",thực đơn; trình đơn (máy tính).
nowhere,adverb,[no]-[where],"in, at, or to no place; not anywhere.","không nơi nào, chẳng ở đâu cả."
objective,noun,[object]-ive,a goal or thing aimed at or wished for.,"mục tiêu, mục đích."
objective,adjective,[object]-ive,not influenced by personal feelings or opinions; based on facts.,khách quan.
outdated,adjective,out-[date]-ed,"no longer useful, current, or fashionable.","lỗi thời, lạc hậu."
plumb,verb,[plumb],to explore or measure something thoroughly in order to understand it (e.g. plumb the depths); to install and fit pipes as a plumber.,"dò sâu, thăm dò kỹ; lắp đặt đường ống nước."
pollination,noun,[pollinate]-ion,"the transfer of pollen from the male to the female part of a flower, enabling fertilization.",sự thụ phấn.
preservation,noun,[preserve]-ation,the action of maintaining something in its original or existing state.,"sự bảo tồn, sự gìn giữ."
provider,noun,[provide]-er,"a person, company, or thing that supplies something needed.",nhà cung cấp.
psychology,noun,psycho-[log]-y,"the scientific study of the human mind and its functions, especially those affecting behavior.",tâm lý học.
refutation,noun,[refute]-ation,the action of proving a statement or theory to be wrong or false.,"sự bác bỏ, sự phản bác."
replicate,verb,re-[plicate],to make an exact copy of something; to reproduce or repeat a result.,"sao chép, nhân bản, lặp lại."
robotic,adjective,[robot]-ic,"relating to or resembling a robot, especially in being mechanical, stiff, or automatic.","(thuộc) rô-bốt, máy móc, cứng nhắc."
stunt,noun,[stunt],"an action displaying spectacular skill and daring, often performed for publicity.","pha mạo hiểm, màn trình diễn nguy hiểm."
stunt,verb,[stunt],to prevent or slow down the growth or development of something.,"kìm hãm, cản trở sự phát triển."
substantial,adjective,sub-[stant]-ial,"of considerable importance, size, or worth.","đáng kể, to lớn, quan trọng."
surroundings,noun,[surround]-ings,"the conditions or area around a person, animal, or place; environment.","môi trường xung quanh, khung cảnh."
theatre,noun,[theatre],a building or outdoor area in which plays and other performances are given.,"nhà hát, rạp hát."
timetable,noun,[time]-[table],a plan that lists the times at which particular events are scheduled to take place.,"thời gian biểu, lịch trình."
typically,adverb,[typical]-ly,"in a way that is characteristic of a particular person, thing, or group; usually.","điển hình, thường thường."
uncertainty,noun,un-[certain]-ty,the state of being uncertain; a lack of sureness about something.,"sự không chắc chắn, sự bất định."
vegetable,noun,[vegetable],"a plant or part of a plant used as food, other than a fruit or seed.","rau, rau củ."
whistle,verb,[whistle],"to produce a clear, high-pitched sound by forcing breath through pursed lips or a device.","huýt sáo, thổi còi."
afterwards,adverb,[after]-wards,at a later or future time; subsequently.,"sau đó, về sau."
award,noun,[award],a prize or other mark of recognition given for an achievement.,giải thưởng.
being,noun,[be]-ing,"a living creature, especially a person; also, the state of existing.","sinh vật, thực thể; (nghĩa khác) sự tồn tại."
competitor,noun,[compete]-itor,"a person, team, or organization that competes against others, especially in business or sport.",đối thủ cạnh tranh.
complexity,noun,[complex]-ity,the state or quality of being intricate or complicated.,sự phức tạp.
consistent,adjective,[consist]-ent,acting or done in the same way over time; not contradictory.,"nhất quán, kiên định."
cultivation,noun,[cultivate]-ion,the preparation and use of land for growing crops; the development of a skill or quality.,"sự canh tác, trồng trọt; sự trau dồi."
daniel,noun,[daniel],"a male given name, of Hebrew origin meaning ""God is my judge"".","tên riêng (nam), nghĩa là ""Chúa là thẩm phán của tôi""."
delicate,adjective,[delicate],very fine in texture or structure; easily broken or damaged; requiring careful handling.,"mỏng manh, tinh tế, dễ vỡ."
destruction,noun,[destruct]-ion,the action or process of causing so much damage to something that it no longer exists.,sự phá hủy.
disruption,noun,[disrupt]-ion,"disturbance or problems that interrupt an event, activity, or process.","sự gián đoạn, sự xáo trộn."
feedback,noun,[feed]-[back],"information about reactions to a product or performance, used as a basis for improvement.","phản hồi, ý kiến đóng góp."
file,noun,[file],"a folder or box for storing loose papers, or a collection of data stored under one name on a computer.",hồ sơ; tệp tin.
file,verb,[file],"to submit or record something officially, or to place documents in order for storage.","nộp, đệ trình (hồ sơ); sắp xếp lưu trữ."
friction,noun,[friction],"the resistance an object encounters when moving over another; also, conflict or disagreement between people.","ma sát; (nghĩa bóng) sự bất hòa, xung đột."
gallery,noun,[gallery],a room or building for the display or sale of works of art.,"phòng trưng bày, phòng triển lãm nghệ thuật."
harmony,noun,[harmony],the state of being in agreement; a pleasing combination or arrangement of different elements.,sự hài hòa; hòa âm.
indispensable,adjective,in-[dispense]-able,absolutely necessary; too important to be without.,"không thể thiếu, thiết yếu."
irreplaceable,adjective,ir-[replace]-able,"too special, rare, or unusual to be replaced.",không thể thay thế.
kindle,verb,[kindle],to light or set on fire; to arouse or inspire an emotion or feeling.,"nhóm (lửa); khơi dậy, gợi lên (cảm xúc)."
lecture,noun,[lecture],"an educational talk given to an audience, especially students.","bài giảng, buổi thuyết trình."
mathematics,noun,[mathematics],"the abstract science of number, quantity, and space.",toán học.
meter,noun,[meter],"the basic unit of length in the metric system; also, a device that measures and records something.",mét (đơn vị đo); đồng hồ đo.
mortar,noun,[mortar],"a mixture of lime or cement with sand and water, used to bind bricks or stones together.",vữa (xây dựng).
neural,adjective,[neur]-al,relating to a nerve or the nervous system.,(thuộc) thần kinh.
officially,adverb,[official]-ly,in a way that is authorized by a person or body in a position of authority.,một cách chính thức.
olympics,noun,[olympics],"an international sporting event held every four years, featuring competitors from many countries.",Thế vận hội Olympic.
oppose,verb,op-[pose],"to disagree with or actively resist a plan, policy, or action.","phản đối, chống lại."
owe,verb,[owe],to have an obligation to pay or repay something to someone.,"nợ, mắc nợ."
penalty,noun,[penal]-ty,"a punishment imposed for breaking a law, rule, or contract.",hình phạt.
piaget,noun,[piaget],"a surname; notably that of Jean Piaget, a Swiss psychologist known for his theory of cognitive development.","họ (tên riêng); tiêu biểu là Jean Piaget, nhà tâm lý học Thụy Sĩ."
pollute,verb,[pollute],"to contaminate an environment, especially with harmful or poisonous substances.",làm ô nhiễm.
recur,verb,re-[cur],to happen again periodically or repeatedly.,"tái diễn, lặp lại."
relatively,adverb,[relative]-ly,to a certain extent; in comparison with something else.,tương đối.
risky,adjective,[risk]-y,"involving the possibility of danger, failure, or loss.","mạo hiểm, rủi ro."
series,noun,[series],a number of similar or related things or events coming one after another.,"chuỗi, loạt."
swell,verb,[swell],"to become larger, rounder, or more inflated, typically due to internal pressure.","sưng lên, phồng lên, gia tăng."
tutor,noun,[tutor],a private teacher who instructs an individual student or a very small group.,gia sư.
unhealthy,adjective,un-[health]-y,not conducive to good health; not physically or mentally well.,"không lành mạnh, không tốt cho sức khỏe."
adjective,noun,ad-[ject]-ive,a word that describes or gives more information about a noun.,tính từ.
ambitious,adjective,[ambition]-ous,having or showing a strong desire for success or achievement.,"có tham vọng, đầy hoài bão."
calculate,verb,[calcul]-ate,to determine mathematically the amount or number of something.,tính toán.
calendar,noun,[calendar],"a chart or series of pages showing the days, weeks, and months of a particular year.",lịch.
chinese,adjective,[china]-ese,"relating to China, or to its people, culture, or language.",(thuộc) Trung Quốc.
chinese,noun,[china]-ese,"the Chinese language, or a native or national of China.",tiếng Trung Quốc; người Trung Quốc.
cultivate,verb,[cultivate],to prepare and use land for growing crops; to try to acquire or develop a skill or quality.,"canh tác, trồng trọt; trau dồi, phát triển (kỹ năng)."
dramatically,adverb,[drama]-tic-ally,in a sudden and striking way.,"một cách kịch tính, đột ngột và rõ rệt."
drown,verb,[drown],"to die, or cause to die, through submersion in and inhalation of water.","chết đuối, làm chết đuối."
eco,adjective,[eco],(informal) concerned with or beneficial to the environment; ecological.,"(thân) thiện với môi trường, sinh thái."
embrace,verb,em-[brace],"to hold someone closely in one's arms; to accept or support a belief, cause, or change willingly.","ôm; đón nhận, chấp nhận (điều gì đó)."
england,noun,[england],"a country that is part of the United Kingdom, in western Europe.",nước Anh.
evolution,noun,e-[volut]-ion,the gradual development of something over time; the process by which species change across generations.,"sự tiến hóa, sự phát triển dần dần."
germ,noun,[germ],"a microorganism, especially one that causes disease.","vi trùng, mầm bệnh."
glow,verb,[glow],"to produce a steady, subdued light without flame or visible heat; to shine softly.","phát sáng, tỏa sáng dịu nhẹ."
imagination,noun,[imagine]-ation,the faculty or action of forming new ideas or images not present to the senses.,trí tưởng tượng.
india,noun,[india],"a country in South Asia, the most populous country in the world.",Ấn Độ.
institutional,adjective,[institution]-al,"relating to an institution or institutions, especially large organizations.","(thuộc) tổ chức, thể chế."
italian,adjective,[italy]-an,"relating to Italy, or to its people, culture, or language.",(thuộc) nước Ý.
italian,noun,[italy]-an,"the Italian language, or a native or national of Italy.",tiếng Ý; người Ý.
jury,noun,[jury],a body of people sworn to give a verdict in a legal case based on the evidence presented.,bồi thẩm đoàn.
lifeboat,noun,[life]-[boat],"a small boat kept aboard a larger ship for use in an emergency, or used to rescue people at sea.",xuồng cứu sinh.
loneliness,noun,[lonely]-ness,the sadness experienced from being without companionship; the state of being alone.,sự cô đơn.
manual,adjective,[manu]-al,"done, operated, or produced by hand rather than automatically or electronically.","(làm) bằng tay, thủ công."
manual,noun,[manu]-al,"a book of instructions, especially for operating a machine or learning a subject.","sách hướng dẫn, cẩm nang."
masterpiece,noun,[master]-[piece],"a work of outstanding artistry, skill, or workmanship.",kiệt tác.
negotiate,verb,[negotiate],to try to reach an agreement or compromise by formal discussion with others.,"đàm phán, thương lượng."
newspaper,noun,[news]-[paper],"a printed publication containing news, articles, and advertising, usually issued daily or weekly.","báo, tờ báo."
ninety,determiner,[nine]-ty,the number equivalent to nine times ten; 90.,chín mươi.
obesity,noun,[obese]-ity,"the condition of being grossly overweight or fat, to the point of harming health.",bệnh béo phì.
pedestrian,noun,[ped]-estrian,a person walking in a street or public place rather than traveling in a vehicle.,người đi bộ.
pedestrian,adjective,[ped]-estrian,lacking in inspiration or excitement; dull and ordinary.,"tầm thường, nhàm chán."
politician,noun,[politic]-ian,"a person actively engaged in politics, especially as a holder of or candidate for an elected office.","chính trị gia, chính khách."
prune,verb,[prune],"to trim a tree, shrub, or plant by cutting away dead or overgrown branches.",cắt tỉa (cây cối).
prune,noun,[prune],a dried plum.,quả mận khô.
quinine,noun,[quinine],"a bitter medicinal compound obtained from the bark of a South American tree, used to treat malaria.",ký ninh (thuốc trị sốt rét).
recipient,noun,re-[cip]-ient,a person or thing that receives something.,người nhận.
relaxation,noun,[relax]-ation,the state of being free from tension and anxiety; rest and leisure.,sự thư giãn.
resistance,noun,[resist]-ance,the refusal to accept or comply with something; the impeding effect one material exerts on another.,sự kháng cự; sức đề kháng.
shoulder,noun,[shoulder],the joint connecting a person's arm to the rest of the body; the upper part of the arm.,vai.
simulator,noun,[simulate]-or,"a machine designed to provide a realistic imitation of the controls and operation of a vehicle or system, used for training.","máy mô phỏng, thiết bị giả lập."
span,verb,[span],"to extend across or over an area, or to last for an entire period of time.","kéo dài qua, bao trùm, trải dài (không gian/thời gian)."
suppose,verb,sup-[pose],"to think that something is probably true or likely, without certain knowledge.","cho rằng, giả sử."
taxation,noun,[tax]-ation,the levying of taxes; the system by which a government raises money through taxes.,"việc đánh thuế, chế độ thuế."
textbook,noun,[text]-[book],"a book used for the study of a particular subject, especially in schools.",sách giáo khoa.
turin,noun,[turin],"a city in northern Italy, the host of the 2006 Winter Olympics.",thành phố Turin (miền bắc nước Ý).
unused,adjective,un-[use]-ed,"not being used; also, not accustomed to something.",chưa được sử dụng; không quen với (điều gì).
vaccine,noun,[vaccine],"a substance used to stimulate immunity to a disease, typically administered by injection.",vắc-xin.
whoever,pronoun,[who]-ever,the person or people who; no matter who.,"bất cứ ai, người mà."
wildfire,noun,[wild]-[fire],"a large, destructive fire that spreads quickly, especially in a rural or forested area.","cháy rừng, hỏa hoạn lan nhanh."
abortion,noun,[abort]-ion,the deliberate termination of a human pregnancy; the premature ending of a process.,sự phá thai; (nghĩa bóng) sự chấm dứt giữa chừng.
adolescent,noun,ad-[olesc]-ent,a young person in the process of developing from a child into an adult.,thanh thiếu niên.
app,noun,[app],a self-contained program or piece of software designed to run on a mobile device.,ứng dụng (phần mềm).
bark,noun,[bark],the tough protective outer covering of a tree's trunk and branches.,vỏ cây.
bark,verb,[bark],"(of a dog) to make a sharp, loud, explosive sound.",sủa (chó).
biologist,noun,bio-[log]-ist,a scientist who studies biology.,nhà sinh vật học.
brilliant,adjective,[brilliant],"exceptionally clever or talented; full of light, sparkling.","xuất sắc, tài giỏi; rực rỡ."
civilization,noun,[civilize]-ation,the stage of human social development considered most advanced; a developed and organized society.,nền văn minh.
communal,adjective,[commune]-al,shared by or belonging to a community; for common use.,"(thuộc về) chung, cộng đồng."
comprehensive,adjective,com-[prehend]-ive,complete and including everything that is necessary; thorough.,"toàn diện, đầy đủ."
dependency,noun,[depend]-ency,the state of relying on or being controlled by someone or something else.,sự phụ thuộc.
deplete,verb,de-[plete],"to use up the supply or resources of something, reducing it significantly.","làm cạn kiệt, tiêu hao."
domain,noun,[domain],an area of territory owned or controlled by someone; a specified sphere of activity or knowledge.,"lĩnh vực; địa hạt, lãnh thổ."
eliminate,verb,e-[limin]-ate,to completely remove or get rid of something.,"loại bỏ, xóa bỏ."
emotionally,adverb,[emotion]-al-ly,in a way that relates to or affects a person's emotions or feelings.,"về mặt cảm xúc, một cách xúc động."
erosion,noun,[erode]-sion,"the gradual wearing away of soil, rock, or land by wind, water, or other natural agents.",sự xói mòn.
except,preposition,ex-[cept],not including; other than.,"ngoại trừ, trừ."
extract,verb,ex-[tract],"to remove or take out something, typically by effort or force.","rút ra, chiết xuất, trích xuất."
extract,noun,ex-[tract],"a short passage taken from a book, film, or piece of music; a concentrated substance derived from a source.",đoạn trích; chất chiết xuất.
fluency,noun,[fluent]-cy,"the ability to speak or write a language easily, accurately, and smoothly.","sự lưu loát, sự trôi chảy (ngôn ngữ)."
fog,noun,[fog],"a thick cloud of tiny water droplets suspended in the atmosphere near the ground, reducing visibility.",sương mù.
framework,noun,[frame]-[work],"a basic structure underlying a system, concept, or piece of text; a supporting structure.","khung, khuôn khổ."
horizon,noun,[horizon],the line at which the earth's surface and the sky appear to meet.,đường chân trời.
influential,adjective,[influence]-tial,having great influence on someone or something.,có ảnh hưởng lớn.
integrate,verb,[integr]-ate,to combine one thing with another so as to form a whole; to bring into full participation.,"hòa nhập, tích hợp."
joint,noun,[joint],"a point at which two or more parts of a structure, or bones in the body, are joined.","khớp (nối), mối nối."
joint,adjective,[joint],"shared, held, or made by two or more people or parties together.","chung, liên kết, phối hợp."
legitimate,adjective,[legitimate],in accordance with the law or with accepted standards or rules,"hợp pháp, chính đáng"
lung,noun,[lung],either of the two organs in the chest used for breathing air,phổi
mastery,noun,[master]-y,comprehensive knowledge or skill in a particular subject or activity,"sự thành thạo, tinh thông"
medication,noun,[medicate]-ion,a drug or other form of medicine used to treat or prevent illness,"thuốc, dược phẩm"
multiply,verb,multi-[ply],to increase greatly in number or amount; to combine numbers to obtain a product,"nhân lên, sinh sôi nảy nở"
orchid,noun,[orchid],"a plant with showy, often exotic flowers, many of which are cultivated",hoa lan
ownership,noun,[own]-er-ship,the state or fact of owning something,quyền sở hữu
preference,noun,[prefer]-ence,a greater liking for one alternative over another or others,"sự ưu tiên, sở thích"
pride,noun,[pride],a feeling of deep pleasure or satisfaction from one's own achievements or qualities,niềm tự hào
reef,noun,[reef],"a ridge of rock, sand, or coral lying beneath the surface of the sea","rạn san hô, đá ngầm"
reflection,noun,re-[flect]-ion,"the throwing back of light, heat, or sound from a surface; serious thought or consideration",sự phản chiếu; sự suy ngẫm
rice,noun,[rice],"the small seeds of a cereal plant, cooked and eaten as a staple food","gạo, cơm"
sally,noun,[sally],a sudden charge made by troops against an enemy from a position of defense,cuộc xuất kích bất ngờ
sheer,adjective,[sheer],complete and total; used for emphasis,"hoàn toàn, tuyệt đối"
timeline,noun,[time]+[line],a graphical representation of a period of time on which important events are marked,"dòng thời gian, mốc thời gian"
unknown,adjective,un-[known],not known or familiar,"không rõ, chưa biết"
viewpoint,noun,[view]+[point],a particular attitude or way of considering an issue,"quan điểm, góc nhìn"
visuals,noun,[visual]-s,"images, films, or displays used to illustrate or accompany something","hình ảnh minh họa, tư liệu hình ảnh"
weekend,noun,[week]+[end],"Saturday and Sunday, the days when many people do not work",cuối tuần
whitney,noun,[Whitney],"an English surname, notably borne by Eli Whitney (inventor of the cotton gin) and the name of Mount Whitney, the highest peak in the contiguous United States","một họ trong tiếng Anh, gắn với nhà phát minh Eli Whitney và núi Whitney, đỉnh núi cao nhất tại Hoa Kỳ lục địa"
accountability,noun,[account]-ability,the fact or condition of being responsible for one's actions and having to explain them,trách nhiệm giải trình
antecedent,noun,ante-[cedent],a thing or event that existed before or logically precedes another,"tiền đề, sự việc có trước"
assemble,verb,as-[semble],"to gather together in one place, especially for a common purpose","tập hợp, lắp ráp"
besides,preposition,be-[side]-s,in addition to; apart from,"ngoài ra, bên cạnh đó"
blaze,noun,[blaze],a very large or fiercely burning fire,"đám cháy dữ dội, ngọn lửa lớn"
breakthrough,noun,[break]+[through],"a sudden, dramatic, and important discovery or development",bước đột phá
buffet,noun,[buffet],a meal consisting of several dishes from which guests serve themselves,tiệc/bàn ăn tự chọn (buffet)
buffet,verb,[buffet],"to strike repeatedly and violently, especially of wind or waves","vùi dập, xô đẩy dữ dội (bởi gió, sóng)"
calculation,noun,[calculate]-ion,the process or result of calculating something mathematically,"phép tính, sự tính toán"
commuter,noun,[commute]-er,a person who travels some distance to work on a regular basis,người đi làm hằng ngày (đường xa)
cove,noun,[cove],a small sheltered bay or inlet on a coastline,"vịnh nhỏ, eo biển nhỏ"
dial,noun,[dial],"a circular device with a numbered or graduated edge, such as the face of a clock or a control on a machine","mặt số, núm vặn (đồng hồ, máy móc)"
disrupt,verb,dis-[rupt],"to interrupt an event, activity, or process by causing disorder or a disturbance","gây gián đoạn, phá vỡ (trật tự)"
documentary,noun,[document]-ary,a movie or television/radio program that provides a factual record or report,phim tài liệu
extraordinary,adjective,extra-[ordinary],very unusual or remarkable,"phi thường, khác thường"
fallow,adjective,[fallow],(of farmland) plowed and left unseeded during a growing season; inactive,"(đất) bỏ hoang, không canh tác"
fiction,noun,[fiction],"literature in prose form, especially novels, describing imaginary events and people","tiểu thuyết, truyện hư cấu"
freshwater,adjective,[fresh]+[water],"(of water) not salty, as found in rivers or lakes rather than the sea",(thuộc) nước ngọt
frighten,verb,[fright]-en,to make someone afraid or anxious,"làm sợ hãi, hù dọa"
infection,noun,in-[fect]-ion,the process of infecting or being infected; a disease caused by germs entering the body,"sự nhiễm trùng, nhiễm bệnh"
lateral,adjective,[lateral],"of, at, toward, or from the side; sideways","(thuộc) bên cạnh, theo chiều ngang"
maybe,adverb,[may]+[be],perhaps; possibly,"có lẽ, có thể"
mixture,noun,[mix]-ture,a substance made by combining two or more different substances,hỗn hợp
motorway,noun,[motor]+[way],"a main road designed for fast-moving traffic, especially one with limited access",đường cao tốc
navigate,verb,[navigate],"to plan and direct the course or route of a ship, aircraft, or other vehicle","điều hướng, dẫn đường"
outdoors,adverb,[out]+[doors],in or into the open air; not indoors,ở ngoài trời
particle,noun,[particle],a very small piece or amount of matter,hạt (vật chất nhỏ)
physic,noun,[physic],"medicine, especially a medicinal remedy or purgative (dated)","thuốc, phương thuốc (cách dùng cổ)"
quota,noun,[quota],a limited or fixed number or amount of people or things allowed,"hạn ngạch, định mức"
religious,adjective,[religious],relating to or believing in a religion; devout,"(thuộc về) tôn giáo, sùng đạo"
repeatedly,adverb,[repeat]-ed-ly,again and again; many times,lặp đi lặp lại nhiều lần
responsibly,adverb,[responsible]-ly,in a way that shows a sense of duty or reliability,một cách có trách nhiệm
revolution,noun,[revolution],a forcible overthrow of a government or social order in favor of a new system; a full circular turn,cuộc cách mạng; vòng quay
session,noun,[session],"a period of time devoted to a particular activity, such as a meeting or class","buổi, phiên (họp, học...)"
setback,noun,[set]+[back],a reversal or check in progress; a problem that delays success,"trở ngại, thất bại tạm thời"
smith,noun,[smith],"a worker in metal, especially one who makes and repairs metal objects by hand (a blacksmith)","thợ rèn, thợ kim loại"
socially,adverb,[social]-ly,in a way relating to society or to social interaction,về mặt xã hội
sophisticate,verb,[sophisticate],"to make more complex, refined, or worldly-wise","làm cho tinh vi, phức tạp hoặc sành sỏi hơn"
tut,interjection,[tut],"used to express mild irritation, impatience, or disapproval","dùng để thể hiện sự khó chịu, không hài lòng nhẹ (tặc lưỡi)"
unite,verb,[unite],to come or bring together for a common purpose or action,"đoàn kết, hợp nhất"
usable,adjective,[use]-able,able to be used,có thể sử dụng được
virus,noun,[virus],an infective agent that replicates inside living cells and can cause disease; a piece of malicious computer code,vi-rút (sinh học hoặc máy tính)
vision,noun,[vision],the faculty or state of being able to see; the ability to think about or plan the future with imagination,thị lực; tầm nhìn
wolf,noun,[wolf],a wild carnivorous mammal related to the dog that lives and hunts in packs,chó sói
wolf,verb,[wolf],to eat food quickly and greedily,"ăn ngấu nghiến, ăn nhanh và tham lam"
addiction,noun,[addict]-ion,the fact or condition of being addicted to a substance or activity,chứng nghiện
adj,noun,[adj],"an abbreviation for 'adjective', used especially in dictionaries and grammar references","viết tắt của 'tính từ' (adjective), thường dùng trong từ điển"
advert,noun,[advert],"a paid announcement promoting a product, event, or service (British informal, short for 'advertisement')","quảng cáo (cách gọi tắt, tiếng Anh Anh)"
agency,noun,[agent]-cy,a business or organization providing a particular service on behalf of another,"cơ quan, đại lý"
applause,noun,ap-[plause],"approval expressed by a group of people, typically by clapping",tiếng vỗ tay tán thưởng
archive,noun,[archive],"a collection of historical documents or records, or the place where they are kept",kho lưu trữ
aside,adverb,a-[side],to or toward one side; away from the main point,"sang một bên, ra ngoài lề"
bloodstream,noun,[blood]+[stream],the blood flowing through the body of a living being,"dòng máu, huyết lưu"
carelessly,adverb,[care]-less-ly,in a careless manner; without sufficient attention or thought,một cách bất cẩn
certainty,noun,[certain]-ty,the state of being certain; a fact that is known for sure,sự chắc chắn
chronic,adjective,[chronic],(of an illness or problem) persisting for a long time or constantly recurring,"mãn tính, kéo dài"
click,verb,[click],"to make a short, sharp sound, or to press and release a button on a computer mouse","nhấp (chuột), phát ra tiếng tách"
client,noun,[client],a person or organization using the services of a professional person or company,"khách hàng, thân chủ"
constitute,verb,con-[stitute],to be a part of a whole; to be legally or officially considered as something,"cấu thành, tạo nên"
contaminate,verb,[contaminate],to make something impure by exposure to a poisonous or polluting substance,"làm ô nhiễm, làm nhiễm bẩn"
corruption,noun,cor-[rupt]-ion,dishonest or fraudulent conduct by those in power; the process of being made morally corrupt,"tham nhũng, sự tha hóa"
criterion,noun,[criterion],a principle or standard by which something may be judged or decided,tiêu chí
dam,noun,[dam],"a barrier constructed to hold back water and raise its level, forming a reservoir",đập nước
echo,noun,[echo],"a sound caused by the reflection of sound waves off a surface, heard again after the original sound","tiếng vang, tiếng vọng"
electronic,adjective,[electron]-ic,relating to or operating by devices with small components that control electric current,(thuộc) điện tử
estimate,verb,[estimate],"to roughly calculate or judge the value, number, or quantity of something",ước tính
european,adjective,[Europe]-an,"relating to Europe or its people, languages, or culture",(thuộc) châu Âu
european,noun,[Europe]-an,a person from Europe,người châu Âu
exit,noun,[exit],"a way out of a building, room, or vehicle",lối ra
financially,adverb,[financial]-ly,in relation to finance or money matters,về mặt tài chính
flynn,noun,[Flynn],"an Irish surname, notably borne by the actor Errol Flynn",một họ gốc Ireland (ví dụ diễn viên Errol Flynn)
forceps,noun,[forceps],"a metal instrument with two blades and handles, resembling pincers, used for grasping and holding objects, especially in surgery","kẹp phẫu thuật, kẹp gắp"
frontier,noun,[front]-ier,a line or border separating two countries; the extreme limit of settled or explored territory,"biên giới, ranh giới (vùng biên)"
hop,verb,[hop],"to jump on one leg, or (of an animal) to move by jumping with all feet at once","nhảy lò cò, nhảy"
idle,adjective,[idle],not working or in use; avoiding work; lazy,"nhàn rỗi, lười biếng"
inaccurate,adjective,in-[accurate],not accurate; containing errors,không chính xác
inspection,noun,[inspect]-ion,careful examination or scrutiny of something,"sự kiểm tra, thanh tra"
literacy,noun,[literate]-cy,the ability to read and write,"khả năng đọc viết, trình độ văn hóa"
mainland,noun,[main]+[land],"a large continuous extent of land forming the main part of a country, as distinct from offshore islands","đất liền, lục địa (khác đảo)"
mar,verb,[mar],to impair the appearance or quality of something; to spoil,"làm hỏng, làm giảm giá trị"
nay,adverb,[nay],"used to introduce a stronger, more accurate word than one just used; or (archaic) no",dùng để giới thiệu một từ mạnh hơn/chính xác hơn; hoặc (cổ) không
oar,noun,[oar],"a pole with a flat blade, used to row or steer a boat",mái chèo
opponent,noun,op-[ponent],"a person who competes against or opposes another in a contest, fight, or argument",đối thủ
orchestra,noun,[orchestra],a large group of musicians who play together on various instruments,dàn nhạc giao hưởng
perception,noun,[perception],"the ability to see, hear, or become aware of something through the senses; a way of understanding or interpreting something","nhận thức, cách nhìn nhận"
possibly,adverb,[possible]-ly,perhaps; maybe,"có thể, có lẽ"
producer,noun,[produce]-er,"a person or company that makes goods, or oversees the making of a film, show, or recording",nhà sản xuất
publication,noun,[publication],"the action of publishing something, or a book, magazine, or other published work","sự xuất bản, ấn phẩm"
pyramid,noun,[pyramid],"a monumental structure with a square base and sloping sides meeting at a point, especially an ancient Egyptian royal tomb",kim tự tháp
reliability,noun,[reliable]-ity,the quality of being trustworthy or of performing consistently well,độ tin cậy
resolution,noun,[resolution],a firm decision to do or not do something; a formal expression of opinion agreed on by a group,"quyết tâm, nghị quyết"
rigid,adjective,[rigid],unable to bend or be forced out of shape; strict and inflexible,"cứng nhắc, cứng rắn"
shaft,noun,[shaft],"a long, narrow part or handle of a tool or weapon; a vertical or sloping passage, such as in a mine or elevator","cán, trục; giếng đứng (thang máy, mỏ)"
sled,noun,[sled],a vehicle on runners used for traveling over snow or ice,xe trượt tuyết
stockroom,noun,[stock]+[room],a room in which stock or goods are stored,"kho hàng, phòng chứa hàng"
texting,noun,[text]-ing,the action or practice of sending text messages via mobile phone,việc nhắn tin
unplanned,adjective,un-[plan]-ned,not planned; happening without prior planning,"không có kế hoạch, ngoài dự kiến"
upbringing,noun,[up]+[bring]-ing,the way in which a child is cared for and taught how to behave while growing up,"sự nuôi dạy, giáo dục thời thơ ấu"
vault,noun,[vault],"a secure room used for storing valuables, or an arched roof or ceiling","hầm chứa (tiền, đồ quý); mái vòm"
vault,verb,[vault],"to jump over something in a single motion, typically using the hands or a pole for support",nhảy qua (chống tay hoặc dùng sào)
adaptation,noun,[adapt]-ation,the process of adapting or being adapted; a film or show based on a book or other work,sự thích nghi; bản chuyển thể
addictive,adjective,[addict]-ive,causing addiction; tending to make someone psychologically dependent,gây nghiện
annual,adjective,[annual],occurring once every year,"hàng năm, thường niên"
applicant,noun,[applicant],"a person who applies for or formally requests something, such as a job","người nộp đơn, ứng viên"
appreciate,verb,[appreciate],to recognize the value or worth of something; to be grateful for something,"đánh giá cao, trân trọng"
battery,noun,[batter]-y,a container consisting of one or more cells in which chemical energy is converted into electricity,"pin, ắc quy"
cairo,noun,[Cairo],the capital and largest city of Egypt,thủ đô và thành phố lớn nhất của Ai Cập
claw,noun,[claw],"a curved, pointed, horny nail on the foot of a bird or animal",móng vuốt
collaborate,verb,col-[labor]-ate,to work jointly with others on an activity or project,"hợp tác, cộng tác"
comfortably,adverb,[comfortable]-ly,in a comfortable manner; without financial difficulty,"một cách thoải mái, dễ chịu"
contrary,adjective,[contrary],"opposite in nature, direction, or meaning","trái ngược, ngược lại"
darrow,noun,[Darrow],"an English surname, notably borne by Clarence Darrow, a famous American lawyer","một họ tiếng Anh, gắn với luật sư người Mỹ Clarence Darrow"
drill,noun,[drill],"a tool or machine with a rotating point or edge, used for boring holes",máy khoan
duration,noun,[duration],the length of time during which something continues,"thời lượng, khoảng thời gian"
electrical,adjective,[electric]-al,"concerned with, powered by, or producing electricity",(thuộc) điện
ensemble,noun,[ensemble],"a group of items, musicians, or performers viewed or performing as a whole","nhóm (nhạc công, trang phục...) hoạt động cùng nhau"
evening,noun,[even]-ing,"the period of time at the end of the day, from about 6 p.m. until bedtime",buổi tối
exclude,verb,ex-[clude],"to deny access to or bar from a place, group, or privilege","loại trừ, không cho tham gia"
fatigue,noun,[fatigue],extreme tiredness resulting from physical or mental exertion,sự mệt mỏi
fledgling,noun,[fledge]-ling,a young bird that has just grown its flight feathers; an inexperienced person or organization,chim non mới ra ràng; (người/tổ chức) còn non trẻ
ford,noun,[ford],a shallow place in a river or stream that allows it to be crossed by wading or driving through,chỗ nước cạn để lội/băng qua sông
foster,verb,[foster],to encourage the development of something; to care for a child that is not one's own by birth,"nuôi dưỡng, khuyến khích phát triển"
foster,adjective,[foster],"involved in raising a child who is not one's own by birth, without formal adoption",(cha mẹ/con) nuôi (không chính thức nhận nuôi)
hose,noun,[hose],a flexible tube used for conveying water or other liquids,"vòi, ống dẫn nước"
indefinitely,adverb,in-[definite]-ly,for an unlimited or unspecified period of time,vô thời hạn
intact,adjective,[intact],not damaged or broken; complete,còn nguyên vẹn
interruption,noun,inter-[rupt]-ion,"an act of interrupting, or the state of being interrupted","sự gián đoạn, sự ngắt quãng"
japan,noun,[Japan],"a country in East Asia, an island nation in the Pacific Ocean","một quốc gia ở Đông Á, quốc đảo trên Thái Bình Dương (Nhật Bản)"
john,noun,[john],informal (especially North American) term for a toilet,"(thông tục, đặc biệt ở Bắc Mỹ) nhà vệ sinh"
kia,noun,[KIA],"an abbreviation for 'killed in action', describing a member of the armed forces who died while fighting","viết tắt của 'tử trận' (killed in action), chỉ quân nhân hy sinh khi chiến đấu"
landmark,noun,[land]+[mark],an object or feature of a landscape easily recognized from a distance; a significant event or achievement,"địa danh, mốc quan trọng"
locally,adverb,[local]-ly,"in or to a particular area, especially the one where one lives","tại địa phương, ở khu vực gần đó"
lonely,adjective,[lone]-ly,sad because one has no friends or company; isolated,"cô đơn, hiu quạnh"
millennium,noun,[millennium],a period of one thousand years,thiên niên kỷ
minimum,noun,[minimum],the least or smallest amount or quantity possible,mức tối thiểu
nourishment,noun,[nourish]-ment,"the food or substances necessary for growth, health, and good condition; the act of nourishing",chất dinh dưỡng; sự nuôi dưỡng
optimistic,adjective,[optimist]-ic,hopeful and confident about the future or the success of something,lạc quan
permission,noun,per-[mission],"the act of allowing someone to do something, or formal consent to do so",sự cho phép
pioneer,noun,[pioneer],"a person who is among the first to explore or settle a new area, or to develop a new idea or activity","người tiên phong, người đi đầu"
potentially,adverb,[potential]-ly,possibly; in a way that may happen or exist in the future,"một cách tiềm tàng, có thể xảy ra"
provision,noun,pro-[vision],"the act of providing or supplying something for future use, or a stipulation in a document","sự cung cấp, sự chuẩn bị; điều khoản"
repetitive,adjective,[repetitive],"done or happening many times in the same way, often in a boring manner","lặp đi lặp lại, nhàm chán"
sensitivity,noun,[sensitive]-ity,"the quality of being easily affected, hurt, or offended; responsiveness to a stimulus",sự nhạy cảm
skim,verb,[skim],"to read something quickly to get the main points, or to remove a substance from the surface of a liquid",đọc lướt; hớt (bọt/váng)
specifically,adverb,[specific]-ally,in a way that relates exactly to one particular thing,một cách cụ thể
stereotype,noun,stereo-[type],a widely held but oversimplified and fixed idea of a particular type of person or thing,"định kiến, khuôn mẫu rập khuôn"
stimulation,noun,[stimulate]-ion,"the action of arousing interest, enthusiasm, or activity in something",sự kích thích
theft,noun,[theft],the action or crime of stealing something,hành vi trộm cắp
turbulence,noun,[turbulence],"violent or unsteady movement of air or water, or a state of conflict and confusion","sự hỗn loạn, nhiễu động"
unnoticed,adjective,un-[notice]-ed,not observed or paid attention to,"không bị chú ý, không bị phát hiện"
unwanted,adjective,un-[want]-ed,not desired or wished for,không mong muốn
urbanization,noun,[urban]-ization,the process by which more people move from rural areas to live in cities,quá trình đô thị hóa
wisdom,noun,[wise]-dom,"the quality of having knowledge, experience, and good judgment","sự khôn ngoan, trí tuệ"
acknowledge,verb,ac-[knowledge],to accept or admit that something is true or exists; to show recognition of,"thừa nhận, công nhận"
anxious,adjective,[anxious],"feeling or showing worry, nervousness, or unease","lo lắng, lo âu"
appetite,noun,[appetite],"a natural desire to eat food, or a strong desire for something",sự thèm ăn; sự ham muốn
apprentice,noun,[apprentice],a person who is learning a trade from a skilled employer,người học việc
archaeologist,noun,[archaeology]-ist,a person who studies human history through the excavation of sites and analysis of artifacts,nhà khảo cổ học
arid,adjective,[arid],having little or no rain; too dry to support vegetation,"khô cằn, khô hạn"
attribute,noun,[attribute],a quality or feature regarded as a characteristic of someone or something,"đặc điểm, thuộc tính"
attribute,verb,[attribute],to regard something as being caused by a particular person or thing,"quy cho, gán cho (nguyên nhân)"
bacteria,noun,[bacteria],"microscopic single-celled organisms, some of which cause disease",vi khuẩn
blog,noun,[blog],"a regularly updated website or web page, typically run by an individual, written in an informal style","nhật ký trực tuyến, blog"
canada,noun,[Canada],a country in North America,Canada (quốc gia ở Bắc Mỹ)
capability,noun,[capable]-ity,the ability to do something,"khả năng, năng lực"
celsius,adjective,[Celsius],relating to or using a temperature scale on which water freezes at 0 degrees and boils at 100 degrees,(thang đo) độ C
chaos,noun,[chaos],complete disorder and confusion,sự hỗn loạn
citation,noun,[cite]-ation,"a quotation from or reference to a book, paper, or author; an official summons or reference",sự trích dẫn; giấy triệu tập
clerk,noun,[clerk],"a person employed in an office, shop, or bank to keep records or perform administrative duties","nhân viên văn phòng, thư ký"
complaint,noun,[complain]-t,a statement that something is unsatisfactory; an expression of dissatisfaction,"lời phàn nàn, đơn khiếu nại"
consistency,noun,[consistent]-cy,the quality of always behaving or performing in the same way; the degree of thickness or firmness of a substance,tính nhất quán; độ đặc/sệt
coordination,noun,[coordinate]-ion,the organization of different elements to work together effectively; the ability to move body parts smoothly together,"sự phối hợp, điều phối"
corporate,adjective,[corporate],relating to a large company or group of companies,"thuộc về công ty, tập đoàn"
corporation,noun,[corporation],a large company or group of companies authorized to act as a single legal entity,"công ty, tập đoàn (pháp nhân)"
craftsman,noun,[craft]-s-[man],a skilled worker who makes things by hand,thợ thủ công lành nghề
diagnose,verb,[diagnose],to identify the nature of an illness or problem by examining its symptoms,chẩn đoán
dozen,noun,[dozen],a group of twelve,một tá (mười hai)
endlessly,adverb,[end]-less-ly,in a way that seems to have no end; continually,"một cách vô tận, không ngừng"
era,noun,[era],a long and distinct period of history with a particular feature or characteristic,"kỷ nguyên, thời đại"
essentially,adverb,[essential]-ly,used to emphasize the most important aspect of something; basically,"về cơ bản, chủ yếu là"
exhaustion,noun,[exhaust]-ion,extreme tiredness; the state of being completely drained of energy or resources,"sự kiệt sức, sự cạn kiệt"
familiarity,noun,[familiar]-ity,close acquaintance with or knowledge of something; a friendly relationship,sự quen thuộc; sự thân mật
finding,noun,[find]-ing,information discovered as the result of an inquiry or investigation,"phát hiện, kết quả nghiên cứu"
firebreak,noun,[fire]-[break],a strip of cleared land made to prevent the spread of a fire,dải đất trống ngăn lửa
france,noun,[France],a country in Western Europe,Pháp (quốc gia ở Tây Âu)
greek,adjective,[Greek],"relating to Greece, its people, or their language",thuộc về Hy Lạp
headache,noun,[head]-[ache],a continuous pain in the head; a difficult or troublesome problem,đau đầu; vấn đề rắc rối
hierarchy,noun,[hierarchy],a system in which people or things are ranked according to relative status or authority,"hệ thống thứ bậc, tôn ti trật tự"
hub,noun,[hub],"the central and most important part of an area, organization, or system; the central part of a wheel","trung tâm, đầu mối"
inch,noun,[inch],a unit of linear measure equal to one twelfth of a foot (2.54 cm),"inch (đơn vị đo chiều dài, ~2.54cm)"
individually,adverb,[individual]-ly,"separately, rather than as a group","một cách riêng lẻ, từng cá nhân"
january,noun,[January],the first month of the year,tháng Một (tháng Giêng)
journeyman,noun,[journey]-[man],a skilled worker qualified in a trade but not yet a master; a competent but not outstanding worker,thợ lành nghề (đã học xong nhưng chưa phải bậc thầy)
juvenile,adjective,[juvenile],relating to or characteristic of young people; not yet adult,"(thuộc) vị thành niên, trẻ tuổi"
ledger,noun,[ledger],a book or other collection of financial accounts of a particular type,sổ cái (kế toán)
leo,noun,[Leo],"a constellation and zodiac sign (the Lion), covering approximately July 23 to August 22",cung Sư Tử (chòm sao)
lifetime,noun,[life]-[time],the duration of a person's life or the existence of something,"cả đời, suốt đời"
limitation,noun,[limit]-ation,"a restriction on the size, extent, or nature of something; a shortcoming","giới hạn, hạn chế"
linguist,noun,[linguist],a person who studies linguistics or who is skilled in foreign languages,nhà ngôn ngữ học
magma,noun,[magma],hot fluid or semi-fluid rock beneath the earth's surface,magma (đá nóng chảy dưới lòng đất)
manchester,noun,[Manchester],a city in northwest England,Manchester (thành phố ở Anh)
mandatory,adjective,[mandate]-ory,required by law or rule; compulsory,bắt buộc
moisture,noun,[moist]-ure,"water or other liquid diffused in small quantities, as vapor, within a solid, or condensed on a surface","độ ẩm, hơi ẩm"
mr,noun,[Mr],a title used before a man's surname or full name,ông (danh xưng trước tên nam giới)
nepal,noun,[Nepal],"a country in South Asia, in the Himalayas",Nepal (quốc gia ở Nam Á)
neutral,adjective,[neutral],not supporting or helping either side in a conflict or disagreement; without strong or positive characteristics,trung lập; trung tính
noticeably,adverb,[notice]-ably,in a way that is easily seen or noticed,"một cách đáng chú ý, rõ rệt"
novelty,noun,[novel]-ty,"the quality of being new, original, or unusual; a small toy or cheap ornament",tính mới lạ; đồ chơi/vật lưu niệm nhỏ
nursery,noun,[nurse]-ry,a room or area designated for young children; a place where young plants are grown for sale,nhà trẻ; vườn ươm cây
outsource,verb,out-[source],to obtain goods or services from an outside supplier rather than from an internal source,"thuê ngoài, gia công ngoài"
quay,noun,[quay],a structure built along the edge of water where boats load and unload,"bến tàu, cầu cảng"
receiver,noun,[receive]-er,"a person or device that receives something, such as a telephone handset or radio apparatus",người nhận; ống nghe/máy thu
recognize,verb,[recognize],to identify someone or something from having encountered them before; to acknowledge formally,"nhận ra, nhận biết; công nhận"
reflex,noun,re-[flex],an action performed without conscious thought as an automatic response to a stimulus,phản xạ
regulatory,adjective,[regulate]-ory,"relating to or having the power to regulate something, especially with rules or laws","thuộc về quy định, mang tính điều tiết"
rehabilitation,noun,[rehabilitate]-ion,"the action of restoring someone to health or normal life through training, after imprisonment, addiction, or illness","sự phục hồi chức năng, tái hòa nhập"
rivalry,noun,[rival]-ry,a state or situation of competing with someone,"sự ganh đua, sự cạnh tranh"
skeleton,noun,[skeleton],the internal framework of bones supporting the body of a person or animal; a basic structural framework,bộ xương; khung sườn cơ bản
smartphone,noun,[smart]-[phone],a mobile phone with advanced computing capability and internet access,điện thoại thông minh
sociable,adjective,[sociable],friendly and enjoying the company of others,"hòa đồng, thích giao du"
spontaneous,adjective,[spontaneous],"performed or occurring as a result of a sudden inner impulse, without premeditation","tự phát, ngẫu hứng"
stack,noun,[stack],"a pile of objects, typically one that is neatly arranged","chồng, đống (xếp gọn)"
stadium,noun,[stadium],a large usually roofless building with tiers of seats for spectators at sports events,sân vận động
swap,verb,[swap],to exchange one thing for another,"trao đổi, đổi chác"
therapy,noun,[therapy],"treatment intended to relieve or heal a physical, mental, or emotional disorder","liệu pháp, trị liệu"
threshold,noun,[threshold],a strip forming the bottom of a doorway; the level or point at which something begins to happen,ngưỡng cửa; ngưỡng (giới hạn bắt đầu)
tissue,noun,[tissue],an aggregate of cells with a similar structure and function in an organism; a soft absorbent paper,"mô (sinh học); giấy lụa, khăn giấy"
trunk,noun,[trunk],the main stem of a tree; the main part of the body apart from the head and limbs; a large storage box; an elephant's long nose,thân cây; thân người; rương (hòm); vòi voi
ultimate,adjective,[ultimate],being or happening at the end of a process; the best or most extreme example of its kind,"cuối cùng, tối hậu; tột bậc"
van,noun,[van],a medium-sized motor vehicle used for transporting goods,"xe tải nhỏ, xe van"
vietnam,noun,[Vietnam],a country in Southeast Asia,Việt Nam (quốc gia ở Đông Nam Á)
whichever,determiner,[which]-ever,"used to refer to any one of a set of alternatives, no matter which","bất cứ cái nào, dù là cái nào"
willingness,noun,[willing]-ness,the quality of being ready or eager to do something,sự sẵn lòng
withhold,verb,with-[hold],to refuse to give something that is due or expected; to keep something back,"giữ lại, từ chối cung cấp"
yellowstone,noun,[yellow]-[stone],"a national park in the western United States, known for its geysers and wildlife",Yellowstone (vườn quốc gia ở Mỹ)
abstract,adjective,[abstract],"existing in thought or as an idea, rather than having a physical or concrete existence",trừu tượng
abstract,noun,[abstract],"a summary of the contents of a book, article, or speech",bản tóm tắt
abundant,adjective,[abundant],existing or available in large quantities; plentiful,"dồi dào, phong phú"
accordingly,adverb,[according]-ly,in a way that is appropriate to the particular circumstances; consequently,cho phù hợp; do đó
africa,noun,[Africa],a continent,châu Phi
agar,noun,[agar],"a gelatinous substance obtained from red algae, used to culture microorganisms and in cooking","thạch agar (dùng nuôi cấy vi sinh, nấu ăn)"
aircraft,noun,[air]-[craft],"a machine capable of flight, such as an airplane or helicopter","máy bay, tàu bay (nói chung)"
altitude,noun,[altitude],the height of an object or point in relation to sea level or ground level,độ cao (so với mực nước biển)
appositives,noun,ap-[posit]-ive-s,"noun phrases placed next to another noun phrase to further identify or describe it, a grammar term",danh ngữ đồng vị (thuật ngữ ngữ pháp)
arguably,adverb,[argue]-ably,"used to indicate that a statement is probably correct, although not certainly so","có thể lập luận rằng, có lẽ là"
atrophy,noun,[atrophy],"the gradual decline in effectiveness or vigor due to underuse, especially the wasting away of body tissue","sự teo (cơ, mô); sự suy yếu dần"
bangladesh,noun,[Bangladesh],a country in South Asia,Bangladesh (quốc gia ở Nam Á)
baton,noun,[baton],"a thin stick, especially one used by a conductor to direct an orchestra or passed between runners in a relay race",gậy chỉ huy; gậy tiếp sức; dùi cui
cart,noun,[cart],"a vehicle with wheels, typically pulled by a horse or pushed by hand, used for carrying loads","xe đẩy, xe kéo"
chronological,adjective,[chronology]-ical,(of a record of events) arranged in the order in which they occurred,theo thứ tự thời gian
cigarette,noun,[cigar]-ette,a thin cylinder of finely cut tobacco rolled in paper for smoking,điếu thuốc lá
clause,noun,[clause],a unit of grammatical organization containing a subject and predicate; a distinct section of a legal document,mệnh đề (ngữ pháp); điều khoản (pháp lý)
competent,adjective,[competent],"having the necessary ability, knowledge, or skill to do something successfully","có năng lực, đủ khả năng"
constructive,adjective,[construct]-ive,(of a comment or criticism) useful and intended to help or improve something,mang tính xây dựng
contradict,verb,[contradict],to deny the truth of a statement by asserting the opposite; to be inconsistent with,"mâu thuẫn, phủ nhận, trái ngược"
credibility,noun,[credible]-ity,the quality of being believable or trustworthy,sự đáng tin cậy
doorway,noun,[door]-[way],an opening into a room or building where a door is located,"lối vào cửa, khung cửa"
elaborate,adjective,e-[labor]-ate,involving many carefully arranged parts or details; detailed and complicated in design,"phức tạp, cầu kỳ, chi tiết"
elaborate,verb,e-[labor]-ate,"to develop or present a theory, plan, or idea in further detail","trình bày/giải thích chi tiết, phát triển thêm"
election,noun,[elect]-ion,a formal process of voting to choose a person for a position or office,cuộc bầu cử
eucalyptus,noun,[eucalyptus],"a fast-growing evergreen tree native to Australia, valued for its wood, oil, and gum",cây bạch đàn
excess,noun,[excess],"an amount of something that is more than necessary, permitted, or desirable","sự dư thừa, phần vượt mức"
excess,adjective,[excess],"more than is necessary, normal, or desirable","dư thừa, quá mức"
expedition,noun,[expedite]-ion,"a journey undertaken by a group of people with a particular purpose, especially exploration or research","cuộc thám hiểm, đoàn thám hiểm"
exploitation,noun,[exploit]-ation,the action of using someone or something unfairly for one's own benefit; the action of making full use of a resource,sự bóc lột; sự khai thác
firework,noun,[fire]-[work],"a device that explodes to produce a display of light and noise, used for entertainment",pháo hoa
footstep,noun,[foot]-[step],"a step taken in walking, or the sound it makes","bước chân, tiếng bước chân"
haul,verb,[haul],to pull or drag something heavy with effort,"kéo, lôi (vật nặng)"
helmet,noun,[helm]-et,a hard hat worn to protect the head,mũ bảo hiểm
highlight,verb,[high]-[light],to draw special attention to something,"làm nổi bật, nhấn mạnh"
highlight,noun,[high]-[light],"the most interesting, memorable, or important part of something",điểm nổi bật
hydroponic,adjective,[hydroponic],"relating to the growing of plants in water containing dissolved nutrients, without soil",(thuộc) thủy canh
implication,noun,[implicate]-ion,a conclusion that can be drawn from something although it is not explicitly stated; involvement in something,"hàm ý, ngụ ý; sự liên can"
imply,verb,im-[ply],to suggest or indicate something without stating it directly,"ngụ ý, ám chỉ"
incident,noun,[incident],"an event or occurrence, especially one that is unusual or unpleasant","sự việc, vụ việc"
instructor,noun,[instruct]-or,a person who teaches a skill or activity,"người hướng dẫn, huấn luyện viên"
insulation,noun,[insulate]-ion,"material used to prevent the loss of heat, sound, or electricity; the process of insulating",vật liệu cách nhiệt/cách âm/cách điện; sự cách ly
investor,noun,[invest]-or,"a person who invests money in something, such as property or a business, to profit financially",nhà đầu tư
irrigation,noun,[irrigate]-ion,"the supply of water to land or crops to help growth, typically by means of channels",sự tưới tiêu
knot,noun,[knot],a fastening made by looping a piece of string or rope and tightening it; a unit of speed for ships and aircraft,nút (dây); hải lý/giờ (đơn vị tốc độ)
louisa,noun,[Louisa],a female given name,Louisa (tên riêng nữ giới)
lucky,adjective,[luck]-y,"having, bringing, or resulting from good luck",may mắn
mammal,noun,[mammal],"a warm-blooded vertebrate animal that has hair or fur, and whose females produce milk to feed their young",động vật có vú
marble,noun,[marble],a hard crystalline rock used in sculpture and building; a small ball used in children's games,đá cẩm thạch; viên bi (đồ chơi)
migrate,verb,[migrate],(of animals) to move from one region or habitat to another according to the season; (of people) to move to settle in a new place,di cư
military,adjective,[military],relating to soldiers or the armed forces,thuộc về quân sự
military,noun,[military],the armed forces of a country,quân đội
mimic,verb,[mimic],"to imitate someone or something closely, especially for comic effect","bắt chước, nhại lại"
nourish,verb,[nourish],"to provide a person, animal, or plant with the food necessary for growth and health",nuôi dưỡng
peninsula,noun,[peninsula],a piece of land almost surrounded by water or projecting out into a body of water,bán đảo
prospect,noun,[prospect],the possibility or likelihood of some future event occurring; a person or thing considered as a future possibility,"triển vọng, khả năng; đối tượng tiềm năng"
queue,noun,[queue],a line of people or vehicles waiting for their turn to be attended to or to proceed,hàng người hoặc xe cộ đang xếp hàng chờ đến lượt
queue,verb,[queue],to line up and wait in a queue,xếp hàng chờ đợi
reasonably,adverb,[reason]-ably,to a fair or moderate degree; sensibly,"một cách hợp lý, vừa phải"
reckless,adjective,[reck]-less,acting without thinking about the danger or harmful consequences of one's actions,"liều lĩnh, bất cẩn, không nghĩ đến hậu quả"
rehearsal,noun,[rehearse]-al,"a practice performance or run-through of a play, concert, or other event before it is presented to the public","buổi diễn tập, buổi tập dượt"
reliably,adverb,[rely]-ably,in a way that can be trusted or depended on; consistently,"một cách đáng tin cậy, ổn định"
resemble,verb,[resemble],to look or be similar to someone or something else,"giống với, trông giống"
resilient,adjective,[resilient],able to recover quickly from difficulties or withstand adverse conditions,"có khả năng phục hồi nhanh, kiên cường"
restoration,noun,[restore]-ation,the act of returning something to its former or original condition,"sự khôi phục, phục chế"
rigorous,adjective,[rigor]-ous,"extremely thorough, careful, and exact","nghiêm ngặt, kỹ lưỡng"
robbery,noun,[rob]-bery,the crime of taking property unlawfully from a person or place by force or threat,"vụ cướp, tội cướp của"
scarce,adjective,[scarce],insufficient for the demand; not easily found,"khan hiếm, hiếm có"
similarity,noun,[similar]-ity,the state of being similar to something else; a resemblance,"sự giống nhau, sự tương đồng"
speedboat,noun,[speed]-[boat],a motorboat designed to travel at high speed,"xuồng máy tốc độ cao, ca nô cao tốc"
sponge,noun,[sponge],"a piece of soft, light, porous material used for washing or absorbing liquid","miếng bọt biển (dùng để lau chùi, thấm nước)"
surveillance,noun,[surveillance],"close and continuous observation of a person or place, especially by police or authorities","sự giám sát, theo dõi"
syllabus,noun,[syllabus],an outline of the topics to be covered in a course of study,"đề cương môn học, giáo trình"
taxpayer,noun,[tax]-[pay]-er,a person who pays taxes,người đóng thuế
teeth,noun,[teeth],"the irregular plural form of ""tooth""; the hard white structures in the mouth used for biting and chewing","răng (số nhiều của ""tooth"")"
telephone,noun,tele-[phone],a device used to transmit voice communication over a distance,điện thoại
telescope,noun,tele-[scope],an optical instrument used to make distant objects appear closer and larger,"kính viễn vọng, kính thiên văn"
terrible,adjective,[terrible],very bad or unpleasant; extremely serious or severe,"kinh khủng, tồi tệ"
topsoil,noun,[top]-[soil],"the upper, most fertile layer of soil",lớp đất mặt (màu mỡ nhất)
tuition,noun,[tuition],"the fee charged for instruction, especially at a school or university",học phí
unchecked,adjective,un-[check]-ed,"not controlled, restrained, or inspected","không được kiểm soát, không được kiểm tra"
uncontrolled,adjective,un-[control]-ed,not controlled or restrained; happening freely without limits,"không được kiểm soát, không kiềm chế"
union,noun,[union],"the act of joining things together, or an organized association of people, such as a trade union","sự liên minh, hiệp hội; công đoàn"
unpaid,adjective,un-[paid],"(of work) done without being paid, or (of a bill) not yet settled",không được trả lương / (hóa đơn) chưa thanh toán
vibration,noun,[vibrate]-ion,a continuous rapid shaking or oscillating movement,"sự rung, rung động"
victory,noun,[victory],"an act of defeating an enemy or opponent in a battle, game, or competition",chiến thắng
viii,noun,[viii],the Roman numeral representing the number eight,số La Mã biểu thị số 8
walter,noun,[walter],a male given name,tên riêng nam giới (Walter)
welfare,noun,[well]-[fare],"the health, happiness, and safety of a person, or financial assistance given by the government to those in need","phúc lợi, an sinh xã hội"
apprenticeship,noun,[apprentice]-ship,a period during which a person learns a trade or skilled job while working under an experienced person,"thời gian học nghề, làm học việc"
atmospheric,adjective,[atmosphere]-ic,"relating to the atmosphere, or creating a distinctive mood or feeling","thuộc về khí quyển; giàu không khí, gợi cảm xúc"
authentic,adjective,[authentic],genuine and of undisputed origin; not a copy,"xác thực, chính hãng, thật"
axle,noun,[axle],a rod or shaft on which a wheel or pair of wheels rotates,trục bánh xe
bloom,noun,[bloom],"a flower, especially one grown for its beauty","hoa, sự nở hoa"
bloom,verb,[bloom],to produce flowers; to flourish or thrive,nở hoa; phát triển rực rỡ
booth,noun,[booth],"a small enclosed compartment or stall, such as one used for voting or making a phone call","gian hàng, buồng nhỏ (buồng điện thoại, quầy hàng)"
broadcaster,noun,[broad]-[cast]-er,a person or organization that transmits programs on radio or television,"người dẫn chương trình, đài phát thanh truyền hình"
calibrate,verb,[calibre]-ate,"to check, adjust, or standardize the graduations of a measuring instrument","hiệu chỉnh, chuẩn hóa (thiết bị đo)"
california,noun,[california],a state on the west coast of the United States,bang California (Hoa Kỳ)
cam,noun,[cam],a rotating or sliding piece in a mechanical device that transmits motion to another part,cam (bộ phận cơ khí truyền chuyển động)
canoe,noun,[canoe],"a narrow, lightweight boat pointed at both ends and propelled by paddling","xuồng ca-nô, thuyền hẹp chèo tay"
cathedral,noun,[cathedral],"the main church of a diocese, containing the bishop's seat","nhà thờ chính tòa, thánh đường lớn"
certify,verb,[certify],"to formally confirm or declare something as true, accurate, or meeting a required standard","chứng nhận, xác nhận"
chess,noun,[chess],a board game for two players involving the strategic movement of pieces,cờ vua
circulation,noun,[circulate]-ion,"the continuous movement of something, such as blood through the body, or the distribution of newspapers or currency","sự lưu thông, tuần hoàn; sự phát hành (báo, tiền)"
circulatory,adjective,[circulate]-ory,relating to the circulation of blood in the body,thuộc về hệ tuần hoàn
cockpit,noun,[cock]-[pit],"the space in an aircraft, boat, or racing car where the pilot or driver sits",buồng lái
consideration,noun,[consider]-ation,"careful thought about something, or a fact taken into account when making a decision","sự cân nhắc, xem xét"
consist,verb,con-[sist],to be composed or made up of particular parts or elements,"bao gồm, gồm có"
controversial,adjective,[controversy]-al,causing public disagreement or debate,gây tranh cãi
corridor,noun,[corridor],a long passage in a building from which doors lead into rooms,hành lang
cosmetic,adjective,[cosmetic],"relating to treatments intended to enhance a person's appearance, especially the face","(thuộc) thẩm mỹ, làm đẹp"
deter,verb,[deter],"to discourage someone from doing something, typically by instilling doubt or fear of consequences","ngăn cản, răn đe"
diagnosis,noun,dia-[gnosis],the identification of the nature of an illness or problem by examining its symptoms,sự chẩn đoán
dirty,adjective,[dirt]-y,covered with dirt or unclean; not clean,"bẩn, dơ"
empower,verb,em-[power],"to give someone the authority, power, or confidence to do something","trao quyền, tăng quyền cho ai đó"
entertainer,noun,[entertain]-er,"a person whose profession is to entertain others, such as a performer","người biểu diễn, nghệ sĩ giải trí"
environmentally,adverb,[environment]-al-ly,in a way that relates to or affects the natural world,về mặt môi trường
exceptional,adjective,[exception]-al,unusually good or great; not typical,"xuất sắc, khác thường"
expansion,noun,[expand]-sion,the process of becoming larger or more extensive,sự mở rộng
extraction,noun,[extract]-ion,"the process of removing or taking something out, especially by force or effort","sự chiết xuất, sự nhổ (răng), sự khai thác"
filtration,noun,[filter]-ation,the process of passing a liquid or gas through a filter to remove impurities,"sự lọc (chất lỏng, khí)"
flora,noun,[flora],"the plants of a particular region, habitat, or period, considered as a group",hệ thực vật
formula,noun,[formula],"a mathematical relationship or rule expressed in symbols, or a fixed method for doing something",công thức
forty,determiner,[four]-ty,the number 40,số bốn mươi (40)
handwrite,verb,[hand]-[write],to write something by hand rather than typing or printing it,viết tay
implement,noun,[implement],a tool or instrument used for a particular purpose,"dụng cụ, công cụ"
implement,verb,[implement],"to put a decision, plan, or agreement into effect","thực hiện, thi hành"
instinctively,adverb,[instinct]-ive-ly,in a way that is based on natural impulse rather than conscious thought,một cách bản năng
institute,noun,[institute],"an organization founded for a particular purpose, especially education or research","viện (nghiên cứu, giáo dục)"
institute,verb,[institute],"to establish or introduce a system, practice, or proceeding","thiết lập, khởi xướng"
insufficient,adjective,in-[sufficient],not enough; inadequate,"không đủ, thiếu"
invasive,adjective,[invade]-ive,"tending to spread quickly and destructively, or (in medicine) involving entry into the body","xâm lấn, xâm nhập; (y học) xâm lấn"
involvement,noun,[involve]-ment,the fact or condition of being involved in or connected with something,"sự tham gia, sự dính líu"
irreversible,adjective,ir-[reverse]-ible,not able to be changed back to a previous state or condition,không thể đảo ngược
jean,noun,[jean],"a sturdy cotton twill fabric (denim), or, usually in the plural, trousers made from this fabric",vải bò (denim); (thường số nhiều) quần jean
kiln,noun,[kiln],"an oven or furnace for hardening, burning, or drying substances, especially pottery or bricks","lò nung (gốm, gạch)"
lawyer,noun,[law]-yer,a person who practices or gives advice on law; a legal professional,luật sư
leftover,adjective,[left]-[over],"remaining after the rest has been used, eaten, or dealt with; not used up","còn thừa, còn dư lại (thường chỉ thức ăn)"
legislation,noun,[legislate]-ion,"laws considered collectively, or the process of making laws","luật pháp, việc lập pháp"
liar,noun,[lie]-ar,a person who tells lies,kẻ nói dối
livelihood,noun,[live]-lihood,a means of securing the necessities of life; one's main source of income,"sinh kế, kế sinh nhai"
livestock,noun,[live]-[stock],"animals kept on a farm for use or profit, such as cattle, sheep, or pigs",gia súc
marketplace,noun,[market]-[place],"an open area or building where goods are bought and sold, or the arena of economic activity","chợ; thị trường (nơi mua bán, cạnh tranh)"
meeting,noun,[meet]-ing,"an assembly of people for a particular purpose, especially discussion",cuộc họp
melody,noun,[melody],a sequence of musical notes that forms a recognizable tune,giai điệu
misinformation,noun,mis-[inform]-ation,"false or inaccurate information, especially spread without intent to deceive",thông tin sai lệch
misunderstanding,noun,mis-[understand]-ing,"a failure to understand something correctly, or a disagreement resulting from this",sự hiểu lầm
mit,noun,[mit],"an abbreviation for the Massachusetts Institute of Technology, a prestigious research university in the United States",viết tắt của Học viện Công nghệ Massachusetts (Mỹ)
nicotine,noun,[nicotine],an addictive chemical compound found in tobacco,nicotin (chất gây nghiện có trong thuốc lá)
nutritional,adjective,[nutrition]-al,relating to nutrition or nourishment,thuộc về dinh dưỡng
nutritious,adjective,[nutritious],containing substances the body needs to stay healthy; nourishing,"bổ dưỡng, giàu dinh dưỡng"
painkiller,noun,[pain]-[kill]-er,a medicine that relieves pain,thuốc giảm đau
participant,noun,[participate]-ant,a person who takes part in an activity or event,người tham gia
percentage,noun,[percent]-age,"a rate, number, or amount expressed as a fraction of 100",tỷ lệ phần trăm
pest,noun,[pest],"an insect or animal harmful to crops, livestock, or humans","loài gây hại, sâu bọ"
portfolio,noun,[portfolio],"a collection of documents, creative works, or investments held by a person or organization","danh mục (đầu tư, tác phẩm), hồ sơ năng lực"
postpone,verb,post-[pone],to delay an event or action to a later time,"hoãn lại, trì hoãn"
precipitation,noun,[precipitate]-ion,"rain, snow, sleet, or hail that falls to the ground; also the process of a substance separating from a solution as a solid","lượng mưa (mưa, tuyết...); (hóa học) sự kết tủa"
premium,noun,[premium],"an amount of money paid regularly to an insurance company for a policy, or an amount above the normal price",phí bảo hiểm; khoản phụ trội
premium,adjective,[premium],of superior quality and higher price than usual,"cao cấp, chất lượng cao"
prescribe,verb,pre-[scribe],(of a doctor) to authorize the use of a medicine or treatment; to recommend a course of action as a rule,kê đơn (thuốc); quy định
profile,noun,[profile],"a brief description or summary of a person's or thing's characteristics, or the outline of an object seen from the side","hồ sơ, tiểu sử tóm tắt; đường nét khi nhìn nghiêng"
prosperity,noun,[prosper]-ity,"the state of being successful, flourishing, or wealthy","sự thịnh vượng, phồn vinh"
pump,noun,[pump],a device used to move liquid or gas from one place to another,máy bơm
rehearse,verb,[rehearse],"to practice a play, piece of music, or other performance before presenting it publicly","diễn tập, tập dượt"
scholarship,noun,[scholar]-ship,"a grant of money awarded to support a student's education, or academic learning and achievement",học bổng; học thuật
sediment,noun,[sediment],"matter that settles to the bottom of a liquid, such as sand or mud","trầm tích, cặn lắng"
sow,verb,[sow],to plant seeds in the ground,gieo (hạt giống)
sow,noun,[sow],an adult female pig,lợn nái
stamp,noun,[stamp],a small piece of adhesive paper stuck to a letter or package to show that postage has been paid,con tem (thư)
unrelated,adjective,un-[relate]-ed,not connected or associated with something else,không liên quan
unstructured,adjective,un-[structure]-ed,not organized in a systematic way; lacking a formal structure,"không có cấu trúc, phi cấu trúc"
utilize,verb,[util]-ize,to make practical and effective use of something,"sử dụng, tận dụng"
verify,verb,[ver]-ify,to confirm that something is true or accurate,"xác minh, kiểm chứng"
website,noun,[web]-[site],a set of related web pages located under a single domain name on the internet,"trang web, website"
wreck,noun,[wreck],"the destroyed remains of a ship, vehicle, or structure","xác đắm/xác vỡ (tàu, xe...)"
york,noun,[york],a city in northern England; also used in place names such as New York,thành phố York (Anh); cũng dùng trong tên gọi như New York
zero,noun,[zero],the number 0; nothing; a null quantity,số không (0)
additionally,adverb,[addition]-al-ly,used to introduce a further point; in addition; also,"thêm vào đó, ngoài ra"
arise,verb,a-[rise],"to emerge, originate, or come into being as a result of something","phát sinh, nảy sinh"
artistic,adjective,[art]-ist-ic,relating to or characteristic of art or artists; showing creative skill and imagination,"có tính nghệ thuật, thuộc về nghệ thuật"
availability,noun,[available]-ity,the state of being able to be obtained or used; accessibility,"tính sẵn có, khả năng đáp ứng"
bargain,noun,[bargain],"an agreement between parties on the terms of a transaction, or an item bought for less than its usual value","sự mặc cả, thỏa thuận; món hời (mua được giá rẻ)"
baseline,noun,[base]-[line],a minimum or starting point used for comparisons,"đường cơ sở, mốc chuẩn (để so sánh)"
biodiversity,noun,bio-[diverse]-ity,the variety of plant and animal life in the world or in a particular habitat,đa dạng sinh học
bolt,noun,[bolt],"a metal pin or rod, usually with a nut, used to fasten things together","bu lông, chốt"
bolt,verb,[bolt],to run away suddenly and quickly,"chạy trốn đột ngột, bỏ chạy"
brigade,noun,[brigade],"a large military unit, or an organized group of people working towards a common purpose","lữ đoàn (quân đội); đội, nhóm (người)"
brook,noun,[brook],a small stream,con suối nhỏ
browse,verb,[browse],"to look through or explore something casually, such as items for sale or web pages","lướt xem, duyệt (hàng hóa, trang web)"
buff,noun,[buff],a person who is very knowledgeable about and enthusiastic for a particular subject or activity,"người say mê, người sành sỏi (về một lĩnh vực)"
chore,noun,[chore],"a routine task, especially a household one","việc vặt, việc nhà thường ngày"
clarence,noun,[clarence],a male given name,tên riêng nam giới (Clarence)
collaboration,noun,[collaborate]-ion,the action of working together with others to produce or achieve something,sự hợp tác
collision,noun,[collide]-sion,an instance of two or more objects colliding forcefully,"vụ va chạm, đâm va"
compose,verb,com-[pose],"to write or create a piece of music or writing, or to make up the parts of something","sáng tác; cấu thành, tạo nên"
conductor,noun,[conduct]-or,"a person who directs an orchestra or choir, a person who collects fares on a train or bus, or a substance that transmits heat or electricity",người chỉ huy dàn nhạc; người soát vé; (vật lý) chất dẫn điện/nhiệt
contributor,noun,[contribute]-or,a person or thing that gives or contributes something to a common purpose,người/vật đóng góp
counterfeit,adjective,counter-[feit],made in exact imitation of something valuable with the intent to deceive; fake,"giả, giả mạo"
covid,noun,[covid],"short for ""coronavirus disease,"" an infectious respiratory disease caused by the SARS-CoV-2 virus",viết tắt của bệnh do vi-rút corona (COVID-19)
crane,noun,[crane],"a large machine used for lifting and moving heavy objects, or a large long-legged wading bird",cần cẩu; (nghĩa khác) con sếu (loài chim)
credible,adjective,[cred]-ible,able to be believed; convincing and trustworthy,"đáng tin cậy, có thể tin được"
darwin,noun,[darwin],"a surname, notably of Charles Darwin, the naturalist known for the theory of evolution; also a city in northern Australia",họ/tên riêng Darwin (nhà tự nhiên học nổi tiếng); cũng là tên một thành phố ở Úc
defensive,adjective,[defense]-ive,"used or intended to defend or protect against attack, or overly concerned with justifying oneself against criticism","phòng thủ, phòng vệ; hay thủ thế"
definition,noun,[define]-ition,"a statement that explains the exact meaning of a word, phrase, or concept",định nghĩa
depletion,noun,[deplete]-ion,the reduction in the number or quantity of something,"sự cạn kiệt, suy giảm"
diner,noun,[dine]-r,"a person who is eating a meal, especially in a restaurant, or a small informal restaurant, especially in the US",thực khách; (Mỹ) quán ăn nhỏ bình dân
disruptive,adjective,dis-[rupt]-ive,causing disturbance or disorder; interrupting the normal course of something,"gây gián đoạn, phá vỡ trật tự"
donor,noun,[don]-or,"a person or organization that gives something, such as money, blood, or an organ, to help others","người hiến tặng (máu, nội tạng), nhà tài trợ"
ecologist,noun,eco-[log]-ist,a scientist who studies the relationships between living organisms and their environment,nhà sinh thái học
elder,adjective,[old]-er,"older, especially used to compare the ages of family members",lớn tuổi hơn (trong gia đình)
esteem,noun,[esteem],respect and admiration felt for someone,"sự tôn trọng, kính trọng"
exception,noun,ex-[cept]-ion,"a person, thing, or case that is excluded from a general statement or rule",trường hợp ngoại lệ
exhibition,noun,[exhibit]-ion,"a public display of artworks, objects, or items of interest","cuộc triển lãm, buổi trưng bày"
faulty,adjective,[fault]-y,having defects or errors; not working correctly,"có lỗi, bị trục trặc, bị hỏng"
festival,noun,[festival],"an organized series of events celebrating a particular culture, activity, or tradition",lễ hội
gauge,noun,[gauge],"an instrument for measuring the size, amount, or level of something","thiết bị đo, đồng hồ đo"
gauge,verb,[gauge],"to estimate or measure a quantity, level, or reaction precisely","đo lường, ước lượng, đánh giá"
germany,noun,[Germany],a country in central Europe,nước Đức
goodall,noun,[Goodall],"a surname, notably of primatologist Jane Goodall",họ Goodall (nhà linh trưởng học Jane Goodall)
harness,noun,[harness],a set of straps used to control an animal or secure a person in place,"dây đai, bộ yên cương"
harness,verb,[harness],"to control and make use of a natural resource, especially to produce energy","khai thác, tận dụng (nguồn lực)"
hawaii,noun,[Hawaii],a US state made up of a group of islands in the Pacific Ocean,bang Hawaii
hint,noun,[hint],a slight or indirect indication or suggestion,"lời gợi ý, sự ám chỉ"
hunger,noun,[hunger],a feeling of discomfort or weakness caused by lack of food,"cơn đói, sự đói khát"
immersion,noun,[immerse]-ion,"the action of immersing something in a liquid, or deep mental involvement in an activity","sự đắm chìm, sự hòa mình (vào ngôn ngữ, văn hóa)"
incline,verb,in-[cline],"to feel favorably disposed toward something, or to lean/slope in a direction","có xu hướng, nghiêng về"
incline,noun,in-[cline],a slope or slanting surface,"con dốc, độ dốc"
incoming,adjective,in-[come]-ing,"arriving or about to arrive; next in a series, especially of officeholders","đang đến, sắp tới, mới nhậm chức"
inheritance,noun,[inherit]-ance,"money or property received from someone who has died, or a genetically transmitted characteristic","tài sản thừa kế, di sản"
instability,noun,in-[stable]-ity,the quality of being unstable or not firmly fixed,"sự bất ổn, tính không ổn định"
integrity,noun,[integrity],the quality of being honest and having strong moral principles; the state of being whole and undivided,"tính chính trực, sự liêm chính; tính toàn vẹn"
internship,noun,[intern]-ship,"a period of practical training or work experience, especially for a student",kỳ thực tập
intuition,noun,[intuition],"the ability to understand something instinctively, without conscious reasoning",trực giác
kim,noun,[Kim],a given name or surname of Korean or English origin,tên hoặc họ Kim
linguistic,adjective,[linguistic],relating to language or the study of language,thuộc về ngôn ngữ học
lodge,noun,[lodge],"a small house, especially one used for a particular purpose such as hunting or as a gatekeeper's residence","nhà nghỉ nhỏ, nhà gác cổng"
lodge,verb,[lodge],"to provide with temporary accommodation, or to submit a formal statement or complaint","trú ngụ; đệ trình (khiếu nại, đơn từ)"
magazine,noun,[magazine],"a periodical publication containing articles, stories, and pictures",tạp chí
magnetic,adjective,[magnet]-ic,"having the properties of a magnet, or very attractive and charismatic","có từ tính; lôi cuốn, hấp dẫn"
manifestation,noun,[manifest]-ation,a visible or perceptible sign or form of something,"biểu hiện, sự biểu lộ"
manufacturer,noun,[manufacture]-er,a person or company that produces goods in large quantities,nhà sản xuất
marsupial,noun,[marsupial],"a mammal that carries and suckles its young in a pouch, such as a kangaroo",thú có túi
maximization,noun,[maximize]-ation,the action or process of making something as great as possible,sự tối đa hóa
megaphone,noun,mega-[phone],a cone-shaped device used to amplify the voice so it carries further,"loa cầm tay, loa phóng thanh"
memorable,adjective,[memor]-able,worth remembering; unforgettable,"đáng nhớ, khó quên"
necessarily,adverb,[necessary]-ily,as a necessary result; inevitably,"một cách tất yếu, tất nhiên"
nutrition,noun,[nutri]-tion,the process of providing or obtaining the food necessary for health and growth,dinh dưỡng
optional,adjective,[option]-al,available to be chosen but not compulsory,"tùy chọn, không bắt buộc"
outstanding,adjective,out-[stand]-ing,exceptionally good; clearly noticeable; not yet paid or resolved,"xuất sắc, nổi bật; còn tồn đọng (nợ, vấn đề)"
overpopulation,noun,over-[population],the condition of having too many people living in an area relative to its resources,tình trạng quá tải dân số
pathogen,noun,[pathogen],"a bacterium, virus, or other microorganism that can cause disease","mầm bệnh, tác nhân gây bệnh"
paul,noun,[Paul],a male given name of Latin origin,tên riêng nam giới Paul
pharmacy,noun,[pharmacy],a shop or place where medicines are prepared and dispensed,"hiệu thuốc, nhà thuốc"
phase,noun,[phase],a distinct period or stage in a process of change or development,"giai đoạn, thời kỳ"
philosophy,noun,[philosophy],"the study of fundamental questions about existence, knowledge, values, and reason",triết học
pipeline,noun,[pipe]-line,a long pipe used to convey liquids or gases over a distance; a system for developing something in stages,"đường ống (dẫn dầu, khí); quy trình phát triển tuần tự"
prehistoric,adjective,pre-[historic],relating to the period before written records existed,thuộc thời tiền sử
prominent,adjective,[prominent],important and well-known; jutting out from something,"nổi bật, lỗi lạc; nhô ra"
railway,noun,[rail]-way,"a track made of steel rails on which trains run, or the system of transport using it",đường sắt
rainforest,noun,[rain]-[forest],a dense forest found in tropical areas that receive high rainfall,rừng mưa nhiệt đới
renovation,noun,[renovate]-ion,"the process of repairing and restoring something, especially a building, to good condition","sự tu sửa, cải tạo"
resonance,noun,[resonance],"the quality of being deep, full, and reverberating in sound; a shared response or vibration","sự cộng hưởng, âm vang"
ridge,noun,[ridge],"a long, narrow hilltop or mountain range, or a raised strip on a surface","dãy núi, sống núi, đường gờ"
rome,noun,[Rome],the capital city of Italy,thành Rome (thủ đô Ý)
russian,adjective,[Russia]-n,"relating to Russia, its people, culture, or language",thuộc về nước Nga
russian,noun,[Russia]-n,"a native or national of Russia, or the Russian language",người Nga; tiếng Nga
sedentary,adjective,[sedentary],characterized by much sitting and little physical activity,"ít vận động, tĩnh tại"
separation,noun,[separate]-ion,the action or state of being set apart or divided,"sự chia tách, sự phân ly"
simultaneously,adverb,[simultaneous]-ly,happening or done at the same time as something else,"đồng thời, cùng một lúc"
spectacle,noun,[spectacle],a visually striking public display or event,"cảnh tượng, buổi trình diễn hoành tráng"
spotlight,noun,[spot]-[light],"a strong beam of light directed at one person or object, or public attention focused on someone",đèn sân khấu; sự chú ý của công chúng
sticky,adjective,[stick]-y,tending to stick to things; adhesive; (of a situation) awkward or difficult,"dính, dễ dính; (tình huống) khó xử"
typical,adjective,[type]-ical,having the distinctive qualities of a particular type of person or thing,"điển hình, tiêu biểu"
unregulated,adjective,un-[regulate]-ed,not controlled or governed by rules or regulations,"không được kiểm soát, không được quy định"
usa,noun,[USA],the United States of America,Hợp chủng quốc Hoa Kỳ
vii,noun,[VII],the Roman numeral representing the number seven,số La Mã biểu thị số 7
visibility,noun,[visible]-ity,"the state of being able to see clearly, or of being able to be seen, especially as affected by weather","tầm nhìn, khả năng nhìn thấy"
whetstone,noun,[whet]-[stone],a stone used for sharpening cutting tools such as knives,đá mài (dao)
withdraw,verb,with-[draw],to remove or take away; to leave or retreat from a place; to take money out of an account,rút lui; rút (tiền); rút khỏi
wright,noun,[Wright],"a surname, notably of the Wright brothers, aviation pioneers","họ Wright (anh em nhà Wright, người tiên phong hàng không)"
abundance,noun,ab-[und]-ance,a very large quantity of something; plentifulness,"sự dồi dào, sự phong phú"
advice,noun,[advice],guidance or recommendations offered with regard to prudent future action,lời khuyên
agriculture,noun,agri-[culture],"the science or practice of farming, including cultivating land and raising livestock",nông nghiệp
album,noun,[album],"a collection of recordings, photographs, or stamps compiled together, especially a music release","album (nhạc, ảnh)"
alloy,noun,[alloy],a metal made by combining two or more metallic elements,hợp kim
amplify,verb,[ample]-ify,"to increase the volume of a sound, or to increase the strength, extent, or importance of something","khuếch đại (âm thanh); làm tăng cường, mở rộng"
antarctica,noun,ant-[arctic]-a,the continent surrounding the South Pole,châu Nam Cực
anyway,adverb,[any]-[way],used to emphasize that something is true or valid despite other considerations; in any case,"dù sao thì, dù thế nào đi nữa"
approximately,adverb,ap-[proximate]-ly,"used to indicate that something is almost, but not completely, accurate or exact","xấp xỉ, khoảng chừng"
autonomy,noun,auto-[nom]-y,the right or condition of self-government; independence in decision-making,"quyền tự trị, sự tự chủ"
ballot,noun,[ballot],"a system or process of voting, typically in secret","lá phiếu, cuộc bỏ phiếu"
blackout,noun,[black]-[out],"a period when electric power is cut off, or a temporary loss of consciousness or memory",sự mất điện; sự bất tỉnh tạm thời
caution,noun,[caution],"care taken to avoid danger or mistakes, or a warning against a risk",sự thận trọng; lời cảnh báo
ceramic,adjective,[ceramic],made of clay that has been permanently hardened by heat,"làm bằng gốm, thuộc về gốm sứ"
chocolate,noun,[chocolate],"a food made from roasted and ground cacao seeds, typically sweetened",sô-cô-la
cleanup,noun,[clean]-[up],"an act of making a place clean and tidy, especially after damage or contamination","việc dọn dẹp, chiến dịch làm sạch"
cod,noun,[cod],a large marine fish widely used as food,cá tuyết
collectively,adverb,[collect]-ively,as a group; all together rather than individually,"một cách tập thể, cùng nhau"
composition,noun,com-[posit]-ion,"the nature or arrangement of parts that make up something, or a piece of music or writing","thành phần cấu tạo; tác phẩm (âm nhạc, văn học)"
compress,verb,com-[press],to squeeze or press something together so as to make it smaller or more compact,"nén, ép"
compress,noun,com-[press],"a pad of material pressed onto part of the body to relieve pain, reduce swelling, or stop bleeding",miếng gạc/băng ép
condensation,noun,con-[dense]-ation,water that collects as droplets on a cold surface when humid air comes into contact with it,sự ngưng tụ (hơi nước)
consent,noun,con-[sent],permission for something to happen or agreement to do something,"sự đồng ý, sự chấp thuận"
consent,verb,con-[sent],to give permission for something to happen,"đồng ý, chấp thuận"
cornell,noun,[Cornell],"a surname, notably of Cornell University, a private research university in the US",họ Cornell; Đại học Cornell (Mỹ)
creatively,adverb,[create]-ively,in a way that involves the use of imagination or original ideas,một cách sáng tạo
cruelty,noun,[cruel]-ty,"behavior that causes pain or suffering to others, especially deliberately","sự tàn ác, sự độc ác"
cullen,noun,[Cullen],a surname of Irish origin,họ Cullen
damp,adjective,[damp],slightly wet; moist,"ẩm, ẩm ướt"
deceive,verb,de-[ceive],to deliberately cause someone to believe something that is not true,"lừa dối, đánh lừa"
deception,noun,de-[cept]-ion,the act or practice of deceiving someone,"sự lừa dối, sự lừa gạt"
demolish,verb,de-[molish],to tear down or destroy a building or structure completely,"phá hủy, đập phá (công trình)"
destructive,adjective,de-[struct]-ive,causing great and often deliberate damage or harm,"có tính hủy hoại, phá hoại"
deterrent,noun,[deter]-ent,a thing that discourages or prevents an action from happening,"biện pháp răn đe, vật cản trở"
detrimental,adjective,[detriment]-al,tending to cause harm or damage,"có hại, gây bất lợi"
dicaprio,noun,[DiCaprio],"a surname, notably of actor Leonardo DiCaprio",họ DiCaprio (diễn viên Leonardo DiCaprio)
dismantle,verb,dis-[mantle],"to take a machine or structure apart, or to gradually destroy a system or organization","tháo dỡ, tháo rời; giải thể (một hệ thống)"
distract,verb,dis-[tract],to prevent someone from concentrating on something by diverting their attention,"làm xao lãng, phân tâm"
effectiveness,noun,[effective]-ness,the degree to which something is successful in producing a desired result,"hiệu quả, tính hiệu quả"
email,noun,e-[mail],messages distributed by electronic means between computers,thư điện tử (email)
emergence,noun,e-[merge]-nce,"the process of becoming visible, known, or important; the coming into existence of something","sự xuất hiện, sự nổi lên"
emigration,noun,e-[migrate]-ion,the act of leaving one's own country to settle permanently in another,sự di cư (ra khỏi nước)
erase,verb,e-[rase],"to rub out or remove something written, recorded, or remembered","xóa, tẩy xóa"
existence,noun,ex-[ist]-ence,the state of being; the fact of being real or living,sự tồn tại
faculty,noun,[faculty],an inherent physical or mental power or ability,"năng lực, khả năng (của trí óc hoặc cơ thể)"
flee,verb,[flee],to run away from danger or a difficult situation,"chạy trốn, bỏ chạy"
generator,noun,[generate]-or,a machine that converts mechanical energy into electrical energy,máy phát điện
hypothesis,noun,hypo-[thesis],"a proposed explanation made on the basis of limited evidence, to be tested further",giả thuyết
impressionable,adjective,im-[press]-ion-able,"easily influenced because of a lack of critical judgment, especially due to youth","dễ bị ảnh hưởng, dễ bị tác động"
inadequate,adjective,in-[adequate],lacking the quality or quantity required; insufficient,"không đầy đủ, không thỏa đáng"
inevitably,adverb,in-[evitable]-ly,as is certain to happen; in a way that cannot be avoided,"một cách tất yếu, không thể tránh khỏi"
initiative,noun,[initiate]-ive,"the ability to assess and start things independently, or a new plan to achieve a goal","tính chủ động; sáng kiến, kế hoạch"
junction,noun,[junct]-ion,"a point where two or more things, especially roads or railway lines, meet or join","giao lộ, điểm giao nhau"
layout,noun,[lay]-[out],the way in which the parts of something are arranged,"cách bố trí, cách sắp xếp"
levy,noun,[levy],"an amount of money that is required to be paid, especially as a tax","khoản thuế (phải nộp), khoản phụ thu"
lure,noun,[lure],"the power of attracting or tempting, or a decoy used to catch fish or animals","sức hấp dẫn, mồi nhử"
mainstream,noun,[main]-[stream],"the ideas, attitudes, or activities regarded as normal and conventional; the dominant trend","dòng chảy chính, xu hướng chủ đạo (trong xã hội)"
max,noun,[max],the greatest amount possible (informal short form of maximum),mức tối đa
mechanical,adjective,[mechanic]-al,"relating to machines or physical forces, or done without thought as if by a machine","thuộc về máy móc, cơ khí; máy móc (làm theo thói quen)"
migrant,noun,[migrate]-ant,"a person who moves from one place to another, especially to find work or better living conditions",người di cư
miniature,adjective,[miniature],very much smaller than normal size,"(vật) thu nhỏ, nhỏ xíu"
minimal,adjective,[minim]-al,"of a minimum amount, quantity, or degree; very small","tối thiểu, ít nhất"
navigation,noun,[navigate]-ion,"the process of planning and controlling the course of a ship, aircraft, or other vehicle","sự điều hướng, hàng hải"
neurological,adjective,neuro-[log]-ical,relating to the nervous system or to the branch of medicine dealing with it,thuộc về (hệ) thần kinh
opening,noun,[open]-ing,a gap or hole that allows access or passage through something,"khoảng trống, lỗ hở, khe hở"
operational,adjective,[operation]-al,"relating to the functioning of an organization or system, or ready for use",thuộc về vận hành; sẵn sàng hoạt động
orbit,noun,[orbit],"the curved path of a celestial object or spacecraft around a star, planet, or moon",quỹ đạo
organization,noun,[organize]-ation,"a group of people organized for a particular purpose, or the action of organizing something",tổ chức; sự sắp xếp
overseas,adverb,over-[seas],"in, to, or from a foreign country across the sea","ở nước ngoài, hải ngoại"
pave,verb,[pave],"to cover a piece of ground with a hard, flat surface such as concrete or stone","lát (đường), trải nhựa/đá"
phlegmatic,adjective,[phlegmatic],"having a calm, unemotional, and hard-to-rouse disposition","điềm tĩnh, ít biểu lộ cảm xúc"
powerfully,adverb,[power]-fully,"in a way that has great strength, force, or effect",một cách mạnh mẽ
prestige,noun,[prestige],widespread respect and admiration felt for someone or something because of their achievements or status,"uy tín, danh tiếng"
privacy,noun,[private]-cy,a state in which one is not observed or disturbed by others; freedom from public attention,"sự riêng tư, quyền riêng tư"
prohibition,noun,pro-[hibit]-ion,"the action of forbidding something, especially by law","sự cấm đoán, lệnh cấm"
prototype,noun,proto-[type],"a first, typical, or preliminary model of something from which other forms are developed","nguyên mẫu, mẫu thử đầu tiên"
pursuit,noun,[pursue]-it,"the act of chasing something or someone, or of striving to achieve a goal","sự theo đuổi, sự truy đuổi"
reassure,verb,re-[assure],to say or do something to remove someone's doubts or fears,"trấn an, làm yên lòng"
reduction,noun,re-[duct]-ion,"the action of making something smaller or less in amount, degree, or size","sự giảm bớt, sự cắt giảm"
scrub,verb,[scrub],"to rub something hard so as to clean it, typically with a brush and water","cọ rửa, chà rửa"
scrub,noun,[scrub],"vegetation consisting of stunted trees and shrubs, or land covered with it","cây bụi, đất hoang có cây bụi"
spiritual,adjective,[spirit]-ual,"relating to the human spirit or soul as opposed to physical things, or to religion","thuộc về tinh thần, tâm linh"
stagnant,adjective,[stagnant],"showing no activity; not flowing or moving, and often having an unpleasant smell as a result","trì trệ, tù đọng, ứ đọng"
subsidy,noun,sub-[sid]-y,"a sum of money granted, especially by a government, to assist an industry or keep prices low","trợ cấp, khoản trợ giá"
survivor,noun,[survive]-or,"a person who continues to live after an event that kills others, or despite great difficulty",người sống sót
switchboard,noun,[switch]-[board],"a panel where telephone calls are manually connected, or an electrical control panel","tổng đài (điện thoại), bảng điều khiển điện"
tangible,adjective,[tang]-ible,"perceptible by touch; clear, definite, and real rather than abstract","hữu hình, có thể sờ thấy; rõ ràng, cụ thể"
tier,noun,[tier],"a row or level of something arranged in a series, one above another","tầng, lớp, bậc"
tortoise,noun,[tortoise],a slow-moving land reptile with a scaly or leathery domed shell,con rùa (cạn)
tract,noun,[tract],"an extended area of land, or a system of connected organs/passages in the body (e.g. the digestive tract)","một vùng đất rộng lớn, hoặc một hệ thống các cơ quan/đường dẫn trong cơ thể (ví dụ: đường tiêu hóa)"
transparency,noun,[transparent]-cy,the quality of being transparent; openness and honesty in information or actions,"tính minh bạch, sự công khai rõ ràng"
unaided,adjective,un-[aid]-ed,not helped or assisted by anyone or anything,"không có sự trợ giúp, tự lực"
unchanged,adjective,un-[change]-d,not different from before; remaining the same,"không thay đổi, vẫn giữ nguyên"
unforeseen,adjective,un-fore-[see]-n,not anticipated or expected beforehand,"không lường trước được, bất ngờ"
unimportant,adjective,un-im-[port]-ant,not significant or worthy of attention,không quan trọng
unrealistic,adjective,un-[real]-istic,not based on realistic or practical ideas; not sensible,"không thực tế, viển vông"
vaccination,noun,[vaccin]-ation,the act of giving someone a vaccine to protect against a disease,"sự tiêm chủng, tiêm phòng"
via,preposition,[via],by way of; through a particular place or means,"qua, thông qua, bằng con đường"
voluntary,adjective,[voluntary],"done, given, or acting of one's own free will, without being forced",tự nguyện
withstand,verb,with-[stand],to remain undamaged or unaffected by; to resist successfully,"chống chịu, chịu đựng được"
yesterday,adverb,[yesterday],on or during the day before today,ngày hôm qua
accessibility,noun,ac-[cess]-ibility,"the quality of being easy to reach, enter, use, or understand",khả năng tiếp cận
activist,noun,[act]-iv-ist,a person who works to bring about political or social change,"nhà hoạt động (xã hội, chính trị)"
adaptability,noun,ad-[apt]-ability,the ability to adjust easily to new conditions,khả năng thích nghi
admiration,noun,ad-[mir]-ation,"a feeling of warm approval, respect, or wonder",sự ngưỡng mộ
adrenaline,noun,ad-[ren]-aline,a hormone released in response to stress that increases heart rate and energy,"adrenaline, hormone tiết ra khi căng thẳng làm tăng nhịp tim và năng lượng"
adv,noun,[adv],"abbreviation for 'advertisement' or 'adverb', depending on context",viết tắt của 'advertisement' (quảng cáo) hoặc 'adverb' (trạng từ) tùy ngữ cảnh
advocate,noun,ad-[voc]-ate,a person who publicly supports or recommends a particular cause or policy,"người ủng hộ, người biện hộ"
advocate,verb,ad-[voc]-ate,to publicly recommend or support a cause or policy,"ủng hộ, lên tiếng bênh vực cho điều gì"
albert,noun,[albert],a male given name of Germanic origin,tên riêng nam giới gốc Đức (Albert)
allocate,verb,al-[loc]-ate,to distribute resources or duties for a particular purpose,"phân bổ, phân phối"
amazon,noun,[amazon],"a major river in South America, the largest by discharge volume in the world","sông Amazon, con sông lớn nhất thế giới tính theo lưu lượng nước, ở Nam Mỹ"
amplifier,noun,[ampl]-ifier,"a device that increases the strength of an electrical signal, especially sound","bộ khuếch đại (âm thanh, tín hiệu)"
apparent,adjective,ap-[par]-ent,clearly visible or understood; obvious,"rõ ràng, hiển nhiên"
biodegradable,adjective,bio-de-[grade]-able,capable of being decomposed by bacteria or other living organisms,có thể phân hủy sinh học
bronze,noun,[bronze],"a hard, tough alloy of copper and tin, or an object made of it","đồng thau, hợp kim đồng thiếc"
bully,noun,[bully],a person who habitually seeks to harm or intimidate those perceived as vulnerable,kẻ bắt nạt
bully,verb,[bully],to intimidate or mistreat someone weaker,"bắt nạt, ức hiếp"
butterfly,noun,[butterfly],"a flying insect with large, often colorful wings",con bướm
cage,noun,[cage],a structure of bars or wires used to confine birds or animals,"cái lồng, chuồng"
circular,adjective,[circ]-ular,having the shape of a circle; round,"hình tròn, có dạng vòng tròn"
clog,verb,[clog],"to block or become blocked, obstructing flow","làm tắc nghẽn, bị tắc"
coherence,noun,co-[her]-ence,the quality of being logical and consistent,"tính mạch lạc, tính nhất quán"
compass,noun,[compass],"an instrument used for determining direction, with a magnetic needle",la bàn
complement,noun,com-[ple]-ment,something that completes or makes perfect when added,"phần bổ sung, phần hoàn thiện"
complement,verb,com-[ple]-ment,to add to something in a way that enhances or completes it,"bổ sung, làm hoàn thiện thêm"
complementary,adjective,com-[ple]-ment-ary,combining well with something else so as to enhance or complete it,"bổ sung cho nhau, mang tính bổ trợ"
congest,verb,con-[gest],to block or overcrowd a passage so as to hinder movement or flow,"làm tắc nghẽn, làm ùn tắc"
contemporary,adjective,con-[tempor]-ary,belonging to the present time; modern,"đương đại, hiện đại"
contemporary,noun,con-[tempor]-ary,a person or thing living or existing at the same time as another,người cùng thời
courtyard,noun,[courtyard],an open area enclosed by walls or buildings,sân trong (được bao quanh bởi tường hoặc nhà)
crave,verb,[crave],to have a powerful desire for something,"thèm muốn, khao khát"
culprit,noun,[culprit],a person who is responsible for a crime or wrongdoing,thủ phạm
dialect,noun,dia-[lect],a particular form of a language specific to a region or social group,"phương ngữ, thổ ngữ"
diesel,noun,[diesel],"a type of fuel used in internal combustion engines, or an engine that uses it",dầu diesel; động cơ diesel
distort,verb,dis-[tort],to twist or alter something out of its normal shape or meaning,"bóp méo, làm biến dạng"
dollar,noun,[dollar],the basic monetary unit of the US and several other countries,đô la (đơn vị tiền tệ)
dominance,noun,[domin]-ance,the state of having power and influence over others,"sự thống trị, ưu thế vượt trội"
donate,verb,[don]-ate,"to give something, especially money, to a cause or organization","quyên góp, hiến tặng"
dread,verb,[dread],to anticipate something with great fear or anxiety,"sợ hãi, lo sợ trước điều gì"
dynasty,noun,[dynasty],a sequence of rulers from the same family,"triều đại, vương triều"
estate,noun,[estate],"a large area of land with a house, or a person's property and possessions","điền trang, bất động sản; hoặc tài sản của một người"
ethnic,adjective,[ethn]-ic,"relating to a population group sharing a common cultural, racial, or national tradition","thuộc về dân tộc, sắc tộc"
evaluation,noun,e-[valu]-ation,the process of assessing the value or quality of something,sự đánh giá
eventual,adjective,e-[vent]-ual,occurring at the end of a process or period of time,"cuối cùng, sau cùng (sẽ xảy ra)"
excellence,noun,ex-[cell]-ence,the quality of being outstanding or extremely good,sự xuất sắc
explosion,noun,ex-[plos]-ion,a violent burst caused by a sudden release of energy,vụ nổ
fauna,noun,[fauna],"the animals of a particular region or period, considered as a whole",hệ động vật
feasible,adjective,[feas]-ible,possible to do easily or conveniently; practicable,khả thi
floodgate,noun,[floodgate],"a gate that controls the flow of water, or figuratively a restraint on a large outpouring","cửa cống, cửa đập nước; (nghĩa bóng) rào chắn ngăn một làn sóng lớn"
geography,noun,geo-[graph]-y,the study of the physical features of the earth and its atmosphere,địa lý học
graze,verb,[graze],(of animals) to feed on growing grass; or to scrape the skin lightly,gặm cỏ; hoặc làm trầy xước da
habitual,adjective,[habit]-ual,done constantly or as a habit,"theo thói quen, thường xuyên xảy ra"
hangul,noun,[hangul],"the Korean alphabet, created in the 15th century","chữ Hangul, bảng chữ cái tiếng Hàn"
henry,noun,[henry],a male given name; also a unit of electrical inductance,tên riêng nam giới (Henry); cũng là đơn vị đo độ tự cảm điện
herd,noun,[herd],a large group of animals living or feeding together,"đàn (gia súc, thú)"
historic,adjective,[histor]-ic,"famous or important in history, or likely to be seen as important in the future","có tính lịch sử, mang tính lịch sử quan trọng"
homelessness,noun,[home]-less-ness,the state of having no home,tình trạng vô gia cư
induce,verb,in-[duce],"to succeed in persuading or influencing someone, or to bring about a condition","gây ra, thúc đẩy, dẫn đến"
informational,adjective,in-[form]-ation-al,relating to or providing information,"mang tính thông tin, thuộc về thông tin"
injection,noun,in-[ject]-ion,"the act of forcing a liquid into something, especially with a syringe","sự tiêm, mũi tiêm"
inspector,noun,in-[spect]-or,an official who examines or inspects something for compliance,"thanh tra viên, người kiểm tra"
intellectual,adjective,intel-[lect]-ual,relating to the intellect or to logical reasoning and thought,"thuộc về trí tuệ, trí óc"
intellectual,noun,intel-[lect]-ual,a person who values and engages in serious thinking and learning,"trí thức, người trí thức"
interpretation,noun,inter-[pret]-ation,an explanation or way of explaining the meaning of something,"sự diễn giải, cách hiểu"
journalist,noun,[journal]-ist,a person who writes for or edits news publications,nhà báo
lana,noun,[lana],a female given name,tên riêng nữ giới (Lana)
legume,noun,[legume],"a plant of the pea/bean family, or its edible seed or pod","cây họ đậu, đậu"
limestone,noun,[limestone],a sedimentary rock composed mainly of calcium carbonate,đá vôi
miasma,noun,[miasma],"an unpleasant or unhealthy vapor or atmosphere, historically believed to cause disease","khí độc, không khí ô uế (từng được cho là gây bệnh)"
molecule,noun,[molecule],the smallest unit of a chemical compound that retains its chemical properties,phân tử
moor,noun,[moor],"a tract of open, uncultivated upland, often covered with heather","vùng đất hoang, đồng hoang (thường phủ cây thạch nam)"
moor,verb,[moor],to tie up a boat to a fixed object,"neo đậu (thuyền, tàu)"
naturalist,noun,[natural]-ist,an expert in or student of natural history,nhà tự nhiên học
orient,verb,[orient],to align or position something relative to a reference point; to familiarize oneself with a situation,"định hướng, xác định phương hướng"
paradox,noun,para-[dox],a statement or situation that seems self-contradictory but may in fact be true,nghịch lý
poacher,noun,[poach]-er,a person who hunts or fishes illegally,kẻ săn trộm
preservative,noun,pre-[serv]-ative,a substance used to prevent decay or spoilage,chất bảo quản
president,noun,pre-[sid]-ent,"the elected head of a republic, company, or organization","tổng thống, chủ tịch"
prone,adjective,[prone],"likely to suffer from, do, or experience something unwelcome; or lying flat, face down","dễ mắc phải, có xu hướng xấu; hoặc nằm sấp"
pronunciation,noun,pro-[nunci]-ation,the way in which a word is spoken,cách phát âm
proximity,noun,[proximity],"nearness in space, time, or relationship","sự gần gũi, khoảng cách gần"
railroad,noun,[railroad],a track made of steel rails on which trains run,đường sắt
ram,noun,[ram],an uncastrated male sheep,cừu đực
ram,verb,[ram],to crash or push forcefully into something,"húc mạnh vào, đâm vào"
relentless,adjective,re-[lent]-less,"harsh or persistent, showing no sign of stopping or weakening","không ngừng, không khoan nhượng"
relocation,noun,re-[loc]-ation,"the act of moving to a new place, especially for work or residence","sự di dời, chuyển địa điểm"
repertoire,noun,[repertoire],the range of works or skills that a person or group is prepared to perform,"vốn tiết mục, danh mục tác phẩm/kỹ năng có thể trình diễn"
replenish,verb,re-[plen]-ish,to fill something up again after it has been depleted,"bổ sung lại, làm đầy lại"
reproduction,noun,re-[produc]-tion,"the process by which organisms produce offspring, or a copy of something",sự sinh sản; hoặc bản sao chép
revival,noun,re-[viv]-al,an improvement in the condition or strength of something; renewed interest,"sự hồi sinh, phục hưng"
roman,adjective,[roman],relating to ancient or modern Rome or the Roman Empire,thuộc về La Mã (cổ đại hoặc hiện đại)
rot,verb,[rot],to decay or decompose,"thối rữa, mục nát"
royal,adjective,[roy]-al,relating to or belonging to a king or queen,thuộc hoàng gia
silicon,noun,[silicon],a chemical element used widely in electronics and computing,silic (nguyên tố hóa học)
silt,noun,[silt],"fine sand, clay, or other material carried by running water and deposited","phù sa, bùn lắng"
sofa,noun,[sofa],a long upholstered seat for more than one person,"ghế sofa, ghế đi văng"
solitary,adjective,[sol]-itary,"existing, living, or done alone","đơn độc, cô độc"
somewhat,adverb,[somewhat],to a moderate extent or degree,"phần nào, có phần"
spectator,noun,[spect]-ator,"a person who watches an event, especially a sports event",khán giả
splash,verb,[splash],to cause liquid to scatter in drops due to disturbance,làm bắn tung tóe (nước)
squad,noun,[squad],"a small group of people organized for a particular purpose, such as a sports team or military unit","đội, tổ, tiểu đội"
stamen,noun,[stamen],"the male reproductive part of a flower, bearing pollen",nhị hoa (bộ phận sinh sản đực của hoa)
strategic,adjective,[strateg]-ic,relating to the identification of long-term goals and the means of achieving them,mang tính chiến lược
sufficiency,noun,suf-[fic]-iency,the state of having enough of something,"sự đầy đủ, tính đủ dùng"
sullivan,noun,[sullivan],a surname of Irish origin,họ (tên riêng) gốc Ireland (Sullivan)
synthesize,verb,syn-[thes]-ize,to combine separate elements to form a coherent whole,tổng hợp
tangle,verb,[tangle],to twist together into a confused mass,"làm rối, vướng vào nhau"
temptation,noun,[tempt]-ation,"a desire to do something, especially something wrong or unwise",sự cám dỗ
tense,adjective,[tense],"unable to relax due to nervousness, stress, or excitement",căng thẳng
tense,noun,[tense],a form of a verb used to indicate the time of an action,thì (ngữ pháp)
transformation,noun,trans-[form]-ation,a thorough or dramatic change in form or appearance,"sự biến đổi, sự chuyển hóa"
transfusion,noun,trans-[fus]-ion,the process of transferring blood or fluid into a person's bloodstream,"sự truyền (máu, dịch)"
transportation,noun,trans-[port]-ation,the action of transporting people or goods from one place to another,"sự vận chuyển, giao thông vận tải"
unlimited,adjective,un-[limit]-ed,"not limited or restricted in terms of number, quantity, or extent",không giới hạn
watershed,noun,[watershed],an area of land that separates waters flowing to different rivers; or a turning point in events,lưu vực sông; hoặc bước ngoặt quan trọng
wrongdoing,noun,[wrongdoing],illegal or dishonest behavior,"hành vi sai trái, việc làm sai trái"
academically,adverb,[academ]-ically,in a way that relates to education or scholarly study,về mặt học thuật
accumulation,noun,ac-[cumul]-ation,the gradual gathering or increase of something over time,sự tích lũy
adequate,adjective,ad-[equ]-ate,satisfactory or acceptable in quality or quantity,"đầy đủ, thỏa đáng"
adjustment,noun,ad-[just]-ment,a small change made to improve or correct something,sự điều chỉnh
afloat,adjective,a-[float],floating on water; or financially able to survive,nổi trên mặt nước; hoặc đủ khả năng tài chính để tồn tại
aisle,noun,[aisle],a passage between rows of seats or shelves,"lối đi (giữa các hàng ghế, kệ hàng)"
alleviate,verb,al-[lev]-iate,to make suffering or a problem less severe,"làm giảm bớt, xoa dịu"
allocation,noun,al-[loc]-ation,the act of distributing resources for a particular purpose,sự phân bổ
anger,noun,[anger],"a strong feeling of annoyance, displeasure, or hostility",sự tức giận
arctic,adjective,[arctic],relating to the region around the North Pole; extremely cold,thuộc Bắc Cực; cực kỳ lạnh
aries,noun,[aries],"a constellation and the first sign of the zodiac, represented by the Ram","chòm sao Bạch Dương, cung hoàng đạo đầu tiên"
asia,noun,[asia],"the largest continent, bounded by Europe and the Pacific, Indian, and Arctic oceans",châu Á
audit,noun,[audit],an official inspection of an organization's accounts,cuộc kiểm toán
audit,verb,[audit],to conduct an official financial inspection of an organization,kiểm toán
bait,noun,[bait],food used to lure and catch fish or animals,"mồi câu, mồi nhử"
bait,verb,[bait],to deliberately annoy or tease someone,"trêu chọc, khiêu khích"
beacon,noun,[beacon],"a light or fire used as a signal or guide, often on a hill or tower","đèn hiệu, ngọn hải đăng"
bedroom,noun,[bedroom],a room used for sleeping,phòng ngủ
beneficiary,noun,bene-[fic]-iary,"a person who receives money or benefits, especially from a will or policy",người thụ hưởng
berlin,noun,[berlin],the capital city of Germany,"Berlin, thủ đô của Đức"
birthday,noun,[birthday],the anniversary of the day a person was born,sinh nhật
botanist,noun,[botan]-ist,a scientist who studies plants,nhà thực vật học
bump,verb,[bump],"to knock or collide with something, typically with a jolt","va, đụng vào"
burglar,noun,[burgl]-ar,a person who breaks into a building to steal,kẻ trộm đột nhập
caption,noun,[caption],a title or brief explanation accompanying an image or illustration,"chú thích (ảnh, hình)"
casualty,noun,[casual]-ty,a person killed or injured in an accident or war,người thương vong
catastrophic,adjective,cata-[stroph]-ic,involving or causing sudden great damage or suffering,"thảm khốc, thảm họa"
chimp,noun,[chimp],"a chimpanzee, a great ape native to Africa",tinh tinh
cluster,noun,[cluster],a small group of similar things or people positioned close together,"cụm, nhóm"
confine,verb,con-[fine],to keep someone or something within certain limits,"giam giữ, giới hạn trong phạm vi"
conservationist,noun,con-[serv]-ation-ist,a person who advocates for or practices the protection of the environment,"nhà bảo tồn (môi trường, thiên nhiên)"
constraint,noun,con-[strain]-t,a limitation or restriction on something,"sự ràng buộc, giới hạn"
contradiction,noun,contra-[dict]-ion,a statement or fact that is opposite to or inconsistent with another; conflict between ideas,"sự mâu thuẫn, sự trái ngược"
cookery,noun,[cook]-ery,the practice or art of preparing and cooking food,nghệ thuật/việc nấu ăn
corrupt,adjective,cor-[rupt],"dishonest or unethical, especially involving bribery or abuse of power","tham nhũng, đồi bại"
corrupt,verb,cor-[rupt],"to cause someone to act dishonestly, or to damage/alter something (e.g. data) so it becomes faulty","làm tha hóa; làm hỏng, làm sai lệch (dữ liệu)"
council,noun,[council],"a group of people elected or appointed to make decisions, give advice, or govern",hội đồng
counterweight,noun,counter-[weight],a weight that balances or offsets another weight or influence,đối trọng
crescent,noun,[crescent],"the curved shape of the moon in its first or last quarter; a curved, moon-like shape","hình lưỡi liềm, mảnh trăng lưỡi liềm"
crumble,verb,[crumble],"to break or fall apart into small fragments, often gradually","vỡ vụn, rã ra, sụp đổ (dần dần)"
crumble,noun,[crumble],"a baked dessert of stewed fruit topped with a crumbly mixture of flour, butter and sugar (British)",món tráng miệng trái cây phủ lớp bột giòn (kiểu Anh)
cupboard,noun,[cup]-[board],"a piece of furniture with doors and shelves, used for storage","tủ (đựng đồ), tủ chén"
decoy,noun,[decoy],"something used to lure or mislead a person or animal, such as an artificial bird used to attract game",mồi nhử
definitely,adverb,[definite]-ly,without doubt; certainly,"chắc chắn, dứt khoát"
divert,verb,di-[vert],"to change the course or direction of something, or to distract attention",chuyển hướng; làm phân tâm
doorstep,noun,[door]-[step],a step leading up to the outer door of a house,bậc thềm trước cửa nhà
durable,adjective,[dur]-able,able to withstand wear and continue to exist for a long time,"bền, lâu bền"
dusty,adjective,[dust]-y,covered with or full of dust,"đầy bụi, phủ bụi"
earnings,noun,[earn]-ings,"money earned from work, business, or investment","thu nhập, tiền lương/lợi nhuận"
economical,adjective,[econom]-ical,"giving good value in relation to the money, time, or effort spent; thrifty","tiết kiệm, có hiệu quả kinh tế"
eeg,noun,[EEG],a test (electroencephalogram) that records the electrical activity of the brain,điện não đồ
ember,noun,[ember],a small piece of burning or glowing coal or wood in a dying fire,"than hồng, than tro"
empathy,noun,em-[path]-y,the ability to understand and share the feelings of another person,"sự đồng cảm, sự thấu cảm"
entertain,verb,enter-[tain],to provide amusement or enjoyment for someone; to receive and host guests,"giải trí (cho ai); chiêu đãi, tiếp đãi (khách)"
etc,adverb,[etc.],"used at the end of a list to indicate that further, similar items could be included; and so on",vân vân
everybody,pronoun,every-[body],every person; all people,mọi người
extensive,adjective,ex-[tens]-ive,"covering a large area, or wide in scope or amount","rộng lớn, sâu rộng, trên diện rộng"
fertile,adjective,[fertile],(of land) able to produce abundant vegetation or crops; (of a person or animal) able to produce offspring,"màu mỡ, phì nhiêu; có khả năng sinh sản"
firewood,noun,[fire]-[wood],wood that is burned as fuel,củi
fixture,noun,[fix]-ture,a piece of equipment or furniture fixed permanently in place,thiết bị/vật cố định (gắn liền)
furniture,noun,[furniture],"movable objects, such as chairs and tables, used to make a room fit for living or working","đồ nội thất, đồ đạc"
generosity,noun,[generous]-ity,"the quality of being kind, giving, and willing to share","sự hào phóng, rộng lượng"
geographic,adjective,geo-[graph]-ic,"relating to geography, the physical features of the earth and its regions",(thuộc) địa lý
geology,noun,geo-[log]-y,"the science that studies the earth's physical structure, substance, and history",địa chất học
heroin,noun,[heroin],a highly addictive opioid drug derived from morphine,"heroin, bạch phiến"
hinge,noun,[hinge],"a jointed device that allows a door, lid, or other part to swing or turn on a pivot",bản lề
hinge,verb,[hinge],to depend entirely on a particular factor or condition,"phụ thuộc vào, xoay quanh (điều gì)"
holistic,adjective,[hol]-ist-ic,characterized by treating the parts of something as intimately interconnected and explicable only by reference to the whole,"(mang tính) toàn diện, tổng thể"
housewife,noun,[house]-[wife],a married woman whose main occupation is running her household,người nội trợ
imaginary,adjective,[imagin]-ary,existing only in the imagination; not real,"tưởng tượng, hư cấu, không có thật"
immigrant,noun,im-[migr]-ant,a person who comes to live permanently in a foreign country,người nhập cư
imperial,adjective,[imperi]-al,"relating to an empire, or to the power and authority of an emperor or empress","(thuộc) đế quốc, hoàng đế"
inability,noun,in-[able]-ity,lack of ability or power to do something,"sự không có khả năng, sự bất lực"
inappropriate,adjective,in-[appropriate],not suitable or proper in the given circumstances,"không phù hợp, không thích hợp"
incorporate,verb,in-[corpor]-ate,to include something as part of a whole; to legally form a company or corporation,"hợp nhất, kết hợp; thành lập (công ty)"
inequality,noun,in-[equal]-ity,"lack of equality, e.g. in status, rights, or opportunities between people",sự bất bình đẳng
inevitable,adjective,in-[evit]-able,certain to happen; unavoidable,"tất yếu, không thể tránh khỏi"
inference,noun,in-[fer]-ence,a conclusion reached on the basis of evidence and reasoning,"sự suy luận, suy diễn"
innocent,adjective,in-[noc]-ent,not guilty of a crime or offense; free from moral wrong or naive,"vô tội; ngây thơ, trong sáng"
instruct,verb,in-[struct],to teach someone a skill or subject; to give an order or direction,"hướng dẫn, dạy; ra lệnh, chỉ thị"
intruder,noun,in-[trud]-er,a person who enters a place or situation without permission,"kẻ xâm nhập, kẻ đột nhập"
intuitive,adjective,in-[tuit]-ive,based on what one feels to be true without conscious reasoning; easy to use without explanation,"(mang tính) trực giác; dễ hiểu, dễ dùng theo bản năng"
inventive,adjective,in-[vent]-ive,having the ability to create new things or think of new ideas; creative,"sáng tạo, giàu óc sáng kiến"
itinerary,noun,[itiner]-ary,a planned route or detailed schedule of a journey,lịch trình (chuyến đi)
jelly,noun,[jelly],"a soft, semi-solid food made with gelatin, often fruit-flavored","thạch, mứt đông"
june,noun,[June],the sixth month of the year,tháng Sáu
juror,noun,[jur]-or,a member of a jury sworn to give a verdict in a legal case,bồi thẩm viên
kid,noun,[kid],"a child, especially a young one (informal); also a young goat",đứa trẻ (thân mật); dê con
kid,verb,[kid],to tease or deceive someone playfully; to joke,"trêu đùa, nói đùa"
laptop,noun,lap-[top],"a small, portable computer that can be used on one's lap",máy tính xách tay
laser,noun,[laser],"a device that produces a narrow, intense beam of light through amplified, coherent radiation","tia laser, thiết bị laser"
liability,noun,[liable]-ity,the state of being legally responsible for something; a debt or financial obligation,trách nhiệm pháp lý; khoản nợ/gánh nặng
linton,noun,[Linton],"a surname and English place name, also used as a character name in literature","Linton (tên riêng/họ người, địa danh)"
louis,noun,[Louis],"a male given name, notably borne by several kings of France",Louis (tên riêng nam)
mandarin,noun,[mandarin],"a small citrus fruit with a loose, easily peeled orange skin; also the standard form of the Chinese language",quả quýt; tiếng Quan Thoại (tiếng Trung phổ thông)
mandate,noun,[mand]-ate,"an official order or authorization to act, especially one given by voters to a government","sự ủy quyền, nhiệm vụ (do bầu cử trao cho)"
mandate,verb,[mand]-ate,"to give official authority to someone, or to require something by law",ủy quyền cho; bắt buộc theo luật định
manuscript,noun,[manu]-[script],"a book or document written by hand, or an author's text before it is published",bản thảo
mechanic,noun,[mechan]-ic,"a skilled worker who repairs and maintains machinery, especially vehicle engines","thợ máy, thợ sửa xe"
merton,noun,[Merton],an English place name (e.g. a district of London and a college at Oxford) and surname,Merton (tên riêng/địa danh)
microphone,noun,micro-[phone],a device that converts sound waves into electrical signals for amplification or recording,micrô
mindedness,noun,[mind]-ed-ness,"a specified way of thinking or a particular mental attitude, usually as part of a compound word","khuynh hướng tư duy, tâm thế (thường trong từ ghép)"
mitigate,verb,[mitig]-ate,"to make something less severe, serious, or painful","giảm nhẹ, làm dịu bớt"
mop,noun,[mop],"a tool with a bundle of absorbent material on a long handle, used for washing floors",cây lau nhà
mop,verb,[mop],to clean a floor or surface using a mop,lau (sàn nhà) bằng cây lau
multilingual,adjective,multi-[lingu]-al,able to speak or use several languages,đa ngôn ngữ
myanmar,noun,[Myanmar],"a country in Southeast Asia, formerly known as Burma",Myanmar (trước đây gọi là Miến Điện)
mysterious,adjective,[mystery]-ous,"difficult or impossible to understand, explain, or identify; puzzling","bí ẩn, huyền bí, khó hiểu"
nectar,noun,[nectar],a sweet liquid produced by flowers and collected by bees; a sweet drink,mật hoa
notification,noun,[not]-ification,a message informing someone of something; the act of notifying,thông báo
occurrence,noun,oc-[cur]-rence,an incident or event; the fact of something happening,"sự việc xảy ra, sự kiện"
opt,verb,[opt],to make a choice from a range of possibilities,lựa chọn
ought,verb,[ought],"used to indicate duty, correctness, or what is expected, similar to should","nên, phải (diễn tả nghĩa vụ/khuyến nghị)"
paris,noun,[Paris],the capital city of France,Paris (thủ đô nước Pháp)
persist,verb,per-[sist],to continue firmly in a course of action despite difficulty or opposition,"kiên trì, tiếp tục bất chấp khó khăn"
persistent,adjective,per-[sist]-ent,continuing firmly or obstinately in a course of action; continuing to exist for a long time,"kiên trì; dai dẳng, kéo dài"
physicist,noun,[physic]-ist,a scientist who specializes in the study of physics,nhà vật lý học
playground,noun,[play]-[ground],"an outdoor area, usually with equipment, where children play",sân chơi
potato,noun,[potato],a starchy edible tuber that is a staple vegetable,khoai tây
pottery,noun,[pot]-tery,"pots, dishes, and other items made of fired clay; the craft of making them",đồ gốm; nghề làm gốm
quarrel,noun,[quarrel],an angry argument or disagreement between people,"cuộc cãi vã, sự xích mích"
quarrel,verb,[quarrel],to have an angry argument or disagreement,"cãi nhau, tranh cãi"
recommendation,noun,re-com-[mend]-ation,a suggestion about the best course of action; a formal statement endorsing someone or something,"sự đề xuất, lời khuyến nghị, lời giới thiệu"
remarkably,adverb,re-[mark]-ably,in a way that is worthy of attention or surprising; extraordinarily,"một cách đáng chú ý, đáng kinh ngạc"
representative,noun,re-[present]-ative,a person chosen or elected to act or speak on behalf of others,người đại diện
representative,adjective,re-[present]-ative,"typical of a class, group, or category; serving as a good example","(mang tính) đại diện, tiêu biểu"
rim,noun,[rim],"the outer edge of something circular, such as a wheel or a cup","vành, mép (vật hình tròn)"
safeguard,noun,[safe]-[guard],a measure taken to protect someone or something from harm,"biện pháp bảo vệ, biện pháp phòng ngừa"
safeguard,verb,[safe]-[guard],to protect someone or something from harm or damage,"bảo vệ, che chở"
salty,adjective,[salt]-y,"tasting of, or containing, salt",mặn
saturate,verb,[satur]-ate,to soak something thoroughly with liquid; to fill something completely,"làm bão hòa, thấm đẫm, tràn ngập"
scoreboard,noun,[score]-[board],a board that displays the score of a game or match,bảng tỷ số
sensibly,adverb,[sens]-ibly,in a way that shows good judgment and practical sense; reasonably,"một cách khôn ngoan, hợp lý, sáng suốt"
shipwreck,noun,[ship]-[wreck],"the destruction of a ship at sea, or the wrecked remains of a ship","vụ đắm tàu, xác tàu đắm"
significance,noun,[sign]-ificance,"the quality of being important, or the particular meaning of something","ý nghĩa, tầm quan trọng"
stave,noun,[stave],a strong wooden stick or pole; one of the curved wooden strips forming a barrel; a musical staff of five lines,thanh gỗ dài; khuông nhạc
studio,noun,[studio],"a room where an artist works, or a company/room used to produce music, film, or broadcasts","xưởng vẽ, phòng thu, hãng phim"
substantive,adjective,sub-[stant]-ive,"having a firm basis in reality; important, meaningful, or considerable","thực chất, quan trọng, đáng kể"
sunny,adjective,[sun]-ny,bright with sunlight; cheerful and optimistic,"đầy nắng; vui vẻ, lạc quan"
surgeon,noun,[surgeon],a medical doctor who is qualified to perform surgery,bác sĩ phẫu thuật
surprisingly,adverb,sur-[pris]-ingly,in a way that causes surprise; unexpectedly,"một cách đáng ngạc nhiên, bất ngờ"
sweat,noun,[sweat],"moisture excreted through the pores of the skin, especially from heat or exertion",mồ hôi
sweat,verb,[sweat],to excrete moisture through the pores of the skin,"đổ mồ hôi, toát mồ hôi"
swirl,verb,[swirl],"to move in a twisting, spiraling pattern","xoáy, cuộn xoáy, xoay tròn"
sydney,noun,[Sydney],the largest city in Australia,Sydney (thành phố lớn nhất Australia)
tan,adjective,[tan],"having a light brown color, especially of skin darkened by sun exposure","(làn da) rám nắng, màu nâu nhạt"
tan,verb,[tan],(of skin) to become brown from exposure to the sun; to convert animal hide into leather,rám nắng (do phơi nắng); thuộc da
tolerance,noun,[toler]-ance,"the ability or willingness to accept or endure something, especially differing views or behavior","sự khoan dung, sức chịu đựng"
tributary,noun,[tribut]-ary,a river or stream that flows into a larger river or lake,"sông nhánh, phụ lưu"
unequal,adjective,un-[equal],"not equal in amount, size, value, or status; unfair","không đồng đều, không công bằng"
unfortunately,adverb,un-[fortun]-ate-ly,it is unfortunate that; used to introduce an undesirable or regrettable fact,"thật không may, đáng tiếc là"
unrestricted,adjective,un-re-[strict]-ed,not limited or controlled; free from restrictions,"không bị hạn chế, tự do"
urgently,adverb,[urg]-ent-ly,in a way that requires immediate action or attention,"một cách khẩn cấp, gấp rút"
utility,noun,[util]-ity,"the state of being useful or beneficial; a public service such as electricity, gas, or water supply","tính hữu ích; dịch vụ công cộng (điện, nước...)"
varnish,noun,[varnish],"a clear liquid that dries to form a hard, shiny protective coating on wood or other surfaces","véc-ni, sơn bóng"
verbal,adjective,[verb]-al,"relating to or expressed in words, especially spoken rather than written","bằng lời nói, (thuộc) ngôn từ"
violin,noun,[violin],"a stringed musical instrument played with a bow, held under the chin",đàn vi-ô-lông
walpole,noun,[Walpole],"an English surname (notably Robert Walpole, the first British Prime Minister) and place name","Walpole (tên riêng/họ người, địa danh)"
wholly,adverb,[whole]-ly,"entirely, completely",hoàn toàn
willingly,adverb,[willing]-ly,in a way that shows readiness or eagerness to do something without being forced,"một cách sẵn lòng, tự nguyện"
accredit,verb,ac-[cred]-it,to officially recognize a person or institution as meeting a required standard,"công nhận, chứng nhận đạt chuẩn"
accustom,verb,ac-[custom],to make a person or thing familiar with something new through frequent exposure or practice,làm cho quen với (điều gì)
actuarial,adjective,[actuar]-ial,relating to the statistical calculation of insurance risks and premiums,(thuộc) tính toán bảo hiểm/rủi ro thống kê
additive,noun,ad-[dit]-ive,"a substance added to another substance to improve, preserve, or alter it",chất phụ gia
aggregate,noun,ag-[greg]-ate,a whole formed by combining several separate elements or amounts; a total,"tổng thể, tổng số"
alison,noun,[Alison],a female given name,Alison (tên riêng nữ)
aloud,adverb,a-[loud],"audibly; in a voice that can be heard, not silently","to lên, thành tiếng (đọc to)"
ancestral,adjective,[ancestr]-al,"inherited from, or belonging to, one's ancestors","(thuộc) tổ tiên, do tổ tiên truyền lại"
apparatus,noun,[apparatus],the equipment or tools needed for a particular activity or purpose,"thiết bị, bộ máy, dụng cụ"
apparently,adverb,ap-[par]-ent-ly,"as far as one knows or can see; seemingly, though not necessarily true","rõ ràng là, có vẻ như, nghe nói là"
appropriately,adverb,ap-[propri]-ate-ly,in a suitable or fitting way for the circumstances,"một cách thích hợp, phù hợp"
aquifer,noun,[aqui]-[fer],an underground layer of rock or sediment that holds and transmits groundwater,tầng chứa nước ngầm
arabic,adjective,[Arabic],"relating to Arabia, the Arabs, or their language and culture",(thuộc) Ả Rập
arabic,noun,[Arabic],the Semitic language spoken across the Arab world,tiếng Ả Rập
armchair,noun,[arm]-[chair],a chair with side supports for a sitter's arms,"ghế bành, ghế có tay vịn"
aroma,noun,[aroma],"a distinctive, typically pleasant smell",hương thơm
bandwidth,noun,[band]-[width],the range of frequencies used to transmit a signal; (informal) one's capacity to deal with things,băng thông; (nghĩa bóng) nguồn lực/khả năng xử lý
brutal,adjective,[brut]-al,"savagely violent; harsh, unpleasant, and direct","tàn bạo, dã man; thẳng thừng"
burnout,noun,[burn]-out,physical or mental exhaustion caused by prolonged stress or overwork; failure of a part through overheating,sự kiệt sức (do làm việc quá sức)
calibration,noun,[calibr]-ation,the process of checking and adjusting the accuracy of a measuring instrument,sự hiệu chuẩn
cambridge,noun,[Cambridge],"an English city famous for its university; also a city in Massachusetts, USA",Cambridge (thành phố Anh nổi tiếng với đại học)
cannon,noun,[cannon],"a large, heavy piece of artillery that fires solid or explosive projectiles","đại bác, súng thần công"
capsize,verb,[capsize],(of a boat) to overturn in the water,"lật úp (thuyền, tàu)"
captive,noun,[capt]-ive,a person who has been taken prisoner or is confined against their will,"tù nhân, người bị giam giữ"
captive,adjective,[capt]-ive,imprisoned or confined; unable to escape,"bị giam cầm, bị giữ lại"
catalogue,noun,[catalog]-ue,"a complete list of items, typically published with descriptions, such as products or a library's holdings","danh mục, ca-ta-lô"
cataract,noun,[cataract],a medical condition causing clouding of the eye's lens and blurred vision; also a large waterfall,bệnh đục thủy tinh thể; thác nước lớn
chef,noun,[chef],"a professional cook, especially the chief cook in a restaurant",đầu bếp
chick,noun,[chick],"a young bird, especially a young chicken","gà con, chim non"
chill,noun,[chill],an unpleasant feeling of coldness; a moderate but uncomfortable degree of cold,"cái lạnh, cảm giác ớn lạnh"
chill,verb,[chill],to make or become cold; (informal) to relax,"làm lạnh, ướp lạnh; (thân mật) thư giãn"
christian,adjective,[Christ]-ian,relating to Christianity or its teachings and followers,(thuộc) Cơ đốc giáo
christian,noun,[Christ]-ian,a person who follows or believes in Christianity,tín đồ Cơ đốc giáo
circulate,verb,[circul]-ate,"to move continuously in a circuit; to spread or distribute something, such as news or blood","lưu thông, tuần hoàn; lan truyền"
clarity,noun,[clar]-ity,"the quality of being clear, transparent, or easy to understand","sự rõ ràng, minh bạch"
clash,noun,[clash],a violent confrontation or strong disagreement between people or ideas,"cuộc xung đột, va chạm, mâu thuẫn"
cockroach,noun,[cockroach],"a nocturnal, flat-bodied insect that is a common household pest",con gián
commission,noun,com-[miss]-ion,"an official group of people given authority over a particular task or area, or a sum of money paid to someone for selling goods or services","một ủy ban được giao thẩm quyền phụ trách lĩnh vực nào đó, hoặc tiền hoa hồng"
commission,verb,com-[miss]-ion,to formally instruct or authorize someone to produce or perform something,"đặt hàng, ủy quyền thực hiện (một tác phẩm, công trình...)"
companion,noun,[companion],a person or animal that accompanies or spends time with another,"bạn đồng hành, người bạn cùng đi"
competitiveness,noun,[compete]-itive-ness,the quality of being able to compete successfully with others,tính cạnh tranh
computational,adjective,[compute]-ation-al,relating to computers or the process of computation,"thuộc về tính toán, (liên quan) máy tính"
consensus,noun,[consensus],general agreement among all members of a group,"sự đồng thuận, sự nhất trí"
continuously,adverb,[continue]-ous-ly,in a way that does not stop or pause; without interruption,"một cách liên tục, không ngừng"
conversion,noun,con-[vert]-ion,"the process of changing something from one form, state, or use into another",sự chuyển đổi
coo,verb,[coo],"to make a soft, low murmuring sound, as a dove does, or to speak in a soft, affectionate voice",gù (như chim bồ câu); nói khẽ âu yếm
cortex,noun,[cortex],"the outer layer of an organ, especially the brain","vỏ (não), lớp vỏ ngoài của cơ quan"
counterpart,noun,counter-[part],a person or thing that corresponds to or has the same function as another,đối tác/vật tương ứng
cushion,noun,[cushion],"a soft bag filled with padding, used for sitting, resting on, or as decoration","cái đệm, gối tựa"
customary,adjective,[custom]-ary,according to habitual practice; usual or traditional,"theo thông lệ, thường lệ"
cutlery,noun,[cutler]-y,"knives, forks, and spoons used for eating or serving food","dao kéo, dụng cụ ăn uống"
defect,noun,de-[fect],"a fault or shortcoming that impairs the function, appearance, or value of something","khuyết điểm, lỗi (sản phẩm)"
defect,verb,de-[fect],"to abandon one's country, party, or cause in favor of an opposing one","đào tẩu, đào ngũ, bỏ phe theo phe khác"
degradation,noun,de-[grade]-ation,"the process of being reduced to a lower quality, condition, or level","sự suy thoái, xuống cấp"
delve,verb,[delve],to search or investigate a subject or place thoroughly and in depth,"đào sâu tìm hiểu, nghiên cứu kỹ"
demonstrative,adjective,[demonstrate]-ive,"tending to openly express one's feelings, especially affection","hay bộc lộ tình cảm, biểu cảm rõ ràng"
dependable,adjective,de-[pend]-able,able to be trusted or relied on,đáng tin cậy
disability,noun,dis-[ability],"a physical or mental condition that limits a person's movements, senses, or activities",khuyết tật
disastrous,adjective,[disaster]-ous,causing great damage or harm; extremely unsuccessful,"thảm khốc, tai hại"
discrimination,noun,[discriminate]-ion,"unjust or prejudicial treatment of people based on category such as race, age, or sex; also, the ability to recognize fine distinctions",sự phân biệt đối xử; khả năng phân biệt tinh tế
duplicate,verb,du-[plic]-ate,to make an exact copy of something,"sao chép, nhân bản"
emigrate,verb,e-[migrate],to leave one's own country to settle permanently in another,di cư (rời khỏi quê hương ra nước ngoài)
endeavor,noun,[endeavor],"an attempt to achieve a goal, especially a difficult or ambitious one","nỗ lực, sự cố gắng"
entrench,verb,en-[trench],"to establish something so firmly that it is very difficult to change; also, to fortify with a trench","củng cố vững chắc, ăn sâu bén rễ"
etiquette,noun,[etiquette],the customary code of polite behavior expected in society or a particular group,"phép xã giao, nghi thức lịch sự"
exploration,noun,[explore]-ation,the action of traveling through an unfamiliar area or subject in order to learn about it,"sự khám phá, thám hiểm"
extracurricular,adjective,extra-[curricular],done outside the normal school or college curriculum,ngoại khóa
fifth,adjective,[five]-th,next in order after fourth; one of five equal parts,thứ năm
figurehead,noun,[figure]-[head],a person who is the nominal leader of a group but has little real power; also a carved figure on a ship's bow,người đứng đầu chỉ mang tính hình thức; hình tượng trang trí mũi tàu
firearm,noun,[fire]-[arm],a portable gun such as a rifle or pistol,"súng cầm tay, vũ khí nóng"
formation,noun,[form]-ation,"the action of forming something, or a particular arrangement or structure","sự hình thành; đội hình, cấu tạo"
formative,adjective,[form]-ative,"serving to shape or influence development, especially at an early stage","có tính hình thành, định hình (giai đoạn đầu)"
fray,noun,[fray],"a fight, argument, or heated contest","cuộc ẩu đả, cuộc tranh cãi"
fray,verb,[fray],"to become worn or to unravel at the edge, especially of fabric or rope","sờn rách, bung sợi (vải, dây)"
fridge,noun,[fridge],an appliance for storing food and drink at a low temperature; refrigerator,tủ lạnh
gadget,noun,[gadget],"a small mechanical or electronic device or tool, especially an ingenious one",thiết bị/dụng cụ nhỏ tiện ích
gait,noun,[gait],a person's or animal's manner of walking or running,dáng đi
gel,noun,[gel],"a thick, clear jelly-like substance, especially used for hair styling or cosmetics","gel (chất sệt, keo)"
genre,noun,[genre],"a category of artistic work characterized by a particular style, form, or content","thể loại (văn học, nghệ thuật)"
gently,adverb,[gentle]-ly,"in a kind, mild, or careful manner",một cách nhẹ nhàng
gesture,noun,[gesture],"a movement of part of the body, especially the hands, used to express meaning or feeling",cử chỉ
glimpse,noun,[glimpse],a brief or partial view or look at something,cái nhìn thoáng qua
globalization,noun,[global]-ization,"the process by which businesses, cultures, and economies become interconnected worldwide",toàn cầu hóa
guideline,noun,[guide]-[line],"a general rule, principle, or piece of advice indicating how something should be done","hướng dẫn, chỉ dẫn (nguyên tắc chỉ đạo)"
ham,noun,[ham],"meat from a pig's thigh, salted or smoked for eating","thịt giăm bông, thịt đùi lợn xông khói"
han,noun,[Han],"relating to the Han, the largest ethnic group in China, or the Han dynasty",người Hán / nhà Hán (Trung Quốc)
hebrew,noun,[Hebrew],"the Semitic language of the Jewish people, especially as spoken historically and as the official language of Israel",tiếng Hebrew (tiếng Do Thái)
hectic,adjective,[hectic],"full of frantic, rushed activity; very busy","bận rộn, hối hả, tất bật"
heirloom,noun,[heir]-[loom],a valuable object that has been passed down within a family for generations,vật gia truyền
immersive,adjective,[immerse]-ive,providing a deeply engaging experience that surrounds or absorbs the participant,"mang tính nhập vai, đắm chìm (trải nghiệm)"
impartial,adjective,im-[partial],treating all sides equally; not favoring one side over another; unbiased,"công bằng, không thiên vị"
initially,adverb,[initial]-ly,at the beginning; at first,"ban đầu, lúc đầu"
interference,noun,[interfere]-nce,the action of interfering or intervening in a situation to affect its outcome,"sự can thiệp, sự gây nhiễu"
intonation,noun,in-[tone]-ation,the rise and fall of the voice in speaking; the pattern of pitch in speech,ngữ điệu
iodine,noun,[iodine],"a chemical element (symbol I), a non-metal used as an antiseptic and essential nutrient",i-ốt
junk,noun,[junk],old or discarded articles regarded as useless or of little value,"đồ tạp nham, đồ bỏ đi"
khan,noun,[khan],"a title used by rulers and officials in Central Asia, especially among Mongol and Turkic peoples",hãn (danh hiệu vua/thủ lĩnh ở Trung Á)
langmuir,noun,[Langmuir],"the surname of American chemist Irving Langmuir, also used in scientific terms such as the Langmuir probe","Langmuir (tên riêng, nhà khoa học Mỹ; cũng dùng trong thuật ngữ khoa học)"
legged,adjective,[leg]-ged,"having legs of a specified number or kind (used in combination, e.g. four-legged)","có chân (dùng kết hợp, VD: four-legged là bốn chân)"
mango,noun,[mango],a tropical fruit with sweet yellow-orange flesh,quả xoài
maori,noun,[Maori],"the indigenous Polynesian people of New Zealand, or their language",người Maori (dân bản địa New Zealand) / tiếng Maori
memphis,noun,[Memphis],"a city in Tennessee, USA, or an ancient capital of Egypt","Memphis (thành phố ở Mỹ, hoặc kinh đô cổ Ai Cập)"
mexico,noun,[Mexico],a country in North America,Mexico (một quốc gia ở Bắc Mỹ)
mint,noun,[mint],an aromatic herb used for flavoring food and drinks,cây bạc hà
mist,noun,[mist],a cloud of tiny water droplets suspended in the air near the ground; light fog,sương mù nhẹ
morse,noun,[Morse],"a code in which letters and numbers are represented by dots and dashes, used historically for telegraph communication",mã Morse
musket,noun,[musket],"a light gun with a long barrel, used before the development of rifles",súng hỏa mai (súng cổ)
negotiation,noun,[negotiate]-ion,discussion between parties aimed at reaching an agreement,"sự đàm phán, thương lượng"
netherlands,noun,[Netherlands],a country in northwestern Europe,Hà Lan
newcomer,noun,[new]-[comer],a person who has recently arrived in a place or begun a new activity,người mới đến
nitrogen,noun,[nitrogen],"a colorless, odorless gas that makes up about 78% of the Earth's atmosphere (chemical symbol N)",ni-tơ (khí nitơ)
nomad,noun,[nomad],a member of a people who move from place to place rather than settling permanently,người du mục
objectively,adverb,[object]-ive-ly,in a way that is not influenced by personal feelings or opinions; based on facts,một cách khách quan
oxford,noun,[Oxford],"a city in England famous for its university, or a style of laced shoe",Oxford (thành phố ở Anh) / giày oxford
pavement,noun,[pave]-ment,a paved path for pedestrians at the side of a road; sidewalk,"vỉa hè, mặt đường lát"
persistence,noun,[persist]-ence,the fact of continuing firmly in a course of action despite difficulty or opposition,"sự kiên trì, bền bỉ"
plough,noun,[plough],a farming tool pulled through the soil to turn it over before planting,cái cày
preparatory,adjective,[prepare]-atory,serving as preparation for something,"có tính chuẩn bị, dự bị"
procedure,noun,pro-[cede]-ure,"an established or official way of doing something, especially a series of steps","quy trình, thủ tục"
prop,noun,[prop],"an object used to support a structure, or an item used by actors in a play or film",vật chống đỡ; đạo cụ (sân khấu)
receptor,noun,re-[cept]-or,a specialized cell or structure that responds to a stimulus and transmits a signal,thụ thể (tế bào cảm thụ)
reforestation,noun,re-[forest]-ation,the process of planting trees again in an area where forest has been cleared,"sự trồng lại rừng, tái tạo rừng"
regeneration,noun,re-[generate]-ion,"the process of renewal, regrowth, or restoration, especially of tissue or a damaged area","sự tái sinh, phục hồi"
reinforcement,noun,re-in-[force]-ment,"additional support, personnel, or material used to strengthen something","sự tăng cường, lực lượng/vật liệu tiếp viện"
relevance,noun,[relevant]-ce,the quality of being closely connected or appropriate to the matter at hand,"sự liên quan, tính thích đáng"
resistant,adjective,re-[sist]-ant,not affected or harmed by something; able to withstand a particular influence,"có khả năng chống lại, kháng (VD: kháng thuốc)"
restraint,noun,[restrain]-t,a measure or condition that keeps someone or something under control; self-control,"sự kiềm chế, hạn chế"
revive,verb,re-[vive],"to bring back to life, health, consciousness, or vigor","hồi sinh, làm sống lại, phục hồi"
revolve,verb,re-[volve],to move in a circle around a central point; to rotate,"quay, xoay quanh (một trục)"
robert,noun,[Robert],"a common male given name of Germanic origin, meaning 'bright fame'",Robert (tên riêng nam giới)
russia,noun,[Russia],a large country spanning Eastern Europe and northern Asia,nước Nga
scrap,noun,[scrap],a small piece or amount of something left over; waste or discarded material,"mẩu vụn, phế liệu"
scrap,verb,[scrap],"to abandon or discard a plan, project, or item as no longer useful","hủy bỏ, loại bỏ (kế hoạch, xe cũ...)"
scroll,noun,[scroll],"a roll of paper or parchment, especially one with writing on it","cuộn giấy, cuộn kinh"
scroll,verb,[scroll],"to move displayed text or images up, down, or across a screen to view different parts","cuộn (màn hình, trang web)"
seabird,noun,[sea]-[bird],a bird that lives near the sea and feeds on marine life,chim biển
semaphore,noun,[semaphore],"a system of sending signals or messages using flags, lights, or arm positions",hệ thống tín hiệu semaphore (cờ hiệu)
separately,adverb,[separate]-ly,apart from each other; individually rather than together,một cách riêng biệt
shoreline,noun,[shore]-[line],the line where a body of water meets the land; coastline,"đường bờ biển, bờ hồ"
sibling,noun,[sibling],a brother or sister,anh chị em ruột
simulate,verb,[simulate],"to imitate the appearance, conditions, or characteristics of something; to create a model of a process","mô phỏng, giả lập"
snack,noun,[snack],a small amount of food eaten between main meals,"đồ ăn nhẹ, đồ ăn vặt"
spillway,noun,[spill]-[way],a passage for surplus water to run over or around a dam,đường tràn nước (của đập)
spoke,noun,[spoke],one of the rods connecting the hub of a wheel to its rim,nan hoa (bánh xe)
spray,noun,[spray],"liquid dispersed in a mass of very small drops, especially from a pressurized container","chất xịt, phun sương"
staple,noun,[staple],"a main or regularly used item, especially a basic type of food, or a small wire fastener used to bind papers together","mặt hàng/lương thực chủ lực, thiết yếu; cái ghim bấm"
steve,noun,[Steve],"a common male given name, short for Stephen","Steve (tên riêng nam, gọi tắt của Stephen)"
storefront,noun,[store]-[front],"the side of a store facing the street, including its display windows and entrance",mặt tiền cửa hàng
strand,noun,[strand],"a single thin length of thread, hair, wire, or fiber","sợi (tóc, dây...)"
strand,verb,[strand],"to leave someone or something in a place without any means of leaving, such as after a mishap","làm mắc kẹt, bỏ rơi"
strap,noun,[strap],"a strip of leather or other material used to fasten, secure, or carry something","dây đai, quai"
structurally,adverb,[structure]-al-ly,in terms of how something is built or organized,về mặt cấu trúc
subjective,adjective,[subject]-ive,based on personal opinions or feelings rather than facts,mang tính chủ quan
supposedly,adverb,[suppose]-ed-ly,"according to what is generally assumed or claimed, often with an implication of doubt","được cho là, nghe nói là (có vẻ như)"
surrender,verb,sur-[render],"to give up, cease resistance, and submit to an opponent's authority","đầu hàng, từ bỏ"
susceptible,adjective,sus-[cept]-ible,"likely to be influenced, harmed, or affected by something; vulnerable","dễ bị ảnh hưởng, dễ mắc phải (bệnh...)"
tempo,noun,[tempo],"the speed at which a piece of music is played, or the pace of an activity",nhịp độ (âm nhạc/hoạt động)
temporarily,adverb,[temporary]-ily,for a limited period of time; not permanently,tạm thời
terrify,verb,[terr]-ify,to fill someone with intense fear; to frighten greatly,"làm kinh hãi, làm sợ hãi tột độ"
thaw,verb,[thaw],"to become liquid again after being frozen; to melt, or figuratively to become friendlier","tan (băng, tuyết); làm dịu đi (mối quan hệ)"
thunderstorm,noun,[thunder]-[storm],"a storm with thunder and lightning, usually accompanied by heavy rain",cơn giông (có sấm sét)
tile,noun,[tile],"a thin, flat piece of baked clay, stone, or other material used to cover roofs, floors, or walls","viên gạch lát, ngói"
tilt,verb,[tilt],to move or cause to move into a sloping position; to tip,"nghiêng, làm nghiêng"
tolerate,verb,[tolerate],to allow the existence of something one dislikes without interference; to endure something difficult,"chịu đựng, khoan dung, dung thứ"
tournament,noun,[tournament],"a series of contests between a number of competitors, competing for an overall prize",giải đấu
toxin,noun,[tox]-in,"a poisonous substance, especially one produced by a living organism",chất độc (độc tố)
trustworthy,adjective,[trust]-[worthy],"able to be relied on as honest, reliable, or truthful",đáng tin cậy
turbine,noun,[turbine],"a machine that produces continuous rotary motion, driven by water, steam, or gas",tua-bin
unavailable,adjective,un-[available],"not available; not able to be used, obtained, or accessed","không có sẵn, không khả dụng"
understandably,adverb,[understandable]-ly,in a way that is reasonable and expected given the circumstances,"một cách dễ hiểu, có thể thông cảm được"
undertow,noun,under-[tow],"a current below the surface of the sea moving in a different direction from the surface current, often pulling swimmers out to sea",dòng chảy ngầm kéo ra biển
unproductive,adjective,un-[productive],not producing useful or worthwhile results,"không hiệu quả, kém năng suất"
untrained,adjective,un-[train]-ed,not having received training; lacking skill or education in a particular area,"chưa được đào tạo, huấn luyện"
unwilling,adjective,un-[willing],not willing to do something; reluctant,"không sẵn lòng, miễn cưỡng"
vein,noun,[vein],a blood vessel carrying blood toward the heart; also a streak or seam of mineral in rock,tĩnh mạch; mạch khoáng (trong đá)
veteran,noun,[veteran],"a person with long experience in a particular field, especially a former member of the armed forces","cựu chiến binh, người dày dạn kinh nghiệm"
victorian,adjective,[Victoria]-n,relating to the reign of Queen Victoria of Britain (1837-1901) or the styles and attitudes of that era,thuộc thời đại Victoria (Anh)
voltage,noun,[volt]-age,"an electrical potential difference, expressed in volts",điện áp (hiệu điện thế)
warp,verb,[warp],"to bend or twist out of shape, typically due to heat, moisture, or pressure","làm cong vênh, biến dạng"
weft,noun,[weft],the threads woven across the warp on a loom to make fabric,sợi ngang (trong dệt vải)
whirlpool,noun,[whirl]-[pool],"a rapidly rotating mass of water in a river or sea, often drawing objects toward its center",xoáy nước
wilt,verb,[wilt],"(of a plant) to become limp through heat, cold, or lack of water; to lose energy or vigor","héo (cây), rũ xuống (mất sức)"
wingspan,noun,[wing]-[span],"the distance between the tips of the wings of a bird, aircraft, or insect when fully spread",sải cánh
wobble,verb,[wobble],to move unsteadily from side to side,"lung lay, lắc lư (không vững)"
wobbly,adjective,[wobble]-y,unsteady; shaking or moving from side to side,"lung lay, không vững"
workbench,noun,[work]-[bench],a sturdy table at which manual or mechanical work is done,bàn làm việc (thợ mộc/cơ khí)
academia,noun,[academia],"the environment or community concerned with research, education, and scholarship; academic life","giới học thuật, môi trường hàn lâm"
academy,noun,[academy],"a place of study or training in a specialized field, or a secondary school, especially a private one","học viện, viện hàn lâm (trường chuyên)"
accompany,verb,ac-[company],to go somewhere with someone as a companion; to occur or exist at the same time as something else,"đi cùng, đồng hành; đi kèm với"
acoustic,adjective,[acoustic],"relating to sound or the sense of hearing, especially of instruments not using electronic amplification","thuộc về âm thanh, âm học (VD: đàn guitar acoustic)"
adequately,adverb,[adequate]-ly,in a way that is satisfactory or sufficient in quality or quantity,"một cách đầy đủ, thỏa đáng"
adventure,noun,ad-[venture],"an unusual, exciting, or daring experience or undertaking","cuộc phiêu lưu, mạo hiểm"
agenda,noun,[agenda],"a list of items to be discussed at a meeting, or an underlying plan or set of intentions","chương trình nghị sự, kế hoạch"
algorithm,noun,[algorithm],a step-by-step set of rules or instructions for solving a problem or performing a computation,"một thuật toán, tập hợp các bước hoặc quy tắc để giải quyết vấn đề hoặc thực hiện tính toán"
annually,adverb,[annual]-ly,happening or done once every year,"hàng năm, mỗi năm một lần"
anonymous,adjective,an-[onym]-ous,not identified by name; of unknown identity,"ẩn danh, không rõ danh tính"
anthropologist,noun,anthropo-[log]-ist,"a person who studies human societies, cultures, and their development","nhà nhân chủng học, người nghiên cứu về xã hội và văn hóa loài người"
applaud,verb,ap-[plaud],to show approval by clapping the hands,"vỗ tay tán thưởng, hoan nghênh"
arable,adjective,[arable],(of land) suitable for growing crops,"(đất) có thể canh tác, trồng trọt được"
arbitrary,adjective,[arbitrary],based on random choice or personal whim rather than reason or system,"tùy tiện, ngẫu hứng, không dựa trên lý do hay hệ thống rõ ràng"
archaeological,adjective,archaeo-[log]-ical,relating to the study of human history through excavation of sites and artifacts,thuộc về khảo cổ học
archer,noun,[archer],a person who shoots with a bow and arrow,"cung thủ, người bắn cung"
artwork,noun,[art]+[work],"paintings, drawings, or other creative visual works",tác phẩm nghệ thuật
asian,adjective,[Asia]-an,relating to Asia or its people,thuộc về châu Á
asian,noun,[Asia]-an,a person from Asia or of Asian descent,người châu Á
association,noun,[associate]-ion,a group of people organized for a joint purpose; a connection or relationship between things,"hiệp hội, tổ chức; sự liên kết, mối liên hệ"
atom,noun,a-[tom],"the smallest unit of a chemical element, consisting of a nucleus and electrons","nguyên tử, đơn vị nhỏ nhất của một nguyên tố hóa học"
attentive,adjective,at-[tent]-ive,paying close attention; considerate and helpful,"chăm chú, ân cần"
autism,noun,[aut]-ism,a developmental disorder affecting communication and social interaction,chứng tự kỷ
badge,noun,[badge],"a small emblem or sign worn to show identity, rank, or membership","huy hiệu, phù hiệu"
banana,noun,[banana],a long curved fruit with soft flesh and yellow skin,quả chuối
bathtub,noun,[bath]+[tub],a large container that holds water for bathing,bồn tắm
boulder,noun,[boulder],"a large rock, typically one detached from a larger mass",tảng đá lớn
bundle,noun,[bundle],a collection of items tied or wrapped together,"một bó, gói (đồ vật buộc lại với nhau)"
bundle,verb,[bundle],to tie or wrap items together into a compact group,"bó lại, gói lại thành một bó"
buzz,verb,[buzz],to make a continuous low humming sound,"kêu vo ve, o o"
buzz,noun,[buzz],"a continuous humming sound, or a feeling of excitement","tiếng vo ve; cảm giác hào hứng, xôn xao"
camel,noun,[camel],a large desert animal with one or two humps on its back,lạc đà
caregiver,noun,[care]+[give]-er,"a person who looks after someone who is sick, elderly, or disabled",người chăm sóc
carelessness,noun,[care]-less-ness,the quality of not giving enough attention or care,"sự bất cẩn, thiếu cẩn thận"
cautious,adjective,[caut]-ious,careful to avoid danger or mistakes,"thận trọng, cẩn thận"
celebration,noun,[celebrate]-ion,an event or activity held to mark a special occasion,"lễ kỷ niệm, sự ăn mừng"
censorship,noun,[censor]-ship,the suppression or control of information deemed objectionable,sự kiểm duyệt
cerebral,adjective,[cerebr]-al,"relating to the brain, or intellectual rather than emotional",thuộc về não bộ; thiên về trí tuệ
certification,noun,[cert]-ification,official confirmation that certain standards or qualifications have been met,"sự chứng nhận, cấp chứng chỉ"
charitable,adjective,[charity]-able,relating to giving help to those in need; generous and kind,"từ thiện, nhân từ"
charles,noun,[charles],a male given name,tên riêng (nam giới)
civic,adjective,[civ]-ic,"relating to a city, town, or the duties of citizens","thuộc về công dân, thị dân"
clap,verb,[clap],"to strike the palms of one's hands together, especially in applause",vỗ tay
clap,noun,[clap],"an act of striking the hands together, or a sudden loud sound",tiếng vỗ tay; tiếng nổ lớn (như sấm)
colt,noun,[colt],a young male horse,ngựa con (đực)
comma,noun,[comma],"a punctuation mark (,) used to indicate a pause or separation",dấu phẩy
communicative,adjective,[communicate]-ive,willing or able to share information or feelings readily,"dễ giao tiếp, cởi mở trong giao tiếp"
compact,adjective,com-[pact],tightly packed together into a small space,"nhỏ gọn, gọn nhẹ"
compact,verb,com-[pact],to press something together firmly into a smaller space,"nén chặt, ép chặt lại"
conformity,noun,con-[form]-ity,behavior in accordance with accepted standards or rules,"sự tuân thủ, sự phù hợp với chuẩn mực"
conquest,noun,con-[quest],"the act of conquering a country, territory, or people","sự chinh phục, cuộc chinh phạt"
conserve,verb,con-[serve],to protect from harm or loss; to use carefully to avoid waste,"bảo tồn, gìn giữ"
containment,noun,con-[tain]-ment,the action of keeping something harmful under control or within limits,"sự ngăn chặn, kiềm chế"
controversy,noun,contro-[vers]-y,prolonged public disagreement or heated discussion,"sự tranh cãi, tranh luận gây tranh cãi"
correlation,noun,cor-[relate]-ion,a mutual relationship between two or more things,mối tương quan
couch,noun,[couch],a long upholstered piece of furniture for sitting or lying on,"ghế đi văng, ghế sofa"
couch,verb,[couch],to express something in a particular style or form of words,"diễn đạt, thể hiện (bằng ngôn từ đặc biệt)"
counterproductive,adjective,counter-pro-[duct]-ive,having the opposite effect of what was intended,phản tác dụng
david,noun,[david],a male given name,tên riêng (nam giới)
dazzle,verb,[dazzle],"to impress greatly, or to blind briefly with excessive light","làm lóa mắt; làm choáng ngợp, gây ấn tượng mạnh"
debris,noun,[debris],scattered fragments of something destroyed or discarded,"mảnh vỡ, đống đổ nát"
decay,verb,de-[cay],to rot or decompose gradually,"phân hủy, mục nát, suy tàn"
decay,noun,de-[cay],the process of rotting or gradual decline,"sự phân hủy, sự suy tàn"
decoration,noun,[decorate]-ion,an ornament or object used to make something more attractive,đồ trang trí
decorative,adjective,[decorate]-ive,serving to make something look more attractive,mang tính trang trí
deforestation,noun,de-[forest]-ation,"the clearing of forests, typically for other land use",nạn phá rừng
demographic,adjective,demo-[graph]-ic,relating to the structure of populations,thuộc về nhân khẩu học
demographic,noun,demo-[graph]-ic,a segment of the population classified by shared characteristics,nhóm nhân khẩu học (một phân khúc dân số)
detach,verb,de-[tach],to disconnect or separate something from something else,"tháo rời, tách ra"
diploma,noun,[diploma],a certificate awarded for completing a course of study,"bằng cấp, chứng chỉ"
disc,noun,[disc],"a flat, thin, circular object",đĩa (vật tròn dẹt)
distortion,noun,dis-[tort]-ion,the action of twisting something out of its true shape or meaning,"sự biến dạng, bóp méo"
diversification,noun,di-[vers]-ification,the process of varying or expanding into different forms or areas,sự đa dạng hóa
dividend,noun,[divide]-nd,a sum of money paid to shareholders from company profits,cổ tức
dwell,verb,[dwell],to live in or at a specified place,"cư trú, sinh sống"
dweller,noun,[dwell]-er,a person or animal that lives in a specified place,người/loài sống tại một nơi nào đó
ecology,noun,eco-[log]-y,the study of the relationships between living organisms and their environment,sinh thái học
ecuador,noun,[ecuador],a country in South America,Ecuador (một quốc gia ở Nam Mỹ)
eli,noun,[eli],a male given name,tên riêng (nam giới)
embed,verb,em-[bed],"to fix firmly into a surrounding mass, or to insert into a larger context","gắn chặt vào, nhúng vào"
emit,verb,e-[mit],"to give off or release something, such as light, heat, or gas","phát ra, tỏa ra"
endowment,noun,en-[dow]-ment,a gift of money or property given to provide income for an institution,"khoản hiến tặng, quỹ tài trợ"
enrol,verb,en-[roll],to register formally as a member or participant,"ghi danh, đăng ký (nhập học)"
equality,noun,[equal]-ity,"the state of being equal in status, rights, or opportunities",sự bình đẳng
evacuation,noun,[evacuate]-ion,the removal of people from a dangerous place to safety,sự sơ tán
exceptionally,adverb,ex-[cept]-ion-al-ly,to an unusually high degree,"một cách đặc biệt, ngoại lệ"
expenditure,noun,ex-[pend]-iture,the action of spending money or resources,sự chi tiêu
explode,verb,ex-[plode],to burst suddenly and violently with a loud noise,"phát nổ, nổ tung"
explosive,adjective,ex-[plos]-ive,liable to explode or cause explosion,"dễ nổ, có tính nổ"
explosive,noun,ex-[plos]-ive,a substance that can cause an explosion,chất nổ
extinguish,verb,ex-[tinguish],to put out a fire or light,"dập tắt (lửa, ánh sáng)"
extravagant,adjective,extra-[vag]-ant,spending much more money than necessary; excessive,"xa hoa, lãng phí, quá mức"
fairy,noun,[fairy],a small imaginary being with magical powers,"nàng tiên, yêu tinh"
ferry,noun,[ferry],a boat used to carry passengers or goods across a body of water,"phà, tàu phà"
ferry,verb,[ferry],to transport people or goods across water or a short distance,"chở, đưa qua lại (bằng phà hoặc phương tiện khác)"
fertility,noun,[fertile]-ity,"the ability to produce offspring, crops, or new growth","khả năng sinh sản, độ phì nhiêu"
fertilizer,noun,[fertilize]-er,a substance added to soil to increase its fertility,phân bón
figurative,adjective,[figure]-ative,based on figures of speech rather than literal meaning,"mang tính ẩn dụ, tượng trưng"
fluent,adjective,[flu]-ent,able to speak or write a language smoothly and accurately,"trôi chảy, thông thạo (ngôn ngữ)"
forthcoming,adjective,forth-[come]-ing,about to happen or appear soon,"sắp tới, sắp diễn ra"
foul,adjective,[foul],offensive to the senses; morally or physically disgusting,"hôi thối, bẩn thỉu, xấu xa"
foul,noun,[foul],an unfair or illegal action in a sport that breaks the rules,lỗi (trong thể thao)
freight,noun,[freight],"goods transported by truck, train, ship, or aircraft",hàng hóa vận chuyển
fume,noun,[fume],a gas or vapor with a strong or unpleasant smell,"khói, khí (có mùi khó chịu)"
fume,verb,[fume],to feel or express great anger,"tức giận, giận sôi lên"
furnace,noun,[furnace],an enclosed structure used to produce very high heat,"lò nung, lò sưởi"
galen,noun,[galen],"a male given name, notably an ancient Greek physician","tên riêng (nam giới), gắn với danh y Hy Lạp cổ đại"
gallup,noun,[gallup],"a surname, notably associated with a well-known opinion-polling organization",họ người (gắn với tổ chức thăm dò ý kiến nổi tiếng)
george,noun,[george],a male given name,tên riêng (nam giới)
goodwill,noun,[good]+[will],"friendly, helpful feelings toward others",thiện chí
graphic,adjective,[graph]-ic,"described in vivid, explicit detail; relating to visual art","sống động, chi tiết trần trụi; thuộc về đồ họa"
graphic,noun,[graph]-ic,a visual image or design used to illustrate information,"hình ảnh đồ họa, minh họa"
gray,adjective,[gray],"of a color between black and white, like ash or smoke",(màu) xám
greece,noun,[greece],a country in southeastern Europe,Hy Lạp (một quốc gia ở Đông Nam Âu)
grief,noun,[grief],"deep sorrow, especially caused by someone's death","nỗi đau buồn, sự đau khổ"
guardrail,noun,[guard]+[rail],a protective railing along the edge of a road or platform,"lan can bảo vệ, rào chắn an toàn"
guilty,adjective,[guilt]-y,"responsible for wrongdoing, or feeling shame about it","có tội, cảm thấy tội lỗi"
habituate,verb,[habit]-uate,to make or become accustomed to something,"làm cho quen, tập cho quen"
hack,verb,[hack],"to gain unauthorized access to a computer system, or to cut roughly","tấn công (mạng, máy tính); chặt, đẽo thô"
hack,noun,[hack],a clever or improvised solution to a problem,"mẹo hay, cách xử lý khéo léo (life hack)"
hawkins,noun,[hawkins],a surname,họ người
highway,noun,[high]+[way],"a main road, especially one connecting cities","xa lộ, đường cao tốc"
hippocrates,noun,[hippocrates],an ancient Greek physician regarded as the father of medicine,"Hippocrates (danh y Hy Lạp cổ đại, ông tổ ngành y)"
homeowner,noun,[home]+[own]-er,a person who owns the house they live in,chủ nhà
homesickness,noun,[home]+[sick]-ness,a feeling of longing for one's home while away from it,nỗi nhớ nhà
horace,noun,[horace],"a male given name, notably a Roman poet","tên riêng (nam giới), gắn với nhà thơ La Mã cổ đại"
humiliate,verb,[humili]-ate,to cause someone to feel ashamed or foolish,"làm nhục, hạ nhục"
hump,noun,[hump],"a rounded raised mass, such as on a camel's back","cái bướu, gò nổi lên"
ignite,verb,[ignite],"to set fire to something, or to begin burning","đốt cháy, bắt lửa"
imitation,noun,[imitate]-ion,"a copy of something else, especially made to look genuine","sự bắt chước, đồ giả/mô phỏng"
imitation,adjective,[imitate]-ion,"made to look like something else, not genuine","(đồ) giả, nhái theo"
impractical,adjective,im-[practical],not sensible or realistic to use or carry out,"không thực tế, không thực dụng"
improvise,verb,im-[provise],to create or perform something spontaneously without preparation,"ứng biến, ứng tác"
inactivity,noun,in-[active]-ity,lack of activity or movement,"sự không hoạt động, sự trì trệ"
infect,verb,in-[fect],to contaminate with a disease-causing organism,lây nhiễm
infectious,adjective,in-[fect]-ious,capable of being transmitted as a disease; likely to spread quickly,"dễ lây nhiễm, dễ lan truyền"
initiate,verb,in-[itiate],to begin or set in motion a process or action,"bắt đầu, khởi xướng"
initiate,noun,in-[itiate],a person newly admitted into a group or field of knowledge,"người mới được kết nạp, người mới nhập môn"
interestingly,adverb,[interest]-ing-ly,used to introduce a surprising or notable fact,"một cách thú vị, điều đáng chú ý là"
intervene,verb,inter-[vene],to become involved in a situation to influence its outcome,"can thiệp, xen vào"
introvert,noun,intro-[vert],"a shy, reserved person who prefers solitary activities",người hướng nội
ivory,noun,[ivory],the hard white material forming the tusks of elephants,ngà voi
japanese,adjective,[Japan]-ese,"relating to Japan, its people, culture, or language",thuộc về Nhật Bản
japanese,noun,[Japan]-ese,a native or the language of Japan,người Nhật; tiếng Nhật
jar,noun,[jar],"a wide-mouthed cylindrical container, typically made of glass","cái lọ, hũ"
jar,verb,[jar],"to have a harsh, jolting, or disturbing effect","gây khó chịu, làm chấn động"
journalism,noun,[journal]-ism,the activity of writing news reports for publication,"nghề báo, ngành báo chí"
junior,adjective,[junior],"lower in rank, position, or age","cấp dưới, nhỏ tuổi hơn, hạng thấp hơn"
kelp,noun,[kelp],a large brown seaweed,rong biển (tảo bẹ)
kit,noun,[kit],"a set of tools, equipment, or supplies for a specific purpose","bộ dụng cụ, bộ đồ nghề"
lanka,noun,[lanka],"part of the name Sri Lanka, a country in South Asia","Lanka (một phần tên nước Sri Lanka, quốc gia Nam Á)"
latin,noun,[latin],the classical language of ancient Rome,tiếng Latinh
lecturer,noun,[lecture]-er,"a person who gives lectures, especially at a university",giảng viên
levee,noun,[levee],an embankment built to prevent a river from flooding,đê ngăn lũ
liberty,noun,[liber]-ty,the state of being free from oppressive restriction,tự do
lightning,noun,[light]-ning,a flash of light produced by an electrical discharge in the sky,"sét, tia chớp"
literally,adverb,[liter]-al-ly,"in a literal sense, exactly as stated, without exaggeration","theo nghĩa đen, đúng nghĩa"
locomotion,noun,loco-[mot]-ion,the ability to move from one place to another,"sự di chuyển, khả năng vận động"
madison,noun,[madison],"a given name and place name (e.g., a U.S. city)",tên riêng/tên địa danh (ví dụ thành phố ở Mỹ)
mainline,noun,[main]+[line],the principal route of a railway or system,"tuyến đường chính (đường sắt, hệ thống)"
mainline,verb,[main]+[line],to inject a drug directly into a vein,tiêm thuốc trực tiếp vào tĩnh mạch
malarial,adjective,[malaria]-al,relating to or affected by malaria,thuộc về bệnh sốt rét
manually,adverb,[manu]-al-ly,done by hand rather than automatically,"bằng tay, thủ công"
melancholic,adjective,melan-[chol]-ic,"feeling or expressing deep, thoughtful sadness","u sầu, buồn bã"
milestone,noun,[mile]+[stone],a significant event or stage in the development of something,cột mốc quan trọng
mock,verb,[mock],to tease or ridicule someone in a scornful way,"chế giễu, nhạo báng"
mock,adjective,[mock],not real; made in imitation for practice,"giả, mô phỏng (để luyện tập)"
mutation,noun,[mutate]-ion,a change in the genetic structure of an organism,sự đột biến (gen)
neuron,noun,[neuron],a nerve cell that transmits signals in the body,"tế bào thần kinh, nơ-ron"
norway,noun,[norway],a country in northern Europe,Na Uy (một quốc gia ở Bắc Âu)
nostalgia,noun,nost-[alg]-ia,a sentimental longing for the past,"nỗi hoài niệm, hoài cổ"
oliver,noun,[oliver],a male given name,tên riêng (nam giới)
olympia,noun,[olympia],"an ancient Greek site, and a place name (e.g., a U.S. city)",Olympia (địa danh Hy Lạp cổ đại/tên thành phố)
operator,noun,[operate]-or,"a person who operates a machine, system, or business","người vận hành, người điều khiển"
opiate,noun,[opi]-ate,"a drug derived from opium, used to relieve pain or induce sleep",thuốc phiện (chất giảm đau có nguồn gốc từ opium)
opposition,noun,op-[posit]-ion,"resistance or disagreement to a plan, action, or idea","sự phản đối, phe đối lập"
optimism,noun,[optim]-ism,hopefulness and confidence about the future,sự lạc quan
orientation,noun,[orient]-ation,"the process of familiarizing oneself with a new situation, or the direction someone/something faces",sự định hướng; sự làm quen với môi trường/tình huống mới
ostrich,noun,[ostrich],"a large flightless African bird with a long neck and legs, known for running fast",con đà điểu
ozone,noun,[ozone],"a colorless gas (O3) found in the upper atmosphere, forming a layer that absorbs harmful ultraviolet radiation",khí ôzôn
passport,noun,[passport],"an official government document certifying identity and nationality, used for international travel",hộ chiếu
patriotic,adjective,[patriot]-ic,showing love for and devotion to one's country,"yêu nước, có tinh thần ái quốc"
paw,noun,[paw],"the foot of an animal with claws or nails, such as a cat or dog",bàn chân (có vuốt) của thú vật
penetration,noun,[penetrate]-ion,the action or process of making a way through or into something,"sự xuyên qua, sự thâm nhập"
physician,noun,[physic]-ian,a person qualified to practice medicine; a medical doctor,bác sĩ (nội khoa)
physiologist,noun,[physiology]-ist,a scientist who studies the normal functions of living organisms and their parts,nhà sinh lý học
polygraph,noun,poly-[graph],a device that records physiological responses to detect whether a person is lying; a lie detector,máy đo/phát hiện nói dối
pouch,noun,[pouch],a small flexible bag or container,"túi nhỏ, bao nhỏ"
prey,noun,[prey],an animal that is hunted and killed by another animal for food,con mồi
provenance,noun,[provenance],the place of origin or earliest known history of something,"nguồn gốc, xuất xứ"
purse,noun,[purse],"a small bag used for carrying money and personal items, especially by women","ví tiền, túi xách nhỏ"
queensland,noun,[queensland],a state in northeastern Australia,bang Queensland (Úc)
ranking,noun,[rank]-ing,a position on a scale showing status or achievement relative to others,"thứ hạng, sự xếp hạng"
reassurance,noun,re-[assure]-ance,something said or done to remove someone's doubts or fears,"sự trấn an, sự đảm bảo lại (để giảm lo lắng)"
receptionist,noun,[reception]-ist,"a person employed to greet visitors and answer inquiries in an office, hotel, or clinic",nhân viên lễ tân
refusal,noun,[refuse]-al,"the act of declining to accept, do, or allow something",sự từ chối
regenerative,adjective,re-[generate]-ive,"relating to or capable of renewal, regrowth, or restoration","có khả năng tái tạo, phục hồi"
reply,verb,re-[ply],to say or write something as an answer to a question or statement,"trả lời, đáp lại"
repository,noun,re-[posit]-ory,"a place, building, or system where things (especially data or valuables) are stored","kho lưu trữ, nơi cất giữ"
reproductive,adjective,re-[produce]-tive,relating to the production of offspring; concerning reproduction,thuộc về sinh sản
roar,verb,[roar],"to make a loud, deep, prolonged sound, as a lion or an engine does","gầm rống, gầm vang"
rodney,noun,[rodney],a male given name,Rodney (tên riêng nam giới)
sanguine,adjective,[sanguine],"optimistic or hopeful, especially in a difficult situation","lạc quan, tin tưởng"
saturday,noun,[saturday],the day of the week after Friday and before Sunday,thứ Bảy
scarcity,noun,[scarce]-ity,the state of being insufficient in supply; a shortage,"sự khan hiếm, sự thiếu hụt"
scenery,noun,[scene]-ry,the natural features of a landscape considered in terms of appearance,"phong cảnh, cảnh vật thiên nhiên"
scholar,noun,[scholar],"a person who studies a subject deeply, especially at an advanced academic level",học giả
secrecy,noun,[secret]-cy,the practice of keeping certain information hidden from others,"sự bí mật, tính bảo mật"
sensation,noun,[sense]-ation,a physical feeling produced by something happening to or contacting the body,cảm giác
shark,noun,[shark],a large predatory fish with a cartilaginous skeleton and sharp teeth,cá mập
shield,noun,[shield],a broad piece of protective equipment carried to block blows or missiles,"cái khiên, lá chắn"
sighting,noun,[sight]-ing,"an instance of seeing something notable, rare, or being searched for",sự phát hiện/nhìn thấy (điều gì đáng chú ý)
simultaneous,adjective,[simultaneous],"occurring, existing, or done at exactly the same time","đồng thời, xảy ra cùng lúc"
socialize,verb,[social]-ize,to mix socially with others; to take part in social activities,"giao lưu, giao tiếp xã hội"
somebody,pronoun,[some]+[body],an unspecified or unknown person,"ai đó, người nào đó"
soundproof,adjective,[sound]+[proof],designed or treated to prevent sound from passing through,cách âm
southampton,noun,[southampton],a port city on the south coast of England,Southampton (thành phố cảng ở miền nam nước Anh)
souvenir,noun,[souvenir],"an object kept as a reminder of a place, person, or event","quà lưu niệm, vật kỷ niệm"
speculative,adjective,[speculate]-ive,based on conjecture rather than certain knowledge; involving financial risk in hope of gain,mang tính suy đoán; có tính đầu cơ
stanford,noun,[stanford],"a surname, also the name of a well-known private university in California, USA",Stanford (tên riêng/Đại học Stanford)
storey,noun,[storey],a level or floor of a building,tầng (nhà)
straightforward,adjective,[straight]+[forward],uncomplicated and easy to understand or do; also honest and direct,"đơn giản, dễ hiểu; thẳng thắn"
straw,noun,[straw],"dried stalks of grain used as material, or a thin tube used for drinking",rơm; ống hút
streetlight,noun,[street]+[light],a lamp mounted on a post to illuminate a street,đèn đường
subcontinent,noun,sub-[continent],"a large, geographically distinguishable part of a continent, e.g. the Indian subcontinent",tiểu lục địa
substantially,adverb,[substantial]-ly,to a great or significant extent; for the most part,"về cơ bản, phần lớn, đáng kể"
supervisor,noun,super-[vise]-or,a person who oversees and directs the work of others,"người giám sát, người quản lý"
supplement,noun,[supplement],"something added to complete or enhance something else, such as a dietary product added to one's diet",phần bổ sung; thực phẩm chức năng
surgical,adjective,[surgery]-ical,relating to or used in surgery,thuộc về phẫu thuật
tag,noun,[tag],a label attached to an object to identify it or give information about it,"thẻ, nhãn"
terry,noun,[terry],a common English given name,Terry (tên riêng)
thailand,noun,[thai]-land,a country in Southeast Asia,Thái Lan
thompson,noun,[thompson],"a common English and Scottish surname, historically meaning ""son of Thomas""",Thompson (họ người)
toddler,noun,[toddle]-er,a young child who has recently learned to walk,trẻ mới biết đi (khoảng 1-3 tuổi)
traction,noun,[tract]-ion,the grip or friction of an object on a surface; a pulling force used to move something,lực kéo; độ bám (mặt đường)
trajectory,noun,tra-[ject]-ory,the curved path followed by an object moving through space,quỹ đạo (đường di chuyển)
trample,verb,[trample],to tread on and crush something heavily with the feet,"giẫm đạp, chà đạp"
transcript,noun,trans-[script],"a written or printed copy of spoken material, or an official record of a student's academic performance",bản ghi/bản sao văn bản; bảng điểm học tập
trim,verb,[trim],to make something neat by cutting away irregular or excess parts,"cắt tỉa, xén gọn"
trim,adjective,[trim],"neat, slim, and in good order","gọn gàng, thon gọn"
turnout,noun,[turn]+[out],"the number of people who attend an event or take part in an activity, especially voting",số người tham dự/đi bầu
turnstile,noun,[turn]+[stile],a mechanical gate with revolving horizontal arms that allows one person at a time to pass through,cửa xoay (kiểm soát người ra vào)
underestimate,verb,under-[estimate],"to estimate something as being smaller, less capable, or less important than it actually is",đánh giá thấp hơn thực tế
unexpectedly,adverb,un-[expect]-ed-ly,in a way that is not anticipated or predicted,"một cách bất ngờ, không lường trước"
unfinished,adjective,un-[finish]-ed,not yet completed,"chưa hoàn thành, còn dang dở"
unintentionally,adverb,un-[intention]-al-ly,without meaning or planning to do something; accidentally,"một cách vô ý, không cố ý"
uninterrupted,adjective,un-[interrupt]-ed,continuing without any pause or disturbance,"liên tục, không bị gián đoạn"
unprecedented,adjective,un-[precedent]-ed,"never done, known, or experienced before",chưa từng có tiền lệ
unskilled,adjective,un-[skill]-ed,not having or requiring special skill or training,"không có tay nghề, không qua đào tạo"
unsuited,adjective,un-[suit]-ed,not appropriate or right for a particular purpose or situation,không phù hợp
unsupervised,adjective,un-[supervise]-ed,done or left without supervision or oversight,không có sự giám sát
untested,adjective,un-[test]-ed,not yet tried out or examined to check quality or performance,"chưa được kiểm chứng, chưa thử nghiệm"
usefulness,noun,[use]-ful-ness,the quality of being useful or beneficial,tính hữu ích
vacation,noun,[vacate]-ion,"an extended period of leisure and recreation, especially spent away from home; a holiday",kỳ nghỉ
venue,noun,[venue],"the place where an event, meeting, or activity is held",địa điểm (tổ chức sự kiện)
vertebrate,noun,[vertebra]-ate,an animal having a backbone or spinal column,động vật có xương sống
vibrate,verb,[vibrate],to move rapidly and continuously back and forth or side to side,"rung, rung động"
videotape,noun,[video]+[tape],magnetic tape used for recording and playing back visual images and sound,băng video
visibly,adverb,[visible]-ly,in a way that can be easily seen or noticed,"một cách rõ ràng, có thể thấy được"
voluntarily,adverb,[voluntary]-ily,"of one's own free will, without being forced or paid",một cách tự nguyện
waterline,noun,[water]+[line],the level on a ship's hull to which the water rises; a line marking the level of water,"đường mớn nước, ngấn nước"
wax,noun,[wax],"a sticky, solid, yellowish substance made by bees or produced synthetically, used for candles and polish",sáp (ong)
wax,verb,[wax],"to increase gradually in size, strength, or intensity, especially of the moon's visible portion","tăng dần, lớn dần (thường nói về mặt trăng)"
wetland,noun,[wet]+[land],land consisting of marshes or swamps that is saturated with water,"đất ngập nước, vùng đầm lầy"
wheelchair,noun,[wheel]+[chair],"a chair fitted with wheels, used by people who have difficulty walking",xe lăn
wholesale,noun,[whole]+[sale],"the selling of goods in large quantities at low prices, typically to be resold by retailers","sự bán buôn, bán sỉ"
wisconsin,noun,[wisconsin],a state in the northern midwestern United States,bang Wisconsin (Mỹ)
workout,noun,[work]+[out],a session of physical exercise,buổi tập luyện thể dục
aboard,preposition,a-[board],"on or into a ship, aircraft, train, or other vehicle","trên (tàu, máy bay, xe...)"
accurately,adverb,[accurate]-ly,"in a way that is correct, exact, and free from errors",một cách chính xác
acquaintance,noun,[acquaint]-ance,a person one knows slightly but who is not a close friend,người quen (không thân)
activate,verb,[active]-ate,to make something active or operative; to switch a device or mechanism on,kích hoạt
administer,verb,ad-[minister],to manage and be responsible for the running of something; to give or apply medicine or treatment,"quản lý, điều hành; cho dùng (thuốc)"
adrift,adjective,a-[drift],"floating without being steered, moored, or controlled; lacking clear direction or purpose",trôi dạt (không kiểm soát); mất phương hướng
adverb,noun,ad-[verb],"a word that modifies a verb, adjective, or other adverb, expressing manner, place, time, or degree","trạng từ, phó từ"
aerodynamics,noun,aero-[dynamics],the study of the properties of moving air and how it interacts with solid objects,khí động học
align,verb,[align],to place or arrange things in a straight line or in correct relative positions,"canh chỉnh, sắp xếp thẳng hàng"
alphabet,noun,[alphabet],"a set of letters arranged in a fixed order, used to write a language",bảng chữ cái
anaesthesia,noun,an-[aesthesia],"a state of temporary, controlled loss of sensation or awareness induced for medical procedures","sự gây mê, gây tê"
analogy,noun,[analogy],"a comparison between two things, typically for the purpose of explanation, based on their similarities","phép loại suy, sự tương tự"
anne,noun,[anne],a female given name,Anne (tên riêng nữ giới)
appraiser,noun,[appraise]-er,"a person who assesses the value or quality of something, especially property",người thẩm định (giá trị)
appreciation,noun,[appreciate]-ion,recognition of the good qualities of someone or something; gratitude,sự đánh giá cao; lòng biết ơn
aptitude,noun,[apt]-itude,a natural ability or talent for doing something,năng khiếu
archaeology,noun,[archaeology],the study of human history and prehistory through the excavation and analysis of physical remains,khảo cổ học
arena,noun,[arena],"an enclosed venue used for sports, entertainment, or other public events","đấu trường, sân vận động"
artifact,noun,arti-[fact],"an object made by a human being, typically one of historical or cultural interest","đồ tạo tác, hiện vật (khảo cổ)"
ascend,verb,[ascend],to move upward; to climb or rise,"đi lên, leo lên"
asphalt,noun,[asphalt],a sticky black substance mixed with gravel and used for surfacing roads,nhựa đường
asymmetry,noun,a-[symmetry],a lack of balance or equivalence between parts; the absence of symmetry,sự bất đối xứng
atlantic,noun,[atlantic],the ocean lying between the Americas to the west and Europe and Africa to the east,Đại Tây Dương
bangkok,noun,[bangkok],the capital and largest city of Thailand,Bangkok (thủ đô Thái Lan)
batch,noun,[batch],a quantity of something produced or handled together at one time,"mẻ, lô (sản xuất cùng lúc)"
bedtime,noun,[bed]+[time],the time at which a person usually goes to bed,giờ đi ngủ
behalf,noun,be-[half],"used in expressions such as ""on behalf of"" to mean as the representative of, or in the interest of, someone","(thay mặt, vì lợi ích của) ai đó"
berth,noun,[berth],"a fixed bunk on a ship or train, or a place assigned to a ship at a mooring",giường ngủ (trên tàu/xe lửa); chỗ neo đậu tàu
biscuit,noun,[biscuit],"a small, flat, baked item of food, either crisp and sweet or, in American English, soft and savory",bánh quy (hoặc bánh mì nhỏ mềm kiểu Mỹ)
blight,noun,[blight],"a plant disease, especially one caused by fungi; also anything that damages or spoils something","bệnh (thực vật); tai họa, tác nhân gây hại"
blockbuster,noun,[block]+[buster],"a very successful and popular movie, book, or product","phim/tác phẩm ăn khách, bom tấn"
blunt,adjective,[blunt],having a dull edge or point; not sharp; also direct and lacking subtlety in speech,"cùn, không sắc; (nghĩa khác) thẳng thắn, bộc trực"
bonfire,noun,[bonfire],"a large open-air fire, typically lit to burn rubbish or for celebration",đống lửa (ngoài trời)
booking,noun,[book]-ing,"an arrangement made in advance to secure a seat, room, or service",việc đặt chỗ/đặt trước
bookshop,noun,[book]+[shop],a shop that sells books,"hiệu sách, tiệm sách"
brazil,noun,[brazil],the largest country in South America,Brazil (Ba Tây)
breach,noun,[breach],"an act of breaking or violating a law, agreement, or code of conduct","sự vi phạm (luật, thỏa thuận)"
brew,verb,[brew],"to make beer or tea by soaking, boiling, and fermenting ingredients","pha, ủ (bia, trà)"
brilliance,noun,[brilliant]-ce,"exceptional talent, intelligence, or skill; also intense brightness","sự xuất sắc, tài giỏi; (nghĩa khác) độ sáng rực rỡ"
buchanan,noun,[buchanan],"a Scottish surname, notably that of James Buchanan, 15th President of the United States",Buchanan (họ người)
calorie,noun,[calorie],"a unit of energy, especially used to measure the energy value of food",calo (đơn vị năng lượng)
canadian,adjective,[canada]-ian,relating to Canada or its people,"thuộc về Canada, người Canada"
cardboard,noun,[card]+[board],"a stiff, thick paper material used for making boxes and packaging","bìa cứng, giấy các-tông"
cascade,noun,[cascade],"a small waterfall, typically one of several forming a series; also a process happening in stages",thác nước nhỏ; (nghĩa khác) chuỗi sự việc nối tiếp
categorize,verb,[category]-ize,to place something into a particular group or class based on shared characteristics,phân loại
cauldron,noun,[cauldron],a large metal pot used for cooking or boiling over a fire,"vạc, nồi lớn"
cement,noun,[cement],"a powdery substance made from limestone and clay, mixed with water and sand to form concrete or mortar",xi măng
certificate,noun,[certificate],"an official document certifying a fact, qualification, or achievement","giấy chứng nhận, chứng chỉ"
chassis,noun,[chassis],"the base frame of a vehicle or other structure, onto which the body and components are mounted",khung gầm (xe)
chemically,adverb,[chemical]-ly,in a way that relates to or involves chemistry or chemical processes,về mặt hóa học
chemistry,noun,[chemist]-ry,"the branch of science concerned with the properties, composition, and reactions of substances",hóa học
chicago,noun,[chicago],a major city in the U.S. state of Illinois,Chicago (thành phố ở Mỹ)
childcare,noun,[child]+[care],"the care and supervision of young children, especially while parents are working",việc chăm sóc trẻ em
chile,noun,[chile],"a long, narrow country in South America along the Pacific coast",Chile (quốc gia Nam Mỹ)
choleric,adjective,[choler]-ic,easily angered; bad-tempered,"dễ nổi giận, nóng tính"
citrus,noun,[citrus],"a fruit such as an orange, lemon, or lime, or the tree that produces it","cây/quả có múi (cam, chanh...)"
classical,adjective,[class]-ical,"relating to traditional forms or styles considered of first rank, such as ancient Greek/Roman culture or traditional Western music",cổ điển
coherent,adjective,[coherent],logical and consistent; able to be understood clearly,"mạch lạc, có tính logic"
collocation,noun,col-[locate]-ion,"a natural combination of words that habitually occur together, such as ""heavy rain""",sự kết hợp từ (từ đi cùng nhau một cách tự nhiên)
comeback,noun,[come]+[back],"a return to a former successful position or activity, especially after a period of absence",sự trở lại (sau thời gian vắng bóng)
commodity,noun,[commodity],"a raw material or primary agricultural product that can be bought and sold, such as oil or wheat","hàng hóa (nguyên liệu, nông sản)"
compatible,adjective,[compatible],"able to exist, work, or be used together without conflict",có thể tồn tại/hoạt động cùng nhau mà không xung đột; tương thích
comprehend,verb,com-[prehend],to understand something fully,"hiểu rõ, lĩnh hội điều gì đó"
compulsion,noun,[compulsion],"an irresistible urge to do something, often against one's conscious wishes",sự thôi thúc không thể cưỡng lại để làm điều gì đó
conception,noun,[concept]-ion,the formation of an idea or plan in the mind; also the beginning of pregnancy,sự hình thành một ý tưởng/kế hoạch trong đầu; cũng chỉ sự thụ thai
confidential,adjective,[confident]-ial,intended to be kept secret and not disclosed to others,"có tính bí mật, không được tiết lộ cho người khác"
confidently,adverb,[confident]-ly,in a way that shows self-assurance and certainty,"một cách tự tin, chắc chắn"
conform,verb,con-[form],"to comply with rules, standards, or expectations","tuân theo, làm theo quy tắc hoặc chuẩn mực"
connectivity,noun,[connect]-ivity,"the state or capability of being connected, especially to a network","khả năng kết nối, đặc biệt là kết nối mạng"
conservative,adjective,con-[serve]-ative,holding traditional values and resistant to change,"bảo thủ, giữ giá trị truyền thống và ngại thay đổi"
conservative,noun,con-[serve]-ative,"a person who holds traditional values or supports limited change, especially in politics","người theo chủ nghĩa bảo thủ, đặc biệt trong chính trị"
consultation,noun,[consult]-ation,a meeting to discuss something or get professional advice,buổi tham vấn/hội ý để bàn bạc hoặc xin ý kiến
continental,adjective,[continent]-al,relating to or characteristic of a continent,thuộc về hoặc mang đặc trưng của một lục địa
cop,noun,[cop],a police officer (informal),cảnh sát (cách nói thân mật)
cuddle,noun,[cuddle],"an act of holding someone close in a tender, affectionate way",cái ôm ấp âu yếm
cuddle,verb,[cuddle],"to hold someone close in a tender, affectionate way",ôm ấp âu yếm ai đó
cuisine,noun,[cuisine],"a style or method of cooking, especially associated with a country or region",phong cách/nền ẩm thực của một vùng hay quốc gia
curtain,noun,[curtain],a piece of fabric hung to cover a window or divide a space,tấm rèm cửa
deem,verb,[deem],to regard or consider something in a specified way,"coi là, cho là"
deer,noun,[deer],"a hoofed grazing mammal, the male of which usually has antlers",con hươu/nai
dehydration,noun,de-[hydrate]-ion,the process of losing an excessive amount of water from the body,tình trạng mất nước quá mức trong cơ thể
diabetes,noun,[diabetes],a chronic disease in which the body cannot properly regulate blood sugar levels,bệnh tiểu đường
dialogue,noun,[dialogue],"a conversation between two or more people, or the lines spoken by characters","cuộc đối thoại, lời thoại"
dickinson,noun,[dickinson],"a surname, notably that of the American poet Emily Dickinson","một họ (tên riêng), nổi tiếng gắn với nhà thơ Mỹ Emily Dickinson"
dictionary,noun,[diction]-ary,a book or resource that lists words and their meanings,từ điển
differentiate,verb,[different]-iate,to recognize or establish a difference between things,"phân biệt, tạo sự khác biệt giữa các thứ"
digestion,noun,[digest]-ion,the process of breaking down food in the body for absorption,quá trình tiêu hóa thức ăn
din,noun,[din],"a loud, unpleasant, and prolonged noise","tiếng ồn ào, huyên náo"
diplomacy,noun,[diplomacy],the management of relations between countries through negotiation,ngoại giao
disproportionate,adjective,dis-[proportionate],too large or too small in comparison with something else,"không tương xứng, không cân đối so với cái khác"
dome,noun,[dome],a rounded roof or ceiling shaped like half a sphere,mái vòm
dynamite,noun,[dynamite],a powerful explosive material,thuốc nổ (đi-na-mít)
effortlessly,adverb,[effort]-less-ly,in a way that requires no noticeable effort,"một cách dễ dàng, không tốn sức"
einstein,noun,[einstein],"the surname of physicist Albert Einstein; informally, a highly intelligent person",họ của nhà vật lý Albert Einstein; cách gọi thân mật chỉ người rất thông minh
electromagnetism,noun,electro-[magnet]-ism,the branch of physics dealing with the interaction of electric currents and magnetic fields,ngành vật lý về điện từ học
ending,noun,[end]-ing,"the final part or conclusion of something, such as a story",phần kết thúc của một câu chuyện hay sự việc
energetic,adjective,[energetic],having or showing a lot of physical or mental energy,"tràn đầy năng lượng, hăng hái"
equator,noun,[equate]-or,"an imaginary line around the middle of the Earth, equidistant from both poles",đường xích đạo
eradicate,verb,[eradicate],to completely destroy or eliminate something,"loại bỏ hoàn toàn, xóa sổ"
evaporate,verb,e-[vapor]-ate,to turn from liquid into vapor,bốc hơi
excavation,noun,[excavate]-ion,the process of digging in the ground to find or reveal something buried,"việc đào bới, khai quật"
excel,verb,[excel],to be outstandingly good at something,"xuất sắc, trội hơn hẳn"
exclusively,adverb,[exclusive]-ly,"only, and not involving anything or anyone else","một cách độc quyền, chỉ duy nhất"
exempt,adjective,[exempt],free from an obligation or liability imposed on others,"được miễn trừ (nghĩa vụ, trách nhiệm)"
exempt,verb,[exempt],to free someone from an obligation or liability,"miễn trừ cho ai đó (nghĩa vụ, trách nhiệm)"
extrovert,noun,[extrovert],"an outgoing, socially confident person",người hướng ngoại
factual,adjective,[fact]-ual,based on or containing facts,"dựa trên sự thật, mang tính thực tế"
faithfully,adverb,[faith]-ful-ly,in a loyal and accurate manner,"một cách trung thành, trung thực"
fiscal,adjective,[fiscal],"relating to government revenue, especially taxes and public spending","thuộc về tài chính công, ngân sách"
fitting,adjective,[fit]-ting,appropriate or suitable for a particular situation,"phù hợp, thích hợp"
fitting,noun,[fit]-ting,a small part attached to furniture or equipment; also a session to try on clothes,phụ kiện lắp ráp; hoặc buổi thử đồ
flintlock,noun,[flintlock],an old type of gun fired by a spark from flint striking steel,súng hỏa mai (loại súng cổ dùng đá lửa)
flock,noun,[flock],"a group of birds, sheep, or goats","đàn (chim, cừu, dê)"
flock,verb,[flock],to gather or move somewhere in large numbers,"tụ tập, kéo đến đông đảo"
fodder,noun,[fodder],"food for livestock, especially dried hay or straw","thức ăn gia súc, cỏ khô"
footfall,noun,[footfall],the sound of a footstep; also the number of people entering a store or area,tiếng bước chân; hoặc lượng khách ra vào một cửa hàng
forklift,noun,[forklift],a vehicle with a pronged device at the front for lifting and moving heavy loads,xe nâng hàng
geometry,noun,[geometry],"the branch of mathematics concerned with points, lines, shapes, and space",hình học
gerald,noun,[gerald],a male given name,một tên riêng nam giới
gland,noun,[gland],an organ in the body that secretes substances such as hormones,tuyến (cơ quan tiết ra chất trong cơ thể)
gratitude,noun,[gratitude],the quality of being thankful,lòng biết ơn
greedy,adjective,[greed]-y,"having an excessive desire for wealth, food, or possessions",tham lam
guesswork,noun,[guesswork],the process of estimating or guessing without sufficient information,"sự phỏng đoán, đoán mò"
gunsmith,noun,[gunsmith],a person who makes or repairs guns,thợ chế tạo/sửa súng
gust,noun,[gust],a sudden strong rush of wind,cơn gió giật mạnh
hairline,noun,[hairline],the edge of a person's hair growth on the forehead; also a very thin line or crack,đường chân tóc; hoặc vết nứt/rãnh rất mảnh
halberd,noun,[halberd],a medieval weapon combining a spear and a battle-axe,cây kích (vũ khí thời trung cổ kết hợp giáo và rìu)
hammer,noun,[hammer],a tool with a heavy head used for driving nails or breaking things,cái búa
hammer,verb,[hammer],to hit something repeatedly with a hammer or with force,đóng/đập bằng búa; nện mạnh
hatch,noun,[hatch],"an opening in a floor, wall, or roof, often with a cover","cửa sập, lỗ nắp"
hatch,verb,[hatch],"to emerge from an egg, or to devise a plan","nở (từ trứng); hoặc bày mưu, lập kế hoạch"
haven,noun,[haven],a place of safety or refuge,nơi trú ẩn an toàn
headwater,noun,[headwater],the source or upper part of a river,thượng nguồn của một con sông
hedge,noun,[hedge],a boundary formed by closely growing bushes or shrubs,hàng rào cây bụi
hedge,verb,[hedge],"to avoid committing to a clear decision, or to protect against financial loss",tránh cam kết rõ ràng; hoặc phòng ngừa rủi ro tài chính
hesitation,noun,[hesitate]-ion,a pause before doing or saying something due to uncertainty,"sự do dự, ngập ngừng"
hillside,noun,[hillside],the sloping side of a hill,sườn đồi
hinder,verb,[hinder],"to create difficulty for someone or something, delaying progress","cản trở, gây khó khăn"
horizontal,adjective,[horizon]-tal,parallel to the ground; flat and level,"nằm ngang, song song với mặt đất"
hormonal,adjective,[hormone]-al,relating to hormones or their effects on the body,thuộc về hoóc-môn
humidity,noun,[humid]-ity,the amount of moisture in the air,độ ẩm
hybrid,noun,[hybrid],"something made by combining two different elements, species, or systems","sản phẩm/sinh vật lai, kết hợp hai yếu tố khác nhau"
hygiene,noun,[hygiene],practices that maintain health and cleanliness,vệ sinh
ibm,noun,[ibm],an American multinational technology corporation (International Business Machines),tập đoàn công nghệ đa quốc gia của Mỹ (International Business Machines)
idiom,noun,[idiom],a phrase whose meaning cannot be understood from the individual words,thành ngữ
illinois,noun,[illinois],a state in the midwestern United States,một bang ở vùng Trung Tây Hoa Kỳ
illusion,noun,[illusion],a false idea or belief; something that appears different from reality,"ảo giác, ảo tưởng"
immigration,noun,im-[migrate]-ion,the process of coming to live permanently in a foreign country,sự nhập cư
impedance,noun,[impede]-ance,the resistance of an electric circuit to alternating current,trở kháng (trong điện học)
imperfect,adjective,im-[perfect],not perfect; having flaws,"không hoàn hảo, có khiếm khuyết"
impoverish,verb,[impoverish],to make someone or something poor,"làm cho nghèo đi, bần cùng hóa"
incidence,noun,[incidence],the rate at which something occurs,tỷ lệ xảy ra (của một hiện tượng)
inconsistent,adjective,in-[consistent],not staying the same throughout; contradictory,"không nhất quán, mâu thuẫn"
incremental,adjective,[increment]-al,"occurring in small, gradual steps or increases","diễn ra từng bước nhỏ, tăng dần"
indian,adjective,[India]-n,"of or relating to India, its people, or their languages and cultures","thuộc về hoặc liên quan đến Ấn Độ, người dân hay văn hóa Ấn Độ"
indian,noun,[India]-n,a person from India or of Indian descent,người Ấn Độ hoặc gốc Ấn Độ
indifference,noun,in-[different]-ence,"lack of interest, concern, or sympathy","sự thờ ơ, dửng dưng"
indifferent,adjective,in-[different],having no particular interest or sympathy; unconcerned,"thờ ơ, không quan tâm"
indoors,adverb,in-[doors],into or within a building,ở trong nhà
influenza,noun,[influenza],"a contagious viral infection causing fever, aches, and respiratory symptoms; the flu",bệnh cúm
ing,noun,[-ing],"the English suffix used to form present participles, gerunds, and some nouns",hậu tố '-ing' trong tiếng Anh dùng để tạo danh động từ/phân từ hiện tại
inherent,adjective,[inherent],existing as a natural or essential part of something,"vốn có, cố hữu"
inject,verb,in-[ject],"to force a liquid into something, especially using a syringe","tiêm, chích (một chất lỏng vào)"
inquiry,noun,[inquire]-y,an act of asking for information; an official investigation,sự yêu cầu thông tin; cuộc điều tra chính thức
inspect,verb,in-[spect],"to examine something closely, especially to check for flaws","kiểm tra, thanh tra kỹ lưỡng"
inspiration,noun,[inspire]-ation,the process of being mentally stimulated to do or feel something creative,nguồn cảm hứng
instagram,noun,[instagram],a social media app for sharing photos and videos,ứng dụng mạng xã hội chia sẻ ảnh và video
insulate,verb,[insulate],"to protect something from losing heat, sound, or electricity by covering it","cách nhiệt, cách âm, cách điện"
intentionally,adverb,[intention]-al-ly,on purpose; deliberately,"một cách cố ý, có chủ đích"
interdependent,adjective,inter-[dependent],depending on each other mutually,phụ thuộc lẫn nhau
intimidate,verb,in-[timid]-ate,"to frighten or threaten someone, often to influence their behavior","đe dọa, hăm dọa"
invitation,noun,[invite]-ation,a request for someone to attend an event or do something,lời mời
jane,noun,[jane],a common female given name,một tên riêng nữ giới phổ biến
july,noun,[july],the seventh month of the year,tháng bảy
keystone,noun,[keystone],the central stone at the top of an arch that locks the other pieces in place; something essential,viên đá đỉnh vòm; điều/thứ cốt yếu
kidney,noun,[kidney],either of the two organs that filter blood and produce urine,quả thận
landfill,noun,[landfill],a site where waste is buried in the ground,bãi rác chôn lấp
lang,noun,[lang],"a surname (for example, film director Fritz Lang)","một họ (tên riêng), ví dụ đạo diễn Fritz Lang"
latent,adjective,[latent],existing but not yet visible or active,"tiềm ẩn, chưa bộc lộ"
latex,noun,[latex],a milky fluid from certain plants used to make rubber; also a synthetic rubber material,nhựa mủ cao su; chất liệu cao su tổng hợp
lawn,noun,[lawn],"an area of short, regularly mown grass",bãi cỏ (được cắt tỉa)
legitimacy,noun,[legitimate]-acy,"the quality of being lawful, valid, or justified","tính hợp pháp, chính đáng"
leonardo,noun,[leonardo],"a male given name, notably associated with Leonardo da Vinci","một tên riêng nam giới, nổi tiếng gắn với Leonardo da Vinci"
liaison,noun,[liaison],"communication or cooperation between groups, or a person who facilitates this","sự liên lạc, phối hợp; người làm cầu nối"
lifeguard,noun,[lifeguard],a person employed to rescue swimmers in danger,"nhân viên cứu hộ (bể bơi, bãi biển)"
lifelong,adjective,[lifelong],lasting or continuing for a whole life,kéo dài suốt đời
lifespan,noun,[lifespan],"the length of time a person, animal, or thing lives or functions","tuổi thọ, thời gian tồn tại"
louvre,noun,[louvre],"a famous art museum in Paris, France","bảo tàng nghệ thuật nổi tiếng ở Paris, Pháp"
lucrative,adjective,[lucre]-ative,producing a lot of profit,"sinh lời nhiều, có lợi nhuận cao"
lump,noun,[lump],a compact mass of a substance with no definite shape; a swelling,"cục, khối; hoặc chỗ sưng"
magnificent,adjective,[magnificent],"extremely beautiful, elaborate, or impressive","tráng lệ, lộng lẫy"
mai,noun,[mai],"a given name, common in Vietnamese and some other cultures","một tên riêng, phổ biến trong tiếng Việt và một số nền văn hóa khác"
mall,noun,[mall],a large building or complex containing many shops,trung tâm thương mại
manganese,noun,[manganese],a hard grayish-white metallic chemical element,mangan (nguyên tố hóa học kim loại)
mat,noun,[mat],a piece of material placed on a floor for protection or decoration,tấm thảm/chiếu nhỏ
maximize,verb,[maxim]-ize,"to make something as large, great, or effective as possible",tối đa hóa
meaning,noun,[mean]-ing,what is intended to be expressed or understood by something,ý nghĩa
meaningless,adjective,[meaning]-less,having no meaning or significance,vô nghĩa
medicate,verb,[medic]-ate,to treat someone with medicine,"điều trị bằng thuốc, cho dùng thuốc"
mediocre,adjective,[mediocre],of only average quality; not very good,"tầm thường, xoàng xĩnh"
meditation,noun,[meditate]-ion,the practice of focusing the mind for relaxation or spiritual purposes,sự thiền định
metabolism,noun,[metabolism],the chemical processes in an organism that maintain life,sự trao đổi chất
methodical,adjective,[method]-ical,"done in an orderly, systematic way","có phương pháp, có hệ thống"
middleman,noun,[middleman],"a person who acts as an intermediary between two parties, especially in trade",người trung gian (mua bán)
mold,noun,[mold],a hollow container used to give shape to a molten or liquid material; also a fungal growth,khuôn đúc; hoặc nấm mốc
mold,verb,[mold],to shape a soft substance into a particular form,"nặn, đúc thành hình"
monopoly,noun,[monopoly],exclusive control of a market or resource by a single entity,sự độc quyền
mummy,noun,[mummy],"a body preserved after death, especially by ancient Egyptian methods",xác ướp
mute,adjective,[mute],unable or unwilling to speak; silent,"câm lặng, im lặng"
nam,noun,[nam],"a given name, or an informal short form referring to Vietnam","một tên riêng, hoặc cách gọi tắt thân mật của Việt Nam"
negatively,adverb,[negative]-ly,"in a way that shows disapproval, pessimism, or an unfavorable effect",một cách tiêu cực
neurologist,noun,neuro-[log]-ist,a doctor who specializes in disorders of the nervous system,bác sĩ thần kinh
niche,noun,[niche],"a specialized segment of the market for a particular kind of product; a comfortable, suitable role",thị trường ngách; vị trí/vai trò thích hợp
notebook,noun,[notebook],a book with blank pages for writing notes; also a small portable computer,quyển sổ tay; hoặc máy tính xách tay
nuance,noun,[nuance],"a subtle difference in meaning, expression, or tone",sắc thái tinh tế
nuclear,adjective,[nucleus]-ar,relating to the nucleus of an atom or to nuclear energy or weapons,thuộc về hạt nhân (nguyên tử)
oak,noun,[oak],"a large tree that produces acorns, valued for its hard wood",cây sồi
objection,noun,ob-[ject]-ion,an expression of disapproval or opposition to something,sự phản đối
objectivity,noun,ob-[ject]-ivity,the quality of being unbiased and based on facts rather than feelings,tính khách quan
obsolete,adjective,[obsolete],no longer in use; outdated,"lỗi thời, không còn dùng nữa"
occupant,noun,[occupy]-ant,a person who lives in or occupies a particular place,"người cư ngụ, người chiếm giữ (một nơi)"
opine,verb,[opine],to state one's opinion; to express a view formally,"bày tỏ ý kiến, nêu quan điểm"
optical,adjective,[optic]-al,"relating to the eye, vision, or sight","thuộc về thị giác, quang học"
optimal,adjective,[optim]-al,best or most favorable under the circumstances,"tối ưu, tốt nhất có thể"
outgo,noun,out-[go],the amount of money spent; expenditure,"khoản chi tiêu, số tiền chi ra"
oven,noun,[oven],"an enclosed compartment used for baking, roasting, or heating food",lò nướng
paddle,noun,[paddle],a short pole with a broad blade used to propel and steer a small boat,mái chèo tay
painting,noun,[paint]-ing,a picture created using paint,bức tranh (sơn)
paperback,noun,[paper]-[back],a book bound with a flexible paper cover,sách bìa mềm
paperwork,noun,[paper]-[work],"routine work involving written documents, records, or forms","công việc giấy tờ, thủ tục hành chính"
paralyze,verb,para-[lyze],to make a person or part of the body unable to move or feel; to make unable to function normally,làm tê liệt
partial,adjective,[part]-ial,relating to only a part of something rather than the whole; incomplete,"chỉ một phần, không toàn bộ"
pea,noun,[pea],a small spherical green seed eaten as a vegetable,hạt đậu Hà Lan
peacefully,adverb,[peace]-ful-ly,"in a calm, peaceful manner","một cách yên bình, thanh thản"
perseverance,noun,[persevere]-ance,continued effort to do or achieve something despite difficulty or delay,"sự kiên trì, bền bỉ"
pessimism,noun,[pessim]-ism,a tendency to expect the worst or to see the negative side of things,"chủ nghĩa bi quan, thái độ bi quan"
pesticide,noun,[pest]-i-cide,a chemical substance used to kill insects or other organisms harmful to crops,thuốc trừ sâu
phil,noun,[phil],an informal short form of the male given name Philip,tên riêng (dạng ngắn của Philip)
philippe,noun,[philippe],"a male given name, the French form of Philip",tên riêng nam giới (dạng tiếng Pháp của Philip)
phosphate,noun,[phosph]-ate,"a salt or ester of phosphoric acid, or a compound containing phosphorus, often used in fertilizers",phốt phát (muối/hợp chất chứa phốt pho)
physiological,adjective,[physiology]-ical,relating to the normal functions of living organisms or their parts,"thuộc về sinh lý học, chức năng sinh lý"
plummet,verb,[plummet],to fall or drop straight down suddenly and very quickly,"rơi thẳng đứng, lao dốc đột ngột"
polluter,noun,[pollute]-er,a person or thing that pollutes the environment,kẻ/tác nhân gây ô nhiễm
porch,noun,[porch],a covered shelter projecting in front of the entrance of a building,"hiên nhà, cổng có mái che"
positively,adverb,[positive]-ly,"in a positive, optimistic, or confident way; definitely",một cách tích cực; chắc chắn
premise,noun,pre-[mise],a previous statement or idea from which another is inferred or which forms the basis of an argument,"tiền đề, luận điểm cơ sở"
primarily,adverb,[primary]-ly,mainly; for the most part,chủ yếu là
progressively,adverb,pro-[gress]-ive-ly,"gradually, in stages, over time","một cách dần dần, từng bước"
prohibit,verb,pro-[hibit],"to formally forbid something by law, rule, or other authority","cấm, ngăn cấm"
pronoun,noun,pro-[noun],a word used in place of a noun to avoid repeating it,đại từ
prosperous,adjective,[prosper]-ous,"successful, thriving, or flourishing, especially financially","thịnh vượng, phát đạt"
pudding,noun,[pudding],"a sweet dessert, typically with a soft or spongy consistency",món pudding
quarantine,noun,[quarantine],"a period of isolation imposed on people, animals, or things to prevent the spread of disease","sự cách ly, kiểm dịch"
radiation,noun,[radiate]-ion,"energy emitted in the form of waves or particles, such as heat, light, or nuclear particles",bức xạ
raft,noun,[raft],a flat buoyant structure used for transport or recreation on water,"bè, phao bè"
raindrop,noun,[rain]-[drop],a single drop of rain,giọt mưa
ravine,noun,[ravine],"a deep, narrow gorge cut into the land, usually by a stream","khe núi sâu, hẻm núi"
reception,noun,re-[cept]-ion,the act of receiving something; a formal social event held to welcome guests,sự tiếp nhận; buổi tiệc chiêu đãi/lễ tân
regulator,noun,[regulate]-or,"a person or device that controls or regulates something, such as an official body overseeing an industry",người/thiết bị điều tiết; cơ quan quản lý
rejection,noun,re-[ject]-ion,"the act of refusing, dismissing, or turning down something or someone","sự từ chối, sự bác bỏ"
relapse,noun,re-[lapse],a deterioration in someone's condition after a period of improvement; a return to a previous state,sự tái phát (bệnh/thói quen xấu)
relentlessly,adverb,[relent]-less-ly,"in a persistent, unyielding way, without pausing or stopping","một cách không ngừng nghỉ, kiên trì không lùi bước"
reluctance,noun,re-[luct]-ance,unwillingness or hesitation to do something,"sự miễn cưỡng, sự do dự"
repatriation,noun,re-[patri]-ation,the return of someone to their own country,sự hồi hương
resentment,noun,re-[sent]-ment,bitter indignation felt as a result of being treated unfairly,"sự oán giận, sự bực tức"
resume,verb,re-[sume],to begin again or continue after a pause or interruption,tiếp tục lại (sau khi gián đoạn)
resume,noun,[resume],"a brief written account of a person's education, qualifications, and previous work experience (a CV)","sơ yếu lý lịch, bản tóm tắt kinh nghiệm (CV)"
rigorously,adverb,[rigor]-ous-ly,"in a thorough, strict, and accurate manner","một cách nghiêm ngặt, chặt chẽ"
sagacity,noun,[sagacity],the quality of being wise and having sound judgment,"sự khôn ngoan, sự sáng suốt"
sap,noun,[sap],"the watery fluid that circulates through a plant, carrying nutrients",nhựa cây
satisfactory,adjective,satis-[fact]-ory,acceptable or adequate; meeting requirements or expectations,"đạt yêu cầu, thỏa đáng"
scar,noun,[scar],a mark left on skin or tissue after a wound has healed,vết sẹo
scenario,noun,[scenario],a postulated sequence or development of events; an outline of a plot,"kịch bản, tình huống giả định"
sculpture,noun,[sculpt]-ure,"a three-dimensional work of art created by carving, modeling, or casting",tác phẩm điêu khắc
sear,verb,[sear],to burn or scorch the surface of something with sudden intense heat,áp chảo/nướng cháy xém bề mặt
seminal,adjective,[semin]-al,strongly influencing later developments; highly original and important,"có tính khai sáng, mang tính nền tảng"
sequential,adjective,[sequen]-tial,forming or following a logical order or sequence,"có tính tuần tự, theo trình tự"
setting,noun,[set]-ting,"the place, time, and circumstances in which something is situated or occurs","bối cảnh, khung cảnh"
seventy,determiner,[seven]-ty,the number equivalent to seven times ten; 70,bảy mươi (70)
shareholder,noun,[share]-[hold]-er,a person or organization that owns shares in a company,cổ đông
shiny,adjective,[shine]-y,reflecting light; bright and glossy,"sáng bóng, óng ánh"
shortcut,noun,[short]-[cut],a quicker route or a faster way of doing something,"đường tắt, cách làm nhanh gọn"
skilful,adjective,[skill]-ful,having or showing great skill; expert,"khéo léo, tài giỏi"
skyline,noun,[sky]-[line],the outline of buildings and other structures as seen against the sky,đường chân trời (thành phố)
societal,adjective,[society]-al,relating to society or to the way society is organized,thuộc về xã hội
somehow,adverb,[some]-[how],in a way not specified or known; by some means not yet clear,bằng cách nào đó
specification,noun,[specific]-ation,"a detailed description of the requirements, materials, or standards for something","bản đặc tả kỹ thuật, quy cách"
specimen,noun,[specimen],"an individual example or sample of something, especially one used for scientific study",mẫu vật
speculation,noun,[speculate]-ion,the forming of a theory or conjecture without firm evidence; investment involving high risk,sự suy đoán; sự đầu cơ
spleen,noun,[spleen],an organ near the stomach that filters blood and supports the immune system,lá lách
spontaneity,noun,[spontane]-ity,the quality of being spontaneous; acting on impulse without planning,"tính tự phát, sự bộc phát tự nhiên"
sprawl,noun,[sprawl],"the uncontrolled, spread-out expansion of an area, especially a city",sự mở rộng lan tràn (đô thị)
stagger,verb,[stagger],"to walk or move unsteadily, as if about to fall","đi loạng choạng, lảo đảo"
substitution,noun,sub-[stitute]-ion,the act of putting one person or thing in place of another,sự thay thế
succumb,verb,[succumb],"to fail to resist pressure, temptation, or a force; to die from the effect of a disease or injury","khuất phục, đầu hàng; qua đời (do bệnh/thương tích)"
systematically,adverb,[system]-atic-ally,"in a methodical, organized, and thorough way",một cách có hệ thống
tanzania,noun,[tanzania],a country in East Africa,Tanzania (quốc gia ở Đông Phi)
tapestry,noun,[tapestry],"a piece of thick textile fabric with pictures or designs woven into it, used as a wall hanging",tấm thảm trang trí dệt hình
taproot,noun,[tap]-[root],the large main root of a plant that grows straight downward,rễ cọc (rễ chính của cây)
tariff,noun,[tariff],a tax or duty imposed on goods imported into or exported from a country,thuế quan
temple,noun,[temple],a building devoted to the worship of a deity or deities; also the flat part of the head between the forehead and ear,đền thờ; thái dương (bên đầu)
tennessee,noun,[tennessee],a state in the southeastern United States,bang Tennessee (Hoa Kỳ)
thrifty,adjective,[thrift]-y,careful and economical with money,"tiết kiệm, cần kiệm"
tia,noun,[tia],a female given name,tên riêng nữ giới
tonight,adverb,[to]-[night],on or during the present or coming night,"tối nay, đêm nay"
tow,verb,[tow],"to pull a vehicle, boat, or other object along using a rope, chain, or line",kéo (xe/thuyền) bằng dây
trek,noun,[trek],"a long, arduous journey, typically made on foot",cuộc hành trình dài (đi bộ vất vả)
triple,adjective,[triple],"consisting of three parts, things, or people; three times as great or as many","gấp ba, bộ ba"
trustworthiness,noun,[trust]-worthy-ness,"the quality of being reliable, dependable, and honest",sự đáng tin cậy
tuberculosis,noun,[tuberculosis],an infectious bacterial disease that mainly affects the lungs,bệnh lao
tug,verb,[tug],to pull something suddenly or with force,"kéo giật, kéo mạnh"
turnover,noun,[turn]-[over],the amount of business or money a company generates in a given period; the rate at which employees leave and are replaced,doanh thu; tỷ lệ luân chuyển nhân viên
unanticipated,adjective,un-[anticipate]-ed,not expected or foreseen,"không lường trước được, bất ngờ"
unchanging,adjective,un-[change]-ing,remaining the same; not changing over time,"không thay đổi, bất biến"
understaffed,adjective,under-[staff]-ed,not having enough staff or employees to do the work required,thiếu nhân viên
undisturbed,adjective,un-[disturb]-ed,"not interrupted, moved, or interfered with","không bị quấy rầy, yên tĩnh"
unesco,noun,[unesco],"the United Nations Educational, Scientific and Cultural Organization","Tổ chức Giáo dục, Khoa học và Văn hóa Liên Hợp Quốc (UNESCO)"
unintended,adjective,un-[intend]-ed,not planned or meant; accidental,"không chủ ý, ngoài ý muốn"
unprepared,adjective,un-[prepare]-d,not ready or equipped for something,"chưa chuẩn bị, không sẵn sàng"
unravel,verb,un-[ravel],"to undo twisted, knitted, or woven threads; to investigate and make sense of something complicated","gỡ rối, làm sáng tỏ (điều phức tạp)"
urgency,noun,[urgent]-cy,the quality or state of requiring immediate action or attention,"tính cấp bách, sự khẩn cấp"
vesuvius,noun,[vesuvius],"an active volcano on the west coast of Italy, near Naples",núi lửa Vesuvius (Ý)
victoria,noun,[victoria],a female given name; also the name of a former British queen and of a state in Australia,tên riêng nữ; địa danh/tên nữ hoàng Victoria
vietnamese,adjective,[vietnam]-ese,"relating to Vietnam, its people, culture, or language",thuộc về Việt Nam
vietnamese,noun,[vietnam]-ese,"the language spoken in Vietnam, or a native or inhabitant of Vietnam",tiếng Việt; người Việt Nam
vine,noun,[vine],"a climbing or trailing plant, especially one that bears grapes","cây nho, dây leo"
visa,noun,[visa],an official endorsement on a passport permitting entry into or travel through a country,"thị thực, visa"
visually,adverb,[visual]-ly,in a way relating to seeing or sight,"về mặt thị giác, bằng mắt nhìn"
vitamin,noun,[vitamin],an organic compound that is essential in small amounts for normal growth and nutrition,"vitamin, sinh tố"
volcanic,adjective,[volcano]-ic,"relating to, produced by, or having the characteristics of a volcano",thuộc về núi lửa
vulnerability,noun,[vulnerable]-ity,"the quality or state of being easily harmed, attacked, or exploited",tính dễ bị tổn thương
wale,noun,[wale],"a ridge or rib on the surface of a woven fabric, such as corduroy",đường gân nổi trên vải (như vải nhung kẻ)
wheatstone,noun,[wheatstone],"a surname, notably that of Charles Wheatstone, associated with the Wheatstone bridge used in electrical measurement","họ (tên riêng), gắn với cầu Wheatstone trong điện học"
wikipedia,noun,[wikipedia],a free online encyclopedia written and edited collaboratively by volunteers,Wikipedia (bách khoa toàn thư trực tuyến)
windmill,noun,[wind]-[mill],"a structure with sails or blades turned by the wind, used to generate power or pump water",cối xay gió
worthy,adjective,[worth]-y,"deserving effort, attention, or respect","xứng đáng, đáng được"
wrinkle,noun,[wrinkle],"a small crease or fold, especially in skin or fabric",nếp nhăn
activation,noun,[activate]-ion,the process of making something active or operative,sự kích hoạt
administrator,noun,ad-[minister]-ator,"a person who manages the affairs of a business, organization, or system","người quản trị, nhà quản lý"
advent,noun,ad-[vent],"the arrival or coming into being of a notable event, person, invention, or period","sự xuất hiện, sự ra đời"
aesthetic,adjective,[aesthetic],concerned with beauty or the appreciation of beauty,"thuộc về thẩm mỹ, mang tính nghệ thuật"
affection,noun,af-[fect]-ion,a gentle feeling of fondness or liking for a person or thing,"tình cảm, sự yêu mến"
aforementioned,adjective,afore-[mention]-ed,referred to or mentioned previously in the same text or speech,"đã được đề cập ở trên, nói trên"
agile,adjective,[agile],able to move quickly and easily; able to think and understand quickly,"nhanh nhẹn, linh hoạt"
alberto,noun,[alberto],"a male given name, the Italian, Spanish, and Portuguese form of Albert",tên riêng nam giới (dạng Albert)
algae,noun,[algae],"simple, typically aquatic, photosynthetic organisms ranging from single cells to giant kelp",tảo
allude,verb,al-[lude],"to suggest or refer to something indirectly, without mentioning it explicitly","ám chỉ, nói bóng gió"
alteration,noun,[alter]-ation,the act or process of changing or modifying something,"sự thay đổi, sự chỉnh sửa"
ambassador,noun,[ambassador],"a diplomatic official of the highest rank, sent by a country to represent it in a foreign country",đại sứ
ambiguity,noun,[ambiguous]-ity,the quality of being open to more than one interpretation; unclearness of meaning,"sự mơ hồ, tính không rõ ràng"
ambulance,noun,[ambulance],"a vehicle equipped for transporting sick or injured people, especially in an emergency",xe cứu thương
amsterdam,noun,[amsterdam],the capital city of the Netherlands,Amsterdam (thủ đô Hà Lan)
analytical,adjective,[analysis]-tical,"relating to or using detailed, logical examination of the elements of something",có tính phân tích
anemone,noun,[anemone],"a plant of the buttercup family with brightly colored flowers; also a sea anemone, a marine animal",hoa cẩm chướng dại; hải quỳ (động vật biển)
anybody,pronoun,[any]-[body],any person; a person of some importance,bất kỳ ai
anymore,adverb,[any]-[more],any longer; from now on (used especially in negative statements),không còn nữa (dùng trong câu phủ định)
apex,noun,[apex],the top or highest point of something; the culminating point,"đỉnh, chóp, điểm cao nhất"
aquatic,adjective,[aqua]-tic,relating to water; living or growing in water,"thuộc về nước, sống dưới nước"
arc,noun,[arc],a curve forming part of the circumference of a circle or other curved shape,cung (hình vòng cung)
armband,noun,[arm]-[band],a band of cloth or other material worn around the upper arm,băng đeo tay
artificially,adverb,[artificial]-ly,in a manner produced by human effort or intervention rather than occurring naturally,một cách nhân tạo
ascent,noun,a-[scent],the action of climbing or moving upward; an upward slope or path,"sự đi lên, sự leo lên (dốc/núi)"
assay,noun,[assay],"a procedure used to test or analyze the composition or quality of a substance, especially a metal or ore",phép thử/phân tích thành phần (đặc biệt là quặng kim loại)
attune,verb,at-[tune],to make someone or something receptive or aware; to adjust to a particular situation,"làm cho quen thuộc/thích nghi, hòa hợp"
austria,noun,[austria],a country in Central Europe,Áo (quốc gia ở Trung Âu)
avalanche,noun,[avalanche],"a mass of snow, ice, and rock that falls suddenly and rapidly down a mountainside",trận lở tuyết
ax,noun,[ax],a tool with a sharp heavy blade used for chopping wood,cái rìu
axis,noun,[axis],an imaginary line about which an object rotates; a fixed reference line in a graph or coordinate system,trục (quay/tọa độ)
bach,noun,[bach],"a surname, notably that of Johann Sebastian Bach, the German composer","họ (tên riêng), gắn với nhà soạn nhạc Johann Sebastian Bach"
ballast,noun,[ballast],heavy material placed in the hold of a ship or the basket of a balloon to improve stability,vật dằn (giữ thăng bằng cho tàu thuyền)
barber,noun,[barb]-er,a person whose job is cutting men's hair and shaving or trimming beards,thợ cắt tóc nam
basin,noun,[basin],"a round, open container used for holding water; a low-lying area of land drained by a river",chậu rửa; lưu vực (sông)
beautifully,adverb,[beauty]-ful-ly,"in a beautiful, pleasing, or excellent manner","một cách đẹp đẽ, tuyệt đẹp"
beforehand,adverb,[beforehand],at an earlier time; in advance of a particular time or event,"trước đó, từ trước, sẵn từ trước"
behavioral,adjective,[behavior]-al,relating to the way a person or animal behaves,"thuộc về hành vi, liên quan đến hành vi"
bestseller,noun,best-[sell]-er,a book or other product that has sold in very large numbers,cuốn sách/sản phẩm bán chạy nhất
beta,noun,[beta],the second letter of the Greek alphabet; also an early test version of a product released before its full public release,chữ cái beta (Hy Lạp); phiên bản thử nghiệm (của phần mềm/sản phẩm)
bilingual,adjective,bi-[lingu]-al,"able to speak two languages fluently, or expressed in two languages","song ngữ, biết hai thứ tiếng"
billboard,noun,[billboard],a large outdoor board used for displaying advertisements,biển quảng cáo lớn ngoài trời
billionaire,noun,[billion]-aire,a person whose wealth is estimated at a billion dollars or more,tỷ phú
biologically,adverb,bio-[log]-ically,in a way that relates to biology or to living organisms,về mặt sinh học
biosphere,noun,bio-[sphere],the regions of the earth's surface and atmosphere occupied by living organisms,sinh quyển
birthplace,noun,[birthplace],the place where a person was born,"nơi sinh, quê quán"
blackmail,noun,[blackmail],the crime of demanding money or a favor from someone by threatening to reveal compromising information about them,sự tống tiền
bladder,noun,[bladder],the organ in the body in which urine collects before it is discharged,bàng quang
blink,verb,[blink],to shut and open the eyes quickly,"chớp mắt, nháy mắt"
boom,noun,[boom],a period of rapid economic growth or increased popularity,"sự bùng nổ, thời kỳ phát triển mạnh"
bottleneck,noun,[bottleneck],"a point of congestion or blockage, such as in a road, process, or system","nút thắt cổ chai, điểm nghẽn"
brake,noun,[brake],a device for slowing or stopping a moving vehicle,"cái phanh, cái thắng"
brass,noun,[brass],a yellow alloy of copper and zinc,đồng thau
brunei,noun,[brunei],a small country on the island of Borneo in Southeast Asia,Brunei (một quốc gia ở Đông Nam Á)
bulb,noun,[bulb],the glass part of an electric lamp that produces light,bóng đèn
bull,noun,[bull],an adult male of cattle,bò đực
bullock,noun,[bull]-ock,"a young bull, especially a castrated one raised for beef or used for draught work","bò đực non (thường đã bị thiến), dùng để kéo"
cabin,noun,[cabin],"a private room or compartment on a ship or aircraft; also a small simple house, typically made of wood","ca bin, khoang (tàu, máy bay); nhà gỗ nhỏ"
cape,noun,[cape],"a sleeveless cloak, or a piece of land that projects into the sea",áo choàng không tay; mũi đất (địa lý)
catgut,noun,[catgut],"a strong cord traditionally made from the dried intestines of animals, used for surgical sutures or musical instrument strings","dây ruột (thường làm dây đàn hoặc chỉ khâu phẫu thuật, thực chất không phải từ ruột mèo)"
cellulose,noun,[cellul]-ose,a complex carbohydrate that forms the main structural component of plant cell walls,"xenlulozơ, chất xơ thực vật"
chaotic,adjective,[chaos]-tic,in a state of complete confusion and disorder,hỗn loạn
charcoal,noun,[charcoal],a black porous form of carbon made by burning wood slowly with little air,than củi
choke,verb,[choke],to have severe difficulty breathing because something is blocking the throat or windpipe,"nghẹt thở, làm nghẹt"
clover,noun,[clover],"a small plant with three-lobed leaves and flowers, often eaten by livestock",cây cỏ ba lá
clutter,noun,[clutter],an untidy collection of things lying about; a state of disorder,"sự bừa bộn, đồ đạc lộn xộn"
cognition,noun,[cogni]-tion,"the mental action or process of acquiring knowledge and understanding through thought, experience, and the senses",nhận thức
cohesive,adjective,co-[hes]-ive,characterized by unity and consistency; sticking together well,"gắn kết, kết dính chặt chẽ"
cohort,noun,[cohort],"a group of people with a shared characteristic, especially one being studied together","nhóm (người), nhóm đối tượng nghiên cứu"
coincide,verb,co-[incide],to occur at the same time or place as something else,"trùng hợp, xảy ra đồng thời"
collaborative,adjective,col-[labor]-ative,produced or conducted by two or more parties working together,mang tính hợp tác
colonization,noun,[colon]-ization,"the action of establishing control over an area and its indigenous people, and settling it with outsiders","sự thuộc địa hóa, sự xâm chiếm thực dân"
colonize,verb,[colon]-ize,to send settlers to and establish political control over a foreign place,"thực dân hóa, chiếm làm thuộc địa"
companionship,noun,[companion]-ship,the feeling of friendship or fellowship that comes from spending time with others,"tình bạn đồng hành, sự bầu bạn"
competency,noun,[compet]-ency,the ability to do something successfully or efficiently,năng lực
composure,noun,com-[pos]-ure,the state of being calm and in control of one's emotions,"sự bình tĩnh, sự điềm tĩnh"
comprehension,noun,com-[prehen]-sion,"the ability to understand something, especially a text or spoken language","khả năng hiểu, sự thấu hiểu"
conceptual,adjective,[concept]-ual,relating to or based on mental concepts or ideas,"thuộc về khái niệm, mang tính khái niệm"
cone,noun,[cone],a solid or hollow shape with a flat circular base tapering to a point,"hình nón, cái phễu"
confrontation,noun,con-[front]-ation,a hostile or argumentative meeting or situation between opposing parties,"sự đối đầu, cuộc đối chất"
contradictory,adjective,contra-[dict]-ory,mutually opposed or inconsistent with something else,"mâu thuẫn, trái ngược"
cooke,noun,[cooke],"an English surname, a variant spelling of ""Cook""","họ Cooke (tên riêng, họ người)"
copyright,noun,[copyright],"the exclusive legal right to reproduce, publish, or sell a literary, artistic, or musical work","bản quyền, quyền tác giả"
corollary,noun,[corollary],a proposition that follows naturally from one already proved; a direct consequence,hệ quả tất yếu
counteract,verb,counter-[act],to reduce or negate the effect of something by acting in an opposing way,"chống lại, trung hòa, làm giảm tác dụng của"
coworkers,noun,co-[work]-ers,people who work together with one at a job,đồng nghiệp
craze,noun,[craze],a fashion or fad that is extremely popular for a short period,"cơn sốt, mốt nhất thời"
crossing,noun,[cross]-ing,"a place where roads, paths, or rail lines cross; a journey made across a stretch of water","chỗ băng qua đường, giao lộ; chuyến vượt biển"
crow,noun,[crow],a large black bird with a harsh call,con quạ
cube,noun,[cube],a three-dimensional shape having six equal square faces,"hình lập phương, khối lập phương"
cumulatively,adverb,[cumul]-atively,in a manner that builds up progressively through successive additions,"một cách tích lũy, dồn dần"
curb,verb,[curb],"to control or restrict something, especially something undesirable","kiềm chế, hạn chế"
dangerously,adverb,[danger]-ously,in a way that involves or is likely to cause danger,một cách nguy hiểm
dash,verb,[dash],to run or travel somewhere in a great hurry,"lao đi, chạy vội"
ddt,noun,[ddt],"a synthetic chemical insecticide, now banned in many countries because it persists and accumulates in the environment","DDT (thuốc trừ sâu hóa học, hiện bị cấm ở nhiều nước do gây ô nhiễm môi trường)"
deadwood,noun,[deadwood],"dead branches or trees; figuratively, people or things that are no longer useful","gỗ chết, cành khô; (nghĩa bóng) người/vật không còn hữu ích"
deceptive,adjective,de-[cept]-ive,giving an appearance or impression that is different from the true one; misleading,"lừa dối, gây hiểu lầm"
decimate,verb,[decim]-ate,"to kill, destroy, or drastically reduce a large proportion of something","tàn phá, tiêu diệt phần lớn"
decompose,verb,de-[compose],to break down or rot through chemical or bacterial action,"phân hủy, thối rữa"
decree,noun,[decree],an official order issued by a legal or religious authority,"sắc lệnh, nghị định"
deficit,noun,[deficit],"the amount by which something, especially a sum of money, is too small; a shortfall","sự thâm hụt, thiếu hụt (ngân sách)"
dementia,noun,de-[ment]-ia,"a chronic disorder of mental processes causing memory loss, personality changes, and impaired reasoning","chứng mất trí, sa sút trí tuệ"
demise,noun,de-[mise],"the end or failure of an institution, activity, or business; death","sự sụp đổ, sự chấm dứt; sự qua đời"
democracy,noun,[demo]-cracy,"a system of government by the whole population, typically through elected representatives",nền dân chủ
demonstration,noun,de-[monstr]-ation,a public gathering to protest or advocate for something; also an act of showing or proving something,"cuộc biểu tình; sự trình diễn, sự chứng minh"
desalination,noun,de-[salin]-ation,"the removal of salt from something, especially from seawater to make it drinkable",sự khử muối (nước biển thành nước ngọt)
despise,verb,de-[spise],to feel deep contempt or a strong dislike for someone or something,"khinh miệt, khinh ghét"
devaluation,noun,de-[valu]-ation,a reduction in the value of a currency relative to other currencies,sự phá giá (tiền tệ)
dhaka,noun,[dhaka],the capital and largest city of Bangladesh,Dhaka (thủ đô Bangladesh)
diagnostic,adjective,dia-[gnos]-tic,relating to the identification of the nature of an illness or other problem,thuộc về chẩn đoán
diary,noun,[diary],a book in which one keeps a daily record of events or thoughts,nhật ký
dictate,verb,[dict]-ate,to say or read aloud words for someone else to write down or record; also to give orders with authority,"đọc cho (ai) viết lại; ra lệnh, áp đặt"
discern,verb,dis-[cern],"to perceive or recognize something, especially something that is not immediately obvious","nhận ra, phân biệt được"
discriminatory,adjective,dis-[crimin]-atory,making or showing an unfair distinction between different categories of people,mang tính phân biệt đối xử
disguise,verb,dis-[guise],to alter one's appearance or manner in order to conceal one's identity,"cải trang, ngụy trang"
dishonesty,noun,dis-[honest]-y,behavior that is not honest or fair; lying or cheating,"sự không trung thực, gian dối"
disorientation,noun,dis-[orient]-ation,"a loss of one's sense of direction, position, or relationship with one's surroundings",sự mất phương hướng
disposition,noun,dis-[posit]-ion,a person's inherent qualities of mind and character; temperament,"tính khí, bản chất con người"
dissonance,noun,dis-[son]-ance,"a lack of harmony or agreement; a harsh, discordant combination of sounds","sự bất hòa, sự không hài hòa"
diverge,verb,di-[verge],to separate from a main route and go in a different direction; to differ from one another,"phân kỳ, tách ra, khác nhau"
dodo,noun,[dodo],a large extinct flightless bird that was once native to Mauritius,chim dodo (loài chim đã tuyệt chủng)
driveway,noun,[driveway],a short private road leading from a public road to a house or garage,"lối xe vào nhà, đường dẫn vào ga-ra"
dub,verb,[dub],to replace the original spoken dialogue in a film with a translation in a different language,lồng tiếng (phim)
dunn,noun,[dunn],an English and Irish surname,"họ Dunn (tên riêng, họ người)"
eatery,noun,[eat]-ery,"a small, informal restaurant",quán ăn nhỏ
eclipse,noun,[eclipse],an event in which one celestial body obscures the light from another by passing in front of it,nhật thực/nguyệt thực
economically,adverb,[econom]-ically,"in a way relating to the economy, or in a manner that saves money or resources",về mặt kinh tế; một cách tiết kiệm
economics,noun,[econom]-ics,"the branch of knowledge concerned with the production, distribution, and consumption of goods and services",kinh tế học
economist,noun,[econom]-ist,an expert in or student of economics,nhà kinh tế học
editorial,noun,[editor]-ial,a newspaper article expressing the opinion of the editor or publisher on a topical issue,bài xã luận (báo)
electronics,noun,[electron]-ics,the branch of technology dealing with the design and behavior of circuits using electron flow,ngành điện tử học
elm,noun,[elm],"a deciduous tree with broad leaves, often planted for shade",cây du
encyclopedia,noun,[encyclopedia],a book or set of books giving information on many subjects or on many aspects of one subject,bách khoa toàn thư
enthusiastic,adjective,en-[thusiast]-ic,"having or showing intense and eager enjoyment, interest, or approval","nhiệt tình, hào hứng"
eradication,noun,e-[radic]-ation,the complete destruction or elimination of something,"sự xóa bỏ, sự tiêu diệt hoàn toàn"
erupt,verb,e-[rupt],"to burst out suddenly and violently, especially of a volcano","phun trào, bùng nổ"
eskimo,noun,[eskimo],"a member of an indigenous people of northern Canada, Greenland, Alaska, and eastern Siberia (a term now often considered outdated in favor of ""Inuit"")","người Eskimo (một dân tộc bản địa vùng Bắc Cực; nay thường dùng ""Inuit"")"
excessively,adverb,ex-[cess]-ively,"to a degree that is more than is necessary, reasonable, or desirable","một cách quá mức, thái quá"
exhibit,verb,ex-[hibit],"to publicly display something, such as a work of art or a quality","trưng bày, triển lãm; bộc lộ"
exotic,adjective,ex-[otic],originating in or characteristic of a distant foreign country; strikingly unusual or colorful,"kỳ lạ, mang tính ngoại lai"
favor,noun,[favor],an act of kindness beyond what is due or expected,"ân huệ, sự ưu ái"
fifteen,determiner,[fif]-teen,the number equivalent to the product of five and three; 15,số mười lăm (15)
finland,noun,[finland],a country in Northern Europe,Phần Lan
fireplace,noun,[fireplace],"a partially enclosed space in a room for holding a fire, typically with a chimney",lò sưởi
flip,verb,[flip],"to turn over quickly with a light, brisk movement","lật, lật ngược"
footballer,noun,[football]-er,a person who plays football (soccer),cầu thủ bóng đá
fracture,noun,[fract]-ure,"a break, crack, or split, especially in a bone","sự gãy (xương), vết nứt"
frenchman,noun,[frenchman],a man who is a native or citizen of France,người đàn ông Pháp
funny,adjective,[fun]-ny,causing laughter or amusement; also strange or odd,"buồn cười, hài hước; kỳ lạ"
gauze,noun,[gauze],"a thin, loosely woven translucent fabric, often used for surgical dressings","gạc (băng y tế), vải mỏng"
generic,adjective,[gener]-ic,characteristic of or relating to a whole group or class rather than to a specific brand or item,"chung chung, không mang nhãn hiệu riêng"
geographical,adjective,geo-[graph]-ical,"relating to geography, or to the physical features of an area",thuộc về địa lý
glamorous,adjective,[glamor]-ous,having an attractive quality of excitement and unusual elegance; alluring,"quyến rũ, hào nhoáng"
glamour,noun,[glamour],an attractive or exciting quality that makes certain people or things seem appealing,"sự quyến rũ, vẻ hào nhoáng"
gleam,verb,[gleam],"to shine brightly, especially with reflected light","lấp lánh, sáng lên"
gov,noun,[gov],"an informal abbreviation of ""government""; also the internet domain suffix used by government organizations","viết tắt của ""government"" (chính phủ); tên miền internet dành cho cơ quan chính phủ (.gov)"
grandchild,noun,grand-[child],a child of one's son or daughter,cháu (nội hoặc ngoại)
greeting,noun,[greet]-ing,a word or gesture of welcome or recognition,"lời chào, sự chào hỏi"
grievance,noun,[griev]-ance,"a real or imagined wrong or other cause for complaint or protest, especially unfair treatment","điều bất bình, sự khiếu nại"
grin,verb,[grin],to smile broadly,cười toe toét
groundbreaking,adjective,[groundbreak]-ing,introducing new and innovative ideas or methods; pioneering,"mang tính đột phá, tiên phong"
gum,noun,[gum],"a sticky substance exuded by certain trees; also chewing gum, or the firm flesh surrounding the teeth",kẹo cao su; nướu răng; nhựa cây
gymnasium,noun,[gymnas]-ium,a room or building equipped for indoor sports and physical exercise,"nhà thi đấu, phòng tập thể dục"
hallway,noun,[hallway],a corridor or passage in a building,hành lang
handcraft,verb,[handcraft],to make or produce something skillfully by hand rather than by machine,"chế tác thủ công, làm bằng tay"
hanoi,noun,[hanoi],the capital city of Vietnam,Hà Nội (thủ đô Việt Nam)
harassment,noun,[harass]-ment,"aggressive pressure, intimidation, or persistent unwanted behavior directed at someone",sự quấy rối
hardwired,adjective,hard-[wire]-d,determined by innate or built-in factors rather than being learned or changeable; permanently connected in an electronic circuit,"cố định sẵn (bẩm sinh, khó thay đổi); được nối cứng (mạch điện)"
headline,noun,[headline],"a heading at the top of a newspaper article or page, printed in large type",tiêu đề (báo)
headwind,noun,[headwind],"a wind blowing directly against the course of an aircraft or ship; figuratively, an obstacle or difficulty","gió ngược; (nghĩa bóng) trở ngại, khó khăn"
hectare,noun,hect-[are],"a metric unit of area equal to 10,000 square meters","hecta (đơn vị đo diện tích, 10.000 m2)"
helm,noun,[helm],"a wheel or tiller used to steer a ship; figuratively, a position of leadership or control",bánh lái (tàu); vị trí lãnh đạo
hereditary,adjective,[hered]-itary,"(of a disease, characteristic, or title) passed genetically or by inheritance from one generation to the next","có tính di truyền, được thừa kế"
hierarchical,adjective,[hierarch]-ical,"arranged in order of rank, with each level subordinate to the one above it","có tính thứ bậc, phân cấp"
hike,verb,[hike],"to walk for a long distance, especially across country or in the hills","đi bộ đường dài, leo núi"
historically,adverb,[histor]-ically,with reference to the past; in a way connected with history,"về mặt lịch sử, theo lịch sử"
homeland,noun,[homeland],the country where a person was born or has permanent residence,"quê hương, tổ quốc"
hormone,noun,[hormone],a regulatory substance produced in the body that is carried by body fluids to stimulate cells or tissues into action,"hormone, nội tiết tố"
hum,verb,[hum],to make a low continuous sound; to sing a tune with closed lips,"kêu vo ve, ngân nga hát khe khẽ"
hygienic,adjective,[hygien]-ic,clean and likely to prevent disease by avoiding infection,hợp vệ sinh
identically,adverb,[ident]-ically,in exactly the same way; without any difference,"giống hệt nhau, một cách y hệt"
idol,noun,[idol],"a person who is greatly admired, loved, or revered; also an image or object worshipped as a god",thần tượng; tượng thờ
illegally,adverb,il-[legal]-ly,in a way that is contrary to or forbidden by law,"một cách bất hợp pháp, trái pháp luật"
illumination,noun,il-[lumin]-ation,lighting or light supplied to a place; the action of illuminating something,"sự chiếu sáng, ánh sáng"
inaccessible,adjective,in-[access]-ible,unable to be reached or entered; difficult to obtain or use,"không thể tiếp cận được, khó tới được"
inclination,noun,in-[clin]-ation,a person's natural tendency or disposition to act or feel in a particular way; a slope or slant,"khuynh hướng, xu hướng; độ nghiêng/dốc"
incredibly,adverb,in-[cred]-ibly,in a way that is difficult to believe; extremely,một cách khó tin; cực kỳ
individuality,noun,in-[divid]-uality,the quality that distinguishes one person or thing from others,"tính cá nhân, cá tính riêng biệt"
indonesia,noun,[Indonesia],a country in Southeast Asia consisting of many islands,nước Indonesia
inexperienced,adjective,in-[experience]d,lacking knowledge or skill in a particular area gained from doing something,thiếu kinh nghiệm
infestation,noun,in-[fest]-ation,"the presence of a large number of insects or animals in a place, usually causing damage or disease","sự xâm nhập/phá hoại của sâu bọ, côn trùng"
inflict,verb,in-[flict],to cause something unpleasant to be suffered by someone,"gây ra, giáng (đau khổ, tổn thương) lên ai đó"
informative,adjective,in-[form]-ative,providing useful or interesting information,"mang tính thông tin, cung cấp nhiều thông tin hữu ích"
inherently,adverb,in-[her]-ently,"in a way that is a permanent, basic, or essential characteristic of something","một cách vốn có, về bản chất"
innovate,verb,in-[nov]-ate,"to introduce new ideas, methods, or products","đổi mới, cải tiến"
innovator,noun,in-[nov]-ator,a person who introduces new ideas or methods,"người đổi mới, nhà cải tiến"
inoculation,noun,in-[ocul]-ation,the act of injecting a vaccine into a person or animal to protect against disease,"sự tiêm chủng, sự chủng ngừa"
inordinate,adjective,in-[ordin]-ate,unusually or disproportionately large,"quá mức, quá đáng"
insolvency,noun,in-[solv]-ency,the state of being unable to pay debts owed,"tình trạng mất khả năng thanh toán, phá sản"
instil,verb,in-[stil],"to gradually cause someone to have an idea, feeling, or habit over time","gieo rắc, dần dần truyền (một ý tưởng, thói quen)"
int,noun,[int],"(computing) a data type representing whole numbers; an abbreviation of ""integer""","(tin học) kiểu dữ liệu số nguyên; viết tắt của ""integer"""
intelligent,adjective,[intelligent],"having or showing the ability to learn, understand, and think in a logical way",thông minh
interdependence,noun,inter-[depend]-ence,the state of two or more people or things relying on each other,sự phụ thuộc lẫn nhau
interfere,verb,inter-[fere],to intervene in a situation without invitation or necessity,"can thiệp, xen vào (việc không phải của mình)"
interlace,verb,inter-[lace],to weave or twist things together,"đan xen, đan chéo vào nhau"
invasion,noun,in-[vas]-ion,an act of invading a country or region with an armed force,"cuộc xâm lược, sự xâm chiếm"
invisibly,adverb,in-[vis]-ibly,in a way that cannot be seen,"một cách vô hình, không thể nhìn thấy"
irish,adjective,[Ire]-ish,"relating to Ireland, or its people, culture, or language","thuộc về Ireland, người/tiếng Ireland"
irregular,adjective,ir-[regul]-ar,"not even or uniform in shape, arrangement, or occurrence; not following the normal rules","không đều, bất thường"
jackson,noun,[Jackson],"a common English surname, also a place name",họ Jackson (một họ hoặc tên địa danh phổ biến)
jaw,noun,[jaw],either of the upper or lower bony structures that form the framework of the mouth,hàm (bộ phận cơ thể)
jefferson,noun,[Jefferson],"a surname, notably that of Thomas Jefferson, third U.S. president","họ Jefferson (ví dụ Thomas Jefferson, tổng thống Mỹ)"
jennifer,noun,[Jennifer],a common female given name,tên riêng nữ giới phổ biến
jersey,noun,[jersey],"a knitted garment, typically a sports shirt or sweater","áo len, áo thi đấu (jersey)"
jointly,adverb,[joint]-ly,together with another or others; in combination,"cùng nhau, chung"
judicial,adjective,[judic]-ial,relating to judgment in a court of law or to the judiciary,"thuộc về tư pháp, tòa án"
jungle,noun,[jungle],"an area of land overgrown with dense forest and tangled vegetation, typically in the tropics",rừng rậm (nhiệt đới)
kazakhstan,noun,[Kazakhstan],a country in Central Asia,nước Kazakhstan
kin,noun,[kin],one's family and relations,"họ hàng, thân thích"
knack,noun,[knack],an acquired or natural skill at performing a task,"khiếu, sở trường, bí quyết"
knowledgeable,adjective,[knowledge]-able,"having or showing knowledge, intelligence, or understanding","hiểu biết, am hiểu"
leafy,adjective,[leaf]-y,having many leaves or covered with leaves,"nhiều lá, rậm lá"
lens,noun,[lens],a piece of glass or transparent material with curved sides used to focus light,"thấu kính, ống kính"
leslie,noun,[Leslie],a given name or surname,tên riêng hoặc họ (Leslie)
lettuce,noun,[lettuce],a plant with edible green leaves eaten raw in salads,"rau diếp, rau xà lách"
lever,noun,[lever],"a rigid bar resting on a pivot, used to lift or move something",đòn bẩy
lewis,noun,[Lewis],a given name or surname,tên riêng hoặc họ (Lewis)
lizard,noun,[lizard],"a reptile with a long body, four legs, and a tail",thằn lằn
lobster,noun,[lobster],a large marine crustacean with a long tail and claws,tôm hùm
lubricate,verb,[lubric]-ate,to apply oil or grease to a machine to reduce friction,bôi trơn
magnify,verb,[magni]-fy,to make something appear larger than it actually is,"phóng đại, phóng to"
maiden,noun,[maiden],a young unmarried woman (literary or old-fashioned),"thiếu nữ, cô gái trẻ chưa chồng"
maiden,adjective,[maiden],"being the first of its kind, e.g. a maiden voyage or speech","đầu tiên, ra mắt lần đầu (chuyến đi, bài phát biểu đầu tiên)"
malaysia,noun,[Malaysia],a country in Southeast Asia,nước Malaysia
malnutrition,noun,mal-[nutri]-tion,a condition resulting from a lack of proper or sufficient nutrition,suy dinh dưỡng
massachusetts,noun,[Massachusetts],a state in the northeastern United States,bang Massachusetts (Mỹ)
matriarchal,adjective,matri-[arch]-al,relating to a social system in which women hold primary power and authority,thuộc chế độ mẫu hệ
meaningfully,adverb,[meaning]-fully,"in a way that is purposeful, significant, or useful",một cách có ý nghĩa
meantime,noun,[mean]-time,the period of time between one event and another,"khoảng thời gian chờ đợi, trong lúc đó"
mediate,verb,[medi]-ate,to intervene between disputing parties in order to help them reach an agreement,"hòa giải, làm trung gian"
mesh,noun,[mesh],"material made of a network of wire, thread, or cord","lưới, mắt lưới"
meteorological,adjective,[meteorolog]-ical,relating to weather or the atmosphere,"thuộc về khí tượng học, thời tiết"
michael,noun,[Michael],a common male given name,tên riêng nam giới phổ biến
microbe,noun,micro-[be],"a microorganism, especially a bacterium causing disease or fermentation","vi khuẩn, vi sinh vật"
minimize,verb,[mini]-mize,to reduce something to the smallest possible amount or degree,"giảm thiểu, tối thiểu hóa"
mom,noun,[mom],mother (informal),mẹ (cách gọi thân mật)
monterey,noun,[Monterey],"a coastal city in California, USA","thành phố Monterey (California, Mỹ)"
montgomery,noun,[Montgomery],"a surname; also the capital city of Alabama, USA","họ Montgomery; cũng là thủ phủ bang Alabama, Mỹ"
morocco,noun,[Morocco],a country in North Africa,nước Morocco
moss,noun,[moss],a small green flowerless plant that grows in damp habitats,rêu
multiplier,noun,multi-[pli]-er,a quantity by which a given number is multiplied,"hệ số nhân, số nhân"
muscular,adjective,[muscul]-ar,having well-developed muscles; relating to the muscles,có cơ bắp phát triển; thuộc về cơ
mussolini,noun,[Mussolini],"a surname, notably that of Benito Mussolini, the Italian fascist dictator","họ Mussolini (ví dụ Benito Mussolini, nhà độc tài phát xít Ý)"
myriad,noun,[myriad],a countless or extremely great number of people or things,vô số
nasa,noun,[NASA],the United States government agency responsible for aeronautics and space exploration,Cơ quan Hàng không và Vũ trụ Hoa Kỳ (NASA)
nationalism,noun,[nation]-al-ism,patriotic feeling or the advocacy of political independence for one's country,"chủ nghĩa dân tộc, chủ nghĩa quốc gia"
nationwide,adjective,[nation]-wide,extending across or covering an entire nation,trên toàn quốc
navigable,adjective,[navig]-able,"(of a river, channel, or sea) deep or wide enough to allow ships to pass",có thể đi lại được bằng tàu thuyền
necklace,noun,[neck]-lace,an ornamental chain or string worn around the neck,"vòng cổ, dây chuyền"
nepali,adjective,[Nepal]-i,"relating to Nepal, its people, or its language",thuộc về Nepal; tiếng Nepal/người Nepal
newton,noun,[Newton],a unit of force in physics; also the surname of Isaac Newton,đơn vị lực Newton (vật lý); cũng là họ Newton
nickel,noun,[nickel],a silvery-white metallic chemical element; also a US five-cent coin,niken (kim loại); cũng là đồng xu 5 cent Mỹ
nigeria,noun,[Nigeria],a country in West Africa,nước Nigeria
norman,adjective,[Norman],"relating to the Normans, the medieval people of Normandy",thuộc về người Norman (Normandy thời trung cổ)
notably,adverb,[note]-ably,especially; in a way that is worthy of note,"đáng chú ý là, đặc biệt là"
nozzle,noun,[nose]-zle,a spout or tube fitted to a pipe or hose to control the flow of liquid or gas,"vòi phun, đầu vòi"
numerical,adjective,[numer]-ical,"relating to, expressed in, or denoted by numbers","thuộc về số, bằng số"
occupation,noun,[occup]-ation,a person's job or profession,nghề nghiệp
october,noun,[October],the tenth month of the year,tháng Mười
odds,noun,[odds],"the probability that a particular outcome will occur, often expressed as a ratio","tỷ lệ cược, khả năng xảy ra"
officiate,verb,[offici]-ate,"to perform official duties, especially presiding at a ceremony or sports match","chủ trì (một nghi lễ), làm trọng tài"
paraguay,noun,[Paraguay],a country in South America,nước Paraguay
paste,noun,[paste],"a thick, soft, moist substance, typically produced by mixing dry ingredients with a liquid","hỗn hợp sệt, bột nhão"
paste,verb,[paste],"to insert copied or cut text/image into a document, typically using a computer","dán (văn bản, hình ảnh) vào tài liệu"
patriotism,noun,[patriot]-ism,devotion to and vigorous support for one's country,"lòng yêu nước, chủ nghĩa yêu nước"
payroll,noun,[pay]-roll,a list of a company's employees and the amount of money to be paid to each of them,"bảng lương, danh sách trả lương"
pedagogy,noun,[pedagogy],the method and practice of teaching,"phương pháp sư phạm, khoa học giáo dục"
permanence,noun,[perman]-ence,the state or quality of lasting forever or for a long time,"tính lâu bền, sự vĩnh viễn"
persevere,verb,per-[sever]-e,to continue in a course of action even in the face of difficulty or opposition,"kiên trì, bền bỉ theo đuổi"
peru,noun,[Peru],a country in South America,nước Peru
peruvian,adjective,[Peru]-vian,"relating to Peru, or a person from Peru",thuộc về Peru; người Peru
philip,noun,[Philip],a common male given name,tên riêng nam giới
philosopher,noun,philo-[soph]-er,"a person who studies or writes about fundamental questions of existence, knowledge, and values",nhà triết học
photographer,noun,photo-[graph]-er,"a person who takes photographs, especially professionally",nhiếp ảnh gia
photographic,adjective,photo-[graph]-ic,relating to photography or photographs,thuộc về nhiếp ảnh
pixel,noun,[pix]-el,the smallest controllable element of a picture represented on a screen,điểm ảnh (pixel)
podium,noun,[podium],"a small raised platform on which a speaker, performer, or conductor stands","bục, bệ (diễn giả, chỉ huy dàn nhạc)"
pollutant,noun,[pollut]-ant,"a substance that pollutes something, especially the water or air",chất gây ô nhiễm
porous,adjective,[por]-ous,having tiny holes through which liquid or air may pass,"xốp, có lỗ nhỏ thấm được"
practically,adverb,[practic]-ally,"in effect, although not officially or completely; in a practical way","hầu như, thực tế là"
practitioner,noun,[practi]-tioner,"a person actively engaged in a profession, especially medicine or law","người hành nghề (y, luật, v.v.)"
precursor,noun,pre-[curs]-or,a thing that comes before another of the same kind; a forerunner,"tiền thân, người/vật đi trước"
pregnancy,noun,[pregnan]-cy,the condition of carrying a developing embryo or fetus within the body,"thai kỳ, sự mang thai"
prejudice,noun,pre-[judic]-e,a preconceived opinion not based on reason or actual experience; bias,"định kiến, thành kiến"
prestigious,adjective,[prestig]-ious,inspiring respect and admiration; having a high status,"có uy tín, danh giá"
prevail,verb,pre-[vail],to prove more powerful than opposing forces; to be the most common or widespread,"thắng thế, chiếm ưu thế; phổ biến"
primitive,adjective,[primit]-ive,relating to an early stage of development; very simple or basic,"nguyên thủy, sơ khai"
probability,noun,[probabil]-ity,the extent to which something is likely to happen,"xác suất, khả năng xảy ra"
proficiency,noun,pro-[fici]-ency,a high degree of skill or competence,"sự thành thạo, trình độ giỏi"
propaganda,noun,[propaganda],"information, especially biased or misleading, used to promote a political cause or point of view",tuyên truyền
propagation,noun,pro-[pag]-ation,"the spreading or reproduction of plants, ideas, or information","sự truyền bá, sự nhân giống/lan truyền"
protein,noun,[protein],"a large molecule composed of amino acids, essential for the structure and function of living cells","protein, chất đạm"
psychiatrist,noun,psych-[iatr]-ist,a medical doctor who specializes in the diagnosis and treatment of mental illness,bác sĩ tâm thần
psychologically,adverb,psycho-[log]-ically,in a way relating to the mind or mental processes,về mặt tâm lý
punctuation,noun,[punctu]-ation,"the marks, such as commas and periods, used in writing to separate sentences and clauses","dấu câu, cách chấm câu"
pungent,adjective,[pung]-ent,having a sharply strong smell or taste,"hăng, nồng (mùi vị)"
quantifier,noun,[quanti]-fier,"a word or symbol that expresses a quantity, such as ""some"" or ""many""",từ chỉ số lượng; lượng từ
quantitative,adjective,[quanti]-tative,"relating to, measuring, or measured by the quantity of something","thuộc về số lượng, định lượng"
quarry,noun,[quarry],a large open excavation from which stone or minerals are extracted,mỏ đá
rachel,noun,[Rachel],a common female given name,tên riêng nữ giới
radar,noun,[radar],a system that uses radio waves to detect the position and speed of objects,ra đa
ratio,noun,[ratio],"the quantitative relation between two amounts, showing the number of times one contains the other","tỷ lệ, tỷ số"
realistically,adverb,[real]-istically,"in a way that is practical, sensible, and consistent with actual conditions",một cách thực tế
realm,noun,[realm],a field or domain of activity or interest; a kingdom,lĩnh vực; vương quốc
receipt,noun,re-[ceipt],a written acknowledgment that a specified payment or item has been received,"hóa đơn, biên nhận"
redundancy,noun,re-[dund]-ancy,the state of being no longer needed or useful; excess of something,sự dư thừa; sự sa thải do dư thừa nhân sự
regenerate,verb,re-[gener]-ate,to grow or form again; to renew or restore to a better state,"tái sinh, phục hồi"
regime,noun,[regime],"a government, especially an authoritarian one",chế độ (chính trị)
renowned,adjective,re-[nown]-ed,known and talked about by many people; famous,"nổi tiếng, lừng danh"
reptile,noun,[reptile],"a cold-blooded, air-breathing vertebrate animal such as a snake or lizard",loài bò sát
reschedule,verb,re-[schedule],to change the time at which a planned event is due to take place,"sắp xếp lại lịch, dời lịch"
residential,adjective,re-[sid]-ential,designed for people to live in; relating to housing,"thuộc khu dân cư, dùng để ở"
respectively,adverb,re-[spect]-ively,"separately, in the order already mentioned","tương ứng, theo thứ tự đã nêu"
revise,verb,re-[vise],"to re-examine and change or correct something, especially a text or plan","sửa đổi, ôn tập lại"
revolutionary,adjective,[revolut]-ionary,involving or causing a complete or dramatic change,"mang tính cách mạng, đột phá"
revolutionary,noun,[revolut]-ionary,a person who advocates or takes part in political revolution,nhà cách mạng
reynolds,noun,[Reynolds],an English surname,họ Reynolds (một họ người Anh)
rig,noun,[rig],"a piece of equipment used for a particular purpose, especially for drilling oil or gas","giàn khoan, thiết bị chuyên dụng"
rig,verb,[rig],to manage or manipulate something fraudulently for personal advantage,"gian lận, làm giả kết quả (một cách gian lận)"
rita,noun,[Rita],a common female given name,tên riêng nữ giới
rockefeller,noun,[Rockefeller],"an American surname, notably associated with the wealthy Rockefeller family",họ Rockefeller (gia tộc giàu có nổi tiếng ở Mỹ)
sahara,noun,[Sahara],a vast desert in North Africa,sa mạc Sahara
samuel,noun,[Samuel],a common male given name,tên riêng nam giới
sanction,noun,[sanction],"an official penalty imposed for violating a law, rule, or policy","biện pháp trừng phạt, chế tài"
sanction,verb,[sanction],to give official permission or approval for an action,"phê chuẩn, chính thức cho phép"
scandinavian,adjective,[Scandinavia]-n,"relating to Scandinavia (Denmark, Norway, and Sweden)",thuộc vùng Scandinavia (Bắc Âu)
scarf,noun,[scarf],a piece of fabric worn around the neck or head for warmth or decoration,khăn quàng cổ
scary,adjective,[scare]-y,causing fear; frightening,đáng sợ
scent,noun,[scent],"a distinctive smell, especially a pleasant one",mùi hương
scrutiny,noun,[scrutin]-y,"critical observation or careful, thorough examination","sự xem xét kỹ lưỡng, giám sát chặt chẽ"
seam,noun,[seam],a line where two pieces of fabric or material are sewn or joined together,"đường may, đường nối"
senegal,noun,[Senegal],a country in West Africa,một quốc gia ở Tây Phi
sever,verb,[sever],to cut off or divide something by cutting,"cắt đứt, chia cắt"
shelton,noun,[Shelton],an English surname and place name,một họ/địa danh tiếng Anh
shortcoming,noun,[short]-[coming],a fault or weakness in someone's character or in a plan,"khuyết điểm, thiếu sót"
shrub,noun,[shrub],"a woody plant smaller than a tree, with several stems",cây bụi
sideline,noun,[side]-[line],an activity pursued in addition to one's main job,"công việc phụ, việc làm thêm ngoài công việc chính"
sideline,verb,[side]-[line],"to remove someone from their usual role or job, often temporarily","gạt ra ngoài lề, loại khỏi vai trò chính (thường tạm thời)"
signature,noun,[sign]-ature,a person's name written in their own distinctive way to identify them,chữ ký
simplicity,noun,[simple]-ity,the quality of being easy to understand or do,sự đơn giản
skyscraper,noun,[sky]-[scrape]-er,a very tall building of many storeys,tòa nhà chọc trời
slimy,adjective,[slime]-y,covered with or resembling slime; unpleasantly ingratiating,"nhầy nhụa, nhớt; (nghĩa bóng) xu nịnh, đáng ghét"
smallpox,noun,[small]-[pox],"a serious contagious viral disease causing fever and pustules, now eradicated",bệnh đậu mùa
son,noun,[son],a male child in relation to his parents,con trai
sonata,noun,[sonata],"a musical composition for one or a few instruments, typically in several movements",bản xô-nát (nhạc)
spanish,adjective,[Spain]-ish,"relating to Spain, its people, or its language",thuộc về Tây Ban Nha
spanish,noun,[Spain]-ish,the Romance language spoken in Spain and much of Latin America,tiếng Tây Ban Nha
spectrum,noun,[spectrum],"a band of colors, or a broad range of related qualities or ideas","quang phổ; phạm vi, dải (nghĩa rộng)"
speculate,verb,[speculate],to form opinions or theories about something without firm evidence,"suy đoán, phỏng đoán"
sprout,verb,[sprout],"to begin to grow or emerge, as a plant does","nảy mầm, mọc lên"
sprout,noun,[sprout],"a new shoot growing from a seed or plant, especially eaten as food","mầm cây, giá đỗ"
squall,noun,[squall],a sudden violent gust of wind or a brief storm,"cơn gió giật, trận bão ngắn"
stag,noun,[stag],an adult male deer,hươu đực trưởng thành
staircase,noun,[stair]-[case],a set of stairs together with its surrounding structure,cầu thang
starvation,noun,[starve]-ation,suffering or death caused by lack of food,"sự chết đói, tình trạng đói khát"
stride,verb,[stride],"to walk with long, decisive steps","sải bước, bước dài"
stride,noun,[stride],"a long, decisive step, or an instance of progress made","bước tiến, bước đi dài"
strut,verb,[strut],"to walk in a proud, confident manner","đi vênh váo, đi ưỡn ngực"
strut,noun,[strut],a supporting bar or rod in a framework,"thanh chống, thanh giằng"
sturdy,adjective,[sturdy],strongly and solidly built,"chắc chắn, vững chãi"
subtract,verb,sub-[tract],to take away a number or amount from another,trừ (toán học)
suburb,noun,sub-[urb],a residential area on the outskirts of a city,ngoại ô
supplementary,adjective,[supplement]-ary,added to complete something or make up for a lack,"bổ sung, phụ thêm"
susan,noun,[Susan],a female given name,tên riêng nữ giới
symbiotic,adjective,sym-[biotic],"involving close, mutually beneficial interaction between two different organisms",cộng sinh (thuộc về mối quan hệ cộng sinh)
symphony,noun,sym-[phon]-y,"an elaborate musical composition for full orchestra, typically in four movements",bản giao hưởng
synthesis,noun,syn-[thesis],the combination of ideas or components to form a coherent whole,sự tổng hợp
synthetic,adjective,syn-[thetic],made by chemical synthesis to imitate a natural product; not genuine,"tổng hợp (nhân tạo), không phải tự nhiên"
telegram,noun,tele-[gram],a message sent by telegraph and then printed and delivered,điện tín
terminal,adjective,[termin]-al,"occurring at the end of something, especially a fatal illness in its final stage",(thuộc) giai đoạn cuối
terminal,noun,[termin]-al,"a station at the end of a transport route, or a device for input/output to a computer",bến (xe/tàu/sân bay); thiết bị đầu cuối
theoretical,adjective,[theory]-etical,concerned with or based on theory rather than practice,"(thuộc) lý thuyết, có tính lý thuyết"
tiger,noun,[tiger],a large predatory wild cat with orange fur and black stripes,con hổ
tolerant,adjective,[tolerate]-ant,"willing to accept or endure something, especially differing views, without objecting","khoan dung, dễ chấp nhận"
tony,adjective,[tone]-y,"fashionable and expensive; high-toned, posh (informal)","sang trọng, thời thượng (thân mật)"
toothpaste,noun,[tooth]-[paste],a paste used for cleaning the teeth,kem đánh răng
torrent,noun,[torrent],"a strong, fast-moving stream of water; a large outpouring of something","dòng nước xiết; (nghĩa bóng) một loạt (lời nói, chỉ trích...)"
tremor,noun,[tremor],"a slight involuntary shaking movement, or a small earthquake","cơn rung, chấn động nhẹ"
truthfully,adverb,[truth]-ful-ly,in a manner that tells the truth; honestly,"một cách trung thực, thật thà"
tugboat,noun,[tug]-[boat],a small powerful boat used for towing larger ships,tàu kéo
twin,noun,[twin],one of two children or animals born at the same birth,một trong hai đứa trẻ/con vật sinh đôi
undeveloped,adjective,un-[develop]-ed,not yet developed; not fully grown or economically advanced,"chưa phát triển, kém phát triển"
undo,verb,un-[do],to reverse or cancel an action; to unfasten something,"hủy bỏ (thao tác); tháo, cởi ra"
undocumented,adjective,un-[document]-ed,"not officially recorded or authorized, especially of immigration status","không có giấy tờ hợp lệ, không được ghi nhận chính thức"
uneasy,adjective,un-[easy],causing or feeling anxiety; not comfortable or relaxed,"bồn chồn, lo lắng, không thoải mái"
unemployed,adjective,un-[employ]-ed,not having a paid job; out of work,thất nghiệp
uninformed,adjective,un-[inform]-ed,not having knowledge of a particular subject or situation,"thiếu hiểu biết, không được thông tin đầy đủ"
unprotected,adjective,un-[protect]-ed,not protected; vulnerable to harm or danger,không được bảo vệ
unspoiled,adjective,un-[spoil]-ed,"not spoiled; retaining its original good qualities, especially of nature","chưa bị tàn phá, còn nguyên vẹn"
unwillingness,noun,un-[will]-ing-ness,the state of being reluctant to do something,"sự miễn cưỡng, không sẵn lòng"
upcoming,adjective,up-[come]-ing,about to happen; forthcoming,"sắp tới, sắp diễn ra"
upheaval,noun,up-[heave]-al,a violent or sudden change or disruption,"sự biến động, xáo trộn lớn"
venus,noun,[Venus],the second planet from the sun; the Roman goddess of love,sao Kim; nữ thần tình yêu La Mã
verde,adjective,[verde],"green (Spanish/Portuguese/Italian word, used in place names)","xanh lá (từ tiếng Tây Ban Nha/Bồ Đào Nha, thường dùng trong địa danh)"
verification,noun,[verify]-ication,the process of establishing the truth or accuracy of something,"sự xác minh, kiểm chứng"
vertigo,noun,[vertigo],a sensation of whirling and loss of balance,"chứng chóng mặt, hoa mắt"
vienna,noun,[Vienna],the capital city of Austria,thủ đô Viên (Áo)
violently,adverb,[violent]-ly,in a way that involves physical force intended to hurt; with great intensity,"một cách hung bạo, dữ dội"
voicemail,noun,[voice]-[mail],an electronic system for storing spoken telephone messages,"thư thoại, hộp thư thoại"
volcano,noun,[volcano],"a mountain with a vent through which molten rock, gas, and ash erupt",núi lửa
warrior,noun,[war]-ior,"a person engaged or experienced in fighting, especially in war",chiến binh
waterway,noun,[water]-[way],"a river, canal, or other route for travel by water",đường thủy
willpower,noun,[will]-[power],control exerted to do something or restrain impulses; determination,"nghị lực, ý chí"
woodpile,noun,[wood]-[pile],"a stack of wood, especially firewood",đống củi
wreckage,noun,[wreck]-age,the remains of something that has been destroyed,"đống đổ nát, xác tàu/máy bay bị hỏng"
youtube,noun,[YouTube],a video-sharing website and platform,nền tảng chia sẻ video YouTube
zoom,verb,[zoom],"to move very quickly, often with a buzzing sound; to change a camera's focal length",di chuyển vun vút; phóng to/thu nhỏ (ống kính)
acknowledgement,noun,ac-[knowledge]-ment,the act of recognizing or admitting the existence or truth of something,"sự thừa nhận, công nhận"
acquisition,noun,ac-[quisit]-ion,the act of acquiring or gaining possession of something,"sự thu nhận, việc mua lại/giành được"
acquit,verb,ac-[quit],to declare a defendant not guilty of a criminal charge,"tuyên bố trắng án, tha bổng"
administration,noun,ad-[minister]-ation,"the process of running a business, organization, or government; a governing body","sự quản lý, điều hành; chính quyền, nội các"
adolescence,noun,[adolesc]-ence,the period of development between childhood and adulthood,"giai đoạn dậy thì, tuổi vị thành niên"
adventurous,adjective,[adventure]-ous,willing to take risks or try new experiences; full of excitement,"ưa mạo hiểm, gan dạ"
affirm,verb,af-[firm],to state something as true; to uphold a court judgment,"khẳng định, xác nhận"
african,adjective,[Africa]-n,relating to Africa or its peoples,thuộc châu Phi
african,noun,[Africa]-n,a person from Africa,người châu Phi
aggravate,verb,ag-[grav]-ate,to make a problem or situation worse; to annoy someone,"làm trầm trọng thêm; làm bực mình, chọc tức"
aground,adverb,a-[ground],(of a ship) touching the bottom in shallow water and unable to move,(tàu) mắc cạn
aha,interjection,[aha],"used to express surprise, triumph, or sudden realization",à ha! (thán từ diễn tả sự ngạc nhiên hoặc nhận ra điều gì đó)
airline,noun,[air]-[line],a company that provides air transport services for people or goods,hãng hàng không
airport,noun,[air]-[port],"a complex of runways and buildings for aircraft to take off, land, and be maintained",sân bay
alaska,noun,[Alaska],a U.S. state in the far northwest of North America,bang Alaska (Hoa Kỳ)
alight,verb,[alight],"to descend from a vehicle, or (of a bird) to land somewhere after flying",xuống xe/tàu; (chim) đáp xuống
alight,adjective,[alight],on fire or lit up,"đang cháy, rực sáng"
altar,noun,[altar],"a table or platform used for religious rites, especially Christian communion",bàn thờ
alternate,verb,[alter]-nate,"to occur or perform by turns, one after the other repeatedly","luân phiên, thay phiên nhau"
alternate,adjective,[alter]-nate,every other one in a series; occurring in turns,"xen kẽ, cách quãng nhau"
amenhotep,noun,[Amenhotep],the name of several ancient Egyptian pharaohs,tên của một số pharaoh Ai Cập cổ đại
amenity,noun,[amenity],a desirable or useful feature or facility of a building or place,"tiện nghi, tiện ích"
ammunition,noun,[ammunition],"a supply of bullets, shells, and other projectiles usable in weapons",đạn dược
amongst,preposition,[among]-st,surrounded by or in the middle of; a variant of 'among',"ở giữa, trong số (biến thể của 'among')"
amphibian,noun,amphi-[bio]-an,"a cold-blooded vertebrate animal, such as a frog, that lives both in water and on land",động vật lưỡng cư
amplitude,noun,[ample]-itude,the maximum extent of a vibration or oscillation; largeness or magnitude,biên độ (dao động); độ lớn
angkor,noun,[Angkor],a historic region and temple complex in Cambodia,"Angkor, quần thể di tích cổ ở Campuchia"
anthem,noun,[anthem],"a rousing song identified with a particular group or cause, especially a national song","quốc ca, bài ca chính thức"
anthony,noun,[Anthony],a male given name,tên riêng nam giới
antibiotic,noun,anti-[biotic],a medicine that inhibits or destroys the growth of bacteria,thuốc kháng sinh
antiquarian,adjective,[antique]-arian,relating to or dealing in antique or rare books and objects,"(thuộc) đồ cổ, sách cổ"
apathetic,adjective,a-[pathetic],"showing little or no interest, enthusiasm, or concern","thờ ơ, lãnh đạm"
aphasic,adjective,a-[phas]-ic,"relating to or affected by aphasia, the loss of ability to understand or produce speech",(thuộc) chứng mất ngôn ngữ
apostrophe,noun,[apostrophe],the punctuation mark (') used to indicate omission or possession,"dấu nháy đơn, dấu lược (')"
apposition,noun,ap-[posit]-ion,"a grammatical construction placing two elements side by side, one identifying the other","cách đặt song song, đồng vị ngữ (ngữ pháp)"
april,noun,[April],the fourth month of the year,tháng Tư
apt,adjective,[apt],appropriate or suitable in the circumstances; having a tendency to do something,"thích hợp, đúng lúc; có khuynh hướng"
aquaculture,noun,[aqua]-[culture],the cultivation of aquatic organisms such as fish and shellfish for food,nuôi trồng thủy sản
aquarium,noun,[aqua]-rium,a tank or container in which fish and other aquatic creatures are kept,"bể cá, thủy cung"
arizona,noun,[Arizona],a U.S. state in the southwestern United States,bang Arizona (Hoa Kỳ)
arrowhead,noun,[arrow]-[head],the pointed tip of an arrow,đầu mũi tên
artisan,noun,[art]-isan,"a worker in a skilled trade, especially one that makes things by hand","nghệ nhân, thợ thủ công"
ashamed,adjective,a-[shame]-d,embarrassed or guilty because of one's actions or characteristics,"xấu hổ, hổ thẹn"
assault,noun,as-[sault],a physical attack on someone,"sự tấn công, hành hung"
assault,verb,as-[sault],to make a physical attack on someone,"tấn công, hành hung ai đó"
asthma,noun,[asthma],a respiratory condition marked by difficulty breathing due to narrowed airways,bệnh hen suyễn
atlanta,noun,[Atlanta],the capital city of the U.S. state of Georgia,thành phố Atlanta (Hoa Kỳ)
auditory,adjective,[audit]-ory,relating to the sense of hearing,thuộc về thính giác
aussie,noun,[Aus]-sie,(informal) an Australian person,(thân mật) người Úc
automaton,noun,auto-[mat]-on,a mechanical device that mimics human actions and operates automatically,"người máy, máy tự động"
avenue,noun,[avenue],"a broad road, typically lined with trees; a way of approaching a problem","đại lộ; hướng đi, con đường (giải quyết vấn đề)"
aviation,noun,[avi]-ation,"the design, development, and operation of aircraft; the activity of flying",ngành hàng không
backwards,adverb,[back]-ward-s,toward the back or rear; in the direction opposite to the usual one,"về phía sau, ngược hướng"
balcony,noun,[balcony],"a platform enclosed by a wall or railing on the outside of a building, upper-floor",ban công
bamboo,noun,[bamboo],"a giant woody grass with hollow stems, used as building material and food",cây tre/trúc
bang,noun,[bang],"a sudden loud, sharp noise",tiếng nổ/đập lớn và đột ngột
bang,verb,[bang],to hit or shut something loudly and forcefully,"đập mạnh, đóng sầm"
barnacle,noun,[barnacle],a small marine crustacean that attaches itself permanently to rocks or ship hulls,con hà (loài giáp xác bám vào đá/tàu)
barnard,noun,[Barnard],"an English surname, notably of Christiaan Barnard, pioneer heart-transplant surgeon",họ Barnard (ví dụ bác sĩ Christiaan Barnard)
baron,noun,[baron],a member of the lowest rank of nobility; a powerful businessman in an industry,nam tước; trùm (kinh doanh)
bathroom,noun,[bath]-[room],"a room containing a bath or shower, usually with a toilet and sink",phòng tắm
battlefield,noun,[battle]-[field],a place where a battle is fought,chiến trường
beethoven,noun,[Beethoven],"the surname of Ludwig van Beethoven, the German composer",họ Beethoven (nhà soạn nhạc Đức Ludwig van Beethoven)
beginning,noun,[begin]-n-ing,the point in time or space at which something starts,"sự khởi đầu, lúc bắt đầu"
bengal,noun,[Bengal],"a region in South Asia, now divided between Bangladesh and the Indian state of West Bengal",vùng Bengal (Nam Á)
benin,noun,[Benin],a country in West Africa,nước Benin (Tây Phi)
biochemical,adjective,bio-[chemical],relating to the chemical processes that occur within living organisms,thuộc về hóa sinh
blossom,noun,[blossom],"a flower or mass of flowers, especially on a fruit tree",hoa (đặc biệt là hoa của cây ăn quả)
blossom,verb,[blossom],to produce flowers; to develop and flourish,"nở hoa; phát triển, nở rộ"
blur,verb,[blur],to make or become unclear or less distinct,"làm mờ, trở nên mờ nhạt"
blur,noun,[blur],something that cannot be seen clearly; a blurred image,"hình ảnh mờ, vệt mờ"
bmw,noun,[BMW],a German automobile and motorcycle manufacturer,hãng xe hơi Đức BMW
boo,interjection,[boo],used to express disapproval or to startle someone,từ dùng để la ó phản đối hoặc dọa ai đó giật mình
borough,noun,[borough],"a town or district that forms an administrative unit, especially in the UK or NYC","quận, khu hành chính (thành phố)"
breakfast,noun,[break]-[fast],"the first meal of the day, eaten in the morning","bữa sáng, bữa điểm tâm"
bribery,noun,[brib(e)]-ery,the act of giving or receiving money or favors to illegally influence someone,hối lộ
bricked,adjective,[brick]-ed,made of or covered with brick; (informal) rendered completely nonfunctional,được xây/lát bằng gạch; (thân mật) bị hỏng hoàn toàn
brilliantly,adverb,[brilliant]-ly,"in an extremely clever, skillful, or impressive way; with great brightness","một cách xuất sắc, rực rỡ"
broccoli,noun,[broccoli],"a green vegetable with a dense cluster of flower buds, eaten as food",cây súp lơ xanh (bông cải xanh)
brownout,noun,[brown]-[out],a partial or reduced electricity supply causing lights to dim,"tình trạng giảm điện áp, cúp điện tạm thời"
bruise,noun,[bruise],an injury causing discoloration of the skin without breaking it,vết bầm tím
bruise,verb,[bruise],to cause a bruise on the skin,làm bầm tím
buffer,noun,[buff]-er,a device that reduces shock or protects against damage; a temporary data storage area,"bộ đệm, vùng đệm (dữ liệu); vật giảm chấn"
bung,noun,[bung],a stopper for closing a hole in a container such as a cask,"nút bần, nút chai/thùng"
buoyant,adjective,[buoy]-ant,able to float; cheerful and optimistic; (of an economy) tending to remain high,"nổi được (trên mặt nước); vui vẻ, lạc quan; (kinh tế) tăng trưởng tốt"
butler,noun,[butler],"the chief male servant of a household, responsible for the wine cellar and dining",quản gia (nam)
byproduct,noun,by-[product],a secondary or incidental product made in the manufacture of something else,sản phẩm phụ
cadenza,noun,[cadenza],"an elaborate, often improvised solo passage near the end of a piece of music",đoạn độc tấu ngẫu hứng (âm nhạc)
calculator,noun,[calculate]-or,a device or machine used to perform mathematical calculations,"máy tính, thiết bị dùng để thực hiện các phép tính toán học"
canyon,noun,[canyon],"a deep gorge, typically one with a river flowing through it","hẻm núi sâu, thường có sông chảy qua"
capillary,noun,[capillary],one of the very fine branching blood vessels that form a network between the arteries and veins,"mao mạch, mạch máu nhỏ li ti nối giữa động mạch và tĩnh mạch"
capitalism,noun,[capital]-ism,an economic and political system in which trade and industry are controlled by private owners for profit,chủ nghĩa tư bản
captivity,noun,[captive]-ity,"the state of being imprisoned or confined, especially of an animal","tình trạng bị giam cầm, bị nhốt (đặc biệt là động vật)"
carnegie,noun,[carnegie],"a surname, most notably of Andrew Carnegie, the Scottish-American industrialist and philanthropist","họ Carnegie (tên riêng, nổi tiếng với nhà công nghiệp Andrew Carnegie)"
cartographer,noun,carto-[graph]-er,a person who draws or produces maps,người vẽ bản đồ
catastrophe,noun,[catastrophe],a sudden event that causes great damage or suffering,"thảm họa, tai họa lớn"
causation,noun,[cause]-ation,"the action of causing something, or the relationship between cause and effect",sự gây ra; mối quan hệ nhân quả
census,noun,[census],an official count or survey of a population,cuộc điều tra dân số
ceo,noun,[ceo],"chief executive officer, the person with the highest executive authority in a company",giám đốc điều hành (CEO)
cereal,noun,[cereal],"a grain used for food, or a breakfast food made from processed grain",ngũ cốc; món ăn sáng làm từ ngũ cốc
ceylon,noun,[ceylon],the former name of the island nation now called Sri Lanka,"Ceylon, tên gọi cũ của Sri Lanka"
charisma,noun,[charisma],a compelling attractiveness or charm that inspires devotion in others,"sức lôi cuốn, sự thu hút đặc biệt ở một người"
chemist,noun,[chem]-ist,"a scientist who studies chemistry, or (British English) a pharmacist",nhà hóa học; (Anh) dược sĩ
childbirth,noun,[child]-[birth],the process of giving birth to a baby,"việc sinh con, sự sinh đẻ"
chimney,noun,[chimney],a vertical structure that carries smoke away from a fire or furnace,ống khói
chlorine,noun,[chlor]-ine,"a chemical element that is a greenish-yellow gas with a strong smell, used as a disinfectant","clo, nguyên tố hóa học dạng khí màu vàng lục dùng để khử trùng"
cholesterol,noun,[cholesterol],a fatty substance found in the blood and body tissues,"cholesterol, một chất béo có trong máu và mô cơ thể"
cinder,noun,[cinder],"a small piece of partly burned coal, wood, or other material","mẩu than, tro than"
cinematic,adjective,[cinema]-tic,"relating to films or the cinema, or resembling a film in quality","thuộc về điện ảnh, mang phong cách điện ảnh"
circus,noun,[circus],"a traveling company of performers such as acrobats, clowns, and animals","rạp xiếc, gánh xiếc"
cleanliness,noun,[clean]-li-ness,the state or quality of being clean,sự sạch sẽ
clergyman,noun,[clergy]-man,"a male member of the clergy, especially a Christian priest or minister","giáo sĩ, mục sư (nam)"
cloudy,adjective,[cloud]-y,covered with or full of clouds,"có nhiều mây, âm u"
cocaine,noun,[coca]-ine,a highly addictive stimulant drug derived from coca leaves,"cocaine, một loại ma túy kích thích chiết xuất từ lá coca"
cohen,noun,[cohen],"a common Jewish surname, traditionally denoting descent from the priestly class","họ Cohen (tên riêng, gốc Do Thái)"
colin,noun,[colin],a male given name,tên riêng Colin
colonizer,noun,[colony]-ize-er,"a person, group, or country that establishes control over a foreign territory or people","kẻ thực dân, người/nước đi xâm chiếm thuộc địa"
colorado,noun,[colorado],a state located in the western United States,bang Colorado (Hoa Kỳ)
combustion,noun,com-[bust]-ion,the process of burning something,"sự đốt cháy, sự cháy"
comedian,noun,[comedy]-ian,"a person who entertains an audience by making them laugh, especially professionally",diễn viên hài
commercially,adverb,[commercial]-ly,in a way that relates to commerce or is intended to make a profit,về mặt thương mại
comparatively,adverb,[compare]-ative-ly,"to a moderate degree, especially when compared to something else",một cách tương đối (so với cái khác)
complacent,adjective,[complacent],showing smug self-satisfaction about one's own achievements,"tự mãn, tự thỏa mãn"
comprise,verb,[comprise],to consist of or be made up of,"bao gồm, gồm có"
concede,verb,con-[cede],"to admit, often reluctantly, that something is true","thừa nhận, nhượng bộ"
condense,verb,con-[dense],"to make something more compact, or to change from gas into liquid","ngưng tụ, cô đọng lại"
conductivity,noun,[conduct]-ivity,"the degree to which a material conducts electricity, heat, or sound","độ dẫn (điện, nhiệt)"
confectionery,noun,[confection]-ery,"sweets, candy, and chocolate collectively, or a shop that sells them",bánh kẹo; tiệm bán bánh kẹo
console,verb,[console],to comfort someone who is upset or grieving,an ủi
console,noun,[console],"a panel or cabinet housing the controls of an electronic device, or a small table set against a wall",bảng điều khiển; tủ/bàn console
constrain,verb,con-[strain],"to force or compel someone into a particular way of behaving, or to severely restrict something","ràng buộc, hạn chế"
contiguity,noun,[contiguity],the state of being in contact or adjacent to something,"tính liền kề, sự tiếp giáp"
contingency,noun,[contingent]-cy,a future event or circumstance that is possible but cannot be predicted with certainty,tình huống bất ngờ có thể xảy ra; trường hợp dự phòng
cornerstone,noun,[corner]-[stone],a fundamental element on which something depends or is based,"nền tảng, hòn đá tảng"
countdown,noun,[count]-down,an act of counting numbers backward to zero before an event begins,sự đếm ngược
cox,noun,[cox],the person who steers a rowing boat and directs its crew (short for coxswain),người lái thuyền đua (coxswain)
crab,noun,[crab],"a crustacean with a broad shell, a small abdomen, and pincers",con cua
craftsmanship,noun,[craft]-s-man-ship,"skill in doing or making something, especially with the hands","tay nghề, kỹ năng thủ công tinh xảo"
crater,noun,[crater],"a large bowl-shaped depression in the ground, especially one caused by an explosion, impact, or volcano",miệng núi lửa; hố (do va chạm hoặc nổ)
craving,noun,[crave]-ing,a powerful desire for something,"sự thèm khát, khao khát mãnh liệt"
credential,noun,[cred]-ential,"a qualification, achievement, or document that proves a person's ability or authority","bằng cấp, chứng chỉ, giấy chứng nhận"
crinkle,verb,[crinkle],to become or make something wrinkled or creased,"làm nhăn, nhăn lại"
crisp,adjective,[crisp],"pleasantly firm, dry, and brittle",giòn
croatia,noun,[croatia],a country in southeastern Europe on the Adriatic coast,Croatia (quốc gia ở Đông Nam Âu)
crustacean,noun,[crust]-acean,"an arthropod with a hard shell that mostly lives in water, such as a crab or lobster","động vật giáp xác (cua, tôm, v.v.)"
cuddly,adjective,[cuddle]-y,"soft, warm, and pleasant to hug","đáng yêu, dễ ôm ấp"
culinary,adjective,[culinary],relating to cooking or the kitchen,"thuộc về nấu ăn, ẩm thực"
curitiba,noun,[curitiba],a city in southern Brazil,thành phố Curitiba (Brazil)
custard,noun,[custard],"a sweet dessert or sauce made from eggs, milk, and sugar",kem trứng sữa (custard)
cylinder,noun,[cylinder],a solid or hollow geometric shape with straight parallel sides and a circular or oval cross-section,hình trụ
damn,interjection,[damn],"used to express anger, annoyance, or surprise","(thán từ) dùng để bộc lộ sự tức giận, khó chịu hoặc ngạc nhiên"
damn,verb,[damn],"to criticize severely, or (in religious use) to condemn to eternal punishment",lên án gay gắt; (tôn giáo) đày xuống địa ngục
database,noun,[data]-[base],a structured collection of data stored and accessed electronically,cơ sở dữ liệu
december,noun,[december],the twelfth and final month of the year,tháng Mười Hai
decommission,verb,de-[commission],"to take a ship, building, or piece of equipment out of active service","ngừng hoạt động, loại khỏi biên chế"
defer,verb,de-[fer],to put off an action or event to a later time; or to yield to someone else's opinion or authority,trì hoãn; nhượng theo (ý kiến người khác)
delegation,noun,de-[legate]-ion,"a group of people chosen to represent others, or the act of entrusting a task to someone else",phái đoàn; sự ủy quyền
demonstrably,adverb,[demonstrate]-ably,in a way that can be clearly shown or proven to be true,một cách có thể chứng minh rõ ràng
den,noun,[den],the lair or shelter of a wild animal,"hang, ổ (của thú hoang)"
destine,verb,[destine],"to predetermine someone or something for a particular outcome, as if by fate",định sẵn (theo số phận)
detergent,noun,de-[terg]-ent,"a chemical substance used for cleaning, especially one made synthetically",chất tẩy rửa
devoid,adjective,de-[void],entirely lacking or free from something,"hoàn toàn thiếu vắng, không có"
dietary,adjective,[diet]-ary,relating to diet or the food a person eats,thuộc về chế độ ăn uống
digestive,adjective,[digest]-ive,relating to the process of digesting food,thuộc về tiêu hóa
dilemma,noun,[dilemma],a situation requiring a difficult choice between two or more undesirable options,"tình thế khó xử, tiến thoái lưỡng nan"
dilute,verb,[dilute],to make a liquid thinner or weaker by adding water or another solvent,pha loãng
dim,adjective,[dim],not bright or clearly lit; faint,"mờ, tối lờ mờ"
dingo,noun,[dingo],a wild dog native to Australia,chó hoang dingo (Úc)
discrete,adjective,[discrete],individually separate and distinct from others,"riêng biệt, rời rạc"
disproportionately,adverb,dis-[proportion]-ate-ly,in a way that is too large or too small in relation to something else,"một cách không cân xứng, không tương xứng"
disrepair,noun,dis-[repair],the state of being in poor condition because of neglect,"tình trạng hư hỏng, xuống cấp (do bị bỏ bê)"
dissatisfaction,noun,dis-[satisfaction],a feeling of displeasure or unhappiness because expectations were not met,"sự không hài lòng, sự bất mãn"
division,noun,[divide]-sion,"the action of separating something into parts, or a section of a larger organization","sự phân chia; bộ phận, phòng ban"
doll,noun,[doll],"a small model of a human figure, used as a child's toy",búp bê
dolphin,noun,[dolphin],an intelligent marine mammal with a beak-like snout,cá heo
donald,noun,[donald],a male given name,tên riêng Donald
doom,noun,[doom],"death, destruction, or another terrible fate that cannot be avoided","số phận bi thảm, sự diệt vong"
dormancy,noun,[dorm]-ancy,"the state of being dormant, or temporarily inactive","trạng thái ngủ đông, không hoạt động"
dormant,adjective,[dorm]-ant,temporarily inactive but capable of becoming active again,"ở trạng thái ngủ đông, tạm ngừng hoạt động"
dough,noun,[dough],"a thick, soft mixture of flour and liquid, used for baking bread or pastry",bột nhào (làm bánh)
dowager,noun,[dowager],a widow who holds a title or property inherited from her late husband,quả phụ có tước hiệu hoặc tài sản thừa kế từ chồng
drastically,adverb,[drastic]-ally,in a sudden and extreme way,"một cách quyết liệt, mạnh mẽ"
dredge,verb,[dredge],"to clear out the bed of a river or harbor by scooping out mud, weeds, or rubbish","nạo vét (sông, cảng)"
duck,noun,[duck],"a waterbird with a broad blunt bill, short legs, and webbed feet",con vịt
dynamism,noun,[dynam]-ism,"the quality of being energetic, forceful, and full of change","tính năng động, sức sống mạnh mẽ"
ebola,noun,[ebola],"a severe, often fatal viral disease that causes fever and internal bleeding",bệnh (virus) Ebola
edible,adjective,[edible],fit or safe to be eaten,"có thể ăn được, ăn được"
edward,noun,[edward],a male given name,tên riêng Edward
egypt,noun,[egypt],a country located in the northeastern corner of Africa,Ai Cập
elementary,adjective,[element]-ary,"basic and straightforward, relating to the first stages of learning something","sơ đẳng, cơ bản"
elizabeth,noun,[elizabeth],a female given name,tên riêng Elizabeth
ellipsis,noun,[ellipsis],"the omission of words from a sentence, often marked by three dots (...)",dấu chấm lửng; phép lược bỏ từ ngữ
empress,noun,[emperor]-ess,"a female ruler of an empire, or the wife or widow of an emperor",nữ hoàng; hoàng hậu (vợ hoàng đế)
enchant,verb,en-[chant],"to fill someone with great delight, or to put a magic spell on someone","mê hoặc, làm say mê; bỏ bùa"
enthusiast,noun,[enthusiast],a person who is very interested in and enjoys a particular activity or subject,"người đam mê, người nhiệt tình (với một sở thích)"
environmentalist,noun,[environment]-al-ist,a person who advocates for or is concerned with protecting the natural environment,"nhà môi trường học, người bảo vệ môi trường"
envision,verb,en-[vision],to imagine something as a future possibility,"hình dung, mường tượng (điều gì trong tương lai)"
equation,noun,[equate]-ion,a mathematical statement asserting that two expressions are equal,phương trình
errand,noun,[errand],"a short trip taken to carry out a specific task, often for someone else","việc vặt, việc lặt vặt cần đi làm"
evangelical,adjective,[evangel]-ical,"relating to the Christian gospel, or to a Protestant tradition emphasizing the authority of the Bible",thuộc phái Tin Lành phúc âm
evaporation,noun,e-[vapor]-ation,the process by which a liquid turns into vapor or gas,sự bay hơi
exacerbate,verb,ex-[acerb]-ate,"to make a problem, situation, or feeling worse","làm trầm trọng thêm, làm xấu đi"
excursion,noun,ex-[curs]-ion,"a short journey or trip, especially one taken for pleasure","chuyến đi ngắn, cuộc du ngoạn"
exemption,noun,[exempt]-ion,the act of freeing someone from an obligation or requirement that applies to others,sự miễn trừ
expel,verb,ex-[pel],"to force someone to leave a place, school, or organization","trục xuất, đuổi ra khỏi (trường, tổ chức)"
extension,noun,[extend]-sion,"the action of making something longer or larger, or an added part","sự mở rộng, sự kéo dài; phần mở rộng"
exterior,noun,[exterior],the outer surface or part of something,"phần bên ngoài, mặt ngoài"
externally,adverb,[external]-ly,on or from the outside,từ bên ngoài
eyre,noun,[eyre],a circuit court held periodically in medieval England by traveling justices,"tòa án lưu động (thời trung cổ ở Anh, do thẩm phán đi tuần xét xử)"
facebook,noun,[face]-[book],a widely used online social media and networking platform,Facebook (mạng xã hội)
falsehood,noun,[false]-hood,a false statement; a lie,"lời nói dối, sự giả dối"
fascist,noun,[fasc]-ist,"a supporter or follower of fascism, an authoritarian and nationalist political ideology",người theo chủ nghĩa phát xít
feasibility,noun,[feasible]-ity,the possibility or likelihood that a plan or task can be successfully carried out,tính khả thi
feast,noun,[feast],"a large, elaborate meal, typically held to celebrate something","bữa tiệc lớn, yến tiệc"
federal,adjective,[feder]-al,relating to a system of government in which power is divided between a central authority and regional units,thuộc liên bang
filmmaker,noun,[film]-[make]-er,a person who produces or directs films,nhà làm phim
fin,noun,[fin],"a flattened, wing-like part of a fish's body used for swimming",vây (cá)
firefighting,noun,[fire]-[fight]-ing,"the activity of extinguishing dangerous, uncontrolled fires",công tác chữa cháy
fireproof,adjective,[fire]-proof,able to resist damage from fire,"chống cháy, chịu lửa"
firsthand,adjective,[first]-[hand],obtained directly from the original source; not through an intermediary,"trực tiếp, tận mắt (từ nguồn gốc)"
fisherman,noun,[fish]-er-man,a man who catches fish for a living or for sport,ngư dân
flicker,verb,[flicker],"to shine or burn unsteadily, giving off a wavering light","nhấp nháy, lung linh (ánh sáng)"
floe,noun,[floe],"a large, flat sheet of ice floating on the surface of a sea or lake",tảng băng trôi (mảng băng lớn)
floodlight,noun,[flood]-[light],"a large, powerful lamp used to illuminate an outdoor area, such as a stage or sports field",đèn pha (chiếu sáng ngoài trời)
flowchart,noun,[flow]-[chart],a diagram that represents the sequence of steps in a process,"lưu đồ, sơ đồ quy trình"
foggy,adjective,[fog]-gy,full of or covered with fog,"có sương mù, mù mịt"
foliage,noun,[foli]-age,"the leaves of plants and trees, considered collectively","tán lá, lá cây (nói chung)"
footbridge,noun,[foot]-[bridge],"a bridge intended for people walking, not for vehicles",cầu đi bộ
forensic,adjective,[forensic],relating to the scientific methods used to investigate crimes,"thuộc pháp y, (điều tra) hình sự"
forgery,noun,[forge]-ry,"the act of producing a fake document, signature, or object with intent to deceive","hành vi làm giả (giấy tờ, chữ ký...)"
forgo,verb,for-[go],to decide not to have or do something; to give something up,"từ bỏ, không dùng đến"
formidable,adjective,[formid]-able,"inspiring fear, respect, or awe because of being impressively large, powerful, or capable","đáng gờm, ghê gớm, đáng nể"
forum,noun,[forum],"a place, meeting, or medium where ideas and views on a particular issue can be exchanged",diễn đàn
frail,adjective,[frail],physically weak and delicate,"yếu ớt, mảnh khảnh"
frond,noun,[frond],"a large, divided leaf of a fern, palm, or similar plant","lá dương xỉ, lá cọ"
frost,noun,[frost],a thin layer of ice crystals that forms on surfaces when the temperature drops below freezing,"sương giá, băng giá"
frown,verb,[frown],"to wrinkle one's brow to show displeasure, confusion, or concentration","cau mày, nhăn mặt"
fulcrum,noun,[fulcrum],the fixed point on which a lever pivots or is supported,điểm tựa (của đòn bẩy)
fundamentally,adverb,[fundament]-al-ly,"in a basic, essential, or foundational way","một cách cơ bản, về căn bản"
funeral,noun,[funer]-al,a ceremony held to bury or cremate a dead person,"đám tang, lễ tang"
fuse,noun,[fuse],a safety device containing a wire that melts and breaks an electric circuit if the current is too strong,cầu chì
fuse,verb,[fuse],to join or blend two or more things together to form a single entity,"hợp nhất, nung chảy hòa vào nhau"
fussy,adjective,[fuss]-y,excessively concerned with details or difficult to please,"khó tính, cầu kỳ"
gathering,noun,[gather]-ing,an assembly or meeting of people for a particular purpose,cuộc tụ họp
gecko,noun,[gecko],a small lizard with an ability to cling to smooth surfaces,thằn lằn tắc kè
genetically,adverb,[gene]-tic-ally,in a way that relates to genes or heredity,về mặt di truyền
geological,adjective,geo-[log]-ical,relating to the science of the earth's structure and history,thuộc về địa chất
german,adjective,[german],"of or relating to Germany, its people, or language",thuộc về nước Đức
germinate,verb,[germin]-ate,"to begin to grow and put out shoots after a period of dormancy, as a seed",nảy mầm
germination,noun,[germin]-ation,the process by which a seed begins to grow,sự nảy mầm
glitter,verb,[glitter],"to shine with a bright, sparkling light",lấp lánh
glitter,noun,[glitter],"very small, thin pieces of shiny material used for decoration",kim tuyến
goitre,noun,[goitre],an abnormal enlargement of the thyroid gland causing swelling in the neck,bướu cổ
gore,noun,[gore],"blood that has been shed, especially from a wound",máu me (do vết thương)
gore,verb,[gore],to pierce or wound with a horn or tusk,húc bằng sừng
gorge,noun,[gorge],"a narrow valley or ravine between hills or mountains, usually with a stream running through it",hẻm núi
gorge,verb,[gorge],to eat a large amount of food greedily,"ăn ngấu nghiến, nhồi nhét"
governmental,adjective,[govern]-ment-al,relating to government or its administration,thuộc về chính phủ
gps,noun,[gps],a satellite-based system used to determine the precise location of a receiver on earth,hệ thống định vị toàn cầu
gram,noun,[gram],a metric unit of mass equal to one thousandth of a kilogram,gam (đơn vị khối lượng)
grandfather,noun,[grand]-[father],the father of one's father or mother,ông (nội/ngoại)
grandmother,noun,[grand]-[mother],the mother of one's father or mother,bà (nội/ngoại)
gravitate,verb,[gravit]-ate,"to move toward or be attracted to a particular place, person, or thing","bị hút về phía, có xu hướng ngả về"
gravitational,adjective,[gravit]-ation-al,"relating to gravity, the force that attracts objects toward each other",thuộc về lực hấp dẫn
grease,noun,[grease],"a thick oily substance, especially one used to lubricate machinery","mỡ bôi trơn, dầu mỡ"
groom,noun,[groom],a man who is about to be or has just been married,chú rể
groom,verb,[groom],"to clean and care for the appearance of an animal, or to prepare someone for a particular role","chải chuốt, chăm sóc; huấn luyện chuẩn bị cho ai đó"
groundwork,noun,[ground]-[work],preliminary or basic work on which further work will be built,"công tác nền tảng, chuẩn bị ban đầu"
grove,noun,[grove],"a small group of trees, especially one of a particular kind","lùm cây, rừng cây nhỏ"
guidebook,noun,[guide]-[book],a book of information for visitors or tourists about a place,sách hướng dẫn du lịch
gulf,noun,[gulf],a large area of sea that is partly surrounded by land,vịnh (biển lớn)
gunpowder,noun,[gun]-[powder],"an explosive substance used in guns, fireworks, and blasting",thuốc súng
gymnosperm,noun,gymno-[sperm],"a plant, such as a conifer, that produces seeds without a protective covering",thực vật hạt trần
hacker,noun,[hack]-er,a person who uses computers to gain unauthorized access to data or systems,"tin tặc, hacker"
handwritten,adjective,[hand]-[written],written by hand rather than typed or printed,viết tay
harris,noun,[harris],a common English surname,Harris (tên họ người)
headquarter,verb,[head]-[quarter],to have or establish one's main office or base at a specified place,đặt trụ sở chính tại
heir,noun,[heir],"a person legally entitled to inherit the property, rank, or position of another",người thừa kế
heist,noun,[heist],"a robbery, especially of a bank or a large amount of money or valuables",vụ trộm/cướp lớn
hesitate,verb,[hesit]-ate,"to pause briefly before saying or doing something, often through uncertainty","do dự, ngần ngại"
heuristic,adjective,[heuristic],allowing a person to discover or learn something for themselves through trial and error,"mang tính tự khám phá, phỏng đoán"
heuristic,noun,[heuristic],a rule of thumb or practical method used to solve problems quickly,"phương pháp phỏng đoán, quy tắc kinh nghiệm"
hibernation,noun,[hibern]-ation,the state of dormancy or inactivity that some animals enter during winter,trạng thái ngủ đông
himalaya,noun,[himalaya],a mountain range in Asia separating the Indian subcontinent from the Tibetan Plateau,dãy núi Himalaya
hoard,noun,[hoard],a hidden store of money or valuable objects,kho của cải cất giấu
hoard,verb,[hoard],"to accumulate and store away money or valued objects, often secretly","tích trữ, cất giấu"
holocene,noun,[holocene],"the current geological epoch, beginning about 11,700 years ago after the last ice age",thế Holocen (kỷ địa chất hiện tại)
hometown,noun,[home]-[town],the town or city where a person was born or grew up,quê nhà
hone,verb,[hone],"to sharpen a blade, or to refine and perfect a skill","mài giũa, trau dồi (kỹ năng)"
hong,noun,[hong],"a Chinese surname, also used as part of place names such as Hong Kong",Hồng (tên họ/địa danh Trung Quốc)
housework,noun,[house]-[work],work such as cleaning and cooking done in running a home,việc nhà
hover,verb,[hover],to remain suspended in one place in the air,"lơ lửng, bay treo tại chỗ"
huang,noun,[huang],a common Chinese surname,Hoàng (họ người Trung Quốc)
hug,verb,[hug],to put one's arms around someone and hold them closely as a sign of affection,ôm
identification,noun,[identi]-fication,"the process of identifying someone or something, or a document proving one's identity","sự nhận dạng, giấy tờ tùy thân"
ignition,noun,[ign]-ition,"the action of igniting something, or the mechanism that starts an engine","sự đánh lửa, hệ thống khởi động"
imaginative,adjective,[imagin]-ative,having or showing creativity and inventiveness,giàu trí tưởng tượng
impede,verb,im-[pede],to delay or prevent something by obstructing it,"cản trở, gây trở ngại"
incompatible,adjective,in-[compatible],"not able to exist, work, or be used together because of basic differences","không tương thích, xung khắc"
incredible,adjective,in-[cred]-ible,impossible or very difficult to believe; amazing,"khó tin, đáng kinh ngạc"
incubate,verb,in-[cub]-ate,"to keep eggs warm so that they hatch, or to develop an idea under favorable conditions",ấp (trứng); ấp ủ (ý tưởng)
indecision,noun,in-[decision],the inability to make a decision quickly,"sự do dự, thiếu quyết đoán"
innocence,noun,in-[noc]-ence,"the state of being not guilty of a crime, or a lack of experience or naivety","sự vô tội, sự ngây thơ"
inscribe,verb,in-[scribe],to write or carve words or symbols onto a surface,"khắc, ghi lên (một bề mặt)"
instalment,noun,in-[stall]-ment,"one of several parts of a sum of money, or a story, delivered over successive periods",khoản trả góp; một kỳ (của câu chuyện)
integral,adjective,[integr]-al,necessary to make a whole complete; essential,"thiết yếu, không thể tách rời"
interval,noun,[interval],"a pause or space of time between two events, or a break during a performance","khoảng thời gian, quãng nghỉ"
invigorate,verb,in-[vigor]-ate,"to give strength, energy, or enthusiasm to someone","tiếp thêm sinh lực, làm phấn chấn"
iridescent,adjective,[irid]-escent,showing luminous colors that seem to change when seen from different angles,óng ánh nhiều màu như cầu vồng
ironically,adverb,[iron]-ic-al-ly,in a way that is odd or amusing because it is the opposite of what is expected,"một cách trớ trêu, mỉa mai"
irving,noun,[irving],a given name or surname,Irving (tên riêng)
israel,noun,[israel],a country in the Middle East on the eastern coast of the Mediterranean Sea,Israel (quốc gia)
jade,noun,[jade],"a hard, typically green stone used for ornaments and jewelry",ngọc bích
jakarta,noun,[jakarta],the capital and largest city of Indonesia,Jakarta (thủ đô Indonesia)
joan,noun,[joan],a female given name,Joan (tên riêng nữ)
jog,verb,[jog],"to run at a slow, steady pace, especially for exercise",chạy bộ chậm rãi
josiah,noun,[josiah],a male given name,Josiah (tên riêng nam)
kenya,noun,[kenya],a country in East Africa,Kenya (quốc gia Đông Phi)
korean,adjective,[korea]-n,"of or relating to Korea, its people, culture, or language",thuộc về Hàn Quốc/Triều Tiên
korean,noun,[korea]-n,"a native or national of Korea, or the language spoken there",người Hàn Quốc; tiếng Hàn
kudos,noun,[kudos],praise and honor received for an achievement,"lời khen ngợi, danh tiếng"
kyoto,noun,[kyoto],"a city in Japan, formerly its capital, known for temples and traditional culture",Kyoto (thành phố Nhật Bản)
lag,verb,[lag],"to fail to keep pace with others, falling behind","tụt lại phía sau, chậm trễ"
lag,noun,[lag],a period of delay between two related events,độ trễ
landlord,noun,[land]-[lord],"a person who owns and rents out land, a building, or housing","chủ nhà, chủ đất"
landslide,noun,[land]-[slide],a mass of rock or earth sliding down a mountain or cliff; also an overwhelming election victory,vụ lở đất; (nghĩa bóng) chiến thắng áp đảo
leash,noun,[leash],a strap or cord used to restrain and guide a dog or other animal,"dây xích, dây dắt (chó)"
lexical,adjective,[lexic]-al,relating to the words or vocabulary of a language,thuộc về từ vựng
literal,adjective,[liter]-al,taking words in their most basic sense without exaggeration or metaphor,theo nghĩa đen
loanword,noun,[loan]-[word],a word adopted from one language into another with little or no modification,từ mượn
localize,verb,[local]-ize,"to restrict something to a particular place, or to adapt a product for a specific region",giới hạn ở một khu vực; bản địa hóa
lockstep,noun,[lock]-[step],"a way of acting in unison or without variation, as if marching in step","sự đồng bộ cứng nhắc, rập khuôn"
logistics,noun,[logistics],"the detailed coordination of complex operations, especially the movement of goods and supplies","hậu cần, công tác logistics"
longitudinal,adjective,[long]-itud-inal,relating to length or to longitude; also describing a study conducted over a long period of time,theo chiều dọc/kinh tuyến; (nghiên cứu) theo thời gian dài
lotus,noun,[lotus],"a water lily, especially one regarded as sacred in Egyptian and Asian cultures",hoa sen
luckily,adverb,[luck]-ily,fortunately; it is fortunate that,may mắn thay
lumber,noun,[lumber],timber sawn into planks or boards for use in construction,gỗ xẻ
lumber,verb,[lumber],"to move in a slow, heavy, awkward way","di chuyển nặng nề, chậm chạp"
magnolia,noun,[magnolia],"a tree or shrub with large, showy white, pink, or purple flowers",cây/hoa mộc lan
makeup,noun,[make]-[up],"cosmetics applied to the face, or the composition and character of something",mỹ phẩm trang điểm; thành phần cấu tạo
mangrove,noun,[mangrove],a tropical tree or shrub that grows in coastal saline or brackish water,"cây đước, rừng ngập mặn"
manpower,noun,[man]-[power],the number of people available or needed for work or service,nhân lực
marina,noun,[marina],a harbor or dock area for mooring pleasure boats and yachts,bến du thuyền
marvin,noun,[marvin],a male given name,Marvin (tên riêng)
mason,noun,[mason],a person who builds or works with stone or brick,"thợ nề, thợ xây"
massively,adverb,[mass]-ive-ly,to a very great degree; extremely,"một cách cực kỳ, to lớn"
math,noun,[math],mathematics,môn toán
mathematically,adverb,[mathemat]-ical-ly,in a way relating to or using mathematics,về mặt toán học
medieval,adjective,medi-[eval],"relating to the Middle Ages, roughly the 5th to 15th centuries",thuộc thời trung cổ
mellon,noun,[mellon],a surname,Mellon (họ người)
melodic,adjective,[melod]-ic,"having a pleasant, tuneful sound; relating to melody","du dương, có giai điệu"
mend,verb,[mend],to repair something that is broken or damaged,"sửa chữa, vá lại"
mender,noun,[mend]-er,a person or thing that repairs something,người/vật sửa chữa
messy,adjective,[mess]-y,untidy or dirty; disordered,"bừa bộn, lộn xộn"
metallurgist,noun,[metal]-lurg-ist,a scientist or expert specializing in the properties and production of metals,nhà luyện kim
metaphorical,adjective,[metaphor]-ical,relating to or using metaphor rather than literal meaning,mang tính ẩn dụ
michigan,noun,[michigan],a state in the midwestern United States,Michigan (bang của Mỹ)
migratory,adjective,[migrat]-ory,"relating to migration, especially the seasonal movement of animals",di cư (theo mùa)
milkweed,noun,[milk]-[weed],a plant with milky sap that is an important food source for monarch butterfly larvae,cây bông tai (milkweed)
ministry,noun,[minister]-y,"a government department headed by a minister, or work relating to religious service",bộ (cơ quan chính phủ); công việc mục vụ
minnesota,noun,[minnesota],a state in the midwestern United States,Minnesota (bang của Mỹ)
miraculous,adjective,[miracul]-ous,"remarkable and extraordinary, as if caused by a miracle","kỳ diệu, như phép màu"
misconception,noun,mis-[conception],a view or opinion that is incorrect because it is based on faulty thinking,quan niệm sai lầm
misdiagnose,verb,mis-[diagnose],to diagnose a disease or problem incorrectly,chẩn đoán sai
miserable,adjective,[miser]-able,very unhappy or uncomfortable,"khốn khổ, đau khổ"
mistakenly,adverb,mis-[take]-n-ly,in a way that is based on or resulting from a mistake,một cách nhầm lẫn
moist,adjective,[moist],slightly wet; damp,ẩm ướt
monday,noun,[moon]-day,the day of the week following Sunday and preceding Tuesday,thứ Hai
monetary,adjective,[monet]-ary,relating to money or currency,thuộc về tiền tệ
monolingual,adjective,mono-[lingu]-al,speaking or using only one language,"đơn ngữ, chỉ dùng một ngôn ngữ"
moonlight,noun,[moon]-[light],light coming from the moon,ánh trăng
mortality,noun,[mort]-al-ity,the state of being subject to death; also the rate of death within a population,tính hữu hạn của sự sống; tỷ lệ tử vong
mucilage,noun,[mucilage],"a thick, sticky substance produced by plants, or used as an adhesive","chất nhầy thực vật, keo dán"
munich,noun,[munich],"a city in southern Germany, capital of Bavaria",Munich (thành phố Đức)
nanotechnology,noun,nano-[technology],technology involving the manipulation of matter at an extremely small (nanometer) scale,công nghệ nano
nathaniel,noun,[nathaniel],a male given name,Nathaniel (tên riêng)
negligence,noun,[neglig]-ence,"failure to take proper care over something, resulting in damage or injury","sự cẩu thả, sơ suất"
negotiable,adjective,[negoti]-able,open to discussion or modification; able to be settled by negotiation,có thể thương lượng
negotiator,noun,[negoti]-ator,"a person who negotiates, especially professionally",người đàm phán
netflix,noun,[netflix],an American streaming media and video-on-demand company,Netflix (thương hiệu)
nike,noun,[nike],"an American sportswear brand, or the Greek goddess of victory",Nike (thương hiệu/nữ thần chiến thắng)
nodule,noun,[nod]-ule,a small rounded lump or swelling,"nốt sần, cục nhỏ"
nonetheless,adverb,[none]-the-[less],in spite of that; nevertheless,"tuy nhiên, dù vậy"
noteworthy,adjective,[note]-[worth]-y,worthy of attention or notice; remarkable,đáng chú ý
oasis,noun,[oasis],a fertile spot in a desert where water is found,ốc đảo
obscure,adjective,[obscure],"not clearly expressed or understood, or not well known","mơ hồ, khó hiểu; ít người biết đến"
obscure,verb,[obscure],to make something unclear or hide it from view,"che khuất, làm mờ"
obsolescence,noun,[obsolesc]-ence,the process of becoming obsolete or falling out of use,sự lỗi thời
octagonal,adjective,octa-[gon]-al,having eight sides and eight angles,hình bát giác
offensive,adjective,[offense]-ive,"causing someone to feel resentful, upset, or annoyed; or relating to attack","xúc phạm, gây khó chịu; mang tính tấn công"
offensive,noun,[offense]-ive,"a military attack, or a campaign to achieve a specific result","cuộc tấn công, chiến dịch tấn công"
oily,adjective,[oil]-y,"covered with, containing, or resembling oil","nhiều dầu, có dầu"
olive,noun,[olive],"a small oval fruit with a hard pit, eaten or pressed for oil",quả ô liu
onerous,adjective,[oner]-ous,involving heavy obligations or duties; burdensome,"nặng nề, phiền hà"
opulent,adjective,[opulent],"ostentatiously rich, luxurious, or lavish","xa hoa, lộng lẫy"
oracle,noun,[oracle],"a priest or priestess who gives prophetic advice, or a highly reliable source of information","nhà tiên tri, lời sấm truyền"
oscillation,noun,[oscill]-ation,a regular movement back and forth between two positions or states,sự dao động
outing,noun,[out]-ing,a short trip or excursion taken for pleasure,chuyến đi chơi ngắn
overexposure,noun,over-[expos]-ure,"the state of being exposed too much, as to light, danger, or media attention",sự phơi sáng/phơi nhiễm quá mức
overhaul,verb,over-[haul],to examine something thoroughly and make repairs or improvements to it,"đại tu, cải tổ toàn diện"
overhaul,noun,over-[haul],a thorough examination and repair or improvement of something,cuộc đại tu
overweight,adjective,over-[weight],weighing more than is normal or healthy,thừa cân
ox,noun,[ox],"a domesticated bovine animal, especially one used for draft work","con bò đực (dùng để kéo, cày)"
pakistan,noun,[Pakistan],a country in South Asia,một quốc gia ở Nam Á
palatable,adjective,[palate]-able,pleasant to taste,"ngon miệng, hợp khẩu vị"
parasite,noun,[parasite],an organism that lives on or in another organism and benefits at its expense,ký sinh trùng
parliamentary,adjective,[parliament]-ary,relating to a parliament,"thuộc về nghị viện, mang tính nghị viện"
pat,verb,[pat],to touch someone or something gently and quickly with the flat of the hand,vỗ nhẹ (bằng lòng bàn tay)
pei,noun,[PEI],"Prince Edward Island, a province of Canada",đảo Hoàng tử Edward (một tỉnh của Canada)
pennsylvania,noun,[Pennsylvania],a state in the northeastern United States,một bang ở đông bắc Hoa Kỳ
perish,verb,[perish],"to die, especially in a sudden or violent way","chết, qua đời (một cách đột ngột)"
permissive,adjective,per-[miss]-ive,allowing a great deal of freedom in behavior,"dễ dãi, phóng khoáng (cho phép tự do)"
perpetrator,noun,[perpetrate]-or,a person who carries out a harmful or illegal act,"thủ phạm, kẻ gây án"
phd,noun,[PhD],"a doctor of philosophy degree, the highest academic degree",học vị tiến sĩ
philippine,adjective,[Philippine],relating to the Philippines,thuộc về Philippines
picnic,noun,[picnic],"an outdoor meal, typically taken on an excursion",buổi dã ngoại (ăn ngoài trời)
pitfall,noun,[pit]-[fall],a hidden or unsuspected danger or difficulty,"cạm bẫy, nguy cơ tiềm ẩn"
pivotal,adjective,[pivot]-al,of crucial importance because other things depend on it,"then chốt, có tính quyết định"
plagiarism,noun,[plagiary]-ism,the practice of taking someone else's work or ideas and passing them off as one's own,sự đạo văn
plankton,noun,[plankton],tiny organisms that drift in bodies of water,sinh vật phù du
plaque,noun,[plaque],"a flat inscribed commemorative plate, or a film of bacteria on teeth",tấm biển kỷ niệm / mảng bám (răng)
plateau,noun,[plateau],an area of relatively flat highland,cao nguyên
playback,noun,[play]-[back],the reproduction of previously recorded sound or images,sự phát lại (âm thanh/hình ảnh đã ghi)
plethora,noun,[plethora],a large or excessive amount of something,"sự dư thừa, quá nhiều"
pod,noun,[pod],"a long seed vessel of a plant, or a detachable compartment","vỏ quả (đậu), khoang (tách rời)"
poetry,noun,[poet]-ry,literary work in which language is used for its aesthetic and rhythmic qualities,thơ ca
politically,adverb,[politic]-al-ly,in a way that relates to politics or government,về mặt chính trị
pontifical,adjective,[pontiff]-ical,relating to a pope or bishop,thuộc về giáo hoàng/giám mục
popcorn,noun,[pop]-[corn],"corn kernels that puff up and burst when heated, eaten as a snack",bắp rang (bơ)
populate,verb,[populate],to live in and form the population of a place,"cư trú, sinh sống tại (một nơi)"
precocious,adjective,[precocious],showing mature qualities at an unusually early age,"phát triển sớm, khôn trước tuổi"
pressurize,verb,[pressure]-ize,to maintain normal air pressure inside a compartment as external pressure changes,"tăng áp, duy trì áp suất (trong khoang máy bay)"
pretence,noun,[pretence],an attempt to make something not true appear true; a false show,"sự giả vờ, sự giả bộ"
prevalent,adjective,pre-[val]-ent,widespread in a particular area or at a particular time,"phổ biến, thịnh hành"
problematic,adjective,[problem]-atic,causing or likely to cause a problem,"có vấn đề, gây khó khăn"
procrastinate,verb,[procrastinate],to delay or postpone action,"trì hoãn, chần chừ"
professionally,adverb,[profession]-al-ly,in a manner appropriate to a profession; by profession,một cách chuyên nghiệp
propel,verb,pro-[pel],to drive or push something forward,"đẩy về phía trước, thúc đẩy"
propensity,noun,pro-[pens]-ity,a natural tendency to behave in a particular way,"khuynh hướng, xu hướng bẩm sinh"
prospector,noun,pro-[spect]-or,a person who searches for mineral deposits such as gold,người tìm kiếm khoáng sản (thợ đào vàng)
prosper,verb,[prosper],"to succeed or thrive, especially financially","thịnh vượng, phát đạt"
prowess,noun,[prowess],exceptional skill or expertise in a particular activity,"tài năng xuất chúng, sự tài giỏi"
pulley,noun,[pulley],a wheel with a grooved rim used with a rope to lift heavy objects,ròng rọc
pushy,adjective,[push]-y,excessively self-assertive or forceful in trying to get what one wants,"hay lấn lướt, thúc ép quá mức"
quantify,verb,[quant]-ify,to express or measure something as an amount or number,"định lượng, xác định số lượng"
quasi,adjective,[quasi],seemingly but not really; resembling,"tựa như, gần như (giả)"
rack,noun,[rack],"a framework, typically with rails or hooks, for holding or storing things","giá đỡ, kệ (để đồ)"
rack,verb,[rack],to cause someone great physical or mental pain,"dày vò, hành hạ (thể xác/tinh thần)"
ramp,noun,[ramp],a sloping surface joining two different levels,đường dốc (nối hai mặt phẳng khác độ cao)
rampant,adjective,[ramp]-ant,flourishing or spreading unchecked,"tràn lan, hoành hành"
reading,noun,[read]-ing,"the action or skill of reading, or an event where text is read aloud","việc đọc / buổi đọc (diễn văn, thơ...)"
reconcile,verb,[reconcile],to restore friendly relations between people or groups,hòa giải
rectangle,noun,rect-[angle],a plane figure with four straight sides and four right angles,hình chữ nhật
redrawing,noun,re-[draw]-ing,the act of drawing something again or in a different way,việc vẽ lại
rehabilitate,verb,[rehabilitate],"to restore someone to health or normal life through training after illness, addiction, or imprisonment","phục hồi (chức năng, cuộc sống bình thường)"
reinvested,verb,re-[invest]-ed,(past tense) put profit or gain back into a business or investment again,đã tái đầu tư
remnant,noun,[remnant],a small remaining quantity of something,"phần còn lại, mẩu thừa"
render,verb,[render],"to provide or give something, or to cause something to become a certain state","làm cho trở nên, cung cấp/thể hiện"
reoccurring,adjective,re-[occur]-ring,happening again repeatedly,"tái diễn, lặp đi lặp lại"
replenishment,noun,[replenish]-ment,the action of filling something up again,"sự bổ sung, sự nạp lại đầy"
reportedly,adverb,re-[port]-ed-ly,"according to what is said or reported, though not proven",theo như được biết/tường thuật lại
resemblance,noun,[resemble]-ance,the state of looking or being like someone or something else,"sự giống nhau, sự tương đồng"
resonant,adjective,re-[son]-ant,"(of sound) deep, clear, and continuing to sound or ring","vang dội, cộng hưởng"
respiratory,adjective,re-[spir]-atory,relating to breathing,thuộc về hô hấp
responsiveness,noun,[respond]-ive-ness,the quality of reacting quickly and positively,tính đáp ứng nhanh nhạy
restlessness,noun,[rest]-less-ness,"the state of being unable to stay still, relaxed, or content","sự bồn chồn, không yên"
restorative,adjective,re-[store]-ative,"having the ability to restore health, strength, or well-being",có tác dụng phục hồi (sức khỏe)
restructure,verb,re-[structure],"to organize a system, company, or process differently","tái cấu trúc, tổ chức lại"
retina,noun,[retina],the light-sensitive layer of tissue at the back of the eye,võng mạc
revelation,noun,[reveal]-ation,a surprising and previously unknown fact that is disclosed,"sự tiết lộ, điều được khám phá"
ridicule,noun,[ridicule],words or actions intended to make someone or something look foolish,"sự chế giễu, chế nhạo"
rocky,adjective,[rock]-y,full of or consisting of rocks,"đầy đá, gồ ghề"
rooftop,noun,[roof]-[top],"the roof of a building, especially as a place people can use","mái nhà, sân thượng"
rook,noun,[rook],a large black bird of the crow family; also a chess piece that moves in straight lines,quạ rook (loài chim); (cờ vua) quân xe
roster,noun,[roster],"a list of people's names, especially showing turns of duty","danh sách phân công, lịch trực"
rout,verb,[rout],to defeat an opponent completely and decisively,"đánh bại hoàn toàn, đánh cho tan tác"
sag,verb,[sag],"to sink, sink down, or hang downward under weight or pressure","chùng xuống, võng xuống"
salvage,verb,[salvage],"to rescue something from loss, destruction, or waste","cứu vãn, trục vớt"
san,noun,[San],"a title meaning ""Saint,"" used before place names of Spanish or Italian origin","""Thánh"" (dùng trong tên địa danh gốc Tây Ban Nha/Ý)"
scout,noun,[scout],"a person sent ahead to gather information, especially about an enemy","trinh sát viên, người đi do thám"
scout,verb,[scout],"to search an area to find or evaluate something, especially talented people","đi tìm kiếm, tuyển trạch (tài năng)"
seamanship,noun,[seaman]-ship,skill in the handling of a ship or boat,"kỹ năng đi biển, kỹ năng hàng hải"
seaworthy,adjective,[sea]-[worthy],(of a boat) in a good enough condition to sail on the sea,đủ khả năng đi biển (tàu thuyền)
seemingly,adverb,[seem]-ing-ly,"based on what is apparent, though not necessarily true","dường như, có vẻ như"
seepage,noun,[seep]-age,the slow leaking of a liquid through a material,"sự rò rỉ, sự thấm (chất lỏng)"
selectively,adverb,[select]-ive-ly,in a manner that involves careful choice among options,một cách có chọn lọc
semester,noun,[semester],one of two divisions of an academic year,học kỳ
shaman,noun,[shaman],"a person believed to have access to the spirit world, often a healer","pháp sư, thầy cúng (shaman)"
shamefully,adverb,[shame]-ful-ly,in a way that is shockingly bad or that causes shame,"một cách đáng xấu hổ, tệ hại"
shilling,noun,[shilling],a former British coin and monetary unit,đồng shilling (tiền cổ của Anh)
shin,noun,[shin],the front part of the leg below the knee,"ống chân, xương ống quyển"
showcase,noun,[show]-[case],an event or situation in which something is presented favorably to public attention,"buổi/dịp trưng bày, giới thiệu nổi bật"
shutdown,noun,[shut]-[down],"the closing of a factory, system, or operation","sự đóng cửa, ngừng hoạt động"
silica,noun,[silica],"a compound of silicon and oxygen found widely in nature (e.g., sand, quartz)",silic đioxit (silica)
simmer,verb,[simmer],to cook gently in liquid just below boiling point,"ninh/hầm nhỏ lửa, sôi lăn tăn"
siren,noun,[siren],"a device that makes a long, loud warning sound",còi báo động
skydive,verb,[sky]-[dive],to jump from an aircraft and fall freely before opening a parachute,nhảy dù tự do trên không
skyrocket,verb,[sky]-[rocket],"to rise very rapidly, especially in price or amount",tăng vọt
sneer,verb,[sneer],"to smile or speak in a scornful, contemptuous way","cười khinh bỉ, nhếch mép khinh miệt"
snowdrop,noun,[snow]-[drop],a small white bell-shaped flower that blooms in early spring,hoa giọt tuyết (snowdrop)
sociology,noun,socio-[log]-y,"the study of the development, structure, and functioning of human society",xã hội học
solicitor,noun,[solicit]-or,"a lawyer, especially in the UK, who advises clients and prepares legal documents","luật sư (tư vấn, tại Anh)"
sony,noun,[Sony],a Japanese multinational electronics and entertainment company,hãng điện tử Sony (Nhật Bản)
sophistication,noun,[sophisticate]-ion,"the quality of being cultured, refined, or complexly developed","sự tinh tế, sự tinh vi/phức tạp"
spar,verb,[spar],to box using controlled blows for practice,tập đấu (đấm bốc nhẹ để luyện tập)
spectacular,adjective,[spectacle]-ular,beautiful or dramatic in a way that impresses people greatly,"ngoạn mục, hoành tráng"
spokesperson,noun,[spokes]-[person],a person who speaks officially on behalf of a group or organization,người phát ngôn
spore,noun,[spore],"a tiny reproductive cell produced by fungi, ferns, and some other organisms",bào tử
spreadsheet,noun,[spread]-[sheet],a computer program used to organize data into rows and columns for calculation,bảng tính (phần mềm)
sprinter,noun,[sprint]-er,"an athlete who competes in short, fast-paced races",vận động viên chạy nước rút
stalk,noun,[stalk],"the main stem of a plant or the slender part supporting a leaf, flower, or fruit","thân cây, cuống (lá/hoa/quả)"
stalk,verb,[stalk],to follow or watch someone persistently and secretly,"theo dõi, rình rập (ai đó)"
standby,noun,[stand]-[by],"a state of readiness to act, especially as a replacement if needed","trạng thái chờ, dự phòng"
stationary,adjective,[station]-ary,not moving or not intended to be moved,"đứng yên, cố định (không di chuyển)"
statutory,adjective,[statute]-ory,"required, permitted, or enacted by law","theo luật định, được pháp luật quy định"
stephanie,noun,[Stephanie],a female given name,tên riêng nữ giới (Stephanie)
steward,noun,[steward],"a person who manages another's property, or who attends to passengers on a ship or aircraft","người quản lý (tài sản); tiếp viên (tàu, máy bay)"
stoic,adjective,[stoic],enduring pain or hardship without showing feelings or complaining,"kiên nhẫn chịu đựng, khắc kỷ"
stony,adjective,[stone]-y,covered with or full of stones; also unfeeling or cold,"đầy đá, sỏi đá; (nghĩa bóng) lạnh lùng"
stopwatch,noun,[stop]-[watch],a handheld timer used to measure the exact time taken by an event,đồng hồ bấm giờ
storehouse,noun,[store]-[house],a building where things are kept in reserve; a rich source of something,kho chứa; (nghĩa bóng) kho tàng (kiến thức...)
stroll,verb,[stroll],"to walk in a leisurely, relaxed way",đi dạo thong thả
subordinate,adjective,sub-[ordin]-ate,lower in rank or position; secondary in importance,"cấp dưới, thứ yếu"
subscriber,noun,sub-[scrib]-er,"a person who pays to receive a publication, service, or broadcast regularly","người đăng ký (dịch vụ, ấn phẩm)"
sugary,adjective,[sugar]-y,containing a large amount of sugar; overly sweet,"nhiều đường, ngọt lịm"
summarize,verb,[summary]-ize,to give a brief statement of the main points of something,tóm tắt
swamp,noun,[swamp],"an area of low-lying, waterlogged ground",đầm lầy
swamp,verb,[swamp],to overwhelm someone with an excessive amount of something,"làm ngập, tràn ngập, làm quá tải"
swampy,adjective,[swamp]-y,"wet, soft, and muddy like a swamp","lầy lội, giống đầm lầy"
syllable,noun,[syllable],a unit of pronunciation forming a whole or part of a word,âm tiết
sympathetic,adjective,sym-[path]-etic,feeling or showing understanding and care for someone else's feelings,"thông cảm, đồng cảm"
synchronize,verb,syn-[chron]-ize,to cause things to occur or operate at the same time or rate,đồng bộ hóa
tally,noun,[tally],a current running count or score of something,"bảng kiểm đếm, số lượng tổng hợp"
tally,verb,[tally],to agree with or correspond to something,"khớp với, phù hợp với (nhau)"
tantrum,noun,[tantrum],"an uncontrolled outburst of bad temper, especially in a child","cơn giận dữ, cơn ăn vạ"
ted,noun,[Ted],"a male given name, often short for Edward or Theodore",tên riêng nam giới (Ted)
temper,noun,[temper],a person's tendency to become angry easily,"tính khí (dễ nổi giận), tính nóng nảy"
temper,verb,[temper],"to moderate or soften something, or to strengthen a material by heat treatment","làm dịu bớt, điều hòa; tôi luyện (kim loại)"
tertiary,adjective,[tertiary],"third in order, rank, or importance","bậc ba, cấp ba (thứ ba)"
tesla,noun,[tesla],the SI unit of magnetic flux density,đơn vị đo từ thông (tesla)
theatrical,adjective,[theatre]-ical,relating to acting or the theatre; exaggerated for effect,"thuộc về sân khấu, kịch tính (cường điệu)"
thereby,adverb,[there]-by,by that means; as a result of that,"do đó, bằng cách đó"
thirst,noun,[thirst],a feeling of needing or wanting to drink,cơn khát
thrice,adverb,[thrice],three times,ba lần
tingle,verb,[tingle],to feel a slight prickling or stinging sensation on the skin,"có cảm giác râm ran, tê rần"
topple,verb,[top]-ple,"to become unsteady and fall over, or to overthrow a government or leader","đổ nhào, sụp đổ; lật đổ"
tornado,noun,[tornado],a violently rotating column of air extending from a storm cloud to the ground,"lốc xoáy, vòi rồng"
trickle,verb,[trickle],to flow slowly in a thin stream,"chảy nhỏ giọt, rỉ rả"
tricky,adjective,[trick]-y,difficult to do or deal with; requiring careful handling,"khó xử lý, hóc búa"
tripod,noun,tri-[pod],a three-legged stand used to support a camera or other equipment,giá ba chân (chụp ảnh)
tuck,verb,[tuck],"to push loose ends of fabric into a neat, secure position","nhét gọn, giắt vào"
twentieth,adjective,[twenty]-eth,next after nineteenth in position; 20th,thứ hai mươi
typography,noun,typo-[graph]-y,"the style, arrangement, and appearance of printed or displayed text","kỹ thuật/nghệ thuật in ấn, trình bày chữ"
unassisted,adjective,un-[assist]-ed,done without any help from another person,"không có sự trợ giúp, tự lực"
unbroken,adjective,un-[broken],not broken; continuous and uninterrupted,không bị vỡ/gãy; liên tục
unchallenged,adjective,un-[challenge]-d,"not disputed, questioned, or opposed","không bị thách thức, không bị tranh cãi"
uncharted,adjective,un-[chart]-ed,(of territory) not mapped or previously explored,"chưa được khám phá, chưa có bản đồ"
undergo,verb,under-[go],"to experience or be subjected to something, especially something difficult","trải qua (điều gì đó, thường khó khăn)"
undiscovered,adjective,un-[discover]-ed,"not yet found, seen, or known about","chưa được khám phá, chưa được phát hiện"
unharmed,adjective,un-[harm]-ed,not injured or damaged,"không bị tổn hại, an toàn"
unilateral,adjective,uni-[later]-al,"done by or affecting only one person, group, or country, without the agreement of another",đơn phương
unmarked,adjective,un-[mark]-ed,"having no marks, signs, or indications",không được đánh dấu
unmistakable,adjective,un-[mistake]-able,not able to be mistaken for anything else; completely clear,"không thể nhầm lẫn, rõ ràng"
unmistakably,adverb,un-[mistake]-ably,in a way that is impossible to mistake or doubt,một cách không thể nhầm lẫn
unpredictability,noun,un-[predict]-ability,the quality of not being predictable,tính không thể đoán trước
unspoken,adjective,un-[spoken],implied or understood without being said,"ngầm hiểu, không nói ra"
unsurprising,adjective,un-[surprise]-ing,not causing surprise; expected,"không đáng ngạc nhiên, dễ đoán"
unwashed,adjective,un-[wash]-ed,not washed or cleaned,"chưa được rửa, chưa giặt"
vancouver,noun,[vancouver],a major city on the west coast of Canada,thành phố Vancouver (Canada)
vandalism,noun,[vandal]-ism,deliberate destruction of or damage to public or private property,hành vi phá hoại tài sản
vet,noun,[vet],a person qualified to treat sick or injured animals,bác sĩ thú y
vet,verb,[vet],to investigate someone or something thoroughly before approving or accepting them,"thẩm tra, xác minh kỹ lưỡng"
viability,noun,[viable]-ity,the ability to work successfully; feasibility,tính khả thi
vigorous,adjective,[vigor]-ous,"strong, healthy, and full of energy","mạnh mẽ, đầy sinh lực"
villain,noun,[villain],a character whose evil actions or motives are important to the plot of a story,"kẻ phản diện, ác nhân"
violate,verb,[violate],"to break or fail to comply with a rule, law, or agreement",vi phạm
virginia,noun,[virginia],a state on the east coast of the United States,bang Virginia (Mỹ)
vivid,adjective,[vivid],"producing powerful, clear feelings or images in the mind","sống động, rõ nét"
vocal,adjective,[vocal],"relating to the human voice, or tending to express opinions loudly and freely","(thuộc) giọng hát; hay lên tiếng, thẳng thắn"
vortex,noun,[vortex],a mass of spinning air or water that pulls things into its centre,"xoáy nước, xoáy khí"
wallace,noun,[wallace],a surname or given name,tên riêng/họ Wallace
warfare,noun,[war]-fare,the activity of fighting a war between countries or groups,"chiến tranh, chiến sự"
warning,noun,[warn]-ing,"a statement or event that tells people of a possible danger, problem, or other unpleasant event",lời cảnh báo
waterfowl,noun,[water]-[fowl],"birds, such as ducks and geese, that swim on water","chim nước, thủy cầm"
weatherproof,adjective,[weather]-proof,"able to withstand exposure to wind, rain, and other weather conditions without damage",chống chịu thời tiết
weedy,adjective,[weed]-y,"full of or overgrown with weeds; also, thin and physically weak",đầy cỏ dại; (người) gầy yếu
weekday,noun,[week]-[day],any day of the week except Saturday and Sunday,ngày thường (trong tuần)
wholeheartedly,adverb,[whole]-[heart]-ed-ly,with complete sincerity and commitment; without reservation,"hết lòng, toàn tâm toàn ý"
wicket,noun,[wicket],"in cricket, the set of three stumps and two bails defended by a batsman; also a small gate or window",cột gôn (cricket); cổng nhỏ
wildfowl,noun,[wild]-[fowl],"wild birds, especially game birds such as ducks and geese",chim hoang dã (loài săn bắt)
wrecker,noun,[wreck]-er,"a person, vehicle, or ship involved in wrecking or salvaging wrecks; a demolisher",xe cứu hộ; kẻ phá hoại
wrestle,verb,[wrestle],to fight by grappling with and trying to throw down an opponent,"vật lộn, đấu vật"
writing,noun,[writ(e)]-ing,"the activity or skill of writing, or a piece of written work",việc viết; tác phẩm viết
yosemite,noun,[yosemite],a national park in California known for its waterfalls and granite cliffs,công viên quốc gia Yosemite
zoologist,noun,zoo-[log]-ist,a scientist who studies animals and animal life,nhà động vật học
abate,verb,[abate],to become less intense or widespread,"giảm bớt, lắng dịu"
abbreviation,noun,ab-[brevi]-ation,a shortened form of a word or phrase,từ/cụm từ viết tắt
abhor,verb,[abhor],to regard with disgust and hatred,"ghê tởm, căm ghét"
abide,verb,[abide],"to accept or act in accordance with a rule, decision, or recommendation","tuân theo, chấp hành"
aborigine,noun,ab-[origin]-e,"an indigenous inhabitant of a country or region, especially (often capitalized) of Australia",thổ dân (đặc biệt là thổ dân Úc)
abort,verb,[abort],"to end a process or activity before it is completed, especially because of a problem","hủy bỏ, dừng lại giữa chừng"
abstain,verb,[abstain],"to choose not to do or have something, especially to formally decline to vote","kiêng, không tham gia; bỏ phiếu trắng"
abstention,noun,[abstain]-tion,an act of not voting either for or against a proposal,sự bỏ phiếu trắng
acknowledgment,noun,ac-[knowledge]-ment,the act of accepting or admitting the existence or truth of something,"sự thừa nhận, sự công nhận"
acquittal,noun,ac-[quit]-al,a judgment or verdict that a person is not guilty of the crime with which they were charged,sự tuyên trắng án
activism,noun,[act]-iv-ism,the policy of using vigorous campaigning to bring about political or social change,chủ nghĩa hoạt động (xã hội/chính trị)
adam,noun,[adam],"a male given name; in the Bible, the first man created by God",tên riêng Adam
addict,noun,ad-[dict],"a person who is unable to stop using or doing something, especially something harmful",người nghiện
adjacent,adjective,ad-[jacent],next to or adjoining something else,"liền kề, kế bên"
adjunct,noun,ad-[junct],"a thing added to something else as a supplementary, rather than essential, part","phần phụ, phụ tá"
adjustable,adjective,ad-[just]-able,able to be altered or regulated to suit conditions or requirements,có thể điều chỉnh
adorn,verb,ad-[orn],to make more beautiful or attractive by adding decoration,"trang trí, điểm tô"
adulterate,verb,ad-[ulter]-ate,to render something poorer in quality by adding an inferior substance,"pha trộn, làm giảm chất lượng (bằng cách pha tạp)"
aerodynamic,adjective,aero-[dynam]-ic,relating to the properties of objects moving through air,(thuộc) khí động học
aeronautics,noun,aero-[naut]-ics,the science or practice of flight within the earth's atmosphere,ngành hàng không học
afield,adverb,a-[field],away from home; far away,"đi xa, xa nhà"
afresh,adverb,a-[fresh],"again, in a new or different way","lại một lần nữa, làm mới"
agility,noun,[agile]-ity,the ability to move quickly and easily,"sự nhanh nhẹn, sự linh hoạt"
agriculturalist,noun,agri-[cultur]-al-ist,a person who studies or is an expert in agriculture,nhà nông học
alarmingly,adverb,[alarm]-ing-ly,in a way that causes worry or fear about a possible danger,một cách đáng báo động
albeit,conjunction,[albeit],although; even though,mặc dù
alexandria,noun,[alexandria],a major port city in Egypt founded by Alexander the Great,thành phố Alexandria (Ai Cập)
alfred,noun,[alfred],a male given name,tên riêng Alfred
allergy,noun,[allergy],a damaging immune response by the body to a substance that is normally harmless,dị ứng
alley,noun,[alley],"a narrow passage or lane, especially one behind or between buildings","con hẻm, ngõ hẹp"
almighty,adjective,all-[mighty],having complete power; (the Almighty) God,toàn năng
alonzo,noun,[alonzo],a male given name,tên riêng Alonzo
alpha,noun,[alpha],the first letter of the Greek alphabet; the most dominant individual in a group,chữ cái alpha; cá thể đầu đàn
alphonse,noun,[alphonse],a male given name,tên riêng Alphonse
alzheimer,noun,[alzheimer],(Alzheimer's disease) a progressive disease that causes dementia and memory loss,bệnh Alzheimer (mất trí nhớ)
amazingly,adverb,[amaze]-ing-ly,in a way that causes great surprise or wonder,một cách đáng kinh ngạc
amber,noun,[amber],"a hard, translucent yellowish-brown fossilized resin, used in jewelry",hổ phách
ambience,noun,[ambience],the character and atmosphere of a place,bầu không khí (của một nơi)
amos,noun,[amos],a male given name; a Hebrew prophet in the Bible,tên riêng Amos
ample,adjective,[ample],enough or more than enough; plentiful,"đầy đủ, dư dả"
amply,adverb,[ample]-y,in an amount that is enough or more than enough,"một cách đầy đủ, dư dả"
analogue,noun,ana-[log]-ue,a person or thing that is comparable to another,vật/việc tương tự
analogue,adjective,ana-[log]-ue,"(of a clock, watch, or other device) using continuously variable physical quantities to represent data, rather than digital signals","(thuộc dạng) tương tự, không kỹ thuật số"
anatomy,noun,ana-[tom]-y,the branch of science concerned with the bodily structure of living things; the structure of an organism,giải phẫu học; cấu tạo cơ thể
andes,noun,[andes],a major mountain range running along the west coast of South America,dãy núi Andes
animate,verb,[anim]-ate,"to bring life, movement, or excitement to something","làm cho sinh động, thổi hồn vào"
animate,adjective,[anim]-ate,"alive; having life, as opposed to inanimate","có sự sống, sinh động"
ann,noun,[ann],a female given name,tên riêng Ann
antisocial,adjective,anti-[social],contrary to accepted social customs; harmful or annoying to others,"chống đối xã hội, không hòa đồng"
antoine,noun,[antoine],a male given name,tên riêng Antoine
apathy,noun,a-[path]-y,"lack of interest, enthusiasm, or concern","sự thờ ơ, vô cảm"
aphorism,noun,[aphorism],"a short, pithy statement expressing a general truth or principle",câu cách ngôn
appraisal,noun,ap-[praise]-al,"an assessment of the value, quality, or performance of something or someone","sự đánh giá, thẩm định"
appreciable,adjective,ap-[preci]-able,large or important enough to be noticed or considered significant,đáng kể
arbor,noun,[arbor],a shady shelter or trellis in a garden formed by trees or climbing plants,giàn cây leo trong vườn
arboreal,adjective,[arbor]-eal,relating to or living in trees,(thuộc) cây cối; sống trên cây
arch,noun,[arch],a curved structure that spans an opening and supports the weight above it,"vòm, cổng vòm"
arkansas,noun,[arkansas],a state in the south-central United States,bang Arkansas (Mỹ)
arnold,noun,[arnold],a male given name,tên riêng Arnold
aromatic,adjective,[aroma]-tic,having a pleasant and distinctive smell,có mùi thơm
arousal,noun,[arouse]-al,"the state of being awake and physically or emotionally active, or sexually excited","trạng thái kích thích, hưng phấn"
arouse,verb,a-[rouse],to evoke or awaken a feeling or reaction in someone,"khơi dậy, kích thích"
artillery,noun,[artillery],large-caliber guns used in warfare on land,pháo binh
assortment,noun,as-[sort]-ment,a collection containing a variety of sorts of things,"bộ sưu tập đa dạng, sự pha trộn"
assurance,noun,as-[sure]-ance,a positive declaration intended to give confidence; a feeling of confidence or certainty,"sự đảm bảo, sự tự tin"
atlas,noun,[atlas],a book of maps or charts,tập bản đồ
attentiveness,noun,[attentive]-ness,"the quality of paying close attention to someone or something, or being considerately helpful","sự chú ý, sự ân cần"
attrition,noun,at-[trit]-ion,the gradual reduction of a workforce or resource through natural loss; a wearing down,"sự hao mòn, sự hao hụt (nhân lực)"
audible,adjective,[aud]-ible,able to be heard,có thể nghe được
auditor,noun,[aud]-it-or,a person who officially examines and verifies financial accounts,kiểm toán viên
authenticity,noun,[authentic]-ity,the quality of being genuine or of undisputed origin,tính xác thực
authoritarian,adjective,[author]-itarian,favoring or enforcing strict obedience to authority at the expense of personal freedom,"độc đoán, chuyên quyền"
averse,adjective,a-[verse],having a strong dislike of or opposition to something,"ác cảm, không thích"
awake,adjective,a-[wake],not asleep,"thức, tỉnh"
awake,verb,a-[wake],"to stop sleeping, or to cause someone to stop sleeping","thức dậy, đánh thức"
backup,noun,[back]-[up],a copy of data kept in reserve in case the original is lost; support or reinforcement,bản sao lưu; sự hỗ trợ
bacterial,adjective,[bacteri(um)]-al,relating to or caused by bacteria,(thuộc) vi khuẩn
bacterium,noun,[bacterium],"a microscopic single-celled organism, some of which cause disease",vi khuẩn (dạng số ít)
baffle,verb,[baffle],to totally bewilder or perplex someone,"làm bối rối, khó hiểu"
ballpoint,noun,[ball]-[point],a pen with a small rotating ball as its writing point,bút bi
banknote,noun,[bank]-[note],a printed piece of paper money issued by a bank or government,tiền giấy
bankrupt,adjective,[bank]-rupt,(of a person or organization) declared in law unable to pay their debts,phá sản
bankruptcy,noun,[bankrupt]-cy,the state of being legally declared unable to pay one's debts,tình trạng phá sản
baptiste,noun,[baptiste],a male given name,tên riêng Baptiste
basketball,noun,[basket]-[ball],a team sport in which players try to score by throwing a ball through a raised hoop,bóng rổ
batsman,noun,[bat]-s-[man],"a player who is batting or whose special skill is batting, especially in cricket",người đánh bóng (trong môn cricket)
bead,noun,[bead],"a small piece of glass, stone, or similar material pierced for threading on a string",hạt (trang sức)
bearing,noun,[bear]-ing,a person's manner of carrying themselves; relevance to a matter; a mechanical part that supports rotation,"tư thế, dáng điệu; sự liên quan; ổ trục (cơ khí)"
becker,noun,[becker],a surname,họ Becker
belgian,adjective,[belgium]-an,relating to Belgium or its people,(thuộc) nước Bỉ
belgian,noun,[belgium]-an,a person from Belgium,người Bỉ
bellow,verb,[bellow],"to shout in a deep, loud voice","gầm, hét lớn"
beloved,adjective,be-[love]-d,dearly loved,"yêu quý, thân yêu"
benchmark,noun,[bench]-[mark],a standard or point of reference against which things may be compared or assessed,"chuẩn mực, mốc so sánh"
benign,adjective,[benign],gentle and kind; (of a disease) not harmful in effect,"hiền lành, tốt bụng; (y học) lành tính"
benjamin,noun,[benjamin],a male given name,tên riêng Benjamin
berry,noun,[berry],"a small round fruit with no stone, often edible",quả mọng
billionth,adjective,[billion]-th,"the ordinal number corresponding to one billion (1,000,000,000th) in a sequence",(số) thứ một tỷ
biography,noun,bio-[graph]-y,an account of someone's life written by another person,tiểu sử
birdwatchers,noun,[bird]-[watch]-er-s,people who observe wild birds as a hobby,người quan sát chim
blister,noun,[blister],"a small bubble on the skin filled with serum, caused by friction or burning",vết phồng rộp (da)
bony,adjective,[bone]-y,having prominent bones; very thin,gầy giơ xương
borderline,adjective,[border]-[line],only just belonging to a category; on the dividing line between two conditions,"ở ranh giới, giáp ranh, chưa rõ ràng"
boston,noun,[boston],"the capital city of Massachusetts, in the United States",thành phố Boston (Mỹ)
botanical,adjective,[botan]-ical,relating to plants or the science of botany,(thuộc) thực vật học
brandy,noun,[brandy],a strong alcoholic spirit distilled from wine or fermented fruit juice,rượu brandy
brawl,noun,[brawl],a rough or noisy fight or quarrel,cuộc ẩu đả
brazilian,adjective,[brazil]-ian,relating to Brazil or its people,(thuộc) nước Brazil
brazilian,noun,[brazil]-ian,a person from Brazil,người Brazil
breadwinner,noun,[bread]-[winn]-er,a person who earns money to support their family,trụ cột kinh tế gia đình
breakdown,noun,[break]-[down],a failure to function; a collapse in health or emotional state; a detailed analysis of something,sự cố hỏng hóc; sự suy sụp; sự phân tích chi tiết
breakwater,noun,[break]-[water],a barrier built out into the sea to protect a coast or harbor from the force of waves,đê chắn sóng
breeze,noun,[breeze],a gentle wind,làn gió nhẹ
brett,noun,[brett],a male given name,tên riêng Brett
brink,noun,[brink],"the edge of land before a steep slope, or the point at which something is about to happen","bờ vực, ranh giới sắp xảy ra điều gì"
brisbane,noun,[brisbane],the capital city of the Australian state of Queensland,thành phố Brisbane (Úc)
brittle,adjective,[brittle],hard but liable to break or shatter easily,"giòn, dễ vỡ"
brochure,noun,[brochure],"a small booklet or pamphlet, often containing advertising material","tờ rơi, sách mỏng quảng cáo"
bronchitis,noun,[bronch]-itis,inflammation of the mucous membrane lining the bronchial tubes,viêm phế quản
brood,noun,[brood],a family of young birds or animals produced at one hatching or birth,lứa (chim/thú con)
brood,verb,[brood],to think deeply and anxiously about something that troubles or upsets one,"trầm ngâm lo lắng, suy nghĩ ưu tư"
broth,noun,[broth],"a liquid in which meat, fish, or vegetables have been cooked, used as a base for soup","nước dùng, nước luộc (từ thịt, cá, rau)"
brow,noun,[brow],"the forehead, or the ridge of hair above the eye (eyebrow)","trán; lông mày, chân mày"
buffalo,noun,[buffalo],"a large wild ox, especially the American bison or the Asian water buffalo","con trâu rừng, con bò rừng (bò bison)"
bullfight,noun,[bull]-[fight],"a public entertainment in which a matador fights and kills a bull, especially as performed in Spain",cuộc đấu bò tót
bullfighting,noun,[bull]-[fight]-ing,the sport or spectacle of fighting bulls,môn/nghệ thuật đấu bò tót
buoyancy,noun,[buoy]-ancy,the ability to float in water or air; the upward force exerted by a fluid on a body,"tính nổi, lực đẩy nổi"
burgeon,verb,[burgeon],to begin to grow or increase rapidly; to flourish,"phát triển nhanh chóng, nảy nở, đâm chồi"
businessman,noun,[business]-[man],"a man who works in commerce, especially one in a senior position",doanh nhân (nam)
businessmen,noun,[business]-[man]-s (plural),plural of businessman: men who work in commerce,các doanh nhân (nam)
butane,noun,[butane],"a flammable hydrocarbon gas used as fuel, especially in lighters and portable stoves",khí butan
buttress,noun,[buttress],"a structure, typically of stone or brick, built against a wall to support or reinforce it","trụ chống, cột chống đỡ (tường)"
buttress,verb,[buttress],"to provide (an argument, position, or institution) with additional support or strength","củng cố, hỗ trợ thêm cho (lập luận, thể chế)"
cactus,noun,[cactus],"a succulent plant with a thick, fleshy stem, typically bearing spines, native to arid regions",cây xương rồng
cafeteria,noun,[cafeteria],"a self-service restaurant, typically one in a workplace, school, or institution","căng tin, nhà ăn tự phục vụ"
calais,noun,[Calais],"a port city in northern France, on the English Channel",thành phố Calais (miền bắc nước Pháp)
calcium,noun,[calcium],"a soft grey chemical element that is essential for living organisms, especially for bones and teeth",canxi
calgary,noun,[Calgary],"a city in the province of Alberta, Canada",thành phố Calgary (Canada)
canberra,noun,[Canberra],the capital city of Australia,thủ đô Canberra (Úc)
capitalize,verb,[capital]-ize,"to write or print (a letter or word) in capital letters; also, to take advantage of an opportunity for gain",viết hoa (chữ cái/từ); tận dụng (cơ hội) để trục lợi
cardinal,adjective,[cardinal],of the greatest importance; fundamental,"cơ bản, chủ yếu, quan trọng hàng đầu"
cardinal,noun,[cardinal],a senior Roman Catholic clergyman ranked just below the Pope; also a red North American songbird,hồng y giáo chủ; (hoặc) chim hồng tước đỏ
cardiovascular,adjective,cardio-[vascul]-ar,relating to the heart and blood vessels,thuộc về tim mạch
carefree,adjective,[care]-free,free from anxiety or responsibility; light-hearted,"vô tư, không lo âu, thảnh thơi"
catalog,noun,[catalog],"a complete list of items, typically one published in a book, leaflet, or website","danh mục, ca-ta-lô"
catalyst,noun,[catalyst],a substance that increases the rate of a chemical reaction without itself being changed; a person or event that causes change,chất xúc tác; yếu tố thúc đẩy thay đổi
catchy,adjective,[catch]-y,(of a tune or phrase) pleasant and easy to remember,"dễ nhớ, bắt tai (giai điệu)"
categorical,adjective,[category]-ical,stated absolutely and without exception or qualification; unambiguous,"dứt khoát, rõ ràng, tuyệt đối"
cavalry,noun,[cavalry],"soldiers who fight on horseback, historically",kỵ binh
cemetery,noun,[cemetery],"a burial ground, especially a large one not attached to a church",nghĩa trang
cessation,noun,[cess]-ation,the fact or process of ending or being brought to an end,"sự chấm dứt, sự ngừng lại"
champagne,noun,[champagne],"a sparkling white wine associated with celebration, originally from the Champagne region of France",rượu sâm banh (champagne)
chant,verb,[chant],"to say or shout (words or slogans) repeatedly in a rhythmic tone, typically in unison with others","hô vang, hô khẩu hiệu theo nhịp"
char,verb,[char],to make (something) black by burning; to scorch,"đốt cháy đen, thui cháy"
charioteer,noun,[chariot]-eer,a person who drives a horse-drawn chariot,người đánh xe ngựa (chiến xa)
chauffeur,noun,[chauffeur],a person employed to drive a private or hired motor car,tài xế riêng (thuê lái xe)
checkout,noun,[check]-[out],the place in a supermarket or store where customers pay for goods; also the act of leaving a hotel after paying,quầy thanh toán; thủ tục trả phòng khách sạn
checkpoint,noun,[check]-[point],a barrier or manned entrance where security or identity checks are carried out,trạm kiểm soát
cheekbone,noun,[cheek]-[bone],the bone below the eye that forms the prominence of the cheek,xương gò má
chemotherapy,noun,chemo-[therapy],"the treatment of disease, especially cancer, using chemical substances",hóa trị liệu
chew,verb,[chew],to bite and work food repeatedly in the mouth to break it down before swallowing,nhai
chicken,noun,[chicken],a domestic fowl kept for its eggs or meat,con gà
chinstrap,noun,[chin]-[strap],a strap passing under the chin to secure a hat or helmet in place,"dây đeo cằm (mũ, mũ bảo hiểm)"
chlorinate,verb,[chlorine]-ate,"to treat or combine with chlorine, especially to disinfect water","khử trùng bằng clo, clo hóa"
chortle,verb,[chortle],"to laugh in a breathy, gleeful way",cười khúc khích thích thú
christina,noun,[Christina],a female given name,tên riêng nữ giới (Christina)
chrysler,noun,[Chrysler],an American automobile manufacturer,hãng ô tô Chrysler
circumference,noun,circum-[fer]-ence,the distance around the edge of a circle or other curved shape,chu vi (đường tròn)
circumstantial,adjective,circum-[stant]-ial,(of evidence) based on inference rather than direct observation; incidental to the main point,"(bằng chứng) gián tiếp, dựa trên tình huống"
circumvent,verb,circum-[vent],to find a way around (an obstacle or rule); to evade,"lách qua, tránh né (quy định, trở ngại)"
clandestine,adjective,[clandestine],"kept secret or done secretively, especially because it is illicit","bí mật, lén lút"
clot,noun,[clot],"a thick, semi-solid mass, especially of coagulated blood",cục máu đông
clumsy,adjective,[clumsy],awkward in movement or in handling things; ungainly,"vụng về, lóng ngóng"
clutch,verb,[clutch],to grasp tightly,"nắm chặt, siết chặt"
clutch,noun,[clutch],a device for engaging and disengaging the transmission of a motor vehicle from the engine,"bộ ly hợp, côn (xe)"
coercion,noun,[coerc]-ion,the practice of persuading someone to do something by using force or threats,"sự cưỡng ép, sự ép buộc"
coincidence,noun,co-[incidence],a remarkable concurrence of events or circumstances without apparent causal connection,sự trùng hợp (ngẫu nhiên)
collate,verb,col-[late],"to collect and combine (texts, information, or sets of figures) in proper order","đối chiếu, tập hợp và sắp xếp (tài liệu)"
comb,noun,[comb],a toothed device used to arrange or clean the hair,cái lược
commentary,noun,[comment]-ary,"a spoken or written explanation, description, or critical discussion, especially of a broadcast event","lời bình luận, bài bình luận"
compartment,noun,com-[part]-ment,a separate section of a structure or container used to store or organize things,"ngăn, khoang"
compartmentalize,verb,[compartment]-al-ize,to divide into separate sections or categories,phân chia thành từng ngăn/phần riêng biệt
compatibility,noun,com-[pati]-bility,"the state of being able to exist, work, or be used together without conflict",tính tương thích
competitively,adverb,com-[pet]-itive-ly,in a manner that involves or shows a strong desire to compete and win,một cách cạnh tranh
compilation,noun,com-[pile]-ation,"a collection of things, especially of music, writing, or data, gathered from various sources","tuyển tập, bộ sưu tập"
complacency,noun,com-[plac]-ency,a feeling of smug or uncritical satisfaction with oneself or one's achievements,"sự tự mãn, tự thỏa mãn"
composer,noun,com-[pos]-er,a person who writes music,nhà soạn nhạc
composite,adjective,com-[posit]-e,made up of various parts or elements,"tổng hợp, hỗn hợp (gồm nhiều phần)"
compost,noun,[compost],decayed organic material used as a fertilizer for growing plants,"phân trộn, phân hữu cơ (ủ từ rác thải)"
compulsive,adjective,com-[puls]-ive,"resulting from or relating to an irresistible urge, especially one that is against one's conscious wishes","có tính cưỡng chế, không kiềm chế được (hành vi)"
conceptualize,verb,[concept]-u-al-ize,to form an idea or concept of (something) in the mind,"hình thành khái niệm, khái niệm hóa"
concise,adjective,con-[cis]-e,giving a lot of information clearly and in few words; brief,"ngắn gọn, súc tích"
concur,verb,con-[cur],to agree,"đồng ý, tán thành"
conditionals,noun,[condition]-al-s,grammatical structures (if-clauses) that express a condition and its result,các câu điều kiện
conference,noun,con-[fer]-ence,"a formal meeting for discussion, typically one lasting several days",hội nghị
conferencing,noun,[conference]-ing,"the action or process of holding a conference, especially via electronic means",việc tổ chức hội nghị (trực tuyến)
confinement,noun,con-[fine]-ment,"the state of being confined or shut in, especially imprisonment","sự giam giữ, sự giam cầm"
confucian,adjective,[Confucius]-an,relating to the Chinese philosopher Confucius or his teachings,"thuộc về Khổng giáo, Nho giáo"
conjecture,noun,con-[ject]-ure,an opinion or conclusion formed on the basis of incomplete or uncertain information,"sự suy đoán, phỏng đoán"
consequential,adjective,con-[sequ]-ential,following as a result or effect of something; of significant importance,"có tính hệ quả; quan trọng, đáng kể"
consumable,adjective,con-[sum]-able,able to be consumed or used up,"có thể tiêu thụ được, dùng hết được"
contagious,adjective,con-[tag]-ious,(of a disease) able to be spread from one person or organism to another by direct or indirect contact,"dễ lây, truyền nhiễm"
copycat,noun,[copy]-[cat],"a person who imitates another, typically in an unoriginal way",kẻ bắt chước
corpse,noun,[corpse],"a dead body, especially of a human being","xác chết, tử thi"
correspondingly,adverb,cor-[respond]-ing-ly,in a way that corresponds; accordingly,một cách tương ứng
corrosive,adjective,cor-[ros]-ive,"tending to cause gradual damage or destruction, especially by chemical action",có tính ăn mòn
countenance,noun,[countenance],a person's face or facial expression,"vẻ mặt, dung mạo"
counterbalance,noun,counter-[balance],a force or influence that offsets or balances another,"đối trọng, lực cân bằng đối lập"
courteous,adjective,[court]-eous,"polite, respectful, and considerate in manner","lịch sự, nhã nhặn"
coxswain,noun,[coxswain],a person who steers a rowing boat and directs its crew,người lái thuyền đua (hoa tiêu thuyền chèo)
credulous,adjective,cred-[ul]-ous,having or showing too great a readiness to believe things without sufficient evidence,"cả tin, nhẹ dạ"
crest,noun,[crest],"a comb or tuft of feathers, fur, or skin on the head of a bird or animal; the top of a wave, hill, or ridge","mào (chim); đỉnh (sóng, đồi)"
crete,noun,[Crete],"the largest Greek island, located in the eastern Mediterranean Sea",đảo Crete (Hy Lạp)
croup,noun,[croup],a childhood respiratory illness marked by a harsh cough and difficulty breathing,bệnh viêm thanh khí phế quản (ở trẻ em)
crumple,verb,[crumple],"to crush (something, especially paper or cloth) into an untidy compact mass","vò nhàu, làm nhăn nhúm"
cryptic,adjective,crypt-ic,having a meaning that is mysterious or obscure,"bí ẩn, khó hiểu"
curator,noun,cur-ator,"a keeper or custodian of a museum, gallery, or other collection","người phụ trách bảo tàng, giám tuyển"
custodian,noun,custod-ian,a person who has responsibility for or looks after something; a caretaker,"người bảo quản, người trông coi, người giám hộ"
cutoff,noun,[cut]-[off],a point or level beyond which something is no longer allowed or effective; a deadline or limit,"giới hạn, mốc cắt (thời gian, mức độ)"
cybernetic,adjective,cybernet-ic,"relating to cybernetics, the science of communications and automatic control systems",thuộc về điều khiển học
cybernetics,noun,cybernet-ics,the science of communications and automatic control systems in both machines and living things,điều khiển học
cylindrical,adjective,cylind(er)-ical,having the shape of a cylinder,có hình trụ
cyprus,noun,[Cyprus],an island country in the eastern Mediterranean Sea,đảo quốc Síp (Cyprus)
daimler,noun,[Daimler],"a British luxury car manufacturer, named after Gottlieb Daimler",hãng xe hơi Daimler
dart,noun,[dart],a small pointed missile that is thrown or fired as a weapon or used in the game of darts,phi tiêu
dart,verb,[dart],to move suddenly and quickly in a specified direction,"lao đi nhanh, phóng vụt đi"
dawn,noun,[dawn],the first appearance of light in the sky before sunrise,"bình minh, rạng đông"
daydream,noun,[day]-[dream],a series of pleasant thoughts that distract one's attention from the present,"sự mơ mộng giữa ban ngày, mộng tưởng"
daylight,noun,[day]-[light],the natural light of the day,ánh sáng ban ngày
daytime,noun,[day]-[time],the part of the day when there is natural light; the hours between sunrise and sunset,ban ngày
deceit,noun,de-[ceit],the action or practice of deceiving someone; dishonesty,"sự lừa dối, lừa gạt"
deceiver,noun,de-[ceiv]-er,a person who deceives others,kẻ lừa dối
decisively,adverb,de-[cis]-ive-ly,in a way that settles an issue conclusively; with firm determination,"một cách quyết đoán, dứt khoát"
defensible,adjective,de-[fens]-ible,justifiable by argument; able to be defended against attack or criticism,có thể biện minh/bảo vệ được
deficiency,noun,de-[fici]-ency,a lack or shortage of something considered necessary,"sự thiếu hụt, sự thiếu chất"
definitive,adjective,de-[fin]-itive,"(of a conclusion, judgment, etc.) done or reached decisively and with authority; final","dứt khoát, mang tính quyết định, chính thức"
deluge,noun,[deluge],a severe flood; an overwhelming quantity of something arriving at once,"trận lụt lớn; sự tràn ngập, dồn dập"
denigration,noun,de-[nigr]-ation,the action of unfairly criticizing someone or something in order to damage their reputation,"sự bôi nhọ, phỉ báng"
dent,noun,[dent],a slight depression in a surface made by a blow or pressure,"vết lõm, vết móp"
dependability,noun,de-[pend]-ability,the quality of being trustworthy and able to be relied upon,"độ tin cậy, tính đáng tin cậy"
depict,verb,de-[pict],"to represent or show by a drawing, painting, or other art form; to describe in words","miêu tả, khắc họa, vẽ nên"
desalinate,verb,de-[salin]-ate,"to remove salt from something, especially seawater","khử muối, lọc muối"
descent,noun,de-[scend]-(t),"an act of moving downwards, dropping, or falling; a person's family origin or ancestry","sự đi xuống; dòng dõi, huyết thống"
desirability,noun,de-[sire]-ability,the quality of being desirable or worth having,"tính hấp dẫn, sự đáng mong muốn"
dessert,noun,[dessert],the sweet course eaten at the end of a meal,món tráng miệng
deviation,noun,de-[via]-tion,"the action of departing from an established course, plan, or accepted standard","sự sai lệch, sự chệch hướng"
devious,adjective,de-[via]-ous,showing a skillful but underhanded and dishonest use of tactics to achieve a goal,"quanh co, gian xảo, không thẳng thắn"
devour,verb,de-[vour],"to eat (food or prey) hungrily, quickly, or in large amounts","ngấu nghiến, ăn ngốn ngấu"
diana,noun,[Diana],a female given name; also the Roman goddess of the hunt and the moon,tên riêng nữ giới; nữ thần Diana (thần thoại La Mã)
dietitian,noun,diet-itian,an expert on diet and nutrition who advises people on what to eat,"chuyên gia dinh dưỡng, chuyên gia tiết chế"
digression,noun,di-[gress]-ion,a temporary departure from the main subject in speech or writing,"sự lạc đề, sự đi lệch chủ đề"
diligently,adverb,dilig-ent-ly,"in a hardworking, careful, and persistent manner","một cách chăm chỉ, cần mẫn"
dion,noun,[Dion],"a male given name, of Greek origin",tên riêng nam giới (Dion)
diplomat,noun,diplo-mat,"an official representing a country abroad, especially by negotiating with other countries",nhà ngoại giao
discretionary,adjective,discretion-ary,"available for use as needed or wanted, at one's own judgment","tùy nghi, tùy theo quyết định cá nhân"
diseased,adjective,[disease]-d,affected with disease; unhealthy,"bị bệnh, mắc bệnh"
disinfect,verb,dis-[infect],to clean (something) with a chemical agent in order to destroy bacteria,"khử trùng, tẩy uế"
disney,noun,[Disney],an American entertainment and media company known for animated films and theme parks,hãng Disney
dispense,verb,dis-[pense],to distribute or give out (something) to a number of people,"phân phát, cấp phát"
disseminate,verb,dis-[semin]-ate,to spread or disseminate (information or ideas) widely among many people,"phổ biến, truyền bá, phát tán"
dissipate,verb,dis-[sip]-ate,"to disperse or scatter and disappear gradually; to squander (money, energy, etc.)","tan biến, tiêu tán; phung phí"
distinctiveness,noun,[distinct]-ive-ness,the quality of being distinctive or easily recognizable as different,"tính đặc trưng, tính khác biệt"
ditch,noun,[ditch],"a narrow channel dug in the ground for drainage or irrigation, often along a road or field","mương, rãnh (thoát nước)"
ditch,verb,[ditch],(informal) to abandon or discard something or someone,"bỏ rơi, vứt bỏ, từ bỏ"
dover,noun,[Dover],"a port town in southeast England, on the English Channel",thị trấn cảng Dover (Anh)
drawbridge,noun,[draw]-[bridge],a bridge that can be raised or lowered to prevent access or to allow vessels to pass beneath it,"cầu rút, cầu treo có thể kéo lên"
duke,noun,[duke],"a male ruler of a duchy, or a nobleman of the highest hereditary rank",công tước
eastman,noun,[east]-[man],a surname; notably associated with the Eastman Kodak photography company,họ Eastman (liên quan đến hãng Kodak)
edinburgh,noun,[Edinburgh],the capital city of Scotland,thủ đô Edinburgh (Scotland)
egocentric,adjective,ego-[centr]-ic,thinking only of oneself and one's own concerns; self-centered,"tự cho mình là trung tâm, vị kỷ"
egyptian,adjective,[Egypt]-ian,"relating to Egypt or its people, language, or culture",thuộc về Ai Cập
egyptian,noun,[Egypt]-ian,a native or inhabitant of Egypt,người Ai Cập
elect,verb,e-[lect],"to choose (someone) to hold public office or some other position, by voting","bầu, bầu chọn"
elective,adjective,e-[lect]-ive,(of a course of study) chosen by the student rather than being compulsory; optional,(môn học) tự chọn
electrically,adverb,[electric]-al-ly,in an electric manner; by means of electricity,"bằng điện, một cách điện"
electrician,noun,[electric]-ian,a person whose job is to install and maintain electrical equipment,thợ điện
electronically,adverb,[electron]-ic-al-ly,"by electronic means, such as via computer or digital device",bằng phương tiện điện tử
electrostatic,adjective,electro-[static],relating to electric charges that are not flowing (at rest).,"liên quan đến tĩnh điện, điện tích đứng yên"
elinor,noun,[elinor],a female given name (variant of Eleanor).,tên riêng nữ (biến thể của Eleanor)
elisha,noun,[elisha],a male given name; a biblical prophet.,tên riêng nam; một nhà tiên tri trong Kinh Thánh
elmer,noun,[elmer],a male given name.,tên riêng nam
embankment,noun,em-[bank]-ment,a wall or bank of earth or stone built to prevent a river from flooding or to carry a road/railway.,"con đê, bờ kè đắp để ngăn lũ hoặc đỡ đường/đường ray"
embody,verb,em-[body],to represent or express (an idea or quality) in a tangible or visible form.,"thể hiện, hiện thân cho (một ý tưởng hay phẩm chất)"
empirical,adjective,[empiric]-al,based on observation or experience rather than theory or pure logic.,"dựa trên quan sát/thực nghiệm, thuộc kinh nghiệm chủ nghĩa"
emu,noun,[emu],a large flightless Australian bird similar to an ostrich.,chim đà điểu Úc (emu)
encoders,noun,en-[code]-er-s,devices or programs that convert data or signals into a coded format.,các thiết bị/chương trình mã hóa dữ liệu
encyclopedic,adjective,[encyclopedia]-ic,having or covering a very wide and comprehensive range of knowledge.,"có kiến thức bách khoa, toàn diện"
endemic,adjective,en-[dem]-ic,"(of a disease, plant, or animal) regularly found in a particular area or among a particular group of people.","đặc hữu, chỉ xuất hiện ở một vùng/nhóm nhất định"
endow,verb,[endow],to provide (a person or institution) with a permanent income or fund; to naturally give a quality.,"hiến tặng, cấp vốn lâu dài; ban cho (phẩm chất tự nhiên)"
enthusiastically,adverb,[enthusiast]-ic-al-ly,in a way that shows intense and eager enjoyment or interest.,"một cách nhiệt tình, hào hứng"
entrepreneurial,adjective,[entrepreneur]-ial,"relating to the activity of setting up and running a business, marked by initiative and risk-taking.","thuộc về tinh thần khởi nghiệp, kinh doanh"
envelope,noun,[envelope],a flat paper container used to enclose a letter or document.,phong bì
epitome,noun,[epitome],a person or thing that is a perfect example of a particular quality or type.,"hình mẫu điển hình, hiện thân hoàn hảo"
equilibrium,noun,equi-[librium],a state of balance between opposing forces or influences.,trạng thái cân bằng
eric,noun,[eric],a male given name.,tên riêng nam
erudite,adjective,[erudite],having or showing great knowledge gained from reading and study.,"uyên bác, học rộng"
esoteric,adjective,[esoteric],intended for or understood by only a small group with specialized knowledge; obscure.,"bí truyền, khó hiểu, chỉ dành cho số ít người am hiểu"
ethiopia,noun,[ethiopia],a country in East Africa.,nước Ethiopia (Ê-ti-ô-pi-a)
ethos,noun,[ethos],"the characteristic spirit, beliefs, or values of a community, culture, or organization.","tinh thần, giá trị đặc trưng của một cộng đồng/tổ chức"
evans,noun,[evans],"a common surname, especially of Welsh origin.",họ phổ biến (gốc xứ Wales)
evolutionary,adjective,[evolution]-ary,relating to gradual biological or social development and change over time.,"thuộc về tiến hóa, sự phát triển dần dần"
exceedingly,adverb,ex-[ceed]-ing-ly,to a very great extent; extremely.,"hết sức, cực kỳ"
excitability,noun,[excite]-ability,the quality of being easily excited or emotionally aroused.,"tính dễ bị kích động, dễ hưng phấn"
exclusive,adjective,ex-[clus]-ive,"limited to a particular person, group, or place; not shared with others.","độc quyền, riêng biệt, không chia sẻ"
excretory,adjective,ex-[cret]-ory,relating to the bodily process of eliminating waste.,thuộc về bài tiết
expend,verb,ex-[pend],"to spend or use up (money, time, or effort).","tiêu tốn, sử dụng hết (tiền, thời gian, công sức)"
expressionless,adjective,ex-[press]-ion-less,"showing no emotion or feeling, especially in one's face.","vô cảm, không biểu lộ cảm xúc"
exquisite,adjective,[exquisite],"extremely beautiful, delicate, or finely made; intensely felt.","tinh xảo, tuyệt đẹp; (cảm giác) mãnh liệt"
exquisitely,adverb,[exquisite]-ly,"in an extremely beautiful, delicate, or finely made way.","một cách tinh xảo, tuyệt đẹp"
extensively,adverb,ex-[tens]-ive-ly,over a wide area or to a great extent; thoroughly.,"một cách rộng rãi, sâu rộng"
extroversion,noun,extro-[vers]-ion,"the state of being outgoing, sociable, and oriented toward external interaction.",tính hướng ngoại
fable,noun,[fable],"a short story, often with animal characters, that teaches a moral lesson.",truyện ngụ ngôn
fabulous,adjective,[fable]-ous,"extraordinarily good, wonderful, or impressive.","tuyệt vời, kỳ diệu"
falsifiable,adjective,[false]-ify-able,capable of being proven false by observation or experiment.,có thể bị chứng minh là sai (khả xác định sai)
farinaceous,adjective,[farina]-ceous,consisting of or resembling flour or starch; starchy.,"có tính chất bột, giống tinh bột"
favorable,adjective,[favor]-able,showing approval or support; likely to produce a good result.,"thuận lợi, tán thành"
favorite,noun,[favor]-ite,a person or thing that is liked more than any other.,người/vật được yêu thích nhất
february,noun,[february],the second month of the year.,tháng Hai
federation,noun,[federate]-ion,a group of states or organizations united under a central authority while keeping some self-government.,"liên bang, liên đoàn"
feign,verb,[feign],to pretend to feel or be affected by something.,"giả vờ, giả bộ"
fend,verb,[fend],to defend or provide for oneself without assistance; to ward off.,"tự xoay xở, chống đỡ (fend for oneself/fend off)"
feynman,noun,[feynman],"a surname, notably of physicist Richard Feynman.",họ (nổi tiếng nhất là nhà vật lý Richard Feynman)
financier,noun,[finance]-ier,a person who manages large-scale finances for businesses or governments.,nhà tài chính
fingertip,noun,[finger]-[tip],the tip or end of a finger.,đầu ngón tay
finnish,adjective,[finn]-ish,"relating to Finland, its people, or its language.",thuộc về Phần Lan
flammable,adjective,[flamm]-able,easily set on fire.,dễ cháy
flare,noun,[flare],"a sudden brief burst of bright flame or light, often used as a signal.","ngọn lửa/tia sáng bùng lên đột ngột, pháo sáng"
flashy,adjective,[flash]-y,"attractive in a showy, superficial way; ostentatious.","hào nhoáng, phô trương"
flawlessly,adverb,[flaw]-less-ly,without any flaws or errors; perfectly.,"một cách hoàn hảo, không tì vết"
fleming,noun,[fleming],a native or inhabitant of Flanders.,người xứ Flanders
flexibly,adverb,[flex]-ibly,in a way that can easily adapt to different circumstances.,một cách linh hoạt
flotation,noun,[float]-ation,"the action of floating, or the process of launching a company's shares on the stock market.",sự nổi; sự phát hành cổ phiếu lần đầu ra thị trường
flowerbed,noun,[flower]-[bed],a garden plot planted with flowers.,luống hoa
fluctuate,verb,[fluctu]-ate,"to rise and fall irregularly in number, amount, or level.","dao động, biến động lên xuống"
fluctuation,noun,[fluctu]-ation,"an irregular rise and fall in number, amount, or level.","sự dao động, biến động"
fluently,adverb,[fluent]-ly,"in a smooth, effortless way, especially in speaking a language.","một cách trôi chảy, lưu loát"
flush,verb,[flush],to clean or clear something by causing a flow of water through it.,"xả (nước), giội nước làm sạch"
flush,adjective,[flush],"level or even with an adjoining surface; also, having plenty of money.","bằng phẳng, ngang bằng với bề mặt; (nghĩa khác) dư dả tiền bạc"
folklore,noun,[folk]-[lore],"the traditional beliefs, customs, and stories of a community, passed down through generations.",văn hóa/truyện dân gian
footnote,noun,[foot]-[note],a note printed at the bottom of a page giving additional information.,chú thích cuối trang
forcefully,adverb,[force]-ful-ly,in a powerful and forceful manner.,"một cách mạnh mẽ, cương quyết"
forcibly,adverb,[force]-ibly,by using physical force.,"bằng vũ lực, cưỡng ép"
forgetfulness,noun,[forget]-ful-ness,the tendency to forget things easily.,tính hay quên
formulate,verb,[formula]-ate,"to create or devise (a plan, method, or theory) methodically.","xây dựng, soạn thảo (kế hoạch, lý thuyết) một cách có hệ thống"
forsake,verb,for-[sake],to abandon or give up someone or something.,"từ bỏ, bỏ rơi"
fortress,noun,[fort]-ress,"a large, strongly built fortification.",pháo đài
fox,noun,[fox],"a small wild carnivorous mammal with a pointed face, upright ears, and a bushy tail.",con cáo
fran,noun,[fran],"a female given name, short for Frances.",tên riêng nữ (gọi tắt của Frances)
francisco,noun,[francisco],a male given name; also part of the place name San Francisco.,tên riêng nam; cũng là một phần địa danh San Francisco
frank,adjective,[frank],"open, honest, and direct in speech.","thẳng thắn, chân thành"
frank,noun,[frank],"(informal, US) a frankfurter or hot dog.","(khẩu ngữ, Mỹ) xúc xích kiểu Frankfurt (hot dog)"
freestanding,adjective,[free]-[stand]-ing,standing alone without support from another structure.,"đứng độc lập, không cần chống đỡ"
frostbite,noun,[frost]-[bite],injury to body tissue caused by exposure to extreme cold.,"tê cóng, bỏng lạnh"
fuchsia,noun,[fuchsia],"an ornamental shrub with drooping flowers, or a vivid purplish-red color.",cây/hoa fuchsia; màu đỏ tía tươi
fulfill,verb,[full]-fill,"to achieve or carry out (a task, promise, or ambition).","hoàn thành, thực hiện (nhiệm vụ, lời hứa)"
fumble,verb,[fumble],to handle something clumsily or drop it accidentally.,"làm rơi, lóng ngóng khi cầm nắm"
furrow,noun,[furrow],a long narrow trench made in the ground by a plow.,"luống cày, rãnh đất"
gale,noun,[gale],a very strong wind.,"gió lớn, bão"
garrison,noun,[garrison],a group of troops stationed in a town or fort to defend it.,đơn vị đồn trú
gasp,verb,[gasp],"to inhale sharply, especially in shock, surprise, or pain.","thở hổn hển, hít mạnh vì sốc"
gateway,noun,[gate]-[way],"an entrance that can be closed by a gate, or a means of access to something.","cổng vào, lối vào"
genetics,noun,[gene]-tics,the branch of biology concerned with heredity and variation among organisms.,di truyền học
genius,noun,[genius],"exceptional intellectual or creative power, or a person who has it.","thiên tài, thiên phú"
gentleman,noun,[gentle]-[man],"a courteous, well-mannered man.","quý ông, người đàn ông lịch sự"
gentoo,noun,[gentoo],a species of penguin found on sub-Antarctic islands.,chim cánh cụt gentoo
geoffrey,noun,[geoffrey],a male given name.,tên riêng nam
geologic,adjective,[geo]-[log]-ic,relating to geology or the physical structure and history of the earth.,thuộc về địa chất
giovanni,noun,[giovanni],an Italian male given name.,tên riêng nam (Ý)
glean,verb,[glean],to extract (information) gradually and often with difficulty from various sources.,"thu thập, chắt lọc (thông tin) dần dần"
gloom,noun,[gloom],"partial or total darkness, or a feeling of sadness and despondency.","bóng tối; cảm giác u ám, buồn bã"
glut,noun,[glut],an excessively abundant supply of something.,"tình trạng dư thừa, ứ đọng"
google,verb,[google],"(informal) to search for information about someone or something on the internet, especially using the Google search engine.",(khẩu ngữ) tra cứu trên mạng (bằng công cụ tìm kiếm Google)
gooseberry,noun,[goose]-[berry],"a small, edible, tart green berry that grows on a thorny shrub.",quả lý gai
gossip,noun,[gossip],"casual conversation about other people's private affairs, often unconfirmed.",chuyện ngồi lê đôi mách
gracefully,adverb,[grace]-ful-ly,in an elegant and smooth manner.,"một cách duyên dáng, uyển chuyển"
graffiti,noun,[graffiti],writing or drawings scribbled or painted illicitly on a wall or surface.,hình vẽ/chữ viết bậy (graffiti) trên tường
grandson,noun,[grand]-[son],a son of one's child.,cháu trai (nội/ngoại)
grate,noun,[grate],a frame of metal bars used to hold fuel in a fireplace or to cover an opening.,"song sắt lò sưởi, vỉ sắt"
grate,verb,[grate],"to shred food by rubbing it against a rough surface; also, to irritate.","bào, nạo (thức ăn); (nghĩa khác) làm khó chịu"
gravel,noun,[gravel],"small stones and pebbles, often used to surface roads or paths.","sỏi, đá dăm"
greet,verb,[greet],to address someone with a friendly welcome.,chào hỏi
gridlock,noun,[grid]-[lock],"a situation in which traffic is at a complete standstill; also, a total deadlock in a process.",tắc nghẽn giao thông hoàn toàn; bế tắc
grieve,verb,[grieve],"to feel intense sorrow, especially over someone's death.","đau buồn, thương tiếc"
grindstone,noun,[grind]-[stone],a flat revolving stone used for sharpening or grinding tools.,đá mài
groove,noun,[groove],"a long, narrow channel or track cut into a surface.","rãnh, khe (trên bề mặt)"
grumble,verb,[grumble],"to complain in a low, muttering, and persistent way.","càu nhàu, phàn nàn"
guardianship,noun,[guard]-ian-ship,the position or legal responsibility of being a guardian.,quyền/trách nhiệm giám hộ
guild,noun,[guild],"an association of people with similar interests or professions, especially craftsmen.","phường hội, hiệp hội nghề nghiệp"
guinea,noun,[guinea],a former British gold coin worth 21 shillings.,đồng ghi-nê (tiền vàng cũ của Anh)
guise,noun,[guise],"an external form or appearance, especially one intended to disguise the truth.","vỏ bọc, hình thức bên ngoài"
gullible,adjective,[gull]-ible,easily deceived or tricked.,"cả tin, dễ bị lừa"
haley,noun,[haley],a given name.,tên riêng
halve,verb,[half]-ve,"to divide something into two equal parts, or to reduce it by half.","chia đôi, giảm một nửa"
handgun,noun,[hand]-[gun],a small firearm designed to be held and fired with one hand.,súng ngắn
handicraft,noun,[hand]-[craft],"skilled work done by hand, or an object made this way.","nghề thủ công, đồ thủ công"
handmade,adjective,[hand]-[made],made by hand rather than by machine.,"làm bằng tay, thủ công"
harding,noun,[harding],"a surname, e.g. of US President Warren Harding.",họ (ví dụ Tổng thống Mỹ Warren Harding)
hardware,noun,[hard]-[ware],"the physical components of a computer system, or metal tools and fittings.",phần cứng (máy tính); đồ kim khí
hardy,adjective,[hard]-y,capable of enduring difficult conditions; strong and resilient.,"cứng cáp, chịu đựng tốt, khỏe mạnh"
harper,noun,[harp]-er,a person who plays the harp.,người chơi đàn harp
harvard,noun,[harvard],"a prestigious American university located in Cambridge, Massachusetts.",Đại học Harvard
harvey,noun,[harvey],a given name and surname.,tên riêng/họ
headgear,noun,[head]-[gear],a covering or protective device worn on the head.,"đồ đội đầu, mũ bảo hộ"
headlight,noun,[head]-[light],a powerful light mounted on the front of a vehicle.,đèn pha (xe)
headphone,noun,[head]-[phone],a device worn over the ears to listen to audio privately.,tai nghe
heartbeat,noun,[heart]-[beat],a single pulsation of the heart.,nhịp tim
heartfelt,adjective,[heart]-[felt],deeply and sincerely felt.,"chân thành, xuất phát từ đáy lòng"
heave,verb,[heave],"to lift, pull, or throw something with great effort.",nâng/kéo/ném (vật gì) một cách gắng sức
heckler,noun,[heckle]-er,"a person who interrupts a speaker with challenges, insults, or taunts.",người chỉ trích/quấy rối người diễn thuyết
heed,verb,[heed],to pay careful attention to advice or a warning.,"lưu ý, để tâm (đến lời khuyên/cảnh báo)"
helicopter,noun,helico-[pter],an aircraft that achieves flight using horizontally rotating blades.,máy bay trực thăng
hench,adjective,[hench],(British informal slang) physically strong and muscular.,"(tiếng lóng Anh) vạm vỡ, cơ bắp"
hera,noun,[hera],"in Greek mythology, the goddess of marriage and family, queen of the gods.",nữ thần Hera trong thần thoại Hy Lạp
herring,noun,[herring],"a small, silvery fish found in large shoals in the sea.",cá trích
hesitant,adjective,[hesitate]-ant,slow to act or speak because of uncertainty or reluctance.,"do dự, ngập ngừng"
hexagonal,adjective,hexa-[gon]-al,having six sides and six angles.,có hình lục giác
hiccup,noun,[hiccup],"an involuntary spasm of the diaphragm that causes a sharp, characteristic sound.",nấc cụt
highland,noun,[high]-[land],an area of high or mountainous land.,vùng cao nguyên
hoc,adjective,[hoc],"(only used in the borrowed Latin phrase 'ad hoc') for a specific, immediate purpose rather than a general one.","(chỉ dùng trong cụm 'ad hoc' vay mượn tiếng Latin) tạm thời, cho mục đích cụ thể trước mắt"
holding,noun,[hold]-ing,an area of land or a quantity of stocks/property owned by someone.,tài sản/cổ phần nắm giữ; đất thuê
hollywood,noun,[hollywood],a district of Los Angeles regarded as the center of the American film industry.,"Hollywood, trung tâm điện ảnh Mỹ"
homecoming,noun,[home]-[coming],"the act of returning home, or a school/college tradition welcoming back former students.",sự trở về nhà; lễ hội cựu học sinh
homesick,adjective,[home]-[sick],feeling a longing for home while away from it.,nhớ nhà
homogeneous,adjective,homo-[gene]-ous,consisting of parts or elements that are all the same or similar in kind.,"đồng nhất, cùng loại"
homogenization,noun,homo-[gene]-ization,the process of making something uniform or consistent throughout.,quá trình đồng nhất hóa
hoodwink,verb,[hood]-[wink],to deceive or trick someone.,"lừa gạt, đánh lừa"
horde,noun,[horde],a large group or crowd of people.,"đám đông, bầy đàn"
horrific,adjective,[horror]-ific,causing horror; extremely shocking or disturbing.,"kinh khủng, khủng khiếp"
horsemanship,noun,[horse]-[man]-ship,the skill of riding and handling horses.,kỹ năng cưỡi ngựa
hospice,noun,[hospice],a facility that provides care for people who are terminally ill.,trung tâm chăm sóc người bệnh giai đoạn cuối
howell,noun,[howell],a surname of Welsh origin (also a place name); not a common English word,họ hoặc tên riêng gốc Wales (cũng là tên địa danh); không phải từ tiếng Anh thông dụng
huddle,verb,[huddle],"to crowd together closely, as from cold or fear, or to gather in a close group to confer","tụm/xúm lại thành nhóm sát nhau (vì lạnh, sợ hãi, hoặc để bàn bạc)"
huddle,noun,[huddle],a small close group of people or things crowded together,một nhóm nhỏ người/vật tụm sát nhau
humane,adjective,[humane],"showing compassion or benevolence, especially toward people or animals in distress","nhân đạo, có lòng trắc ẩn (đối với người hoặc động vật đang gặp khó khăn)"
humanely,adverb,[humane]-ly,in a compassionate or benevolent manner,"một cách nhân đạo, nhân từ"
humankind,noun,[human]-kind,human beings considered collectively; mankind,"loài người, nhân loại"
hydrology,noun,hydro-[log]-y,"the scientific study of the properties, distribution, and movement of water","thủy văn học, môn khoa học nghiên cứu về nước"
hysterical,adjective,[hysteric]-al,"affected by or showing wild, uncontrollable emotion; extremely funny","cuồng loạn, mất kiểm soát cảm xúc; (nghĩa khác) buồn cười đến mức không nhịn được cười"
icy,adjective,[ice]-y,covered with or as cold as ice; extremely unfriendly,"băng giá, phủ đầy băng; (nghĩa bóng) lạnh lùng, thờ ơ"
idealistic,adjective,[ideal]-istic,having or showing high but often impractical principles or standards,"duy tâm, lý tưởng hóa (thường thiếu thực tế)"
idiosyncrasy,noun,[idiosyncrasy],a mode of behavior or way of thinking peculiar to an individual,"nét đặc trưng riêng, tật riêng của một cá nhân"
idleness,noun,[idle]-ness,the state of being idle; avoidance of work or activity,"sự nhàn rỗi, lười biếng, không làm gì"
illiterate,adjective,il-[literate],unable to read or write,"mù chữ, không biết đọc biết viết"
illuminate,verb,il-[lumin]-ate,to light up or make bright; to clarify or explain,"chiếu sáng, làm sáng tỏ, giải thích rõ"
imagery,noun,[image]-ry,"visually descriptive or figurative language, especially in literature","hình ảnh (trong văn học, nghệ thuật), lối diễn đạt bằng hình ảnh"
immerse,verb,im-[merse],to dip or submerge in liquid; to involve deeply in an activity or interest,"nhúng chìm (trong chất lỏng); đắm chìm, chuyên tâm vào việc gì"
importation,noun,im-[port]-ation,the action of bringing goods or services into a country from abroad,sự nhập khẩu
impoverishment,noun,im-[poverish]-ment,the process of making a person or area poor,"sự làm cho nghèo đi, sự bần cùng hóa"
inaccuracy,noun,in-[accuracy],the state of being incorrect or not precise; an error,sự thiếu chính xác; điều sai sót
inadmissible,adjective,in-ad-[miss]-ible,"not accepted as valid or relevant, especially in a legal case","không được chấp nhận (đặc biệt trong pháp lý), không hợp lệ"
incarnate,adjective,in-[carn]-ate,"embodied in flesh, especially in human form","hiện thân, mang hình hài (thường nói về con người)"
incendiary,adjective,in-[cend]-iary,"designed to cause fires, or tending to stir up conflict","gây cháy (bom, vũ khí); (nghĩa bóng) kích động, gây xung đột"
incessant,adjective,in-[cess]-ant,continuing without pause or interruption,liên tục không ngừng
inconclusive,adjective,in-con-[clus]-ive,not leading to a firm conclusion; not decisive,"không dứt khoát, chưa đi đến kết luận rõ ràng"
incorruptible,adjective,in-cor-[rupt]-ible,"unable to be corrupted, especially by bribery","không thể mua chuộc, liêm khiết, không thể tha hóa"
inculcate,verb,in-[culc]-ate,to instill an idea or habit persistently into someone's mind,"nhồi nhét, khắc sâu (tư tưởng, thói quen) vào tâm trí ai đó"
indulgence,noun,in-[dulg]-ence,the act of allowing oneself or others to enjoy a pleasure; tolerant leniency,"sự nuông chiều, sự thỏa mãn, sự khoan dung"
ineffective,adjective,in-ef-[fect]-ive,not producing the intended result,"không hiệu quả, không đạt được kết quả mong muốn"
inferior,adjective,[inferior],"lower in rank, status, or quality","kém hơn, thấp hơn (về địa vị, chất lượng)"
inflexible,adjective,in-[flex]-ible,unwilling to change or be adapted; rigid,"cứng nhắc, không linh hoạt, không chịu thay đổi"
info,noun,[info],informal shortened form of 'information',thông tin (dạng viết tắt thân mật của 'information')
inhale,verb,in-[hale],to breathe in air or another substance,"hít vào, hít thở"
inhibit,verb,in-[hibit],"to hinder, restrain, or prevent an action or process","ức chế, kìm hãm, ngăn cản"
inseparable,adjective,in-[separ]-able,unable to be separated or treated separately,không thể tách rời
instantaneously,adverb,[instantaneous]-ly,"occurring or done in an instant, without delay","ngay lập tức, tức thời"
instructive,adjective,in-[struct]-ive,useful and informative; providing insight,"mang tính hướng dẫn, bổ ích, giúp hiểu thêm"
instrumentalist,noun,[instrument]-al-ist,a person who plays a musical instrument,"người chơi nhạc cụ, nhạc công (nhạc cụ)"
integration,noun,[integr]-ation,the act of combining parts into a whole; the process of including different groups in society,"sự hợp nhất, tích hợp; sự hòa nhập (xã hội)"
intellect,noun,[intellect],the faculty of reasoning and understanding objectively,"trí tuệ, năng lực tư duy"
interject,verb,inter-[ject],"to say something abruptly, especially as an interruption","chen ngang, xen vào (lời nói)"
intern,noun,[intern],"a student or trainee who works, sometimes without pay, to gain work experience",thực tập sinh
intern,verb,[intern],"to confine someone, especially during a war or political upheaval","giam giữ, quản thúc (ai đó, thường trong thời chiến)"
interrogation,noun,inter-[rog]-ation,"the action of questioning someone closely, especially formally","sự thẩm vấn, hỏi cung"
intricate,adjective,in-[tric]-ate,very complicated or detailed in structure or pattern,"phức tạp, tinh vi, chi tiết rắc rối"
intrinsic,adjective,[intrinsic],belonging naturally to something; essential,"vốn có, nội tại, bản chất"
inundate,verb,in-[und]-ate,"to overwhelm someone with things to deal with, or to flood an area with water","làm ngập lụt; (nghĩa bóng) tràn ngập, làm quá tải"
inventory,noun,in-[vent]-ory,a complete list of goods or items held in stock,"hàng tồn kho, bảng kê hàng hóa"
invert,verb,in-[vert],"to turn something upside down or reverse its position, order, or relationship","đảo ngược, lộn ngược"
involuntary,adjective,in-[volunt]-ary,done without conscious control; not deliberate,"không tự nguyện, không cố ý, ngoài ý muốn"
iphone,noun,[iphone],"a brand of smartphone made by Apple Inc.; a proper noun/trademark, not a generic English word","điện thoại thông minh nhãn hiệu iPhone của Apple; đây là tên thương hiệu, không phải từ chung"
irony,noun,[irony],"a state of affairs or use of language that is the opposite of what is expected, often with a wry or humorous effect","sự mỉa mai, trớ trêu, cách nói giễu cợt"
irresponsible,adjective,ir-[respons]-ible,not showing a proper sense of responsibility,"vô trách nhiệm, thiếu trách nhiệm"
irrigate,verb,ir-[rig]-ate,to supply land or crops with water,"tưới tiêu (đất, cây trồng)"
islet,noun,[isle]-t,a small island,hòn đảo nhỏ
jack,noun,[jack],"a device for lifting heavy objects, especially a vehicle off the ground","cái kích (dùng để nâng vật nặng, ví dụ nâng xe ô tô)"
jacob,noun,[jacob],a male given name (biblical); not a common English word,tên riêng nam giới (gốc Kinh Thánh); không phải từ tiếng Anh thông dụng
janine,noun,[janine],a female given name; not a common English word,tên riêng nữ giới; không phải từ tiếng Anh thông dụng
java,noun,[java],informal term for coffee; also the name of a widely used programming language,cà phê (cách nói thân mật); cũng là tên một ngôn ngữ lập trình phổ biến
jay,noun,[jay],"a noisy, brightly colored bird of the crow family","chim giẻ cùi (loài chim thuộc họ quạ, màu sặc sỡ và ồn ào)"
jeff,noun,[jeff],"a male given name, short for Jeffrey; not a common English word","tên riêng nam giới, dạng gọi tắt của Jeffrey; không phải từ tiếng Anh thông dụng"
jeffrey,noun,[jeffrey],a male given name; not a common English word,tên riêng nam giới; không phải từ tiếng Anh thông dụng
jeopardize,verb,[jeopardy]-ize,"to put something at risk of harm, loss, or failure","gây nguy hiểm cho, đe dọa (làm mất hoặc hỏng điều gì đó)"
jerk,noun,[jerk],"an unpleasant or contemptible person; informally, a sudden sharp movement","kẻ đáng ghét, người khó ưa; (nghĩa khác) cú giật/động tác đột ngột"
jerk,verb,[jerk],to move with a sudden sharp movement,"giật mạnh, kéo giật đột ngột"
jewish,adjective,[jew]-ish,"relating to the Jewish people, culture, or religion","thuộc về người Do Thái, văn hóa hoặc tôn giáo Do Thái"
joblessness,noun,[job]-less-ness,the state of being unemployed,tình trạng thất nghiệp
johnson,noun,[johnson],a common English surname; not a common English word,họ phổ biến trong tiếng Anh; không phải từ tiếng Anh thông dụng
jurisdiction,noun,juris-[dict]-ion,the official power to make legal decisions and judgments; the territory over which such power extends,thẩm quyền pháp lý; phạm vi quyền hạn xét xử
justification,noun,[just]-ification,a good or acceptable reason for doing something,"sự biện minh, lý do chính đáng"
katrina,noun,[katrina],a female given name (notably Hurricane Katrina); not a common English word,tên riêng nữ giới (nổi tiếng qua cơn bão Katrina); không phải từ tiếng Anh thông dụng
kauai,noun,[kauai],"an island in Hawaii; a proper noun, not a common English word","một hòn đảo thuộc Hawaii; là danh từ riêng, không phải từ tiếng Anh thông dụng"
keel,noun,[keel],the structural backbone of a ship or boat running along the base,"sống thuyền, xương sống của tàu thuyền"
kent,noun,[kent],"a county in England; also a male given name; a proper noun, not a common English word","hạt Kent ở Anh; cũng là tên riêng nam giới; là danh từ riêng, không phải từ tiếng Anh thông dụng"
lace,noun,[lace],a fine open fabric of threads in a delicate pattern; a cord used to fasten shoes,đăng ten (vải hoa văn tinh xảo); dây buộc (giày)
lacquer,noun,[lacquer],"a glossy varnish applied to wood, metal, or other materials for protection or decoration","sơn mài, sơn bóng (dùng phủ lên gỗ, kim loại)"
lad,noun,[lad],"a boy or young man, especially in informal British usage","chàng trai, cậu bé (cách nói thân mật kiểu Anh)"
lars,noun,[lars],"a male given name, common in Scandinavia; not a common English word","tên riêng nam giới, phổ biến ở Scandinavia; không phải từ tiếng Anh thông dụng"
laterally,adverb,[lateral]-ly,from or to the side; sideways,"theo chiều ngang, sang bên cạnh"
laughter,noun,[laugh]-ter,the action or sound of laughing,"tiếng cười, sự cười"
laundry,noun,[laund]-ry,clothes and linens that need to be washed or have been recently washed,quần áo giặt là; việc giặt giũ
lax,adjective,[lax],"not sufficiently strict, careful, or exact","lỏng lẻo, thiếu chặt chẽ, không nghiêm ngặt"
legitimately,adverb,[legitimate]-ly,in a manner conforming to the law or accepted standards; genuinely,"một cách hợp pháp, chính đáng"
leiden,noun,[leiden],"a city in the Netherlands; a proper noun, not a common English word","một thành phố ở Hà Lan; là danh từ riêng, không phải từ tiếng Anh thông dụng"
lengthy,adjective,[length]-y,of considerable or excessive length; long,"dài, kéo dài (thường mang nghĩa quá dài)"
leverage,noun,[lever]-age,the power to influence people or situations effectively; the use of a lever,"sức ảnh hưởng, đòn bẩy (để tác động); việc sử dụng đòn bẩy"
liberally,adverb,[liberal]-ly,"in a generous, open-minded, or abundant manner","một cách rộng rãi, hào phóng, phóng khoáng"
lieu,noun,[lieu],"used chiefly in the phrase 'in lieu of', meaning instead of",chỉ dùng trong cụm 'in lieu of' nghĩa là thay vì
lime,noun,[lime],a round citrus fruit with green skin and acidic juice; also calcium oxide used in building,quả chanh xanh (chanh vỏ xanh); (nghĩa khác) vôi (dùng trong xây dựng)
limp,adjective,[limp],lacking firmness or stiffness; not rigid,"mềm oặt, không cứng cáp, ẻo lả"
limp,verb,[limp],"to walk with difficulty, typically because of an injured leg or foot",đi khập khiễng (do chân bị thương)
lineup,noun,[line]-up,"a list of participants in a game, show, or event; a group of people assembled for inspection","đội hình thi đấu, danh sách người tham gia; hàng người xếp để nhận diện"
linguistics,noun,[linguist]-ics,the scientific study of language and its structure,ngôn ngữ học
lionel,noun,[lionel],a male given name; not a common English word,tên riêng nam giới; không phải từ tiếng Anh thông dụng
lipstick,noun,[lip]-[stick],a stick of cosmetic coloring applied to the lips,son môi
liquefy,verb,[liqu]-efy,to make or become liquid,"hóa lỏng, làm cho thành chất lỏng"
literate,adjective,[liter]-ate,able to read and write; knowledgeable in a specified field,biết đọc biết viết; có hiểu biết (trong lĩnh vực nào đó)
loathe,verb,[loathe],to feel intense dislike or disgust for someone or something,"ghê tởm, căm ghét, chán ghét cực độ"
logistical,adjective,[logistic]-al,relating to the detailed organization and coordination of a complex operation,"thuộc về hậu cần, tổ chức và điều phối"
lois,noun,[lois],a female given name; not a common English word,tên riêng nữ giới; không phải từ tiếng Anh thông dụng
lone,adjective,[lone],having no companions; solitary,"cô độc, đơn độc, một mình"
lorry,noun,[lorry],a large motor vehicle for transporting goods (British English for truck),xe tải (cách gọi của người Anh)
lottery,noun,[lot]-tery,a means of raising money by selling numbered tickets and giving prizes to holders of numbers drawn at random,xổ số
loudspeaker,noun,[loud]-[speak]-er,"an electronic device that converts electrical signals into audible sound, especially for public address",loa phóng thanh
lowland,noun,[low]-[land],an area of land that is low relative to its surroundings,"vùng đất thấp, đồng bằng thấp"
lurk,verb,[lurk],"to wait somewhere secretly, especially with harmful intent; to read online content without posting","rình rập, ẩn nấp; (trực tuyến) theo dõi diễn đàn mà không đăng bài"
macaroni,noun,[macaroni],a variety of pasta shaped into narrow tubes,mì ống macaroni (loại mì hình ống ngắn)
magnesium,noun,[magnesium],"a light, silvery-white chemical element used in alloys and flares","magiê (nguyên tố hóa học nhẹ, màu trắng bạc)"
magnet,noun,[magnet],an object that produces a magnetic field and attracts iron or steel,nam châm
magnification,noun,magni-[fic]-ation,"the process of enlarging the apparent size of something, especially through an optical instrument","sự phóng đại (kích thước, hình ảnh)"
magnificently,adverb,[magnificent]-ly,"in an impressively beautiful, elaborate, or extravagant manner","một cách lộng lẫy, tráng lệ, hùng vĩ"
maine,noun,[maine],"a state in the northeastern United States; a proper noun, not a common English word","một bang ở đông bắc nước Mỹ; là danh từ riêng, không phải từ tiếng Anh thông dụng"
malady,noun,[malady],a disease or ailment; a problem or difficulty,"bệnh tật, căn bệnh; (nghĩa bóng) vấn đề, tệ nạn"
malay,adjective,[malay],"relating to the Malay people, language, or culture of Southeast Asia","thuộc về người Mã Lai, tiếng Mã Lai hoặc văn hóa Mã Lai"
malnourish,verb,mal-[nourish],to provide with insufficient or improper nutrition,"nuôi dưỡng kém, gây suy dinh dưỡng"
malpractice,noun,mal-[practice],"improper, negligent, or unethical professional conduct, especially by a doctor or lawyer","hành vi sai trái, cẩu thả trong nghề nghiệp (đặc biệt của bác sĩ, luật sư)"
mammoth,adjective,[mammoth],huge; enormous in size,"khổng lồ, đồ sộ"
managerial,adjective,[manager]-ial,relating to the functions or responsibilities of a manager,"thuộc về quản lý, liên quan đến công tác quản lý"
manhattan,noun,[manhattan],a borough of New York City; also a cocktail made with whiskey and vermouth; primarily a proper noun,một quận của thành phố New York; cũng là tên một loại cocktail (whisky và vermouth); chủ yếu là danh từ riêng
mankind,noun,[man]-kind,human beings considered collectively; the human race,"loài người, nhân loại"
mannequin,noun,[mannequin],a life-size dummy used to display clothes in a shop or for artists' reference,ma nơ canh (hình nộm để trưng bày quần áo)
mantra,noun,[mantra],"a word or phrase repeated often, especially in meditation, or a statement often repeated as a guiding principle","câu thần chú, câu châm ngôn được lặp lại thường xuyên"
mara,noun,[mara],a female given name; not a common English word,tên riêng nữ giới; không phải từ tiếng Anh thông dụng
marc,noun,[marc],"a male given name; also the residue of grapes after pressing, or a brandy made from it; primarily a proper noun in common use","tên riêng nam giới; (nghĩa khác, hiếm) bã nho sau khi ép, hoặc rượu mạnh làm từ bã nho"
marco,noun,[marco],a male given name; not a common English word,tên riêng nam giới; không phải từ tiếng Anh thông dụng
marcus,noun,[marcus],a male given name; not a common English word,tên riêng nam giới; không phải từ tiếng Anh thông dụng
marginalia,noun,[margin]-alia,notes or comments written in the margins of a book or document,ghi chú viết ở lề sách hoặc tài liệu
marking,noun,[mark]-ing,"a pattern of colors or lines on an animal, object, or surface; the act of grading or marking","hoa văn, vết dấu (trên động vật, bề mặt); việc chấm điểm, đánh dấu"
marshall,noun,[marshall],an English surname (also spelled 'marshal' as a military/law-enforcement rank); primarily a proper noun,họ trong tiếng Anh (cũng là biến thể chính tả của 'marshal' - cấp bậc quân sự/chấp pháp); chủ yếu là danh từ riêng
marvel,verb,[marvel],to be filled with wonder or astonishment,"kinh ngạc, thán phục, trầm trồ"
matchbox,noun,[match]-[box],a small box for holding matches,hộp diêm
maternal,adjective,[matern]-al,"relating to a mother, or characteristic of a mother","thuộc về người mẹ, có tính chất của người mẹ"
mathematical,adjective,[mathematic]-al,relating to mathematics,thuộc về toán học
mathematician,noun,[mathematic]-ian,an expert in or student of mathematics,nhà toán học
mayday,noun,[mayday],"an international radio distress signal (from French 'm'aider', help me)",tín hiệu cấp cứu quốc tế (bắt nguồn từ tiếng Pháp 'm'aider' nghĩa là cứu tôi với)
mcdonnell,noun,[mcdonnell],an Irish/Scottish surname; not a common English word,họ gốc Ireland/Scotland; không phải từ tiếng Anh thông dụng
meadow,noun,[meadow],"a field or area of grassland, especially one used for hay or grazing",đồng cỏ
mealtime,noun,[meal]-[time],the time at which a meal is usually eaten,giờ ăn
mechanically,adverb,[mechanical]-ly,"in a manner relating to machines; without thought, as if by habit","một cách máy móc, cơ khí; (nghĩa bóng) làm theo thói quen, không suy nghĩ"
medically,adverb,[medical]-ly,in a manner relating to medicine or medical treatment,"về mặt y tế, y khoa"
melbourne,noun,[melbourne],"a city in Australia; a proper noun, not a common English word","một thành phố ở Úc; là danh từ riêng, không phải từ tiếng Anh thông dụng"
membrane,noun,[membrane],"a thin, pliable sheet or layer of tissue covering a surface or dividing a space",màng (mô mỏng bao phủ hoặc ngăn cách)
memorization,noun,[memor]-ization,the act of committing something to memory,"sự ghi nhớ, việc học thuộc lòng"
metabolic,adjective,meta-[bol]-ic,"relating to metabolism, the chemical processes that occur within a living organism",thuộc về sự trao đổi chất (chuyển hóa)
meticulously,adverb,[meticulous]-ly,"in a very careful and precise manner, showing great attention to detail","một cách tỉ mỉ, cẩn thận, kỹ lưỡng"
metro,noun,[metro],an underground railway system in a city; short for 'metropolitan',tàu điện ngầm (dạng viết tắt của 'metropolitan')
metropolis,noun,metro-[polis],"a large, busy, important city","đô thị lớn, thành phố lớn và sầm uất"
microplastics,noun,micro-[plastic]-s,"tiny fragments of plastic in the environment, typically less than 5mm in size",vi nhựa (mảnh nhựa siêu nhỏ trong môi trường)
migraine,noun,[migraine],"a recurring, often severe headache usually accompanied by nausea and sensitivity to light",chứng đau nửa đầu (migraine)
milwaukee,noun,[milwaukee],"a city in Wisconsin, USA; a proper noun, not a common English word","một thành phố ở bang Wisconsin, Mỹ; là danh từ riêng, không phải từ tiếng Anh thông dụng"
mingle,verb,[mingle],to mix or move around socially with others; to combine or blend,"hòa lẫn, giao lưu (với người khác); pha trộn"
miserably,adverb,[miserable]-ly,in a way that causes great unhappiness or discomfort; unsuccessfully,"một cách khốn khổ, thảm hại; thất bại thảm hại"
misery,noun,[misery],"a state of great distress, suffering, or unhappiness","sự khốn khổ, đau khổ, bất hạnh"
missouri,noun,[missouri],"a state in the central United States; a proper noun, not a common English word","một bang ở miền trung nước Mỹ; là danh từ riêng, không phải từ tiếng Anh thông dụng"
mitterrand,noun,[mitterrand],"a French surname, notably François Mitterrand, former President of France; not a common English word","họ tiếng Pháp, nổi tiếng qua François Mitterrand - cựu Tổng thống Pháp; không phải từ tiếng Anh thông dụng"
moat,noun,[moat],"a deep, wide ditch, typically filled with water, surrounding a castle or fortification","hào nước (bao quanh lâu đài, thành lũy)"
modulate,verb,[modulate],"to adjust or vary the strength, tone, pitch, or amplitude of something","điều chỉnh, điều biến (âm thanh, giọng nói, tín hiệu)"
momentary,adjective,moment-ary,lasting for a very short time,"chỉ trong chốc lát, thoáng qua"
monarch,noun,[monarch],"a sovereign head of state, especially a king or queen","quân vương, vua/nữ hoàng"
morphology,noun,morph-o-logy,"the study of the forms of things, such as the structure of words or organisms",hình thái học
motif,noun,[motif],"a decorative image or design, or a recurring theme in a work of art or literature","họa tiết; mô típ, chủ đề lặp lại"
motivator,noun,motivat-or,a person or thing that provides motivation,người/yếu tố tạo động lực
mound,noun,[mound],"a raised mass of earth, stones, or other material","gò đất, ụ đất"
mph,noun,[mph],"abbreviation for 'miles per hour', a unit of speed",dặm/giờ (đơn vị tốc độ)
mtv,noun,[mtv],"abbreviation for Music Television, a cable channel known for broadcasting music videos",MTV (kênh truyền hình âm nhạc)
mucous,adjective,muc-ous,"relating to, producing, or covered with mucus",thuộc về/tiết ra chất nhầy
muddy,adjective,mud-dy,covered in or full of mud,"lấm bùn, lầy lội"
muir,noun,[muir],a Scots dialect word meaning moor or open uncultivated land (also a common surname),"đất hoang, đất trống (phương ngữ Scotland); cũng là họ người"
multifaceted,adjective,multi-facet-ed,having many different aspects or facets,"đa diện, nhiều khía cạnh"
multitasking,noun,multi-task-ing,the practice of doing multiple tasks at the same time,"sự đa nhiệm, làm nhiều việc cùng lúc"
mumbai,noun,[mumbai],a major city on the west coast of India (formerly Bombay),Mumbai (thành phố ở Ấn Độ)
musculature,noun,muscul-ature,the arrangement or condition of muscles in a body or body part,"hệ cơ, cấu trúc cơ bắp"
mushroom,noun,[mushroom],"the fleshy fruiting body of certain fungi, often edible",nấm
muslim,noun,[muslim],a follower of the religion of Islam,người theo đạo Hồi
muslin,noun,[muslin],"a lightweight, finely woven cotton fabric","vải muslin (vải cotton mỏng, nhẹ)"
nanny,noun,[nanny],"a person, typically a woman, employed to look after a child in its own home","vú em, người trông trẻ"
napa,noun,[napa],a type of Chinese cabbage; also a valley region in California known for wine,cải thảo (napa); thung lũng Napa (California)
naphthalene,noun,naphthal-ene,a white crystalline hydrocarbon used in mothballs and dyes,"naphtalen (chất dùng làm băng phiến, thuốc nhuộm)"
nasal,adjective,nas-al,relating to the nose or produced through the nose,"thuộc về mũi, mang âm mũi"
nationality,noun,nation-al-ity,"the status of belonging to a particular nation, legally or by origin",quốc tịch
nausea,noun,[nausea],a feeling of sickness with an inclination to vomit,cảm giác buồn nôn
navigational,adjective,navigat-ion-al,relating to the process of navigating,thuộc về việc hàng hải/định hướng
navigator,noun,navigat-or,"a person who navigates, especially a ship or aircraft","hoa tiêu, người dẫn đường"
nazi,noun,[nazi],a member of the National Socialist German Workers' Party led by Hitler,"Đức Quốc xã, phát xít Đức"
ned,noun,[ned],"(British slang) a rowdy, delinquent young person","(tiếng lóng Anh) thanh niên càn quấy, hư hỏng"
needlessly,adverb,needless-ly,in a way that is not necessary,một cách không cần thiết
nefarious,adjective,[nefarious],"wicked or criminal, typically on a large scale","gian ác, phi pháp"
negligible,adjective,neglig-ible,so small or unimportant as to be not worth considering,không đáng kể
neighbor,noun,[neighbor],a person who lives near or next to another,"hàng xóm, láng giềng"
nervousness,noun,nervous-ness,the state of being anxious or easily agitated,"sự lo lắng, hồi hộp"
neurology,noun,neur-o-logy,the branch of medicine concerned with the nervous system,khoa/ngành thần kinh học
neutrality,noun,neutral-ity,the state of not supporting or helping either side in a conflict or dispute,tính trung lập
newborn,noun,new-born,a baby that has recently been born,trẻ sơ sinh
newfoundland,noun,[newfoundland],"a Canadian province, or a large breed of dog originating there","Newfoundland (tỉnh của Canada, hoặc giống chó cùng tên)"
newtonian,adjective,newton-ian,relating to Isaac Newton or his theories of physics,thuộc về (thuyết) Newton
nickname,noun,nick-name,"a familiar, invented, or humorous name given to a person",biệt danh
nip,verb,[nip],to pinch or bite something sharply,"cấu, cắn nhẹ"
nip,noun,[nip],"a small quantity or sip of spirits, or a sharp pinch/bite",ngụm rượu nhỏ; cái cấu/cắn nhẹ
nod,verb,[nod],"to move one's head down and up, often to show agreement or greeting",gật đầu
nominal,adjective,nomin-al,"existing in name only, or (of an amount) very small",trên danh nghĩa; không đáng kể (về số lượng)
nonrestrictive,adjective,non-restrict-ive,not limiting the meaning of the noun it modifies (a grammar term); not restricting,không hạn định (thuật ngữ ngữ pháp)
nontrivial,adjective,non-trivi-al,not simple or straightforward; significant,"không đơn giản, đáng kể"
norfolk,noun,[norfolk],a county in eastern England,Norfolk (hạt ở Anh)
northwest,noun,north-west,the direction or region midway between north and west,hướng/vùng tây bắc
notorious,adjective,notori-ous,"famous or well known, typically for some bad quality or deed","khét tiếng, tai tiếng"
november,noun,[november],the eleventh month of the year,tháng Mười Một
nullify,verb,null-ify,to make legally void or of no effect,"làm cho vô hiệu, hủy bỏ"
nutritive,adjective,nutrit-ive,relating to nutrition; providing nourishment,"có tính dinh dưỡng, bổ dưỡng"
nutshell,noun,nut-shell,the hard outer covering of a nut; used figuratively in 'in a nutshell' meaning briefly,"vỏ hạt; (in a nutshell) nói tóm lại, ngắn gọn"
oaf,noun,[oaf],"a clumsy, stupid person","kẻ ngốc nghếch, vụng về"
obese,adjective,[obese],extremely overweight or fat,béo phì
obtainable,adjective,obtain-able,able to be obtained,"có thể có được, đạt được"
oceanographic,adjective,ocean-o-graph-ic,relating to oceanography,thuộc về hải dương học
oceanography,noun,ocean-o-graphy,the branch of science dealing with the physical and biological properties of the oceans,hải dương học
offering,noun,offer-ing,"a thing offered, especially as a gift, contribution, or sacrifice","vật hiến tặng, sự cống hiến/đóng góp"
oman,noun,[oman],a country on the Arabian Peninsula,Oman (quốc gia)
omit,verb,[omit],"to leave out or exclude, either deliberately or accidentally","bỏ sót, bỏ qua"
opportunistic,adjective,opportun-ist-ic,exploiting opportunities with little regard for principle,"cơ hội chủ nghĩa, thừa cơ trục lợi"
orthodox,adjective,ortho-dox,"conforming to established, traditional beliefs or doctrine","chính thống, chính giáo"
otherworldly,adjective,other-world-ly,"relating to a different, imaginary, or spiritual world; unearthly","siêu phàm, khác thường như thuộc thế giới khác"
ottoman,noun,[ottoman],a low upholstered seat or footstool without a back or arms; also the historic Turkish empire,ghế đôn (ghế đệm thấp không tựa); Đế chế Ottoman
overdo,verb,over-do,to do something to an excessive degree,"làm quá mức, làm thái quá"
overexpose,verb,over-expose,"to expose something excessively, especially photographic film to light",phơi sáng quá mức; để lộ quá nhiều
palestine,noun,[palestine],a region and territory in the Middle East,Palestine (vùng lãnh thổ ở Trung Đông)
pall,noun,[pall],"a cloth spread over a coffin, or a dark cloud of smoke/gloom that hangs over something",tấm vải phủ quan tài; màn khói/không khí u ám bao trùm
pall,verb,[pall],to become less appealing or interesting through familiarity,"trở nên nhàm chán, mất hứng thú (vì quá quen)"
paradoxically,adverb,paradox-ic-al-ly,in a way that seems contradictory or absurd but may in fact be true,một cách nghịch lý
paralysis,noun,para-lysis,the loss of the ability to move part or most of the body,"sự tê liệt, bại liệt"
paraphernalia,noun,[paraphernalia],"miscellaneous items, especially the equipment needed for a particular activity","đồ dùng lỉnh kỉnh, dụng cụ linh tinh"
parcel,noun,[parcel],an item or a collection of items wrapped in paper for carrying or sending by mail,"gói hàng, bưu kiện"
parch,verb,[parch],"to make or become dry, especially through intense heat","làm khô cháy, làm khô hạn"
parkinson,noun,[parkinson],"a chronic, progressive nervous disorder marked by tremor and muscular rigidity (Parkinson's disease)",bệnh Parkinson
partition,noun,parti-tion,a division or wall that separates parts of a room or building,"vách ngăn, sự phân chia"
password,noun,pass-word,a secret word or phrase used to gain access to something,mật khẩu
pasteur,noun,[pasteur],"referring to Louis Pasteur, the French chemist and microbiologist, or things named after him",Pasteur (tên nhà khoa học Pháp)
pastime,noun,pass-time,an activity done regularly for enjoyment in one's leisure time,"trò tiêu khiển, thú vui"
patchy,adjective,patch-y,"occurring or existing in scattered, uneven areas; inconsistent in quality","không đồng đều, lỗ chỗ, thất thường"
payload,noun,pay-load,"the cargo or equipment carried by a vehicle, aircraft, or rocket that is the primary reason for its journey","tải trọng hữu ích, hàng hóa chuyên chở"
pdf,noun,[pdf],"abbreviation for Portable Document Format, a file format for documents",tệp/định dạng PDF
peacefulness,noun,peace-ful-ness,the state of being calm and free from disturbance,"sự yên bình, thanh bình"
pearl,noun,[pearl],"a hard, lustrous sphere formed within the shell of an oyster, valued as a gem",ngọc trai
peck,verb,[peck],"to strike, bite, or pick up with the beak",mổ (bằng mỏ)
peephole,noun,peep-hole,a small hole in a door through which one may look before opening it,lỗ nhìn (trên cửa)
penchant,noun,[penchant],a strong or habitual liking for something,"sở thích, thiên hướng riêng"
pencil,noun,[pencil],an instrument for writing or drawing consisting of a thin rod of graphite in a wooden case,bút chì
penetrate,verb,pene-trate,"to pass into or through something, especially with force or difficulty","xuyên qua, thâm nhập"
perceptual,adjective,percept-u-al,relating to the process of perceiving or being aware of something through the senses,thuộc về nhận thức/cảm nhận
permissible,adjective,permiss-ible,"allowed, especially by official rules","được phép, cho phép"
perplex,verb,per-plex,to confuse or puzzle someone completely,"làm bối rối, làm khó hiểu"
perspire,verb,per-spire,"to sweat, especially from heat or exertion","đổ mồ hôi, toát mồ hôi"
petroleum,noun,petr-oleum,"a liquid mineral oil found in the upper strata of the earth, refined for fuel",dầu mỏ
pharmaceutical,adjective,pharmaceut-ical,relating to the manufacture and sale of medicinal drugs,thuộc về dược phẩm
pharmaceutical,noun,pharmaceut-ical,a medicinal drug,"dược phẩm, thuốc"
photography,noun,photo-graphy,the art or practice of taking and processing photographs,nhiếp ảnh
photosynthesis,noun,photo-synthesis,the process by which green plants use sunlight to synthesize food from carbon dioxide and water,quang hợp
physiology,noun,physi-o-logy,the branch of biology dealing with the normal functions of living organisms,sinh lý học
physiotherapist,noun,physio-therap-ist,a person qualified to treat disorders through physical methods such as exercise,chuyên viên/nhà vật lý trị liệu
pianist,noun,pian-ist,"a person who plays the piano, especially professionally",nghệ sĩ dương cầm (piano)
pickerel,noun,pick-er-el,"a small pike, a type of freshwater fish",cá pike nhỏ (loài cá nước ngọt)
pidgin,noun,[pidgin],"a simplified language, often a mixture of two or more languages, used for communication between groups without a common language",ngôn ngữ pha trộn (pidgin) dùng để giao tiếp giữa các nhóm khác ngôn ngữ
pigeon,noun,[pigeon],"a stout bird with a small head, short legs, and a cooing voice",chim bồ câu
pinnacle,noun,[pinnacle],"the most successful point of something; a high, pointed mountain peak",đỉnh cao; đỉnh núi nhọn
pinpoint,verb,pin-point,to find or identify the exact location or nature of something,xác định chính xác
pint,noun,[pint],a unit of liquid volume equal to one eighth of a gallon,panh (đơn vị đo dung tích)
piracy,noun,pira-cy,the practice of attacking and robbing ships at sea; also the illegal copying of copyrighted material,nạn cướp biển; nạn vi phạm bản quyền
pivot,noun,[pivot],"a central point, pin, or shaft on which a mechanism turns or oscillates","trục xoay, điểm tựa"
placental,adjective,placent-al,"relating to the placenta, the organ that nourishes a fetus in the womb",thuộc về nhau thai
plague,noun,[plague],a contagious bacterial disease causing fever and delirium; a widespread affliction or calamity,"bệnh dịch hạch; tai họa, nạn dịch"
plague,verb,[plague],to cause continual trouble or distress to someone,"làm khổ sở, quấy rầy liên tục"
planetary,adjective,planet-ary,relating to a planet or planets,thuộc về hành tinh
plank,noun,[plank],"a long, thin, flat piece of timber",tấm ván
plato,noun,[plato],"an ancient Greek philosopher, student of Socrates",Plato (triết gia Hy Lạp cổ đại)
playfulness,noun,play-ful-ness,the quality of being fond of games and amusement; a lighthearted manner,"tính vui đùa, hài hước"
pliny,noun,[pliny],"referring to Pliny the Elder or Pliny the Younger, ancient Roman writers",Pliny (tên nhà văn La Mã cổ đại)
plural,noun,[plural],a grammatical form denoting more than one person or thing,số nhiều (dạng ngữ pháp)
plush,adjective,[plush],"luxurious and expensive; also describing a soft, thick fabric with a long pile",sang trọng; mềm mại như nhung
polo,noun,[polo],a game played on horseback between two teams using long-handled mallets to drive a ball,môn polo (mã cầu)
polythene,noun,poly-thene,"a light, flexible plastic material, chemically polyethylene",nhựa polyethylene
porosity,noun,poros-ity,the quality of having many small holes that allow air or liquid to pass through,"độ xốp, độ rỗng"
portability,noun,portab-ility,the quality of being easily carried or moved,"tính di động, khả năng mang theo được"
portcullis,noun,port-cullis,"a strong, heavy grating that can be lowered to block a gateway of a fortified place",cửa lưới sắt bảo vệ cổng thành
portrait,noun,[portrait],"a painting, drawing, or photograph of a person, especially of the face",chân dung
portugal,noun,[portugal],a country in southwestern Europe,Bồ Đào Nha
practicality,noun,practic-al-ity,the quality of being sensible and realistic in approach,"tính thực tế, tính thực dụng"
precariously,adverb,precari-ous-ly,in a way that is not securely held or in a dangerously uncertain position,"một cách bấp bênh, nguy hiểm"
precede,verb,pre-cede,"to come before something in time, order, or importance","đi trước, có trước"
precedence,noun,pre-cedence,the condition of being considered more important than someone or something else,quyền/thứ tự ưu tiên
precipice,noun,[precipice],a very steep rock face or cliff,"vách đá dựng đứng, bờ vực"
predecessor,noun,pre-decess-or,a person who held a job or office before the current holder,người tiền nhiệm
predisposition,noun,pre-dis-posit-ion,a tendency to suffer from a particular condition or behave in a certain way,"khuynh hướng bẩm sinh, thiên hướng"
predominance,noun,pre-domin-ance,"the state of being the strongest, most common, or most noticeable","sự chiếm ưu thế, sự trội hơn"
predominant,adjective,pre-domin-ant,"being the strongest, most common, or most noticeable","chiếm ưu thế, nổi trội"
pregnant,adjective,[pregnant],carrying a developing embryo or fetus within the body,"có thai, mang thai"
procedural,adjective,proced-ur-al,relating to the way of doing or carrying out a process,"thuộc về thủ tục, quy trình"
procter,noun,[procter],"a surname (as in the company Procter & Gamble); a variant of 'proctor', an official who supervises",tên riêng (Procter); biến thể của 'proctor' (giám thị)
productively,adverb,product-ive-ly,in a way that yields good or useful results,"một cách hiệu quả, có năng suất"
proficient,adjective,pro-fici-ent,competent or skilled in doing or using something,"thành thạo, giỏi"
projection,noun,project-ion,an estimate or forecast of a future situation based on current trends; the act of projecting an image,"sự dự báo, sự ước tính; sự chiếu (hình ảnh)"
prominence,noun,promin-ence,"the state of being important, famous, or noticeable","sự nổi bật, sự nổi tiếng"
proneness,noun,prone-ness,the tendency to be likely to suffer from or do something,"tính dễ mắc phải, khuynh hướng dễ có"
propane,noun,prop-ane,a flammable hydrocarbon gas used as fuel,khí propan
prose,noun,[prose],"written or spoken language in its ordinary form, without metrical structure",văn xuôi
prospective,adjective,pro-spect-ive,expected or likely to happen or become in the future,"có triển vọng, tương lai"
psychoanalysis,noun,psycho-analysis,a therapeutic method for treating mental disorders by investigating the interaction of conscious and unconscious elements,phân tâm học
pucker,verb,[pucker],to gather into small wrinkles or folds,"nhăn lại, chun lại"
puerto,noun,[puerto],"Spanish word for 'port', occurring as part of place names such as Puerto Rico","cảng (tiếng Tây Ban Nha), xuất hiện trong tên địa danh như Puerto Rico"
pulp,noun,[pulp],"a soft, wet, shapeless mass; the soft, moist part of a fruit; material for papermaking",bột giấy; cùi/thịt quả mềm
purification,noun,pur-ification,the process of making something pure by removing impurities,"sự thanh lọc, tinh chế"
purveyor,noun,pur-vey-or,"a person or company that supplies or provides goods, especially food",nhà cung cấp
quake,noun,[quake],"a sudden violent shaking of the ground, especially caused by an earthquake","một cơn rung chuyển mạnh và đột ngột của mặt đất, đặc biệt do động đất"
quantum,noun,[quantum],a discrete quantity of energy or other physical property proportional to the frequency it represents,"một lượng năng lượng hoặc đại lượng vật lý rời rạc, nhỏ nhất có thể có"
quench,verb,[quench],"to satisfy one's thirst by drinking, or to extinguish a fire","làm dịu cơn khát bằng cách uống, hoặc dập tắt lửa"
query,noun,[query],"a question, especially one expressing doubt or requesting information","một câu hỏi, đặc biệt là câu thể hiện sự nghi ngờ hoặc yêu cầu thông tin"
quinn,noun (proper),[quinn],"a personal name of Irish origin, used as a first or last name","một tên riêng có nguồn gốc Ireland, dùng làm tên hoặc họ"
radiate,verb,[radi]-ate,to emit rays or spread out in all directions from a central point,phát ra tia sáng hoặc lan tỏa ra mọi hướng từ một điểm trung tâm
radical,adjective,[radic]-al,relating to or affecting the fundamental nature of something; far-reaching or thorough,"liên quan đến hoặc ảnh hưởng đến bản chất cơ bản của sự việc; triệt để, sâu rộng"
radical,noun,[radic]-al,a person who advocates thorough or far-reaching political or social reform,"người ủng hộ cải cách chính trị hoặc xã hội triệt để, sâu rộng"
radically,adverb,[radic]-al-ly,in a thorough or fundamental way,"một cách triệt để, căn bản"
rag,noun,[rag],"a piece of old, often torn cloth, typically used for cleaning","một mảnh vải cũ, thường rách, dùng để lau chùi"
rainy,adjective,[rain]-y,marked by heavy or frequent rainfall,có mưa nhiều hoặc mưa thường xuyên
ralph,noun (proper),[ralph],a male personal name of English/Germanic origin,một tên riêng nam giới có nguồn gốc Anh/Đức
rampantly,adverb,[rampant]-ly,in a way that spreads or increases uncontrollably,theo cách lan tràn hoặc gia tăng không kiểm soát được
rating,noun,[rate]-ing,"a classification or ranking of something based on quality, performance, or popularity","sự xếp hạng hoặc đánh giá dựa trên chất lượng, hiệu suất hoặc mức độ phổ biến"
rattle,verb,[rattle],"to make a rapid succession of short, sharp knocking sounds",phát ra một chuỗi âm thanh lách cách nhanh và ngắn
rattle,noun,[rattle],a baby's toy that makes a rattling sound when shaken,đồ chơi trẻ em phát ra tiếng lách cách khi lắc
reallocate,verb,re-[allocate],to distribute resources or funds again in a different way,phân bổ lại nguồn lực hoặc quỹ theo cách khác
rebate,noun,re-[bate],a partial refund of money already paid,khoản hoàn lại một phần tiền đã trả
recession,noun,re-[cess]-ion,a period of temporary economic decline during which trade and industrial activity are reduced,giai đoạn suy thoái kinh tế tạm thời khi thương mại và sản xuất công nghiệp giảm sút
recidivism,noun,re-[cid]-iv-ism,the tendency of a convicted criminal to reoffend,xu hướng tái phạm tội của người từng bị kết án
reciprocal,adjective,[reciprocal],"given, felt, or done in return; mutual","được trao đi, cảm nhận hoặc thực hiện đáp lại; có tính tương hỗ, qua lại"
recklessness,noun,[reck]-less-ness,a lack of caution or care about the consequences of one's actions,sự thiếu thận trọng hoặc không quan tâm đến hậu quả hành động của mình
reclamation,noun,re-[clam]-ation,the process of reclaiming land from the sea or making it suitable for use,quá trình khai hoang lấy lại đất từ biển hoặc cải tạo đất để sử dụng
recreational,adjective,re-[creat]-ion-al,relating to activities done for enjoyment when not working,liên quan đến các hoạt động thực hiện để giải trí ngoài giờ làm việc
rectify,verb,[rect]-i-fy,to put something right; to correct an error,"sửa chữa, khắc phục điều gì đó cho đúng"
redeem,verb,re-[deem],"to make up for a fault or bad past behavior, or to exchange for something of value","chuộc lại lỗi lầm hoặc hành vi xấu trong quá khứ, hoặc đổi lấy vật có giá trị"
redundant,adjective,[redundant],"no longer needed or useful; superfluous, or dismissed from a job because no longer required","không còn cần thiết hoặc hữu ích; dư thừa, hoặc bị sa thải vì không còn cần vị trí đó"
referendum,noun,re-[fer]-endum,a general vote by the electorate on a single political question,một cuộc bỏ phiếu chung của cử tri về một vấn đề chính trị cụ thể
referential,adjective,[refer]-ential,relating to or having the function of referring to something else,liên quan đến hoặc có chức năng tham chiếu đến điều gì khác
refract,verb,re-[fract],"to distort the appearance of something seen through a medium, or to bend a wave such as light","làm biến dạng hình ảnh khi nhìn qua một môi trường, hoặc làm khúc xạ sóng như ánh sáng"
regatta,noun,[regatta],an event consisting of a series of boat races,một sự kiện gồm chuỗi các cuộc đua thuyền
regent,noun,[reg]-ent,"a person appointed to administer a country because the monarch is a minor, absent, or incapacitated","người được chỉ định điều hành đất nước khi quân chủ còn nhỏ tuổi, vắng mặt hoặc không đủ khả năng"
regimentation,noun,[regiment]-ation,"the organization of something into a strict, controlled system","việc tổ chức điều gì đó thành một hệ thống nghiêm ngặt, có kiểm soát"
regrettably,adverb,[regret]-ably,it is unfortunate that; used to express regret about a situation,thật đáng tiếc là; dùng để bày tỏ sự tiếc nuối về một tình huống
rein,noun,[rein],"a long, narrow strap attached to a bridle, used to guide or control a horse","dây cương dài, hẹp gắn vào hàm thiếc để điều khiển ngựa"
religion,noun,[religion],"the belief in and worship of a superhuman controlling power, especially a personal God","niềm tin và sự tôn thờ một quyền năng siêu nhiên, đặc biệt là một vị thần"
remit,verb,re-[mit],"to send money as payment, or to cancel a debt or punishment","gửi tiền để thanh toán, hoặc miễn giảm một khoản nợ hay hình phạt"
renaissance,noun,re-[naissance],"a revival of or renewed interest in something, especially art, literature, or culture","sự hồi sinh hoặc quan tâm trở lại đối với điều gì đó, đặc biệt là nghệ thuật, văn học hoặc văn hóa"
renee,noun (proper),[renee],"a female personal name of French origin meaning ""reborn""","tên riêng nữ giới gốc Pháp, nghĩa là ""tái sinh"""
renovate,verb,re-[nov]-ate,to restore an old building or structure to a good state of repair,"cải tạo, tu sửa lại một công trình cũ cho tốt hơn"
repatriate,verb,re-[patri]-ate,to send someone back to their own country,đưa ai đó trở về nước của họ
repel,verb,re-[pel],"to drive back or force away an attacker, or to cause a feeling of disgust","đẩy lùi hoặc xua đuổi kẻ tấn công, hoặc gây cảm giác ghê tởm"
repellant,adjective,re-[pel]-lant,having the ability to repel; a variant spelling of repellent,"có khả năng xua đuổi; biến thể cách viết của ""repellent"""
repellent,adjective,re-[pel]-lent,"causing a strong feeling of dislike or disgust, or able to repel a specific substance","gây cảm giác ghét bỏ hoặc ghê tởm mạnh, hoặc có khả năng chống lại một chất cụ thể"
requisite,adjective,re-[quis]-ite,required or necessary for a particular purpose,cần thiết hoặc bắt buộc phải có cho một mục đích cụ thể
resent,verb,re-[sent],to feel bitter or angry about something regarded as unfair,cảm thấy cay đắng hoặc tức giận về điều gì đó bị coi là bất công
reservation,noun,re-[serv]-ation,"an arrangement to have something, such as a table or room, held for one's use, or a doubt about a plan","việc sắp xếp giữ chỗ trước, ví dụ bàn hay phòng, hoặc sự nghi ngại về một kế hoạch"
residence,noun,re-[sid]-ence,a house or place where a person lives,ngôi nhà hoặc nơi một người sinh sống
resignation,noun,re-[sign]-ation,the formal act of giving up one's job or position,hành động chính thức từ bỏ công việc hoặc chức vụ
resonate,verb,re-[son]-ate,"to produce or be filled with a deep, ringing sound, or to evoke a strong response","tạo ra hoặc chứa đầy âm thanh vang dội sâu, hoặc gợi lên phản ứng mạnh mẽ"
respectfully,adverb,re-[spect]-ful-ly,in a manner showing deference and respect,"theo cách thể hiện sự tôn trọng, kính trọng"
respiration,noun,re-[spir]-ation,the process of breathing,"quá trình hô hấp, thở"
resurgence,noun,re-[surg]-ence,an increase or revival after a period of little activity or popularity,sự trỗi dậy hoặc hồi sinh sau một giai đoạn ít hoạt động
resurrect,verb,re-[surrect],"to bring back to life, or to revive something that had ended","hồi sinh, làm sống lại, hoặc khôi phục điều gì đó đã kết thúc"
resurrection,noun,re-[surrect]-ion,"the act of rising from the dead, or the revival of something","hành động sống lại từ cõi chết, hoặc sự phục hồi của điều gì đó"
reunification,noun,re-[uni]-fic-ation,the process of bringing together again parts that were previously divided,quá trình thống nhất lại các phần đã từng bị chia tách
revers,noun,[revers],"the turned-back part of a garment, especially a lapel","phần vải lật ngược của trang phục, đặc biệt là ve áo"
revolutionize,verb,[revolution]-ize,to change something radically and fundamentally,thay đổi điều gì đó một cách căn bản và triệt để
rewinding,verb,re-[wind]-ing,"the act of winding something, such as film or tape, back to an earlier point","hành động tua lại thứ gì đó, như phim hoặc băng, về điểm trước đó"
ribbon,noun,[ribbon],"a long, narrow strip of fabric used for decoration or tying","dải vải dài, hẹp dùng để trang trí hoặc buộc"
rico,noun (proper),[rico],"a personal name, or short form referencing Puerto Rico","tên riêng, hoặc cách gọi tắt liên quan đến Puerto Rico"
riddle,noun,[riddle],"a question or statement phrased to test ingenuity, requiring a clever answer","một câu hỏi hoặc câu đố được diễn đạt để thử thách sự khéo léo, đòi hỏi câu trả lời thông minh"
rind,noun,[rind],"the tough outer skin of certain fruits, cheeses, or bacon","lớp vỏ ngoài dày của một số loại trái cây, phô mai hoặc thịt xông khói"
ripe,adjective,[ripe],(of fruit or grain) developed to the point of readiness for harvesting and eating,"(trái cây hoặc ngũ cốc) đã phát triển đến độ chín, sẵn sàng để thu hoạch và ăn"
ripple,noun,[ripple],a small wave or series of waves on the surface of water,một gợn sóng nhỏ hoặc chuỗi gợn sóng trên mặt nước
riverbed,noun,[river]-[bed],the channel or ground over which a river flows,"lòng sông, phần đất mà dòng sông chảy qua"
rivet,noun,[rivet],a short metal pin used to fasten together flat pieces of metal,một chốt kim loại ngắn dùng để ghép nối các tấm kim loại phẳng
rivet,verb,[rivet],to completely capture someone's attention,hoàn toàn thu hút sự chú ý của ai đó
roam,verb,[roam],to travel or wander from place to place without a fixed destination,"đi lang thang, di chuyển từ nơi này sang nơi khác mà không có đích đến cố định"
robinson,noun (proper),[robin]-son,"a common English surname meaning ""son of Robin""","một họ phổ biến trong tiếng Anh, nghĩa là ""con trai của Robin"""
robotics,noun,[robot]-ics,"the branch of technology dealing with the design, construction, and operation of robots","ngành công nghệ nghiên cứu thiết kế, chế tạo và vận hành robot"
roebuck,noun,[roe]-[buck],an adult male roe deer,con hươu hoẵng đực trưởng thành
roger,interjection,[roger],used in radio communication to acknowledge that a message has been received and understood,dùng trong liên lạc vô tuyến để xác nhận đã nhận và hiểu thông điệp
roil,verb,[roil],"to make a liquid cloudy or turbulent by disturbing it, or to agitate someone","làm cho chất lỏng vẩn đục hoặc cuộn xoáy do bị khuấy động, hoặc làm ai đó bực bội"
ron,noun (proper),[ron],a short form of the male personal name Ronald,"tên gọi tắt của tên nam giới ""Ronald"""
rookie,noun,[rookie],"a person new to a profession or activity, especially a first-year athlete","người mới vào nghề hoặc mới tham gia một hoạt động, đặc biệt là vận động viên năm đầu"
royalty,noun,[royal]-ty,"members of a royal family, or a payment made to an owner for the use of their property or work","các thành viên hoàng gia, hoặc khoản tiền trả cho chủ sở hữu vì sử dụng tài sản hay tác phẩm của họ"
rudimentary,adjective,[rudiment]-ary,"basic, elementary, or undeveloped","cơ bản, sơ khai, chưa phát triển đầy đủ"
ruminate,verb,[rumin]-ate,"to think deeply about something, or (of an animal) to chew the cud","suy nghĩ sâu sắc về điều gì đó, hoặc (đối với động vật) nhai lại thức ăn"
rummage,verb,[rummage],to search unsystematically through a mass of things,"lục lọi, tìm kiếm không theo trật tự trong một đống đồ vật"
rumor,noun,[rumor],information or a story passed from person to person without confirmation of its truth,thông tin hoặc câu chuyện truyền miệng từ người này sang người khác mà chưa được xác nhận
rupee,noun,[rupee],"the basic monetary unit of India, Pakistan, and several other countries","đơn vị tiền tệ cơ bản của Ấn Độ, Pakistan và một số nước khác"
rupture,noun,[rupture],"a break or split, or a breakdown in relations","sự vỡ, đứt gãy, hoặc sự rạn nứt trong quan hệ"
rutgers,noun (proper),[rutgers],"the name of a public research university in New Jersey, USA","tên một trường đại học nghiên cứu công lập ở New Jersey, Hoa Kỳ"
sabotage,noun,[sabotage],deliberate destruction or obstruction to hinder an enemy or opponent,hành động cố ý phá hoại hoặc cản trở để gây khó khăn cho kẻ thù hoặc đối thủ
sacrificial,adjective,[sacrific]-ial,relating to or serving as a sacrifice,liên quan đến hoặc đóng vai trò như một sự hy sinh
saddle,noun,[saddle],"a seat for a rider, fastened on the back of a horse or bicycle","chỗ ngồi cho người cưỡi, được gắn trên lưng ngựa hoặc xe đạp"
saddle,verb,[saddle],to burden someone with a difficult responsibility,đặt gánh nặng trách nhiệm khó khăn lên ai đó
salamander,noun,[salamander],"a small amphibian with a long tail, resembling a lizard","một loài lưỡng cư nhỏ có đuôi dài, trông giống thằn lằn"
salvation,noun,[salv]-ation,"deliverance from sin and its consequences, or preservation from harm","sự cứu rỗi khỏi tội lỗi và hậu quả của nó, hoặc sự giải thoát khỏi nguy hại"
sam,noun (proper),[sam],a short form of the male personal name Samuel,"tên gọi tắt của tên nam giới ""Samuel"""
sandbag,noun,[sand]-[bag],"a bag filled with sand, used for building barriers or as ballast","bao chứa cát, dùng để xây đê chắn hoặc làm vật giữ thăng bằng"
sanskrit,noun (proper),[sanskrit],"the ancient language of India, sacred in Hinduism and Buddhism","ngôn ngữ cổ của Ấn Độ, được coi là thiêng liêng trong Ấn Độ giáo và Phật giáo"
santiago,noun (proper),[santiago],the capital city of Chile,thủ đô của Chile
scholarly,adjective,[scholar]-ly,relating to or characteristic of serious academic study,liên quan đến hoặc mang tính chất nghiên cứu học thuật nghiêm túc
schwartz,noun (proper),[schwartz],"a common German/Jewish surname meaning ""black""","một họ phổ biến gốc Đức/Do Thái, nghĩa là ""đen"""
scorch,verb,[scorch],"to burn the surface of something slightly, changing its color","làm cháy sém bề mặt của thứ gì đó, làm đổi màu"
scotland,noun (proper),[scot]-land,"a country that is part of the United Kingdom, located in the northern part of Great Britain","một quốc gia thuộc Vương quốc Anh, nằm ở phía bắc đảo Anh"
scourge,noun,[scourge],a person or thing causing great trouble or suffering,người hoặc vật gây ra tai họa hoặc đau khổ lớn
scowl,verb,[scowl],to frown in an angry or bad-tempered way,cau mày tỏ vẻ tức giận hoặc khó chịu
screech,verb,[screech],"to make a loud, harsh, high-pitched sound","phát ra tiếng kêu lớn, chói tai, cao vút"
screwdriver,noun,[screw]-[driver],a tool used for turning screws,dụng cụ dùng để vặn ốc vít
seafood,noun,[sea]-[food],fish and shellfish eaten as food,"hải sản, gồm cá và động vật có vỏ dùng làm thực phẩm"
secondhand,adjective,[second]-[hand],previously owned or used by someone else; not new,đã qua sử dụng hoặc thuộc sở hữu của người khác trước đó; không mới
seep,verb,[seep],(of liquid) to flow or leak slowly through a substance,(chất lỏng) chảy hoặc rò rỉ từ từ qua một chất khác
segregation,noun,se-[greg]-ation,the enforced separation of different racial groups in a community,sự phân biệt và tách biệt bắt buộc giữa các nhóm chủng tộc trong cộng đồng
sejong,noun (proper),[sejong],a 15th-century Korean king credited with creating the Hangul alphabet,vị vua Triều Tiên thế kỷ 15 được ghi nhận đã sáng tạo ra bảng chữ cái Hangul
seldom,adverb,[seldom],not often; rarely,không thường xuyên; hiếm khi
sensibility,noun,[sens]-ible-ity,the ability to appreciate and respond to complex emotional or aesthetic influences,khả năng cảm nhận và phản ứng với những tác động tinh tế về cảm xúc hoặc thẩm mỹ
sentient,adjective,[senti]-ent,able to perceive or feel things,có khả năng cảm nhận hoặc nhận thức
seoul,noun (proper),[seoul],the capital city of South Korea,thủ đô của Hàn Quốc
sept,noun,[sept],"a division of a family, especially a clan, in Ireland or Scotland","một nhánh của một gia tộc, đặc biệt ở Ireland hoặc Scotland"
september,noun (proper),[september],the ninth month of the year in the Gregorian calendar,tháng thứ chín trong năm theo lịch Gregory
serene,adjective,[serene],"calm, peaceful, and untroubled","bình yên, tĩnh lặng và không lo âu"
serpentine,adjective,[serpent]-ine,"having many twists and turns, like a snake","có nhiều khúc quanh, uốn lượn như con rắn"
sexuality,noun,[sex]-u-al-ity,"a person's sexual orientation or preference, or capacity for sexual feelings","xu hướng hoặc sở thích tình dục của một người, hoặc khả năng cảm xúc tình dục"
shellfish,noun,[shell]-[fish],"an aquatic animal with a shell, such as a crab or oyster, used as food","động vật thủy sinh có vỏ, như cua hoặc hàu, dùng làm thực phẩm"
shiver,verb,[shiver],"to tremble slightly, typically as a result of being cold or afraid","run rẩy nhẹ, thường do lạnh hoặc sợ hãi"
shockingly,adverb,[shock]-ing-ly,"in a way that causes surprise, fear, or disgust","theo cách gây sốc, ngạc nhiên hoặc ghê tởm"
shoddy,adjective,[shoddy],badly made or done; of poor quality,"làm ẩu, kém chất lượng"
shoplift,verb,[shop]-[lift],to steal goods from a shop while pretending to be a customer,ăn cắp hàng hóa trong cửa hàng trong khi giả vờ là khách hàng
shovel,noun,[shovel],"a tool with a broad blade and a handle, used for digging or moving material","dụng cụ có lưỡi rộng và cán cầm, dùng để đào hoặc xúc vật liệu"
shriek,verb,[shriek],to utter a high-pitched piercing cry or sound,"kêu thét lên một tiếng cao vút, chói tai"
shrimp,noun,[shrimp],a small marine crustacean often eaten as food,loài giáp xác biển nhỏ thường được dùng làm thực phẩm
sicily,noun (proper),[sicily],"the largest island in the Mediterranean Sea, part of Italy","hòn đảo lớn nhất ở Địa Trung Hải, thuộc Ý"
sidetrack,verb,[side]-[track],to divert someone's attention from what they should be doing,làm ai đó xao lãng khỏi việc cần làm
sieve,noun,[sieve],a utensil with mesh or perforated holes used to separate solids from liquids or fine from coarse particles,"dụng cụ có lưới hoặc lỗ nhỏ dùng để lọc, tách chất rắn khỏi chất lỏng hoặc hạt mịn khỏi hạt thô"
signpost,noun,[sign]-[post],a road sign that shows directions and distances,biển báo chỉ đường và khoảng cách
singapore,noun (proper),[singapore],an island city-state in Southeast Asia,một quốc đảo thành phố ở Đông Nam Á
singular,adjective,[singul]-ar,denoting or referring to just one person or thing; grammatically referring to one item,chỉ hoặc đề cập đến một người hoặc một vật duy nhất; (ngữ pháp) chỉ số ít
skulk,verb,[skulk],"to move stealthily or lurk in a place, avoiding attention","lén lút di chuyển hoặc ẩn nấp, tránh bị chú ý"
slang,noun,[slang],very informal words and expressions used by a particular group of people,"từ ngữ và cách diễn đạt rất thân mật, không trang trọng, được dùng bởi một nhóm người nhất định"
slant,noun,[slant],a sloping surface or direction; a biased point of view,một bề mặt hoặc hướng nghiêng; một quan điểm thiên vị
slender,adjective,[slender],gracefully thin; slim,"mảnh mai, thon thả"
slice,noun,[slice],"a thin, flat piece cut from something larger","một lát mỏng, phẳng được cắt ra từ một vật lớn hơn"
sluice,noun,[sluice],a sliding gate or other structure for controlling the flow of water,cửa cống hoặc kết cấu trượt để kiểm soát dòng chảy của nước
smog,noun,[smog],fog or haze intensified by smoke and other atmospheric pollutants,sương mù bị làm đặc thêm bởi khói và các chất ô nhiễm khác trong không khí
smother,verb,[smother],"to suffocate someone by covering their face, or to cover thickly","làm ngạt thở ai đó bằng cách che kín mặt, hoặc phủ dày lên"
smoulder,verb,[smoulder],to burn slowly with smoke but without flame,"cháy âm ỉ, có khói nhưng không có ngọn lửa"
smuggle,verb,[smuggle],to move goods illegally into or out of a country,vận chuyển hàng hóa bất hợp pháp vào hoặc ra khỏi một quốc gia
snapshot,noun,[snap]-[shot],"an informal photograph taken quickly, or a brief impression of something","một bức ảnh chụp nhanh không chính thức, hoặc một cái nhìn tổng quan ngắn gọn về điều gì đó"
sneeze,verb,[sneeze],"to make a sudden, involuntary expulsion of air from the nose and mouth","hắt hơi, đột ngột và không tự chủ tống không khí ra khỏi mũi và miệng"
snowstorm,noun,[snow]-[storm],a heavy fall of snow accompanied by strong winds,một trận tuyết rơi dày kèm theo gió mạnh
soar,verb,[soar],"to fly or rise high in the air, or to increase rapidly","bay hoặc bay lên cao trên không, hoặc tăng lên nhanh chóng"
sociability,noun,[soci]-abil-ity,the quality of being friendly and enjoying the company of others,tính cách thân thiện và thích giao lưu với người khác
solace,noun,[solace],comfort or consolation received during a time of distress or sadness,"sự an ủi, khuây khỏa nhận được trong lúc đau buồn hoặc khó khăn"
solicit,verb,[solicit],to ask for or try to obtain something from someone,"xin, yêu cầu hoặc cố gắng có được điều gì đó từ ai đó"
sometime,adverb,[some]-[time],at some unspecified point in the future or past,vào một thời điểm không xác định trong tương lai hoặc quá khứ
songbird,noun,[song]-[bird],"a bird that produces a musical, melodious call","loài chim hót có tiếng kêu du dương, êm ái"
soothe,verb,[soothe],to gently calm a person or ease pain,nhẹ nhàng làm dịu ai đó hoặc giảm đau
sorrow,noun,[sorrow],a feeling of deep distress caused by loss or disappointment,cảm giác đau buồn sâu sắc do mất mát hoặc thất vọng
sounding,noun,[sound]-ing,"a measurement of the depth of water, especially using a line or sonar","phép đo độ sâu của nước, đặc biệt bằng dây dò hoặc sóng âm"
sourness,noun,[sour]-ness,"the quality of having a sharp, acidic taste","tính chất có vị chua, gắt"
southeast,noun,[south]-[east],the direction or region midway between south and east,hướng hoặc khu vực nằm giữa hướng nam và đông
sovereignty,noun,[sovereign]-ty,"supreme power or authority, or the authority of a state to govern itself",chủ quyền; quyền lực tối cao của một quốc gia
spirituality,noun,[spirit]-al-ity,the quality of being concerned with the human spirit or soul rather than material things,tính tâm linh; sự quan tâm đến đời sống tinh thần thay vì vật chất
spontaneously,adverb,[spontaneous]-ly,in a manner that is done or occurs without external cause or premeditation,"một cách tự phát, không có kế hoạch trước"
sprinkle,verb,[sprinkle],to scatter small drops or particles of something over a surface,"rắc, rải (chất lỏng hoặc hạt nhỏ) lên bề mặt"
sprint,verb,[sprint],to run at full speed over a short distance,chạy nước rút
squat,verb,[squat],to crouch or sit with the knees bent and the heels close to or touching the buttocks or thighs,ngồi xổm
squat,adjective,[squat],short and thick; disproportionately broad or wide,"lùn và to bè, thấp đậm"
squaw,noun,[squaw],"(dated, now considered offensive) a Native American woman","(từ cổ, mang tính xúc phạm) người phụ nữ bản địa châu Mỹ"
stagnation,noun,[stagnate]-ion,"the state of not flourishing, progressing, or developing; inactivity","sự trì trệ, đình trệ"
stairwell,noun,[stair]-[well],a vertical shaft or enclosed area containing a staircase,"giếng cầu thang, khoảng không chứa cầu thang"
stanley,noun,[stanley],a male given name; also a well-known brand name for hand tools,tên riêng nam giới; cũng là tên một thương hiệu dụng cụ cầm tay
startle,verb,[startle],"to cause someone to feel sudden shock, surprise, or alarm","làm giật mình, làm hoảng sợ đột ngột"
steven,noun,[steven],a male given name (variant of Stephen),tên riêng nam giới (biến thể của Stephen)
stitch,noun,[stitch],"a single loop of thread or yarn made in sewing, knitting, or crocheting","mũi khâu, mũi đan"
stockpile,noun,[stock]-[pile],a large accumulated store of goods or materials kept in reserve,"kho dự trữ (hàng hóa, nguyên liệu)"
stove,noun,[stove],an apparatus that supplies heat for cooking food or warming a room,"bếp lò, lò sưởi"
stray,adjective,[stray],(of an animal or person) having wandered away from home or the right place; without a home,"lạc, đi lạc (thường chỉ vật nuôi vô chủ)"
streamline,verb,[stream]-[line],to make an organization or process more efficient by simplifying it,"hợp lý hóa, tinh gọn (quy trình, tổ chức)"
strenuous,adjective,[strenuous],requiring or using great physical or mental effort,"đòi hỏi nhiều nỗ lực, gian khổ, vất vả"
stripe,noun,[stripe],"a long narrow band of a color or texture, distinct from the surrounding area","sọc, vằn"
stronghold,noun,[strong]-[hold],"a place that has been fortified for defense, or a place where a particular group predominates","thành trì, cứ điểm; nơi tập trung ảnh hưởng của một nhóm"
stubborn,adjective,[stubborn],having or showing determination not to change one's attitude or position despite pressure,"bướng bỉnh, cứng đầu"
submersion,noun,sub-[merse]-ion,the action of submerging or the state of being submerged in water or liquid,"sự nhấn chìm, sự ngâm chìm trong nước"
subsidence,noun,sub-[side]-nce,the gradual caving in or sinking of an area of land or a structure,"sự sụt lún (đất, công trình)"
sue,verb,[sue],to institute legal proceedings against a person or organization,"kiện, khởi kiện"
sufficiently,adverb,[sufficient]-ly,to a degree that is enough or adequate for a particular purpose,"đủ, một cách đầy đủ"
suffix,noun,suf-[fix],a morpheme or group of letters added at the end of a word to form a derivative,hậu tố (trong ngôn ngữ học)
suicide,noun,[suicide],the act of intentionally killing oneself,"tự tử, tự sát"
suite,noun,[suite],"a set of connected rooms in a hotel, or a matching set of furniture or items",phòng suite (dãy phòng liên thông); bộ đồ nội thất đồng bộ
sumatra,noun,[sumatra],a large island in western Indonesia,"đảo Sumatra, một đảo lớn ở miền tây Indonesia"
summertime,noun,[summer]-[time],the season of summer,mùa hè
summon,verb,[summon],"to order someone to appear before a person or court, or to call people together for a meeting","triệu tập, gọi đến"
supplemental,adjective,[supplement]-al,added to something else so as to complete or make up a deficiency; additional,"bổ sung, phụ thêm"
suppress,verb,sup-[press],"to forcibly put an end to something, or to prevent a thought or feeling from being expressed","đàn áp, kìm nén"
suppression,noun,sup-[press]-ion,"the action of forcibly ending, restraining, or preventing something","sự đàn áp, sự kìm nén"
surf,noun,[surf],the mass of foam and waves that break on a seashore,"sóng biển vỗ bờ, sóng bạc đầu"
surf,verb,[surf],"to ride on a wave using a surfboard, or to browse casually through websites on the internet",lướt sóng; lướt web (internet)
swath,noun,[swath],"a long broad strip or area of something, especially one cut by a mower or scythe","dải, vệt dài (đất cắt, khu vực)"
swiftly,adverb,[swift]-ly,"quickly, rapidly",một cách nhanh chóng
swindle,verb,[swindle],to use deception to deprive someone of money or possessions,"lừa đảo, lừa gạt để chiếm đoạt tiền của"
sympathy,noun,sym-[path]-y,feelings of pity and sorrow for someone else's misfortune,"sự cảm thông, lòng thương cảm"
synchronization,noun,syn-[chron]-ization,"the coordination of events so as to operate a system in unison, or make things occur at the same time",sự đồng bộ hóa
syrup,noun,[syrup],"a thick, sweet liquid made by dissolving sugar in water, often flavored","xi-rô, nước đường"
tacitus,noun,[tacitus],a Roman senator and historian of the Roman Empire (c. 56-120 AD),"Tacitus, sử gia và nghị sĩ La Mã cổ đại"
tactile,adjective,[tact]-ile,connected with or relating to the sense of touch,"thuộc về xúc giác, liên quan đến sự sờ chạm"
takeout,noun,[take]-out,food that is prepared and sold by a restaurant to be eaten elsewhere; food to go,đồ ăn mang đi (không ăn tại chỗ)
tasmania,noun,[tasmania],"an island state of Australia, south of the mainland","Tasmania, một bang đảo của Úc"
tate,noun,[tate],a surname; also refers to the Tate galleries of art in Britain,họ (tên riêng); cũng là tên các bảo tàng nghệ thuật Tate ở Anh
teem,verb,[teem],"to be full of or swarming with something, especially in an impressively large quantity","tràn ngập, đầy ắp (thường chỉ số lượng lớn)"
telecommunication,noun,tele-[communic]-ation,"the transmission of information over distances by telephone, radio, television, or other electronic means",viễn thông
telegraphic,adjective,tele-[graph]-ic,"relating to or transmitted by telegraph, or (of style) terse and using few words","thuộc về điện tín; (văn phong) ngắn gọn, súc tích"
telephony,noun,tele-[phon]-y,the use of equipment to transmit voices over a distance; the telephone system,"kỹ thuật điện thoại, hệ thống điện thoại"
tempest,noun,[tempest],a violent windy storm,"cơn bão lớn, giông tố"
temporal,adjective,[temporal],"relating to time, or to worldly and secular affairs as opposed to spiritual ones",thuộc về thời gian; thuộc về trần thế (đối lập với tâm linh)
terra,noun,[terra],"earth or land, especially as used in phrases such as 'terra firma'","đất, mặt đất (thường dùng trong cụm 'terra firma')"
testimony,noun,[testimony],"a formal written or spoken statement, especially one given in a court of law","lời khai, chứng cứ (trước tòa)"
testosterone,noun,[testosterone],"the principal male sex hormone, produced mainly in the testes","testosterone, hormone sinh dục nam chính"
tet,noun,[tet],the Vietnamese Lunar New Year festival,"Tết, lễ hội năm mới âm lịch của Việt Nam"
tether,noun,[tether],a rope or chain used to tie an animal so that it can only move within a certain area,"dây buộc, xích buộc (gia súc)"
texas,noun,[texas],a state in the southern United States,"Texas, một bang ở miền nam Hoa Kỳ"
thames,noun,[thames],"a river that flows through southern England, including London","sông Thames, con sông chảy qua miền nam nước Anh"
theorist,noun,[theory]-ist,"a person who forms theories, especially in a particular academic field",nhà lý thuyết
therapist,noun,[therapy]-ist,"a person skilled in a particular kind of therapy, especially one involving physical or mental treatment",nhà trị liệu
thermostat,noun,thermo-[stat],a device that automatically regulates temperature by switching heating or cooling equipment on or off,"bộ điều nhiệt, nhiệt kế tự động điều chỉnh"
thirteenth,adjective,[thirteen]-th,the ordinal number matching the number thirteen in a series,thứ mười ba
thornton,noun,[thornton],a surname and place name of English origin,họ và tên địa danh có nguồn gốc Anh
thoughtfully,adverb,[thought]-ful-ly,"in a way that shows careful consideration or thought, or that shows kindness toward others","một cách chu đáo, ân cần, có suy nghĩ"
thunder,noun,[thunder],the loud rumbling or crashing noise heard after a flash of lightning,"sấm, tiếng sấm"
tick,noun,[tick],a small mark used to indicate correctness or that an item has been checked; also a small blood-sucking parasitic arachnid,"dấu tích (đánh dấu đúng); con ve, con bọ chét ký sinh"
tim,noun,[tim],"a male given name, short for Timothy","tên riêng nam giới, gọi tắt của Timothy"
tint,noun,[tint],"a shade or variety of a color, especially one produced by adding white","sắc thái màu, màu pha nhạt"
tiredness,noun,[tired]-ness,the state of being weary or fatigued,sự mệt mỏi
token,noun,[token],"a thing serving as a visible or tangible representation of a fact, quality, or feeling; a piece resembling a coin used in place of money","biểu tượng, vật tượng trưng; đồng xu thay thế tiền (jeton)"
token,adjective,[token],done or given as a symbolic gesture or minimal effort rather than a genuine or substantial one,"mang tính tượng trưng, hình thức, chiếu lệ"
tokyo,noun,[tokyo],the capital city of Japan,"Tokyo, thủ đô của Nhật Bản"
tomato,noun,[tomato],"a red fruit with juicy flesh, eaten as a vegetable",cà chua
tommy,noun,[tommy],informal name for a British soldier; also a common male given name,cách gọi thân mật người lính Anh; cũng là tên riêng nam giới
tonne,noun,[tonne],a metric unit of mass equal to 1000 kilograms,"tấn (đơn vị đo khối lượng, bằng 1000 kg)"
toolbox,noun,[tool]-[box],a box or container used for holding or carrying tools,hộp đựng dụng cụ
toolkit,noun,[tool]-[kit],"a set of tools, or a collection of resources and techniques for a particular purpose",bộ dụng cụ; bộ công cụ (nghĩa bóng)
toronto,noun,[toronto],the largest city in Canada and the capital of Ontario,"Toronto, thành phố lớn nhất Canada"
trajan,noun,[trajan],"a Roman emperor who reigned from 98 to 117 AD, known for extensive conquests","Trajan, hoàng đế La Mã cổ đại"
transcend,verb,trans-[scend],to go beyond the limits of something; to surpass or exceed,"vượt qua, siêu việt hơn giới hạn"
transient,adjective,[transient],lasting only for a short time; passing quickly or not permanent,"tạm thời, thoáng qua, ngắn ngủi"
transient,noun,[transient],"a person who stays in a place only for a short time, especially someone without a permanent home","người tạm trú, người vô gia cư sống tạm thời"
tread,verb,[tread],"to walk in a specified manner, or to press or crush something underfoot","đi, bước; giẫm đạp"
trivial,adjective,[trivial],of little value or importance; not worth serious consideration,"nhỏ nhặt, tầm thường, không quan trọng"
troglodyte,noun,[troglodyte],"a person who lives in a cave, or (informally) a person regarded as old-fashioned or reclusive","người sống trong hang; (nghĩa bóng) người lạc hậu, khép kín"
troublemaker,noun,[trouble]-[make]-er,a person who habitually causes difficulty or problems for others,"kẻ gây rối, người hay gây phiền phức"
tub,noun,[tub],"an open, flat-bottomed container, especially one used for washing or bathing","chậu, bồn tắm"
tumor,noun,[tumor],a mass of abnormal tissue that arises without obvious cause from cells of preexisting tissue,khối u
tuna,noun,[tuna],"a large marine fish of warm seas, valued as food",cá ngừ
turkey,noun,[turkey],"a large bird native to North America, widely domesticated and eaten especially at festive meals",gà tây
tutu,noun,[tutu],"a short skirt made of layers of stiff frills, worn by ballet dancers",váy múa ba lê (tutu)
twitter,verb,[twitter],"(of a bird) to make a series of light, tremulous chirping sounds",(chim) hót líu lo
unacknowledged,adjective,un-[acknowledge]-d,"not admitted or recognized as true, valid, or existing","không được thừa nhận, không được công nhận"
unbiased,adjective,un-[bias]-ed,showing no prejudice for or against something; impartial,"không thiên vị, khách quan"
uncomplaining,adjective,un-[complain]-ing,not expressing dissatisfaction or suffering despite difficulty,"không than phiền, cam chịu"
unconnected,adjective,un-[connect]-ed,not joined together or related to something else,"không liên kết, không liên quan"
uncontrollably,adverb,un-[control]-ably,in a manner that cannot be controlled or restrained,một cách không thể kiểm soát
underfed,adjective,under-[fed],given too little food; malnourished,"thiếu dinh dưỡng, được cho ăn không đủ"
underfunded,adjective,under-[fund]-ed,not provided with enough money to operate adequately,"thiếu kinh phí, không được tài trợ đủ"
underpinnings,noun,under-[pin]-nings,"the foundations, basic structure, or principles underlying a system, theory, or belief","nền tảng, cơ sở (của một hệ thống, lý thuyết)"
undetected,adjective,un-[detect]-ed,not noticed or discovered,không bị phát hiện
undisciplined,adjective,un-[discipline]-d,"lacking discipline; not controlled, trained, or orderly","vô kỷ luật, thiếu kỷ luật"
unearned,adjective,un-[earn]-ed,"not gained through work, effort, or merit","không do công sức làm ra, không xứng đáng có được"
unedited,adjective,un-[edit]-ed,"not revised, corrected, or altered; in its original form","chưa được biên tập, chưa chỉnh sửa"
unexplained,adjective,un-[explain]-ed,not made clear or accounted for,"chưa được giải thích, không rõ nguyên nhân"
unexplored,adjective,un-[explore]-d,"not investigated, examined, or visited before",chưa được khám phá
unfilled,adjective,un-[fill]-ed,"not filled; empty, or (of a job) not yet occupied",chưa được lấp đầy; (vị trí) còn trống
unformed,adjective,un-[form]-ed,not fully developed; lacking definite shape or structure,"chưa hình thành, chưa định hình"
unfounded,adjective,un-[found]-ed,having no basis in fact; not justified by evidence,"vô căn cứ, không có cơ sở"
unfriendliness,noun,un-[friend]-liness,"the quality of being unfriendly, cold, or unwelcoming toward others","thái độ không thân thiện, sự lạnh nhạt"
unification,noun,uni-[fic]-ation,the process of being united or brought together to form a single whole,"sự thống nhất, quá trình hợp nhất"
unify,verb,[unify],"to make or become united, uniform, or whole","thống nhất, hợp nhất"
uninterested,adjective,un-[interest]-ed,not interested in something; indifferent,"không quan tâm, thờ ơ"
unlisted,adjective,un-[list]-ed,"not recorded on a list, especially not included in a telephone directory","không có trong danh sách, (số điện thoại) không công khai"
unmitigated,adjective,un-[mitigate]-d,"absolute, complete, and not modified or lessened in any way (used for emphasis)","hoàn toàn, tuyệt đối (thường mang nghĩa tiêu cực nhấn mạnh)"
unorthodox,adjective,un-[orthodox],"contrary to what is usual, traditional, or generally accepted","khác thường, không chính thống"
unparalleled,adjective,un-[parallel]-ed,having no equal; better or greater than anything else,"vô song, không gì sánh bằng"
unqualified,adjective,un-[qualify]-ed,"not having the necessary qualifications or skills for something; also, total and without reservation","không đủ trình độ, không đủ tư cách; (nghĩa khác) hoàn toàn, tuyệt đối"
unscheduled,adjective,un-[schedule]-d,not planned or arranged in advance,"không theo lịch trình, ngoài kế hoạch"
unscrupulous,adjective,un-[scrupulous],having or showing no moral principles; not honest or fair,"vô đạo đức, bất lương"
unsigned,adjective,un-[sign]-ed,"not bearing a signature, or (of a musician) not under contract with a record label",chưa ký tên; (nhạc sĩ) chưa ký hợp đồng với hãng đĩa
unsociable,adjective,un-[sociable],not enjoying the company of others; unfriendly or withdrawn,"không thích giao du, khép kín"
unsympathetic,adjective,un-sym-[pathet]-ic,not feeling or showing sympathy or compassion for others,"thiếu cảm thông, lạnh lùng"
untapped,adjective,un-[tap]-ped,(of a resource) not yet exploited or made use of,chưa được khai thác
unverified,adjective,un-[verify]-ed,not confirmed to be true or accurate,chưa được xác minh
unwritten,adjective,un-[write]-ten,(of a rule or agreement) understood and followed by tradition without being formally recorded,"(quy tắc, thỏa thuận) bất thành văn, không được ghi chép chính thức"
utilization,noun,[util]-ization,the action of making practical and effective use of something,"sự sử dụng, việc tận dụng"
vacant,adjective,[vacant],"(of a place, position, or seat) not filled or occupied; empty","bỏ trống, trống (chức vụ, chỗ ngồi)"
vacuum,noun,[vacuum],"a space entirely devoid of matter, or a device that cleans by suction",chân không; máy hút bụi
validation,noun,[valid]-ation,"the action of checking or proving that something is valid, accurate, or acceptable","sự xác nhận, sự kiểm chứng"
valium,noun,[valium],"a trademark for the drug diazepam, used as a tranquilizer","Valium, tên thương hiệu của thuốc an thần diazepam"
vanity,noun,[vain]-ity,excessive pride in or admiration of one's own appearance or achievements,"tính tự phụ, thói hư vinh"
vapor,noun,[vapor],"a substance diffused or suspended in the air, especially one that is normally liquid or solid","hơi nước, hơi (chất)"
vector,noun,[vector],"a quantity having both direction and magnitude, or an organism that transmits a disease or infection",véc-tơ; vật trung gian truyền bệnh
vend,verb,[vend],"to offer goods, especially small items, for sale","bán (hàng hóa, đặc biệt qua máy bán hàng hoặc trên đường phố)"
vengeance,noun,[venge]-ance,punishment inflicted in retaliation for an injury or wrong; revenge,"sự trả thù, báo thù"
verbally,adverb,[verb]-ally,in spoken words rather than in writing,bằng lời nói (không phải bằng văn bản)
verge,noun,[verge],"an edge or border of something, or the point at which something is about to happen","bờ mép, rìa; bên bờ vực (sắp xảy ra điều gì)"
verifiable,adjective,[verify]-able,able to be checked or shown to be true or accurate,có thể kiểm chứng được
victor,noun,[victor],"a person who defeats an opponent or enemy in a battle, competition, or war; a winner",người chiến thắng
vigilance,noun,[vigil]-ance,the action or state of keeping careful watch for possible danger or difficulties,"sự cảnh giác, sự canh chừng"
vigorously,adverb,[vigor]-ously,"in a way that involves physical strength, energy, and force","một cách mạnh mẽ, hăng hái"
violinist,noun,[violin]-ist,a person who plays the violin,người chơi violin
visionary,adjective,[vision]-ary,"thinking about or planning the future with imagination, wisdom, and originality","có tầm nhìn xa, giàu tưởng tượng về tương lai"
visitation,noun,[visit]-ation,"an official or formal visit, especially one made for inspection or ceremonial purposes","cuộc viếng thăm chính thức, cuộc thanh tra"
visualization,noun,[visual]-ization,"the formation of a mental image of something, or a graphical representation of data",sự hình dung; sự trực quan hóa (dữ liệu)
vividly,adverb,[vivid]-ly,"in a way that produces powerful feelings or clear, sharp images in the mind","một cách sống động, rõ nét"
void,adjective,[void],"completely empty, or (in law) having no legal force; invalid","trống rỗng; (luật) vô hiệu, không có giá trị pháp lý"
void,noun,[void],a completely empty space,"khoảng trống, chỗ trống"
volatile,adjective,[volatile],"liable to change rapidly and unpredictably, especially for the worse; (of a substance) evaporating readily at normal temperatures","dễ biến động, thất thường; (chất) dễ bay hơi"
volatility,noun,[volatile]-ity,the quality of being volatile; a tendency to change rapidly and unpredictably,"tính biến động, tính bất ổn"
volkswagen,noun,[volkswagen],"a German automobile manufacturer, whose name means 'people's car'; also its vehicles","Volkswagen, hãng sản xuất ô tô của Đức (nghĩa đen 'xe hơi của nhân dân')"
waddle,verb,[waddle],"to walk with short steps, swaying from side to side like a duck","đi lạch bạch, đi lắc lư như vịt"
walmart,noun,[walmart],an American multinational chain of hypermarkets and discount department stores,chuỗi siêu thị/bán lẻ đa quốc gia của Mỹ (Walmart)
warbler,noun,[warble]-er,"a small songbird, many species of which have a warbling song",chim chích (loài chim nhỏ hót líu lo)
wardrobe,noun,[wardrobe],"a tall cupboard for storing clothes, or a person's entire collection of clothes",tủ quần áo; tủ đựng đồ
washington,noun,[washington],"the capital city of the United States, or the U.S. state on the Pacific coast; also a common surname/first name (e.g. George Washington)",thủ đô Washington D.C. (hoặc bang Washington) của Mỹ; cũng là tên riêng (Washington)
watchtower,noun,[watch]-[tower],"a tower from which observation can be kept, especially for military purposes","tháp canh, chòi canh"
watercourse,noun,[water]-[course],"a channel through which water flows, such as a river or stream","dòng chảy, lòng sông/suối"
watermark,noun,[water]-[mark],"a faint design impressed on paper, or a mark showing a former water level",hình mờ (trên giấy); dấu mực nước
watertight,adjective,[water]-[tight],constructed so as to prevent the passage of water through it,"kín nước, không thấm nước"
watery,adjective,[water]-y,"containing too much water; thin and diluted, or pale and weak","đầy nước, loãng như nước; nhợt nhạt"
wavelength,noun,[wave]-[length],"the distance between successive crests of a wave, especially in radio or sound transmission",bước sóng
webb,noun,[webb],a surname (e.g. the James Webb Space Telescope is named after NASA administrator James E. Webb),"họ Webb (tên riêng, ví dụ kính viễn vọng James Webb)"
wedding,noun,[wed]-ding,"a marriage ceremony, typically with its accompanying celebrations","đám cưới, lễ cưới"
weightless,adjective,[weight]-less,"having no weight, or experiencing no effect of gravity","không trọng lượng, phi trọng lực"
weld,verb,[weld],to join pieces of metal or thermoplastic together by heating and fusing them,hàn (kim loại)
whatsoever,determiner,[what]-so-ever,"used for emphasis after 'no', 'any', 'none', etc., meaning 'at all'","chút nào, bất kỳ (dùng để nhấn mạnh phủ định, ví dụ 'không hề')"
whoop,noun,[whoop],a loud cry of joy or excitement,tiếng hét/reo hò vui sướng
wicked,adjective,[wicked],evil or morally wrong; (informal) excellent,"độc ác, xấu xa; (khẩu ngữ) tuyệt vời"
wield,verb,[wield],"to hold and use a weapon or tool, or to have and exercise power/influence","cầm và sử dụng (vũ khí, công cụ); nắm giữ (quyền lực)"
william,noun,[william],a common male given name,tên riêng nam giới (William)
willis,noun,[willis],a surname (e.g. actor Bruce Willis; the Willis Tower in Chicago),họ Willis (tên riêng)
windbreak,noun,[wind]-[break],"a line of trees, shrubs, or a structure that provides shelter from the wind",hàng cây/vật chắn gió
windshield,noun,[wind]-[shield],"the front window of a motor vehicle, which protects occupants from the wind",kính chắn gió (xe hơi)
windstorm,noun,[wind]-[storm],a storm marked by high wind with little or no precipitation,"bão gió, giông gió"
woodworking,noun,[wood]-[work]-ing,the craft or activity of making objects from wood,"nghề mộc, thủ công chế tác gỗ"
wrestler,noun,[wrestle]-r,a person who competes in the sport of wrestling,"đô vật, người đấu vật"
wriggle,verb,[wriggle],"to twist and turn with quick short movements, like a worm","ngọ nguậy, uốn éo (như con giun)"
yardstick,noun,[yard]-[stick],a standard used for comparison when judging others; literally a measuring stick one yard long,tiêu chuẩn để so sánh/đánh giá; thước đo dài một yard
zagreb,noun,[zagreb],the capital and largest city of Croatia,"Zagreb, thủ đô của Croatia"
abrasion,noun,[abrade]-sion,an area of skin or surface that has been scraped or worn away by friction,"vết trầy xước, sự mài mòn"
abrupt,adjective,[abrupt],"sudden and unexpected, or (of manner) brusque and curt","đột ngột, bất ngờ; cộc lốc"
absorption,noun,[absorb]-tion,"the process of absorbing something, such as a liquid, gas, or information",sự hấp thụ
abstinence,noun,[abstain]-ence,"the practice of restraining oneself from indulging in something, especially food, alcohol, or sex","sự kiêng khem, kiêng cữ"
abundantly,adverb,[abundant]-ly,in large quantities; plentifully or clearly,"một cách dồi dào, phong phú; rõ ràng"
acceleration,noun,[accelerate]-ion,the rate of change of velocity with time; the act of speeding up,"sự tăng tốc, gia tốc"
acclaim,verb,ac-[claim],to praise someone or something enthusiastically and publicly,"hoan nghênh, tán dương công khai"
accompanist,noun,[accompany]-ist,"a person who plays a musical accompaniment, typically on the piano, to a singer or soloist",người đệm đàn
accusation,noun,[accuse]-ation,a claim or charge that someone has done something illegal or wrong,"lời buộc tội, sự cáo buộc"
ache,noun,[ache],a continuous or prolonged dull pain,"cơn đau âm ỉ, nhức"
acquaint,verb,[acquaint],to make someone aware of or familiar with something or someone,"làm cho quen biết, cho biết"
acquirable,adjective,[acquire]-able,able to be acquired or obtained,"có thể đạt được, có thể chiếm được"
acquisitive,adjective,[acquire]-ive,excessively interested in acquiring money or possessions; greedy,"tham lam, ham vơ vét của cải"
acrobatic,adjective,[acrobat]-ic,relating to or characteristic of acrobats; involving spectacular gymnastic feats,"(thuộc) nhào lộn, uyển chuyển như diễn viên xiếc"
acrobatics,noun,[acrobat]-ics,the art or performance of spectacular gymnastic feats,môn/nghệ thuật nhào lộn
administrative,adjective,[administer]-ative,"relating to the management of an organization, business, or system","thuộc về hành chính, quản trị"
adventurer,noun,[adventure]-r,"a person who engages in exciting or risky activities, especially travel","người ưa mạo hiểm, nhà thám hiểm"
advertiser,noun,[advertise]-r,a person or company that pays for the promotion of goods or services,"nhà quảng cáo, người/hãng quảng cáo"
advocacy,noun,[advocate]-cy,"public support for, or recommendation of, a particular cause or policy","sự ủng hộ, vận động (cho một chính sách/lý tưởng)"
aerodynamically,adverb,aero-[dynamic]-al-ly,in a manner relating to the properties of air in motion and how objects move through it,một cách khí động học
affair,noun,[affair],an event or a matter of concern; also a romantic or sexual relationship outside marriage,"việc, vụ việc; (nghĩa khác) quan hệ ngoại tình"
affinity,noun,[affinity],"a natural liking for, or attraction to, someone or something","sự yêu thích tự nhiên, sự gần gũi/thân thuộc"
afghanistan,noun,[afghanistan],a landlocked country in South-Central Asia,Afghanistan (quốc gia ở Nam-Trung Á)
aforesaid,adjective,afore-[said],"mentioned or referred to previously, especially in a legal document",đã nói/nêu ở trên (dùng trong văn bản pháp lý)
aftermath,noun,[after]-math,"the consequences or after-effects of a significant, usually unpleasant, event","hậu quả, thời kỳ sau (một sự kiện xấu)"
agony,noun,[agony],extreme physical or mental suffering,"sự đau đớn tột cùng, sự thống khổ"
ajar,adjective,a-[jar],(of a door) slightly open,(cửa) hé mở
ala,noun,[ala],"(anatomy) a wing-like structure or process, e.g. the ala of the nose","(giải phẫu) cánh (cấu trúc hình cánh, ví dụ cánh mũi)"
alaskan,adjective,[alaska]-n,of or relating to the U.S. state of Alaska,thuộc về bang Alaska
alexander,noun,[alexander],"a common male given name; also 'Alexander the Great', a historical king of Macedon",tên riêng nam giới (Alexander); Alexander Đại đế
alignment,noun,[align]-ment,"arrangement in a straight line, or agreement and cooperation between people or groups","sự thẳng hàng, sự canh chỉnh; sự liên kết/đồng thuận"
allegedly,adverb,[allege]-ed-ly,according to what has been stated but not yet proven to be true,"được cho là, theo cáo buộc (chưa được chứng minh)"
alleviation,noun,[alleviate]-ion,"the act of making a problem, pain, or suffering less severe","sự giảm nhẹ, sự làm dịu bớt"
allotment,noun,al-[lot]-ment,a portion or share allocated to someone; (British) a small plot of rented land for growing vegetables,phần được chia/phân bổ; (Anh) mảnh đất nhỏ cho thuê để trồng rau
aloft,adverb,a-[loft],high up in the air,"trên cao, trên không"
alp,noun,[alp],"a high mountain, especially one in the Alps",núi cao (đặc biệt ở dãy Alps)
alternation,noun,[alternate]-ion,"the process of doing or occurring in turns, repeatedly and regularly","sự luân phiên, sự xen kẽ"
amass,verb,a-[mass],to gather together or accumulate a large quantity of something over time,"tích lũy, gom góp (số lượng lớn)"
ambiguous,adjective,[ambiguous],open to more than one interpretation; not having one clear or obvious meaning,"mơ hồ, mập mờ, có thể hiểu theo nhiều nghĩa"
amiably,adverb,[amiable]-ly,in a friendly and pleasant manner,"một cách thân thiện, hòa nhã"
amplification,noun,[amplify]-ication,the process of making a sound or signal louder or stronger,sự khuếch đại
amputation,noun,[amputate]-ion,the surgical removal of a limb or other body part,"sự cắt cụt (chi), phẫu thuật đoạn chi"
ana,noun,[ana],a common female given name (short form of Anna/Ana),tên riêng nữ giới (Ana)
analyst,noun,[analyze]-st,"a person who analyzes a subject in detail, especially in finance, data, or systems",nhà phân tích
andalusian,adjective,[andalusia]-n,"of or relating to Andalusia, a region in southern Spain",thuộc về vùng Andalusia (Tây Ban Nha)
android,noun,[android],"a robot with a human appearance and behavior; also 'Android', a mobile operating system",người máy có hình dạng người; (viết hoa) hệ điều hành di động Android
anecdote,noun,[anecdote],a short amusing or interesting story about a real incident or person,"giai thoại, chuyện kể ngắn (có thật)"
annotation,noun,[annotate]-ion,"a note added to a text, diagram, or image to give explanation or comment","lời chú thích, ghi chú"
anonymity,noun,an-[onym]-ity,"the state or quality of being anonymous, i.e. not identified by name","tình trạng ẩn danh, vô danh"
apologize,verb,[apology]-ize,to say sorry for having done something wrong,xin lỗi
apology,noun,[apology],a statement expressing regret for having done something wrong,lời xin lỗi
appal,verb,ap-[pall],"to greatly dismay, shock, or horrify someone","làm kinh hoàng, làm khiếp sợ"
appraise,verb,ap-[praise],"to assess the value, quality, or nature of something","định giá, đánh giá"
appreciative,adjective,[appreciate]-ive,feeling or showing gratitude or pleasure in response to something,"biết ơn, cảm kích, trân trọng"
approximate,adjective,ap-[proximate],close to the actual value or number but not completely accurate,"gần đúng, xấp xỉ"
apron,noun,[apron],"a garment worn over the front of clothing to protect it, tied around the waist",tạp dề
arab,noun,[arab],a member of a Semitic people originally from the Arabian Peninsula and widely dispersed across the Middle East and North Africa,người Ả Rập
arbiter,noun,[arbiter],a person who settles a dispute or has ultimate authority to make judgments in a matter,"trọng tài, người phân xử"
architectural,adjective,[architecture]-al,relating to the design and construction of buildings,thuộc về kiến trúc
argentina,noun,[argentina],a country in South America,Argentina (quốc gia ở Nam Mỹ)
aristocrat,noun,[aristo]-crat,"a member of the nobility or ruling class, typically with inherited wealth and rank",quý tộc
arthritis,noun,[arthr]-itis,a medical condition causing painful inflammation and stiffness of the joints,bệnh viêm khớp
ascertain,verb,as-[certain],to find out or establish something with certainty,"xác định, tìm hiểu cho chắc chắn"
ashore,adverb,a-[shore],"to or on the shore, from the water","vào bờ, trên bờ"
asleep,adjective,a-[sleep],in a state of sleep; sleeping,"đang ngủ, ngủ say"
aspire,verb,a-[spire],to have a strong desire and ambition to achieve something,"khao khát, mong muốn đạt được (mục tiêu cao)"
assassination,noun,[assassinate]-ion,"the murder of an important or famous person, usually for political or ideological reasons",vụ ám sát
assimilate,verb,as-[simil]-ate,"to absorb and integrate people, ideas, or customs into a wider group; to take in and understand fully","hòa nhập, đồng hóa; tiếp thu, hấp thụ (kiến thức)"
asymmetrical,adjective,a-[symmetric]-al,not symmetrical; lacking balance or equal correspondence between parts,bất đối xứng
attentively,adverb,[attentive]-ly,in a way that shows careful attention or close listening/watching,"một cách chăm chú, cẩn thận"
attire,noun,[attire],"clothes, especially fine or formal ones",trang phục (thường trang trọng)
audiovisual,adjective,[audio]-[visual],"relating to or using both sound and pictures, especially in teaching or presentations",(thuộc) nghe nhìn
audition,noun,[audit]-ion,a short performance given by a performer to demonstrate suitability for a role,buổi thử giọng/thử vai
aug,noun,[aug],abbreviation for the month of August,viết tắt của tháng Tám (Aug = August)
austrian,adjective,[austria]-n,"of or relating to Austria, or a person from Austria",thuộc về nước Áo; người Áo
autobiographical,adjective,auto-[biography]-ical,relating to an account of a person's life written by that person themselves,(thuộc) tự truyện
autobiography,noun,auto-[biography],an account of a person's life written by that person themselves,tự truyện
autonomous,adjective,auto-[nom]-ous,having self-governance; acting independently without outside control,"tự trị, tự chủ, độc lập"
avert,verb,a-[vert],to prevent or turn away something bad or dangerous from happening,"ngăn chặn, tránh (điều xấu xảy ra)"
await,verb,a-[wait],to wait for someone or something,chờ đợi
awaken,verb,a-[wake]-n,"to wake up from sleep, or to stop being inactive/unaware and become alert","đánh thức, thức tỉnh"
awesome,adjective,[awe]-some,"extremely impressive, or (informal) excellent","đáng kinh ngạc, tuyệt vời"
awful,adjective,[awe]-ful,"very bad, unpleasant, or of poor quality","tồi tệ, kinh khủng"
ayala,noun,[ayala],"a surname of Basque/Spanish origin, also a well-known Filipino family and business group name","họ Ayala (tên riêng, gốc Basque/Tây Ban Nha)"
balkan,adjective,[balkan],"of or relating to the Balkans, a region in southeastern Europe",thuộc vùng Balkan (Đông Nam Âu)
banquet,noun,[banquet],"a large formal meal for many people, often held to celebrate something","tiệc lớn, dạ tiệc"
barbecue,noun,[barbecue],an outdoor meal or social gathering at which food is cooked over an open fire or grill,"tiệc nướng ngoài trời, món nướng"
barley,noun,[barley],"a cereal grass cultivated for its grain, used for food, animal feed, and brewing",lúa mạch
barn,noun,[barn],a large farm building used for storing crops or housing livestock,"chuồng trại, nhà kho nông trại"
barrel,noun,[barrel],"a large cylindrical container with a bulging middle, typically made of wood or metal",cái thùng (hình trụ)
basically,adverb,[basic]-al-ly,used to indicate the most important or fundamental aspect of a situation; essentially,"về cơ bản, chủ yếu là"
beard,noun,[beard],hair that grows on the lower part of a man's face and chin,râu (cằm)
bedside,noun,[bed]-[side],"the space beside a bed, especially that of a sick or sleeping person",cạnh giường (bệnh)
bidirectional,adjective,bi-[direction]-al,"moving, operating, or allowing movement in two usually opposite directions","hai chiều, song hướng"
blogger,noun,[blog]-ger,a person who writes and maintains a blog,người viết blog
blowtorch,noun,[blow]-[torch],"a portable device that produces a very hot flame, used for welding or burning off paint","đèn khò, mỏ hàn lửa"
bluntness,noun,[blunt]-ness,"the quality of being blunt, either physically not sharp, or direct and tactless in manner","sự cùn (vật lý); sự thẳng thừng, bộc trực"
boardroom,noun,[board]-[room],a room in which the board of directors of a company or organization meets,phòng họp hội đồng quản trị
bob,verb,[bob],"to move quickly up and down, especially on or in water","nhấp nhô, bồng bềnh lên xuống"
bombay,noun,[bombay],"the former name of Mumbai, the largest city in India","Bombay (tên cũ của thành phố Mumbai, Ấn Độ)"
bong,noun,[bong],"a deep resonant ringing sound, like that of a large bell",tiếng boong (chuông ngân vang trầm)
bowel,noun,[bowel],"the intestine, part of the digestive tract in the lower body",ruột (bộ phận tiêu hóa)
bra,noun,[bra],a woman's undergarment worn to support the breasts,"áo ngực, áo lót phụ nữ"
bracket,noun,[bracket],"a category or group in a classification, or a punctuation mark used in pairs to enclose text","khung, hạng mục (phân loại); dấu ngoặc"
brainwash,verb,[brain]-[wash],to pressure someone into adopting radically different beliefs by using systematic and forcible means,"tẩy não, nhồi sọ"
bravery,noun,[brave]-ery,courageous behavior or character; the quality of being brave,"lòng dũng cảm, sự can đảm"
breathtaking,adjective,[breath]-[take]-ing,"astonishing or awe-inspiring in quality, especially so as to take one's breath away","ngoạn mục, ngoạn mục đến nghẹt thở"
brevity,noun,[brief]-ity,concise and exact use of words; shortness of duration,"sự ngắn gọn, súc tích"
bricklayer,noun,[brick]-[lay]-er,a person whose job is to build walls and other structures with bricks,thợ xây gạch
brim,noun,[brim],the edge or rim of a container or of a hat,"miệng (cốc, chén); vành (mũ)"
brisk,adjective,[brisk],quick and energetic; lively and no-nonsense in manner,"nhanh nhẹn, dứt khoát, hăng hái"
brittleness,noun,[brittle]-ness,the quality of being brittle; the tendency to break or snap easily,"tính giòn, dễ vỡ/gãy"
broke,adjective,[broke],(informal) having no money; penniless,"(khẩu ngữ) hết tiền, cháy túi"
brute,noun,[brute],"a violent, cruel, and often stupid person or animal","kẻ hung bạo, thú vật (nghĩa xấu)"
bryce,noun,[bryce],"a male given name; also 'Bryce Canyon', a national park in Utah, USA",tên riêng nam giới (Bryce); công viên Bryce Canyon (Mỹ)
buckle,noun,[buckle],a metal or plastic clasp used for joining the two ends of a belt or strap,"khóa thắt lưng, khóa cài"
buildup,noun,[build]-[up],a gradual increase or accumulation of something over time,"sự tích lũy, sự gia tăng dần"
bulldozer,noun,[bulldoze]-r,a powerful tractor with a broad blade at the front for clearing ground,xe ủi đất
bulletin,noun,[bulletin],a short official statement or broadcast giving news or information,"bản tin, thông báo"
bumper,noun,[bump]-er,a bar fixed across the front and back of a motor vehicle to absorb impact in a collision,"cản xe, ba-đờ-sốc"
bureaucratic,adjective,[bureau]-crat-ic,relating to a bureaucracy; excessively concerned with rigid procedures and regulations,"(thuộc) quan liêu, hành chính rườm rà"
bust,noun,[bust],"a sculpture of a person's head, shoulders, and chest, or a woman's bosom","tượng bán thân (đầu, vai, ngực) của một người, hoặc vòng ngực của phụ nữ"
bust,verb,[bust],"to break something, or (informal) to raid/catch someone doing something illegal","làm vỡ, phá hỏng cái gì đó, hoặc (thông tục) đột kích/bắt giữ ai đó"
bustle,verb,[bustle],"to move in a busy, hurried, and energetic manner","di chuyển hối hả, tất bật, nhộn nhịp"
cab,noun,[cab],"a taxi, or the enclosed compartment for the driver of a truck, train, or crane","xe taxi, hoặc buồng lái của xe tải/tàu hỏa/cần cẩu"
caesar,noun,[caesar],"a title used by Roman emperors, often used generically for a powerful autocratic ruler","danh hiệu của các hoàng đế La Mã, dùng để chỉ chung một nhà cai trị chuyên quyền"
calculus,noun,[calculus],a branch of mathematics dealing with rates of change and accumulation of quantities,giải tích (một nhánh của toán học nghiên cứu về sự biến thiên)
calf,noun,[calf],"a young cow, or the fleshy back part of the leg below the knee","con bê (bò con), hoặc bắp chân"
camber,noun,[camber],"a slight upward curve in the surface of a road, bridge, or wing","độ vồng/cong nhẹ của mặt đường, cầu hoặc cánh máy bay"
cambodia,noun,[cambodia],a country in Southeast Asia,"Campuchia, một quốc gia ở Đông Nam Á"
candy,noun,[candy],"sweet confectionery, especially a sweet made with sugar or chocolate","kẹo, đồ ngọt (làm từ đường hoặc socola)"
cannery,noun,[can]-nery,"a factory where food, especially fish or meat, is preserved in cans","nhà máy đóng hộp thực phẩm (đặc biệt là cá, thịt)"
canoeist,noun,[canoe]-ist,a person who travels or paddles in a canoe,người chèo xuồng/canoe
captivate,verb,[captive]-ate,to attract and hold the interest and attention of someone; to charm,"thu hút và giữ được sự quan tâm, chú ý của ai đó; làm say mê"
carbohydrate,noun,carbo-[hydrate],an organic compound such as sugar or starch that is a major source of energy in food,"carbohydrat, chất đường bột (nguồn năng lượng chính trong thức ăn)"
carcinogen,noun,[carcino]-gen,a substance capable of causing cancer in living tissue,chất gây ung thư
cardiologist,noun,[cardio]-logist,a doctor who specializes in diagnosing and treating diseases of the heart,bác sĩ chuyên khoa tim mạch
caretaker,noun,[care]-[taker],"a person employed to look after a building, property, or a person; also someone holding a role temporarily","người trông coi, chăm sóc (tòa nhà, tài sản, người khác); cũng chỉ người giữ vai trò tạm thời"
carpenter,noun,[carpenter],a person who makes and repairs wooden objects and structures,thợ mộc
cashier,noun,[cash]-ier,"a person who handles payments and receipts in a shop, bank, or other business",người thu ngân
catastrophically,adverb,[catastrophe]-ic-al-ly,in a way that results in sudden and widespread disaster or ruin,"một cách thảm khốc, gây ra thảm họa nghiêm trọng"
cauliflower,noun,cauli-[flower],a vegetable with a large white flower head surrounded by green leaves,súp lơ (bông cải trắng)
caveat,noun,[caveat],"a warning or proviso that limits or explains something, often attached to an agreement","lời cảnh báo, điều khoản lưu ý kèm theo (một thỏa thuận, tuyên bố)"
cellular,adjective,[cell]-ular,"relating to or consisting of living cells, or relating to cellular (mobile) phone networks","thuộc về tế bào (sinh học), hoặc thuộc về mạng điện thoại di động"
censor,noun,[censor],"an official who examines and suppresses material considered obscene, politically unacceptable, or a threat to security","người kiểm duyệt (nội dung sách, phim, thông tin)"
centralization,noun,[central]-ization,the process of concentrating control or authority in a single central location or authority,"sự tập trung hóa (quyền lực, kiểm soát về một đầu mối)"
checkup,noun,[check]-up,a general medical or dental examination to assess a person's health,cuộc kiểm tra sức khỏe định kỳ
chen,noun,[chen],a common Chinese and Vietnamese surname (Chen/Trần),"họ Trần/Chen, một họ phổ biến của người Hoa"
cherish,verb,[cherish],to protect and care for someone or something with love and tenderness; to hold dear,"trân trọng, nâng niu, yêu quý ai/điều gì đó"
chilly,adjective,[chill]-y,"unpleasantly cold, or (of a manner) unfriendly and lacking warmth","se lạnh, lành lạnh; hoặc (thái độ) lạnh nhạt, thiếu thân thiện"
chorus,noun,[chorus],"a group of singers performing together, or a part of a song repeated after each verse","hợp xướng, dàn đồng ca; hoặc điệp khúc của bài hát"
christmas,noun,[christ]-mas,"the annual Christian festival celebrating the birth of Jesus Christ, held on December 25","lễ Giáng sinh (Noel), ngày 25 tháng 12"
chronically,adverb,[chron]-ic-al-ly,"in a way that persists for a long time or recurs frequently, especially of an illness or problem","một cách mãn tính, kéo dài dai dẳng (thường nói về bệnh tật hoặc vấn đề)"
circa,preposition,[circa],used before a date or figure to indicate that it is approximate,"khoảng, vào khoảng (dùng trước một mốc thời gian hoặc con số ước lượng)"
circuitry,noun,[circuit]-ry,"the electric circuits that make up an electronic system, collectively",hệ thống mạch điện (trong một thiết bị điện tử)
clarify,verb,[clar]-ify,to make a statement or situation less confused and more clearly understandable,"làm rõ, giải thích cho rõ ràng"
claudius,noun,[claudius],"a Roman emperor's name, also a well-known character (the murderous king) in Shakespeare's Hamlet","tên hoàng đế La Mã Claudius, cũng là nhân vật vua trong vở kịch Hamlet của Shakespeare"
cleanse,verb,[clean]-se,"to make thoroughly clean, or to rid something of an unpleasant or unwanted element","làm sạch triệt để, thanh lọc"
cloak,noun,[cloak],a loose outer garment without sleeves that fastens at the neck and hangs down over the body,áo choàng không tay khoác ngoài
cloak,verb,[cloak],"to cover, conceal, or disguise something","che giấu, ngụy trang điều gì đó"
clone,noun,[clone],"an organism or cell produced from another and genetically identical to it, or an exact copy","bản sao vô tính (sinh vật), hoặc bản sao giống hệt"
coarse,adjective,[coarse],"rough or loose in texture, or (of a person or manner) crude and lacking refinement","thô, có kết cấu thô ráp; hoặc (cách cư xử) thô lỗ, thiếu tinh tế"
coax,verb,[coax],to persuade someone gently and persistently to do something,"dỗ dành, thuyết phục ai đó một cách nhẹ nhàng và kiên trì"
cobra,noun,[cobra],a highly venomous snake that can expand the skin of its neck into a hood,rắn hổ mang
cocktail,noun,[cock]-[tail],"an alcoholic drink made by mixing spirits with other ingredients, or a mixture of various things","cocktail, đồ uống pha chế từ rượu mạnh và các nguyên liệu khác; hoặc hỗn hợp nhiều thứ"
coerce,verb,[coerce],to persuade someone to do something using force or threats,"cưỡng ép, ép buộc ai đó (bằng vũ lực hoặc đe dọa)"
coercive,adjective,[coerce]-ive,using force or threats to make someone do something against their will,"mang tính cưỡng ép, dùng vũ lực hoặc đe dọa"
coffin,noun,[coffin],a box in which a dead person is buried or cremated,quan tài
collar,noun,[collar],"the part of a garment that fastens around the neck, or a band put around the neck of an animal",cổ áo; hoặc vòng cổ đeo cho động vật
colombia,noun,[colombia],a country in South America,"Colombia, một quốc gia ở Nam Mỹ"
colonial,adjective,[colony]-al,"relating to a colony or colonialism, the policy of acquiring control over other territories","thuộc về thuộc địa, liên quan đến chủ nghĩa thực dân"
colonist,noun,[colony]-ist,a person who settles among and establishes political control over indigenous people in a colony,"người thực dân, người đi khai khẩn/định cư ở thuộc địa"
colossal,adjective,[colossus]-al,extremely large; immense,"to lớn, khổng lồ"
columbia,noun,[columbia],"a poetic or historical name for the United States, also the name of a river, university, and city in the US","Columbia, tên gọi thi ca/lịch sử của nước Mỹ; cũng là tên một dòng sông, trường đại học và thành phố ở Mỹ"
com,noun,[com],an abbreviation used as the top-level internet domain suffix denoting a commercial organization (.com),viết tắt của đuôi tên miền internet dành cho tổ chức thương mại (.com)
commentator,noun,[comment]-ator,"a person who provides a spoken commentary on an event, especially in broadcasting","người bình luận (đặc biệt trên truyền hình, radio)"
comparative,adjective,[compare]-ative,measured or judged by estimating the similarity or difference between two things; relative,"có tính so sánh, tương đối (khi so với cái khác)"
competently,adverb,[compete]-ent-ly,in a way that shows the necessary skill or ability to do something successfully,"một cách có năng lực, thành thạo"
conceptually,adverb,[concept]-ual-ly,"in a way that relates to ideas or general notions, rather than concrete details","về mặt khái niệm, mang tính lý thuyết"
conclusive,adjective,[conclude]-ive,(of evidence or argument) decisive or convincing; putting an end to doubt,"có tính kết luận, thuyết phục, dứt khoát (không còn nghi ngờ)"
concurrently,adverb,[concur]-ently,happening or existing at the same time as something else,"đồng thời, cùng lúc"
conducive,adjective,[conduce]-ive,making a certain situation or outcome likely or possible,"có tác dụng thúc đẩy, tạo điều kiện thuận lợi cho (điều gì đó)"
confirmation,noun,[confirm]-ation,"the action of confirming something, or proof that a fact or belief is true",sự xác nhận; bằng chứng khẳng định điều gì đó là đúng
confront,verb,con-[front],"to face up to and deal with a problem directly, or to challenge someone openly","đối mặt, đương đầu với (vấn đề); hoặc đối chất trực tiếp với ai đó"
cong,noun,[cong],an informal clipped term (often capitalized) referring to a member of the Viet Cong during the Vietnam War,cách gọi tắt (thường viết hoa) chỉ một thành viên Việt Cộng trong Chiến tranh Việt Nam
conglomerate,noun,con-[glomerate],a large corporation formed by the merging of several separate and diverse companies,tập đoàn (công ty lớn hình thành từ việc sáp nhập nhiều công ty khác nhau)
conglomerate,adjective,con-[glomerate],(especially of rock) consisting of a mixture of different parts or elements clustered together,"(về đá) có kết cấu hỗn hợp, gồm nhiều mảnh vụn gắn kết lại"
conjugate,verb,con-[jugate],"to give the different forms of a verb according to tense, person, number, etc.","chia động từ (theo thì, ngôi, số...)"
consensual,adjective,[consensus]-al,involving the agreement of all parties concerned,"có sự đồng thuận, dựa trên sự nhất trí của các bên"
conservator,noun,[conserve]-ator,"a person responsible for preserving and repairing works of art, historical objects, or nature","người bảo tồn, phục chế (tác phẩm nghệ thuật, di tích, thiên nhiên)"
consolation,noun,con-[sol]-ation,comfort received by someone after a loss or disappointment,"sự an ủi (dành cho ai đó sau mất mát, thất vọng)"
consolidate,verb,con-[solid]-ate,to combine a number of things into a single more effective or coherent whole; to make stronger,"hợp nhất, củng cố (thành một khối vững chắc, hiệu quả hơn)"
conspire,verb,con-[spire],to make secret plans jointly with others to do something unlawful or harmful,"âm mưu, cấu kết (cùng người khác làm việc bất hợp pháp)"
constancy,noun,[constant]-cy,the quality of being faithful and unchanging; steadfastness,"sự kiên định, bền bỉ, không thay đổi"
constituent,noun,con-[stitute]-ent,"a member of a district or group of voters, or a part that helps to form a whole",cử tri (của một khu vực bầu cử); hoặc thành phần cấu tạo nên một chỉnh thể
constitution,noun,con-[stitute]-ion,"the fundamental principles and laws of a nation, state, or organization; also a person's physical health condition","hiến pháp (của một quốc gia, tổ chức); cũng chỉ thể trạng sức khỏe của một người"
consummate,verb,[consummate],to make a marriage or relationship complete by having sexual intercourse; to complete or achieve fully,"hoàn tất, thực hiện trọn vẹn (một cuộc hôn nhân, thỏa thuận); hoàn thành đầy đủ"
contaminant,noun,con-[taminate]-ant,a substance that makes something impure or poisonous by contact or mixture,"chất gây ô nhiễm, chất bẩn (làm bẩn/nhiễm độc một thứ khác)"
contingent,noun,con-[tingent],"a group of people, especially soldiers or representatives, forming part of a larger group","đoàn đại biểu, phân đội (một nhóm người là một phần của nhóm lớn hơn, ví dụ đoàn quân)"
contingent,adjective,con-[tingent],dependent on certain circumstances or conditions that have not yet been established,"tùy thuộc vào, có điều kiện (chưa chắc chắn xảy ra)"
continuation,noun,[continue]-ation,"the action or fact of continuing something, or a part that extends or follows on from something else",sự tiếp tục; phần nối tiếp của điều gì đó
contractual,adjective,[contract]-ual,relating to or arising from a formal contract or agreement,"thuộc về hợp đồng, mang tính hợp đồng"
conundrum,noun,[conundrum],a confusing and difficult problem or question,"câu đố hóc búa, vấn đề nan giải"
converge,verb,con-[verge],"(of lines, roads, or people) to come together from different directions and meet at a point","hội tụ, quy tụ về một điểm (từ nhiều hướng khác nhau)"
convergence,noun,con-[verge]-nce,"the process of converging, coming together toward a common point or result","sự hội tụ, sự quy tụ về một điểm chung"
conversational,adjective,[converse]-ation-al,"relating to or resembling informal, friendly talk between people","mang tính đàm thoại, trò chuyện thân mật"
conversely,adverb,con-[verse]-ly,introducing a statement or idea that reverses the one just made; on the other hand,"ngược lại, trái lại (dùng để đưa ra ý kiến trái ngược với điều vừa nói)"
convincingly,adverb,[convince]-ing-ly,in a way that persuades someone that something is true or real,một cách thuyết phục
corinth,noun,[corinth],an ancient and modern city in Greece,"Corinth, một thành phố cổ và hiện đại ở Hy Lạp"
correlate,verb,cor-[relate],"to have a mutual relationship or connection, in which one thing affects or depends on another","có mối tương quan, liên hệ qua lại với nhau"
corrode,verb,[corrode],"(of metal) to be gradually destroyed by chemical action, such as oxidation; to gradually weaken or damage","(kim loại) bị ăn mòn dần; hoặc làm suy yếu, phá hủy dần dần"
corruptible,adjective,cor-[rupt]-ible,capable of being persuaded to act dishonestly in return for money or personal gain,"có thể bị mua chuộc, dễ bị tha hóa"
cosmetically,adverb,[cosmetic]-al-ly,"in a way that relates to treatment intended to improve appearance, often only superficially","một cách mang tính thẩm mỹ, chỉ ở bề ngoài (không thực chất)"
county,noun,[county],a geographical and administrative division within a country or state,quận/hạt (đơn vị hành chính trong một tiểu bang hoặc quốc gia)
covet,verb,[covet],"to yearn to possess or have something, especially something belonging to another","thèm muốn, ham muốn (đặc biệt là thứ thuộc về người khác)"
coyote,noun,[coyote],a wolflike wild dog native to North America,"chó sói đồng cỏ (coyote), loài chó hoang bản địa Bắc Mỹ"
crackdown,noun,[crack]-[down],strict measures taken by authorities to restrict undesirable or illegal activity,"chiến dịch trấn áp, hành động siết chặt của nhà chức trách"
cradle,noun,[cradle],"a small bed for a baby, typically one that can be rocked; also the place where something originates",cái nôi (giường nhỏ cho em bé); cũng chỉ nơi khởi nguồn của điều gì đó
cram,verb,[cram],"to force a large amount of something into a limited space, or to study intensively in a short time before an exam","nhồi nhét (vào một không gian nhỏ); hoặc học dồn, học nhồi nhét trước kỳ thi"
creak,verb,[creak],"to make a harsh, high-pitched sound when moved or when pressure is applied",kêu cọt kẹt (âm thanh khi di chuyển hoặc chịu áp lực)
creatives,noun,[create]-ive-s,"people who work in creative fields such as advertising, design, or art (informal collective term)","những người làm công việc sáng tạo (quảng cáo, thiết kế, nghệ thuật)"
crevasse,noun,[crevasse],"a deep open crack, especially one in a glacier","khe nứt sâu, đặc biệt trên sông băng"
crook,noun,[crook],"a criminal or dishonest person, or a bent or curved part of something","kẻ lừa đảo, tội phạm; hoặc chỗ uốn cong của vật gì đó"
crowbar,noun,[crow]-[bar],"a metal bar with a flattened end, used as a lever for prying things apart","xà beng (thanh sắt dùng để bẩy, cạy vật)"
crunchy,adjective,[crunch]-y,"making a crisp sound when bitten, crushed, or trodden on","giòn (tạo tiếng kêu rôm rốp khi cắn, nghiền)"
cubic,adjective,[cube]-ic,"having the shape of a cube, or relating to measurement in three dimensions (volume)",có hình khối lập phương; hoặc thuộc về đơn vị đo thể tích
cubicle,noun,[cube]-icle,"a small partitioned-off area of a room, used for work or changing clothes",buồng nhỏ ngăn cách (nơi làm việc hoặc thay đồ)
culpability,noun,[culpable]-ity,the state of being responsible for a fault or wrong; guilt,"trách nhiệm phạm lỗi, tội lỗi"
cultivator,noun,[cultivate]-or,"a person who cultivates land, or a machine used for breaking up soil and destroying weeds",người canh tác đất; hoặc máy xới đất
cumberland,noun,[cumberland],a former county in northwest England,"Cumberland, một hạt cũ ở tây bắc nước Anh"
cunning,adjective,[cunning],having or showing skill in achieving one's ends through deceit or evasion,"xảo quyệt, ranh mãnh"
curdle,verb,[curd]-le,"(of a liquid, especially milk) to separate into solid and liquid parts, becoming lumpy and sour","(sữa) vón cục, đông lại thành váng"
curl,noun,[curl],"a coil or spiral shape, especially of hair","lọn tóc xoăn, hình xoắn ốc"
cyanide,noun,[cyan]-ide,a highly poisonous compound containing a carbon-nitrogen group,"xianua, hợp chất cực độc"
cyberspace,noun,cyber-[space],the notional environment in which communication over computer networks occurs,không gian mạng
dali,noun,[dali],"the surname of Salvador Dalí, a famous Spanish surrealist painter","Dalí, họ của Salvador Dalí, họa sĩ siêu thực nổi tiếng người Tây Ban Nha"
dampness,noun,[damp]-ness,the state of being slightly wet,"độ ẩm, sự ẩm ướt"
deaf,adjective,[deaf],"lacking the power of hearing, wholly or partly","điếc, mất khả năng nghe (toàn phần hoặc một phần)"
deafen,verb,[deaf]-en,"to make someone unable to hear, especially with a very loud noise","làm điếc tai, làm ai đó không nghe được (vì tiếng ồn lớn)"
deafness,noun,[deaf]-ness,the state or condition of being unable to hear,"tình trạng điếc, mất thính lực"
dealing,noun,[deal]-ing,"the way a person or organization conducts business, or trading activity in a particular thing","cách thức giao dịch, ứng xử trong kinh doanh; hoạt động mua bán"
deceitful,adjective,[deceit]-ful,guilty of or involving deceit; dishonest and misleading,"dối trá, lừa lọc"
decency,noun,[decent]-cy,behavior that conforms to accepted standards of morality or respectability,"sự đứng đắn, phẩm hạnh, chuẩn mực đạo đức"
deceptively,adverb,[deceptive]-ly,"in a way that gives an appearance or impression different from the true one, causing error or confusion","một cách gây hiểu lầm, đánh lừa cảm nhận"
decomposition,noun,de-[composition],the process by which organic matter is broken down into simpler forms,"sự phân hủy, sự phân rã (chất hữu cơ)"
deduce,verb,de-[duce],to reach a conclusion by reasoning from known facts or premises,"suy luận, suy ra (từ những sự kiện đã biết)"
deduct,verb,de-[duct],to subtract or take away an amount from a total,"khấu trừ, trừ đi (một khoản từ tổng số)"
defective,adjective,[defect]-ive,having a fault or flaw; imperfect or faulty,"bị lỗi, khiếm khuyết"
defense,noun,[defense],"the action of resisting attack, or a means of protecting against something","sự phòng thủ, sự bảo vệ chống lại điều gì đó"
defuse,verb,de-[fuse],"to remove the fuse from an explosive device to prevent it from exploding, or to reduce tension in a difficult situation","tháo ngòi nổ (của bom); hoặc làm dịu, xoa dịu tình huống căng thẳng"
delectable,adjective,[delectable],(especially of food) delicious; highly enjoyable,"ngon miệng, thơm ngon; rất thú vị"
delinquency,noun,[delinquent]-cy,"minor crime, especially that committed by young people; failure to fulfill an obligation","hành vi phạm pháp (nhỏ, thường ở thanh thiếu niên); sự sao lãng nghĩa vụ"
dem,pronoun,[dem],a nonstandard or dialectal form of 'them',"biến thể phi chuẩn/phương ngữ của từ 'them' (họ, chúng nó)"
democratic,adjective,demo-[crat]-ic,"relating to or supporting democracy, a system of government by the whole population through elected representatives","thuộc về dân chủ, mang tính dân chủ"
demolition,noun,[demolition],the action of pulling down or destroying a building or other structure,"sự phá dỡ, sự đập bỏ (công trình, tòa nhà)"
denigrate,verb,[denigrate],to criticize someone or something unfairly; to disparage,"hạ thấp, bôi nhọ, chê bai (ai/điều gì đó một cách bất công)"
denmark,noun,[denmark],a Scandinavian country in Northern Europe,"Đan Mạch, một quốc gia Bắc Âu"
dentist,noun,[dent]-ist,a person qualified to treat the diseases and conditions that affect the teeth and gums,nha sĩ
dependably,adverb,[depend]-ably,in a way that can be trusted or relied on,một cách đáng tin cậy
dependant,noun,[depend]-ant,"a person who relies on another, especially a family member, for financial support","người phụ thuộc (về tài chính, thường là thành viên gia đình)"
depiction,noun,[depict]-ion,a representation of someone or something in a picture or in words,"sự miêu tả, khắc họa (bằng hình ảnh hoặc lời văn)"
destitution,noun,[destitution],the state of being extremely poor and lacking the means to provide for oneself,"cảnh cùng khổ, bần cùng, thiếu thốn cực độ"
deterrence,noun,[deter]-rence,the action of discouraging an action or event through instilling fear of the consequences,sự răn đe (ngăn chặn hành động bằng cách gây sợ hãi về hậu quả)
devoutly,adverb,[devout]-ly,in a deeply religious or sincere manner,"một cách sùng đạo, hết lòng thành kính"
diameter,noun,dia-[meter],a straight line passing from side to side through the center of a circle or sphere,"đường kính (của hình tròn, hình cầu)"
diaper,noun,[diaper],a piece of absorbent material wrapped around a baby's bottom to absorb waste (American English),"tã lót (dùng cho trẻ sơ sinh, tiếng Anh Mỹ)"
dicky,adjective,[dicky],"(British informal) unsound, shaky, or unreliable, especially referring to health or a body part","(Anh, khẩu ngữ) không ổn định, yếu, dễ trục trặc (thường nói về sức khỏe, bộ phận cơ thể)"
dictatorial,adjective,[dictator]-ial,tending to tell people what to do in an autocratic or domineering manner; relating to a dictator,"độc đoán, chuyên quyền; thuộc về nhà độc tài"
differentiation,noun,[differentiate]-ion,the process of recognizing or expressing a difference; the action of making something distinct,"sự phân biệt, sự khác biệt hóa"
digit,noun,[digit],"any of the numerals from 0 to 9, or a finger or toe",chữ số (từ 0 đến 9); hoặc ngón tay/ngón chân
digitally,adverb,[digit]-al-ly,"in a digital manner, using computer technology that represents data as discrete numerical values","một cách kỹ thuật số, bằng công nghệ số"
diligence,noun,[diligent]-ce,careful and persistent effort or work,"sự siêng năng, cần cù, chăm chỉ"
dine,verb,[dine],"to eat dinner, especially in a formal setting",dùng bữa tối (thường mang tính trang trọng)
diplomatic,adjective,[diplomat]-ic,"relating to diplomacy, or (of a person) tactful in dealing with others","thuộc về ngoại giao; hoặc (một người) khéo léo, tế nhị trong ứng xử"
discernment,noun,[discern]-ment,the ability to judge well; keen perception and understanding,"khả năng phán đoán tinh tường, sự sáng suốt"
discord,noun,dis-[cord],disagreement or lack of harmony between people or things,"sự bất hòa, sự xung khắc"
disgust,noun,dis-[gust],a strong feeling of dislike or revulsion,"sự ghê tởm, sự chán ghét"
disgust,verb,dis-[gust],to cause a strong feeling of dislike or revulsion in someone,"làm cho ai đó ghê tởm, chán ghét"
disloyalty,noun,dis-[loyal]-ty,lack of loyalty or faithfulness,"sự không trung thành, sự phản bội"
disorient,verb,dis-[orient],to cause someone to lose their sense of direction or confidence,"làm mất phương hướng, gây bối rối"
disperse,verb,[disperse],to scatter or spread over a wide area; to break up and go in different directions,"phân tán, giải tán"
disrespectfully,adverb,dis-[respect]-ful-ly,in a manner showing a lack of respect,"một cách thiếu tôn trọng, hỗn láo"
dissatisfy,verb,dis-[satisfy],to fail to fulfill the expectations or wishes of someone,"làm cho không hài lòng, không thỏa mãn"
dissect,verb,dis-[sect],to cut apart (a body or plant) for detailed examination,"mổ xẻ, giải phẫu; phân tích chi tiết"
divination,noun,[divine]-ation,the practice of predicting the future by supernatural means,"thuật bói toán, sự tiên tri"
dizziness,noun,[dizzy]-ness,a sensation of spinning around and losing one's balance,"cảm giác chóng mặt, choáng váng"
domination,noun,[dominate]-ion,control or power over someone or something,"sự thống trị, sự chi phối"
donation,noun,[donate]-ion,"a gift, especially of money, given to a charity or cause","khoản quyên góp, sự đóng góp"
dope,noun,[dope],(informal) an illegal or performance-enhancing drug,"ma túy, chất kích thích (tiếng lóng)"
doris,noun,[doris],a female given name,tên riêng nữ giới (Doris)
drastic,adjective,[drastic],likely to have a strong or far-reaching effect; radical,"quyết liệt, mạnh mẽ, triệt để"
drone,noun,[drone],"an unmanned aircraft controlled remotely, or a male bee",máy bay không người lái; ong đực
droop,verb,[droop],"to bend or hang downward, especially through tiredness or weakness","rũ xuống, ủ rũ"
drugstore,noun,[drug]-[store],"(US) a pharmacy that also sells cosmetics, snacks, and other goods","hiệu thuốc (kiêm tạp hóa, kiểu Mỹ)"
dubious,adjective,[dubious],not to be relied upon; of uncertain quality,"đáng ngờ, khả nghi"
dumbbell,noun,[dumb]-[bell],"a short bar with a weight at each end, used for exercise",quả tạ đơn
dutchman,noun,[Dutch]-man,"(informal, dated) a man from the Netherlands",người đàn ông Hà Lan
dwarf,noun,[dwarf],"a person, animal, or plant much below the ordinary size","người/vật lùn, nhỏ bé"
dwindle,verb,[dwindle],"to diminish gradually in size, amount, or strength","giảm dần, teo tóp, thu nhỏ dần"
dyslexia,noun,dys-[lex]-ia,a disorder involving difficulty in learning to read or interpret words,chứng khó đọc
eagle,noun,[eagle],a large bird of prey with keen eyesight,đại bàng
earphone,noun,[ear]-[phone],a small device worn in or over the ear to listen to audio,tai nghe
easel,noun,[easel],a frame for supporting an artist's canvas or a board,"giá vẽ, giá đỡ tranh"
ecstatic,adjective,[ecstatic],feeling or expressing overwhelming happiness or joyful excitement,"vô cùng phấn khích, ngây ngất, sung sướng tột độ"
eerily,adverb,[eerie]-ly,in a strange and frightening manner,"một cách rùng rợn, kỳ quái"
effluent,noun,ef-[flu]-ent,liquid waste or sewage discharged into a river or the sea,"nước thải, chất thải lỏng"
eighteenth,adjective,[eighteen]-th,next after the seventeenth; the ordinal form of eighteen,(thứ) mười tám
eighty,noun,[eight]-y,the number 80,tám mươi
elapse,verb,e-[lapse],(of time) to pass or go by,(thời gian) trôi qua
electrification,noun,[electric]-ification,the process of supplying electric power to something,sự điện khí hóa
electron,noun,[electr]-on,a subatomic particle with a negative electric charge,điện tử (electron)
elegance,noun,[elegant]-ce,the quality of being graceful and stylish in appearance or manner,"sự thanh lịch, sự tao nhã"
eligible,adjective,[eligible],having the right qualifications or meeting the necessary conditions,"đủ điều kiện, hợp lệ, xứng đáng"
embark,verb,em-[bark],"to board a ship, aircraft, or other vehicle; to begin a new project",lên tàu/máy bay; bắt tay vào (việc gì)
embolden,verb,em-[bold]-en,to give someone the courage or confidence to do something,"khích lệ, làm cho táo bạo hơn"
emigrant,noun,e-[migr]-ant,a person who leaves their own country to settle permanently in another,người di cư (ra nước ngoài)
eminent,adjective,[eminent],"famous and respected, especially within a particular field","lỗi lạc, kiệt xuất, nổi tiếng"
entice,verb,[entice],to attract someone by offering pleasure or advantage,"dụ dỗ, lôi cuốn, quyến rũ"
entirety,noun,[entire]-ty,the whole of something; completeness,"toàn bộ, toàn thể"
entryway,noun,[entry]-[way],a passage or opening for entering a building,"lối vào, tiền sảnh"
equate,verb,[equ]-ate,to consider one thing to be the same as or equivalent to another,"coi là ngang bằng, đánh đồng"
equitable,adjective,[equity]-able,"fair and impartial, especially in the treatment of different people","công bằng, bình đẳng"
equivalence,noun,equi-[valent]-ce,"the state of being equal in value, amount, function, or meaning",sự tương đương
erasure,noun,[erase]-ure,the act of removing or rubbing out something written or recorded,sự xóa bỏ
esl,noun,[esl],"abbreviation for ""English as a Second Language""","viết tắt của ""tiếng Anh như ngôn ngữ thứ hai"""
euro,noun,[euro],the currency unit of the European Union,đồng euro
eve,noun,[eve],the day or period immediately before an event; evening,đêm/ngày trước (một sự kiện); buổi tối
eviction,noun,e-[vict]-ion,the action of officially expelling a tenant from a property,việc trục xuất (người thuê nhà)
exclusion,noun,ex-[clus]-ion,"the process of excluding, or the state of being excluded","sự loại trừ, sự loại bỏ"
excrete,verb,ex-[crete],to discharge waste matter from the body,bài tiết
exemplary,adjective,[exemplar]-y,serving as a desirable model; outstandingly good,"gương mẫu, mẫu mực"
exemplify,verb,[exempl]-ify,to be a typical example of something; to illustrate by example,"minh họa, làm ví dụ điển hình cho"
existent,adjective,[exist]-ent,having actual being; existing in reality,"tồn tại, hiện hữu"
existential,adjective,[exist]-ent-ial,"relating to human existence, especially its meaning and value","(thuộc) hiện sinh, liên quan đến sự tồn tại"
expiry,noun,[expire]-y,the end of the period for which something (e.g. a document) is valid,sự hết hạn
extravagance,noun,extra-[vagant]-ce,a lack of restraint in spending money or using resources,"sự xa hoa, sự phung phí"
extrinsic,adjective,[extrinsic],not part of the essential nature of something; coming from outside,"(thuộc) bên ngoài, ngoại lai, không cố hữu"
extroverted,adjective,extro-[vert]-ed,outgoing and socially confident,hướng ngoại
eyepiece,noun,[eye]-[piece],the lens of an optical instrument nearest to the eye,"thị kính (kính hiển vi, ống nhòm)"
fabrication,noun,[fabricate]-ion,"the action of inventing or manufacturing something, often falsely",sự bịa đặt; sự chế tạo
faint,adjective,[faint],barely perceptible; not clear or loud,"mờ nhạt, yếu ớt, khó nhận ra"
faint,verb,[faint],to briefly lose consciousness,"ngất xỉu, xỉu"
faintly,adverb,[faint]-ly,in a way that is barely perceptible,"một cách mờ nhạt, yếu ớt"
fantastic,adjective,[fantastic],"extraordinarily good or attractive; also, strange or fanciful","tuyệt vời, tuyệt diệu; kỳ lạ, hoang đường"
faraway,adjective,[far]-[away],distant in space or time,"xa xôi, xa xăm"
farmhouse,noun,[farm]-[house],the main house on a farm,nhà nông trại
fascism,noun,[fasc]-ism,a system of extreme authoritarian nationalist government,chủ nghĩa phát xít
felipe,noun,[felipe],a male given name (Spanish form of Philip),tên riêng nam giới (Felipe)
felony,noun,[felon]-y,"a serious crime, typically involving violence","trọng tội, tội đại hình"
fester,verb,[fester],(of a wound) to become septic; (of a feeling) to worsen over time,"mưng mủ; (cảm xúc) âm ỉ, ngày càng tệ hơn"
fetch,verb,[fetch],to go for and bring back something or someone,"đi lấy, mang về"
fetus,noun,[fetus],an unborn human or animal offspring in the later stages of development,"bào thai, thai nhi"
fiduciary,adjective,[fiduciary],"relating to trust, especially involving financial matters held on behalf of another","(thuộc) sự ủy thác, tín thác"
firefighter,noun,[fire]-[fight]-er,a person whose job is to extinguish fires,lính cứu hỏa
fishy,adjective,[fish]-y,smelling or tasting of fish; seeming dishonest or suspicious,có mùi tanh; đáng ngờ
fjord,noun,[fjord],"a long, narrow inlet of the sea between high cliffs",vịnh hẹp (fjord)
flint,noun,[flint],a hard gray rock that produces sparks when struck against steel,đá lửa
flop,verb,[flop],to fall or drop heavily and clumsily; to fail completely,ngã huỵch xuống; thất bại thảm hại
foam,noun,[foam],a mass of small bubbles formed on liquid,bọt
following,adjective,[follow]-ing,coming next in time or order,"tiếp theo, sau đây"
foodstuff,noun,[food]-[stuff],a substance used as food,"lương thực, thực phẩm"
foothold,noun,[foot]-[hold],a secure grip for one's foot when climbing; a strong initial position,chỗ đứng vững chân; chỗ đứng ban đầu vững chắc
footing,noun,[foot]-ing,a secure grip with one's feet; a basis or status,"chỗ đứng vững chắc; nền tảng, vị thế"
forfeit,verb,[forfeit],to lose or give up something as a penalty for wrongdoing,"mất quyền, bị tịch thu (do vi phạm)"
fortissimo,adverb,[fortissimo],(music) very loudly,"(âm nhạc) rất to, mạnh mẽ"
fortnight,noun,[fortnight],a period of two weeks,"hai tuần, mười bốn ngày"
foundry,noun,[found]-ry,a workshop or factory for casting metal,xưởng đúc kim loại
frankly,adverb,[frank]-ly,in an honest and direct manner,"một cách thẳng thắn, thành thật"
frantic,adjective,[frantic],"wild or distraught with fear, anxiety, or other emotion","hoảng loạn, cuống cuồng"
fraudulent,adjective,[fraud]-ulent,"obtained, done by, or involving deception or dishonesty","gian lận, lừa đảo"
fraught,adjective,[fraught],"filled with or likely to result in something undesirable, such as danger or distress","đầy nguy hiểm/lo âu, căng thẳng"
freelance,adjective,[free]-[lance],self-employed and not committed to a single employer long-term,làm việc tự do (freelance)
frightful,adjective,[fright]-ful,causing fright; (informal) very bad or unpleasant,"đáng sợ, kinh khủng"
functionality,noun,[function]-al-ity,the range of operations that can be performed by a system; practicality,"tính năng, chức năng"
funnel,noun,[funnel],"a tube or pipe wide at the top and narrow at the bottom, for guiding liquid or powder into a container",cái phễu
furiously,adverb,[furious]-ly,in an extremely angry or violent manner,"một cách giận dữ, điên cuồng"
furnish,verb,[furnish],to provide (a room or house) with furniture; to supply something needed,"trang bị đồ đạc (cho phòng, nhà); cung cấp"
furry,adjective,[fur]-ry,covered with fur,"có lông, phủ lông thú"
furthest,adverb,[furthest],at or to the greatest distance,xa nhất
gal,noun,[gal],(informal) a girl or young woman,cô gái (thân mật)
galaxy,noun,[galaxy],"a system of millions of stars, gas, and dust held together by gravity",thiên hà
garlic,noun,[garlic],a bulbous plant used as a strong-tasting seasoning,tỏi
garment,noun,[garment],an item of clothing,"trang phục, y phục"
garnish,verb,[garnish],to decorate a dish of food with a small extra item,trang trí (món ăn)
gaseous,adjective,[gas]-eous,existing in the form of gas,"ở dạng khí, thuộc thể khí"
gasoline,noun,[gas]-oline,(US) petrol; fuel for engines refined from petroleum,xăng
geneticist,noun,[gene]-tic-ist,a scientist who studies genetics,nhà di truyền học
genome,noun,[gene]-ome,the complete set of genes present in a cell or organism,"bộ gen, hệ gen"
geographically,adverb,geo-[graph]-ic-al-ly,with respect to geography; in terms of location,về mặt địa lý
geologist,noun,geo-[log]-ist,a scientist who studies the physical structure and history of the earth,nhà địa chất học
gershwin,noun,[gershwin],"surname of George Gershwin, an American composer",họ của nhà soạn nhạc người Mỹ George Gershwin
getaway,noun,[get]-[away],"an escape, especially after committing a crime; a short vacation",cuộc tẩu thoát; kỳ nghỉ ngắn
gherkin,noun,[gherkin],a small cucumber used for pickling,dưa chuột bao tử (để ngâm giấm)
glacier,noun,[glacier],a slowly moving mass of ice formed by accumulated snow,sông băng
glaze,noun,[glaze],"a smooth, glossy coating applied to a surface, such as pottery","lớp men bóng, lớp tráng men"
gloss,noun,[gloss],a shine or luster on a smooth surface,"độ bóng, ánh bóng"
glossy,adjective,[gloss]-y,smooth and shiny,"bóng, láng mượt"
glove,noun,[glove],a covering for the hand with separate parts for each finger,găng tay
glue,noun,[glue],a sticky substance used for joining things together,keo dán
grammatical,adjective,[grammar]-ical,"relating to grammar, or conforming to its rules",(thuộc/đúng) ngữ pháp
granary,noun,[grain]-ary,a storehouse for threshed grain,"kho thóc, vựa lúa"
granddaughter,noun,[grand]-[daughter],a daughter of one's son or daughter,cháu gái (nội hoặc ngoại)
grape,noun,[grape],"a small, round fruit that grows in clusters on a vine",quả nho
grapple,verb,[grapple],to engage in a close fight without weapons; to struggle to deal with a problem,"vật lộn, đấu vật; vật lộn để giải quyết (vấn đề)"
grassland,noun,[grass]-[land],a large open area of land covered with grass,đồng cỏ
grassy,adjective,[grass]-y,covered with grass,"có nhiều cỏ, phủ cỏ"
gratification,noun,[gratify]-ication,"pleasure, especially when gained from the satisfaction of a desire","sự thỏa mãn, khoái cảm"
grime,noun,[grime],dirt that is ingrained on a surface or engrained in skin,"bụi bẩn bám chặt, ghét bẩn"
grit,noun,[grit],small loose particles of stone or sand; courage and resolve,"sạn, cát nhỏ; nghị lực, sự kiên cường"
guatemala,noun,[guatemala],a country in Central America,Guatemala (một quốc gia ở Trung Mỹ)
gush,verb,[gush],to flow out suddenly and in large quantities; to talk with excessive enthusiasm,"trào ra, phun ra ồ ạt; nói thao thao đầy nhiệt tình"
gutted,adjective,[gut]-ed,(informal) extremely upset or disappointed,"rất thất vọng, đau khổ (thân mật)"
gymnastic,adjective,[gymnast]-ic,relating to gymnastics or physical exercises requiring agility and coordination,(thuộc) thể dục dụng cụ
habitation,noun,[habit]-ation,the state of living in a place; a dwelling place,sự cư trú; nơi ở
habitually,adverb,[habitual]-ly,"in a way that is usual or customary; repeatedly, as a habit","theo thói quen, thường xuyên"
habituation,noun,[habituate]-ion,the process of becoming accustomed to something through repeated exposure,"sự quen thuộc hóa, sự thích nghi (do lặp lại)"
haircut,noun,[hair]-[cut],an act or style of cutting a person's hair,"kiểu tóc, việc cắt tóc"
hamlet,noun,[ham]-let,"a small settlement, generally smaller than a village","thôn nhỏ, xóm nhỏ"
hamper,verb,[hamper],to hinder or hold back the progress or activity of someone or something,"cản trở, gây khó khăn cho"
hamper,noun,[hamper],"a large basket with a lid, used for carrying food or laundry","giỏ đựng đồ có nắp (thức ăn, quần áo)"
handbag,noun,[hand]-[bag],"a bag used to carry personal items, held by hand or with a strap",túi xách tay
handheld,adjective,[hand]-[held],designed to be held in the hand while being used,cầm tay (thiết bị)
handlebar,noun,[handle]-[bar],"the steering bar of a bicycle or motorcycle, held by the rider's hands","tay lái, ghi đông (xe đạp/xe máy)"
handrail,noun,[hand]-[rail],a narrow rail that can be grasped for support,tay vịn
hardiness,noun,[hardy]-ness,the quality of being able to endure difficult conditions,"sự cứng cáp, khả năng chịu đựng"
hardwood,noun,[hard]-[wood],timber from broadleaved deciduous trees,gỗ cứng
harmlessly,adverb,[harm]-less-ly,in a way that causes no harm,một cách vô hại
harmlessness,noun,[harm]-less-ness,the quality of being harmless,tính vô hại
hassle,noun,[hassle],"a situation that causes trouble, annoyance, or extra effort","sự phiền phức, rắc rối, việc gây khó khăn"
hassle,verb,[hassle],"to repeatedly bother, pressure, or harass someone","làm phiền, quấy rầy, gây áp lực liên tục lên ai đó"
hasty,adjective,[haste]-y,done or acting with excessive speed and too little thought or care,"vội vàng, hấp tấp, thiếu suy nghĩ kỹ"
hawk,noun,[hawk],a fast-flying bird of prey with a hooked beak and sharp talons,"chim ưng, loài chim săn mồi bay nhanh có mỏ quặp và móng vuốt sắc"
hazy,adjective,[haze]-y,not clear because of a mist or haze; vague or blurred,"mờ sương, mờ ảo, không rõ ràng"
headland,noun,[headland],a narrow area of land that projects from a coastline into the sea,mũi đất nhô ra biển
heap,noun,[heap],an untidy collection of things piled on top of each other,đống (đồ vật chất chồng lộn xộn)
heinrich,noun,[heinrich],a German male given name,tên riêng nam giới trong tiếng Đức
hello,interjection,[hello],used as a greeting or to begin a phone conversation,xin chào (dùng để chào hỏi)
hemp,noun,[hemp],"a tall plant whose fibers are used to make rope, fabric, and paper","cây gai dầu (dùng làm sợi, vải, giấy)"
henceforth,adverb,[henceforth],from this time on; from now on,từ nay trở đi
heroically,adverb,[hero]-ic-ally,"in a very brave, courageous, or heroic manner","một cách anh hùng, dũng cảm"
hey,interjection,[hey],"used to attract attention or express surprise, interest, or annoyance",này! (dùng để gây chú ý hoặc thể hiện ngạc nhiên)
hiker,noun,[hike]-er,"a person who walks for a long distance, especially across country or in the hills, for pleasure","người đi bộ đường dài, người đi bộ leo núi"
hillary,noun,[hillary],an English female given name; also a surname,tên riêng nữ giới (tiếng Anh); cũng là họ
hind,adjective,[hind],"situated at the back, especially of an animal's body",ở phía sau (thường chỉ bộ phận cơ thể động vật)
hiss,verb,[hiss],"to make a sharp sound like a prolonged 's', especially as an expression of disapproval","phát ra tiếng rít (như tiếng rắn), xì xì"
hoarse,adjective,[hoarse],"having a rough, harsh voice, especially due to a sore throat",khàn giọng
hoarseness,noun,[hoarse]-ness,"the quality of having a rough, harsh voice",tình trạng khàn giọng
hoe,noun,[hoe],"a long-handled gardening tool with a flat blade, used to remove weeds or turn soil",cái cuốc (dụng cụ làm vườn)
hoist,verb,[hoist],"to raise something heavy, especially by means of ropes or pulleys","nâng, kéo lên (vật nặng, thường bằng dây hoặc ròng rọc)"
homemade,adjective,[homemade],made at home rather than bought from a shop,tự làm tại nhà (không mua ở cửa hàng)
homeopathy,noun,homeo-[path]-y,a system of alternative medicine treating disease with highly diluted substances that would cause similar symptoms in a healthy person,phương pháp vi lượng đồng căn (y học thay thế)
homogenize,verb,homo-[gen]-ize,to make something uniform or similar throughout,"đồng nhất hóa, làm cho đồng đều"
honey,noun,[honey],"a sweet, sticky substance made by bees from flower nectar",mật ong
hoodie,noun,[hood]-ie,a sweatshirt or jacket with a hood,áo nỉ có mũ trùm đầu
horrible,adjective,[horr]-ible,"causing horror or intense fear, disgust, or dismay","kinh khủng, khủng khiếp, gây sợ hãi hoặc ghê tởm"
humid,adjective,[humid],marked by a high level of moisture in the air,ẩm ướt (không khí)
humiliation,noun,[humili]-ation,the feeling caused by being made to feel ashamed or foolish; loss of dignity,"sự sỉ nhục, làm mất thể diện"
humility,noun,[humil]-ity,the quality of having a modest or low view of one's own importance,đức tính khiêm tốn
hurl,verb,[hurl],to throw something with great force,"ném mạnh, quăng mạnh"
hydraulic,adjective,[hydraulic],operated by the movement and force of liquid,"thuộc thủy lực, vận hành bằng áp lực chất lỏng"
hypothesize,verb,hypo-[thesis]-ize,"to suggest an explanation for something based on limited evidence, as a starting point for further investigation",đưa ra giả thuyết
hypothetical,adjective,hypo-[thet]-ical,based on a suggested idea or explanation that has not yet been proven true,"mang tính giả định, chưa được chứng minh"
hyundai,noun,[hyundai],a South Korean multinational automobile manufacturer,hãng ô tô đa quốc gia của Hàn Quốc
ideological,adjective,ideo-[log]-ical,"relating to a system of ideas and ideals, especially concerning economic or political theory",thuộc về hệ tư tưởng
ideology,noun,ideo-[log]-y,a system of ideas and ideals forming the basis of an economic or political theory,hệ tư tưởng
illicit,adjective,il-[licit],"forbidden by law, rules, or custom","bất hợp pháp, trái phép"
illiteracy,noun,il-[liter]-acy,the inability to read or write,tình trạng mù chữ
imaginatively,adverb,[imagine]-ative-ly,in a way that shows creativity or the ability to form new ideas or images,"một cách sáng tạo, giàu trí tưởng tượng"
imitator,noun,[imitate]-or,a person who copies the behavior or actions of another,người bắt chước
immaculate,adjective,im-[macul]-ate,"perfectly clean, neat, or free from flaws","hoàn hảo, sạch sẽ tuyệt đối, không tì vết"
immortal,adjective,im-[mortal],living forever; never dying or decaying,"bất tử, sống mãi không chết"
impartiality,noun,im-[partial]-ity,the quality of treating all rivals or disputants equally; fairness,"tính công bằng, không thiên vị"
impediment,noun,im-[pede]-ment,a hindrance or obstruction in doing something,"trở ngại, vật cản"
impend,verb,im-[pend],"to be about to happen, typically in a threatening way",sắp xảy ra (thường mang tính đe dọa)
imperfectly,adverb,im-[perfect]-ly,in a way that is not complete or without flaws,"một cách không hoàn hảo, có khiếm khuyết"
implementation,noun,[implement]-ation,the process of putting a decision or plan into effect,"sự thực hiện, triển khai (kế hoạch, chính sách)"
impossibility,noun,im-[possible]-ity,"the fact of something not being able to occur, exist, or be done","sự không thể xảy ra, điều không thể"
impressively,adverb,[impress]-ive-ly,"in a way that evokes admiration through skill, quality, or size","một cách ấn tượng, gây khâm phục"
improvisation,noun,[improvise]-ation,"the act of creating or performing something spontaneously, without preparation","sự ứng biến, ứng tác (không chuẩn bị trước)"
inadequacy,noun,in-[adequate]-acy,the state of not being enough or good enough for a purpose,"sự thiếu hụt, không đủ (về chất lượng hay số lượng)"
inadequately,adverb,in-[adequate]-ly,in a way that is not enough or good enough for a purpose,"một cách không đầy đủ, không thỏa đáng"
inattention,noun,in-[attention],failure to pay attention; lack of care,"sự thiếu chú ý, lơ đễnh"
inaugurate,verb,in-[augur]-ate,"to begin or introduce a system, policy, or period formally","khai mạc, khánh thành chính thức"
inboxes,noun,in-[box]-es,the folders where incoming email or messages are received and stored,hộp thư đến (nơi nhận thư điện tử)
inbreeding,noun,in-[breed]-ing,"the breeding of closely related individuals, which can lead to genetic defects",giao phối cận huyết
incinerator,noun,in-[ciner]-ator,a furnace or apparatus for burning waste material to ash,lò đốt rác/chất thải
incubation,noun,in-[cub]-ation,"the process of keeping eggs warm until they hatch, or of a disease developing before symptoms appear",sự ấp trứng; thời kỳ ủ bệnh
indifferently,adverb,in-[different]-ly,"in a way that shows no particular interest, sympathy, or concern","một cách thờ ơ, dửng dưng"
individualist,noun,in-[divid]-ual-ist,a person who is markedly independent in thought or action,người theo chủ nghĩa cá nhân
indivisible,adjective,in-[divis]-ible,unable to be divided or separated,không thể chia tách được
indonesian,adjective,[indonesia]-an,"relating to Indonesia, its people, or its language; a native or inhabitant of Indonesia",thuộc về Indonesia; người/tiếng Indonesia
inelastic,adjective,in-[elastic],not able to stretch easily; not flexible,"không co giãn, kém đàn hồi"
inextricable,adjective,in-ex-[tric]-able,impossible to disentangle or separate,"không thể gỡ rối, không thể tách rời"
inferno,noun,[inferno],a large fire that is dangerously out of control,"biển lửa, đám cháy dữ dội mất kiểm soát"
infest,verb,[infest],"(of insects or animals) to be present in large numbers, typically causing damage or disease","xâm nhập, phá hoại (thường chỉ sâu bọ, côn trùng lan tràn)"
infiltration,noun,in-[filtr]-ation,the act of secretly entering an organization or place in order to gain information or influence,"sự xâm nhập lén lút (vào một tổ chức, nơi chốn)"
infinitely,adverb,in-[finite]-ly,to an extremely great extent or degree; without limit,"vô hạn, vô cùng"
infinitive,noun,in-[finite]-ive,"the basic form of a verb, without an inflection binding it to a particular subject or tense (e.g. 'to go')","động từ nguyên mẫu (dạng gốc của động từ, ví dụ 'to go')"
inflammatory,adjective,in-[flame]-matory,arousing or intended to arouse angry or violent feelings; also causing inflammation,"kích động, gây phẫn nộ; hoặc gây viêm (y học)"
inflection,noun,in-[flect]-ion,"a change in the form of a word to express tense, mood, gender, etc., or a change in tone of voice",sự biến đổi hình thái từ (ngữ pháp) hoặc sự lên xuống giọng nói
infliction,noun,in-[flict]-ion,the action of imposing something unpleasant on someone,"sự gây ra (điều gì đó khó chịu, đau đớn) cho ai đó"
infusion,noun,in-[fuse]-ion,"the introduction of a new element or quality into something, or the process of steeping something to extract its flavor","sự truyền vào, đưa thêm vào (yếu tố mới); hoặc dịch chiết (hãm trà, thuốc)"
ingot,noun,[ingot],"a block of metal, typically shaped for storage or transportation",thỏi kim loại (đúc để lưu trữ hoặc vận chuyển)
inseparably,adverb,in-[separate]-ably,in a way that cannot be separated or is closely linked,"một cách không thể tách rời, gắn bó chặt chẽ"
insignificant,adjective,in-[significant],too small or unimportant to be worth consideration,"không đáng kể, không quan trọng"
installation,noun,in-[stall]-ation,the act of installing equipment or software for use; also a large-scale artwork,"sự lắp đặt (thiết bị, phần mềm); hoặc tác phẩm sắp đặt (nghệ thuật)"
insularity,noun,[insular]-ity,"the state of having limited or narrow-minded views, resulting from lack of contact with other people","tính hẹp hòi, thiển cận do thiếu tiếp xúc với bên ngoài"
insurmountable,adjective,in-sur-[mount]-able,"too great to be overcome, as of a problem or difficulty",không thể vượt qua (khó khăn quá lớn)
intellectually,adverb,[intellect]-ual-ly,in a way relating to the intellect or reasoning power,về mặt trí tuệ
intentional,adjective,[intent]-ion-al,done on purpose; deliberate,"cố ý, có chủ đích"
intermediary,noun,inter-[medi]-ary,a person or organization that acts as a mediator between two parties,người/tổ chức trung gian
intersection,noun,inter-[sect]-ion,a point where two or more roads or lines cross,"giao lộ, điểm giao nhau (của đường, đường thẳng)"
intestinal,adjective,[intestine]-al,"relating to the intestine, part of the digestive tract",thuộc về ruột
introductory,adjective,intro-[duct]-ory,serving to introduce something; preliminary,"mang tính giới thiệu, mở đầu"
intrusion,noun,in-[trude]-sion,the act of entering a place or situation without invitation or welcome,"sự xâm nhập, quấy rầy không được mời"
invariably,adverb,in-[vary]-ably,in every case; always,"luôn luôn, không thay đổi trong mọi trường hợp"
invisibility,noun,in-[visible]-ity,the state or quality of not being able to be seen,"tính vô hình, trạng thái không thể nhìn thấy"
invitingly,adverb,[invite]-ing-ly,"in a way that is pleasant, attractive, or tempting","một cách hấp dẫn, mời gọi"
iran,noun,[iran],"a country in Western Asia, officially the Islamic Republic of Iran","Iran, một quốc gia ở Tây Á"
irrefutable,adjective,ir-[refute]-able,impossible to deny or disprove,"không thể chối cãi, không thể bác bỏ"
irresistible,adjective,ir-[resist]-ible,too attractive or strong to be resisted,"không thể cưỡng lại, quá hấp dẫn"
irreversibly,adverb,ir-re-[verse]-ibly,in a way that cannot be changed back to a previous state,một cách không thể đảo ngược
irritability,noun,[irritate]-ability,the tendency to become annoyed or angry easily,"tính dễ cáu kỉnh, dễ nổi giận"
irritation,noun,[irritate]-ion,"the feeling of being annoyed, or a condition causing physical discomfort such as itching","sự khó chịu, bực bội; hoặc kích ứng (da, mắt...)"
jag,noun,[jag],"a sharp, uneven point projecting from a surface",cạnh nhọn lởm chởm nhô ra
jawbone,noun,[jawbone],the bone forming the lower jaw,xương hàm
jealousy,noun,[jealous]-y,"feelings of resentment or envy toward someone's rivalry, success, or advantages","sự ghen tị, ghen tuông"
jonathan,noun,[jonathan],an English male given name,tên riêng nam giới (tiếng Anh)
jostle,verb,[jostle],"to push or bump against someone roughly, especially in a crowd","chen lấn, xô đẩy (trong đám đông)"
journalistic,adjective,[journal]-ist-ic,relating to the profession or practice of journalism,"thuộc về báo chí, mang tính báo chí"
judicious,adjective,[judic]-ious,having or showing good judgment; sensible and careful,"sáng suốt, thận trọng và khôn ngoan"
judiciously,adverb,[judic]-ious-ly,in a sensible and careful manner,"một cách sáng suốt, thận trọng"
keyboard,noun,[keyboard],"a set of keys used to operate a computer, typewriter, or musical instrument",bàn phím
kickoff,noun,[kickoff],"the start of a football match, or more generally the beginning of an event",cú đá giao bóng (bóng đá); hoặc sự khởi đầu của một sự kiện
kilogram,noun,kilo-[gram],a metric unit of mass equal to one thousand grams,"kilôgam (đơn vị khối lượng, 1000 gram)"
kilometer,noun,kilo-[meter],a metric unit of length equal to one thousand meters,"kilômét (đơn vị chiều dài, 1000 mét)"
kinship,noun,[kin]-ship,"the state of being related to someone by blood or marriage, or a strong feeling of affinity","quan hệ huyết thống, họ hàng; sự gắn kết"
kneel,verb,[kneel],to go down or rest on one or both knees,quỳ xuống
knit,verb,[knit],to make fabric or garments by interlocking loops of yarn using needles,"đan (len, áo)"
knuckle,noun,[knuckle],"a joint of the finger, especially where it meets the hand",khớp ngón tay
kong,noun,[kong],"part of the place name 'Hong Kong', a city and special administrative region of China",một phần trong tên địa danh 'Hong Kong'
korea,noun,[korea],"a region and former country in East Asia, now divided into North and South Korea","Triều Tiên/Hàn Quốc, một khu vực/quốc gia ở Đông Á"
kramer,noun,[kramer],"a surname of German/Dutch origin, meaning 'shopkeeper'","họ có nguồn gốc Đức/Hà Lan, nghĩa là 'chủ cửa hàng'"
laboriously,adverb,[labor]-ious-ly,in a way that requires great effort or hard work,"một cách vất vả, tốn nhiều công sức"
lade,verb,[lade],to load cargo onto a ship (archaic or literary),chất hàng lên tàu (từ cổ/văn học)
lagos,noun,[lagos],"the largest city in Nigeria, a former capital","Lagos, thành phố lớn nhất Nigeria, cựu thủ đô"
lam,noun,[lam],"an escape from prison or from the police, as in the phrase 'on the lam'",sự trốn chạy khỏi cảnh sát/nhà tù (trong cụm 'on the lam')
landfall,noun,[landfall],an act of reaching land after a journey by sea or air,"sự cập bờ, đến đất liền sau hành trình trên biển/không"
landing,noun,[land]-ing,a level area at the top of a staircase or between flights of stairs; also the act of arriving on land or ground,chiếu nghỉ cầu thang; hoặc sự hạ cánh/cập bến
landowner,noun,[landowner],a person who owns land,chủ đất
lapse,noun,[lapse],"a temporary failure of attention, memory, or judgment; also the passing of a period of time",sự sai sót/lơ đãng nhất thời; hoặc khoảng thời gian trôi qua
lava,noun,[lava],hot molten rock flowing from a volcano or fissure,dung nham núi lửa
lawbreaker,noun,[lawbreaker],a person who breaks the law,kẻ vi phạm pháp luật
layman,noun,[layman],a person without professional or specialized knowledge in a particular subject,"người ngoại đạo, người không chuyên về một lĩnh vực"
layoff,noun,[layoff],a temporary or permanent discharge of workers from employment,sự sa thải (tạm thời hoặc vĩnh viễn) người lao động
leach,verb,[leach],to remove soluble substances from a material by allowing liquid to pass through it,"rửa trôi, lọc rỉ (chất hòa tan ra khỏi vật liệu)"
lease,noun,[lease],"a contract by which one party conveys property to another for a specified time, usually in exchange for payment",hợp đồng cho thuê
legible,adjective,[leg]-ible,clear enough to be read easily,"rõ ràng, dễ đọc"
legislate,verb,legis-[lat]-e,to make or enact laws,"làm luật, ban hành luật"
legislative,adjective,legis-[lat]-ive,relating to the process of making laws,"thuộc lập pháp, liên quan đến việc làm luật"
lena,noun,[lena],a female given name; also a major river in Russia,tên riêng nữ giới; cũng là tên sông Lena ở Nga
lethargic,adjective,[letharg]-ic,affected by lethargy; sluggish and lacking energy or enthusiasm,"uể oải, lờ đờ, thiếu sức sống"
liberate,verb,[liber]-ate,"to set someone or something free, especially from imprisonment or oppression","giải phóng, giải thoát"
likelier,adjective,[likely]-er,more likely; more probable,"có khả năng hơn, dễ xảy ra hơn"
likelihood,noun,[likely]-hood,the state of being probable; probability,khả năng xảy ra
lima,noun,[lima],the capital city of Peru; also a small flat bean,"Lima, thủ đô Peru; hoặc đậu lima"
liquidate,verb,[liquid]-ate,"to convert assets into cash, especially to pay off debts",thanh lý (tài sản thành tiền mặt)
lisbon,noun,[lisbon],the capital and largest city of Portugal,"Lisbon, thủ đô Bồ Đào Nha"
loaf,noun,[loaf],a shaped mass of bread baked in one piece,ổ bánh mì
loaf,verb,[loaf],"to spend time idly or lazily, avoiding work","la cà, chơi bời lười biếng, trốn việc"
locksmith,noun,[locksmith],a person who makes and repairs locks,thợ khóa
logo,noun,[logo],a symbol or design used by a company or organization to identify its products,"biểu tượng, logo (của công ty/tổ chức)"
longevity,noun,[longev]-ity,"long life, or the length of a person's or thing's life","tuổi thọ, sự trường thọ"
lounge,noun,[lounge],a room in a house or public building where people can sit and relax,phòng khách/phòng chờ để thư giãn
lounge,verb,[lounge],"to sit, stand, or lie in a relaxed, lazy way","ngồi/nằm thư giãn một cách thoải mái, lười biếng"
lovingly,adverb,[love]-ing-ly,in a manner that shows love or great care,"một cách trìu mến, đầy yêu thương"
lucas,noun,[lucas],an English male given name; also a surname,tên riêng nam giới (tiếng Anh); cũng là họ
luggage,noun,[lug]-age,bags and suitcases used for carrying personal belongings while traveling,hành lý
lullaby,noun,[lullaby],a soothing song sung to help a child fall asleep,bài hát ru
mafia,noun,[mafia],"an organized international criminal network, or a group with excessive or hidden influence","mafia, tổ chức tội phạm có tổ chức"
magnetism,noun,[magnet]-ism,"the physical phenomenon produced by the motion of electric charge, resulting in attractive or repulsive forces; also great personal charm","từ tính (vật lý); hoặc sức hút cá nhân, sự lôi cuốn"
magnitude,noun,[magnitude],"the great size, extent, or importance of something","độ lớn, cường độ, tầm quan trọng của cái gì đó"
mannered,adjective,[manner]-ed,affected or artificial in a specified (often exaggerated) way of behaving,"có cung cách/kiểu cách (thường là giả tạo, gò bó)"
mao,noun,[mao],"a monetary unit of China, equal to one tenth of a yuan (also called jiao)","đơn vị tiền tệ Trung Quốc, bằng một phần mười đồng nhân dân tệ (còn gọi là giác)"
marie,noun,[marie],"a common feminine given name, the French form of Mary","tên riêng nữ giới, dạng tiếng Pháp của tên Mary"
marijuana,noun,[marijuana],"the dried leaves and flowers of the cannabis plant, used as a psychoactive drug",cần sa
markedly,adverb,[mark]-ed-ly,noticeably or clearly; to a significant degree,"một cách rõ rệt, đáng kể"
marksman,noun,[mark]-s-[man],"a person skilled in shooting, especially with a rifle","xạ thủ giỏi, tay súng thiện xạ"
marrakesh,noun,[marrakesh],"a city in western Morocco, formerly an imperial capital","thành phố Marrakesh, miền tây Ma-rốc"
marshal,noun,[marshal],"an officer of the highest rank in the armed forces of some countries, or an official responsible for public order at an event",thống chế; sĩ quan phụ trách trật tự công cộng
marshal,verb,[marshal],"to assemble and arrange (troops, resources, or facts) in order","tập hợp, sắp xếp (quân đội, nguồn lực, sự kiện) có tổ chức"
marvelous,adjective,[marvel]-ous,causing great wonder; extremely good or pleasing,"tuyệt vời, kỳ diệu"
mary,noun,[mary],"a common feminine given name; in Christian tradition, the mother of Jesus","tên riêng nữ giới; trong Kitô giáo, tên của Đức Mẹ Maria"
masquerade,noun,[masquerade],a false show or pretense; a party or dance at which people wear masks and costumes,"sự giả trang, vỏ bọc giả tạo; buổi dạ hội hóa trang"
masquerade,verb,[masquerade],to pretend to be someone or something else in order to deceive people,"giả trang, giả danh (để đánh lừa người khác)"
massacre,noun,[massacre],the deliberate and violent killing of a large number of people,cuộc thảm sát
me,pronoun,[me],used by a speaker to refer to themselves as the object of a verb or preposition,"tôi, tớ (dùng làm tân ngữ)"
measles,noun,[measles],"an acute, highly contagious viral disease causing fever and a red skin rash",bệnh sởi
measurably,adverb,[measure]-ably,to an extent that can be measured; noticeably,"một cách có thể đo lường được, đáng kể"
mediator,noun,[mediate]-or,a person who tries to help two opposing sides in a dispute reach an agreement,người trung gian hòa giải
medina,noun,[medina],"the old, walled part of a North African city",khu phố cổ (thành cổ) có tường bao ở một thành phố Bắc Phi
meltdown,noun,[melt]-down,"a disastrous event, especially the melting of a nuclear reactor core, or an emotional collapse",sự cố tan chảy lò phản ứng hạt nhân; sự suy sụp/khủng hoảng tinh thần
memo,noun,[memo],"a short official note or message, especially in a business setting","bản ghi nhớ, thông báo nội bộ ngắn gọn"
memorial,noun,[memorial],"a statue, structure, or event established to remind people of a person or event","đài tưởng niệm, lễ tưởng niệm"
memorial,adjective,[memorial],serving to preserve the memory of a person or event,mang tính tưởng niệm
mendelssohn,noun,[mendelssohn],"the surname of Felix Mendelssohn, a 19th-century German composer","họ Mendelssohn (Felix Mendelssohn, nhà soạn nhạc Đức thế kỷ 19)"
merchandise,noun,[merchandise],goods that are bought and sold; commercial products,hàng hóa
meritocracy,noun,[merit]-o-cracy,a system in which power and advancement are given based on ability and achievement,chế độ trọng dụng nhân tài (dựa trên năng lực)
methodology,noun,[method]-o-logy,a system of methods used in a particular field of study or activity,phương pháp luận
meticulous,adjective,[meticulous],showing great attention to detail; very careful and precise,"tỉ mỉ, cẩn thận, chi tiết"
miami,noun,[miami],"a city in southeastern Florida, United States","thành phố Miami, bang Florida, Hoa Kỳ"
mime,noun,[mime],"the theatrical technique of acting out a story without words, using only gesture and movement",kịch câm; nghệ thuật diễn kịch câm
mime,verb,[mime],"to act or express something using only gesture and facial expression, without speaking","diễn tả bằng cử chỉ, không lời (như kịch câm)"
mimicry,noun,[mimic]-ry,"the action or art of imitating someone or something, often for comic effect or protection","sự bắt chước, nhại lại"
mini,adjective,[mini],very small of its kind; much smaller than usual,"nhỏ, mini, thu nhỏ"
misconduct,noun,mis-[conduct],"behavior that is unacceptable or wrong, especially by a professional person","hành vi sai trái, vi phạm đạo đức nghề nghiệp"
mishap,noun,mis-[hap],"an unlucky accident, especially one that is not very serious","sự cố nhỏ, tai nạn bất ngờ (không nghiêm trọng)"
misinterpretation,noun,mis-[interpret]-ation,a failure to understand or explain something correctly,"sự hiểu sai, diễn giải sai"
misjudgment,noun,mis-[judge]-ment,a wrong or unfair judgment or assessment of a situation,"sự đánh giá sai, phán đoán sai lầm"
mockery,noun,[mock]-ery,ridicule or contemptuous teasing; a very inadequate imitation of something,"sự chế giễu, nhạo báng; trò hề"
modernization,noun,[modern]-ization,the process of adapting something to modern needs or habits,sự hiện đại hóa
molestation,noun,[molest]-ation,"the act of sexually abusing or harassing someone, especially a child",hành vi xâm hại/quấy rối tình dục
monetarily,adverb,[monetary]-ly,in terms of money,về mặt tiền bạc
monotony,noun,mono-[tone]-y,lack of variety and interest; tedious repetition and routine,"sự đơn điệu, tẻ nhạt"
moth,noun,[moth],"a nocturnal insect similar to a butterfly, typically with a stout body and dull-colored wings",con bướm đêm
motorbike,noun,[motor]-[bike],"a motorcycle, especially a light one",xe máy
motorcyclist,noun,[motor]-cycl(e)-ist,a person who rides a motorcycle,người lái xe máy/mô tô
motto,noun,[motto],a short sentence or phrase expressing a guiding principle or ideal,"phương châm, khẩu hiệu"
mountainside,noun,[mountain]-[side],the sloping side of a mountain,sườn núi
mourn,verb,[mourn],"to feel or express deep sorrow, especially for someone who has died","than khóc, để tang, thương tiếc"
muck,noun,[muck],"farmyard manure or slimy dirt, especially when unpleasant","phân bón hữu cơ, bùn đất bẩn"
multimedia,noun,multi-[media],"the use of more than one medium of communication, such as text, audio, and video, together",đa phương tiện
mummification,noun,[mummy]-fic-ation,the process of preserving a dead body as a mummy,sự ướp xác
nan,noun,[nan],"a type of soft, leavened flatbread, especially associated with South Asian cuisine",bánh nan (bánh mì dẹt Nam Á)
narrate,verb,[narrate],to give a spoken or written account of events; to provide a commentary for a film or broadcast,"kể chuyện, thuật lại, dẫn chuyện"
narration,noun,[narrate]-ion,the action or process of narrating a story; spoken commentary accompanying a film or broadcast,"sự tường thuật, lời thuyết minh/dẫn chuyện"
nautical,adjective,[nautical],"relating to sailors, ships, or navigation","thuộc về hàng hải, tàu thuyền"
necessitate,verb,[necessitate],to make something necessary or unavoidable as a result or consequence,"đòi hỏi, làm cho cần thiết, tất yếu dẫn đến"
necrosis,noun,[necrosis],"the death of most or all of the cells in an organ or tissue, due to disease or injury",sự hoại tử
negate,verb,[negate],to nullify or make ineffective; to deny the existence of something,"phủ định, làm mất hiệu lực, phủ nhận"
nepalese,adjective,[nepal]-ese,relating to Nepal or its people,thuộc về Nepal
nick,noun,[nick],"a small cut, notch, or chip in a surface or edge","vết cắt nhỏ, vết sứt mẻ"
nick,verb,[nick],to make a small cut or notch in something; (British informal) to steal,"tạo vết cắt nhỏ; (Anh, khẩu ngữ) lấy trộm"
nobility,noun,[noble]-ity,the aristocratic class in a society; the quality of having high moral character,giới quý tộc; phẩm chất cao quý
noisily,adverb,[noisy]-ly,in a noisy manner,một cách ồn ào
noisy,adjective,[noise]-y,making or characterized by a lot of noise,ồn ào
nominally,adverb,[nominal]-ly,"in name only, not necessarily in reality",trên danh nghĩa (chứ không phải trên thực tế)
nonverbal,adjective,non-[verbal],not involving or using words or speech,"phi ngôn ngữ, không lời"
nostril,noun,[nostril],either of the two external openings of the nose,lỗ mũi
notoriously,adverb,[notorious]-ly,in a way that is famous or well known for a bad quality or deed,"một cách khét tiếng, tai tiếng"
nudge,verb,[nudge],"to push someone gently, especially with one's elbow, to get their attention","hích nhẹ, huých (bằng khuỷu tay) để gây chú ý"
nudge,noun,[nudge],a light push or gentle touch to get someone's attention,"cái hích nhẹ, cú đẩy nhẹ"
numb,adjective,[numb],"deprived of the power of sensation or feeling, especially due to cold or shock","tê, mất cảm giác"
numb,verb,[numb],to deprive of feeling or responsiveness; to make numb,"làm cho tê liệt, làm mất cảm giác"
numeracy,noun,[numerate]-acy,the ability to understand and work with numbers,"khả năng tính toán, hiểu biết về số học"
numerically,adverb,[number]-ic-al-ly,with regard to numbers; in numbers,"về mặt số lượng, bằng con số"
obedience,noun,[obedient]-ce,"compliance with an order, request, law, or submission to another's authority","sự vâng lời, sự tuân thủ"
observatory,noun,[observe]-atory,"a building or institution equipped for observing astronomical, meteorological, or other natural phenomena","đài quan sát (thiên văn, khí tượng)"
obstruct,verb,ob-[struct],"to block or hinder movement, progress, or a process","cản trở, ngăn chặn"
omission,noun,[omit]-ssion,something that has been left out or excluded; the act of leaving something out,"sự bỏ sót, sự thiếu sót"
omnipotent,adjective,omni-[potent],having unlimited or very great power; able to do anything,"toàn năng, vạn năng"
opium,noun,[opium],an addictive narcotic drug prepared from the dried juice of the opium poppy,thuốc phiện
opportune,adjective,[opportune],well-chosen or particularly favorable or appropriate for a purpose,"đúng lúc, thuận tiện, thích hợp"
oppression,noun,[oppress]-ion,prolonged cruel or unjust treatment or control of a group of people,sự áp bức
ops,noun,[ops],"operations, especially military or business operations","hoạt động (viết tắt của ""operations"")"
orangutan,noun,[orangutan],"a large, long-armed ape with reddish fur, native to Borneo and Sumatra",đười ươi
ordinarily,adverb,[ordinary]-ily,in the usual course of events; normally,"thông thường, bình thường"
ore,noun,[ore],a naturally occurring solid material from which a metal or valuable mineral can be extracted,quặng
originality,noun,[original]-ity,"the quality of being novel, inventive, or unusual","tính độc đáo, tính sáng tạo"
ornamental,adjective,[ornament]-al,serving as decoration rather than having a practical purpose,mang tính trang trí
orphan,noun,[orphan],a child whose parents are dead,trẻ mồ côi
outsized,adjective,out-[size]-d,unusually large; larger than normal,"quá khổ, to lớn bất thường"
overproduce,verb,over-[produce],to produce more of something than is needed or wanted,"sản xuất quá mức, sản xuất thừa"
oversupplied,adjective,over-[supply]-ed,provided with more of something than is needed,"được cung cấp quá mức, dư thừa nguồn cung"
overthinking,noun,over-[think]-ing,"the action of thinking about something too much or for too long, especially in an anxious way","sự suy nghĩ quá mức, nghĩ ngợi quá nhiều"
overwhelmingly,adverb,over-[whelm]-ing-ly,to an extremely great degree; by a very large majority,"áp đảo, hết sức lớn"
paddy,noun,[paddy],a field where rice is grown; unmilled rice,ruộng lúa nước; thóc chưa xay
painfully,adverb,[pain]-ful-ly,in a way that causes physical or mental pain; extremely (used as an intensifier),"một cách đau đớn; hết sức, vô cùng"
panama,noun,[panama],a lightweight hat made of plaited straw-like leaves; also a country in Central America,"mũ panama; (viết hoa) Panama, quốc gia ở Trung Mỹ"
pantry,noun,[pantry],a small room or cupboard used for storing food and provisions,phòng/tủ đựng thực phẩm
papyrus,noun,[papyrus],"a material made from an aquatic plant, used by the ancient Egyptians as a writing surface",giấy papyrus (giấy cói cổ Ai Cập)
parachute,noun,para-[chute],a folding device made of fabric that slows a person's descent when jumping from an aircraft,dù (nhảy dù)
parade,noun,[parade],"a public procession, especially one celebrating a special day or event",cuộc diễu hành
paradise,noun,[paradise],an ideal or idyllic place or state; heaven,thiên đường
paramedic,noun,para-[medic],"a person trained to give emergency medical treatment, especially outside a hospital",nhân viên y tế cấp cứu
parameter,noun,para-[meter],a numerical or measurable factor that helps define a system or set limits; a boundary or limit,"thông số; giới hạn, ranh giới"
paramount,adjective,[paramount],more important than anything else; supreme,"tối quan trọng, hàng đầu"
paranoid,adjective,[paranoid],exhibiting excessive and irrational distrust or suspicion of others,"hoang tưởng, đa nghi thái quá"
parley,noun,[parley],"a discussion or conference to settle a dispute, especially between enemies",cuộc đàm phán (giữa các bên đối địch)
partially,adverb,[part]-ial-ly,not completely; to some extent,"một phần, không hoàn toàn"
partisan,noun,[partisan],"a strong and often uncritical supporter of a party, cause, or person","người theo phe phái, người ủng hộ nhiệt thành"
passionately,adverb,[passion]-ate-ly,with strong feeling or enthusiasm,"một cách say mê, nhiệt thành"
patriarchal,adjective,[patriarch]-al,relating to or characteristic of a system of society or government controlled by men,"thuộc chế độ phụ quyền, gia trưởng"
paycheck,noun,[pay]-[check],a check or payment issued to an employee as wages or salary,"séc lương, tiền lương"
pedal,noun,[pedal],"a foot-operated lever used to control a machine or vehicle, such as a bicycle or car","bàn đạp (xe đạp, xe hơi)"
pedal,verb,[pedal],to move a bicycle by pushing its pedals with the feet,đạp (xe đạp)
perceptible,adjective,[perceive]-ible,able to be perceived or noticed; noticeable,"có thể nhận thấy, có thể cảm nhận được"
perch,noun,[perch],"a place, typically a branch or rod, where a bird rests or roosts","chỗ đậu (của chim), cành/sào cho chim đậu"
perch,verb,[perch],(of a bird) to alight and rest on something; to sit on the edge or top of something,đậu (chim); ngồi trên mép/đỉnh cái gì đó
percussion,noun,[percussion],"musical instruments played by being struck or shaken, such as drums and cymbals",bộ gõ (nhạc cụ)
perennial,adjective,[perennial],lasting or existing for a long or apparently infinite time; (of a plant) living for several years,"lâu năm, bền vững; (thực vật) sống lâu năm"
perfectionism,noun,[perfect]-ion-ism,the refusal to accept any standard short of perfection,chủ nghĩa hoàn hảo
perfectionist,noun,[perfect]-ion-ist,a person who refuses to accept any standard short of perfection,"người theo chủ nghĩa hoàn hảo, người cầu toàn"
perilous,adjective,[peril]-ous,full of danger or risk,nguy hiểm
perimeter,noun,peri-[meter],the continuous line forming the boundary of a closed geometric figure or area,"chu vi, ranh giới bao quanh"
periodically,adverb,[period]-ic-al-ly,occurring at regular intervals; from time to time,"định kỳ, theo chu kỳ"
perishable,adjective,[perish]-able,(especially of food) likely to decay or spoil quickly,"dễ hư hỏng, mau hỏng"
perpetual,adjective,[perpetual],never ending or changing; continuing forever,"vĩnh viễn, liên tục không ngừng"
perpetually,adverb,[perpetual]-ly,in a way that never ends or changes; constantly,"liên tục, mãi mãi"
perpetuate,verb,[perpetuate],"to make something, especially a belief or practice, continue indefinitely","duy trì, làm cho tồn tại mãi (một tình trạng, niềm tin)"
persepolis,noun,[persepolis],an ancient city that was the ceremonial capital of the Achaemenid Persian Empire,"Persepolis, kinh đô lễ nghi của Đế chế Ba Tư cổ đại"
persona,noun,[persona],the aspect of someone's character that is presented to or perceived by others,"hình tượng, vai diễn/tính cách thể hiện ra bên ngoài"
perspiration,noun,[perspire]-ation,sweat; the process of sweating,mồ hôi; sự tiết mồ hôi
persuasion,noun,[persuade]-sion,the action of persuading someone to do or believe something; a particular set of beliefs,"sự thuyết phục; quan điểm, niềm tin"
pertain,verb,per-[tain],to relate or be relevant to something,"liên quan đến, thuộc về"
pessimistic,adjective,[pessimistic],having a tendency to see the worst aspect of things or expect the worst outcome,bi quan
pester,verb,[pester],to trouble or annoy someone with persistent requests or interruptions,"quấy rầy, làm phiền (liên tục)"
petty,adjective,[petty],of little importance; trivial; small-minded about unimportant matters,"nhỏ nhặt, tầm thường, hẹp hòi"
philanthropist,noun,[philanthropist],"a person who seeks to promote the welfare of others, especially by donating money","nhà từ thiện, người hảo tâm"
phishing,noun,[phish]-ing,the fraudulent practice of sending emails or messages purporting to be from a reputable source to trick people into revealing personal information,hành vi lừa đảo trực tuyến (phishing) để đánh cắp thông tin cá nhân
photogenic,adjective,[photogenic],looking attractive in photographs,"ăn ảnh, chụp hình đẹp"
physiotherapy,noun,physio-[therapy],"the treatment of disease, injury, or deformity by physical methods such as massage and exercise",vật lý trị liệu
pianissimo,adverb,[pianissimo],(as a musical direction) very quietly or softly,"(âm nhạc) rất khẽ, rất nhẹ"
pinch,verb,[pinch],"to squeeze a small part of someone's skin or flesh tightly, typically between finger and thumb","véo, ngắt (bằng ngón tay)"
pinch,noun,[pinch],"a small amount of something, especially a powder, taken between the finger and thumb; the act of pinching",nhúm (một lượng nhỏ); cái véo
pine,noun,[pine],an evergreen coniferous tree with clusters of needle-shaped leaves,cây thông
pine,verb,[pine],"to suffer a mental and physical decline, especially from grief or longing for someone or something","héo hon, mòn mỏi vì nhớ nhung/đau buồn"
plasma,noun,[plasma],"the colorless fluid part of blood in which cells are suspended; also an ionized gas, a state of matter",huyết tương; plasma (trạng thái vật chất bị ion hóa)
plaster,noun,[plaster],"a soft mixture of lime, sand, and water applied to walls and ceilings to form a smooth hard surface","vữa, thạch cao (dùng trát tường)"
plaster,verb,[plaster],to cover a wall or ceiling with plaster; to coat something thickly or excessively,trát vữa; phủ dày lên bề mặt
plat,noun,[plat],"a map or plan showing the layout and boundaries of a piece of land, especially for development",bản đồ/sơ đồ lô đất
plausibility,noun,[plausible]-ity,the quality of seeming reasonable or probable,"tính hợp lý, khả năng đáng tin"
plausible,adjective,[plausible],"seeming reasonable, probable, or believable","có vẻ hợp lý, có thể tin được"
playstation,noun,[play]-[station],a brand of video game console developed by Sony,dòng máy chơi game của Sony (PlayStation)
plumber,noun,[plumb]-er,"a person who installs and repairs piping, fittings, and fixtures for water, gas, or drainage systems",thợ sửa ống nước
plume,noun,[plume],"a large feather, or a column of smoke, dust, or vapor that rises into the air",lông vũ lớn; cột khói/bụi bốc lên
plump,adjective,[plump],"having a full, rounded shape; pleasantly plump or slightly fat","mũm mĩm, đầy đặn"
plump,verb,[plump],"to choose or decide in favor of something (usually as ""plump for"")","dứt khoát chọn, quyết định nghiêng về (thường dùng ""plump for"")"
plurality,noun,[plural]-ity,the fact or state of being numerous; the largest number of votes received without necessarily being a majority,tính số nhiều; đa số tương đối (trong bầu cử)
poach,verb,[poach],to cook food gently in a small amount of simmering liquid; or to illegally hunt or fish on someone else's land,luộc/chần (thức ăn) trong nước sôi lăn tăn; săn bắt/đánh bắt trộm
poem,noun,[poem],"a piece of writing that expresses feelings or ideas with rhythm, imagery, and often rhyme",bài thơ
poland,noun,[poland],a country in Central Europe,Ba Lan (quốc gia ở Trung Âu)
pollinate,verb,[pollen]-ate,"to transfer pollen to (a flower or plant), enabling fertilization",thụ phấn
poncho,noun,[poncho],"a garment made of a single piece of cloth with a hole in the middle for the head, worn as a cloak",áo poncho (áo choàng có lỗ chui đầu)
popularly,adverb,[popular]-ly,"in a way that is liked, admired, or accepted by many people","một cách phổ biến, được nhiều người ưa thích"
populist,noun,[popul]-ist,a politician or leader who strives to appeal to ordinary people who feel their concerns are disregarded by established elites,người theo chủ nghĩa dân túy
pore,noun,[pore],"a minute opening in a surface, especially the skin, through which liquids or gases may pass",lỗ chân lông
pore,verb,[pore],to read or study something with great attention (usually 'pore over'),chăm chú đọc/nghiên cứu (điều gì đó)
portend,verb,[portend],"to be a sign or warning that something, especially something momentous, is likely to happen","báo trước, là điềm báo (điều gì sắp xảy ra)"
prairie,noun,[prairie],"a large open area of grassland, especially in central North America","đồng cỏ, thảo nguyên rộng lớn"
preachy,adjective,[preach]-y,"giving moral advice in a tiresome, self-righteous way",hay giảng đạo đức (một cách khó chịu)
precautionary,adjective,pre-[caution]-ary,denoting or serving as a protective measure taken in advance against possible harm,"có tính phòng ngừa, đề phòng trước"
precinct,noun,[precinct],"a district of a city or town defined for administrative, electoral, or policing purposes",khu vực hành chính/bầu cử/cảnh sát
predefined,adjective,pre-[define]-d,defined or specified in advance,được xác định/định nghĩa trước
predicate,verb,[predicate],to found or base a statement or action on something,"dựa trên, đặt cơ sở trên (điều gì đó)"
predicate,noun,[predicate],the part of a sentence or clause containing the verb and stating something about the subject,vị ngữ (trong câu)
predictably,adverb,pre-[dict]-ably,in a way that is expected or can be foreseen,một cách có thể đoán trước được
preferential,adjective,[prefer]-ential,giving or showing preference; favoring a particular person or group,"có tính ưu đãi, thiên vị"
prejudicial,adjective,[prejudice]-ial,harmful to someone or something; causing unfair bias,"có hại, gây bất lợi, mang tính thành kiến"
preliminary,adjective,[preliminary],preceding or preparing for something fuller or more important; introductory,"sơ bộ, mở đầu"
preparedness,noun,[prepared]-ness,"the state of being fully prepared for something, especially conflict or emergency","sự sẵn sàng, trạng thái đã chuẩn bị đầy đủ"
preponderant,adjective,pre-[ponder]-ant,"predominant in influence, quantity, or importance","chiếm ưu thế, áp đảo"
preposterous,adjective,[preposterous],contrary to reason or common sense; utterly absurd,"vô lý, lố bịch, phi lý"
prerequisite,noun,pre-[requisite],a thing that is required as a prior condition for something else to happen,điều kiện tiên quyết
pres,noun,[pres],informal abbreviation for 'president',viết tắt không chính thức của 'president' (chủ tịch/tổng thống)
prickle,noun,[prickle],a small thorn or spine on a plant or animal,gai nhỏ (trên cây hoặc con vật)
prickle,verb,[prickle],to cause a stinging or tingling sensation,"gây cảm giác châm chích, râm ran"
prime,adjective,[prime],of first importance; main,"chính, chủ yếu, hàng đầu"
prime,noun,[prime],a natural number greater than 1 with no positive divisors other than 1 and itself,số nguyên tố
prime,verb,[prime],to prepare someone or something for a particular purpose or situation,"chuẩn bị, làm cho sẵn sàng trước"
pristine,adjective,[pristine],in its original condition; clean and unspoiled,"nguyên sơ, tinh khôi, chưa hư hại"
professionalism,noun,[profession]-al-ism,"the competence, skill, and conduct expected of a professional person",tính chuyên nghiệp
progression,noun,pro-[gress]-ion,"a movement or development toward a destination or more advanced state, typically gradual","sự tiến triển, quá trình phát triển tuần tự"
progressive,adjective,pro-[gress]-ive,happening or developing gradually or in stages; favoring social reform or new ideas,tiến bộ; tiến triển dần dần
proliferate,verb,[proliferate],to increase rapidly in number; multiply,"sinh sôi, tăng nhanh về số lượng"
proliferation,noun,[proliferate]-ion,a rapid increase in the number or amount of something,sự gia tăng/lan rộng nhanh chóng
prominently,adverb,[prominent]-ly,in a way that is noticeable or conspicuous,"một cách nổi bật, rõ ràng"
propagandize,verb,[propaganda]-ize,"to disseminate propaganda, or to subject someone to it",tuyên truyền (cho ai đó)
proponent,noun,pro-[pon]-ent,"a person who advocates a theory, proposal, or course of action","người ủng hộ, người đề xuất"
proprietary,adjective,[propriet]-ary,relating to an owner; (of a product) marketed under and protected by a registered trademark,"thuộc quyền sở hữu, độc quyền"
provincial,adjective,[province]-ial,of or concerning a province; narrow-minded or unsophisticated,"thuộc tỉnh lẻ; thiển cận, quê mùa"
provisional,adjective,[provision]-al,"arranged or existing for the present, possibly to be changed later; temporary",tạm thời
provocative,adjective,pro-[voc]-ative,"causing annoyance, anger, or strong reaction, especially deliberately","khiêu khích, khêu gợi"
prudent,adjective,[prudent],acting with care and thought for the future; sensible,"thận trọng, khôn ngoan"
psyche,noun,[psyche],"the human soul, mind, or spirit","tâm hồn, tâm lý, tâm trí"
punctual,adjective,[punct]-ual,happening or doing something at the agreed or proper time; on time,đúng giờ
punitive,adjective,[pun]-itive,inflicting or intended as punishment,mang tính trừng phạt
purposefully,adverb,[purpose]-ful-ly,in a way that shows a sense of determination or resolve,"một cách có mục đích, kiên quyết"
pythagorean,adjective,[Pythagoras]-ean,relating to the Greek philosopher and mathematician Pythagoras or his theorem,thuộc về Pythagoras (định lý Pythagoras)
qatar,noun,[Qatar],"a country on a peninsula in the Middle East, on the Persian Gulf",Qatar (quốc gia ở Trung Đông)
qualitative,adjective,[quality]-ative,"relating to, measuring, or measured by quality rather than quantity",mang tính định tính
quartet,noun,[quart]-et,"a group of four people, especially musicians playing or singing together","bộ tứ, nhóm bốn người (nhạc công)"
quirk,noun,[quirk],a peculiar behavioral habit or a strange occurrence,"nét kỳ quặc, đặc điểm khác thường"
racetrack,noun,[race]-[track],"a course for races, especially horse races or motor races",đường đua
rapport,noun,[rapport],a close and harmonious relationship in which people understand each other's feelings well,"mối quan hệ hòa hợp, sự đồng cảm"
rayleigh,noun,[Rayleigh],"the surname of physicist Lord Rayleigh, used in terms such as 'Rayleigh scattering'","Rayleigh (tên nhà vật lý, dùng trong 'tán xạ Rayleigh')"
razor,noun,[razor],an instrument with a sharp blade used for shaving,dao cạo râu
reallocation,noun,re-[allocate]-ion,the action of allocating something again or differently,sự phân bổ lại
reassemble,verb,re-[assemble],to fit or join the parts of something together again,lắp ráp lại
recklessly,adverb,[reckless]-ly,in a way that shows a lack of care about the consequences of an action,"một cách liều lĩnh, bất cẩn"
recline,verb,re-[cline],to lean or lie back in a comfortable position,"ngả người, nằm/ngồi tựa ra sau"
recognizable,adjective,[recognize]-able,"able to be identified as having been perceived, known, or experienced before","có thể nhận ra, dễ nhận biết"
recoil,verb,re-[coil],"to suddenly spring or move back in fear, horror, or disgust","giật lùi, lùi lại (vì sợ hãi/ghê tởm)"
reconfigure,verb,re-[configure],to change the configuration of something; to set it up again differently,"cấu hình lại, sắp xếp lại"
reconstruction,noun,re-[construct]-ion,the action or process of rebuilding something that has been damaged or destroyed,"sự tái thiết, xây dựng lại"
recording,noun,[record]-ing,a piece of music or other sound that has been recorded,bản ghi âm/ghi hình
recurrence,noun,re-[cur]-rence,the fact of something happening again; repetition,"sự tái diễn, sự lặp lại"
redecorate,verb,re-[decorate],"to decorate a room or building again, typically differently",trang trí/sơn sửa lại
redistribute,verb,re-[distribute],"to distribute something again or differently, especially more fairly or evenly",phân phối lại
redrawn,adjective,re-[draw]-n,"drawn again or altered, as in a map or boundary","được vẽ lại, kẻ lại"
redraws,verb,re-[draw]-s,draws something again or differently (third person singular),"vẽ lại, kẻ lại (ngôi thứ ba số ít)"
reel,noun,[reel],"a cylindrical object on which film, thread, or wire is wound","cuộn (chỉ, phim, dây)"
reel,verb,[reel],"to stagger or lose one's balance, especially from a blow or shock","loạng choạng, choáng váng"
reflective,adjective,re-[flect]-ive,providing a reflection; given to deep or serious thought,"phản chiếu; trầm ngâm, hay suy tư"
refocus,verb,re-[focus],"to adjust the focus of something again, or concentrate on something renewed","tập trung lại, điều chỉnh lại trọng tâm"
refrain,verb,[refrain],to stop oneself from doing something,"kiềm chế, tự kiềm chế không làm gì"
refrain,noun,[refrain],"a recurring phrase or verse, especially at the end of each stanza of a poem or song",điệp khúc
refrigerator,noun,[refrigerate]-or,an appliance or compartment for keeping food and other items cool,tủ lạnh
regression,noun,re-[gress]-ion,a return to a former or less developed state; also a statistical method,sự thoái lui; (thống kê) hồi quy
reimpose,verb,re-[impose],"to impose a rule, tax, or restriction again",áp đặt lại
reinvesting,verb,re-[invest]-ing,putting profits or income back into a business or asset rather than spending it,tái đầu tư (đang tiến hành)
reinvests,verb,re-[invest]-s,puts profit or income back into a business or asset again (third person singular),tái đầu tư (ngôi thứ ba số ít)
religiously,adverb,[religious]-ly,in a religious manner; with strict and unfailing regularity,một cách mộ đạo; đều đặn nghiêm ngặt
reminisce,verb,[reminisce],to indulge in enjoyable recollection of past events,"hồi tưởng, nhớ lại kỷ niệm một cách thích thú"
remuneration,noun,[remunerate]-ion,money paid for work or a service,"tiền thù lao, tiền công"
renegotiate,verb,re-[negotiate],to negotiate a contract or agreement again in order to change its terms,đàm phán lại
repackaged,adjective,re-[package]-d,put into new packaging; presented in a new or different way,được đóng gói/trình bày lại
reprocess,verb,re-[process],"to process something, especially nuclear fuel, again","xử lý lại, tái xử lý"
rerouting,verb,re-[route]-ing,sending or directing someone or something by a different route,định tuyến lại (đang tiến hành)
resentful,adjective,[resent]-ful,feeling or expressing bitterness or indignation at having been treated unfairly,"bực tức, oán giận, bất bình"
residency,noun,[reside]-ncy,the official status of a person authorized to live in a country; a period of specialized medical training,quyền cư trú; thời gian nội trú (y khoa)
respondent,noun,re-[spond]-ent,"a person who answers a survey or questionnaire, or against whom a legal petition is filed",người trả lời (khảo sát); bị đơn (pháp lý)
restroom,noun,[rest]-[room],"a public toilet, especially in the United States",nhà vệ sinh công cộng
reunion,noun,re-[union],a social gathering of people who have not seen each other for some time,"buổi họp mặt, đoàn tụ"
revere,verb,[revere],to feel deep respect or admiration for someone or something,"tôn kính, sùng kính"
reversible,adjective,re-[verse]-ible,able to be reversed or turned the other way,có thể đảo ngược
revision,noun,re-[vis]-ion,"the action of revising, especially examining and correcting a text; review of study material",sự sửa đổi; việc ôn tập lại
rhino,noun,[rhino],"a large, heavy plant-eating mammal with one or two horns on its nose",con tê giác
ridiculous,adjective,[ridicule]-ous,deserving or inviting mockery; absurd,"lố bịch, nực cười, vô lý"
rinse,verb,[rinse],to wash something with clean water to remove soap or dirt,rửa/tráng lại bằng nước sạch
rite,noun,[rite],a religious or other solemn ceremony or act,"nghi lễ, nghi thức"
roadside,noun,[road]-[side],the strip of land beside a road,"lề đường, ven đường"
roadway,noun,[road]-[way],"a road, especially the part used by vehicles","lòng đường, đường đi"
roast,verb,[roast],"to cook food, especially meat, by prolonged exposure to heat","quay, nướng (thức ăn)"
roast,noun,[roast],"a dish of meat that has been roasted, or an outdoor meal cooking food over a fire",món quay/nướng
rodent,noun,[rodent],"a mammal with continuously growing incisors, such as a mouse, rat, or squirrel",loài gặm nhấm
rogue,noun,[rogue],a dishonest or unprincipled person,"kẻ bất lương, tên vô lại"
rogue,adjective,[rogue],operating outside normal or desirable controls; behaving unpredictably or dangerously,"bất hảo, hoạt động ngoài tầm kiểm soát"
rotten,adjective,[rot]-ten,suffering from decay; morally corrupt,"thối, mục nát; đồi bại"
rubbery,adjective,[rubber]-y,"resembling rubber in texture, especially in being tough and flexible","giống cao su, dai như cao su"
ruinously,adverb,[ruin]-ous-ly,in a way that causes ruin; disastrously,"một cách tai hại, gây phá sản"
rumination,noun,[ruminate]-ion,"the action of thinking deeply about something; also, the chewing of cud","sự suy ngẫm, trầm tư"
runoff,noun,[run]-[off],rainfall that is not absorbed by soil and flows over the surface; a final deciding contest after a tie,nước chảy tràn; vòng đấu quyết định
rust,noun,[rust],a reddish or yellowish-brown coating formed on iron or steel by oxidation,gỉ sét
rust,verb,[rust],to become coated with rust; corrode,"bị gỉ, han gỉ"
ruthless,adjective,[ruth]-less,having or showing no pity or compassion for others,"tàn nhẫn, không thương xót"
sacred,adjective,[sacr]-ed,connected with a god or dedicated to a religious purpose and so deserving veneration,"thiêng liêng, linh thiêng"
salaried,adjective,[salary]-ed,receiving a fixed regular salary,được trả lương cố định
salesperson,noun,[sales]-[person],a person whose job is to sell goods or services,nhân viên bán hàng
salient,adjective,[sali]-ent,most noticeable or important; prominent,"nổi bật, quan trọng nhất"
salvador,noun,[Salvador],a proper name; short for El Salvador (a Central American country) or its capital San Salvador,tên riêng; El Salvador (quốc gia Trung Mỹ) hoặc thủ đô San Salvador
samsung,noun,[Samsung],a South Korean multinational electronics and technology company,Samsung (tập đoàn điện tử Hàn Quốc)
sanitation,noun,[sanit]-ation,"conditions relating to public health, especially clean water supply and sewage disposal",hệ thống vệ sinh công cộng
sarcastic,adjective,[sarcasm]-tic,"using or showing sarcasm; marked by bitter, mocking irony","mỉa mai, châm biếm"
saviour,noun,[save]-iour,"a person who saves someone or something from danger, harm, or loss","người cứu rỗi, đấng cứu thế"
sawdust,noun,[saw]-[dust],small particles of wood produced by sawing,mùn cưa
saxophone,noun,[Sax]-o-phone,"a brass wind instrument with a reed mouthpiece, used especially in jazz music",kèn saxophone
scam,noun,[scam],a dishonest scheme; a fraud,trò lừa đảo
scam,verb,[scam],to swindle someone by means of a fraudulent scheme,lừa đảo (ai đó)
scavenger,noun,[scavenge]-r,an animal that feeds on carrion or refuse; a person who searches through discarded items for useful things,động vật ăn xác thối; người bới rác tìm đồ
schoolchildren,noun,[school]-[child]-ren,children who attend school,học sinh (trẻ em đi học)
schoolwork,noun,[school]-[work],work done by a pupil at school or as homework,bài tập/việc học ở trường
scold,verb,[scold],to remonstrate with or rebuke someone angrily,"mắng, la rầy"
scott,noun,[Scott],"a common English personal surname, originally denoting a person from Scotland","họ/tên riêng (Scott), vốn nghĩa là người Scotland"
scramble,verb,[scramble],to move hurriedly and awkwardly using hands and feet; or to mix and cook beaten eggs,leo trèo/di chuyển vội vã; đánh và chiên trứng
scrape,verb,[scrape],"to drag or pull a hard or sharp implement across a surface, especially to clean or smooth it","cạo, nạo, cào (bề mặt)"
sculptor,noun,[sculpt]-or,an artist who makes sculptures,nhà điêu khắc
seabed,noun,[sea]-[bed],the ground under the sea; the ocean floor,đáy biển
secretively,adverb,[secret]-ive-ly,"in a manner that tends to hide feelings, intentions, or information from others","một cách bí mật, kín đáo"
semicircular,adjective,semi-[circular],having the shape of half a circle,"hình bán nguyệt, nửa hình tròn"
sen,noun,[sen],"a monetary subunit used in Indonesia, Cambodia, and Malaysia, equal to one hundredth of the main unit","sen (đơn vị tiền tệ nhỏ, bằng 1/100 đơn vị chính ở Indonesia/Campuchia/Malaysia)"
sensationalist,adjective,[sensation]-al-ist,"presenting information, especially in the media, in a way that provokes excitement or shock, often exaggerating","(mang tính) giật gân, thổi phồng tin tức"
sensitively,adverb,[sensitive]-ly,in a way that shows considerate and sympathetic awareness of others' feelings,"một cách nhạy cảm, tế nhị"
sentiment,noun,[sentiment],a view or opinion that is held or expressed; a feeling or emotion,"tình cảm, quan điểm, cảm nghĩ"
sep,noun,[sep],abbreviation for the month of September,viết tắt của tháng Chín (September)
serendipitous,adjective,[serendipity]-ous,occurring or discovered by chance in a happy or beneficial way,"tình cờ may mắn, ngẫu nhiên tốt đẹp"
sexual,adjective,[sex]-ual,"relating to the instincts, physiological processes, and activities connected with physical attraction and intimacy","thuộc về tình dục, giới tính"
sexually,adverb,[sex]-ual-ly,in a way that relates to sex or sexuality,"về mặt tình dục, giới tính"
shaky,adjective,[shake]-y,shaking or trembling; unsteady or unreliable,"run rẩy; lung lay, không vững chắc"
shear,verb,[shear],"to cut the wool off a sheep, or to cut through something with a sharp instrument or force",xén lông (cừu); cắt đứt bằng lực/vật sắc
sheathe,verb,[sheathe],to put a knife or sword into its sheath; to encase or protect with a covering,tra (dao/kiếm) vào vỏ; bọc/bao phủ bảo vệ
shelve,verb,[shelve],"to place something on a shelf; to decide not to proceed with a plan, at least for the time being","đặt lên kệ; gác lại, hoãn (kế hoạch)"
shill,noun,[shill],a person who publicly promotes or praises something for self-interest without disclosing the ulterior motive,"người quảng cáo giả danh, kẻ chim mồi"
shill,verb,[shill],to act as a shill; to promote something deceptively for hidden gain,"làm chim mồi, quảng cáo giả danh cho ai/cái gì"
shimmer,verb,[shimmer],"to shine with a soft, tremulous light","lấp lánh, lung linh"
shipwright,noun,[ship]-[wright],a person whose job is to build or repair ships,thợ đóng tàu
shopkeeper,noun,[shop]-[keep]-er,an owner or manager of a small shop,chủ cửa hàng nhỏ
shortfall,noun,[short]-[fall],a deficit of something that is required or expected,sự thiếu hụt
shorthand,noun,[short]-[hand],a method of rapid writing using abbreviations and symbols,tốc ký
showroom,noun,[show]-[room],"a room used to display goods for sale, such as cars or furniture",phòng trưng bày sản phẩm
shrapnel,noun,[shrapnel],"fragments of a bomb, shell, or other object thrown out by an explosion","mảnh đạn, mảnh bom"
shrine,noun,[shrine],a place regarded as holy because of its association with a divinity or sacred relic,"đền thờ, miếu thờ"
shrug,verb,[shrug],"to raise one's shoulders slightly to express indifference, doubt, or ignorance",nhún vai
sidewalk,noun,[side]-[walk],a paved path for pedestrians at the side of a road,vỉa hè
sightsee,verb,[sight]-[see],to visit places of interest in a particular location as a tourist,"đi tham quan, ngắm cảnh"
signification,noun,[sign]-ification,the meaning of a word or sign; the act or process of signifying,ý nghĩa (của từ/ký hiệu); sự biểu thị
siphon,noun,[siphon],a tube used to draw liquid up and over an edge using differences in air pressure,cái xi-phông (ống hút dùng chênh lệch áp suất để chuyển chất lỏng)
siphon,verb,[siphon],"to draw off (liquid, or by extension money) using or as if using a siphon",hút/rút (chất lỏng) qua ống xi-phông; rút ruột (tiền bạc) một cách bất chính
skeletal,adjective,[skeleton]-al,relating to or resembling a skeleton,thuộc về bộ xương; gầy trơ xương
skepticism,noun,[skeptic]-ism,an attitude of doubt or disbelief toward claims or ideas,"sự hoài nghi, thái độ hoài nghi"
skew,verb,[skew],"to make data, a situation, or a view distorted or biased in a particular direction","làm lệch, làm sai lệch (số liệu, kết quả)"
skew,adjective,[skew],"set at an angle; not straight, symmetrical, or level","chéo, xiên, không đối xứng"
skype,noun,[Skype],a brand of software/app used for making video and voice calls over the internet,"Skype (phần mềm/ứng dụng gọi video, gọi thoại qua internet)"
skype,verb,[Skype],(informal) to make a video or voice call to someone using the Skype application,gọi điện (video hoặc thoại) cho ai đó qua Skype
slab,noun,[slab],"a large, flat, thick piece of stone, concrete, or other solid material","tấm/phiến (đá, bê tông...) dày và phẳng"
slack,adjective,[slack],"not tight, tense, or firm; not busy or active","chùng, lỏng lẻo; trì trệ, ít việc"
slack,noun,[slack],"the loose, hanging part of a rope, or a period of reduced business or activity","phần chùng của dây; khoảng thời gian ít việc, nhàn rỗi"
slam,verb,[slam],"to shut, put down, or hit something forcefully and loudly","đóng sầm, đập mạnh"
sleeplessness,noun,[sleep]-less-ness,the state or condition of being unable to sleep,chứng mất ngủ
sleepy,adjective,[sleep]-y,feeling a need or desire for sleep; drowsy,buồn ngủ
sloppy,adjective,[slop]-y,"careless, untidy, or lacking precision and care","cẩu thả, luộm thuộm"
sluggish,adjective,[slug]-gish,"slow-moving, inactive, or lacking energy","chậm chạp, ì ạch, uể oải"
slum,noun,[slum],"a heavily populated, run-down and impoverished area of a city",khu ổ chuột
smoky,adjective,[smoke]-y,"filled with, producing, or resembling smoke","đầy khói, ám khói, có mùi khói"
smuggler,noun,[smuggle]-r,a person who moves goods illegally into or out of a country,kẻ buôn lậu
socioeconomic,adjective,socio-[economic],relating to a combination of social and economic factors,thuộc về kinh tế - xã hội
solvent,adjective,[solvent],having enough money to pay all of one's debts,"có khả năng thanh toán nợ, không mắc nợ"
solvent,noun,[solvent],a liquid that is able to dissolve another substance to form a solution,dung môi
soot,noun,[soot],"a black powdery or flaky substance produced by the incomplete burning of coal, wood, etc.","bồ hóng, muội than"
sore,adjective,[sore],"(of a part of the body) painful or aching, especially from injury or overuse","đau, nhức"
sore,noun,[sore],"a raw, painful, or inflamed place on the body","vết đau, vết loét"
soup,noun,[soup],"a liquid food made by boiling meat, fish, or vegetables with stock, water, or milk","súp, canh"
sour,adjective,[sour],"having a sharp, acidic taste like that of vinegar or lemon",chua
sour,verb,[sour],"to become or make unpleasant, hostile, or less satisfactory",trở nên/làm cho xấu đi (mối quan hệ)
spa,noun,[spa],"a place offering health and beauty treatments, often through a mineral spring","spa, khu chăm sóc sức khỏe và sắc đẹp"
sparingly,adverb,[spare]-ing-ly,in a small or limited amount; frugally,"một cách dè sẻn, tiết kiệm, hạn chế"
spatial,adjective,[space]-ial,"relating to the position, area, or size of things in space",thuộc về không gian
spearhead,verb,[spear]-[head],"to lead or drive forward an attack, campaign, or endeavor","dẫn đầu, làm mũi nhọn cho (một chiến dịch)"
spearhead,noun,[spear]-[head],"the leading person, group, or force in an attack or campaign; the point of a spear","người/lực lượng dẫn đầu, mũi nhọn (của chiến dịch)"
spectacularly,adverb,[spectacular]-ly,"in a very impressive, dramatic, or striking way","một cách ngoạn mục, ấn tượng"
spike,noun,[spike],"a thin, pointed piece of metal or other hard material, or a sudden sharp increase",đầu đinh nhọn; sự tăng vọt đột ngột
spike,verb,[spike],"to increase suddenly and sharply, or to secretly add alcohol or drugs to a drink",tăng vọt đột ngột; pha lén (rượu/thuốc) vào đồ uống
spiral,noun,[spiral],a continuous curve that winds around a central point while getting closer to or farther from it,hình xoắn ốc
spiral,verb,[spiral],"to move in a spiral course, or to increase or decrease rapidly and uncontrollably",xoáy trôn ốc; tăng/giảm nhanh mất kiểm soát
splatter,verb,[splatter],to splash a liquid or soft substance in scattered drops,"làm bắn tung tóe, văng tóe"
splice,verb,[splice],"to join two things together, especially ropes, film, or lengths of genetic material","nối, ghép (dây thừng, phim, gen)"
spout,noun,[spout],a projecting tube or lip through which liquid is poured out or discharged,"vòi (ấm, bình...)"
spout,verb,[spout],"to pour out forcefully in a stream, or to speak at length in a tedious way",phun ra thành dòng; nói thao thao bất tuyệt
spur,noun,[spur],a thing that prompts or encourages an action; a spiked device worn on a rider's heel,động lực thúc đẩy; cựa (gắn ở gót giày người cưỡi ngựa)
spur,verb,[spur],"to encourage or stimulate an activity, development, or event","thúc đẩy, kích thích"
stabilize,verb,[stable]-ize,"to make or become stable, steady, or firmly established","làm ổn định, ổn định hóa"
stagehand,noun,[stage]-[hand],a person who moves scenery and props behind the scenes in a theater,"nhân viên hậu trường sân khấu (chuyển cảnh, đạo cụ)"
stale,adjective,[stale],"no longer fresh; having lost original taste, quality, or interest","cũ, thiu, ôi (thức ăn); nhàm chán (ý tưởng)"
standpoint,noun,[stand]-[point],a particular point of view or attitude toward something,"quan điểm, lập trường"
standstill,noun,[stand]-[still],a situation in which all activity or movement has stopped,"sự đình trệ, ngừng trệ hoàn toàn"
starchy,adjective,[starch]-y,containing a large amount of starch,chứa nhiều tinh bột
startup,noun,[start]-[up],"a newly established business, especially in the technology sector",công ty khởi nghiệp
stead,noun,[stead],the place or role that someone or something takes in place of another (used in 'in someone's stead'),vị trí thay thế (dùng trong cụm 'thay cho ai đó')
stewardship,noun,[steward]-ship,the responsible planning and management of resources or something entrusted to one's care,"sự quản lý, coi sóc có trách nhiệm"
stewart,noun,[Stewart],"a surname and given name, a variant spelling of 'steward'",họ/tên riêng Stewart (biến thể chính tả của 'steward')
sting,verb,[sting],"(of an insect, plant, or animal) to wound with a sharp-pointed part, causing sharp pain","đốt, chích (gây đau nhói)"
sting,noun,[sting],"a sharp pain caused by a sting, or an elaborate operation to trick a criminal into self-incrimination","vết đốt, cảm giác đau nhói; vụ gài bẫy (của cảnh sát)"
strangle,verb,[strangle],"to kill someone by squeezing their throat, or to severely suppress or hinder something","bóp cổ, siết cổ đến chết; kìm hãm nghiêm trọng"
strategically,adverb,[strategy]-ic-al-ly,in a way that is carefully planned to achieve a particular long-term aim,"một cách có chiến lược, một cách chiến lược"
strategist,noun,[strategy]-ist,"a person skilled in planning action or policy, especially in politics or business",nhà chiến lược
strawberry,noun,[straw]-[berry],"a soft, red, edible fruit with a seed-studded surface",quả dâu tây
streak,noun,[streak],"a long, thin line or mark of a different color or substance; a continuous run of a specified kind","vệt, sọc; chuỗi (thắng/thua liên tiếp)"
streak,verb,[streak],"to move very fast in a particular direction, or to mark something with streaks",chạy vụt qua rất nhanh; để lại vệt trên bề mặt
stu,noun,[Stu],an informal short form of the given name 'Stuart' (not a standard common English word),tên riêng viết tắt 'Stu' (dạng thân mật của Stuart)
stubbornly,adverb,[stubborn]-ly,in a way that shows a determined refusal to change one's attitude despite pressure,"một cách bướng bỉnh, ngoan cố"
stubbornness,noun,[stubborn]-ness,the quality of being determinedly unwilling to change one's mind or actions,"tính bướng bỉnh, ngoan cố"
studious,adjective,[study]-ous,devoted to or marked by careful and diligent study,"chăm học, chuyên cần trong học tập"
stump,noun,[stump],the base of a tree left in the ground after the trunk has been cut down,gốc cây (sau khi bị chặt)
stump,verb,[stump],to baffle or confuse someone completely so they cannot answer,"làm ai đó bí, không trả lời được"
stylistic,adjective,[style]-istic,"relating to style, especially in literature, art, or writing","thuộc về phong cách (văn học, nghệ thuật)"
styrofoam,noun,[Styrofoam],"a lightweight rigid plastic foam material, often used for packaging or insulation (trademark)","xốp styrofoam (nhựa xốp nhẹ, dùng để đóng gói/cách nhiệt)"
substantiate,verb,sub-[stant]-iate,to provide evidence or proof to support or establish the truth of a claim,"chứng minh, đưa ra bằng chứng xác thực"
subtlety,noun,[subtle]-ty,"the quality of being subtle, or a fine distinction or detail that is hard to notice","sự tinh tế; chi tiết tinh vi, khó nhận ra"
subtly,adverb,[subtle]-ly,in a way that is not obvious or easy to notice; delicately,"một cách tinh tế, kín đáo"
suffice,verb,[suffice],to be enough or adequate for a particular purpose,"đủ, đáp ứng đủ nhu cầu"
suffocate,verb,[suffocate],to die or cause someone to die from being unable to breathe; to feel unable to breathe,"làm ngạt thở, làm chết ngạt"
suitability,noun,[suitable]-ity,the quality of being right or appropriate for a particular purpose or occasion,"sự phù hợp, tính thích hợp"
sunset,noun,[sun]-[set],the time in the evening when the sun descends below the horizon,"hoàng hôn, lúc mặt trời lặn"
sunshine,noun,[sun]-[shine],"direct sunlight, unbroken by cloud",ánh nắng mặt trời
superstition,noun,super-[stition],a belief or practice not based on reason but on fear of the unknown or trust in magic,"sự mê tín, dị đoan"
supervisory,adjective,super-[vise]-ory,relating to the overseeing or directing of work or of other workers,"thuộc về giám sát, quản lý"
supranational,adjective,supra-[nation]-al,"having power, influence, or membership extending beyond the boundaries of one nation","siêu quốc gia, vượt trên phạm vi một quốc gia"
suspense,noun,[suspense],a state of excited or anxious uncertainty about what will happen next,"sự hồi hộp, căng thẳng khi chờ đợi"
swathe,verb,[swathe],to wrap or bind someone or something in layers of fabric or bandages,"quấn, bọc (bằng vải, băng gạc)"
swathe,noun,[swathe],a broad strip or large area of something,một dải/khu vực rộng lớn
swiss,adjective,[Swiss],"relating to Switzerland, its people, or their language",thuộc về Thụy Sĩ
switchback,noun,[switch]-[back],"a road, railway, or path that zigzags sharply up a steep slope",đường zíc-zắc lên dốc
switzerland,noun,[Switzerland],a landlocked country in central Europe,Thụy Sĩ (quốc gia ở Trung Âu)
syphon,noun,[syphon],a variant spelling of 'siphon'; a tube used to transfer liquid using a difference in pressure,biến thể chính tả của 'siphon' (ống xi-phông)
tack,noun,[tack],"a small, sharp nail with a flat head, or a particular approach or course of action","đinh bấm nhỏ, đầu bẹt; hướng đi/cách tiếp cận"
tack,verb,[tack],"to fasten something with tacks, or to change a sailing boat's direction, or to add something as an extra",đóng ghim bằng đinh bấm; đổi hướng thuyền buồm; gắn thêm vào
takeover,noun,[take]-[over],"the act of assuming control of something, especially a business, often by buying most of its shares","sự thâu tóm, tiếp quản (một công ty)"
tame,adjective,[tame],(of an animal) not dangerous or frightened of people; domesticated,"thuần, đã được thuần hóa, dễ bảo"
tame,verb,[tame],"to domesticate a wild animal, or to bring something under control","thuần hóa (động vật); kiểm soát, chế ngự"
tarmac,noun,[tarmac],a road surface or airport runway made from a mixture of tar and crushed stone,mặt đường/đường băng trải nhựa
tasty,adjective,[taste]-y,"having a pleasant, distinct, and appetizing flavor",ngon miệng
taylor,noun,[Taylor],"a surname, a variant spelling of 'tailor' (a person who makes clothes)",họ Taylor (biến thể của 'tailor' - thợ may)
tease,verb,[tease],"to make fun of someone playfully, or to provoke them in a light-hearted or annoying way","trêu chọc, chọc ghẹo"
technicality,noun,[technical]-ity,"a small detail or precise point, especially a legal rule, that is strictly applied",chi tiết/quy định kỹ thuật (thường trong luật)
technologically,adverb,[technology]-ical-ly,with regard to technology or the use of technology,về mặt công nghệ
tedious,adjective,[tedium]-ous,"too long, slow, or dull; tiresome and boring","tẻ nhạt, buồn tẻ, chán ngắt"
telegraphy,noun,tele-[graph]-y,the technology or process of sending messages over a distance by coded electrical signals,kỹ thuật điện báo
tennis,noun,[tennis],a sport played by two or four players hitting a ball over a net with rackets,môn quần vợt (tennis)
terminate,verb,[termin]-ate,"to bring something, such as a contract or process, to an end","chấm dứt, kết thúc"
terrace,noun,[terrace],"a flat paved or gravelled area next to a building, or a row of houses built as one continuous structure","sân thượng, hiên nhà; dãy nhà liền kề"
terrestrial,adjective,[terrestrial],"relating to the Earth or dry land, as opposed to air or water",thuộc về trái đất/mặt đất
terrorism,noun,[terror]-ism,"the unlawful use of violence and intimidation, especially against civilians, in pursuit of political aims",chủ nghĩa khủng bố
testament,noun,[testament],something that serves as evidence or proof of a fact or event; a legal document disposing of one's property after death,"bằng chứng, minh chứng; di chúc"
thai,adjective,[Thai],"relating to Thailand, its people, culture, or language",thuộc về Thái Lan
theoretic,adjective,[theory]-ic,concerned with or based on theory rather than practical application (a less common variant of 'theoretical'),thuộc về lý thuyết
theorize,verb,[theory]-ize,to form a theory or theories about a subject rather than relying only on experience or evidence,"đưa ra giả thuyết, lý thuyết hóa"
therapeutic,adjective,[therapy]-eutic,"relating to the treatment of disease, or having a beneficial effect on physical or mental well-being","có tính chữa bệnh, trị liệu"
thief,noun,[thief],"a person who steals another person's property, especially by stealth and without force",kẻ trộm
thirtieth,adjective,[thirty]-eth,next in order after the twenty-ninth; being one of thirty equal parts,thứ ba mươi
thrash,verb,[thrash],"to beat someone repeatedly and violently, or to defeat an opponent decisively",đánh đập dữ dội; đánh bại hoàn toàn (đối thủ)
thrift,noun,[thrift],the quality of using money and other resources carefully and without waste,"tính tiết kiệm, cần kiệm"
throne,noun,[throne],"the ceremonial chair occupied by a monarch, or the position or power of being a monarch",ngai vàng; ngôi vua
thrust,noun,[thrust],"a sudden strong forward movement or force, or the main point of an argument","lực đẩy mạnh; trọng tâm, ý chính (của lập luận)"
thrust,verb,[thrust],to push someone or something suddenly and forcefully in a particular direction,"đẩy mạnh, xô mạnh, tống vào"
thursday,noun,[Thursday],the day of the week before Friday and after Wednesday,thứ Năm
timescales,noun,[time]-[scale]-s,the periods of time over which something is planned or takes place,"khung thời gian, mốc thời gian"
timid,adjective,[timid],showing a lack of courage or confidence; easily frightened,"nhút nhát, rụt rè, e dè"
tirelessly,adverb,[tire]-less-ly,"with great, sustained effort and energy, without becoming tired or giving up","không mệt mỏi, kiên trì bền bỉ"
tolerable,adjective,[tolerate]-able,able to be endured or put up with; fairly good but not excellent,"có thể chịu đựng được; tạm ổn, khá"
toothache,noun,[tooth]-[ache],a pain located in or around a tooth,đau răng
tor,noun,[tor],"a rocky hill or peak, especially one found in southwestern England (British English, regional)","đồi/mỏm đá (từ vùng miền, tiếng Anh Anh)"
torpedo,noun,[torpedo],a self-propelled underwater weapon designed to explode on hitting a target,ngư lôi
torpedo,verb,[torpedo],"to attack or sink with a torpedo, or to deliberately ruin a plan or negotiation","phóng ngư lôi tấn công; cố ý phá hỏng (kế hoạch, đàm phán)"
towel,noun,[towel],a piece of absorbent cloth or paper used for drying the body or wiping surfaces,"khăn tắm, khăn lau"
townspeople,noun,[town]-[people],the people who live in a particular town,người dân thị trấn
trafficker,noun,[traffic]-er,"a person who trades illegally in something, especially drugs, weapons, or people","kẻ buôn lậu, buôn bán trái phép (ma túy, người...)"
transitional,adjective,[transition]-al,relating to or characteristic of a process or period of change from one state to another,thuộc về giai đoạn chuyển tiếp
traverse,verb,trans-[verse],"to travel across, over, or through an area or obstacle","băng qua, vượt qua (một khu vực, chướng ngại)"
tray,noun,[tray],"a flat, shallow container with a raised edge, used for carrying or holding items",khay
tremble,verb,[tremble],"to shake involuntarily, typically as a result of fear, cold, weakness, or excitement",run rẩy
trickery,noun,[trick]-ery,the use of deception or cunning tricks to achieve one's aims,"sự lừa gạt, mưu mẹo, thủ đoạn"
trilogy,noun,tri-[log]-y,"a group of three related novels, plays, films, or other works",bộ ba tác phẩm (phim/sách) liên hoàn
trivia,noun,[trivia],"unimportant facts or details, or a game or quiz testing knowledge of such facts",kiến thức vụn vặt; trò chơi/câu đố kiến thức
trump,noun,[trump],"a playing card of a suit that, for the duration of a hand, ranks above cards of other suits",quân bài chủ (trong bộ bài)
trump,verb,[trump],"to beat or surpass someone or something by using a superior resource, claim, or move","vượt trội hơn, lấn át, đè bẹp"
trusteeship,noun,[trust]-ee-ship,"the position or responsibility of being a trustee, or a territory placed under the administrative control of another country",chức vụ ủy thác quản lý; chế độ ủy trị (lãnh thổ)
truthfulness,noun,[truth]-ful-ness,the quality of being honest and telling the truth,"tính trung thực, sự thành thật"
tumble,verb,[tumble],"to fall suddenly, clumsily, or headlong","ngã lộn nhào, té nhào bất ngờ"
turbulent,adjective,[turbulent],"characterized by conflict, disorder, confusion, or instability","hỗn loạn, náo động, bất ổn"
turkish,adjective,[Turk]-ish,"relating to Turkey, its people, culture, or language",thuộc về Thổ Nhĩ Kỳ
typeface,noun,[type]-[face],a particular design of printed or digital lettering; a font,kiểu chữ (font chữ)
uganda,noun,[Uganda],a country in East Africa,Uganda (quốc gia ở Đông Phi)
ukraine,noun,[Ukraine],a country in Eastern Europe,Ukraine (quốc gia ở Đông Âu)
unaffected,adjective,un-[affect]-ed,"not influenced or changed by something; behaving in a genuine, natural way","không bị ảnh hưởng; tự nhiên, không giả tạo"
unasked,adjective,un-[ask]-ed,"not requested, invited, or asked for","không được hỏi/yêu cầu, tự ý đưa ra"
unbounded,adjective,un-[bound]-ed,having no limits; not restrained or restricted,"không giới hạn, vô hạn"
uncivilized,adjective,un-[civilize]-d,not socially or culturally advanced; lacking good manners or refinement,"không văn minh, mọi rợ, thô lỗ"
uncollected,adjective,un-[collect]-ed,"not gathered, picked up, or retrieved",chưa được thu gom/lấy về
uncomfortably,adverb,un-[comfort]-able-ly,in a way that causes physical or mental unease,"một cách khó chịu, không thoải mái"
uncommitted,adjective,un-[commit]-ed,"not pledged or bound to a particular cause, party, or course of action","chưa cam kết, chưa dấn thân theo phe nào"
uncontested,adjective,un-[contest]-ed,not disputed or challenged by anyone,không bị tranh chấp hay phản đối
unconvinced,adjective,un-[convince]-d,not persuaded that something is true or right,chưa/không bị thuyết phục
undamaged,adjective,un-[damage]-d,"not harmed, hurt, or injured; still intact","không bị hư hại, còn nguyên vẹn"
understanding,noun,under-[stand]-ing,"the ability to comprehend something, or a sympathetic awareness of other people's feelings","sự hiểu biết; sự thông cảm, thấu hiểu"
understanding,adjective,under-[stand]-ing,sympathetically aware of other people's feelings; tolerant and forgiving,"biết thông cảm, thấu hiểu, khoan dung"
undeserving,adjective,un-[deserve]-ing,"not meriting or worthy of something, especially help or reward",không xứng đáng
undiluted,adjective,un-[dilute]-d,not weakened by the addition of water or another substance; whole and complete,"không bị pha loãng; nguyên chất, trọn vẹn"
undisclosed,adjective,un-dis-[close]-ed,not revealed or made known to others,"không được tiết lộ, giấu kín"
unduly,adverb,un-[due]-ly,to an excessive or inappropriate degree; more than is reasonable,"một cách quá mức, không đúng mực"
unending,adjective,un-[end]-ing,having or seeming to have no end; continuing indefinitely,"không dứt, bất tận, liên miên"
unfamiliarity,noun,un-[familiar]-ity,"lack of knowledge, experience, or acquaintance with something","sự không quen thuộc, thiếu hiểu biết"
unforgiving,adjective,un-[forgive]-ing,"not willing to forgive mistakes; harsh, or (of conditions) severe and dangerous","không khoan dung, không tha thứ; khắc nghiệt"
unguarded,adjective,un-[guard]-ed,"not protected or watched over, or careless and lacking caution",không được bảo vệ/canh gác; thiếu thận trọng
unheard,adjective,un-[hear]-d,"not perceived by the ear, or not listened to or given consideration",không được nghe thấy; không được lắng nghe/xem xét
unhesitatingly,adverb,un-[hesitate]-ing-ly,"without hesitation, pause, or delay","không do dự, ngay lập tức, dứt khoát"
unhurried,adjective,un-[hurry]-ed,"moving or acting in a relaxed manner, without haste","thong thả, không vội vã"
unidentified,adjective,un-[identify]-ed,not identified; of unknown identity or origin,chưa được xác định danh tính
unimpressive,adjective,un-[impress]-ive,not impressive; unremarkable or mediocre,"không ấn tượng, tầm thường"
uninhabitable,adjective,un-[inhabit]-able,not fit or suitable to live in,"không thể ở được, không thích hợp để sinh sống"
uninspiring,adjective,un-[inspire]-ing,"not exciting, stimulating, or interesting; dull","nhàm chán, không truyền cảm hứng"
uninsured,adjective,un-[insure]-ed,not covered by insurance,không được bảo hiểm
unintentional,adjective,un-[intention]-al,not done on purpose; accidental,"không cố ý, vô tình"
uninvited,adjective,un-[invite]-ed,not asked or welcomed to come,không được mời
unison,noun,[unison],the state of doing or saying the same thing at the same time; complete agreement,"sự đồng thanh, sự nhất trí hoàn toàn"
unity,noun,[unit]-y,the state of being united into one; oneness or agreement,"sự đoàn kết, sự thống nhất"
unknowingly,adverb,un-[know]-ing-ly,without being aware; unintentionally,"một cách vô tình, không hề hay biết"
unlicensed,adjective,un-[license]-ed,not having an official license or permit,không có giấy phép
unloved,adjective,un-[love]-ed,not loved or cared for by anyone,không được yêu thương
unnecessarily,adverb,un-[necessary]-ly,in a way that is not needed,một cách không cần thiết
unneeded,adjective,un-[need]-ed,not needed; unnecessary,"không cần thiết, thừa"
unobserved,adjective,un-[observe]-ed,not seen or noticed by anyone,"không bị ai để ý, không bị phát hiện"
unobstructed,adjective,un-[obstruct]-ed,not blocked; having a clear path or view,"không bị cản trở, thông thoáng"
unofficial,adjective,un-[official],not officially confirmed or authorized,không chính thức
unopposed,adjective,un-[oppose]-ed,not opposed; facing no opposition or rival,"không bị phản đối, không có đối thủ"
unpopular,adjective,un-[popular],not liked or supported by many people,"không được ưa chuộng, không phổ biến"
unpublished,adjective,un-[publish]-ed,not yet made available to the public in print,chưa được xuất bản
unrealized,adjective,un-[realize]-ed,not achieved or made to happen,"chưa được thực hiện, chưa đạt được"
unrecorded,adjective,un-[record]-ed,not written down or documented,"không được ghi lại, không có ghi chép"
unreleased,adjective,un-[release]-ed,not yet made available to the public,chưa được phát hành
unrelieved,adjective,un-[relieve]-ed,not eased or lessened; constant and unbroken,"không được giảm bớt, kéo dài liên tục"
unresolved,adjective,un-[resolve]-ed,"not settled, decided, or solved",chưa được giải quyết
unsheathe,verb,un-[sheathe],to draw a blade or weapon out of its covering sheath,"rút (kiếm, dao) ra khỏi vỏ"
unsold,adjective,un-[sold],not sold; remaining without a buyer,"chưa bán được, ế hàng"
unspecified,adjective,un-[specify]-ed,not stated explicitly or exactly,"không được nêu rõ, không xác định"
unsubstantiated,adjective,un-[substantiate]-ed,not supported or proven with evidence,"chưa được chứng minh, vô căn cứ"
unsung,adjective,un-[sung],"not celebrated or praised, despite deserving recognition","không được ca ngợi, thầm lặng (vô danh)"
unsupported,adjective,un-[support]-ed,"not backed up, held up, or corroborated","không được hỗ trợ, không có căn cứ"
untangle,verb,un-[tangle],to free something from a twisted or knotted state,gỡ rối
untried,adjective,un-[try]-ed,not yet tested or attempted,chưa được thử nghiệm
unveil,verb,un-[veil],to remove a covering from something in order to reveal it; to make publicly known,"vén màn, tiết lộ, ra mắt"
unwarranted,adjective,un-[warrant]-ed,not justified or authorized; uncalled for,"không có căn cứ, không chính đáng"
unwillingly,adverb,un-[will]-ing-ly,in a reluctant manner; not by choice,"một cách miễn cưỡng, không tự nguyện"
unworthy,adjective,un-[worthy],"not deserving of respect, attention, or something specified",không xứng đáng
upstairs,adverb,up-[stairs],on or to an upper floor of a building,"ở tầng trên, lên lầu"
upwards,adverb,up-[ward]-s,moving toward or from a higher position or level,"hướng lên trên, đi lên"
urine,noun,[urine],the liquid waste product excreted by the kidneys,nước tiểu
url,noun,[url],the address of a resource on the internet (Uniform Resource Locator),"địa chỉ trang web, đường dẫn URL"
usability,noun,[use]-ability,the degree to which something is easy to use or operate,"tính dễ sử dụng, khả năng sử dụng"
uselessly,adverb,[use]-less-ly,in a way that serves no purpose or effect,một cách vô ích
uselessness,noun,[use]-less-ness,the quality of having no useful purpose,"sự vô ích, tính vô dụng"
utterly,adverb,[utter]-ly,completely and totally,"hoàn toàn, triệt để"
uzbekistan,noun,[uzbekistan],a landlocked country in Central Asia,U-dơ-bê-ki-xtan (quốc gia ở Trung Á)
vase,noun,[vase],"an open decorative container, typically used to hold cut flowers","bình hoa, lọ hoa"
velocity,noun,[velocity],the speed of something in a given direction,vận tốc
vendor,noun,[vend]-or,a person or company that sells something,"người bán hàng, nhà cung cấp"
vent,noun,[vent],"an opening that allows air, gas, or liquid to pass into or out of an enclosed space",lỗ thông hơi
vent,verb,[vent],to express a strong emotion freely,"trút bỏ, giải tỏa (cảm xúc)"
versatile,adjective,[versatile],able to adapt or be used for many different functions or activities,"đa năng, linh hoạt"
veto,noun,[veto],the right or power to reject a decision or proposal,quyền phủ quyết
veto,verb,[veto],to refuse to allow or approve something officially,"phủ quyết, bác bỏ"
vicinity,noun,[vicinity],the area near or surrounding a particular place,"khu vực lân cận, vùng phụ cận"
vincent,noun,[vincent],a common masculine given name,Vincent (tên riêng nam giới)
violation,noun,[violate]-ion,"an act of breaking or failing to comply with a law, rule, or agreement",sự vi phạm
virtuoso,noun,[virtuoso],"a person highly skilled in a particular art, especially music","nghệ sĩ bậc thầy, người có tài năng xuất chúng"
visualize,verb,[visual]-ize,to form a mental image or picture of something,"hình dung, tưởng tượng ra"
volvo,noun,[volvo],a Swedish automobile manufacturer and brand,Volvo (hãng xe hơi của Thụy Điển)
vomit,verb,[vomit],to eject the contents of the stomach through the mouth,"nôn, mửa"
vouch,verb,[vouch],to give assurance that someone or something is reliable or accurate,"bảo đảm, chứng thực (cho ai/việc gì)"
wad,noun,[wad],"a small compact mass of soft material, or a bundle of banknotes","cục, nắm nhỏ; xấp tiền"
wag,verb,[wag],"to move something, especially a tail, rapidly from side to side","vẫy, ngoe nguẩy (đuôi)"
waive,verb,[waive],"to choose not to insist on or use a right, claim, or requirement","từ bỏ, miễn (quyền lợi, yêu cầu)"
wartime,noun,[war]-[time],a period during which a war is taking place,thời chiến
wary,adjective,[wary],feeling or showing caution about possible dangers or problems,"thận trọng, cảnh giác"
wastefully,adverb,[waste]-ful-ly,"in a way that uses more of something than is needed, causing waste",một cách lãng phí
watchman,noun,[watch]-[man],"a person employed to guard a building, especially at night","người canh gác, bảo vệ"
waterfall,noun,[water]-[fall],a cascade of water falling from a height,thác nước
waterproof,adjective,[water]-[proof],not letting water through; resistant to water,"chống nước, không thấm nước"
weaponry,noun,[weapon]-ry,weapons considered collectively,vũ khí (nói chung)
webinar,noun,[webinar],a seminar or presentation conducted over the internet,hội thảo trực tuyến
weightlifter,noun,[weight]-[lift]-er,"a person who lifts weights, especially as a competitive sport",vận động viên cử tạ
whale,noun,[whale],a very large marine mammal,cá voi
whatnot,noun,[what]-[not],used to refer to other unspecified things of a similar kind,"và những thứ tương tự, vân vân"
whilst,conjunction,[whilst],during the time that; while (chiefly British or literary),"trong khi (văn phong Anh-Anh, trang trọng)"
whoosh,noun,[whoosh],a rushing sound made by something moving quickly through the air,"tiếng vút, tiếng rít (khi vật gì lướt qua nhanh)"
wilderness,noun,[wild]-erness,"an uncultivated, uninhabited, and inhospitable region","vùng hoang dã, hoang mạc"
wingtip,noun,[wing]-[tip],the outer end of an aircraft's wing,đầu cánh (máy bay)
woodcut,noun,[wood]-[cut],a print made from a design cut into a block of wood,tranh khắc gỗ
woodland,noun,[wood]-[land],land that is covered with trees; forest,"rừng cây, đất rừng"
working,adjective,[work]-ing,"functioning properly, or currently employed and doing a job","đang hoạt động, đang đi làm"
workload,noun,[work]-[load],the amount of work to be done by a person or machine,khối lượng công việc
workman,noun,[work]-[man],a man employed to do manual or skilled labor,"người thợ, công nhân"
worksheet,noun,[work]-[sheet],a sheet of paper with exercises or a form for recording work-related data,"phiếu bài tập, bảng ghi công việc"
wrench,noun,[wrench],"a tool used for gripping and turning nuts, bolts, and pipes","cờ lê, mỏ lết"
wrench,verb,[wrench],to pull or twist something suddenly and violently,"giật mạnh, vặn xoắn đột ngột"
wring,verb,[wring],"to twist and squeeze something tightly, especially to force liquid out of it","vắt, vặn (để lấy nước ra)"
wrongdoer,noun,[wrong]-[do]-er,a person who behaves illegally or immorally,"kẻ làm điều sai trái, người phạm tội"
yale,noun,[yale],"a prestigious American university, or a brand of lock",Yale (trường đại học Mỹ; cũng là thương hiệu khóa)
zaire,noun,[zaire],"the former name (1971-1997) of the Democratic Republic of the Congo, also its currency",Zaire (tên cũ của CHDC Congo; cũng là đơn vị tiền tệ)
zairian,adjective,[zair]-ian,"relating to Zaire, or a native or inhabitant of Zaire",thuộc về Zaire; người Zaire
