word,pos,meaning_en,meaning_vi
ablest,adjective,"to have the skill, intelligence, opportunity, etc. needed to do something | superlative","to have the skill, intelligence, opportunity, etc. needed to do something | so sánh nhất"
accessors,noun,the opportunity or right to use something or to see somebody/something | person/thing that does (noun,the opportunity or right to use something or to see somebody/something | person/vật thực hiện (danh từ
acculturated,verb,"not/without (Greek | VD: aboard | the customs and beliefs, art, way of life and social organization of a particular country or group | to make/become (verb | adjective","not/khong có (Greek | VD: aboard | the customs and beliefs, art, way of life and social organization of a particular country or group | lam cho/become (động từ | t tính từ"
actuarially,adverb,"a particular thing that somebody does | relating to, place for (adjective/noun | relating to (adjective | noun | adverb of manner / adjective (like","a particular thing that somebody does | li quan đến, place for (t tính từ/danh từ | li quan đến (t tính từ | danh từ | trạng từ chỉ cách thức / t tính từ (like"
airbase,noun,"the mixture of gases that surrounds the earth and that we breathe + the lowest part of something, especially the part or surface on which it rests or stands","the mixture of gases that surrounds the earth and that we breathe + the lowest part of something, especially the part or surface on which it rests or stands"
airbed,noun,the mixture of gases that surrounds the earth and that we breathe + a piece of furniture for sleeping on,the mixture of gases that surrounds the earth and that we breathe + a piece of furniture for sleeping on
airhole,noun,the mixture of gases that surrounds the earth and that we breathe + a hollow space in something solid or in the surface of something,the mixture of gases that surrounds the earth and that we breathe + a hollow space in something solid or in the surface of something
airhostess,noun,"the mixture of gases that surrounds the earth and that we breathe + a person who invites guests to a meal, a party, etc. or who has people staying at their house | female (noun","the mixture of gases that surrounds the earth and that we breathe + a person who invites guests to a meal, a party, etc. or who has people staying at their house | nữ (danh từ"
airier,noun,the mixture of gases that surrounds the earth and that we breathe | having quality of; noun/adjective | person who does; comparative,the mixture of gases that surrounds the earth and that we breathe | cóĩ·· tính chất của; danh từ/t tính từ | người thực hiện; so sánh hơn
airiest,adjective,the mixture of gases that surrounds the earth and that we breathe | having quality of; noun/adjective | superlative,the mixture of gases that surrounds the earth and that we breathe | cóĩ·· tính chất của; danh từ/t tính từ | so sánh nhất
airpark,noun,"the mixture of gases that surrounds the earth and that we breathe + an area of public land in a town or a city where people go to walk, play and relax","the mixture of gases that surrounds the earth and that we breathe + an area of public land in a town or a city where people go to walk, play and relax"
alcoholically,adverb,"drinks such as beer, wine, etc. that can make people drunk | relating to (adjective | adverb of manner / adjective (like","drinks such as beer, wine, etc. that can make people drunk | li quan đến (t tính từ | trạng từ chỉ cách thức / t tính từ (like"
amidst,noun,not/without (Greek | VD: aboard | the middle part of something,not/khong có (Greek | VD: aboard | the middle part of something
amongst,adjective,surrounded by somebody/something; in the middle of somebody/something | superlative,surrounded by somebody/something; in the middle of somebody/something | so sánh nhất
amoral,adjective,not/without (Greek | VD: aboard | connected with principles of right and wrong behaviour,not/khong có (Greek | VD: aboard | connected with principles of right and wrong behaviour
amusedly,adverb,(không có định nghĩa trong Oxford 5000 - root này không phải headword độc lập | adverb of manner / adjective (like,(không có định nghĩa trong Oxford 5000 - root này không phải headword độc lập | trạng từ chỉ cách thức / t tính từ (like
angrier,noun,having strong feelings about something that you dislike very much or about an unfair situation | person who does; comparative,having strong feelings about something that you dislike very much or about an unfair situation | người thực hiện; so sánh hơn
angriest,adjective,having strong feelings about something that you dislike very much or about an unfair situation | superlative,having strong feelings about something that you dislike very much or about an unfair situation | so sánh nhất
antipathetically,adverb,against | (không có định nghĩa trong Oxford 5000 - root này không phải headword độc lập | relating to (adjective | adverb of manner / adjective (like,chống lại | (không có định nghĩa trong Oxford 5000 - root này không phải headword độc lập | li quan đến (t tính từ | trạng từ chỉ cách thức / t tính từ (like
appleby,unknown,apple(a round fruit with shiny red or green skin that is fairly hard and white inside) + -by(by),quả táo — by (unknown)
areaways,noun,"part of a place, town, etc., or a region of a country or the world + very far; by a large amount","part of a place, town, etc., or a region of a country or the world + very far; by a large amount"
armload,noun,either of the two long parts that stick out from the top of the body and connect the shoulders to the hands + something that is being carried (usually in large amounts,either of the two long parts that stick out from the top of the body and connect the shoulders to the hands + something that is being carried (usually in large amounts
armstrong,noun,"either of the two long parts that stick out from the top of the body and connect the shoulders to the hands + having a lot of physical power so that you can lift heavy weights, do hard physical work, etc.","either of the two long parts that stick out from the top of the body and connect the shoulders to the hands + having a lot of physical power so that you can lift heavy weights, do hard physical work, etc."
arrangers,noun,to plan or organize something in advance | person who does; comparative,to plan or organize something in advance | người thực hiện; so sánh hơn
artier,noun,"the use of the imagination to express ideas or feelings, particularly in painting, drawing or sculpture | having quality of; noun/adjective | person who does; comparative","the use of the imagination to express ideas or feelings, particularly in painting, drawing or sculpture | cóĩ·· tính chất của; danh từ/t tính từ | người thực hiện; so sánh hơn"
artiest,adjective,"the use of the imagination to express ideas or feelings, particularly in painting, drawing or sculpture | having quality of; noun/adjective | superlative","the use of the imagination to express ideas or feelings, particularly in painting, drawing or sculpture | cóĩ·· tính chất của; danh từ/t tính từ | so sánh nhất"
artiness,noun,"the use of the imagination to express ideas or feelings, particularly in painting, drawing or sculpture | having quality of; noun/adjective | state or quality of (noun","the use of the imagination to express ideas or feelings, particularly in painting, drawing or sculpture | cóĩ·· tính chất của; danh từ/t tính từ | trạng thái hoặc tính chất của (danh từ"
ashier,noun,"the grey or black powder that is left after something, especially tobacco, wood or coal, has burnt | having quality of; noun/adjective | person who does; comparative","the grey or black powder that is left after something, especially tobacco, wood or coal, has burnt | cóĩ·· tính chất của; danh từ/t tính từ | người thực hiện; so sánh hơn"
ashman,noun,"the grey or black powder that is left after something, especially tobacco, wood or coal, has burnt + an adult male human","the grey or black powder that is left after something, especially tobacco, wood or coal, has burnt + an adult male human"
attuned,noun,not/without (Greek | VD: aboard | a series of musical notes that are sung or played in a particular order to form a piece of music,not/khong có (Greek | VD: aboard | a series of musical notes that are sung or played in a particular order to form a piece of music
autistically,adverb,a car | relating to (adjective | adverb of manner / adjective (like,a car | li quan đến (t tính từ | trạng từ chỉ cách thức / t tính từ (like
autocoder,noun,"a car + a system of words, letters, numbers or symbols that represent a message or record information secretly or in a shorter form | person who does; comparative","a car + a system of words, letters, numbers or symbols that represent a message or record information secretly or in a shorter form | người thực hiện; so sánh hơn"
autumnally,adverb,"the season of the year between summer and winter, when leaves change colour and the weather becomes colder | relating to (adjective | noun | adverb of manner / adjective (like","the season of the year between summer and winter, when leaves change colour and the weather becomes colder | li quan đến (t tính từ | danh từ | trạng từ chỉ cách thức / t tính từ (like"
backbit,noun,"backward, behind | rather; to some extent","backward, behind | rather; to some extent"
backbitten,verb,"backward, behind | rather; to some extent | to make (verb | adjective","backward, behind | rather; to some extent | lam cho (động từ | t tính từ"
backboards,adjective,"located behind or at the back of something + a long thin piece of strong hard material, especially wood, used, for example, for making floors, building walls and roofs and making boats","located behind or at the back of something + a long thin piece of strong hard material, especially wood, used, for example, for making floors, building walls and roofs and making boats"
backbones,adjective,located behind or at the back of something + any of the hard parts that form the skeleton of the body of a human or an animal,located behind or at the back of something + any of the hard parts that form the skeleton of the body of a human or an animal
backbreakingly,adverb,"located behind or at the back of something + a short period of time when you stop what you are doing and rest, eat, etc. | adverb of manner / adjective (like","located behind or at the back of something + a short period of time when you stop what you are doing and rest, eat, etc. | trạng từ chỉ cách thức / t tính từ (like"
backdoors,adjective,"located behind or at the back of something + a piece of wood, glass, etc. that is opened and closed so that people can get in and out of a room, building, car, etc.; a similar thing in a cupboard","located behind or at the back of something + a piece of wood, glass, etc. that is opened and closed so that people can get in and out of a room, building, car, etc.; a similar thing in a cupboard"
backdrops,adjective,located behind or at the back of something + a very small amount of liquid that forms a round shape,located behind or at the back of something + a very nhỏ amount of liquid that forms a round shape
backspaced,adjective,located behind or at the back of something + the area outside the earth’s atmosphere where all the other planets and stars are,located behind or at the back of something + the area outside the earth’s atmosphere where all the other planets and stars are
backwardly,adverb,located behind or at the back of something | in the direction of (adjective/adverb | adverb of manner / adjective (like,located behind or at the back of something | in the direction of (t tính từ/adverb | trạng từ chỉ cách thức / t tính từ (like
baggier,noun,"a container made of cloth, leather, plastic or paper, used to carry things in, especially when shopping or travelling | having quality of; noun/adjective | person who does; comparative","a container made of cloth, leather, plastic or paper, used to carry things in, especially when shopping or travelling | cóĩ·· tính chất của; danh từ/t tính từ | người thực hiện; so sánh hơn"
baggiest,adjective,"a container made of cloth, leather, plastic or paper, used to carry things in, especially when shopping or travelling | having quality of; noun/adjective | superlative","a container made of cloth, leather, plastic or paper, used to carry things in, especially when shopping or travelling | cóĩ·· tính chất của; danh từ/t tính từ | so sánh nhất"
ballfields,noun,"a round object used for throwing, hitting or kicking in games and sports + an area of land in the country used for growing crops or keeping animals in, usually surrounded by a fence, etc.","a round object used for throwing, hitting or kicking in games and sports + an area of land in the country used for growing crops or keeping animals in, usually surrounded by a fence, etc."
banbury,noun,an official rule that says that something is not allowed + to place a dead body in the ground,an official rule that says that something is not allowed + to place a dead body in the ground
barer,noun,not covered by any clothes | person who does; comparative,not covered by any clothes | người thực hiện; so sánh hơn
barest,adjective,not covered by any clothes | superlative,not covered by any clothes | so sánh nhất
barflies,noun,a place where you can buy and drink alcoholic and other drinks + a small flying insect with two wings. There are many different types of fly and many of them spread disease.,a place where you can buy and drink alcoholic and other drinks + a nhỏ flying insect with two wings. There are many different types of fly and many of them spread disease.
baseman,noun,"the lowest part of something, especially the part or surface on which it rests or stands + an adult male human","the lowest part of something, especially the part or surface on which it rests or stands + an adult male human"
baser,noun,"the lowest part of something, especially the part or surface on which it rests or stands | person who does; comparative","the lowest part of something, especially the part or surface on which it rests or stands | người thực hiện; so sánh hơn"
basest,adjective,"the lowest part of something, especially the part or surface on which it rests or stands | superlative","the lowest part of something, especially the part or surface on which it rests or stands | so sánh nhất"
basketwork,noun,"a container for holding or carrying things. Baskets are made of long thin pieces of material that bends and twists easily, for example plastic, wire or wicker. + the job that a person does especially in order to earn money","a container for holding or carrying things. Baskets are made of long thin pieces of material that bends and twists easily, for example plastic, wire or wicker. + the job that a person does especially in order to earn money"
batters,noun,"a piece of wood with a handle, made in various shapes and sizes, and used for hitting the ball in games such as baseball, cricket and table tennis | person who does; comparative","a piece of wood with a handle, made in various shapes and sizes, and used for hitting the ball in games such as baseball, cricket and table tennis | người thực hiện; so sánh hơn"
batters,verb,"to hit repeatedly and hard, causing damage or injury","đánh liên tiếp và mạnh, gây hư hại hoặc thương tích"
battier,noun,"a piece of wood with a handle, made in various shapes and sizes, and used for hitting the ball in games such as baseball, cricket and table tennis | having quality of; noun/adjective | person who does; comparative","a piece of wood with a handle, made in various shapes and sizes, and used for hitting the ball in games such as baseball, cricket and table tennis | cóĩ·· tính chất của; danh từ/t tính từ | người thực hiện; so sánh hơn"
battiest,adjective,"a piece of wood with a handle, made in various shapes and sizes, and used for hitting the ball in games such as baseball, cricket and table tennis | having quality of; noun/adjective | superlative","a piece of wood with a handle, made in various shapes and sizes, and used for hitting the ball in games such as baseball, cricket and table tennis | cóĩ·· tính chất của; danh từ/t tính từ | so sánh nhất"
battledress,noun,"a fight between armies, ships or planes, especially during a war; a violent fight between groups of people + a piece of clothing that is made in one piece and hangs down to cover the body as far as the legs, sometimes reaching to below the knees, or to the ankles","a fight between armies, ships or planes, especially during a war; a violent fight between groups of people + a piece of clothing that is made in one piece and hangs down to cover the body as far as the legs, sometimes reaching to below the knees, or to the ankles"
battlements,noun,"a fight between armies, ships or planes, especially during a war; a violent fight between groups of people | result/action/state (noun","a fight between armies, ships or planes, especially during a war; a violent fight between groups of people | result/hanh động/state (danh từ"
batwings,noun,"a piece of wood with a handle, made in various shapes and sizes, and used for hitting the ball in games such as baseball, cricket and table tennis + one of the parts of the body of a bird, insect or bat that it uses for flying","a piece of wood with a handle, made in various shapes and sizes, and used for hitting the ball in games such as baseball, cricket and table tennis + one of the parts of the body of a bird, insect or bat that it uses for flying"
beanpole,noun,"a seed, or pod containing seeds, of a climbing plant, eaten as a vegetable. There are several types of bean and the plants that they grow on are also called beans. + a long thin straight piece of wood or metal, especially one with the end placed in the ground, used as a support","a seed, or pod containing seeds, of a climbing plant, eaten as a vegetable. There are several types of bean and the plants that they grow on are also called beans. + a long thin straight piece of wood or metal, especially one with the end placed in the ground, used as a support"
bearably,adjective,a heavy wild animal with thick fur and sharp claws (= pointed parts on the ends of its feet | capable of being (adjective | having quality of; noun/adjective,a heavy wild animal with thick fur and sharp claws (= pointed parts on the ends of its feet | capable of being (t tính từ | cóĩ·· tính chất của; danh từ/t tính từ
bearishly,adverb,"a heavy wild animal with thick fur and sharp claws (= pointed parts on the ends of its feet | somewhat, having quality of (adjective | adverb of manner / adjective (like","a heavy wild animal with thick fur and sharp claws (= pointed parts on the ends of its feet | somewhat, cóĩ·· tính chất của (t tính từ | trạng từ chỉ cách thức / t tính từ (like"
beasties,adjective,"an animal, especially one that is large or dangerous, or one that is unusual | having quality of; noun/adjective","an animal, especially one that is large or dangerous, or one that is unusual | cóĩ·· tính chất của; danh từ/t tính từ"
beastlier,noun,"an animal, especially one that is large or dangerous, or one that is unusual | adverb of manner / adjective (like | person who does; comparative","an animal, especially one that is large or dangerous, or one that is unusual | trạng từ chỉ cách thức / t tính từ (like | người thực hiện; so sánh hơn"
beastliest,adjective,"an animal, especially one that is large or dangerous, or one that is unusual | adverb of manner / adjective (like | superlative","an animal, especially one that is large or dangerous, or one that is unusual | trạng từ chỉ cách thức / t tính từ (like | so sánh nhất"
beatifically,adverb,"a single hit to something, such as a drum, or a movement of something, such as your heart; the sound that this makes | relating to (adjective | adverb of manner / adjective (like","a single hit to something, such as a drum, or a movement of something, such as your heart; the sound that this makes | li quan đến (t tính từ | trạng từ chỉ cách thức / t tính từ (like"
beauteously,adverb,the quality of giving pleasure to the senses or to the mind | having quality of (adjective | adverb of manner / adjective (like,the quality of giving pleasure to the senses or to the mind | cóĩ·· tính chất của (t tính từ | trạng từ chỉ cách thức / t tính từ (like
bedsprings,noun,a piece of furniture for sleeping on + the season between winter and summer when plants begin to grow,a piece of furniture for sleeping on + the season between winter and summer when plants begin to grow
beefier,noun,meat that comes from a cow | having quality of; noun/adjective | person who does; comparative,meat that comes from a cow | cóĩ·· tính chất của; danh từ/t tính từ | người thực hiện; so sánh hơn
beefiest,adjective,meat that comes from a cow | having quality of; noun/adjective | superlative,meat that comes from a cow | cóĩ·· tính chất của; danh từ/t tính từ | so sánh nhất
beerier,noun,an alcoholic drink made from malt with hops added to give it taste. There are many types of beer. | having quality of; noun/adjective | person who does; comparative,an alcoholic drink made from malt with hops added to give it taste. There are many types of beer. | cóĩ·· tính chất của; danh từ/t tính từ | người thực hiện; so sánh hơn
beeriest,adjective,an alcoholic drink made from malt with hops added to give it taste. There are many types of beer. | having quality of; noun/adjective | superlative,an alcoholic drink made from malt with hops added to give it taste. There are many types of beer. | cóĩ·· tính chất của; danh từ/t tính từ | so sánh nhất
befallen,verb,"thoroughly, to make, about | an act of falling | to make (verb | adjective","thoroughly, lam cho, about | an act of falling | lam cho (động từ | t tính từ"
behaviorally,adverb,to do things in a particular way | person/thing that does (noun | relating to (adjective | noun | adverb of manner / adjective (like,to do things in a particular way | person/vật thực hiện (danh từ | li quan đến (t tính từ | danh từ | trạng từ chỉ cách thức / t tính từ (like
believeth,noun,"to feel certain that something is true or that somebody is telling you the truth | ordinal number / state (noun, VD: eighth, warmth","to feel certain that something is true or that somebody is telling you the truth | ordinal number / state (danh từ, VD: eighth, warmth"
bemaddening,verb,"thoroughly, to make, about | very stupid; not at all sensible | to make (verb | adjective","thoroughly, lam cho, about | very stupid; not at all sensible | lam cho (động từ | t tính từ"
benchmarks,noun,"a long seat for two or more people, usually made of wood + a written or printed symbol that is used as a sign of something, for example the quality of something or who made or owns it","a long seat for two or more people, usually made of wood + a written or printed symbol that is used as a sign of something, for example the quality of something or who made or owns it"
benchmarks,verb,to evaluate or measure something by comparing it against a standard,đánh giá hoặc đo lường một thứ gì đó bằng cách so sánh với một chuẩn mực
benightedly,adverb,"thoroughly, to make, about | the time between one day and the next when it is dark, when people usually sleep | adverb of manner / adjective (like","thoroughly, lam cho, about | the time between one day and the next when it is dark, when people usually sleep | trạng từ chỉ cách thức / t tính từ (like"
bestselling,noun,"an animal, especially one that is large or dangerous, or one that is unusual + to give something to somebody in exchange for money","an animal, especially one that is large or dangerous, or one that is unusual + to give something to somebody in exchange for money"
betaken,verb,"thoroughly, to make, about | to carry or move something from one place to another | to make (verb | adjective","thoroughly, lam cho, about | to carry or move something from one place to another | lam cho (động từ | t tính từ"
betties,noun,"an arrangement to risk money, etc. on the result of a particular event; the money that you risk in this way + a long, narrow piece of cloth worn around the neck, especially by men, with a knot in front","an arrangement to risk money, etc. on the result of a particular event; the money that you risk in this way + a long, narrow piece of cloth worn around the neck, especially by men, with a knot in front"
biassing,noun,"a strong feeling in favour of or against one group of people, or one side in an argument, often not based on fair judgement + to make musical sounds with your voice in the form of a song or tune","a strong feeling in favour of or chống lại one group of people, or one side in an argument, often not based on fair judgement + lam cho musical sounds with your voice in the form of a song or tune"
billie,noun,"a document that shows how much you owe somebody for goods or services | small, informal/affectionate (diminutive noun, VD: robbie, billie","a document that shows how much you owe somebody for goods or services | nhỏ, informal/affectionate (diminutive danh từ, VD: robbie, billie"
billposter,noun,"a document that shows how much you owe somebody for goods or services + the official system used for sending and delivering letters, packages, etc. | person who does; comparative","a document that shows how much you owe somebody for goods or services + the official system used for sending and delivering letters, packages, etc. | người thực hiện; so sánh hơn"
billposting,noun,"a document that shows how much you owe somebody for goods or services + the official system used for sending and delivering letters, packages, etc.","a document that shows how much you owe somebody for goods or services + the official system used for sending and delivering letters, packages, etc."
billsticker,noun,a document that shows how much you owe somebody for goods or services + a thin piece of wood that has fallen or been broken from a tree | person who does; comparative,a document that shows how much you owe somebody for goods or services + a thin piece of wood that has fallen or been broken from a tree | người thực hiện; so sánh hơn
bisexually,adverb,two | the state of being male or female | relating to (adjective | noun | adverb of manner / adjective (like,two | the state of being male or nữ | li quan đến (t tính từ | danh từ | trạng từ chỉ cách thức / t tính từ (like
bishopsgate,noun,a senior priest in charge of the work of the Church in a city or district + a barrier like a door that is used to close an opening in a fence or a wall outside a building,a senior priest in charge of the work of the Church in a city or district + a barrier like a door that is used to close an opening in a fence or a wall outside a building
bitterer,noun,"having a strong, unpleasant taste; not sweet | person who does; comparative","having a strong, unpleasant taste; not sweet | người thực hiện; so sánh hơn"
bitterest,adjective,"having a strong, unpleasant taste; not sweet | superlative","having a strong, unpleasant taste; not sweet | so sánh nhất"
bittier,noun,rather; to some extent | having quality of; noun/adjective | person who does; comparative,rather; to some extent | cóĩ·· tính chất của; danh từ/t tính từ | người thực hiện; so sánh hơn
bittiest,adjective,rather; to some extent | having quality of; noun/adjective | superlative,rather; to some extent | cóĩ·· tính chất của; danh từ/t tính từ | so sánh nhất
bizarrely,adverb,very strange or unusual | adverb of manner / adjective (like,very strange or unusual | trạng từ chỉ cách thức / t tính từ (like
blacker,noun,"having the very darkest colour, like coal or the sky at night | person who does; comparative","having the very darkest colour, like coal or the sky at night | người thực hiện; so sánh hơn"
blackest,adjective,"having the very darkest colour, like coal or the sky at night | superlative","having the very darkest colour, like coal or the sky at night | so sánh nhất"
blackshirt,adjective,"having the very darkest colour, like coal or the sky at night + a piece of clothing worn on the upper part of the body, made of light cloth, with sleeves and usually with a collar and buttons down the front","having the very darkest colour, like coal or the sky at night + a piece of clothing worn on the upper part of the body, made of light cloth, with sleeves and usually with a collar and buttons down the front"
blanker,noun,"empty, with nothing written, printed or recorded on it | person who does; comparative","empty, with nothing written, printed or recorded on it | người thực hiện; so sánh hơn"
blankest,adjective,"empty, with nothing written, printed or recorded on it | superlative","empty, with nothing written, printed or recorded on it | so sánh nhất"
blindest,adjective,not able to see | superlative,not able to see | so sánh nhất
bloodier,noun,the red liquid that flows through the bodies of humans and animals | having quality of; noun/adjective | person who does; comparative,the red liquid that flows through the bodies of humans and animals | cóĩ·· tính chất của; danh từ/t tính từ | người thực hiện; so sánh hơn
bloodiest,adjective,the red liquid that flows through the bodies of humans and animals | having quality of; noun/adjective | superlative,the red liquid that flows through the bodies of humans and animals | cóĩ·· tính chất của; danh từ/t tính từ | so sánh nhất
bloodlessness,noun,the red liquid that flows through the bodies of humans and animals | without (adjective | state or quality of (noun,the red liquid that flows through the bodies of humans and animals | khong có (t tính từ | trạng thái hoặc tính chất của (danh từ
bloodspots,noun,the red liquid that flows through the bodies of humans and animals + a small round area that has a different colour or feels different from the surface it is on,the red liquid that flows through the bodies of humans and animals + a nhỏ round area that has a different colour or feels different from the surface it is on
blowier,noun,"a hard hit with the hand, a weapon, etc. | having quality of; noun/adjective | person who does; comparative","a hard hit with the hand, a weapon, etc. | cóĩ·· tính chất của; danh từ/t tính từ | người thực hiện; so sánh hơn"
bluebook,adjective,having the colour of a clear sky or the sea on a clear day + a set of printed pages that are fastened inside a cover so that you can turn them and read them,having the colour of a clear sky or the sea on a clear day + a set of printed pages that are fastened inside a cover so that you can turn them and read them
bluebush,adjective,having the colour of a clear sky or the sea on a clear day + a plant that grows thickly with several hard stems coming up from the root,having the colour of a clear sky or the sea on a clear day + a plant that grows thickly with several hard stems coming up from the root
bluest,adjective,having the colour of a clear sky or the sea on a clear day | superlative,having the colour of a clear sky or the sea on a clear day | so sánh nhất
boatyards,noun,a vehicle (smaller than a ship | = an area of grass,a vehicle (smaller than a ship | = an area of grass
bodyweight,unknown,"body+weigh(the whole physical structure of a human or an animal + to have a particular weight) + -t([INFLECTION] irregular past-tense ending (VD: burnt, dealt) — not meaning-bearing)",cơ thể + cân nặng — t (unknown)
bolder,noun,brave and confident; not afraid to say what you feel or to take risks | person who does; comparative,brave and confident; not afraid to say what you feel or to take risks | người thực hiện; so sánh hơn
boldest,adjective,brave and confident; not afraid to say what you feel or to take risks | superlative,brave and confident; not afraid to say what you feel or to take risks | so sánh nhất
bombsite,noun,"a weapon designed to explode at a particular time or when it is dropped or thrown + a place where a building, town, etc. was, is or will be located","a weapon designed to explode at a particular time or when it is dropped or thrown + a place where a building, town, etc. was, is or will be located"
bonier,noun,any of the hard parts that form the skeleton of the body of a human or an animal | having quality of; noun/adjective | person who does; comparative,any of the hard parts that form the skeleton of the body of a human or an animal | cóĩ·· tính chất của; danh từ/t tính từ | người thực hiện; so sánh hơn
boniest,adjective,any of the hard parts that form the skeleton of the body of a human or an animal | having quality of; noun/adjective | superlative,any of the hard parts that form the skeleton of the body of a human or an animal | cóĩ·· tính chất của; danh từ/t tính từ | so sánh nhất
booklists,noun,"a set of printed pages that are fastened inside a cover so that you can turn them and read them + a series of names, items, figures, etc., especially when they are written or printed","a set of printed pages that are fastened inside a cover so that you can turn them and read them + a series of names, items, figures, etc., especially when they are written or printed"
bookwork,noun,a set of printed pages that are fastened inside a cover so that you can turn them and read them + the job that a person does especially in order to earn money,a set of printed pages that are fastened inside a cover so that you can turn them and read them + the job that a person does especially in order to earn money
borehole,unknown,bore+hole((không có định nghĩa trong Oxford 5000 - root này không phải headword độc lập) + a hollow space in something solid or in the surface of something),"làm chán, khoan lỗ + lỗ hổng (unknown)"
bossier,noun,a person who is in charge of other people at work and tells them what to do | having quality of; noun/adjective | person who does; comparative,a person who is in charge of other people at work and tells them what to do | cóĩ·· tính chất của; danh từ/t tính từ | người thực hiện; so sánh hơn
bossiest,adjective,a person who is in charge of other people at work and tells them what to do | having quality of; noun/adjective | superlative,a person who is in charge of other people at work and tells them what to do | cóĩ·· tính chất của; danh từ/t tính từ | so sánh nhất
bossiness,noun,a person who is in charge of other people at work and tells them what to do | having quality of; noun/adjective | state or quality of (noun,a person who is in charge of other people at work and tells them what to do | cóĩ·· tính chất của; danh từ/t tính từ | trạng thái hoặc tính chất của (danh từ
bouncier,noun,"if something bounces or you bounce it, it moves quickly away from a surface it has just hit or you make it do this | having quality of; noun/adjective | person who does; comparative","if something bounces or you bounce it, it moves quickly away from a surface it has just hit or you make it do this | cóĩ·· tính chất của; danh từ/t tính từ | người thực hiện; so sánh hơn"
bounciest,adjective,"if something bounces or you bounce it, it moves quickly away from a surface it has just hit or you make it do this | having quality of; noun/adjective | superlative","if something bounces or you bounce it, it moves quickly away from a surface it has just hit or you make it do this | cóĩ·· tính chất của; danh từ/t tính từ | so sánh nhất"
bouncily,adverb,"if something bounces or you bounce it, it moves quickly away from a surface it has just hit or you make it do this | having quality of; noun/adjective | adverb of manner / adjective (like","if something bounces or you bounce it, it moves quickly away from a surface it has just hit or you make it do this | cóĩ·· tính chất của; danh từ/t tính từ | trạng từ chỉ cách thức / t tính từ (like"
brainier,noun,"the organ inside the head that controls movement, thought, memory and feeling | having quality of; noun/adjective | person who does; comparative","the organ inside the head that controls movement, thought, memory and feeling | cóĩ·· tính chất của; danh từ/t tính từ | người thực hiện; so sánh hơn"
brainiest,adjective,"the organ inside the head that controls movement, thought, memory and feeling | having quality of; noun/adjective | superlative","the organ inside the head that controls movement, thought, memory and feeling | cóĩ·· tính chất của; danh từ/t tính từ | so sánh nhất"
braininess,noun,"the organ inside the head that controls movement, thought, memory and feeling | having quality of; noun/adjective | state or quality of (noun","the organ inside the head that controls movement, thought, memory and feeling | cóĩ·· tính chất của; danh từ/t tính từ | trạng thái hoặc tính chất của (danh từ"
branchier,noun,"a part of a tree that grows out from the main stem and on which leaves, flowers and fruit grow | having quality of; noun/adjective | person who does; comparative","a part of a tree that grows out from the main stem and on which leaves, flowers and fruit grow | cóĩ·· tính chất của; danh từ/t tính từ | người thực hiện; so sánh hơn"
braver,noun,"willing to do things that are difficult, dangerous or painful; not afraid | person who does; comparative","willing to do things that are difficult, dangerous or painful; not afraid | người thực hiện; so sánh hơn"
bravest,adjective,"willing to do things that are difficult, dangerous or painful; not afraid | superlative","willing to do things that are difficult, dangerous or painful; not afraid | so sánh nhất"
breakin,noun,"a short period of time when you stop what you are doing and rest, eat, etc. + into an object, an area or a substance","a short period of time when you stop what you are doing and rest, eat, etc. + into an object, an area or a substance"
breakoff,noun,"a short period of time when you stop what you are doing and rest, eat, etc. + used to say that something has been removed or become separated","a short period of time when you stop what you are doing and rest, eat, etc. + used to say that something has been removed or become separated"
breathier,noun,the air that you take into your lungs and send out again | having quality of; noun/adjective | person who does; comparative,the air that you take into your lungs and send out again | cóĩ·· tính chất của; danh từ/t tính từ | người thực hiện; so sánh hơn
breathily,adverb,the air that you take into your lungs and send out again | having quality of; noun/adjective | adverb of manner / adjective (like,the air that you take into your lungs and send out again | cóĩ·· tính chất của; danh từ/t tính từ | trạng từ chỉ cách thức / t tính từ (like
breathiness,noun,the air that you take into your lungs and send out again | having quality of; noun/adjective | state or quality of (noun,the air that you take into your lungs and send out again | cóĩ·· tính chất của; danh từ/t tính từ | trạng thái hoặc tính chất của (danh từ
breathtakingly,adverb,the air that you take into your lungs and send out again + to carry or move something from one place to another | adverb of manner / adjective (like,the air that you take into your lungs and send out again + to carry or move something from one place to another | trạng từ chỉ cách thức / t tính từ (like
breathy,adjective,the air that you take into your lungs and send out again | having quality of; noun/adjective,the air that you take into your lungs and send out again | cóĩ·· tính chất của; danh từ/t tính từ
bricktop,noun,"baked clay used for building walls, houses and other buildings; an individual block of this + highest in position","baked clay used for building walls, houses and other buildings; an individual block of this + highest in position"
bridgeport,noun,"a structure that is built over a road, railway, river, etc. so that people, vehicles, etc. can cross from one side to the other + a town or city with a harbour, especially one where ships load and unload goods","a structure that is built over a road, railway, river, etc. so that people, vehicles, etc. can cross from one side to the other + a town or city with a harbour, especially one where ships load and unload goods"
bridgewater,noun,"a structure that is built over a road, railway, river, etc. so that people, vehicles, etc. can cross from one side to the other + a liquid without colour, smell or taste that falls as rain, is in lakes, rivers and seas, and is used for drinking, washing, etc.","a structure that is built over a road, railway, river, etc. so that people, vehicles, etc. can cross from one side to the other + a liquid khong có colour, smell or taste that falls as rain, is in lakes, rivers and seas, and is used for drinking, washing, etc."
briefer,noun,lasting only a short time; short | person who does; comparative,lasting only a short time; short | người thực hiện; so sánh hơn
briefest,adjective,lasting only a short time; short | superlative,lasting only a short time; short | so sánh nhất
brighter,noun,full of light; shining strongly | person who does; comparative,full of light; shining strongly | người thực hiện; so sánh hơn
brightest,adjective,full of light; shining strongly | superlative,full of light; shining strongly | so sánh nhất
broader,noun,wide | person who does; comparative,wide | người thực hiện; so sánh hơn
broadest,adjective,wide | superlative,wide | so sánh nhất
broadminded,adjective,"wide + the part of a person that makes them able to be aware of things, to think and to feel","wide + the part of a person that makes them able to be aware of things, to think and to feel"
broadmindedly,adverb,"wide + the part of a person that makes them able to be aware of things, to think and to feel | adverb of manner / adjective (like","wide + the part of a person that makes them able to be aware of things, to think and to feel | trạng từ chỉ cách thức / t tính từ (like"
broadmindedness,noun,"wide + the part of a person that makes them able to be aware of things, to think and to feel | state or quality of (noun","wide + the part of a person that makes them able to be aware of things, to think and to feel | trạng thái hoặc tính chất của (danh từ"
broadways,adjective,wide + very far; by a large amount,wide + very far; by a large amount
browner,noun,having the colour of earth or coffee | person who does; comparative,having the colour of earth or coffee | người thực hiện; so sánh hơn
brownest,adjective,having the colour of earth or coffee | superlative,having the colour of earth or coffee | so sánh nhất
brushfire,noun,an object made of short stiff hairs (called bristles,an object made of short stiff hairs (called bristles
brushfire,adjective,"relating to or being a minor, sporadic, small-scale conflict or war","liên quan đến hoặc mang tính chất một cuộc xung đột hay chiến tranh nhỏ lẻ, rời rạc, quy mô nhỏ"
bubblier,noun,"a ball of air or gas in a liquid, or a ball of air inside a solid substance such as glass | having quality of; noun/adjective | person who does; comparative","a ball of air or gas in a liquid, or a ball of air inside a solid substance such as glass | cóĩ·· tính chất của; danh từ/t tính từ | người thực hiện; so sánh hơn"
bubbliest,adjective,"a ball of air or gas in a liquid, or a ball of air inside a solid substance such as glass | having quality of; noun/adjective | superlative","a ball of air or gas in a liquid, or a ball of air inside a solid substance such as glass | cóĩ·· tính chất của; danh từ/t tính từ | so sánh nhất"
bugeyed,noun,any small insect + either of the two organs on the face that you see with,any nhỏ insect + either of the two organs on the face that you see with
bulkier,noun,the main part of something; most of something | having quality of; noun/adjective | person who does; comparative,the main part of something; most of something | cóĩ·· tính chất của; danh từ/t tính từ | người thực hiện; so sánh hơn
bulkiest,adjective,the main part of something; most of something | having quality of; noun/adjective | superlative,the main part of something; most of something | cóĩ·· tính chất của; danh từ/t tính từ | so sánh nhất
bulkily,adverb,the main part of something; most of something | having quality of; noun/adjective | adverb of manner / adjective (like,the main part of something; most of something | cóĩ·· tính chất của; danh từ/t tính từ | trạng từ chỉ cách thức / t tính từ (like
bushier,noun,a plant that grows thickly with several hard stems coming up from the root | having quality of; noun/adjective | person who does; comparative,a plant that grows thickly with several hard stems coming up from the root | cóĩ·· tính chất của; danh từ/t tính từ | người thực hiện; so sánh hơn
bushiest,adjective,a plant that grows thickly with several hard stems coming up from the root | having quality of; noun/adjective | superlative,a plant that grows thickly with several hard stems coming up from the root | cóĩ·· tính chất của; danh từ/t tính từ | so sánh nhất
busier,noun,having a lot to do; perhaps not free to do something else because you are working on something | person who does; comparative,having a lot to do; perhaps not free to do something else because you are working on something | người thực hiện; so sánh hơn
busiest,adjective,having a lot to do; perhaps not free to do something else because you are working on something | superlative,having a lot to do; perhaps not free to do something else because you are working on something | so sánh nhất
byline,noun,"near, secondary, side | a long, thin mark on a surface","near, secondary, side | a long, thin mark on a surface"
cabinetmakers,noun,"a group of senior members of a government that is responsible for advising and deciding on government policy + the name or type of a machine, piece of equipment, etc. that is made by a particular company | person who does; comparative","a group of senior members of a government that is responsible for advising and deciding on government policy + the name or type of a machine, piece of equipment, etc. that is made by a particular company | người thực hiện; so sánh hơn"
calmest,adjective,"not excited, nervous or upset | superlative","not excited, nervous or upset | so sánh nhất"
cancerously,adverb,"a serious disease in which growths of cells, also called cancers, form in the body and kill normal body cells. The disease often causes death. | having quality of (adjective | adverb of manner / adjective (like","a serious disease in which growths of cells, also called cancers, form in the body and kill normal body cells. The disease often causes death. | cóĩ·· tính chất của (t tính từ | trạng từ chỉ cách thức / t tính từ (like"
canst,adjective,a metal container in which food and drink is sold | superlative,a metal container in which food and drink is sold | so sánh nhất
canvassers,noun,"a strong heavy rough material used for making tents, sails, etc. and by artists for painting on | person who does; comparative","a strong heavy rough material used for making tents, sails, etc. and by artists for painting on | người thực hiện; so sánh hơn"
carbones,noun,a road vehicle with an engine and four wheels that can carry a small number of passengers + any of the hard parts that form the skeleton of the body of a human or an animal,a road vehicle with an engine and four wheels that can carry a nhỏ number of passengers + any of the hard parts that form the skeleton of the body of a human or an animal
cardpunch,noun,"thick, stiff paper; a piece of this for writing on + a hard hit made with the fist (= closed hand","thick, stiff paper; a piece of this for writing on + a hard hit made with the fist (= closed hand"
cardsharpers,noun,"thick, stiff paper; a piece of this for writing on + having a fine edge or point, especially of something that can cut or make a hole in something | person who does; comparative","thick, stiff paper; a piece of this for writing on + having a fine edge or point, especially of something that can cut or make a hole in something | người thực hiện; so sánh hơn"
carryout,verb,to support the weight of somebody/something and take them or it from place to place; to take somebody/something from one place to another + away from the inside of a place or thing,to support the weight of somebody/something and take them or it from place to place; to take somebody/something from one place to another + away from the inside of a place or thing
carryout,noun,food prepared at a restaurant to be eaten elsewhere; takeout,thức ăn được chuẩn bị tại nhà hàng để mang đi ăn ở nơi khác; đồ ăn mang về
carryover,verb,"to support the weight of somebody/something and take them or it from place to place; to take somebody/something from one place to another + across a street, an open space, etc.","to support the weight of somebody/something and take them or it from place to place; to take somebody/something from one place to another + across a street, an open space, etc."
carryover,noun,an amount balance or item that is carried forward from one period or situation to the next,một khoản tiền số dư hoặc hạng mục được chuyển tiếp từ giai đoạn hay tình huống này sang giai đoạn hay tình huống khác
carson,noun,a road vehicle with an engine and four wheels that can carry a small number of passengers + (không có định nghĩa trong Oxford 5000 - root này không phải headword độc lập,a road vehicle with an engine and four wheels that can carry a nhỏ number of passengers + (không có định nghĩa trong Oxford 5000 - root này không phải headword độc lập
castoffs,noun,all the people who act in a play or film + used to say that something has been removed or become separated,all the people who act in a play or film + used to say that something has been removed or become separated
catchier,noun,"an act of catching something, for example a ball | having quality of; noun/adjective | person who does; comparative","an act of catching something, for example a ball | cóĩ·· tính chất của; danh từ/t tính từ | người thực hiện; so sánh hơn"
catchiest,adjective,"an act of catching something, for example a ball | having quality of; noun/adjective | superlative","an act of catching something, for example a ball | cóĩ·· tính chất của; danh từ/t tính từ | so sánh nhất"
catchup,noun,"an act of catching something, for example a ball + towards or in a higher position","an act of catching something, for example a ball + towards or in a higher position"
cattier,noun,a small animal with soft fur that people often keep as a pet. Cats catch and kill birds and mice. | having quality of; noun/adjective | person who does; comparative,a nhỏ animal with soft fur that people often keep as a pet. Cats catch and kill birds and mice. | cóĩ·· tính chất của; danh từ/t tính từ | người thực hiện; so sánh hơn
cattiest,adjective,a small animal with soft fur that people often keep as a pet. Cats catch and kill birds and mice. | having quality of; noun/adjective | superlative,a nhỏ animal with soft fur that people often keep as a pet. Cats catch and kill birds and mice. | cóĩ·· tính chất của; danh từ/t tính từ | so sánh nhất
cattily,adverb,a small animal with soft fur that people often keep as a pet. Cats catch and kill birds and mice. | having quality of; noun/adjective | adverb of manner / adjective (like,a nhỏ animal with soft fur that people often keep as a pet. Cats catch and kill birds and mice. | cóĩ·· tính chất của; danh từ/t tính từ | trạng từ chỉ cách thức / t tính từ (like
causelessly,adverb,the person or thing that makes something happen | without (adjective | adverb of manner / adjective (like,the person or thing that makes something happen | khong có (t tính từ | trạng từ chỉ cách thức / t tính từ (like
challengingly,adverb,a new or difficult task that tests somebody’s ability and skill | adverb of manner / adjective (like,a new or difficult task that tests somebody’s ability and skill | trạng từ chỉ cách thức / t tính từ (like
chancier,noun,"a possibility of something happening, especially something that you want | having quality of; noun/adjective | person who does; comparative","a possibility of something happening, especially something that you want | cóĩ·· tính chất của; danh từ/t tính từ | người thực hiện; so sánh hơn"
chanciest,adjective,"a possibility of something happening, especially something that you want | having quality of; noun/adjective | superlative","a possibility of something happening, especially something that you want | cóĩ·· tính chất của; danh từ/t tính từ | so sánh nhất"
chattier,noun,a friendly informal conversation | having quality of; noun/adjective | person who does; comparative,a friendly informal conversation | cóĩ·· tính chất của; danh từ/t tính từ | người thực hiện; so sánh hơn
chattiest,adjective,a friendly informal conversation | having quality of; noun/adjective | superlative,a friendly informal conversation | cóĩ·· tính chất của; danh từ/t tính từ | so sánh nhất
cheaper,noun,costing little money or less money than you expected | person who does; comparative,costing little money or less money than you expected | người thực hiện; so sánh hơn
cheapest,adjective,costing little money or less money than you expected | superlative,costing little money or less money than you expected | so sánh nhất
checkin,noun,"an act of making sure that something is safe, correct or in good condition by examining it + into an object, an area or a substance","an act of making sure that something is safe, correct or in good condition by examining it + into an object, an area or a substance"
checkoff,noun,"an act of making sure that something is safe, correct or in good condition by examining it + used to say that something has been removed or become separated","an act of making sure that something is safe, correct or in good condition by examining it + used to say that something has been removed or become separated"
cheekier,noun,either side of the face below the eyes | having quality of; noun/adjective | person who does; comparative,either side of the face below the eyes | cóĩ·· tính chất của; danh từ/t tính từ | người thực hiện; so sánh hơn
cheekiest,adjective,either side of the face below the eyes | having quality of; noun/adjective | superlative,either side of the face below the eyes | cóĩ·· tính chất của; danh từ/t tính từ | so sánh nhất
cheerier,noun,"a shout of joy, support or praise | having quality of; noun/adjective | person who does; comparative","a shout of joy, support or praise | cóĩ·· tính chất của; danh từ/t tính từ | người thực hiện; so sánh hơn"
cheeriest,adjective,"a shout of joy, support or praise | having quality of; noun/adjective | superlative","a shout of joy, support or praise | cóĩ·· tính chất của; danh từ/t tính từ | so sánh nhất"
chestier,noun,"the top part of the front of the body, between the neck and the stomach | having quality of; noun/adjective | person who does; comparative","the top part of the front of the body, between the neck and the stomach | cóĩ·· tính chất của; danh từ/t tính từ | người thực hiện; so sánh hơn"
chestiest,adjective,"the top part of the front of the body, between the neck and the stomach | having quality of; noun/adjective | superlative","the top part of the front of the body, between the neck and the stomach | cóĩ·· tính chất của; danh từ/t tính từ | so sánh nhất"
chestily,adverb,"the top part of the front of the body, between the neck and the stomach | having quality of; noun/adjective | adverb of manner / adjective (like","the top part of the front of the body, between the neck and the stomach | cóĩ·· tính chất của; danh từ/t tính từ | trạng từ chỉ cách thức / t tính từ (like"
chiefdom,noun,"most important | domain, state, condition (noun","most important | domain, state, condition (danh từ"
choicely,adverb,an act of choosing between two or more possibilities; something that you can choose | adverb of manner / adjective (like,an act of choosing between two or more possibilities; something that you can choose | trạng từ chỉ cách thức / t tính từ (like
choicer,noun,an act of choosing between two or more possibilities; something that you can choose | person who does; comparative,an act of choosing between two or more possibilities; something that you can choose | người thực hiện; so sánh hơn
choicest,adjective,an act of choosing between two or more possibilities; something that you can choose | superlative,an act of choosing between two or more possibilities; something that you can choose | so sánh nhất
choosier,noun,to decide which thing or person you want out of the ones that are available | having quality of; noun/adjective | person who does; comparative,to decide which thing or person you want out of the ones that are available | cóĩ·· tính chất của; danh từ/t tính từ | người thực hiện; so sánh hơn
choosiest,adjective,to decide which thing or person you want out of the ones that are available | having quality of; noun/adjective | superlative,to decide which thing or person you want out of the ones that are available | cóĩ·· tính chất của; danh từ/t tính từ | so sánh nhất
choppier,noun,to cut something into pieces with a sharp tool such as a knife | having quality of; noun/adjective | person who does; comparative,to cut something into pieces with a sharp tool such as a knife | cóĩ·· tính chất của; danh từ/t tính từ | người thực hiện; so sánh hơn
choppiest,adjective,to cut something into pieces with a sharp tool such as a knife | having quality of; noun/adjective | superlative,to cut something into pieces with a sharp tool such as a knife | cóĩ·· tính chất của; danh từ/t tính từ | so sánh nhất
chunkier,noun,"a thick, solid piece that has been cut or broken off something | having quality of; noun/adjective | person who does; comparative","a thick, solid piece that has been cut or broken off something | cóĩ·· tính chất của; danh từ/t tính từ | người thực hiện; so sánh hơn"
chunkiest,adjective,"a thick, solid piece that has been cut or broken off something | having quality of; noun/adjective | superlative","a thick, solid piece that has been cut or broken off something | cóĩ·· tính chất của; danh từ/t tính từ | so sánh nhất"
circuitously,adverb,"a line, route or journey around a place | having quality of (adjective | adverb of manner / adjective (like","a line, route or journey around a place | cóĩ·· tính chất của (t tính từ | trạng từ chỉ cách thức / t tính từ (like"
civilizational,adjective,"connected with the people who live in a country | to make, to become (verb | action, process, state (noun | relating to (adjective | noun","connected with the people who live in a country | lam cho, trở thành (động từ | hanh động, qua trình, state (danh từ | li quan đến (t tính từ | danh từ"
classier,noun,a group of students who are taught together | having quality of; noun/adjective | person who does; comparative,a group of students who are taught cung nhau | cóĩ·· tính chất của; danh từ/t tính từ | người thực hiện; so sánh hơn
classiest,adjective,a group of students who are taught together | having quality of; noun/adjective | superlative,a group of students who are taught cung nhau | cóĩ·· tính chất của; danh từ/t tính từ | so sánh nhất
classifiers,noun,"a group of students who are taught together | to make, cause to become (verb | person who does; comparative","a group of students who are taught cung nhau | lam cho, cause trở thành (động từ | người thực hiện; so sánh hơn"
classlessness,noun,a group of students who are taught together | without (adjective | state or quality of (noun,a group of students who are taught cung nhau | khong có (t tính từ | trạng thái hoặc tính chất của (danh từ
cleanest,adjective,not dirty | superlative,not dirty | so sánh nhất
cleanlier,noun,not dirty | adverb of manner / adjective (like | person who does; comparative,not dirty | trạng từ chỉ cách thức / t tính từ (like | người thực hiện; so sánh hơn
clearest,adjective,easy to understand and not confusing | superlative,easy to understand and not confusing | so sánh nhất
clearinghouse,adjective,"easy to understand and not confusing + a building for people to live in, usually for one family","easy to understand and not confusing + a building for people to live in, usually for one family"
clearwater,adjective,"easy to understand and not confusing + a liquid without colour, smell or taste that falls as rain, is in lakes, rivers and seas, and is used for drinking, washing, etc.","easy to understand and not confusing + a liquid khong có colour, smell or taste that falls as rain, is in lakes, rivers and seas, and is used for drinking, washing, etc."
cleverer,noun,quick at learning and understanding things | person who does; comparative,quick at learning and understanding things | người thực hiện; so sánh hơn
cleverest,adjective,quick at learning and understanding things | superlative,quick at learning and understanding things | so sánh nhất
cliffhanging,noun,"a high area of rock with a very steep side, often at the edge of the sea or ocean + to attach something, or to be attached, at the top so that the lower part is free or loose","a high area of rock with a very steep side, often at the edge of the sea or ocean + to attach something, or to be attached, at the top so that the lower part is free or loose"
clingier,noun,to hold on tightly to somebody/something | having quality of; noun/adjective | person who does; comparative,to hold on tightly to somebody/something | cóĩ·· tính chất của; danh từ/t tính từ | người thực hiện; so sánh hơn
clingiest,adjective,to hold on tightly to somebody/something | having quality of; noun/adjective | superlative,to hold on tightly to somebody/something | cóĩ·· tính chất của; danh từ/t tính từ | so sánh nhất
clothbound,noun,"material made by weaving or knitting cotton, wool, silk, etc. + certain or likely to happen, or to do or be something","material made by weaving or knitting cotton, wool, silk, etc. + certain or likely to happen, or to do or be something"
cloudier,noun,"a grey or white mass that floats in the sky, made of very small drops of water | having quality of; noun/adjective | person who does; comparative","a grey or white mass that floats in the sky, made of very nhỏ drops of water | cóĩ·· tính chất của; danh từ/t tính từ | người thực hiện; so sánh hơn"
cloudiest,adjective,"a grey or white mass that floats in the sky, made of very small drops of water | having quality of; noun/adjective | superlative","a grey or white mass that floats in the sky, made of very nhỏ drops of water | cóĩ·· tính chất của; danh từ/t tính từ | so sánh nhất"
clubrooms,noun,"an organization for people who share an interest or do a sport or activity together + a part of a building that has its own walls, floor and ceiling and is usually used for a particular purpose","an organization for people who share an interest or do a sport or activity cung nhau + a part of a building that has its own walls, floor and ceiling and is usually used for a particular purpose"
coachwork,noun,a person who trains a person or team in sport + the job that a person does especially in order to earn money,a person who trains a person or team in sport + the job that a person does especially in order to earn money
coalmine,noun,"a hard black mineral that is found below the ground and burnt to produce heat + a deep hole or holes under the ground where minerals such as coal, gold, etc. are dug","a hard black mineral that is found below the ground and burnt to produce heat + a deep hole or holes under the ground where minerals such as coal, gold, etc. are dug"
coattails,noun,a piece of outdoor clothing that is worn over other clothes to keep warm or dry. Coats have sleeves (= parts covering the arms,a piece of outdoor clothing that is worn over other clothes to keep warm or dry. Coats have sleeves (= parts covering the arms
codetermines,verb,"together, jointly | to discover the facts about something; to calculate something exactly","cung nhau, đồng thời | to discover the facts about something; to calculate something exactly"
coeditors,noun,"together, jointly | to prepare a piece of writing, a book, etc. to be published by correcting the mistakes, making improvements to it, etc. | person/thing that does (noun","cung nhau, đồng thời | to prepare a piece of writing, a book, etc. to be published by correcting the mistakes, making improvements to it, etc. | person/vật thực hiện (danh từ"
cofactors,noun,"together, jointly | a thing that is known to be true, especially when it can be proved | person/thing that does (noun","cung nhau, đồng thời | a thing that is known to be true, especially when it can be proved | person/vật thực hiện (danh từ"
coffeecup,noun,the roasted seeds (called coffee beans,the roasted seeds (called coffee beans
colder,noun,having a lower than usual temperature; having a temperature lower than the human body | person who does; comparative,having a lower than usual temperature; having a temperature lower than the human body | người thực hiện; so sánh hơn
coldest,adjective,having a lower than usual temperature; having a temperature lower than the human body | superlative,having a lower than usual temperature; having a temperature lower than the human body | so sánh nhất
colourfast,unknown,color+fast((không có định nghĩa trong Oxford 5000 - root này không phải headword độc lập) + moving or able to move quickly),"màu sắc + nhanh, nhịn ăn (unknown)"
colourfastness,noun,(không có định nghĩa trong Oxford 5000 - root này không phải headword độc lập | state or quality of (noun,(không có định nghĩa trong Oxford 5000 - root này không phải headword độc lập | trạng thái hoặc tính chất của (danh từ
colourlessly,adverb,(không có định nghĩa trong Oxford 5000 - root này không phải headword độc lập | without (adjective | adverb of manner / adjective (like,(không có định nghĩa trong Oxford 5000 - root này không phải headword độc lập | khong có (t tính từ | trạng từ chỉ cách thức / t tính từ (like
cometh,noun,"to move to or towards a person or place | ordinal number / state (noun, VD: eighth, warmth","to move to or towards a person or place | ordinal number / state (danh từ, VD: eighth, warmth"
commonest,adjective,happening often; existing in large numbers or in many places | superlative,happening often; existing in large numbers or in many places | so sánh nhất
compellingly,adverb,to force somebody to do something; to make something necessary | adverb of manner / adjective (like,to force somebody to do something; lam cho something necessary | trạng từ chỉ cách thức / t tính từ (like
concertedly,adverb,a public performance of music | adverb of manner / adjective (like,a public performance of music | trạng từ chỉ cách thức / t tính từ (like
concertgoer,noun,a public performance of music + a person’s turn to move or play in a game or an activity | person who does; comparative,a public performance of music + a person’s turn to move or play in a game or an activity | người thực hiện; so sánh hơn
concertmaster,noun,"a public performance of music + a man who has people working for him, often as servants in his home","a public performance of music + a man who has people working for him, often as servants in his home"
conferees,noun,"to discuss something with somebody, in order to exchange opinions or get advice | person who receives/undergoes action (noun","to discuss something with somebody, in order to exchange opinions or get advice | person who receives/undergoes hanh động (danh từ"
conformational,adjective,"together, jointly | a type or variety of something | action, process, state (noun | relating to (adjective | noun","cung nhau, đồng thời | a type or variety of something | hanh động, qua trình, state (danh từ | li quan đến (t tính từ | danh từ"
contentiously,adverb,"to say that something is true, especially in an argument | having quality of (adjective | adverb of manner / adjective (like","to say that something is true, especially in an argument | cóĩ·· tính chất của (t tính từ | trạng từ chỉ cách thức / t tính từ (like"
coolest,adjective,fairly cold; not hot or warm | superlative,fairly cold; not hot or warm | so sánh nhất
copygirl,noun,"a thing that is made to be the same as something else, especially a document or a work of art + a female child","a thing that is made to be the same as something else, especially a document or a work of art + a nữ child"
correctively,adverb,"accurate or true, without any mistakes | tending to, having nature of (adjective | adverb of manner / adjective (like","accurate or true, khong có any mistakes | tending to, having nature of (t tính từ | trạng từ chỉ cách thức / t tính từ (like"
cosponsors,noun,"together, jointly | a person or company that pays for a radio or television programme, or for a concert or sporting event, usually in return for advertising","cung nhau, đồng thời | a person or company that pays for a radio or television programme, or for a concert or sporting event, usually in return for advertising"
cosponsors,verb,to sponsor a bill event or activity jointly with one or more others,"cùng bảo trợ hoặc đồng tài trợ (một dự luật, sự kiện, v.v.) với một hoặc nhiều bên khác"
costlier,noun,"the amount of money that you need in order to buy, make or do something | adverb of manner / adjective (like | person who does; comparative","the amount of money that you need in order to buy, make or do something | trạng từ chỉ cách thức / t tính từ (like | người thực hiện; so sánh hơn"
costliest,adjective,"the amount of money that you need in order to buy, make or do something | adverb of manner / adjective (like | superlative","the amount of money that you need in order to buy, make or do something | trạng từ chỉ cách thức / t tính từ (like | so sánh nhất"
counterattacker,noun,"a long flat surface over which goods are sold or business is done in a shop, bank, etc. + an act of using violence to try to hurt or kill somebody | person who does; comparative","a long flat surface over which goods are sold or business is done in a shop, bank, etc. + an act of using violence to try to hurt or kill somebody | người thực hiện; so sánh hơn"
counterflow,noun,"a long flat surface over which goods are sold or business is done in a shop, bank, etc. + the steady and continuous movement of something/somebody in one direction","a long flat surface over which goods are sold or business is done in a shop, bank, etc. + the steady and continuous movement of something/somebody in one direction"
countesses,noun,an act of counting to find the total number of somebody/something | female (noun,an act of counting to find the total number of somebody/something | nữ (danh từ
courtlier,noun,"the place where legal trials take place and where crimes, etc. are judged | adverb of manner / adjective (like | person who does; comparative","the place where legal trials take place and where crimes, etc. are judged | trạng từ chỉ cách thức / t tính từ (like | người thực hiện; so sánh hơn"
cowheel,noun,a large animal kept on farms to produce milk or beef + the back part of the foot below the ankle,a large animal kept on farms to produce milk or beef + the back part of the foot below the ankle
coworkers,noun,"together, jointly | the job that a person does especially in order to earn money | person who does; comparative","cung nhau, đồng thời | the job that a person does especially in order to earn money | người thực hiện; so sánh hơn"
craftier,noun,an activity involving a special skill at making things with your hands | having quality of; noun/adjective | person who does; comparative,an activity involving a special skill at making things with your hands | cóĩ·· tính chất của; danh từ/t tính từ | người thực hiện; so sánh hơn
craftiest,adjective,an activity involving a special skill at making things with your hands | having quality of; noun/adjective | superlative,an activity involving a special skill at making things with your hands | cóĩ·· tính chất của; danh từ/t tính từ | so sánh nhất
creamier,noun,between yellow and white in colour | having quality of; noun/adjective | person who does; comparative,between yellow and white in colour | cóĩ·· tính chất của; danh từ/t tính từ | người thực hiện; so sánh hơn
creamiest,adjective,between yellow and white in colour | having quality of; noun/adjective | superlative,between yellow and white in colour | cóĩ·· tính chất của; danh từ/t tính từ | so sánh nhất
creepier,noun,"to move slowly, quietly and carefully, because you do not want to be seen or heard | having quality of; noun/adjective | person who does; comparative","to move slowly, quietly and carefully, because you do not want to be seen or heard | cóĩ·· tính chất của; danh từ/t tính từ | người thực hiện; so sánh hơn"
creepiest,adjective,"to move slowly, quietly and carefully, because you do not want to be seen or heard | having quality of; noun/adjective | superlative","to move slowly, quietly and carefully, because you do not want to be seen or heard | cóĩ·· tính chất của; danh từ/t tính từ | so sánh nhất"
creepily,adverb,"to move slowly, quietly and carefully, because you do not want to be seen or heard | having quality of; noun/adjective | adverb of manner / adjective (like","to move slowly, quietly and carefully, because you do not want to be seen or heard | cóĩ·· tính chất của; danh từ/t tính từ | trạng từ chỉ cách thức / t tính từ (like"
crewcut,noun,"all the people working on a ship, plane, etc. + a wound caused by something sharp","all the people working on a ship, plane, etc. + a wound caused by something sharp"
crewmember,noun,"all the people working on a ship, plane, etc. + a person, an animal or a plant that belongs to a particular group","all the people working on a ship, plane, etc. + a person, an animal or a plant that belongs to a particular group"
crosscountry,noun,"across, crosswise | an area of land that has or used to have its own government and laws","across, crosswise | an area of land that has or used to have its own government and laws"
crosscountry,adjective,involving travel across open fields or country rather than on roads or tracks as in cross-country running or skiing,"liên quan đến việc di chuyển băng qua đồng ruộng hay vùng đất trống thay vì theo đường hoặc lối mòn, như trong chạy việt dã hay trượt tuyết việt dã"
crosser,noun,a mark or an object formed by two lines crossing each other (X or + | X | person who does; comparative,a mark or an object formed by two lines crossing each other (X or + | X | người thực hiện; so sánh hơn
crossest,adjective,a mark or an object formed by two lines crossing each other (X or + | X | superlative,a mark or an object formed by two lines crossing each other (X or + | X | so sánh nhất
crosseyed,noun,"across, crosswise | either of the two organs on the face that you see with","across, crosswise | either of the two organs on the face that you see with"
crossman,noun,"across, crosswise | an adult male human","across, crosswise | an adult male human"
crowdedness,noun,"a large number of people gathered together in a public place, for example in the streets or at a sports game | state or quality of (noun","a large number of people gathered cung nhau in a public place, for example in the streets or at a sports game | trạng thái hoặc tính chất của (danh từ"
cruder,noun,"in its natural state, before it has been processed or refined | person who does; comparative","in its natural state, before it has been processed or refined | người thực hiện; so sánh hơn"
crudest,adjective,"in its natural state, before it has been processed or refined | superlative","in its natural state, before it has been processed or refined | so sánh nhất"
cruelest,adjective,having a desire to cause physical or mental pain and make somebody suffer | superlative,having a desire to cause physical or mental pain and make somebody suffer | so sánh nhất
crueller,noun,having a desire to cause physical or mental pain and make somebody suffer | person who does; comparative,having a desire to cause physical or mental pain and make somebody suffer | người thực hiện; so sánh hơn
curably,adjective,a medicine or medical treatment that cures an illness | capable of being (adjective | having quality of; noun/adjective,a medicine or medical treatment that cures an illness | capable of being (t tính từ | cóĩ·· tính chất của; danh từ/t tính từ
cuter,noun,pretty and attractive | person who does; comparative,pretty and attractive | người thực hiện; so sánh hơn
cutest,adjective,pretty and attractive | superlative,pretty and attractive | so sánh nhất
cutlets,noun,a wound caused by something sharp | small (diminutive noun,a wound caused by something sharp | nhỏ (diminutive danh từ
cyclically,adverb,a bicycle or motorcycle | relating to (adjective | adverb of manner / adjective (like,a bicycle or motorcycle | li quan đến (t tính từ | trạng từ chỉ cách thức / t tính từ (like
dancelike,noun,a series of movements and steps that are usually performed to music; a particular example of these movements and steps + the things that you like,a series of movements and steps that are usually performed to music; a particular example of these movements and steps + the things that you like
darker,noun,"with no or very little light, especially because it is night | person who does; comparative","with no or very little light, especially because it is night | người thực hiện; so sánh hơn"
darkest,adjective,"with no or very little light, especially because it is night | superlative","with no or very little light, especially because it is night | so sánh nhất"
darkhaired,adjective,"with no or very little light, especially because it is night + the substance that looks like a mass of fine threads growing on a person's head","with no or very little light, especially because it is night + the substance that looks like a mass of fine threads growing on a person's head"
darkies,adjective,"with no or very little light, especially because it is night | having quality of; noun/adjective","with no or very little light, especially because it is night | cóĩ·· tính chất của; danh từ/t tính từ"
deactivated,verb,"down, away, reverse, remove | a particular thing that somebody does | tending to, having nature of (adjective | to make/become (verb | adjective","down, away, reverse, remove | a particular thing that somebody does | tending to, having nature of (t tính từ | lam cho/become (động từ | t tính từ"
deadheads,adjective,"no longer alive + the part of the body on top of the neck containing the eyes, nose, mouth and brain","no longer alive + the part of the body on top of the neck containing the eyes, nose, mouth and brain"
deadlier,noun,no longer alive | adverb of manner / adjective (like | person who does; comparative,no longer alive | trạng từ chỉ cách thức / t tính từ (like | người thực hiện; so sánh hơn
deadliest,adjective,no longer alive | adverb of manner / adjective (like | superlative,no longer alive | trạng từ chỉ cách thức / t tính từ (like | so sánh nhất
dealerships,noun,"an agreement, especially in business, on particular conditions for buying or doing something | person who does; comparative | state, condition, skill (noun","an agreement, especially in business, on particular conditions for buying or doing something | người thực hiện; so sánh hơn | state, condition, skill (danh từ"
dealt,unknown,"deal(an agreement, especially in business, on particular conditions for buying or doing something) + -t([INFLECTION] irregular past-tense ending (VD: burnt, dealt) — not meaning-bearing)","thỏa thuận, đối phó — t (unknown)"
dearer,noun,used at the beginning of a letter before the name or title of the person that you are writing to | person who does; comparative,used at the beginning of a letter before the name or title of the person that you are writing to | người thực hiện; so sánh hơn
debag,noun,"down, away, reverse, remove | a container made of cloth, leather, plastic or paper, used to carry things in, especially when shopping or travelling","down, away, reverse, remove | a container made of cloth, leather, plastic or paper, used to carry things in, especially when shopping or travelling"
decisional,adjective,"to think carefully about the different possibilities that are available and choose one of them | action, process, state (noun | relating to (adjective | noun","to think carefully about the different possibilities that are available and choose one of them | hanh động, qua trình, state (danh từ | li quan đến (t tính từ | danh từ"
dedicatedly,adverb,(không có định nghĩa trong Oxford 5000 - root này không phải headword độc lập | adverb of manner / adjective (like,(không có định nghĩa trong Oxford 5000 - root này không phải headword độc lập | trạng từ chỉ cách thức / t tính từ (like
deedpoll,noun,a thing that somebody does that is usually very good or very bad + the process of questioning people who are representative of a larger group in order to get information about the general opinion,a thing that somebody does that is usually very good or very bad + the qua trình of questioning people who are representative of a larger group in order to get information about the general opinion
deeper,noun,having a large distance from the top or surface to the bottom | person who does; comparative,having a large distance from the top or surface to the bottom | người thực hiện; so sánh hơn
deepest,adjective,having a large distance from the top or surface to the bottom | superlative,having a large distance from the top or surface to the bottom | so sánh nhất
deformations,noun,"down, away, reverse, remove | a type or variety of something | to make/become (verb | adjective | action, process, state (noun","down, away, reverse, remove | a type or variety of something | lam cho/become (động từ | t tính từ | hanh động, qua trình, state (danh từ"
delimitations,noun,"down, away, reverse, remove | the greatest or smallest amount of something that is allowed | to make/become (verb | adjective | action, process, state (noun","down, away, reverse, remove | the greatest or smallest amount of something that is allowed | lam cho/become (động từ | t tính từ | hanh động, qua trình, state (danh từ"
demonically,adverb,an evil spirit | relating to (adjective | relating to (adjective | noun | adverb of manner / adjective (like,an evil spirit | li quan đến (t tính từ | li quan đến (t tính từ | danh từ | trạng từ chỉ cách thức / t tính từ (like
deniably,adjective,to say that something is not true | capable of being (adjective | having quality of; noun/adjective,to say that something is not true | capable of being (t tính từ | cóĩ·· tính chất của; danh từ/t tính từ
denser,noun,"containing a lot of people, things, plants, etc. with little space between them | person who does; comparative","containing a lot of people, things, plants, etc. with little space between them | người thực hiện; so sánh hơn"
densest,adjective,"containing a lot of people, things, plants, etc. with little space between them | superlative","containing a lot of people, things, plants, etc. with little space between them | so sánh nhất"
depersonalized,verb,"down, away, reverse, remove | a human as an individual | relating to (adjective | noun | to make, to become (verb","down, away, reverse, remove | a human as an individual | li quan đến (t tính từ | danh từ | lam cho, trở thành (động từ"
depressants,noun,"down, away, reverse, remove | newspapers and magazines | person/thing that does; having quality (noun/adjective","down, away, reverse, remove | newspapers and magazines | person/vật thực hiện; having quality (danh từ/t tính từ"
depressors,noun,"down, away, reverse, remove | newspapers and magazines | person/thing that does (noun","down, away, reverse, remove | newspapers and magazines | person/vật thực hiện (danh từ"
derivatively,adverb,"(không có định nghĩa trong Oxford 5000 - root này không phải headword độc lập | to make/become (verb | adjective | tending to, having nature of (adjective | adverb of manner / adjective (like","(không có định nghĩa trong Oxford 5000 - root này không phải headword độc lập | lam cho/become (động từ | t tính từ | tending to, having nature of (t tính từ | trạng từ chỉ cách thức / t tính từ (like"
derivatives,adjective,"(không có định nghĩa trong Oxford 5000 - root này không phải headword độc lập | tending to, having nature of (adjective","(không có định nghĩa trong Oxford 5000 - root này không phải headword độc lập | tending to, having nature of (t tính từ"
derivatives,noun,"financial securities or contracts whose value is based on (derived from) an underlying asset, index, or interest rate","các chứng khoán hoặc hợp đồng tài chính có giá trị phái sinh từ một tài sản, chỉ số hoặc lãi suất cơ sở"
descriptiveness,noun,"down, away, reverse, remove | a written text of a play, film, broadcast, talk, etc. | tending to, having nature of (adjective | state or quality of (noun","down, away, reverse, remove | a written text of a play, film, broadcast, talk, etc. | tending to, having nature of (t tính từ | trạng thái hoặc tính chất của (danh từ"
despatched,noun,"down, away, reverse, remove | a small area of something, especially one which is different from the area around it","down, away, reverse, remove | a nhỏ area of something, especially one which is different from the area around it"
despoilers,noun,"down, away, reverse, remove | to change something good into something bad, unpleasant, etc. | person who does; comparative","down, away, reverse, remove | to change something good into something bad, unpleasant, etc. | người thực hiện; so sánh hơn"
devastatingly,adverb,to completely destroy a place or an area | adverb of manner / adjective (like,to completely destroy a place or an area | trạng từ chỉ cách thức / t tính từ (like
devilishness,noun,"the most powerful evil being | somewhat, having quality of (adjective | state or quality of (noun","the most powerful evil being | somewhat, cóĩ·· tính chất của (t tính từ | trạng thái hoặc tính chất của (danh từ"
dieters,noun,the food and drink that you eat and drink regularly | person who does; comparative,the food and drink that you eat and drink regularly | người thực hiện; so sánh hơn
dimensionally,adverb,"a measurement in space, for example how high, wide or long something is | relating to (adjective | noun | adverb of manner / adjective (like","a measurement in space, for example how high, wide or long something is | li quan đến (t tính từ | danh từ | trạng từ chỉ cách thức / t tính từ (like"
dipswitch,verb,to put something quickly into a liquid and take it out again + a small device that you press or move up and down in order to turn a light or piece of electrical equipment on and off,to put something quickly into a liquid and take it out again + a nhỏ device that you press or move up and down in order to turn a light or piece of electrical equipment on and off
directionally,adverb,"going in the straightest line between two places without stopping or changing direction | action, process, state (noun | relating to (adjective | noun | adverb of manner / adjective (like","going in the straightest line between two places khong có stopping or changing direction | hanh động, qua trình, state (danh từ | li quan đến (t tính từ | danh từ | trạng từ chỉ cách thức / t tính từ (like"
dirtier,noun,"any substance that makes something dirty, for example dust, soil or mud | having quality of; noun/adjective | person who does; comparative","any substance that makes something dirty, for example dust, soil or mud | cóĩ·· tính chất của; danh từ/t tính từ | người thực hiện; so sánh hơn"
dirtiest,adjective,"any substance that makes something dirty, for example dust, soil or mud | having quality of; noun/adjective | superlative","any substance that makes something dirty, for example dust, soil or mud | cóĩ·· tính chất của; danh từ/t tính từ | so sánh nhất"
disafforestation,noun,"not/without (Greek | VD: aboard | not, opposite of, apart | a large area of land that is thickly covered with trees | action, process, state (noun","not/khong có (Greek | VD: aboard | not, opposite of, apart | a large area of land that is thickly covered with trees | hanh động, qua trình, state (danh từ"
disconnectedly,adverb,"not, opposite of, apart | to join together two or more things; to be joined together | adverb of manner / adjective (like","not, opposite of, apart | to join cung nhau two or more things; to be joined cung nhau | trạng từ chỉ cách thức / t tính từ (like"
discontinuously,adverb,"not, opposite of, apart | to keep existing or happening without stopping | having quality of (adjective | adverb of manner / adjective (like","not, opposite of, apart | to keep existing or happening khong có stopping | cóĩ·· tính chất của (t tính từ | trạng từ chỉ cách thức / t tính từ (like"
dishier,noun,a flat shallow container for cooking food in or serving it from | having quality of; noun/adjective | person who does; comparative,a flat shallow container for cooking food in or serving it from | cóĩ·· tính chất của; danh từ/t tính từ | người thực hiện; so sánh hơn
dishiest,adjective,a flat shallow container for cooking food in or serving it from | having quality of; noun/adjective | superlative,a flat shallow container for cooking food in or serving it from | cóĩ·· tính chất của; danh từ/t tính từ | so sánh nhất
disobligingly,adverb,"not, opposite of, apart | to force somebody to do something, by law, because it is a duty, etc. | adverb of manner / adjective (like","not, opposite of, apart | to force somebody to do something, by law, because it is a duty, etc. | trạng từ chỉ cách thức / t tính từ (like"
disputably,adjective,"an argument between two people, groups or countries; discussion about a subject on which people disagree | capable of being (adjective | having quality of; noun/adjective","an argument between two people, groups or countries; discussion about a subject on which people disagree | capable of being (t tính từ | cóĩ·· tính chất của; danh từ/t tính từ"
distributorship,noun,"not, opposite of, apart | an act, a statement or a gift that is intended to show your love or respect, especially for a dead person | person/thing that does (noun | state, condition, skill (noun","not, opposite of, apart | an act, a statement or a gift that is intended to show your love or respect, especially for a dead person | person/vật thực hiện (danh từ | state, condition, skill (danh từ"
divingboard,noun,"a jump into deep water with your head first and your arms in front of you + a long thin piece of strong hard material, especially wood, used, for example, for making floors, building walls and roofs and making boats","a jump into deep water with your head first and your arms in front of you + a long thin piece of strong hard material, especially wood, used, for example, for making floors, building walls and roofs and making boats"
divisively,adverb,"a difference between two groups of people or two things that separates them from each other | tending to, having nature of (adjective | adverb of manner / adjective (like","a difference between two groups of people or two things that separates them from each other | tending to, having nature of (t tính từ | trạng từ chỉ cách thức / t tính từ (like"
divisiveness,noun,"a difference between two groups of people or two things that separates them from each other | tending to, having nature of (adjective | state or quality of (noun","a difference between two groups of people or two things that separates them from each other | tending to, having nature of (t tính từ | trạng thái hoặc tính chất của (danh từ"
dottier,noun,"a small round mark, especially one that is printed | having quality of; noun/adjective | person who does; comparative","a nhỏ round mark, especially one that is printed | cóĩ·· tính chất của; danh từ/t tính từ | người thực hiện; so sánh hơn"
dottiest,adjective,"a small round mark, especially one that is printed | having quality of; noun/adjective | superlative","a nhỏ round mark, especially one that is printed | cóĩ·· tính chất của; danh từ/t tính từ | so sánh nhất"
doubtingly,adverb,a feeling of being uncertain about something or not believing something | adverb of manner / adjective (like,a feeling of being uncertain about something or not believing something | trạng từ chỉ cách thức / t tính từ (like
downheartedly,adverb,"downward | the organ in the chest that sends blood around the body, usually on the left in humans | adverb of manner / adjective (like","downward | the organ in the chest that sends blood around the body, usually on the left in humans | trạng từ chỉ cách thức / t tính từ (like"
downier,noun,to or at a lower place or position | having quality of; noun/adjective | person who does; comparative,to or at a lower place or position | cóĩ·· tính chất của; danh từ/t tính từ | người thực hiện; so sánh hơn
downpayment,noun,downward | the money that somebody gets for doing regular work | result/action/state (noun,downward | the money that somebody gets for doing regular work | result/hanh động/state (danh từ
downtrend,noun,downward | a general direction in which a situation is changing or developing,downward | a general direction in which a situation is changing or developing
drafters,noun,a rough written version of something that is not yet in its final form | person who does; comparative,a rough written version of something that is not yet in its final form | người thực hiện; so sánh hơn
dreamboat,noun,"a series of images, events and feelings that happen in your mind while you are asleep + a vehicle (smaller than a ship","a series of images, events and feelings that happen in your mind while you are asleep + a vehicle (smaller than a ship"
dreamier,noun,"a series of images, events and feelings that happen in your mind while you are asleep | having quality of; noun/adjective | person who does; comparative","a series of images, events and feelings that happen in your mind while you are asleep | cóĩ·· tính chất của; danh từ/t tính từ | người thực hiện; so sánh hơn"
dreamlessly,adverb,"a series of images, events and feelings that happen in your mind while you are asleep | without (adjective | adverb of manner / adjective (like","a series of images, events and feelings that happen in your mind while you are asleep | khong có (t tính từ | trạng từ chỉ cách thức / t tính từ (like"
dreamt,unknown,"dream(a series of images, events and feelings that happen in your mind while you are asleep) + -t([INFLECTION] irregular past-tense ending (VD: burnt, dealt) — not meaning-bearing)",giấc mơ — t (unknown)
dressier,noun,"a piece of clothing that is made in one piece and hangs down to cover the body as far as the legs, sometimes reaching to below the knees, or to the ankles | having quality of; noun/adjective | person who does; comparative","a piece of clothing that is made in one piece and hangs down to cover the body as far as the legs, sometimes reaching to below the knees, or to the ankles | cóĩ·· tính chất của; danh từ/t tính từ | người thực hiện; so sánh hơn"
dressiest,adjective,"a piece of clothing that is made in one piece and hangs down to cover the body as far as the legs, sometimes reaching to below the knees, or to the ankles | having quality of; noun/adjective | superlative","a piece of clothing that is made in one piece and hangs down to cover the body as far as the legs, sometimes reaching to below the knees, or to the ankles | cóĩ·· tính chất của; danh từ/t tính từ | so sánh nhất"
driest,adjective,not wet or sticky; without water or moisture | superlative,not wet or sticky; khong có water or moisture | so sánh nhất
driftnet,verb,to move along smoothly and slowly in water or air + a net amount of money is the amount that remains when nothing more is to be taken away,to move along smoothly and slowly in water or air + a net amount of money is the amount that remains when nothing more is to be taken away
drunker,noun,having drunk so much alcohol that it is impossible to think or speak clearly | person who does; comparative,having drunk so much alcohol that it is impossible to think or speak clearly | người thực hiện; so sánh hơn
drunkest,adjective,having drunk so much alcohol that it is impossible to think or speak clearly | superlative,having drunk so much alcohol that it is impossible to think or speak clearly | so sánh nhất
dualities,noun,having two parts or aspects | state or quality of (noun,having two parts or aspects | trạng thái hoặc tính chất của (danh từ
dullest,adjective,not interesting or exciting | superlative,not interesting or exciting | so sánh nhất
dumber,noun,stupid | person who does; comparative,stupid | người thực hiện; so sánh hơn
dumbest,adjective,stupid | superlative,stupid | so sánh nhất
dumpier,noun,"to get rid of something you do not want, especially in a place that is not suitable | having quality of; noun/adjective | person who does; comparative","to get rid of something you do not want, especially in a place that is not suitable | cóĩ·· tính chất của; danh từ/t tính từ | người thực hiện; so sánh hơn"
dumpiest,adjective,"to get rid of something you do not want, especially in a place that is not suitable | having quality of; noun/adjective | superlative","to get rid of something you do not want, especially in a place that is not suitable | cóĩ·· tính chất của; danh từ/t tính từ | so sánh nhất"
dunbar,noun,dun | a place where you can buy and drink alcoholic and other drinks,dun | a place where you can buy and drink alcoholic and other drinks
dustcoat,noun,"a fine powder that consists of very small pieces of sand, earth, etc. + a piece of outdoor clothing that is worn over other clothes to keep warm or dry. Coats have sleeves (= parts covering the arms","a fine powder that consists of very nhỏ pieces of sand, earth, etc. + a piece of outdoor clothing that is worn over other clothes to keep warm or dry. Coats have sleeves (= parts covering the arms"
dustier,noun,"a fine powder that consists of very small pieces of sand, earth, etc. | having quality of; noun/adjective | person who does; comparative","a fine powder that consists of very nhỏ pieces of sand, earth, etc. | cóĩ·· tính chất của; danh từ/t tính từ | người thực hiện; so sánh hơn"
dustiest,adjective,"a fine powder that consists of very small pieces of sand, earth, etc. | having quality of; noun/adjective | superlative","a fine powder that consists of very nhỏ pieces of sand, earth, etc. | cóĩ·· tính chất của; danh từ/t tính từ | so sánh nhất"
dustsheet,noun,"a fine powder that consists of very small pieces of sand, earth, etc. + a large piece of thin cloth used on a bed to lie on or lie under","a fine powder that consists of very nhỏ pieces of sand, earth, etc. + a large piece of thin cloth used on a bed to lie on or lie under"
dyers,noun,to stop living | person who does; comparative,to stop living | người thực hiện; so sánh hơn
eagerer,noun,very interested and excited by something that is going to happen or about something that you want to do; showing this | person who does; comparative,very interested and excited by something that is going to happen or about something that you want to do; showing this | người thực hiện; so sánh hơn
eagerest,adjective,very interested and excited by something that is going to happen or about something that you want to do; showing this | superlative,very interested and excited by something that is going to happen or about something that you want to do; showing this | so sánh nhất
earthier,noun,the world; the planet that we live on | having quality of; noun/adjective | person who does; comparative,the world; the planet that we live on | cóĩ·· tính chất của; danh từ/t tính từ | người thực hiện; so sánh hơn
earthiest,adjective,the world; the planet that we live on | having quality of; noun/adjective | superlative,the world; the planet that we live on | cóĩ·· tính chất của; danh từ/t tính từ | so sánh nhất
earthmoving,noun,the world; the planet that we live on + a change of place or position,the world; the planet that we live on + a change of place or position
earthshakingly,adverb,the world; the planet that we live on + an act of shaking somebody/something | adverb of manner / adjective (like,the world; the planet that we live on + an act of shaking somebody/something | trạng từ chỉ cách thức / t tính từ (like
easier,noun,lack of difficulty | having quality of; noun/adjective | person who does; comparative,lack of difficulty | cóĩ·· tính chất của; danh từ/t tính từ | người thực hiện; so sánh hơn
easiest,adjective,lack of difficulty | having quality of; noun/adjective | superlative,lack of difficulty | cóĩ·· tính chất của; danh từ/t tính từ | so sánh nhất
easters,noun,in or towards the east | person who does; comparative,in or towards the east | người thực hiện; so sánh hơn
eaten,verb,"to put food in your mouth, bite it and swallow it | to make (verb | adjective","to put food in your mouth, bite it and swallow it | lam cho (động từ | t tính từ"
edgier,noun,"the outside limit of an object, a surface or an area; the part furthest from the centre | having quality of; noun/adjective | person who does; comparative","the outside limit of an object, a surface or an area; the part furthest from the centre | cóĩ·· tính chất của; danh từ/t tính từ | người thực hiện; so sánh hơn"
edgiest,adjective,"the outside limit of an object, a surface or an area; the part furthest from the centre | having quality of; noun/adjective | superlative","the outside limit of an object, a surface or an area; the part furthest from the centre | cóĩ·· tính chất của; danh từ/t tính từ | so sánh nhất"
edgily,adverb,"the outside limit of an object, a surface or an area; the part furthest from the centre | having quality of; noun/adjective | adverb of manner / adjective (like","the outside limit of an object, a surface or an area; the part furthest from the centre | cóĩ·· tính chất của; danh từ/t tính từ | trạng từ chỉ cách thức / t tính từ (like"
edwin,noun,"ed | a victory in a game, contest, etc.","ed | a victory in a game, contest, etc."
edwina,unknown,"ed-(ed) + win(a victory in a game, contest, etc.) + -a([VARIANT] Latin/Greek loanword ending, plural or feminine noun marker)",ed — chiến thắng — a (unknown)
elevenses,noun,"11 | process, condition (noun, Greek","11 | qua trình, condition (danh từ, Greek"
empanels,verb,"to make, put into | a square or rectangular piece of wood, glass or metal that forms part of a larger surface such as a door or wall","lam cho, put into | a square or rectangular piece of wood, glass or metal that forms part of a larger surface such as a door or wall"
emptiest,adjective,with no people or things inside | superlative,with no people or things inside | so sánh nhất
emptily,adverb,with no people or things inside | adverb of manner / adjective (like,with no people or things inside | trạng từ chỉ cách thức / t tính từ (like
endeared,verb,"to make, put into | used at the beginning of a letter before the name or title of the person that you are writing to","lam cho, put into | used at the beginning of a letter before the name or title of the person that you are writing to"
endpaper,noun,"the final part of a period of time, an event, an activity or a story + the thin material that you write and draw on and that is also used for wrapping and packing things","the final part of a period of time, an event, an activity or a story + the thin material that you write and draw on and that is also used for wrapping and packing things"
endpoints,noun,"the final part of a period of time, an event, an activity or a story + a thing that somebody says or writes giving their opinion or stating a fact","the final part of a period of time, an event, an activity or a story + a thing that somebody says or writes giving their opinion or stating a fact"
enforcers,noun,"to make, put into | violent physical action used to obtain or achieve something | person who does; comparative","lam cho, put into | violent physical hanh động used to obtain or achieve something | người thực hiện; so sánh hơn"
engrossingly,adverb,"to make, put into | being the total amount of something before anything is taken away | adverb of manner / adjective (like","lam cho, put into | being the total amount of something before anything is taken away | trạng từ chỉ cách thức / t tính từ (like"
enjoins,verb,"to make, put into | to fix or connect two or more things together","lam cho, put into | to fix or connect two or more things cung nhau"
enrolled,verb,"to make, put into | a small loaf of bread for one person","lam cho, put into | a nhỏ loaf of bread for one person"
epicyclically,adverb,"upon, above (Greek | a bicycle or motorcycle | relating to (adjective | adverb form of -ic adjectives (VD: automatically","upon, above (Greek | a bicycle or motorcycle | li quan đến (t tính từ | adverb form of -ic adjectives (VD: automatically"
erwin,noun,"er | a victory in a game, contest, etc.","er | a victory in a game, contest, etc."
eugenically,adverb,"good, well (Greek | (không có định nghĩa trong Oxford 5000 - root này không phải headword độc lập | relating to (adjective | adverb of manner / adjective (like","good, well (Greek | (không có định nghĩa trong Oxford 5000 - root này không phải headword độc lập | li quan đến (t tính từ | trạng từ chỉ cách thức / t tính từ (like"
eulogistically,adverb,"good, well (Greek | a thick piece of wood that is cut from or has fallen from a tree | person who practices/believes (noun | relating to (adjective | adverb of manner / adjective (like","good, well (Greek | a thick piece of wood that is cut from or has fallen from a tree | person who practices/believes (danh từ | li quan đến (t tính từ | trạng từ chỉ cách thức / t tính từ (like"
eulogizers,noun,"good, well (Greek | a thick piece of wood that is cut from or has fallen from a tree | to make, to become (verb | person who does; comparative","good, well (Greek | a thick piece of wood that is cut from or has fallen from a tree | lam cho, trở thành (động từ | người thực hiện; so sánh hơn"
eventfully,adverb,"a thing that happens, especially something important | full of (adjective | adverb of manner / adjective (like","a thing that happens, especially something important | full of (t tính từ | trạng từ chỉ cách thức / t tính từ (like"
exhusband,noun,"out of, former | the man that somebody is married to; a married man","out of, former | the man that somebody is married to; a married man"
expectance,noun,"to think or believe that something will happen or that somebody will do something | state, quality, action (noun","to think or believe that something will happen or that somebody will do something | state, quality, hanh động (danh từ"
experientially,adverb,the knowledge and skill that you have gained through doing something for a period of time; the process of gaining this | relating to (adjective | noun | adverb of manner / adjective (like,the knowledge and skill that you have gained through doing something for a period of time; the qua trình of gaining this | li quan đến (t tính từ | danh từ | trạng từ chỉ cách thức / t tính từ (like
explicably,adjective,to tell somebody about something in a way that makes it easy to understand | capable of being (adjective | having quality of; noun/adjective,to tell somebody about something in a way that makes it easy to understand | capable of being (t tính từ | cóĩ·· tính chất của; danh từ/t tính từ
expressionlessly,adverb,"out of, former | newspapers and magazines | action, process, state (noun | without (adjective | adverb of manner / adjective (like","out of, former | newspapers and magazines | hanh động, qua trình, state (danh từ | khong có (t tính từ | trạng từ chỉ cách thức / t tính từ (like"
eyecatching,noun,"either of the two organs on the face that you see with + an act of catching something, for example a ball","either of the two organs on the face that you see with + an act of catching something, for example a ball"
fabrications,noun,"material made by weaving wool, cotton, silk, etc., used for making clothes, curtains, etc. and for covering furniture | to make/become (verb | adjective | action, process, state (noun","material made by weaving wool, cotton, silk, etc., used for making clothes, curtains, etc. and for covering furniture | lam cho/become (động từ | t tính từ | hanh động, qua trình, state (danh từ"
facecloth,noun,"the front part of the head, where the eyes, nose and mouth are + material made by weaving or knitting cotton, wool, silk, etc.","the front part of the head, where the eyes, nose and mouth are + material made by weaving or knitting cotton, wool, silk, etc."
failingly,adverb,to not be successful in achieving something | adverb of manner / adjective (like,to not be successful in achieving something | trạng từ chỉ cách thức / t tính từ (like
fairchild,adjective,acceptable and appropriate in a particular situation + a young human who is not yet an adult,acceptable and appropriate in a particular situation + a young human who is not yet an adult
fairer,noun,acceptable and appropriate in a particular situation | person who does; comparative,acceptable and appropriate in a particular situation | người thực hiện; so sánh hơn
fairest,adjective,acceptable and appropriate in a particular situation | superlative,acceptable and appropriate in a particular situation | so sánh nhất
fairgoers,noun,acceptable and appropriate in a particular situation + a person’s turn to move or play in a game or an activity | person who does; comparative,acceptable and appropriate in a particular situation + a person’s turn to move or play in a game or an activity | người thực hiện; so sánh hơn
fairview,adjective,"acceptable and appropriate in a particular situation + what you can see from a particular place or position, especially beautiful countryside","acceptable and appropriate in a particular situation + what you can see from a particular place or position, especially beautiful countryside"
fallaciously,adverb,an act of falling | having quality of (adjective | adverb of manner / adjective (like,an act of falling | cóĩ·· tính chất của (t tính từ | trạng từ chỉ cách thức / t tính từ (like
fanciest,adjective,"unusually complicated, often in an unnecessary way; intended to impress other people | superlative","unusually complicated, often in an unnecessary way; intended to impress other people | so sánh nhất"
fancily,adverb,"unusually complicated, often in an unnecessary way; intended to impress other people | adverb of manner / adjective (like","unusually complicated, often in an unnecessary way; intended to impress other people | trạng từ chỉ cách thức / t tính từ (like"
fasteners,noun,"moving or able to move quickly | [INFLECTION] past-participle ending (VD: blown, drawn | person who does; comparative","moving or able to move quickly | [INFLECTION] past-participle ending (VD: blown, drawn | người thực hiện; so sánh hơn"
fatter,noun,having too much flesh on it and weighing too much | person who does; comparative,having too much flesh on it and weighing too much | người thực hiện; so sánh hơn
fattest,adjective,having too much flesh on it and weighing too much | superlative,having too much flesh on it and weighing too much | so sánh nhất
fattier,noun,having too much flesh on it and weighing too much | having quality of; noun/adjective | person who does; comparative,having too much flesh on it and weighing too much | cóĩ·· tính chất của; danh từ/t tính từ | người thực hiện; so sánh hơn
fattiest,adjective,having too much flesh on it and weighing too much | having quality of; noun/adjective | superlative,having too much flesh on it and weighing too much | cóĩ·· tính chất của; danh từ/t tính từ | so sánh nhất
faultier,noun,the responsibility for something wrong that has happened or been done | having quality of; noun/adjective | person who does; comparative,the responsibility for something wrong that has happened or been done | cóĩ·· tính chất của; danh từ/t tính từ | người thực hiện; so sánh hơn
faultiest,adjective,the responsibility for something wrong that has happened or been done | having quality of; noun/adjective | superlative,the responsibility for something wrong that has happened or been done | cóĩ·· tính chất của; danh từ/t tính từ | so sánh nhất
fiercer,noun,angry and aggressive in a way that is frightening | person who does; comparative,angry and aggressive in a way that is frightening | người thực hiện; so sánh hơn
fiercest,adjective,angry and aggressive in a way that is frightening | superlative,angry and aggressive in a way that is frightening | so sánh nhất
fierier,noun,"the flames, light and heat, and often smoke, that are produced when something burns | having quality of; noun/adjective | person who does; comparative","the flames, light and heat, and often smoke, that are produced when something burns | cóĩ·· tính chất của; danh từ/t tính từ | người thực hiện; so sánh hơn"
fieriest,adjective,"the flames, light and heat, and often smoke, that are produced when something burns | having quality of; noun/adjective | superlative","the flames, light and heat, and often smoke, that are produced when something burns | cóĩ·· tính chất của; danh từ/t tính từ | so sánh nhất"
fifteens,number,five+teen(5 + (không có định nghĩa trong Oxford 5000 - root này không phải headword độc lập)),số mười lăm (dạng số nhiều)
fifteenths,noun,"5 + (không có định nghĩa trong Oxford 5000 - root này không phải headword độc lập | ordinal number / state (noun, VD: eighth, warmth","5 + (không có định nghĩa trong Oxford 5000 - root này không phải headword độc lập | ordinal number / state (danh từ, VD: eighth, warmth"
filmier,noun,"a series of moving pictures recorded with sound that tells a story, watched at a cinema or on a television or other device | having quality of; noun/adjective | person who does; comparative","a series of moving pictures recorded with sound that tells a story, watched at a cinema or on a television or other device | cóĩ·· tính chất của; danh từ/t tính từ | người thực hiện; so sánh hơn"
filmiest,adjective,"a series of moving pictures recorded with sound that tells a story, watched at a cinema or on a television or other device | having quality of; noun/adjective | superlative","a series of moving pictures recorded with sound that tells a story, watched at a cinema or on a television or other device | cóĩ·· tính chất của; danh từ/t tính từ | so sánh nhất"
filmstrip,noun,"a series of moving pictures recorded with sound that tells a story, watched at a cinema or on a television or other device + a long narrow piece of paper, metal, cloth, etc.","a series of moving pictures recorded with sound that tells a story, watched at a cinema or on a television or other device + a long narrow piece of paper, metal, cloth, etc."
finest,adjective,in good health | superlative,in good health | so sánh nhất
finest,noun,"informal term for the police force, usually used with ""the""","cách gọi thân mật chỉ lực lượng cảnh sát, thường dùng với ""the"""
fingerplate,noun,"one of the four long thin parts that stick out from the hand (or five, if the thumb is included","one of the four long thin parts that stick out from the hand (or five, if the thumb is included"
firehouses,noun,"the flames, light and heat, and often smoke, that are produced when something burns + a building for people to live in, usually for one family","the flames, light and heat, and often smoke, that are produced when something burns + a building for people to live in, usually for one family"
firewatcher,noun,"the flames, light and heat, and often smoke, that are produced when something burns + a type of small clock that you wear on your wrist, or (in the past | person who does; comparative","the flames, light and heat, and often smoke, that are produced when something burns + a type of nhỏ clock that you wear on your wrist, or (in the past | người thực hiện; so sánh hơn"
firewatching,noun,"the flames, light and heat, and often smoke, that are produced when something burns + a type of small clock that you wear on your wrist, or (in the past","the flames, light and heat, and often smoke, that are produced when something burns + a type of nhỏ clock that you wear on your wrist, or (in the past"
firmer,noun,fairly hard; not easy to press into a different shape | person who does; comparative,fairly hard; not easy to press into a different shape | người thực hiện; so sánh hơn
firmer,adjective,"comparative form of firm; more firm, solid, or resolute","dạng so sánh hơn của ""chắc""; chắc hơn, cứng hơn hoặc kiên quyết hơn"
firmest,adjective,fairly hard; not easy to press into a different shape | superlative,fairly hard; not easy to press into a different shape | so sánh nhất
firstfruits,adverb,"before anyone or anything else; at the beginning + the part of a plant that consists of one or more seeds and a soft inner part, can be eaten as food and usually tastes sweet","before anyone or anything else; at the beginning + the part of a plant that consists of one or more seeds and a soft inner part, can be eaten as food and usually tastes sweet"
fishcake,noun,"a creature that lives in water, breathes through gills, and uses fins and a tail for swimming + a sweet food made from a mixture of flour, eggs, butter, sugar, etc. that is baked in an oven. Cakes are made in various shapes and sizes and are often decorated, for example with cream or icing.","a creature that lives in water, breathes through gills, and uses fins and a tail for swimming + a sweet food made from a mixture of flour, eggs, butter, sugar, etc. that is baked in an oven. Cakes are made in various shapes and sizes and are often decorated, for example with cream or icing."
fishier,noun,"a creature that lives in water, breathes through gills, and uses fins and a tail for swimming | having quality of; noun/adjective | person who does; comparative","a creature that lives in water, breathes through gills, and uses fins and a tail for swimming | cóĩ·· tính chất của; danh từ/t tính từ | người thực hiện; so sánh hơn"
fishiest,adjective,"a creature that lives in water, breathes through gills, and uses fins and a tail for swimming | having quality of; noun/adjective | superlative","a creature that lives in water, breathes through gills, and uses fins and a tail for swimming | cóĩ·· tính chất của; danh từ/t tính từ | so sánh nhất"
fittest,adjective,"healthy and strong, especially because you do regular physical exercise | superlative","healthy and strong, especially because you do regular physical exercise | so sánh nhất"
fixations,noun,"a solution to a problem, especially an easy or temporary one | to make/become (verb | adjective | action, process, state (noun","a solution to a problem, especially an easy or temporary one | lam cho/become (động từ | t tính từ | hanh động, qua trình, state (danh từ"
fixers,noun,"a solution to a problem, especially an easy or temporary one | person who does; comparative","a solution to a problem, especially an easy or temporary one | người thực hiện; so sánh hơn"
flashier,noun,a sudden bright light that shines for a moment and then disappears | having quality of; noun/adjective | person who does; comparative,a sudden bright light that shines for a moment and then disappears | cóĩ·· tính chất của; danh từ/t tính từ | người thực hiện; so sánh hơn
flashiest,adjective,a sudden bright light that shines for a moment and then disappears | having quality of; noun/adjective | superlative,a sudden bright light that shines for a moment and then disappears | cóĩ·· tính chất của; danh từ/t tính từ | so sánh nhất
flatland,adjective,"having a level surface, not curved or sloping, and without holes or any bits sticking out + the surface of the earth that is not sea","having a level surface, not curved or sloping, and khong có holes or any bits sticking out + the surface of the earth that is not sea"
flattest,adjective,"having a level surface, not curved or sloping, and without holes or any bits sticking out | superlative","having a level surface, not curved or sloping, and khong có holes or any bits sticking out | so sánh nhất"
fleeter,noun,a group of military ships commanded by the same person | person who does; comparative,a group of military ships commanded by the same person | người thực hiện; so sánh hơn
fleshier,noun,the soft substance between the skin and bones of animal or human bodies | having quality of; noun/adjective | person who does; comparative,the soft substance between the skin and bones of animal or human bodies | cóĩ·· tính chất của; danh từ/t tính từ | người thực hiện; so sánh hơn
fleshiest,adjective,the soft substance between the skin and bones of animal or human bodies | having quality of; noun/adjective | superlative,the soft substance between the skin and bones of animal or human bodies | cóĩ·· tính chất của; danh từ/t tính từ | so sánh nhất
flightier,noun,"a journey made by air, especially in a plane | having quality of; noun/adjective | person who does; comparative","a journey made by air, especially in a plane | cóĩ·· tính chất của; danh từ/t tính từ | người thực hiện; so sánh hơn"
flourmill,noun,"a fine white or brown powder made from grain, especially wheat, and used in cooking for making bread, cakes, etc. + a building fitted with equipment for grinding grain into flour; a machine for grinding grain","a fine white or brown powder made from grain, especially wheat, and used in cooking for making bread, cakes, etc. + a building fitted with equipment for grinding grain into flour; a machine for grinding grain"
flowerier,noun,the coloured part of a plant from which the seed or fruit develops. Flowers usually grow at the end of a stem and last only a short time. | having quality of; noun/adjective | person who does; comparative,the coloured part of a plant from which the seed or fruit develops. Flowers usually grow at the end of a stem and last only a short time. | cóĩ·· tính chất của; danh từ/t tính từ | người thực hiện; so sánh hơn
flyblew,noun,"a small flying insect with two wings. There are many different types of fly and many of them spread disease. + a hard hit with the hand, a weapon, etc.","a nhỏ flying insect with two wings. There are many different types of fly and many of them spread disease. + a hard hit with the hand, a weapon, etc."
flybys,noun,a small flying insect with two wings. There are many different types of fly and many of them spread disease. + past,a nhỏ flying insect with two wings. There are many different types of fly and many of them spread disease. + past
flyways,noun,a small flying insect with two wings. There are many different types of fly and many of them spread disease. + very far; by a large amount,a nhỏ flying insect with two wings. There are many different types of fly and many of them spread disease. + very far; by a large amount
folklike,adjective,traditional and typical of the ordinary people of a country or community + the things that you like,traditional and typical of the ordinary people of a country or community + the things that you like
folksier,noun,traditional and typical of the ordinary people of a country or community | having quality of; noun/adjective | person who does; comparative,traditional and typical of the ordinary people of a country or community | cóĩ·· tính chất của; danh từ/t tính từ | người thực hiện; so sánh hơn
folksongs,adjective,traditional and typical of the ordinary people of a country or community + a short piece of music with words that you sing,traditional and typical of the ordinary people of a country or community + a short piece of music with words that you sing
followeth,noun,"to come or go after or behind somebody/something | ordinal number / state (noun, VD: eighth, warmth","to come or go after or behind somebody/something | ordinal number / state (danh từ, VD: eighth, warmth"
fonder,noun,"having warm or loving feelings for somebody, especially somebody you have known for a long time | person who does; comparative","having warm or loving feelings for somebody, especially somebody you have known for a long time | người thực hiện; so sánh hơn"
fondest,adjective,"having warm or loving feelings for somebody, especially somebody you have known for a long time | superlative","having warm or loving feelings for somebody, especially somebody you have known for a long time | so sánh nhất"
forecasters,noun,"before, in front | all the people who act in a play or film | person who does; comparative","before, in front | all the people who act in a play or film | người thực hiện; so sánh hơn"
foreknown,unknown,"fore-(before, in front) + know(to have information in your mind as a result of experience or because you have learned or been told it) + -n([INFLECTION] past-participle ending (VD: blown, drawn))",fore — biết — n (unknown)
forgiven,verb,"to stop feeling angry with somebody who has done something to harm, annoy or upset you; to stop feeling angry with yourself | to make (verb | adjective","to stop feeling angry with somebody who has done something to harm, annoy or upset you; to stop feeling angry with yourself | lam cho (động từ | t tính từ"
formability,noun,a type or variety of something | capable of being (adjective | state or quality of (noun,a type or variety of something | capable of being (t tính từ | trạng thái hoặc tính chất của (danh từ
formatively,adverb,"a type or variety of something | tending to, having nature of (adjective | adverb of manner / adjective (like","a type or variety of something | tending to, having nature of (t tính từ | trạng từ chỉ cách thức / t tính từ (like"
formbook,noun,a type or variety of something + a set of printed pages that are fastened inside a cover so that you can turn them and read them,a type or variety of something + a set of printed pages that are fastened inside a cover so that you can turn them and read them
formlessness,noun,a type or variety of something | without (adjective | state or quality of (noun,a type or variety of something | khong có (t tính từ | trạng thái hoặc tính chất của (danh từ
forsaken,verb,"before, in front | (không có định nghĩa trong Oxford 5000 - root này không phải headword độc lập | to make (verb | adjective","before, in front | (không có định nghĩa trong Oxford 5000 - root này không phải headword độc lập | lam cho (động từ | t tính từ"
forsaken,adjective,"deserted, abandoned, or lonely","bị bỏ rơi, hoang vắng hoặc cô đơn"
fourteenths,noun,"(không có định nghĩa trong Oxford 5000 - root này không phải headword độc lập | không có định nghĩa trong Oxford 5000 - root này không phải headword độc lập | ordinal number / state (noun, VD: eighth, warmth","(không có định nghĩa trong Oxford 5000 - root này không phải headword độc lập | không có định nghĩa trong Oxford 5000 - root này không phải headword độc lập | ordinal number / state (danh từ, VD: eighth, warmth"
freest,adjective,without particular plans or arrangements; not busy | superlative,khong có particular plans or arrangements; not busy | so sánh nhất
freewheelers,noun,"without particular plans or arrangements; not busy + one of the round objects under a car, bicycle, bus, etc. that turns when it moves | person who does; comparative","khong có particular plans or arrangements; not busy + one of the round objects under a car, bicycle, bus, etc. that turns when it moves | người thực hiện; so sánh hơn"
freshest,adjective,"recently produced or picked and not frozen, dried or preserved in tins or cans | superlative","recently produced or picked and not frozen, dried or preserved in tins or cans | so sánh nhất"
friendlier,noun,"a person you know well and like, and who is not usually a member of your family | adverb of manner / adjective (like | person who does; comparative","a person you know well and like, and who is not usually a member of your family | trạng từ chỉ cách thức / t tính từ (like | người thực hiện; so sánh hơn"
friendliest,adjective,"a person you know well and like, and who is not usually a member of your family | adverb of manner / adjective (like | superlative","a person you know well and like, and who is not usually a member of your family | trạng từ chỉ cách thức / t tính từ (like | so sánh nhất"
fruitier,noun,"the part of a plant that consists of one or more seeds and a soft inner part, can be eaten as food and usually tastes sweet | having quality of; noun/adjective | person who does; comparative","the part of a plant that consists of one or more seeds and a soft inner part, can be eaten as food and usually tastes sweet | cóĩ·· tính chất của; danh từ/t tính từ | người thực hiện; so sánh hơn"
fruitiest,adjective,"the part of a plant that consists of one or more seeds and a soft inner part, can be eaten as food and usually tastes sweet | having quality of; noun/adjective | superlative","the part of a plant that consists of one or more seeds and a soft inner part, can be eaten as food and usually tastes sweet | cóĩ·· tính chất của; danh từ/t tính từ | so sánh nhất"
fullest,adjective,containing or holding as much or as many as possible; having no empty space | superlative,containing or holding as much or as many as possible; having no empty space | so sánh nhất
funnier,noun,that you enjoy | having quality of; noun/adjective | person who does; comparative,that you enjoy | cóĩ·· tính chất của; danh từ/t tính từ | người thực hiện; so sánh hơn
funniest,adjective,that you enjoy | having quality of; noun/adjective | superlative,that you enjoy | cóĩ·· tính chất của; danh từ/t tính từ | so sánh nhất
furriers,noun,the soft thick mass of hair that grows on the body of some animals | person who does; comparative,the soft thick mass of hair that grows on the body of some animals | người thực hiện; so sánh hơn
furriest,adjective,the soft thick mass of hair that grows on the body of some animals | having quality of; noun/adjective | superlative,the soft thick mass of hair that grows on the body of some animals | cóĩ·· tính chất của; danh từ/t tính từ | so sánh nhất
futuristically,adverb,taking place or existing at a time after the present | person who practices/believes (noun | relating to (adjective | adverb of manner / adjective (like,taking place or existing at a time after the present | person who practices/believes (danh từ | li quan đến (t tính từ | trạng từ chỉ cách thức / t tính từ (like
gallonage,noun,"a unit for measuring liquid. In the UK, Canada and other countries it is equal to about 4.5 litres; in the US it is equal to about 3.8 litres. There are four quarts in a gallon. | action, result, collection (noun","a unit for measuring liquid. In the UK, Canada and other countries it is equal to about 4.5 litres; in the US it is equal to about 3.8 litres. There are four quarts in a gallon. | hanh động, result, collection (danh từ"
gasser,noun,"any substance like air that is neither a solid nor a liquid, for example hydrogen or oxygen | person who does; comparative","any substance like air that is neither a solid nor a liquid, for example hydrogen or oxygen | người thực hiện; so sánh hơn"
gassier,noun,"any substance like air that is neither a solid nor a liquid, for example hydrogen or oxygen | having quality of; noun/adjective | person who does; comparative","any substance like air that is neither a solid nor a liquid, for example hydrogen or oxygen | cóĩ·· tính chất của; danh từ/t tính từ | người thực hiện; so sánh hơn"
gassiest,adjective,"any substance like air that is neither a solid nor a liquid, for example hydrogen or oxygen | having quality of; noun/adjective | superlative","any substance like air that is neither a solid nor a liquid, for example hydrogen or oxygen | cóĩ·· tính chất của; danh từ/t tính từ | so sánh nhất"
gassiness,noun,"any substance like air that is neither a solid nor a liquid, for example hydrogen or oxygen | having quality of; noun/adjective | state or quality of (noun","any substance like air that is neither a solid nor a liquid, for example hydrogen or oxygen | cóĩ·· tính chất của; danh từ/t tính từ | trạng thái hoặc tính chất của (danh từ"
gatecrash,noun,"a barrier like a door that is used to close an opening in a fence or a wall outside a building + an accident in which a vehicle hits something, for example another vehicle, usually causing damage and often injuring or killing the passengers","a barrier like a door that is used to close an opening in a fence or a wall outside a building + an accident in which a vehicle hits something, for example another vehicle, usually causing damage and often injuring or killing the passengers"
gatecrash,verb,to attend a party or event without being invited,đến dự một bữa tiệc hoặc sự kiện mà không được mời
gayer,noun,sexually attracted to people of the same sex | person who does; comparative,sexually attracted to people of the same sex | người thực hiện; so sánh hơn
gayest,adjective,sexually attracted to people of the same sex | superlative,sexually attracted to people of the same sex | so sánh nhất
gentler,noun,calm and kind; doing things in a quiet and careful way | person who does; comparative,calm and kind; doing things in a quiet and careful way | người thực hiện; so sánh hơn
gentlest,adjective,calm and kind; doing things in a quiet and careful way | superlative,calm and kind; doing things in a quiet and careful way | so sánh nhất
girlie,adjective,a female child | having quality of; noun/adjective,a nữ child | cóĩ·· tính chất của; danh từ/t tính từ
girlie,noun,an informal term for a girl or young woman,cách gọi thân mật chỉ một cô gái hoặc phụ nữ trẻ
giveth,noun,"to hand something to somebody so that they can look at it, use it or keep it for a time | ordinal number / state (noun, VD: eighth, warmth","to hand something to somebody so that they can look at it, use it or keep it for a time | ordinal number / state (danh từ, VD: eighth, warmth"
gladdest,adjective,pleased; happy | superlative,pleased; happy | so sánh nhất
glassier,noun,"a hard, usually clear, substance used, for example, for making windows and bottles | having quality of; noun/adjective | person who does; comparative","a hard, usually clear, substance used, for example, for making windows and bottles | cóĩ·· tính chất của; danh từ/t tính từ | người thực hiện; so sánh hơn"
glassiest,adjective,"a hard, usually clear, substance used, for example, for making windows and bottles | having quality of; noun/adjective | superlative","a hard, usually clear, substance used, for example, for making windows and bottles | cóĩ·· tính chất của; danh từ/t tính từ | so sánh nhất"
godfearing,noun,the being or spirit that is worshipped and is believed to have created the universe + the bad feeling that you have when you are in danger or when a particular thing frightens you,the being or spirit that is worshipped and is believed to have created the universe + the bad feeling that you have when you are in danger or when a particular thing frightens you
godhead,noun,"the being or spirit that is worshipped and is believed to have created the universe + the part of the body on top of the neck containing the eyes, nose, mouth and brain","the being or spirit that is worshipped and is believed to have created the universe + the part of the body on top of the neck containing the eyes, nose, mouth and brain"
godlessly,adverb,the being or spirit that is worshipped and is believed to have created the universe | without (adjective | adverb of manner / adjective (like,the being or spirit that is worshipped and is believed to have created the universe | khong có (t tính từ | trạng từ chỉ cách thức / t tính từ (like
godlier,noun,the being or spirit that is worshipped and is believed to have created the universe | adverb of manner / adjective (like | person who does; comparative,the being or spirit that is worshipped and is believed to have created the universe | trạng từ chỉ cách thức / t tính từ (like | người thực hiện; so sánh hơn
godliest,adjective,the being or spirit that is worshipped and is believed to have created the universe | adverb of manner / adjective (like | superlative,the being or spirit that is worshipped and is believed to have created the universe | trạng từ chỉ cách thức / t tính từ (like | so sánh nhất
godowns,noun,a person’s turn to move or play in a game or an activity + to or at a lower place or position,a person’s turn to move or play in a game or an activity + to or at a lower place or position
godwin,noun,"god (VD: Godwin, but likely name fragment here | a victory in a game, contest, etc.","god (VD: Godwin, but likely name fragment here | a victory in a game, contest, etc."
goldwater,adjective,"bright yellow in colour, like gold + a liquid without colour, smell or taste that falls as rain, is in lakes, rivers and seas, and is used for drinking, washing, etc.","bright yellow in colour, like gold + a liquid khong có colour, smell or taste that falls as rain, is in lakes, rivers and seas, and is used for drinking, washing, etc."
goodlier,noun,of high quality or an acceptable standard | adverb of manner / adjective (like | person who does; comparative,of high quality or an acceptable standard | trạng từ chỉ cách thức / t tính từ (like | người thực hiện; so sánh hơn
goodliest,adjective,of high quality or an acceptable standard | adverb of manner / adjective (like | superlative,of high quality or an acceptable standard | trạng từ chỉ cách thức / t tính từ (like | so sánh nhất
goodman,adjective,of high quality or an acceptable standard + an adult male human,of high quality or an acceptable standard + an adult male human
goodman,noun,"an archaic term for the male head of a household, or a husband","từ cổ chỉ người đàn ông là chủ gia đình, hoặc người chồng"
goodnight,adjective,"of high quality or an acceptable standard + the time between one day and the next when it is dark, when people usually sleep","of high quality or an acceptable standard + the time between one day and the next when it is dark, when people usually sleep"
goodwin,adjective,"of high quality or an acceptable standard + a victory in a game, contest, etc.","of high quality or an acceptable standard + a victory in a game, contest, etc."
gorgeousness,noun,very beautiful and attractive; giving great pleasure | state or quality of (noun,very beautiful and attractive; giving great pleasure | trạng thái hoặc tính chất của (danh từ
gradations,noun,"a mark given in an exam or for a piece of school work | to make/become (verb | adjective | action, process, state (noun","a mark given in an exam or for a piece of school work | lam cho/become (động từ | t tính từ | hanh động, qua trình, state (danh từ"
grander,noun,impressive and large or important | person who does; comparative,impressive and large or important | người thực hiện; so sánh hơn
grandest,adjective,impressive and large or important | superlative,impressive and large or important | so sánh nhất
graspingly,adverb,a strong hold of somebody/something or control over somebody/something | adverb of manner / adjective (like,a strong hold of somebody/something or control over somebody/something | trạng từ chỉ cách thức / t tính từ (like
grassers,noun,"a common wild plant with narrow green leaves and stems that are eaten by cows, horses, sheep, etc. | person who does; comparative","a common wild plant with narrow green leaves and stems that are eaten by cows, horses, sheep, etc. | người thực hiện; so sánh hơn"
grassier,noun,"a common wild plant with narrow green leaves and stems that are eaten by cows, horses, sheep, etc. | having quality of; noun/adjective | person who does; comparative","a common wild plant with narrow green leaves and stems that are eaten by cows, horses, sheep, etc. | cóĩ·· tính chất của; danh từ/t tính từ | người thực hiện; so sánh hơn"
grassiest,adjective,"a common wild plant with narrow green leaves and stems that are eaten by cows, horses, sheep, etc. | having quality of; noun/adjective | superlative","a common wild plant with narrow green leaves and stems that are eaten by cows, horses, sheep, etc. | cóĩ·· tính chất của; danh từ/t tính từ | so sánh nhất"
gravest,adjective,very serious and important; giving you a reason to feel worried | superlative,very serious and important; giving you a reason to feel worried | so sánh nhất
greener,noun,having the colour of grass or the leaves of most plants and trees | person who does; comparative,having the colour of grass or the leaves of most plants and trees | người thực hiện; so sánh hơn
greenest,adjective,having the colour of grass or the leaves of most plants and trees | superlative,having the colour of grass or the leaves of most plants and trees | so sánh nhất
greyer,noun,having the colour of smoke or ashes | person who does; comparative,having the colour of smoke or ashes | người thực hiện; so sánh hơn
greyest,adjective,having the colour of smoke or ashes | superlative,having the colour of smoke or ashes | so sánh nhất
grindlay,verb,"to break or press something into very small pieces between two hard surfaces or using a special machine + to put somebody/something in a particular position, especially when it is done gently or carefully","to break or press something into very nhỏ pieces between two hard surfaces or using a special machine + to put somebody/something in a particular position, especially when it is done gently or carefully"
grippingly,adverb,an act of holding somebody/something tightly; a particular way of doing this | adverb of manner / adjective (like,an act of holding somebody/something tightly; a particular way of doing this | trạng từ chỉ cách thức / t tính từ (like
grosser,noun,being the total amount of something before anything is taken away | person who does; comparative,being the total amount of something before anything is taken away | người thực hiện; so sánh hơn
grossest,adjective,being the total amount of something before anything is taken away | superlative,being the total amount of something before anything is taken away | so sánh nhất
groundlessly,adverb,the solid surface of the earth | without (adjective | adverb of manner / adjective (like,the solid surface of the earth | khong có (t tính từ | trạng từ chỉ cách thức / t tính từ (like
grownups,unknown,"grow+up(to increase in size, number, strength or quality + towards or in a higher position) + -n([INFLECTION] past-participle ending (VD: blown, drawn))",phát triển + lên trên — n (unknown)
guardedness,noun,"a person, such as a soldier, a police officer or a prison officer, who protects a place or people, or prevents prisoners from escaping | state or quality of (noun","a person, such as a soldier, a police officer or a prison officer, who protects a place or people, or prevents prisoners from escaping | trạng thái hoặc tính chất của (danh từ"
guidelines,noun,"a person who shows other people the way to a place, especially somebody employed to show tourists around interesting places + a long, thin mark on a surface","a person who shows other people the way to a place, especially somebody employed to show tourists around interesting places + a long, thin mark on a surface"
guideposts,noun,"a person who shows other people the way to a place, especially somebody employed to show tourists around interesting places + the official system used for sending and delivering letters, packages, etc.","a person who shows other people the way to a place, especially somebody employed to show tourists around interesting places + the official system used for sending and delivering letters, packages, etc."
guiltier,noun,the unhappy feelings caused by knowing or thinking that you have done something wrong | having quality of; noun/adjective | person who does; comparative,the unhappy feelings caused by knowing or thinking that you have done something wrong | cóĩ·· tính chất của; danh từ/t tính từ | người thực hiện; so sánh hơn
guiltiest,adjective,the unhappy feelings caused by knowing or thinking that you have done something wrong | having quality of; noun/adjective | superlative,the unhappy feelings caused by knowing or thinking that you have done something wrong | cóĩ·· tính chất của; danh từ/t tính từ | so sánh nhất
guiltlessly,adverb,the unhappy feelings caused by knowing or thinking that you have done something wrong | without (adjective | adverb of manner / adjective (like,the unhappy feelings caused by knowing or thinking that you have done something wrong | khong có (t tính từ | trạng từ chỉ cách thức / t tính từ (like
gundog,noun,"a weapon that is used for firing bullets or shells + an animal with four legs and a tail, often kept as a pet or trained for work, for example hunting or guarding buildings. There are many types of dog, some of which are wild.","a weapon that is used for firing bullets or shells + an animal with four legs and a tail, often kept as a pet or trained for work, for example hunting or guarding buildings. There are many types of dog, some of which are wild."
gunfighter,noun,a weapon that is used for firing bullets or shells + a struggle against somebody/something using physical force | person who does; comparative,a weapon that is used for firing bullets or shells + a struggle chống lại somebody/something using physical force | người thực hiện; so sánh hơn
gunfights,noun,a weapon that is used for firing bullets or shells + a struggle against somebody/something using physical force,a weapon that is used for firing bullets or shells + a struggle chống lại somebody/something using physical force
gutsier,noun,the tube in the body through which food passes when it leaves the stomach | having quality of; noun/adjective | person who does; comparative,the tube in the body through which food passes when it leaves the stomach | cóĩ·· tính chất của; danh từ/t tính từ | người thực hiện; so sánh hơn
gutsiest,adjective,the tube in the body through which food passes when it leaves the stomach | having quality of; noun/adjective | superlative,the tube in the body through which food passes when it leaves the stomach | cóĩ·· tính chất của; danh từ/t tính từ | so sánh nhất
habitants,noun,"a thing that you do often and almost without thinking, especially something that is hard to stop doing | person/thing that does; having quality (noun/adjective","a thing that you do often and almost khong có thinking, especially something that is hard to stop doing | person/vật thực hiện; having quality (danh từ/t tính từ"
hairier,noun,the substance that looks like a mass of fine threads growing on a person's head | having quality of; noun/adjective | person who does; comparative,the substance that looks like a mass of fine threads growing on a person's head | cóĩ·· tính chất của; danh từ/t tính từ | người thực hiện; so sánh hơn
hairiest,adjective,the substance that looks like a mass of fine threads growing on a person's head | having quality of; noun/adjective | superlative,the substance that looks like a mass of fine threads growing on a person's head | cóĩ·· tính chất của; danh từ/t tính từ | so sánh nhất
hairshirt,noun,"the substance that looks like a mass of fine threads growing on a person's head + a piece of clothing worn on the upper part of the body, made of light cloth, with sleeves and usually with a collar and buttons down the front","the substance that looks like a mass of fine threads growing on a person's head + a piece of clothing worn on the upper part of the body, made of light cloth, with sleeves and usually with a collar and buttons down the front"
handier,noun,"the part of the body at the end of the arm, including the fingers and thumb | having quality of; noun/adjective | person who does; comparative","the part of the body at the end of the arm, including the fingers and thumb | cóĩ·· tính chất của; danh từ/t tính từ | người thực hiện; so sánh hơn"
handiest,adjective,"the part of the body at the end of the arm, including the fingers and thumb | having quality of; noun/adjective | superlative","the part of the body at the end of the arm, including the fingers and thumb | cóĩ·· tính chất của; danh từ/t tính từ | so sánh nhất"
handpicked,noun,"the part of the body at the end of the arm, including the fingers and thumb + an act of choosing something","the part of the body at the end of the arm, including the fingers and thumb + an act of choosing something"
handpicked,adjective,carefully and personally selected,được lựa chọn cẩn thận và đích thân
hangup,verb,"to attach something, or to be attached, at the top so that the lower part is free or loose + towards or in a higher position","to attach something, or to be attached, at the top so that the lower part is free or loose + towards or in a higher position"
happier,noun,feeling or showing pleasure; pleased | person who does; comparative,feeling or showing pleasure; pleased | người thực hiện; so sánh hơn
happiest,adjective,feeling or showing pleasure; pleased | superlative,feeling or showing pleasure; pleased | so sánh nhất
harbourer,noun,(không có định nghĩa trong Oxford 5000 - root này không phải headword độc lập | person who does; comparative,(không có định nghĩa trong Oxford 5000 - root này không phải headword độc lập | người thực hiện; so sánh hơn
hardboiled,adjective,"difficult to do, understand or answer + when a liquid boils or when you boil it, it is heated to the point where it forms bubbles and turns to steam or vapour","difficult to do, understand or answer + when a liquid boils or when you boil it, it is heated to the point where it forms bubbles and turns to steam or vapour"
hardest,adjective,"difficult to do, understand or answer | superlative","difficult to do, understand or answer | so sánh nhất"
hardier,noun,"difficult to do, understand or answer | having quality of; noun/adjective | person who does; comparative","difficult to do, understand or answer | cóĩ·· tính chất của; danh từ/t tính từ | người thực hiện; so sánh hơn"
hardiest,adjective,"difficult to do, understand or answer | having quality of; noun/adjective | superlative","difficult to do, understand or answer | cóĩ·· tính chất của; danh từ/t tính từ | so sánh nhất"
hardwearing,adjective,"difficult to do, understand or answer + to have something on your body as a piece of clothing, a decoration, etc.","difficult to do, understand or answer + to have something on your body as a piece of clothing, a decoration, etc."
harshened,verb,"cruel, severe and unkind | to make (verb | adjective","cruel, severe and unkind | lam cho (động từ | t tính từ"
harsher,noun,"cruel, severe and unkind | person who does; comparative","cruel, severe and unkind | người thực hiện; so sánh hơn"
harshest,adjective,"cruel, severe and unkind | superlative","cruel, severe and unkind | so sánh nhất"
hauntingly,adverb,"if the ghost of a dead person haunts a place, people say that they have seen it there | adverb of manner / adjective (like","if the ghost of a dead person haunts a place, people say that they have seen it there | trạng từ chỉ cách thức / t tính từ (like"
headier,noun,"the part of the body on top of the neck containing the eyes, nose, mouth and brain | having quality of; noun/adjective | person who does; comparative","the part of the body on top of the neck containing the eyes, nose, mouth and brain | cóĩ·· tính chất của; danh từ/t tính từ | người thực hiện; so sánh hơn"
headiest,adjective,"the part of the body on top of the neck containing the eyes, nose, mouth and brain | having quality of; noun/adjective | superlative","the part of the body on top of the neck containing the eyes, nose, mouth and brain | cóĩ·· tính chất của; danh từ/t tính từ | so sánh nhất"
headphones,noun,"the part of the body on top of the neck containing the eyes, nose, mouth and brain + (không có định nghĩa trong Oxford 5000 - root này không phải headword độc lập","the part of the body on top of the neck containing the eyes, nose, mouth and brain + (không có định nghĩa trong Oxford 5000 - root này không phải headword độc lập"
headwalls,noun,"the part of the body on top of the neck containing the eyes, nose, mouth and brain + a long, solid structure that rises straight up from the ground, made of stone, brick or concrete, that surrounds, divides or protects an area of land","the part of the body on top of the neck containing the eyes, nose, mouth and brain + a long, solid structure that rises straight up from the ground, made of stone, brick or concrete, that surrounds, divides or protects an area of land"
headwaters,noun,"the part of the body on top of the neck containing the eyes, nose, mouth and brain + a liquid without colour, smell or taste that falls as rain, is in lakes, rivers and seas, and is used for drinking, washing, etc.","the part of the body on top of the neck containing the eyes, nose, mouth and brain + a liquid khong có colour, smell or taste that falls as rain, is in lakes, rivers and seas, and is used for drinking, washing, etc."
healthiest,adjective,the condition of a person’s body or mind | having quality of; noun/adjective | superlative,the condition of a person’s body or mind | cóĩ·· tính chất của; danh từ/t tính từ | so sánh nhất
heartbreakingly,adverb,"the organ in the chest that sends blood around the body, usually on the left in humans + a short period of time when you stop what you are doing and rest, eat, etc. | adverb of manner / adjective (like","the organ in the chest that sends blood around the body, usually on the left in humans + a short period of time when you stop what you are doing and rest, eat, etc. | trạng từ chỉ cách thức / t tính từ (like"
hearteningly,adverb,"the organ in the chest that sends blood around the body, usually on the left in humans | to make (verb | adjective | adverb of manner / adjective (like","the organ in the chest that sends blood around the body, usually on the left in humans | lam cho (động từ | t tính từ | trạng từ chỉ cách thức / t tính từ (like"
heartier,noun,"the organ in the chest that sends blood around the body, usually on the left in humans | having quality of; noun/adjective | person who does; comparative","the organ in the chest that sends blood around the body, usually on the left in humans | cóĩ·· tính chất của; danh từ/t tính từ | người thực hiện; so sánh hơn"
heartiest,adjective,"the organ in the chest that sends blood around the body, usually on the left in humans | having quality of; noun/adjective | superlative","the organ in the chest that sends blood around the body, usually on the left in humans | cóĩ·· tính chất của; danh từ/t tính từ | so sánh nhất"
heartwarmingly,adverb,"the organ in the chest that sends blood around the body, usually on the left in humans + at a fairly high temperature in a way that is pleasant, rather than being hot or cold | adverb of manner / adjective (like","the organ in the chest that sends blood around the body, usually on the left in humans + at a fairly high temperature in a way that is pleasant, rather than being hot or cold | trạng từ chỉ cách thức / t tính từ (like"
heatwave,noun,"the quality of being hot + a raised line of water that moves across the surface of the sea, ocean, etc.","the quality of being hot + a raised line of water that moves across the surface of the sea, ocean, etc."
heavier,noun,weighing a lot; difficult to lift or move | person who does; comparative,weighing a lot; difficult to lift or move | người thực hiện; so sánh hơn
heaviest,adjective,weighing a lot; difficult to lift or move | superlative,weighing a lot; difficult to lift or move | so sánh nhất
helluva,unknown,"hell(the place believed to be the home of devils and where bad people go after death) + -uv(uv) + -a([VARIANT] Latin/Greek loanword ending, plural or feminine noun marker)",địa ngục — uv — a (unknown)
highest,adjective,measuring a long distance from the bottom to the top | superlative,measuring a long distance from the bottom to the top | so sánh nhất
highflown,unknown,"high+flow(measuring a long distance from the bottom to the top + the steady and continuous movement of something/somebody in one direction) + -n([INFLECTION] past-participle ending (VD: blown, drawn))",cao + dòng chảy — n (unknown)
highpitched,adjective,measuring a long distance from the bottom to the top + an area of ground specially prepared and marked for playing a sports game,measuring a long distance from the bottom to the top + an area of ground specially prepared and marked for playing a sports game
highpoint,adjective,measuring a long distance from the bottom to the top + a thing that somebody says or writes giving their opinion or stating a fact,measuring a long distance from the bottom to the top + a thing that somebody says or writes giving their opinion or stating a fact
hilltops,noun,"an area of land that is higher than the land around it, but not as high as a mountain + highest in position","an area of land that is higher than the land around it, but not as high as a mountain + highest in position"
hisself,determiner,"his+self(of or belonging to a man or boy who has already been mentioned or is easily identified + the type of person you are, especially the way you normally behave, look or feel)",biến thể không chuẩn của himself
holier,noun,connected with God or a particular religion | person who does; comparative,connected with God or a particular religion | người thực hiện; so sánh hơn
holiest,adjective,connected with God or a particular religion | superlative,connected with God or a particular religion | so sánh nhất
hollower,noun,having a hole or empty space inside | person who does; comparative,having a hole or empty space inside | người thực hiện; so sánh hơn
hollowest,adjective,having a hole or empty space inside | superlative,having a hole or empty space inside | so sánh nhất
homebuilders,noun,"connected with the place where you live + to make something, especially a building, by putting parts together | person who does; comparative","connected with the place where you live + lam cho something, especially a building, by putting parts cung nhau | người thực hiện; so sánh hơn"
homebuilding,adjective,"connected with the place where you live + to make something, especially a building, by putting parts together","connected with the place where you live + lam cho something, especially a building, by putting parts cung nhau"
homelier,noun,connected with the place where you live | adverb of manner / adjective (like | person who does; comparative,connected with the place where you live | trạng từ chỉ cách thức / t tính từ (like | người thực hiện; so sánh hơn
homeliest,adjective,connected with the place where you live | adverb of manner / adjective (like | superlative,connected with the place where you live | trạng từ chỉ cách thức / t tính từ (like | so sánh nhất
homeowners,noun,connected with the place where you live + used to emphasize that something belongs to or is connected with somebody | person who does; comparative,connected with the place where you live + used to emphasize that something belongs to or is connected with somebody | người thực hiện; so sánh hơn
honoraria,noun,"(không có định nghĩa trong Oxford 5000 - root này không phải headword độc lập | place for, collection (noun, Latin, VD: planetaria","(không có định nghĩa trong Oxford 5000 - root này không phải headword độc lập | place for, collection (danh từ, Latin, VD: planetaria"
honorifically,adverb,(không có định nghĩa trong Oxford 5000 - root này không phải headword độc lập | relating to (adjective | adverb of manner / adjective (like,(không có định nghĩa trong Oxford 5000 - root này không phải headword độc lập | li quan đến (t tính từ | trạng từ chỉ cách thức / t tính từ (like
hornier,noun,"a hard pointed part that grows, usually in pairs, on the heads of some animals, such as sheep and cows. Horns are often curved. | having quality of; noun/adjective | person who does; comparative","a hard pointed part that grows, usually in pairs, on the heads of some animals, such as sheep and cows. Horns are often curved. | cóĩ·· tính chất của; danh từ/t tính từ | người thực hiện; so sánh hơn"
horniest,adjective,"a hard pointed part that grows, usually in pairs, on the heads of some animals, such as sheep and cows. Horns are often curved. | having quality of; noun/adjective | superlative","a hard pointed part that grows, usually in pairs, on the heads of some animals, such as sheep and cows. Horns are often curved. | cóĩ·· tính chất của; danh từ/t tính từ | so sánh nhất"
horsedom,noun,"a large animal with four legs, a mane (= long thick hair on its neck | domain, state, condition (noun","a large animal with four legs, a mane (= long thick hair on its neck | domain, state, condition (danh từ"
horselike,noun,"a large animal with four legs, a mane (= long thick hair on its neck","a large animal with four legs, a mane (= long thick hair on its neck"
horseracing,noun,"a large animal with four legs, a mane (= long thick hair on its neck","a large animal with four legs, a mane (= long thick hair on its neck"
horsier,noun,"a large animal with four legs, a mane (= long thick hair on its neck | having quality of; noun/adjective | person who does; comparative","a large animal with four legs, a mane (= long thick hair on its neck | cóĩ·· tính chất của; danh từ/t tính từ | người thực hiện; so sánh hơn"
horsiness,noun,"a large animal with four legs, a mane (= long thick hair on its neck | having quality of; noun/adjective | state or quality of (noun","a large animal with four legs, a mane (= long thick hair on its neck | cóĩ·· tính chất của; danh từ/t tính từ | trạng thái hoặc tính chất của (danh từ"
hotdogs,adjective,"having a high temperature; producing heat + an animal with four legs and a tail, often kept as a pet or trained for work, for example hunting or guarding buildings. There are many types of dog, some of which are wild.","having a high temperature; producing heat + an animal with four legs and a tail, often kept as a pet or trained for work, for example hunting or guarding buildings. There are many types of dog, some of which are wild."
hotdogs,verb,"to perform in a showy, flamboyant manner, especially while doing a sport","biểu diễn một cách phô trương, khoe mẽ, đặc biệt là khi chơi thể thao"
hotelman's,noun,"a building where people stay, usually for a short time, paying for their rooms and meals + an adult male human","a building where people stay, usually for a short time, paying for their rooms and meals + an adult male human"
hotheadedly,adverb,"having a high temperature; producing heat + the part of the body on top of the neck containing the eyes, nose, mouth and brain | adverb of manner / adjective (like","having a high temperature; producing heat + the part of the body on top of the neck containing the eyes, nose, mouth and brain | trạng từ chỉ cách thức / t tính từ (like"
hotrod,adjective,"having a high temperature; producing heat + a long straight piece of wood, metal or glass","having a high temperature; producing heat + a long straight piece of wood, metal or glass"
hotter,noun,having a high temperature; producing heat | person who does; comparative,having a high temperature; producing heat | người thực hiện; so sánh hơn
hottest,adjective,having a high temperature; producing heat | superlative,having a high temperature; producing heat | so sánh nhất
houseboy,noun,"a building for people to live in, usually for one family + a male child or a young male person","a building for people to live in, usually for one family + a male child or a young male person"
houseproud,noun,"a building for people to live in, usually for one family + feeling pleased and satisfied about something that you own or have done, or are connected with","a building for people to live in, usually for one family + feeling pleased and satisfied about something that you own or have done, or are connected with"
housetops,noun,"a building for people to live in, usually for one family + highest in position","a building for people to live in, usually for one family + highest in position"
housetrained,noun,"a building for people to live in, usually for one family + a number of connected coaches or trucks, pulled by an engine or powered by a motor in each one, taking people and goods from one place to another","a building for people to live in, usually for one family + a number of connected coaches or trucks, pulled by an engine or powered by a motor in each one, taking people and goods from one place to another"
howsoever,adverb,"in what way or manner + to such a great degree + used in negative sentences and questions, or sentences with if to mean ‘at any time’","in what way or manner + to such a great degree + used in negative sentences and questions, or sentences with if to mean ‘at any time’"
howsomever,adverb,"in what way or manner + used with uncountable nouns or plural countable nouns to mean ‘an amount of’ or ‘a number of’, when the amount or number is not given + used in negative sentences and questions, or sentences with if to mean ‘at any time’","in what way or manner + used with uncountable nouns or plural countable nouns to mean ‘an amount of’ or ‘a number of’, when the amount or number is not given + used in negative sentences and questions, or sentences with if to mean ‘at any time’"
hugeness,noun,extremely large in size or amount; great in degree | state or quality of (noun,extremely large in size or amount; great in degree | trạng thái hoặc tính chất của (danh từ
huger,noun,extremely large in size or amount; great in degree | person who does; comparative,extremely large in size or amount; great in degree | người thực hiện; so sánh hơn
hugest,adjective,extremely large in size or amount; great in degree | superlative,extremely large in size or amount; great in degree | so sánh nhất
humblest,adjective,showing you do not think that you are as important as other people | superlative,showing you do not think that you are as important as other people | so sánh nhất
hungrier,noun,feeling that you want to eat something | person who does; comparative,feeling that you want to eat something | người thực hiện; so sánh hơn
hungriest,adjective,feeling that you want to eat something | superlative,feeling that you want to eat something | so sánh nhất
hurtfully,adverb,injured physically | full of (adjective | adverb of manner / adjective (like,injured physically | full of (t tính từ | trạng từ chỉ cách thức / t tính từ (like
hurtfulness,noun,injured physically | full of (adjective | state or quality of (noun,injured physically | full of (t tính từ | trạng thái hoặc tính chất của (danh từ
icefree,noun,water that has frozen and become solid + without particular plans or arrangements; not busy,water that has frozen and become solid + khong có particular plans or arrangements; not busy
icepack,noun,"water that has frozen and become solid + a container, usually made of paper, that holds a number of the same thing or an amount of something, ready to be sold","water that has frozen and become solid + a container, usually made of paper, that holds a number of the same thing or an amount of something, ready to be sold"
icier,noun,water that has frozen and become solid | having quality of; noun/adjective | person who does; comparative,water that has frozen and become solid | cóĩ·· tính chất của; danh từ/t tính từ | người thực hiện; so sánh hơn
iciest,adjective,water that has frozen and become solid | having quality of; noun/adjective | superlative,water that has frozen and become solid | cóĩ·· tính chất của; danh từ/t tính từ | so sánh nhất
idealistically,adverb,perfect; most suitable | person who practices/believes (noun | relating to (adjective | adverb of manner / adjective (like,perfect; most suitable | person who practices/believes (danh từ | li quan đến (t tính từ | trạng từ chỉ cách thức / t tính từ (like
idealogical,adjective,"a plan, thought or suggestion, especially about what to do in a particular situation + a way of thinking or explaining something | relating to (adjective | noun","a plan, thought or suggestion, especially about what to do in a particular situation + a way of thinking or explaining something | li quan đến (t tính từ | danh từ"
imbedded,noun,"not; into, inward | a piece of furniture for sleeping on","not; into, inward | a piece of furniture for sleeping on"
imperialistically,adverb,a group of countries or states that are controlled by one leader or government | relating to (adjective | noun | person who practices/believes (noun | relating to (adjective | adverb of manner / adjective (like,a group of countries or states that are controlled by one leader or government | li quan đến (t tính từ | danh từ | person who practices/believes (danh từ | li quan đến (t tính từ | trạng từ chỉ cách thức / t tính từ (like
impersonalized,verb,"not; into, inward | a human as an individual | relating to (adjective | noun | to make, to become (verb","not; into, inward | a human as an individual | li quan đến (t tính từ | danh từ | lam cho, trở thành (động từ"
impoundments,noun,"not; into, inward | the unit of money in the UK, worth 100 pence | result/action/state (noun","not; into, inward | the unit of money in the UK, worth 100 pence | result/hanh động/state (danh từ"
impressionably,adjective,"not; into, inward | newspapers and magazines | action, process, state (noun | capable of being (adjective | having quality of; noun/adjective","not; into, inward | newspapers and magazines | hanh động, qua trình, state (danh từ | capable of being (t tính từ | cóĩ·· tính chất của; danh từ/t tính từ"
impressionistically,adverb,"not; into, inward | newspapers and magazines | action, process, state (noun | person who practices/believes (noun | relating to (adjective | adverb of manner / adjective (like","not; into, inward | newspapers and magazines | hanh động, qua trình, state (danh từ | person who practices/believes (danh từ | li quan đến (t tính từ | trạng từ chỉ cách thức / t tính từ (like"
inadmissibly,adjective,"not (before b/m/p | to agree, often unwillingly, that something is true | capable of being (adjective | having quality of; noun/adjective","not (before b/m/p | to agree, often unwillingly, that something is true | capable of being (t tính từ | cóĩ·· tính chất của; danh từ/t tính từ"
inartistically,adverb,"not (before b/m/p | the use of the imagination to express ideas or feelings, particularly in painting, drawing or sculpture | person who practices/believes (noun | relating to (adjective | adverb of manner / adjective (like","not (before b/m/p | the use of the imagination to express ideas or feelings, particularly in painting, drawing or sculpture | person who practices/believes (danh từ | li quan đến (t tính từ | trạng từ chỉ cách thức / t tính từ (like"
inclosed,adjective,not (before b/m/p | near in space or time,not (before b/m/p | near in space or time
incomparability,noun,not (before b/m/p | to examine people or things to see how they are similar and how they are different | capable of being (adjective | state or quality of (noun,not (before b/m/p | to examine people or things to see how they are similar and how they are different | capable of being (t tính từ | trạng thái hoặc tính chất của (danh từ
incontestably,adjective,"together, jointly | not (before b/m/p | an examination of somebody’s knowledge or ability, consisting of questions for them to answer or activities for them to perform | capable of being (adjective | having quality of; noun/adjective","cung nhau, đồng thời | not (before b/m/p | an examination of somebody’s knowledge or ability, consisting of questions for them to answer or activities for them to perform | capable of being (t tính từ | cóĩ·· tính chất của; danh từ/t tính từ"
indisputably,adjective,"not (before b/m/p | an argument between two people, groups or countries; discussion about a subject on which people disagree | capable of being (adjective | having quality of; noun/adjective","not (before b/m/p | an argument between two people, groups or countries; discussion about a subject on which people disagree | capable of being (t tính từ | cóĩ·· tính chất của; danh từ/t tính từ"
infields,noun,"not (before b/m/p | an area of land in the country used for growing crops or keeping animals in, usually surrounded by a fence, etc.","not (before b/m/p | an area of land in the country used for growing crops or keeping animals in, usually surrounded by a fence, etc."
infighting,noun,"not; into, inward | a struggle against somebody/something using physical force","not; into, inward | a struggle chống lại somebody/something using physical force"
inflammations,noun,"not; into, inward | a hot bright stream of burning gas that comes from something that is on fire | to make/become (verb | adjective | action, process, state (noun","not; into, inward | a hot bright stream of burning gas that comes from something that is on fire | lam cho/become (động từ | t tính từ | hanh động, qua trình, state (danh từ"
ingoing,noun,"not; into, inward | a person’s turn to move or play in a game or an activity","not; into, inward | a person’s turn to move or play in a game or an activity"
inkbottle,noun,"coloured liquid for writing, drawing and printing + a glass or plastic container, usually round with straight sides and a narrow neck, used especially for storing liquids","coloured liquid for writing, drawing and printing + a glass or plastic container, usually round with straight sides and a narrow neck, used especially for storing liquids"
inkier,noun,"coloured liquid for writing, drawing and printing | having quality of; noun/adjective | person who does; comparative","coloured liquid for writing, drawing and printing | cóĩ·· tính chất của; danh từ/t tính từ | người thực hiện; so sánh hơn"
inlays,verb,"not (before b/m/p | to put somebody/something in a particular position, especially when it is done gently or carefully","not (before b/m/p | to put somebody/something in a particular position, especially when it is done gently or carefully"
inlays,noun,"a decorative piece or filling set into a surface, especially a dental filling placed in a tooth cavity","một miếng trang trí hoặc vật liệu trám được gắn vào bề mặt, đặc biệt là miếng trám gắn vào lỗ sâu răng"
instilled,adjective,"not; into, inward | not moving; calm and quiet","not; into, inward | not moving; calm and quiet"
instinctual,adjective,a natural quality that makes people and animals tend to behave in a particular way using the knowledge and abilities that they were born with rather than thought or training | relating to (adjective | noun,a natural quality that makes people and animals tend to behave in a particular way using the knowledge and abilities that they were born with rather than thought or training | li quan đến (t tính từ | danh từ
instrumentally,adverb,"an object used for producing musical sounds, for example a piano or a drum | relating to (adjective | noun | adverb of manner / adjective (like","an object used for producing musical sounds, for example a piano or a drum | li quan đến (t tính từ | danh từ | trạng từ chỉ cách thức / t tính từ (like"
interestedly,adverb,the feeling that you have when you want to know or learn more about somebody/something | adverb of manner / adjective (like,the feeling that you have when you want to know or learn more about somebody/something | trạng từ chỉ cách thức / t tính từ (like
intergovernmental,adjective,"between, among | to legally control a country or its people and be responsible for introducing new laws, organizing public services, etc. | result/action/state (noun | relating to (adjective | noun","between, among | to legally control a country or its people and be responsible for introducing new laws, organizing public services, etc. | result/hanh động/state (danh từ | li quan đến (t tính từ | danh từ"
intergroup,noun,"between, among | a number of people or things that are together in the same place or that are connected in some way","between, among | a number of people or things that are cung nhau in the same place or that are connected in some way"
internationale,noun,"between, among | a country considered as a group of people with the same language, culture and history, who live in a particular area under one government | sale, gathering (noun, French, VD: musicale","between, among | a country considered as a group of people with the same language, culture and history, who live in a particular area under one government | sale, gathering (danh từ, French, VD: musicale"
interstage,noun,"between, among | a period or state that something/somebody passes through while developing or making progress","between, among | a period or state that something/somebody passes through while developing or making progress"
intonations,noun,"not; into, inward | the quality of somebody’s voice, especially expressing a particular emotion | to make/become (verb | adjective | action, process, state (noun","not; into, inward | the quality of somebody’s voice, especially expressing a particular emotion | lam cho/become (động từ | t tính từ | hanh động, qua trình, state (danh từ"
invalidly,adverb,not (before b/m/p | that is legally or officially acceptable | adverb of manner / adjective (like,not (before b/m/p | that is legally or officially acceptable | trạng từ chỉ cách thức / t tính từ (like
invitees,noun,to ask somebody to come to a social event | person who receives/undergoes action (noun,to ask somebody to come to a social event | person who receives/undergoes hanh động (danh từ
invulnerably,adjective,not (before b/m/p | weak and easily hurt physically or emotionally | having quality of; noun/adjective,not (before b/m/p | weak and easily hurt physically or emotionally | cóĩ·· tính chất của; danh từ/t tính từ
irradiated,unknown,"in-(not; into, inward) + radio(the activity of broadcasting programmes for people to listen to; the programmes that are broadcast) + -at(at)",không — radio — at (unknown)
irrecoverably,adjective,"not (before b/m/p | to get well again after being ill, hurt, etc. | capable of being (adjective | having quality of; noun/adjective","not (before b/m/p | to get well again after being ill, hurt, etc. | capable of being (t tính từ | cóĩ·· tính chất của; danh từ/t tính từ"
jammy,adjective,"a thick sweet substance made by boiling fruit with sugar, often sold in jars and spread on bread | having quality of; noun/adjective","a thick sweet substance made by boiling fruit with sugar, often sold in jars and spread on bread | cóĩ·· tính chất của; danh từ/t tính từ"
jazzier,noun,"a type of music with strong rhythms, in which the players often improvise (= make up the music as they are playing | having quality of; noun/adjective | person who does; comparative","a type of music with strong rhythms, in which the players often improvise (= make up the music as they are playing | cóĩ·· tính chất của; danh từ/t tính từ | người thực hiện; so sánh hơn"
jazziest,adjective,"a type of music with strong rhythms, in which the players often improvise (= make up the music as they are playing | having quality of; noun/adjective | superlative","a type of music with strong rhythms, in which the players often improvise (= make up the music as they are playing | cóĩ·· tính chất của; danh từ/t tính từ | so sánh nhất"
jazzily,adverb,"a type of music with strong rhythms, in which the players often improvise (= make up the music as they are playing | having quality of; noun/adjective | adverb of manner / adjective (like","a type of music with strong rhythms, in which the players often improvise (= make up the music as they are playing | cóĩ·· tính chất của; danh từ/t tính từ | trạng từ chỉ cách thức / t tính từ (like"
jetliners,noun,"a plane driven by jet engines + a long, thin mark on a surface | person who does; comparative","a plane driven by jet engines + a long, thin mark on a surface | người thực hiện; so sánh hơn"
joblessness,noun,work for which you receive regular payment | without (adjective | state or quality of (noun,work for which you receive regular payment | khong có (t tính từ | trạng thái hoặc tính chất của (danh từ
juicier,noun,the liquid that comes from fruit or vegetables; a drink made from this | having quality of; noun/adjective | person who does; comparative,the liquid that comes from fruit or vegetables; a drink made from this | cóĩ·· tính chất của; danh từ/t tính từ | người thực hiện; so sánh hơn
juiciest,adjective,the liquid that comes from fruit or vegetables; a drink made from this | having quality of; noun/adjective | superlative,the liquid that comes from fruit or vegetables; a drink made from this | cóĩ·· tính chất của; danh từ/t tính từ | so sánh nhất
jumpier,noun,an act of jumping | having quality of; noun/adjective | person who does; comparative,an act of jumping | cóĩ·· tính chất của; danh từ/t tính từ | người thực hiện; so sánh hơn
jumpiest,adjective,an act of jumping | having quality of; noun/adjective | superlative,an act of jumping | cóĩ·· tính chất của; danh từ/t tính từ | so sánh nhất
jumpily,adverb,an act of jumping | having quality of; noun/adjective | adverb of manner / adjective (like,an act of jumping | cóĩ·· tính chất của; danh từ/t tính từ | trạng từ chỉ cách thức / t tính từ (like
keenest,adjective,wanting to do something or wanting something to happen very much | superlative,wanting to do something or wanting something to happen very much | so sánh nhất
keyboarder,noun,"most important; essential + a long thin piece of strong hard material, especially wood, used, for example, for making floors, building walls and roofs and making boats | person who does; comparative","most important; essential + a long thin piece of strong hard material, especially wood, used, for example, for making floors, building walls and roofs and making boats | người thực hiện; so sánh hơn"
keypunch,adjective,most important; essential + a hard hit made with the fist (= closed hand,most important; essential + a hard hit made with the fist (= closed hand
keypunch,verb,to enter or prepare data by punching holes in cards using a keypunch machine,nhập hoặc chuẩn bị dữ liệu bằng cách đục lỗ trên thẻ bằng máy đục lỗ dữ liệu
kinder,noun,"caring about others; gentle, friendly and generous | person who does; comparative","caring about others; gentle, friendly and generous | người thực hiện; so sánh hơn"
kindest,adjective,"caring about others; gentle, friendly and generous | superlative","caring about others; gentle, friendly and generous | so sánh nhất"
kindlier,noun,"caring about others; gentle, friendly and generous | adverb of manner / adjective (like | person who does; comparative","caring about others; gentle, friendly and generous | trạng từ chỉ cách thức / t tính từ (like | người thực hiện; so sánh hơn"
kindliest,adjective,"caring about others; gentle, friendly and generous | adverb of manner / adjective (like | superlative","caring about others; gentle, friendly and generous | trạng từ chỉ cách thức / t tính từ (like | so sánh nhất"
kinglier,noun,the male ruler of an independent state that has a royal family | adverb of manner / adjective (like | person who does; comparative,the male ruler of an independent state that has a royal family | trạng từ chỉ cách thức / t tính từ (like | người thực hiện; so sánh hơn
kissable,adjective,the act of kissing somebody/something | capable of being (adjective,the act of kissing somebody/something | capable of being (t tính từ
knoweth,noun,"to have information in your mind as a result of experience or because you have learned or been told it | ordinal number / state (noun, VD: eighth, warmth","to have information in your mind as a result of experience or because you have learned or been told it | ordinal number / state (danh từ, VD: eighth, warmth"
landmine,noun,"the surface of the earth that is not sea + a deep hole or holes under the ground where minerals such as coal, gold, etc. are dug","the surface of the earth that is not sea + a deep hole or holes under the ground where minerals such as coal, gold, etc. are dug"
largest,adjective,big in size or quantity | superlative,big in size or quantity | so sánh nhất
lawmakers,noun,"a rule that deals with a particular crime, agreement, etc. + the name or type of a machine, piece of equipment, etc. that is made by a particular company | person who does; comparative","a rule that deals with a particular crime, agreement, etc. + the name or type of a machine, piece of equipment, etc. that is made by a particular company | người thực hiện; so sánh hơn"
layers,noun,"to put somebody/something in a particular position, especially when it is done gently or carefully | person who does; comparative","to put somebody/something in a particular position, especially when it is done gently or carefully | người thực hiện; so sánh hơn"
layers,verb,"to arrange or apply something in layers, or to cut hair into layers of different lengths","sắp xếp hoặc phủ cái gì đó thành từng lớp, hoặc cắt tóc thành nhiều lớp có độ dài khác nhau"
lazier,noun,unwilling to work or be active; doing as little as possible | person who does; comparative,unwilling to work or be active; doing as little as possible | người thực hiện; so sánh hơn
laziest,adjective,unwilling to work or be active; doing as little as possible | superlative,unwilling to work or be active; doing as little as possible | so sánh nhất
leaderless,noun,(không có định nghĩa trong Oxford 5000 - root này không phải headword độc lập | person who does; comparative | without (adjective,(không có định nghĩa trong Oxford 5000 - root này không phải headword độc lập | người thực hiện; so sánh hơn | khong có (t tính từ
leafier,noun,"a flat green part of a plant, growing from a stem or branch or from the root | having quality of; noun/adjective | person who does; comparative","a flat green part of a plant, growing from a stem or branch or from the root | cóĩ·· tính chất của; danh từ/t tính từ | người thực hiện; so sánh hơn"
leafiest,adjective,"a flat green part of a plant, growing from a stem or branch or from the root | having quality of; noun/adjective | superlative","a flat green part of a plant, growing from a stem or branch or from the root | cóĩ·· tính chất của; danh từ/t tính từ | so sánh nhất"
leakier,noun,a small hole that lets liquid or gas flow in or out of something by accident | having quality of; noun/adjective | person who does; comparative,a nhỏ hole that lets liquid or gas flow in or out of something by accident | cóĩ·· tính chất của; danh từ/t tính từ | người thực hiện; so sánh hơn
leakiest,adjective,a small hole that lets liquid or gas flow in or out of something by accident | having quality of; noun/adjective | superlative,a nhỏ hole that lets liquid or gas flow in or out of something by accident | cóĩ·· tính chất của; danh từ/t tính từ | so sánh nhất
leakily,adverb,a small hole that lets liquid or gas flow in or out of something by accident | having quality of; noun/adjective | adverb of manner / adjective (like,a nhỏ hole that lets liquid or gas flow in or out of something by accident | cóĩ·· tính chất của; danh từ/t tính từ | trạng từ chỉ cách thức / t tính từ (like
leanest,adjective,to bend or move from a straight position to a sloping position | superlative,to bend or move from a straight position to a sloping position | so sánh nhất
leant,unknown,"lean(to bend or move from a straight position to a sloping position ) + -t([INFLECTION] irregular past-tense ending (VD: burnt, dealt) — not meaning-bearing)","nghiêng, gầy — t (unknown)"
leapt,unknown,"leap(a long or high jump) + -t([INFLECTION] irregular past-tense ending (VD: burnt, dealt) — not meaning-bearing)",nhảy vọt — t (unknown)
learnt,unknown,"learn(to gain knowledge or skill by studying, from experience, from being taught, etc.) + -t([INFLECTION] irregular past-tense ending (VD: burnt, dealt) — not meaning-bearing)",học — t (unknown)
leggier,noun,one of the long parts that connect the feet to the rest of the body | having quality of; noun/adjective | person who does; comparative,one of the long parts that connect the feet to the rest of the body | cóĩ·· tính chất của; danh từ/t tính từ | người thực hiện; so sánh hơn
leggiest,adjective,one of the long parts that connect the feet to the rest of the body | having quality of; noun/adjective | superlative,one of the long parts that connect the feet to the rest of the body | cóĩ·· tính chất của; danh từ/t tính từ | so sánh nhất
legginess,noun,one of the long parts that connect the feet to the rest of the body | having quality of; noun/adjective | state or quality of (noun,one of the long parts that connect the feet to the rest of the body | cóĩ·· tính chất của; danh từ/t tính từ | trạng thái hoặc tính chất của (danh từ
lengthier,noun,the size or measurement of something from one end to the other | having quality of; noun/adjective | person who does; comparative,the size or measurement of something from one end to the other | cóĩ·· tính chất của; danh từ/t tính từ | người thực hiện; so sánh hơn
lengthiest,adjective,the size or measurement of something from one end to the other | having quality of; noun/adjective | superlative,the size or measurement of something from one end to the other | cóĩ·· tính chất của; danh từ/t tính từ | so sánh nhất
letterbox,noun,"a written, typed or printed message that is put in an envelope or attached to an email and sent to somebody + a container made of wood, thick card, metal, etc. with a flat stiff base and sides and often a lid (= cover","a written, typed or printed message that is put in an envelope or attached to an email and sent to somebody + a container made of wood, thick card, metal, etc. with a flat stiff base and sides and often a lid (= cover"
letterbox,verb,"to present a film or video in letterbox format, with black bars added to preserve its original wide aspect ratio on a differently shaped screen","trình chiếu một bộ phim hoặc video theo định dạng letterbox, với các dải đen được thêm vào để giữ nguyên tỷ lệ khung hình rộng ban đầu trên màn hình có tỷ lệ khác"
lifebelt,noun,"the ability to breathe, grow, produce young, etc. that people, animals and plants have before they die and that objects do not have + a long narrow piece of leather, cloth, etc. that you wear around the middle part of your body","the ability to breathe, grow, produce young, etc. that people, animals and plants have before they die and that objects do not have + a long narrow piece of leather, cloth, etc. that you wear around the middle part of your body"
liftboy,noun,a machine that carries people or goods up and down to different levels in a building or a mine + a male child or a young male person,a machine that carries people or goods up and down to different levels in a building or a mine + a male child or a young male person
lightest,adjective,pale in colour | superlative,pale in colour | so sánh nhất
lightyears,adjective,"pale in colour + the period from 1 January to 31 December, that is 365 or 366 days, divided into 12 months","pale in colour + the period from 1 January to 31 December, that is 365 or 366 days, divided into 12 months"
likelier,noun,the things that you like | adverb of manner / adjective (like | person who does; comparative,the things that you like | trạng từ chỉ cách thức / t tính từ (like | người thực hiện; so sánh hơn
likeliest,adjective,the things that you like | adverb of manner / adjective (like | superlative,the things that you like | trạng từ chỉ cách thức / t tính từ (like | so sánh nhất
likened,verb,the things that you like | to make (verb | adjective,the things that you like | lam cho (động từ | t tính từ
limitlessly,adverb,the greatest or smallest amount of something that is allowed | without (adjective | adverb of manner / adjective (like,the greatest or smallest amount of something that is allowed | khong có (t tính từ | trạng từ chỉ cách thức / t tính từ (like
linebackers,noun,"a long, thin mark on a surface + located behind or at the back of something | person who does; comparative","a long, thin mark on a surface + located behind or at the back of something | người thực hiện; so sánh hơn"
linertrain,noun,"a long, thin mark on a surface + a number of connected coaches or trucks, pulled by an engine or powered by a motor in each one, taking people and goods from one place to another | person who does; comparative","a long, thin mark on a surface + a number of connected coaches or trucks, pulled by an engine or powered by a motor in each one, taking people and goods from one place to another | người thực hiện; so sánh hơn"
lionization,noun,"a large, powerful animal of the cat family that hunts in groups and lives in parts of Africa and southern Asia. Lions have yellow-brown fur and the male has a mane (= long, thick hair round its neck | to make, to become (verb | action, process, state (noun","a large, powerful animal of the cat family that hunts in groups and lives in parts of Africa and southern Asia. Lions have yellow-brown fur and the male has a mane (= long, thick hair round its neck | lam cho, trở thành (động từ | hanh động, qua trình, state (danh từ"
litterbag,noun,"small pieces of rubbish such as paper, cans and bottles, that people have left lying in a public place + a container made of cloth, leather, plastic or paper, used to carry things in, especially when shopping or travelling","nhỏ pieces of rubbish such as paper, cans and bottles, that people have left lying in a public place + a container made of cloth, leather, plastic or paper, used to carry things in, especially when shopping or travelling"
littlest,adjective,not big; small; smaller than others | superlative,not big; nhỏ; smaller than others | so sánh nhất
livability,noun,living; not dead | capable of being (adjective | state or quality of (noun,living; not dead | capable of being (t tính từ | trạng thái hoặc tính chất của (danh từ
livelier,noun,living; not dead | adverb of manner / adjective (like | person who does; comparative,living; not dead | trạng từ chỉ cách thức / t tính từ (like | người thực hiện; so sánh hơn
liveliest,adjective,living; not dead | adverb of manner / adjective (like | superlative,living; not dead | trạng từ chỉ cách thức / t tính từ (like | so sánh nhất
lockable,adjective,"a device that keeps a door, window, box, etc. shut, usually needing a key to open it | capable of being (adjective","a device that keeps a door, window, box, etc. shut, usually needing a key to open it | capable of being (t tính từ"
lockian,noun,"a device that keeps a door, window, box, etc. shut, usually needing a key to open it | relating to, person from (noun/adjective","a device that keeps a door, window, box, etc. shut, usually needing a key to open it | li quan đến, person from (danh từ/t tính từ"
logjams,noun,"a thick piece of wood that is cut from or has fallen from a tree + a thick sweet substance made by boiling fruit with sugar, often sold in jars and spread on bread","a thick piece of wood that is cut from or has fallen from a tree + a thick sweet substance made by boiling fruit with sugar, often sold in jars and spread on bread"
longfellow,adjective,"measuring or covering a great length or distance, or a greater length or distance than usual + used to describe somebody who is the same as you in some way, or in the same situation","measuring or covering a great length or distance, or a greater length or distance than usual + used to describe somebody who is the same as you in some way, or in the same situation"
longhaired,adjective,"measuring or covering a great length or distance, or a greater length or distance than usual + the substance that looks like a mass of fine threads growing on a person's head","measuring or covering a great length or distance, or a greater length or distance than usual + the substance that looks like a mass of fine threads growing on a person's head"
longrun,adjective,"measuring or covering a great length or distance, or a greater length or distance than usual + an act of running; a period of time spent running or the distance that somebody runs","measuring or covering a great length or distance, or a greater length or distance than usual + an act of running; a period of time spent running or the distance that somebody runs"
longship,adjective,"measuring or covering a great length or distance, or a greater length or distance than usual + a large boat that carries people or goods by sea","measuring or covering a great length or distance, or a greater length or distance than usual + a large boat that carries people or goods by sea"
longsuffering,adjective,"measuring or covering a great length or distance, or a greater length or distance than usual + to be badly affected by a disease, pain, sad feelings, a lack of something, etc.","measuring or covering a great length or distance, or a greater length or distance than usual + to be badly affected by a disease, pain, sad feelings, a lack of something, etc."
longwearing,adjective,"measuring or covering a great length or distance, or a greater length or distance than usual + to have something on your body as a piece of clothing, a decoration, etc.","measuring or covering a great length or distance, or a greater length or distance than usual + to have something on your body as a piece of clothing, a decoration, etc."
longwinded,adjective,"measuring or covering a great length or distance, or a greater length or distance than usual + (không có định nghĩa trong Oxford 5000 - root này không phải headword độc lập","measuring or covering a great length or distance, or a greater length or distance than usual + (không có định nghĩa trong Oxford 5000 - root này không phải headword độc lập"
longwindedly,adverb,"measuring or covering a great length or distance, or a greater length or distance than usual + (không có định nghĩa trong Oxford 5000 - root này không phải headword độc lập | adverb of manner / adjective (like","measuring or covering a great length or distance, or a greater length or distance than usual + (không có định nghĩa trong Oxford 5000 - root này không phải headword độc lập | trạng từ chỉ cách thức / t tính từ (like"
longwindedness,noun,"measuring or covering a great length or distance, or a greater length or distance than usual + (không có định nghĩa trong Oxford 5000 - root này không phải headword độc lập | state or quality of (noun","measuring or covering a great length or distance, or a greater length or distance than usual + (không có định nghĩa trong Oxford 5000 - root này không phải headword độc lập | trạng thái hoặc tính chất của (danh từ"
loopier,noun,a shape like a curve or circle made by a line curving right round | having quality of; noun/adjective | person who does; comparative,a shape like a curve or circle made by a line curving right round | cóĩ·· tính chất của; danh từ/t tính từ | người thực hiện; so sánh hơn
loopiest,adjective,a shape like a curve or circle made by a line curving right round | having quality of; noun/adjective | superlative,a shape like a curve or circle made by a line curving right round | cóĩ·· tính chất của; danh từ/t tính từ | so sánh nhất
loosebox,adjective,"not securely fixed where it should be; able to become separated from something + a container made of wood, thick card, metal, etc. with a flat stiff base and sides and often a lid (= cover","not securely fixed where it should be; able trở thành separated from something + a container made of wood, thick card, metal, etc. with a flat stiff base and sides and often a lid (= cover"
looser,noun,not securely fixed where it should be; able to become separated from something | person who does; comparative,not securely fixed where it should be; able trở thành separated from something | người thực hiện; so sánh hơn
loosest,adjective,not securely fixed where it should be; able to become separated from something | superlative,not securely fixed where it should be; able trở thành separated from something | so sánh nhất
lordlier,noun,(in the UK | = people of high social class | adverb of manner / adjective (like | person who does; comparative,(in the UK | = people of high social class | trạng từ chỉ cách thức / t tính từ (like | người thực hiện; so sánh hơn
lordliest,adjective,(in the UK | = people of high social class | adverb of manner / adjective (like | superlative,(in the UK | = people of high social class | trạng từ chỉ cách thức / t tính từ (like | so sánh nhất
louder,noun,making a lot of noise | person who does; comparative,making a lot of noise | người thực hiện; so sánh hơn
loudest,adjective,making a lot of noise | superlative,making a lot of noise | so sánh nhất
loudhailer,noun,"making a lot of noise + to describe somebody/something as being very good or special, especially in newspapers, etc. | person who does; comparative","making a lot of noise + to describe somebody/something as being very good or special, especially in newspapers, etc. | người thực hiện; so sánh hơn"
lovechildren,noun,"a very strong feeling of liking and caring for somebody/something, especially a member of your family or a friend + a young human who is not yet an adult","a very strong feeling of liking and caring for somebody/something, especially a member of your family or a friend + a young human who is not yet an adult"
lovejoy,noun,"a very strong feeling of liking and caring for somebody/something, especially a member of your family or a friend + a feeling of great happiness","a very strong feeling of liking and caring for somebody/something, especially a member of your family or a friend + a feeling of great happiness"
lovelier,noun,"a very strong feeling of liking and caring for somebody/something, especially a member of your family or a friend | adverb of manner / adjective (like | person who does; comparative","a very strong feeling of liking and caring for somebody/something, especially a member of your family or a friend | trạng từ chỉ cách thức / t tính từ (like | người thực hiện; so sánh hơn"
loveliest,adjective,"a very strong feeling of liking and caring for somebody/something, especially a member of your family or a friend | adverb of manner / adjective (like | superlative","a very strong feeling of liking and caring for somebody/something, especially a member of your family or a friend | trạng từ chỉ cách thức / t tính từ (like | so sánh nhất"
lovey,adjective,"a very strong feeling of liking and caring for somebody/something, especially a member of your family or a friend | having quality of; noun/adjective","a very strong feeling of liking and caring for somebody/something, especially a member of your family or a friend | cóĩ·· tính chất của; danh từ/t tính từ"
lovey,noun,an informal term of endearment used to address someone who is loved; darling,"cách xưng hô thân mật, trìu mến dùng để gọi người mình yêu thương; cưng ơi"
lowdown,adjective,not high or tall; not far above the ground + to or at a lower place or position,not high or tall; not far above the ground + to or at a lower place or position
lowdown,noun,the true and most important facts or information about something,"những thông tin, sự thật quan trọng nhất về một việc gì đó"
lowlier,noun,not high or tall; not far above the ground | adverb of manner / adjective (like | person who does; comparative,not high or tall; not far above the ground | trạng từ chỉ cách thức / t tính từ (like | người thực hiện; so sánh hơn
lowliest,adjective,not high or tall; not far above the ground | adverb of manner / adjective (like | superlative,not high or tall; not far above the ground | trạng từ chỉ cách thức / t tính từ (like | so sánh nhất
luckier,noun,"good things that happen to you by chance, not because of your own efforts or abilities | having quality of; noun/adjective | person who does; comparative","good things that happen to you by chance, not because of your own efforts or abilities | cóĩ·· tính chất của; danh từ/t tính từ | người thực hiện; so sánh hơn"
luckiest,adjective,"good things that happen to you by chance, not because of your own efforts or abilities | having quality of; noun/adjective | superlative","good things that happen to you by chance, not because of your own efforts or abilities | cóĩ·· tính chất của; danh từ/t tính từ | so sánh nhất"
machinegun,noun,"a piece of equipment with many parts that work together to do a particular task. The power used to work a machine may be electricity, steam, gas, etc. or human power. + a weapon that is used for firing bullets or shells","a piece of equipment with many parts that work cung nhau to do a particular task. The power used to work a machine may be electricity, steam, gas, etc. or human power. + a weapon that is used for firing bullets or shells"
machinegun,verb,to shoot at someone or something with a machine gun,bắn vào ai đó hoặc cái gì đó bằng súng máy
maddest,adjective,very stupid; not at all sensible | superlative,very stupid; not at all sensible | so sánh nhất
makepeace,noun,"the name or type of a machine, piece of equipment, etc. that is made by a particular company + a situation or a period of time in which there is no war or violence in a country or an area","the name or type of a machine, piece of equipment, etc. that is made by a particular company + a situation or a period of time in which there is no war or violence in a country or an area"
malformations,noun,"bad, badly | a type or variety of something | to make/become (verb | adjective | action, process, state (noun","bad, badly | a type or variety of something | lam cho/become (động từ | t tính từ | hanh động, qua trình, state (danh từ"
manhour,noun,an adult male human + 60 minutes; one of the 24 parts that a day is divided into,an adult male human + 60 minutes; one of the 24 parts that a day is divided into
manipulators,noun,"to control or influence somebody/something, often in a dishonest way so that they do not realize it | person/thing that does (noun","to control or influence somebody/something, often in a dishonest way so that they do not realize it | person/vật thực hiện (danh từ"
manlier,noun,an adult male human | adverb of manner / adjective (like | person who does; comparative,an adult male human | trạng từ chỉ cách thức / t tính từ (like | người thực hiện; so sánh hơn
manmade,noun,"an adult male human + the name or type of a machine, piece of equipment, etc. that is made by a particular company","an adult male human + the name or type of a machine, piece of equipment, etc. that is made by a particular company"
markdown,noun,"a written or printed symbol that is used as a sign of something, for example the quality of something or who made or owns it + to or at a lower place or position","a written or printed symbol that is used as a sign of something, for example the quality of something or who made or owns it + to or at a lower place or position"
marketability,noun,an occasion when people buy and sell goods; the open area or building where they meet to do this | capable of being (adjective | state or quality of (noun,an occasion when people buy and sell goods; the open area or building where they meet to do this | capable of being (t tính từ | trạng thái hoặc tính chất của (danh từ
marketeer,noun,"an occasion when people buy and sell goods; the open area or building where they meet to do this | person concerned with (noun, VD: engineer","an occasion when people buy and sell goods; the open area or building where they meet to do this | person concerned with (danh từ, VD: engineer"
marketwise,adverb,an occasion when people buy and sell goods; the open area or building where they meet to do this | in the manner of; direction,an occasion when people buy and sell goods; the open area or building where they meet to do this | in the manner of; direction
markswoman,noun,"a written or printed symbol that is used as a sign of something, for example the quality of something or who made or owns it + an adult female human","a written or printed symbol that is used as a sign of something, for example the quality of something or who made or owns it + an adult nữ human"
massier,noun,affecting or involving a large number of people or things | having quality of; noun/adjective | person who does; comparative,affecting or involving a large number of people or things | cóĩ·· tính chất của; danh từ/t tính từ | người thực hiện; so sánh hơn
masterwork,noun,"a man who has people working for him, often as servants in his home + the job that a person does especially in order to earn money","a man who has people working for him, often as servants in his home + the job that a person does especially in order to earn money"
matchlessly,adverb,a sports event where people or teams compete against each other | without (adjective | adverb of manner / adjective (like,a sports event where people or teams compete chống lại each other | khong có (t tính từ | trạng từ chỉ cách thức / t tính từ (like
maturest,adjective,"behaving in a sensible way, like an adult | superlative","behaving in a sensible way, like an adult | so sánh nhất"
maybug,noun,"the fifth month of the year, between April and June + any small insect","the fifth month of the year, between April and June + any nhỏ insect"
mayfair,noun,"the fifth month of the year, between April and June + acceptable and appropriate in a particular situation","the fifth month of the year, between April and June + acceptable and appropriate in a particular situation"
mayst,adjective,"the fifth month of the year, between April and June | superlative","the fifth month of the year, between April and June | so sánh nhất"
mealier,noun,"an occasion when people eat food, especially breakfast, lunch or dinner | having quality of; noun/adjective | person who does; comparative","an occasion when people eat food, especially breakfast, lunch or dinner | cóĩ·· tính chất của; danh từ/t tính từ | người thực hiện; so sánh hơn"
mealiest,adjective,"an occasion when people eat food, especially breakfast, lunch or dinner | having quality of; noun/adjective | superlative","an occasion when people eat food, especially breakfast, lunch or dinner | cóĩ·· tính chất của; danh từ/t tính từ | so sánh nhất"
meaner,noun,to have something as a meaning in the same or another language | person who does; comparative,to have something as a meaning in the same or another language | người thực hiện; so sánh hơn
meanest,adjective,to have something as a meaning in the same or another language | superlative,to have something as a meaning in the same or another language | so sánh nhất
meatier,noun,the soft part of an animal or a bird that can be eaten as food; a particular type of this | having quality of; noun/adjective | person who does; comparative,the soft part of an animal or a bird that can be eaten as food; a particular type of this | cóĩ·· tính chất của; danh từ/t tính từ | người thực hiện; so sánh hơn
meatiest,adjective,the soft part of an animal or a bird that can be eaten as food; a particular type of this | having quality of; noun/adjective | superlative,the soft part of an animal or a bird that can be eaten as food; a particular type of this | cóĩ·· tính chất của; danh từ/t tính từ | so sánh nhất
mediumistic,adjective,"in the middle between a larger and smaller size, amount, length, temperature, etc. | relating to (adjective","in the middle between a larger and smaller size, amount, length, temperature, etc. | li quan đến (t tính từ"
mediumship,adjective,"in the middle between a larger and smaller size, amount, length, temperature, etc. + a large boat that carries people or goods by sea","in the middle between a larger and smaller size, amount, length, temperature, etc. + a large boat that carries people or goods by sea"
meltingly,adverb,to become or make something become liquid as a result of heating | adverb of manner / adjective (like,trở thành or make something become liquid as a result of heating | trạng từ chỉ cách thức / t tính từ (like
merest,adjective,"used when you want to emphasize how small, unimportant, etc. somebody/something is | superlative","used when you want to emphasize how nhỏ, unimportant, etc. somebody/something is | so sánh nhất"
messier,noun,a dirty or untidy state | having quality of; noun/adjective | person who does; comparative,a dirty or untidy state | cóĩ·· tính chất của; danh từ/t tính từ | người thực hiện; so sánh hơn
messiest,adjective,a dirty or untidy state | having quality of; noun/adjective | superlative,a dirty or untidy state | cóĩ·· tính chất của; danh từ/t tính từ | so sánh nhất
microfossils,noun,small | the parts of a dead animal or a plant that have become hard and turned into rock,nhỏ | the parts of a dead animal or a plant that have become hard and turned into rock
middletown,adjective,"in a position in the middle of an object, group of objects, people, etc.; between the beginning and the end of something + a place with many houses, shops, etc. where people live and work. It is larger than a village but smaller than a city.","in a position in the middle of an object, group of objects, people, etc.; between the beginning and the end of something + a place with many houses, shops, etc. where people live and work. It is larger than a village but smaller than a city."
midmorning,noun,middle | the early part of the day from the time when people wake up until 12 o'clock in the middle of the day or before lunch,middle | the early part of the day from the time when people wake up until 12 o'clock in the middle of the day or before lunch
midwest,adjective,middle | in or towards the west,middle | in or towards the west
midwesterners,noun,"middle | in or towards the west | direction (adjective, VD: southern | person who does; comparative","middle | in or towards the west | direction (t tính từ, VD: southern | người thực hiện; so sánh hơn"
mightier,noun,used when showing that something is or was possible | having quality of; noun/adjective | person who does; comparative,used when showing that something is or was possible | cóĩ·· tính chất của; danh từ/t tính từ | người thực hiện; so sánh hơn
mightiest,adjective,used when showing that something is or was possible | having quality of; noun/adjective | superlative,used when showing that something is or was possible | cóĩ·· tính chất của; danh từ/t tính từ | so sánh nhất
milder,noun,not severe or strong | person who does; comparative,not severe or strong | người thực hiện; so sánh hơn
mildest,adjective,not severe or strong | superlative,not severe or strong | so sánh nhất
milkier,noun,"the white liquid produced by cows, goats and some other animals as food for their young and used as a drink by humans | having quality of; noun/adjective | person who does; comparative","the white liquid produced by cows, goats and some other animals as food for their young and used as a drink by humans | cóĩ·· tính chất của; danh từ/t tính từ | người thực hiện; so sánh hơn"
milkiest,adjective,"the white liquid produced by cows, goats and some other animals as food for their young and used as a drink by humans | having quality of; noun/adjective | superlative","the white liquid produced by cows, goats and some other animals as food for their young and used as a drink by humans | cóĩ·· tính chất của; danh từ/t tính từ | so sánh nhất"
millenium,noun,"a building fitted with equipment for grinding grain into flour; a machine for grinding grain | to make (verb | adjective | chemical element / place (noun, Latin","a building fitted with equipment for grinding grain into flour; a machine for grinding grain | lam cho (động từ | t tính từ | chemical element / place (danh từ, Latin"
millie,noun,"a building fitted with equipment for grinding grain into flour; a machine for grinding grain | small, informal/affectionate (diminutive noun, VD: robbie, billie","a building fitted with equipment for grinding grain into flour; a machine for grinding grain | nhỏ, informal/affectionate (diminutive danh từ, VD: robbie, billie"
mineralized,verb,"a substance that is naturally present in the earth and is not formed from animal or vegetable matter, for example gold and salt. Some minerals are also present in food and drink and in the human body and are essential for good health. | to make, to become (verb","a substance that is naturally present in the earth and is not formed from animal or vegetable matter, for example gold and salt. Some minerals are also present in food and drink and in the human body and are essential for good health. | lam cho, trở thành (động từ"
minuter,noun,extremely small | person who does; comparative,extremely nhỏ | người thực hiện; so sánh hơn
minutest,adjective,extremely small | superlative,extremely nhỏ | so sánh nhất
misdealt,unknown,"mis-(wrongly, badly) + deal(an agreement, especially in business, on particular conditions for buying or doing something) + -t([INFLECTION] irregular past-tense ending (VD: burnt, dealt) — not meaning-bearing)","sai — thỏa thuận, đối phó — t (unknown)"
misguidedly,adverb,"wrongly, badly | a person who shows other people the way to a place, especially somebody employed to show tourists around interesting places | adverb of manner / adjective (like","wrongly, badly | a person who shows other people the way to a place, especially somebody employed to show tourists around interesting places | trạng từ chỉ cách thức / t tính từ (like"
mishit,noun,"wrongly, badly | an act of hitting somebody/something with your hand or with an object held in your hand","wrongly, badly | an act of hitting somebody/something with your hand or with an object held in your hand"
mishit,verb,"to hit a ball badly or awkwardly, not as intended, especially in a sport","đánh quả bóng không đúng cách, không như ý muốn, đặc biệt trong thể thao"
misinterpreters,noun,"wrongly, badly | to explain the meaning of something | person who does; comparative","wrongly, badly | to explain the meaning of something | người thực hiện; so sánh hơn"
misjudgement,noun,"wrongly, badly | a person in a court who has the authority to decide how criminals should be punished or to make legal decisions | result/action/state (noun","wrongly, badly | a person in a court who has the authority to decide how criminals should be punished or lam cho legal decisions | result/hanh động/state (danh từ"
misquotations,noun,"wrongly, badly | a group of words or a short piece of writing taken from a book, play, speech, etc. and repeated because it is interesting or useful | to make/become (verb | adjective | action, process, state (noun","wrongly, badly | a group of words or a short piece of writing taken from a book, play, speech, etc. and repeated because it is interesting or useful | lam cho/become (động từ | t tính từ | hanh động, qua trình, state (danh từ"
misspelt,unknown,"mis-(wrongly, badly) + spell(a short period of time during which something lasts) + -t([INFLECTION] irregular past-tense ending (VD: burnt, dealt) — not meaning-bearing)","sai — đánh vần, phép thuật — t (unknown)"
mistrustfulness,noun,"wrongly, badly | the belief that somebody/something is good, sincere, honest, etc. and will not try to harm or trick you | full of (adjective | state or quality of (noun","wrongly, badly | the belief that somebody/something is good, sincere, honest, etc. and will not try to harm or trick you | full of (t tính từ | trạng thái hoặc tính chất của (danh từ"
mobcaps,noun,"a large crowd of people, especially one that may become violent or cause trouble + a type of soft flat hat with a peak (= a hard curved part sticking out in front","a large crowd of people, especially one that may become violent or cause trouble + a type of soft flat hat with a peak (= a hard curved part sticking out in front"
momenta,unknown,"moment(a very short period of time) + -a([VARIANT] Latin/Greek loanword ending, plural or feminine noun marker)",khoảnh khắc — a (unknown)
mondays,noun,"one, single | a period of 24 hours","one, single | a period of 24 hours"
mondays,adverb,"on Mondays; every Monday, used to describe something that happens habitually","vào các ngày thứ Hai; cứ mỗi thứ Hai, diễn tả việc xảy ra thường xuyên"
moneybags,noun,"what you earn by working or selling things, and use to buy things + a container made of cloth, leather, plastic or paper, used to carry things in, especially when shopping or travelling","what you earn by working or selling things, and use to buy things + a container made of cloth, leather, plastic or paper, used to carry things in, especially when shopping or travelling"
moneybox,noun,"what you earn by working or selling things, and use to buy things + a container made of wood, thick card, metal, etc. with a flat stiff base and sides and often a lid (= cover","what you earn by working or selling things, and use to buy things + a container made of wood, thick card, metal, etc. with a flat stiff base and sides and often a lid (= cover"
moneychanger,noun,"what you earn by working or selling things, and use to buy things + the act or result of something becoming different | person who does; comparative","what you earn by working or selling things, and use to buy things + the act or result of something becoming different | người thực hiện; so sánh hơn"
monotonousness,noun,"one, single | the quality of somebody’s voice, especially expressing a particular emotion | having quality of (adjective | state or quality of (noun","one, single | the quality of somebody’s voice, especially expressing a particular emotion | cóĩ·· tính chất của (t tính từ | trạng thái hoặc tính chất của (danh từ"
monumentally,adverb,"a building, column, statue, etc. built to remind people of a famous person or event | relating to (adjective | noun | adverb of manner / adjective (like","a building, column, statue, etc. built to remind people of a famous person or event | li quan đến (t tính từ | danh từ | trạng từ chỉ cách thức / t tính từ (like"
moodier,noun,the way you are feeling at a particular time | having quality of; noun/adjective | person who does; comparative,the way you are feeling at a particular time | cóĩ·· tính chất của; danh từ/t tính từ | người thực hiện; so sánh hơn
moodiest,adjective,the way you are feeling at a particular time | having quality of; noun/adjective | superlative,the way you are feeling at a particular time | cóĩ·· tính chất của; danh từ/t tính từ | so sánh nhất
moonier,noun,the round object that moves around the earth once every 27½ days and shines at night by light reflected from the sun | having quality of; noun/adjective | person who does; comparative,the round object that moves around the earth once every 27½ days and shines at night by light reflected from the sun | cóĩ·· tính chất của; danh từ/t tính từ | người thực hiện; so sánh hơn
morehouse,adverb,"used to form the comparative of most adjectives and adverbs with two or more syllables + a building for people to live in, usually for one family","used to form the so sánh hơn of most adjectives and adverbs with two or more syllables + a building for people to live in, usually for one family"
motivations,noun,"a reason for doing something | to make/become (verb | adjective | action, process, state (noun","a reason for doing something | lam cho/become (động từ | t tính từ | hanh động, qua trình, state (danh từ"
mountainously,adverb,"a very high hill, often with rocks near the top | having quality of (adjective | adverb of manner / adjective (like","a very high hill, often with rocks near the top | cóĩ·· tính chất của (t tính từ | trạng từ chỉ cách thức / t tính từ (like"
mountaintop,noun,"a very high hill, often with rocks near the top + highest in position","a very high hill, often with rocks near the top + highest in position"
mountie,adjective,to organize and begin something | having quality of; noun/adjective,to organize and begin something | cóĩ·· tính chất của; danh từ/t tính từ
mousers,noun,"a small animal that is covered in fur and has a long thin tail. Mice live in fields, in people’s houses or where food is stored. | person who does; comparative","a nhỏ animal that is covered in fur and has a long thin tail. Mice live in fields, in people’s houses or where food is stored. | người thực hiện; so sánh hơn"
mousier,noun,"a small animal that is covered in fur and has a long thin tail. Mice live in fields, in people’s houses or where food is stored. | having quality of; noun/adjective | person who does; comparative","a nhỏ animal that is covered in fur and has a long thin tail. Mice live in fields, in people’s houses or where food is stored. | cóĩ·· tính chất của; danh từ/t tính từ | người thực hiện; so sánh hơn"
mousiest,adjective,"a small animal that is covered in fur and has a long thin tail. Mice live in fields, in people’s houses or where food is stored. | having quality of; noun/adjective | superlative","a nhỏ animal that is covered in fur and has a long thin tail. Mice live in fields, in people’s houses or where food is stored. | cóĩ·· tính chất của; danh từ/t tính từ | so sánh nhất"
mouthorgan,noun,"the opening in the face used for speaking, eating, etc.; the area inside the head behind this opening + a part of the body that has a particular purpose, such as the heart or the brain; part of a plant with a particular purpose","the opening in the face used for speaking, eating, etc.; the area inside the head behind this opening + a part of the body that has a particular purpose, such as the heart or the brain; part of a plant with a particular purpose"
muddier,noun,wet earth that is soft and sticky | having quality of; noun/adjective | person who does; comparative,wet earth that is soft and sticky | cóĩ·· tính chất của; danh từ/t tính từ | người thực hiện; so sánh hơn
muddiest,adjective,wet earth that is soft and sticky | having quality of; noun/adjective | superlative,wet earth that is soft and sticky | cóĩ·· tính chất của; danh từ/t tính từ | so sánh nhất
mudflat,noun,"wet earth that is soft and sticky + having a level surface, not curved or sloping, and without holes or any bits sticking out","wet earth that is soft and sticky + having a level surface, not curved or sloping, and khong có holes or any bits sticking out"
mudpack,noun,"wet earth that is soft and sticky + a container, usually made of paper, that holds a number of the same thing or an amount of something, ready to be sold","wet earth that is soft and sticky + a container, usually made of paper, that holds a number of the same thing or an amount of something, ready to be sold"
multichannel,noun,many | a television station,many | a television station
multimegaton,noun,"large, one million | many | a unit for measuring weight, in the UK 2 240 pounds (long ton | short ton","large, one million | many | a unit for measuring weight, in the UK 2 240 pounds (long ton | short ton"
multimillionaire,noun,"many | 1 000 000 | person who has (noun, VD: millionaire","many | 1 000 000 | person who has (danh từ, VD: millionaire"
mustier,noun,used to say that something is necessary or very important (sometimes involving a rule or a law | having quality of; noun/adjective | person who does; comparative,used to say that something is necessary or very important (sometimes involving a rule or a law | cóĩ·· tính chất của; danh từ/t tính từ | người thực hiện; so sánh hơn
mustiest,adjective,used to say that something is necessary or very important (sometimes involving a rule or a law | having quality of; noun/adjective | superlative,used to say that something is necessary or very important (sometimes involving a rule or a law | cóĩ·· tính chất của; danh từ/t tính từ | so sánh nhất
narrowest,adjective,"measuring a short distance from one side to the other, especially in relation to length | superlative","measuring a short distance from one side to the other, especially in relation to length | so sánh nhất"
nastier,noun,very bad or unpleasant | person who does; comparative,very bad or unpleasant | người thực hiện; so sánh hơn
nastiest,adjective,very bad or unpleasant | superlative,very bad or unpleasant | so sánh nhất
nationalistically,adverb,"a country considered as a group of people with the same language, culture and history, who live in a particular area under one government | relating to (adjective | noun | person who practices/believes (noun | relating to (adjective | adverb of manner / adjective (like","a country considered as a group of people with the same language, culture and history, who live in a particular area under one government | li quan đến (t tính từ | danh từ | person who practices/believes (danh từ | li quan đến (t tính từ | trạng từ chỉ cách thức / t tính từ (like"
naturalistically,adverb,"all the plants, animals and things that exist in the universe that are not made by people | relating to (adjective | noun | person who practices/believes (noun | relating to (adjective | adverb of manner / adjective (like","all the plants, animals and things that exist in the universe that are not made by people | li quan đến (t tính từ | danh từ | person who practices/believes (danh từ | li quan đến (t tính từ | trạng từ chỉ cách thức / t tính từ (like"
nearsightedly,adverb,a short distance away + the ability to see | adverb of manner / adjective (like,a short distance away + the ability to see | trạng từ chỉ cách thức / t tính từ (like
neater,noun,tidy and in order; carefully done or arranged | person who does; comparative,tidy and in order; carefully done or arranged | người thực hiện; so sánh hơn
neatest,adjective,tidy and in order; carefully done or arranged | superlative,tidy and in order; carefully done or arranged | so sánh nhất
needier,noun,a situation when something is necessary or must be done | having quality of; noun/adjective | person who does; comparative,a situation when something is necessary or must be done | cóĩ·· tính chất của; danh từ/t tính từ | người thực hiện; so sánh hơn
neediest,adjective,a situation when something is necessary or must be done | having quality of; noun/adjective | superlative,a situation when something is necessary or must be done | cóĩ·· tính chất của; danh từ/t tính từ | so sánh nhất
nervier,noun,"any of the long fibres that carry messages between the brain and parts of the body, enabling you to move, feel pain, etc. | having quality of; noun/adjective | person who does; comparative","any of the long fibres that carry messages between the brain and parts of the body, enabling you to move, feel pain, etc. | cóĩ·· tính chất của; danh từ/t tính từ | người thực hiện; so sánh hơn"
nestlings,noun,"a hollow place or structure that a bird makes or chooses for laying its eggs in and sheltering its young | small, young (diminutive noun","a hollow place or structure that a bird makes or chooses for laying its eggs in and sheltering its young | nhỏ, young (diminutive danh từ"
newbold,adjective,"not existing before; recently made, invented, introduced, etc. + brave and confident; not afraid to say what you feel or to take risks","not existing before; recently made, invented, introduced, etc. + brave and confident; not afraid to say what you feel or to take risks"
newbury,adjective,"not existing before; recently made, invented, introduced, etc. + to place a dead body in the ground","not existing before; recently made, invented, introduced, etc. + to place a dead body in the ground"
newcastle,adjective,"not existing before; recently made, invented, introduced, etc. + a large strong building with thick, high walls and towers, built in the past by kings or queens, or other important people, to defend themselves against attack","not existing before; recently made, invented, introduced, etc. + a large strong building with thick, high walls and towers, built in the past by kings or queens, or other important people, to defend themselves chống lại attack"
newer,noun,"not existing before; recently made, invented, introduced, etc. | person who does; comparative","not existing before; recently made, invented, introduced, etc. | người thực hiện; so sánh hơn"
newest,adjective,"not existing before; recently made, invented, introduced, etc. | superlative","not existing before; recently made, invented, introduced, etc. | so sánh nhất"
newsier,noun,"not existing before; recently made, invented, introduced, etc. | having quality of; noun/adjective | person who does; comparative","not existing before; recently made, invented, introduced, etc. | cóĩ·· tính chất của; danh từ/t tính từ | người thực hiện; so sánh hơn"
newsiest,adjective,"not existing before; recently made, invented, introduced, etc. | having quality of; noun/adjective | superlative","not existing before; recently made, invented, introduced, etc. | cóĩ·· tính chất của; danh từ/t tính từ | so sánh nhất"
newsiness,noun,"not existing before; recently made, invented, introduced, etc. | having quality of; noun/adjective | state or quality of (noun","not existing before; recently made, invented, introduced, etc. | cóĩ·· tính chất của; danh từ/t tính từ | trạng thái hoặc tính chất của (danh từ"
newsweek,adjective,"not existing before; recently made, invented, introduced, etc. + a period of seven days, either from Monday to Sunday or from Sunday to Saturday","not existing before; recently made, invented, introduced, etc. + a period of seven days, either from Monday to Sunday or from Sunday to Saturday"
newtown,adjective,"not existing before; recently made, invented, introduced, etc. + a place with many houses, shops, etc. where people live and work. It is larger than a village but smaller than a city.","not existing before; recently made, invented, introduced, etc. + a place with many houses, shops, etc. where people live and work. It is larger than a village but smaller than a city."
nicer,noun,pleasant or attractive | person who does; comparative,pleasant or attractive | người thực hiện; so sánh hơn
nicest,adjective,pleasant or attractive | superlative,pleasant or attractive | so sánh nhất
nightlights,noun,"the time between one day and the next when it is dark, when people usually sleep + pale in colour","the time between one day and the next when it is dark, when people usually sleep + pale in colour"
nightline,noun,"the time between one day and the next when it is dark, when people usually sleep + a long, thin mark on a surface","the time between one day and the next when it is dark, when people usually sleep + a long, thin mark on a surface"
nineteens,number,nine+teen(9 + (không có định nghĩa trong Oxford 5000 - root này không phải headword độc lập)),số mười chín
nineteenths,noun,"9 + (không có định nghĩa trong Oxford 5000 - root này không phải headword độc lập | ordinal number / state (noun, VD: eighth, warmth","9 + (không có định nghĩa trong Oxford 5000 - root này không phải headword độc lập | ordinal number / state (danh từ, VD: eighth, warmth"
nobler,noun,"having or showing fine personal qualities that people admire, such as courage, honesty and care for others | person who does; comparative","having or showing fine personal qualities that people admire, such as courage, honesty and care for others | người thực hiện; so sánh hơn"
noblest,adjective,"having or showing fine personal qualities that people admire, such as courage, honesty and care for others | superlative","having or showing fine personal qualities that people admire, such as courage, honesty and care for others | so sánh nhất"
noisier,noun,"a sound, especially when it is loud, unpleasant or frightening | having quality of; noun/adjective | person who does; comparative","a sound, especially when it is loud, unpleasant or frightening | cóĩ·· tính chất của; danh từ/t tính từ | người thực hiện; so sánh hơn"
noisiest,adjective,"a sound, especially when it is loud, unpleasant or frightening | having quality of; noun/adjective | superlative","a sound, especially when it is loud, unpleasant or frightening | cóĩ·· tính chất của; danh từ/t tính từ | so sánh nhất"
nonassertively,adverb,"not | to state clearly and definitely that something is true | tending to, having nature of (adjective | adverb of manner / adjective (like","not | to state clearly and definitely that something is true | tending to, having nature of (t tính từ | trạng từ chỉ cách thức / t tính từ (like"
noncommittally,adverb,not | to do something wrong or illegal | relating to (adjective | noun | adverb of manner / adjective (like,not | to do something wrong or illegal | li quan đến (t tính từ | danh từ | trạng từ chỉ cách thức / t tính từ (like
noncontributory,adjective,"together, jointly | not | an act, a statement or a gift that is intended to show your love or respect, especially for a dead person | person/thing that does (noun | having quality of; noun/adjective","cung nhau, đồng thời | not | an act, a statement or a gift that is intended to show your love or respect, especially for a dead person | person/vật thực hiện (danh từ | cóĩ·· tính chất của; danh từ/t tính từ"
nondescriptly,adverb,"down, away, reverse, remove | not | a written text of a play, film, broadcast, talk, etc. | adverb of manner / adjective (like","down, away, reverse, remove | not | a written text of a play, film, broadcast, talk, etc. | trạng từ chỉ cách thức / t tính từ (like"
nondiscriminatory,adjective,"not, opposite of, apart | not | (không có định nghĩa trong Oxford 5000 - root này không phải headword độc lập | to make/become (verb | adjective | relating to, place for (adjective/noun","not, opposite of, apart | not | (không có định nghĩa trong Oxford 5000 - root này không phải headword độc lập | lam cho/become (động từ | t tính từ | li quan đến, place for (t tính từ/danh từ"
nondrying,adjective,not | not wet or sticky; without water or moisture,not | not wet or sticky; khong có water or moisture
nonfood,noun,not | things that people or animals eat,not | things that people or animals eat
noninflammable,adjective,"not; into, inward | not | a hot bright stream of burning gas that comes from something that is on fire | capable of being (adjective","not; into, inward | not | a hot bright stream of burning gas that comes from something that is on fire | capable of being (t tính từ"
nonmythological,adjective,"not | a story from ancient times, especially one that was told to explain natural events or to describe the early history of a people; this type of story + a thick piece of wood that is cut from or has fallen from a tree | relating to (adjective | relating to (adjective | noun","not | a story from ancient times, especially one that was told to explain natural events or to describe the early history of a people; this type of story + a thick piece of wood that is cut from or has fallen from a tree | li quan đến (t tính từ | li quan đến (t tính từ | danh từ"
nonreactivity,noun,"again, back | not | a particular thing that somebody does | tending to, having nature of (adjective | state or quality of (noun","again, back | not | a particular thing that somebody does | tending to, having nature of (t tính từ | trạng thái hoặc tính chất của (danh từ"
nonreactors,noun,"again, back | not | a particular thing that somebody does | person/thing that does (noun","again, back | not | a particular thing that somebody does | person/vật thực hiện (danh từ"
nonsensically,adverb,not | an understanding about something; an ability to judge something | relating to (adjective | relating to (adjective | noun | adverb of manner / adjective (like,not | an understanding about something; an ability to judge something | li quan đến (t tính từ | li quan đến (t tính từ | danh từ | trạng từ chỉ cách thức / t tính từ (like
nonsystematic,adjective,not | an organized set of ideas or theories or a particular way of doing something | relating to (adjective,not | an organized set of ideas or theories or a particular way of doing something | li quan đến (t tính từ
nonwhite,adjective,not | having the colour of fresh snow or of milk,not | having the colour of fresh snow or of milk
nonwhite,noun,"a person who is not white, especially one not of European descent","một người không thuộc chủng tộc da trắng, đặc biệt là người không có nguồn gốc châu Âu"
noontime,noun,"12 o’clock in the middle of the day + what is measured in minutes, hours, days, etc.","12 o’clock in the middle of the day + what is measured in minutes, hours, days, etc."
nosier,noun,"the part of the face that sticks out above the mouth, used for breathing and smelling things | having quality of; noun/adjective | person who does; comparative","the part of the face that sticks out above the mouth, used for breathing and smelling things | cóĩ·· tính chất của; danh từ/t tính từ | người thực hiện; so sánh hơn"
nosiest,adjective,"the part of the face that sticks out above the mouth, used for breathing and smelling things | having quality of; noun/adjective | superlative","the part of the face that sticks out above the mouth, used for breathing and smelling things | cóĩ·· tính chất của; danh từ/t tính từ | so sánh nhất"
novelettish,adjective,"different from anything known before; new, interesting and often seeming slightly strange | small; female (diminutive noun | somewhat, having quality of (adjective","different from anything known before; new, interesting and often seeming slightly strange | nhỏ; nữ (diminutive danh từ | somewhat, cóĩ·· tính chất của (t tính từ"
novelized,verb,"different from anything known before; new, interesting and often seeming slightly strange | to make, to become (verb","different from anything known before; new, interesting and often seeming slightly strange | lam cho, trở thành (động từ"
nuttier,noun,a small hard fruit with a very hard shell that grows on some trees | having quality of; noun/adjective | person who does; comparative,a nhỏ hard fruit with a very hard shell that grows on some trees | cóĩ·· tính chất của; danh từ/t tính từ | người thực hiện; so sánh hơn
nuttiest,adjective,a small hard fruit with a very hard shell that grows on some trees | having quality of; noun/adjective | superlative,a nhỏ hard fruit with a very hard shell that grows on some trees | cóĩ·· tính chất của; danh từ/t tính từ | so sánh nhất
nuttiness,noun,a small hard fruit with a very hard shell that grows on some trees | having quality of; noun/adjective | state or quality of (noun,a nhỏ hard fruit with a very hard shell that grows on some trees | cóĩ·· tính chất của; danh từ/t tính từ | trạng thái hoặc tính chất của (danh từ
occupationally,adverb,"to fill or use a space, an area or an amount of time | action, process, state (noun | relating to (adjective | noun | adverb of manner / adjective (like","to fill or use a space, an area or an amount of time | hanh động, qua trình, state (danh từ | li quan đến (t tính từ | danh từ | trạng từ chỉ cách thức / t tính từ (like"
oceanside,noun,"the mass of salt water that covers most of the earth’s surface + either of the two halves of a surface, an object or an area that is divided by an imaginary central line","the mass of salt water that covers most of the earth’s surface + either of the two halves of a surface, an object or an area that is divided by an imaginary central line"
odder,noun,strange or unusual | person who does; comparative,strange or unusual | người thực hiện; so sánh hơn
oddest,adjective,strange or unusual | superlative,strange or unusual | so sánh nhất
offhandedness,noun,"away, off | the part of the body at the end of the arm, including the fingers and thumb | state or quality of (noun","away, off | the part of the body at the end of the arm, including the fingers and thumb | trạng thái hoặc tính chất của (danh từ"
oftenest,adjective,many times | superlative,many times | so sánh nhất
oilheating,noun,a thick liquid that is found in rock underground + the quality of being hot,a thick liquid that is found in rock underground + the quality of being hot
oilier,noun,a thick liquid that is found in rock underground | having quality of; noun/adjective | person who does; comparative,a thick liquid that is found in rock underground | cóĩ·· tính chất của; danh từ/t tính từ | người thực hiện; so sánh hơn
oiliest,adjective,a thick liquid that is found in rock underground | having quality of; noun/adjective | superlative,a thick liquid that is found in rock underground | cóĩ·· tính chất của; danh từ/t tính từ | so sánh nhất
oldest,adjective,of a particular age | superlative,of a particular age | so sánh nhất
oldies,adjective,of a particular age | having quality of; noun/adjective,of a particular age | cóĩ·· tính chất của; danh từ/t tính từ
oneupmanship,noun,"upward, higher | the number 1 + an adult male human | state, condition, skill (noun","upward, higher | the number 1 + an adult male human | state, condition, skill (danh từ"
openheartedness,noun,"allowing things or people to go through; not closed or blocked + the organ in the chest that sends blood around the body, usually on the left in humans | state or quality of (noun","allowing things or people to go through; not closed or blocked + the organ in the chest that sends blood around the body, usually on the left in humans | trạng thái hoặc tính chất của (danh từ"
operagoers,noun,a dramatic work in which all or most of the words are sung to music; works of this type as an art form or entertainment + a person’s turn to move or play in a game or an activity | person who does; comparative,a dramatic work in which all or most of the words are sung to music; works of this type as an art form or entertainment + a person’s turn to move or play in a game or an activity | người thực hiện; so sánh hơn
outbidden,verb,"beyond, exceeding, external | an offer by a person or a company to pay a particular amount of money for something | to make (verb | adjective","beyond, exceeding, external | an offer by a person or a company to pay a particular amount of money for something | lam cho (động từ | t tính từ"
outdate,noun,"beyond, exceeding, external | a particular day of the month, sometimes in a particular year, given in numbers and words","beyond, exceeding, external | a particular day of the month, sometimes in a particular year, given in numbers and words"
outdate,verb,"to make something old-fashioned or obsolete, especially by introducing something newer","làm cho cái gì đó trở nên lỗi thời hoặc không còn được sử dụng, đặc biệt là do có thứ mới hơn thay thế"
outgrown,unknown,"out-(beyond, exceeding, external) + grow(to increase in size, number, strength or quality) + -n([INFLECTION] past-participle ending (VD: blown, drawn))",vượt / ra ngoài — phát triển — n (unknown)
outlanders,noun,"beyond, exceeding, external | the surface of the earth that is not sea | person who does; comparative","beyond, exceeding, external | the surface of the earth that is not sea | người thực hiện; so sánh hơn"
outpointed,noun,"beyond, exceeding, external | a thing that somebody says or writes giving their opinion or stating a fact","beyond, exceeding, external | a thing that somebody says or writes giving their opinion or stating a fact"
outridden,verb,"beyond, exceeding, external | to be free of somebody/something that has been annoying you or that you do not want | to make (verb | adjective","beyond, exceeding, external | to be free of somebody/something that has been annoying you or that you do not want | lam cho (động từ | t tính từ"
outstate,adjective,"beyond, exceeding, external | provided or controlled by the government of a country","beyond, exceeding, external | provided or controlled by the government of a country"
outta,preposition,"out-(beyond, exceeding, external) + of(belonging to somebody; relating to somebody)",vượt / ra ngoài — của (preposition)
outworker,noun,"beyond, exceeding, external | the job that a person does especially in order to earn money | person who does; comparative","beyond, exceeding, external | the job that a person does especially in order to earn money | người thực hiện; so sánh hơn"
overbore,unknown,"over-(above, excess, too much) + bore((không có định nghĩa trong Oxford 5000 - root này không phải headword độc lập))","quá — làm chán, khoan lỗ (unknown)"
overclouded,noun,"above, excess, too much | a grey or white mass that floats in the sky, made of very small drops of water","above, excess, too much | a grey or white mass that floats in the sky, made of very nhỏ drops of water"
overcooked,noun,"above, excess, too much | a person who cooks food or whose job is cooking","above, excess, too much | a person who cooks food or whose job is cooking"
overcooled,adjective,"above, excess, too much | fairly cold; not hot or warm","above, excess, too much | fairly cold; not hot or warm"
overdeveloped,verb,"above, excess, too much | to gradually grow or become bigger, more advanced, stronger, etc.; to make something do this","above, excess, too much | to gradually grow or become bigger, more advanced, stronger, etc.; lam cho something do this"
overdrawing,verb,"above, excess, too much | to make pictures, or a picture of something, with a pencil, pen or chalk (but not paint","above, excess, too much | lam cho pictures, or a picture of something, with a pencil, pen or chalk (but not paint"
overdrawn,unknown,"over-(above, excess, too much) + draw(to make pictures, or a picture of something, with a pencil, pen or chalk (but not paint)) + -n([INFLECTION] past-participle ending (VD: blown, drawn))","quá — vẽ, kéo — n (unknown)"
overemphasized,verb,"above, excess, too much | to give special importance to something","above, excess, too much | to give special importance to something"
overexploited,verb,"above, excess, too much | to treat a person or situation as an opportunity to gain an advantage for yourself","above, excess, too much | to treat a person or situation as an opportunity to gain an advantage for yourself"
overflown,unknown,"over-(above, excess, too much) + flow(the steady and continuous movement of something/somebody in one direction) + -n([INFLECTION] past-participle ending (VD: blown, drawn))",quá — dòng chảy — n (unknown)
overindulged,verb,"above, excess, too much | to allow yourself to have or do something that you like, especially something that is considered bad for you","above, excess, too much | to allow yourself to have or do something that you like, especially something that is considered bad for you"
overleapt,unknown,"over-(above, excess, too much) + leap(a long or high jump) + -t([INFLECTION] irregular past-tense ending (VD: burnt, dealt) — not meaning-bearing)",quá — nhảy vọt — t (unknown)
overnighters,noun,"above, excess, too much | the time between one day and the next when it is dark, when people usually sleep | person who does; comparative","above, excess, too much | the time between one day and the next when it is dark, when people usually sleep | người thực hiện; so sánh hơn"
overpaid,noun,"above, excess, too much | the money that somebody gets for doing regular work","above, excess, too much | the money that somebody gets for doing regular work"
overridden,verb,"above, excess, too much | to be free of somebody/something that has been annoying you or that you do not want | to make (verb | adjective","above, excess, too much | to be free of somebody/something that has been annoying you or that you do not want | lam cho (động từ | t tính từ"
overseen,unknown,"over-(above, excess, too much) + see(to become aware of somebody/something by using your eyes) + -n([INFLECTION] past-participle ending (VD: blown, drawn))",quá — nhìn thấy — n (unknown)
oversell,verb,"above, excess, too much | to give something to somebody in exchange for money","above, excess, too much | to give something to somebody in exchange for money"
oversoft,adjective,"above, excess, too much | changing shape easily when pressed; not stiff or hard","above, excess, too much | changing shape easily when pressed; not stiff or hard"
oversoftness,noun,"above, excess, too much | changing shape easily when pressed; not stiff or hard | state or quality of (noun","above, excess, too much | changing shape easily when pressed; not stiff or hard | trạng thái hoặc tính chất của (danh từ"
oversteer,verb,"above, excess, too much | to control the direction in which a boat, car, etc. moves","above, excess, too much | to control the direction in which a boat, car, etc. moves"
oversteer,noun,the tendency of a vehicle to turn more sharply than the driver intends,xu hướng của một phương tiện bị đánh lái ngoặt hơn so với ý định của người lái
overstraining,noun,"above, excess, too much | pressure on a system or relationship because great demands are being placed on it","above, excess, too much | pressure on a system or relationship because great demands are being placed on it"
overtaken,verb,"above, excess, too much | to carry or move something from one place to another | to make (verb | adjective","above, excess, too much | to carry or move something from one place to another | lam cho (động từ | t tính từ"
overthrown,unknown,"over-(above, excess, too much) + throw(to send something from your hand through the air by moving your hand or arm quickly) + -n([INFLECTION] past-participle ending (VD: blown, drawn))",quá — ném — n (unknown)
overwritten,verb,"above, excess, too much | to make letters or numbers on a surface, especially using a pen or a pencil | to make (verb | adjective","above, excess, too much | lam cho letters or numbers on a surface, especially using a pen or a pencil | lam cho (động từ | t tính từ"
ownself,adjective,"used to emphasize that something belongs to or is connected with somebody + the type of person you are, especially the way you normally behave, look or feel","used to emphasize that something belongs to or is connected with somebody + the type of person you are, especially the way you normally behave, look or feel"
paintwork,noun,a liquid that is put on surfaces to give them a particular colour; a layer of this liquid when it has dried on a surface + the job that a person does especially in order to earn money,a liquid that is put on surfaces to give them a particular colour; a layer of this liquid when it has dried on a surface + the job that a person does especially in order to earn money
palatially,adverb,"the official home of a king, queen, president, etc. | relating to (adjective | noun | adverb of manner / adjective (like","the official home of a king, queen, president, etc. | li quan đến (t tính từ | danh từ | trạng từ chỉ cách thức / t tính từ (like"
paler,noun,"having skin that is very light in colour; having skin that has less colour than usual because of illness, a strong emotion, etc. | person who does; comparative","having skin that is very light in colour; having skin that has less colour than usual because of illness, a strong emotion, etc. | người thực hiện; so sánh hơn"
palest,adjective,"having skin that is very light in colour; having skin that has less colour than usual because of illness, a strong emotion, etc. | superlative","having skin that is very light in colour; having skin that has less colour than usual because of illness, a strong emotion, etc. | so sánh nhất"
palmier,noun,"a straight tree with a mass of long leaves at the top, growing in tropical countries. There are several types of palm tree, some of which produce fruit. | having quality of; noun/adjective | person who does; comparative","a straight tree with a mass of long leaves at the top, growing in tropical countries. There are several types of palm tree, some of which produce fruit. | cóĩ·· tính chất của; danh từ/t tính từ | người thực hiện; so sánh hơn"
parklike,noun,"an area of public land in a town or a city where people go to walk, play and relax + the things that you like","an area of public land in a town or a city where people go to walk, play and relax + the things that you like"
passionlessly,adverb,"a very strong feeling of love, hate, anger, enthusiasm, etc. | without (adjective | adverb of manner / adjective (like","a very strong feeling of love, hate, anger, enthusiasm, etc. | khong có (t tính từ | trạng từ chỉ cách thức / t tính từ (like"
passivize,verb,"accepting what happens or what people do without trying to change anything or oppose them | to make, to become (verb","accepting what happens or what people do khong có trying to change anything or oppose them | lam cho, trở thành (động từ"
passover,noun,"an official document or ticket that shows that you have the right to enter or leave a place, to travel on a bus or train, etc. + across a street, an open space, etc.","an official document or ticket that shows that you have the right to enter or leave a place, to travel on a bus or train, etc. + across a street, an open space, etc."
patchier,noun,"a small area of something, especially one which is different from the area around it | having quality of; noun/adjective | person who does; comparative","a nhỏ area of something, especially one which is different from the area around it | cóĩ·· tính chất của; danh từ/t tính từ | người thực hiện; so sánh hơn"
patchiest,adjective,"a small area of something, especially one which is different from the area around it | having quality of; noun/adjective | superlative","a nhỏ area of something, especially one which is different from the area around it | cóĩ·· tính chất của; danh từ/t tính từ | so sánh nhất"
peacemaking,noun,"a situation or a period of time in which there is no war or violence in a country or an area + the name or type of a machine, piece of equipment, etc. that is made by a particular company","a situation or a period of time in which there is no war or violence in a country or an area + the name or type of a machine, piece of equipment, etc. that is made by a particular company"
peakier,noun,"the point when somebody/something is best, most successful, strongest, etc. | having quality of; noun/adjective | person who does; comparative","the point when somebody/something is best, most successful, strongest, etc. | cóĩ·· tính chất của; danh từ/t tính từ | người thực hiện; so sánh hơn"
personae,unknown,person(a human as an individual) + -ae([VARIANT] Latin plural ending (VD: personae)),con người — ae (unknown)
personalization,noun,"a human as an individual | relating to (adjective | noun | to make, to become (verb | action, process, state (noun","a human as an individual | li quan đến (t tính từ | danh từ | lam cho, trở thành (động từ | hanh động, qua trình, state (danh từ"
persuaders,noun,to make somebody do something by giving them good reasons for doing it | person who does; comparative,lam cho somebody do something by giving them good reasons for doing it | người thực hiện; so sánh hơn
phonecall,unknown,phon+call((không có định nghĩa trong Oxford 5000 - root này không phải headword độc lập) + the act of speaking to somebody on the phone),âm thanh (gốc từ) + gọi (unknown)
phonemically,adverb,"(không có định nghĩa trong Oxford 5000 - root này không phải headword độc lập | smallest distinctive unit (noun, linguistics, Greek, VD: phoneme | relating to (adjective | adverb of manner / adjective (like","(không có định nghĩa trong Oxford 5000 - root này không phải headword độc lập | smallest distinctive unit (danh từ, linguistics, Greek, VD: phoneme | li quan đến (t tính từ | trạng từ chỉ cách thức / t tính từ (like"
phonologically,adverb,(không có định nghĩa trong Oxford 5000 - root này không phải headword độc lập | relating to (adjective | relating to (adjective | noun | adverb of manner / adjective (like,(không có định nghĩa trong Oxford 5000 - root này không phải headword độc lập | li quan đến (t tính từ | li quan đến (t tính từ | danh từ | trạng từ chỉ cách thức / t tính từ (like
photoelectronic,adjective,"a picture that is made by using a camera that stores images in digital form or that has a film sensitive to light inside it + (không có định nghĩa trong Oxford 5000 - root này không phải headword độc lập | [VARIANT] noun ending (unit/particle, Greek/French loanword | relating to (adjective","a picture that is made by using a camera that stores images in digital form or that has a film sensitive to light inside it + (không có định nghĩa trong Oxford 5000 - root này không phải headword độc lập | [VARIANT] danh từ ending (unit/particle, Greek/French loanword | li quan đến (t tính từ"
photofloodlights,noun,a picture that is made by using a camera that stores images in digital form or that has a film sensitive to light inside it + a large amount of water covering an area that is usually dry + pale in colour,a picture that is made by using a camera that stores images in digital form or that has a film sensitive to light inside it + a large amount of water covering an area that is usually dry + pale in colour
photorealism,noun,"a picture that is made by using a camera that stores images in digital form or that has a film sensitive to light inside it + actually existing or happening and not imagined or pretended | belief, practice, condition (noun","a picture that is made by using a camera that stores images in digital form or that has a film sensitive to light inside it + actually existing or happening and not imagined or pretended | belief, practice, condition (danh từ"
photosensitization,noun,"a picture that is made by using a camera that stores images in digital form or that has a film sensitive to light inside it + an understanding about something; an ability to judge something | to make into, to convert (verb | action, process, state (noun","a picture that is made by using a camera that stores images in digital form or that has a film sensitive to light inside it + an understanding about something; an ability to judge something | lam cho into, to convert (động từ | hanh động, qua trình, state (danh từ"
phrasebook,noun,a group of words that have a particular meaning when used together + a set of printed pages that are fastened inside a cover so that you can turn them and read them,a group of words that have a particular meaning when used cung nhau + a set of printed pages that are fastened inside a cover so that you can turn them and read them
phrasemaking,noun,"a group of words that have a particular meaning when used together + the name or type of a machine, piece of equipment, etc. that is made by a particular company","a group of words that have a particular meaning when used cung nhau + the name or type of a machine, piece of equipment, etc. that is made by a particular company"
pianola,unknown,piano(a large musical instrument played by pressing the black and white keys on the keyboard. The sound is produced by small hammers hitting the metal strings inside the piano.) + -ola(ola),đàn piano — ola (unknown)
pickier,noun,an act of choosing something | having quality of; noun/adjective | person who does; comparative,an act of choosing something | cóĩ·· tính chất của; danh từ/t tính từ | người thực hiện; so sánh hơn
pickiest,adjective,an act of choosing something | having quality of; noun/adjective | superlative,an act of choosing something | cóĩ·· tính chất của; danh từ/t tính từ | so sánh nhất
pickman,noun,an act of choosing something + an adult male human,an act of choosing something + an adult male human
piecewise,noun,an amount of something that has been cut or separated from the rest of it; a standard amount of something + able to make sensible decisions and give good advice because of the experience and knowledge that you have,an amount of something that has been cut or separated from the rest of it; a standard amount of something + able lam cho sensible decisions and give good advice because of the experience and knowledge that you have
piggier,noun,"an animal with pink, black or brown skin, short legs, a broad nose and a short curly tail. Pigs are kept on farms for their meat (called pork | having quality of; noun/adjective | person who does; comparative","an animal with pink, black or brown skin, short legs, a broad nose and a short curly tail. Pigs are kept on farms for their meat (called pork | cóĩ·· tính chất của; danh từ/t tính từ | người thực hiện; so sánh hơn"
piggiest,adjective,"an animal with pink, black or brown skin, short legs, a broad nose and a short curly tail. Pigs are kept on farms for their meat (called pork | having quality of; noun/adjective | superlative","an animal with pink, black or brown skin, short legs, a broad nose and a short curly tail. Pigs are kept on farms for their meat (called pork | cóĩ·· tính chất của; danh từ/t tính từ | so sánh nhất"
pigheadedly,adverb,"an animal with pink, black or brown skin, short legs, a broad nose and a short curly tail. Pigs are kept on farms for their meat (called pork | adverb of manner / adjective (like","an animal with pink, black or brown skin, short legs, a broad nose and a short curly tail. Pigs are kept on farms for their meat (called pork | trạng từ chỉ cách thức / t tính từ (like"
pinholes,noun,"a short thin piece of stiff wire with a sharp point at one end and a round head at the other, used especially for fastening together pieces of cloth when sewing + a hollow space in something solid or in the surface of something","a short thin piece of stiff wire with a sharp point at one end and a round head at the other, used especially for fastening cung nhau pieces of cloth when sewing + a hollow space in something solid or in the surface of something"
pinker,noun,pale red in colour | person who does; comparative,pale red in colour | người thực hiện; so sánh hơn
pinkest,adjective,pale red in colour | superlative,pale red in colour | so sánh nhất
pintable,noun,"a short thin piece of stiff wire with a sharp point at one end and a round head at the other, used especially for fastening together pieces of cloth when sewing + a piece of furniture that consists of a flat top supported by legs","a short thin piece of stiff wire with a sharp point at one end and a round head at the other, used especially for fastening cung nhau pieces of cloth when sewing + a piece of furniture that consists of a flat top supported by legs"
pinup,noun,"a short thin piece of stiff wire with a sharp point at one end and a round head at the other, used especially for fastening together pieces of cloth when sewing + towards or in a higher position","a short thin piece of stiff wire with a sharp point at one end and a round head at the other, used especially for fastening cung nhau pieces of cloth when sewing + towards or in a higher position"
pipedream,noun,"a tube through which liquids and gases can flow + a series of images, events and feelings that happen in your mind while you are asleep","a tube through which liquids and gases can flow + a series of images, events and feelings that happen in your mind while you are asleep"
piteousness,noun,used to show that you are disappointed about something | having quality of (adjective | state or quality of (noun,used to show that you are disappointed about something | cóĩ·· tính chất của (t tính từ | trạng thái hoặc tính chất của (danh từ
pitifulness,noun,used to show that you are disappointed about something | full of (adjective | state or quality of (noun,used to show that you are disappointed about something | full of (t tính từ | trạng thái hoặc tính chất của (danh từ
plainclothes,adjective,"not decorated or complicated; simple + material made by weaving or knitting cotton, wool, silk, etc.","not decorated or complicated; simple + material made by weaving or knitting cotton, wool, silk, etc."
plainer,noun,not decorated or complicated; simple | person who does; comparative,not decorated or complicated; simple | người thực hiện; so sánh hơn
plainest,adjective,not decorated or complicated; simple | superlative,not decorated or complicated; simple | so sánh nhất
plainfield,adjective,"not decorated or complicated; simple + an area of land in the country used for growing crops or keeping animals in, usually surrounded by a fence, etc.","not decorated or complicated; simple + an area of land in the country used for growing crops or keeping animals in, usually surrounded by a fence, etc."
planeload,noun,a flying vehicle with wings and one or more engines + something that is being carried (usually in large amounts,a flying vehicle with wings and one or more engines + something that is being carried (usually in large amounts
planetaria,noun,"a large round object in space that moves around a star (such as the sun | place for, collection (noun, Latin, VD: planetaria","a large round object in space that moves around a star (such as the sun | place for, collection (danh từ, Latin, VD: planetaria"
playgroup,noun,a piece of writing performed by actors in a theatre or on television or radio + a number of people or things that are together in the same place or that are connected in some way,a piece of writing performed by actors in a theatre or on television or radio + a number of people or things that are cung nhau in the same place or that are connected in some way
playwriting,noun,"a piece of writing performed by actors in a theatre or on television or radio + to make letters or numbers on a surface, especially using a pen or a pencil","a piece of writing performed by actors in a theatre or on television or radio + lam cho letters or numbers on a surface, especially using a pen or a pencil"
plugugly,noun,a small plastic object with two or three metal pins that connects a piece of electrical equipment to the main supply of electricity + unpleasant to look at,a nhỏ plastic object with two or three metal pins that connects a piece of electrical equipment to the main supply of electricity + unpleasant to look at
plugugly,adjective,extremely ugly or unattractive (informal),cực kỳ xấu xí khó coi (khẩu ngữ)
politer,noun,having or showing good manners and respect for the feelings of others | person who does; comparative,having or showing good manners and respect for the feelings of others | người thực hiện; so sánh hơn
politest,adjective,having or showing good manners and respect for the feelings of others | superlative,having or showing good manners and respect for the feelings of others | so sánh nhất
poorer,noun,having very little money; not having enough money for basic needs | person who does; comparative,having very little money; not having enough money for basic needs | người thực hiện; so sánh hơn
poorest,adjective,having very little money; not having enough money for basic needs | superlative,having very little money; not having enough money for basic needs | so sánh nhất
portlier,noun,"a town or city with a harbour, especially one where ships load and unload goods | adverb of manner / adjective (like | person who does; comparative","a town or city with a harbour, especially one where ships load and unload goods | trạng từ chỉ cách thức / t tính từ (like | người thực hiện; so sánh hơn"
portliness,noun,"a town or city with a harbour, especially one where ships load and unload goods | adverb of manner / adjective (like | state or quality of (noun","a town or city with a harbour, especially one where ships load and unload goods | trạng từ chỉ cách thức / t tính từ (like | trạng thái hoặc tính chất của (danh từ"
posey,adjective,"to create a threat, problem, etc. that has to be dealt with | having quality of; noun/adjective","to create a threat, problem, etc. that has to be dealt with | cóĩ·· tính chất của; danh từ/t tính từ"
potties,adjective,a deep round container used for cooking things in | having quality of; noun/adjective,a deep round container used for cooking things in | cóĩ·· tính chất của; danh từ/t tính từ
potties,noun,small bowl-shaped toilets used by young children who are being toilet-trained,bô nhỏ dùng cho trẻ em khi tập đi vệ sinh
powerplants,noun,"the ability to control people or things + a living thing that grows in the earth and usually has a stem, leaves and roots, especially one that is smaller than a tree or bush","the ability to control people or things + a living thing that grows in the earth and usually has a stem, leaves and roots, especially one that is smaller than a tree or bush"
prayerbooks,noun,words that you say to God giving thanks or asking for help + a set of printed pages that are fastened inside a cover so that you can turn them and read them,words that you say to God giving thanks or asking for help + a set of printed pages that are fastened inside a cover so that you can turn them and read them
prayerfully,adverb,words that you say to God giving thanks or asking for help | full of (adjective | adverb of manner / adjective (like,words that you say to God giving thanks or asking for help | full of (t tính từ | trạng từ chỉ cách thức / t tính từ (like
precut,noun,before | a wound caused by something sharp,before | a wound caused by something sharp
predeterminer,noun,before | to discover the facts about something; to calculate something exactly | person who does; comparative,before | to discover the facts about something; to calculate something exactly | người thực hiện; so sánh hơn
preemployment,noun,before | to give somebody a job to do for payment | result/action/state (noun,before | to give somebody a job to do for payment | result/hanh động/state (danh từ
preflight,noun,"before | a journey made by air, especially in a plane","before | a journey made by air, especially in a plane"
prepack,noun,"before | a container, usually made of paper, that holds a number of the same thing or an amount of something, ready to be sold","before | a container, usually made of paper, that holds a number of the same thing or an amount of something, ready to be sold"
prepackage,noun,"before | a container, usually made of paper, that holds a number of the same thing or an amount of something, ready to be sold | action, result, collection (noun","before | a container, usually made of paper, that holds a number of the same thing or an amount of something, ready to be sold | hanh động, result, collection (danh từ"
presentments,noun,existing or happening now | result/action/state (noun,existing or happening now | result/hanh động/state (danh từ
pressurization,noun,"newspapers and magazines | action, result, process (noun | to make, to become (verb | action, process, state (noun","newspapers and magazines | hanh động, result, qua trình (danh từ | lam cho, trở thành (động từ | hanh động, qua trình, state (danh từ"
prestressed,noun,before | pressure or worry caused by problems in somebody’s life or by having too much to do,before | pressure or worry caused by problems in somebody’s life or by having too much to do
prestressed,adjective,(of concrete) strengthened by tensioning steel cables or bars within it before it bears a load,(nói về bê tông) được gia cường bằng cách kéo căng cáp hoặc thanh thép bên trong trước khi chịu tải
pretest,noun,"before | an examination of somebody’s knowledge or ability, consisting of questions for them to answer or activities for them to perform","before | an examination of somebody’s knowledge or ability, consisting of questions for them to answer or activities for them to perform"
pretest,verb,to test something or someone in advance as a preliminary trial before the main test or use,kiểm tra thử trước như một phép thử sơ bộ trước khi kiểm tra hoặc sử dụng chính thức
prettier,noun,attractive without being very beautiful | person who does; comparative,attractive khong có being very beautiful | người thực hiện; so sánh hơn
prettiest,adjective,attractive without being very beautiful | superlative,attractive khong có being very beautiful | so sánh nhất
pricier,noun,the amount of money that you have to pay for something | having quality of; noun/adjective | person who does; comparative,the amount of money that you have to pay for something | cóĩ·· tính chất của; danh từ/t tính từ | người thực hiện; so sánh hơn
priciest,adjective,the amount of money that you have to pay for something | having quality of; noun/adjective | superlative,the amount of money that you have to pay for something | cóĩ·· tính chất của; danh từ/t tính từ | so sánh nhất
pricily,adverb,the amount of money that you have to pay for something | having quality of; noun/adjective | adverb of manner / adjective (like,the amount of money that you have to pay for something | cóĩ·· tính chất của; danh từ/t tính từ | trạng từ chỉ cách thức / t tính từ (like
priciness,noun,the amount of money that you have to pay for something | having quality of; noun/adjective | state or quality of (noun,the amount of money that you have to pay for something | cóĩ·· tính chất của; danh từ/t tính từ | trạng thái hoặc tính chất của (danh từ
priestlier,noun,"a person who is qualified to perform religious duties and ceremonies in the Roman Catholic, Anglican and Orthodox Churches | adverb of manner / adjective (like | person who does; comparative","a person who is qualified to perform religious duties and ceremonies in the Roman Catholic, Anglican and Orthodox Churches | trạng từ chỉ cách thức / t tính từ (like | người thực hiện; so sánh hơn"
primmest,adjective,(không có định nghĩa trong Oxford 5000 - root này không phải headword độc lập | superlative,(không có định nghĩa trong Oxford 5000 - root này không phải headword độc lập | so sánh nhất
princelier,noun,"a male member of a royal family who is not king, especially the son or grandson of the king or queen | adverb of manner / adjective (like | person who does; comparative","a male member of a royal family who is not king, especially the son or grandson of the king or queen | trạng từ chỉ cách thức / t tính từ (like | người thực hiện; so sánh hơn"
princeliest,adjective,"a male member of a royal family who is not king, especially the son or grandson of the king or queen | adverb of manner / adjective (like | superlative","a male member of a royal family who is not king, especially the son or grandson of the king or queen | trạng từ chỉ cách thức / t tính từ (like | so sánh nhất"
privateers,noun,"belonging to or for the use of a particular person or group; not for public use | person concerned with (noun, VD: engineer","belonging to or for the use of a particular person or group; not for public use | person concerned with (danh từ, VD: engineer"
privateers,verb,to sail as or serve on a privately owned ship authorized by a government to attack and plunder enemy vessels,đi biển với tư cách hoặc phục vụ trên một con tàu tư nhân được chính phủ cho phép tấn công và cướp bóc tàu địch
prizefighting,noun,"an award that is given to a person who wins a competition, race, etc. or who does very good work + a struggle against somebody/something using physical force","an award that is given to a person who wins a competition, race, etc. or who does very good work + a struggle chống lại somebody/something using physical force"
procreativity,noun,"forward, in favor of | to make something happen or exist | tending to, having nature of (adjective | state or quality of (noun","forward, in favor of | lam cho something happen or exist | tending to, having nature of (t tính từ | trạng thái hoặc tính chất của (danh từ"
profoundest,adjective,very great; felt or experienced very strongly | superlative,very great; felt or experienced very strongly | so sánh nhất
pronouncedly,adverb,to make the sound of a word or letter in a particular way | adverb of manner / adjective (like,lam cho the sound of a word or letter in a particular way | trạng từ chỉ cách thức / t tính từ (like
prouder,noun,"feeling pleased and satisfied about something that you own or have done, or are connected with | person who does; comparative","feeling pleased and satisfied about something that you own or have done, or are connected with | người thực hiện; so sánh hơn"
proudest,adjective,"feeling pleased and satisfied about something that you own or have done, or are connected with | superlative","feeling pleased and satisfied about something that you own or have done, or are connected with | so sánh nhất"
provocateurs,unknown,provoke(to cause a particular reaction or have a particular effect) + -xeur(xeur),khiêu khích — xeur (unknown)
pulsations,noun,"the regular beat of the heart as it sends blood around the body, that can be felt in different places, especially on the inside part of the wrist; the number of times the heart beats in a minute | to make/become (verb | adjective | action, process, state (noun","the regular beat of the heart as it sends blood around the body, that can be felt in different places, especially on the inside part of the wrist; the number of times the heart beats in a minute | lam cho/become (động từ | t tính từ | hanh động, qua trình, state (danh từ"
punchbowl,noun,a hard hit made with the fist (= closed hand,a hard hit made with the fist (= closed hand
punchier,noun,a hard hit made with the fist (= closed hand | having quality of; noun/adjective | person who does; comparative,a hard hit made with the fist (= closed hand | cóĩ·· tính chất của; danh từ/t tính từ | người thực hiện; so sánh hơn
punchiest,adjective,a hard hit made with the fist (= closed hand | having quality of; noun/adjective | superlative,a hard hit made with the fist (= closed hand | cóĩ·· tính chất của; danh từ/t tính từ | so sánh nhất
punker,noun,a type of loud and aggressive rock music popular in the late 1970s and early 1980s | person who does; comparative,a type of loud and aggressive rock music popular in the late 1970s and early 1980s | người thực hiện; so sánh hơn
purer,noun,not mixed with anything else; with nothing added | person who does; comparative,not mixed with anything else; with nothing added | người thực hiện; so sánh hơn
purest,adjective,not mixed with anything else; with nothing added | superlative,not mixed with anything else; with nothing added | so sánh nhất
purpler,noun,having the colour of blue and red mixed together | person who does; comparative,having the colour of blue and red mixed cung nhau | người thực hiện; so sánh hơn
purplest,adjective,having the colour of blue and red mixed together | superlative,having the colour of blue and red mixed cung nhau | so sánh nhất
pushbike,adjective,having an engine; using the power of an engine + a bicycle,having an engine; using the power of an engine + a bicycle
pushily,adverb,an act of pushing something/somebody | having quality of; noun/adjective | adverb of manner / adjective (like,an act of pushing something/somebody | cóĩ·· tính chất của; danh từ/t tính từ | trạng từ chỉ cách thức / t tính từ (like
quadrophonic,adjective,four (variant of quadri- | (không có định nghĩa trong Oxford 5000 - root này không phải headword độc lập | relating to (adjective,four (variant of quadri- | (không có định nghĩa trong Oxford 5000 - root này không phải headword độc lập | li quan đến (t tính từ
queenlier,noun,the female ruler of an independent state that has a royal family | adverb of manner / adjective (like | person who does; comparative,the nữ ruler of an independent state that has a royal family | trạng từ chỉ cách thức / t tính từ (like | người thực hiện; so sánh hơn
queenliest,adjective,the female ruler of an independent state that has a royal family | adverb of manner / adjective (like | superlative,the nữ ruler of an independent state that has a royal family | trạng từ chỉ cách thức / t tính từ (like | so sánh nhất
quietest,adjective,making very little noise | superlative,making very little noise | so sánh nhất
quintessentially,adverb,"five | the most important quality or feature of something, that makes it what it is | relating to (adjective | noun | adverb of manner / adjective (like","five | the most important quality or feature of something, that makes it what it is | li quan đến (t tính từ | danh từ | trạng từ chỉ cách thức / t tính từ (like"
racier,noun,"a competition between people, animals, vehicles, etc. to see which one is the faster or fastest | having quality of; noun/adjective | person who does; comparative","a competition between people, animals, vehicles, etc. to see which one is the faster or fastest | cóĩ·· tính chất của; danh từ/t tính từ | người thực hiện; so sánh hơn"
raciest,adjective,"a competition between people, animals, vehicles, etc. to see which one is the faster or fastest | having quality of; noun/adjective | superlative","a competition between people, animals, vehicles, etc. to see which one is the faster or fastest | cóĩ·· tính chất của; danh từ/t tính từ | so sánh nhất"
railbirds,noun,a wooden or metal bar placed around something as a barrier or to provide support + a creature that is covered with feathers and has two wings and two legs. Most birds can fly.,a wooden or metal bar placed around something as a barrier or to provide support + a creature that is covered with feathers and has two wings and two legs. Most birds can fly.
rainier,noun,water that falls from the sky in separate drops | having quality of; noun/adjective | person who does; comparative,water that falls from the sky in separate drops | cóĩ·· tính chất của; danh từ/t tính từ | người thực hiện; so sánh hơn
rainiest,adjective,water that falls from the sky in separate drops | having quality of; noun/adjective | superlative,water that falls from the sky in separate drops | cóĩ·· tính chất của; danh từ/t tính từ | so sánh nhất
rangelands,noun,a variety of things of a particular type + the surface of the earth that is not sea,a variety of things of a particular type + the surface of the earth that is not sea
rankest,adjective,"the position, especially a high position, that somebody has in a particular organization, society, etc. | superlative","the position, especially a high position, that somebody has in a particular organization, society, etc. | so sánh nhất"
rarer,noun,"not done, seen, happening, etc. very often | person who does; comparative","not done, seen, happening, etc. very often | người thực hiện; so sánh hơn"
rarest,adjective,"not done, seen, happening, etc. very often | superlative","not done, seen, happening, etc. very often | so sánh nhất"
rattier,noun,"a small animal with a long tail, that looks like a large mouse, usually considered a pest (= an animal which is disliked because it destroys food or spreads disease | having quality of; noun/adjective | person who does; comparative","a nhỏ animal with a long tail, that looks like a large mouse, usually considered a pest (= an animal which is disliked because it destroys food or spreads disease | cóĩ·· tính chất của; danh từ/t tính từ | người thực hiện; so sánh hơn"
rattiest,adjective,"a small animal with a long tail, that looks like a large mouse, usually considered a pest (= an animal which is disliked because it destroys food or spreads disease | having quality of; noun/adjective | superlative","a nhỏ animal with a long tail, that looks like a large mouse, usually considered a pest (= an animal which is disliked because it destroys food or spreads disease | cóĩ·· tính chất của; danh từ/t tính từ | so sánh nhất"
rawly,adverb,not cooked | adverb of manner / adjective (like,not cooked | trạng từ chỉ cách thức / t tính từ (like
rayburn,noun,"a narrow line of light, heat or other energy + an injury or a mark caused by fire, heat or acid","a narrow line of light, heat or other energy + an injury or a mark caused by fire, heat or acid"
reactants,noun,"again, back | a particular thing that somebody does | person/thing that does; having quality (noun/adjective","again, back | a particular thing that somebody does | person/vật thực hiện; having quality (danh từ/t tính từ"
reactively,adverb,"again, back | a particular thing that somebody does | tending to, having nature of (adjective | adverb of manner / adjective (like","again, back | a particular thing that somebody does | tending to, having nature of (t tính từ | trạng từ chỉ cách thức / t tính từ (like"
reactiveness,noun,"again, back | a particular thing that somebody does | tending to, having nature of (adjective | state or quality of (noun","again, back | a particular thing that somebody does | tending to, having nature of (t tính từ | trạng thái hoặc tính chất của (danh từ"
readapting,verb,"again, back | to change your behaviour in order to deal more successfully with a new situation","again, back | to change your behaviour in order to deal more successfully with a new situation"
readier,noun,fully prepared for what you are going to do and able to start it immediately | person who does; comparative,fully prepared for what you are going to do and able to start it immediately | người thực hiện; so sánh hơn
readiest,adjective,fully prepared for what you are going to do and able to start it immediately | superlative,fully prepared for what you are going to do and able to start it immediately | so sánh nhất
realignment,noun,"not/without (Greek | VD: aboard | again, back | a long, thin mark on a surface | result/action/state (noun","not/khong có (Greek | VD: aboard | again, back | a long, thin mark on a surface | result/hanh động/state (danh từ"
reapportioned,noun,"not/without (Greek | VD: aboard | again, back | one part of something larger","not/khong có (Greek | VD: aboard | again, back | one part of something larger"
rechartering,noun,"again, back | a written statement describing the rights that a particular group of people should have","again, back | a written statement describing the rights that a particular group of people should have"
recheck,noun,"again, back | an act of making sure that something is safe, correct or in good condition by examining it","again, back | an act of making sure that something is safe, correct or in good condition by examining it"
recheck,verb,to check something again especially to make sure it is correct,kiểm tra lại điều gì đó đặc biệt để đảm bảo nó chính xác
reclassified,verb,"again, back | a group of students who are taught together | to make, cause to become (verb","again, back | a group of students who are taught cung nhau | lam cho, cause trở thành (động từ"
recopied,noun,"again, back | a thing that is made to be the same as something else, especially a document or a work of art","again, back | a thing that is made to be the same as something else, especially a document or a work of art"
recovers,noun,"again, back | a thing that is put over or on another thing, usually to protect it or to decorate it","again, back | a thing that is put over or on another thing, usually to protect it or to decorate it"
redder,noun,having the colour of blood or fire | person who does; comparative,having the colour of blood or fire | người thực hiện; so sánh hơn
reddest,adjective,having the colour of blood or fire | superlative,having the colour of blood or fire | so sánh nhất
redefined,verb,"again, back | to say or explain what the meaning of a word or phrase is","again, back | to say or explain what the meaning of a word or phrase is"
redevelopers,noun,"again, back | to gradually grow or become bigger, more advanced, stronger, etc.; to make something do this | person who does; comparative","again, back | to gradually grow or become bigger, more advanced, stronger, etc.; lam cho something do this | người thực hiện; so sánh hơn"
reeducate,verb,"again, back | to teach somebody over a period of time at a school, university, etc.","again, back | to teach somebody over a period of time at a school, university, etc."
reeducation,noun,"again, back | to teach somebody over a period of time at a school, university, etc. | action, process, state (noun","again, back | to teach somebody over a period of time at a school, university, etc. | hanh động, qua trình, state (danh từ"
reelected,unknown,"re-(again, back) + electr((không có định nghĩa trong Oxford 5000 - root này không phải headword độc lập))",làm lại — điện (gốc từ) (unknown)
reemerged,verb,"out of, from (variant of ex- | again, back | to combine or make two or more things combine to form a single thing","out of, from (variant of ex- | again, back | to combine or make two or more things combine to form a single thing"
reentered,verb,"again, back | to come or go into something","again, back | to come or go into something"
refolded,noun,"again, back | a part of something, especially cloth, that is folded or hangs as if it had been folded","again, back | a part of something, especially cloth, that is folded or hangs as if it had been folded"
regretfulness,noun,a sad feeling because of something that has happened or something that you have done or not done + containing or holding as much or as many as possible; having no empty space | state or quality of (noun,a sad feeling because of something that has happened or something that you have done or not done + containing or holding as much or as many as possible; having no empty space | trạng thái hoặc tính chất của (danh từ
reground,noun,"again, back | the solid surface of the earth","again, back | the solid surface of the earth"
reinvestigation,noun,"again, back | to carefully examine the facts of a situation, an event, a crime, etc. to find out the truth about it or how it happened | action, process, state (noun","again, back | to carefully examine the facts of a situation, an event, a crime, etc. to find out the truth about it or how it happened | hanh động, qua trình, state (danh từ"
relativist,noun,"show or make a connection between two or more things | tending to, having nature of (adjective | person who practices/believes (noun","show or make a connection between two or more things | tending to, having nature of (t tính từ | person who practices/believes (danh từ"
relativist,adjective,relating to or based on relativism the view that truth morality or knowledge are not absolute but depend on perspective,liên quan đến hoặc dựa trên thuyết tương đối cho rằng chân lý đạo đức hay tri thức không tuyệt đối mà phụ thuộc vào góc nhìn
relearns,verb,"again, back | to gain knowledge or skill by studying, from experience, from being taught, etc.","again, back | to gain knowledge or skill by studying, from experience, from being taught, etc."
relining,noun,"again, back | a long, thin mark on a surface","again, back | a long, thin mark on a surface"
remoter,noun,far away from places where other people live | person who does; comparative,far away from places where other people live | người thực hiện; so sánh hơn
remotest,adjective,far away from places where other people live | superlative,far away from places where other people live | so sánh nhất
rephrased,noun,"again, back | a group of words that have a particular meaning when used together","again, back | a group of words that have a particular meaning when used cung nhau"
replanted,noun,"again, back | a living thing that grows in the earth and usually has a stem, leaves and roots, especially one that is smaller than a tree or bush","again, back | a living thing that grows in the earth and usually has a stem, leaves and roots, especially one that is smaller than a tree or bush"
repressively,adverb,"again, back | newspapers and magazines | tending to, having nature of (adjective | adverb of manner / adjective (like","again, back | newspapers and magazines | tending to, having nature of (t tính từ | trạng từ chỉ cách thức / t tính từ (like"
requesters,noun,"again, back | a long search for something, especially for some quality such as happiness | person who does; comparative","again, back | a long search for something, especially for some quality such as happiness | người thực hiện; so sánh hơn"
resealed,noun,"again, back | an official design or mark, stamped on a document to show that it is real and carries the authority of a particular person or organization","again, back | an official design or mark, stamped on a document to show that it is real and carries the authority of a particular person or organization"
researchable,adjective,"again, back | an attempt to find somebody/something, especially by looking carefully for them/it | capable of being (adjective","again, back | an attempt to find somebody/something, especially by looking carefully for them/it | capable of being (t tính từ"
reshapes,noun,"again, back | the form of the outer edges or surfaces of something; an example of something that has a particular form","again, back | the form of the outer edges or surfaces of something; an example of something that has a particular form"
resoled,adjective,"again, back | only; single","again, back | only; single"
respectableness,noun,a strong feeling of approval of somebody/something because of their good qualities or achievements | capable of being (adjective | state or quality of (noun,a strong feeling of approval of somebody/something because of their good qualities or achievements | capable of being (t tính từ | trạng thái hoặc tính chất của (danh từ
responsively,adverb,"a spoken or written answer | tending to, having nature of (adjective | adverb of manner / adjective (like","a spoken or written answer | tending to, having nature of (t tính từ | trạng từ chỉ cách thức / t tính từ (like"
retaken,verb,"again, back | to carry or move something from one place to another | to make (verb | adjective","again, back | to carry or move something from one place to another | lam cho (động từ | t tính từ"
rethought,noun,"again, back | something that you think of or remember","again, back | something that you think of or remember"
retied,noun,"again, back | a long, narrow piece of cloth worn around the neck, especially by men, with a knot in front","again, back | a long, narrow piece of cloth worn around the neck, especially by men, with a knot in front"
retooled,noun,"again, back | an instrument such as a hammer, screwdriver, saw, etc. that you hold in your hand and use for making things, repairing things, etc.","again, back | an instrument such as a hammer, screwdriver, saw, etc. that you hold in your hand and use for making things, repairing things, etc."
retranslated,verb,"again, back | to express the meaning of speech or writing in a different language","again, back | to express the meaning of speech or writing in a different language"
retrogradations,noun,"backward | a mark given in an exam or for a piece of school work | to make/become (verb | adjective | action, process, state (noun","backward | a mark given in an exam or for a piece of school work | lam cho/become (động từ | t tính từ | hanh động, qua trình, state (danh từ"
revisited,noun,"again, back | an occasion or a period of time when somebody goes to see a place or person and spends time there","again, back | an occasion or a period of time when somebody goes to see a place or person and spends time there"
rewritten,verb,"again, back | to make letters or numbers on a surface, especially using a pen or a pencil | to make (verb | adjective","again, back | lam cho letters or numbers on a surface, especially using a pen or a pencil | lam cho (động từ | t tính từ"
richer,noun,having a lot of money or property | person who does; comparative,having a lot of money or property | người thực hiện; so sánh hơn
richest,adjective,having a lot of money or property | superlative,having a lot of money or property | so sánh nhất
riotousness,noun,"a situation in which a group of people behave in a violent way in a public place, often as a protest | having quality of (adjective | state or quality of (noun","a situation in which a group of people behave in a violent way in a public place, often as a protest | cóĩ·· tính chất của (t tính từ | trạng thái hoặc tính chất của (danh từ"
riskier,noun,the possibility of something bad happening at some time in the future; a situation that could be dangerous or have a bad result | having quality of; noun/adjective | person who does; comparative,the possibility of something bad happening at some time in the future; a situation that could be dangerous or have a bad result | cóĩ·· tính chất của; danh từ/t tính từ | người thực hiện; so sánh hơn
riskiest,adjective,the possibility of something bad happening at some time in the future; a situation that could be dangerous or have a bad result | having quality of; noun/adjective | superlative,the possibility of something bad happening at some time in the future; a situation that could be dangerous or have a bad result | cóĩ·· tính chất của; danh từ/t tính từ | so sánh nhất
ritualistically,adverb,"a series of actions that are always performed in the same way, especially as part of a religious ceremony | person who practices/believes (noun | relating to (adjective | adverb of manner / adjective (like","a series of actions that are always performed in the same way, especially as part of a religious ceremony | person who practices/believes (danh từ | li quan đến (t tính từ | trạng từ chỉ cách thức / t tính từ (like"
ritualized,verb,"a series of actions that are always performed in the same way, especially as part of a religious ceremony | to make, to become (verb","a series of actions that are always performed in the same way, especially as part of a religious ceremony | lam cho, trở thành (động từ"
riverboat,noun,a natural flow of water that continues in a long line across land to the sea + a vehicle (smaller than a ship,a natural flow of water that continues in a long line across land to the sea + a vehicle (smaller than a ship
roadbuilding,noun,"a hard surface built for vehicles to travel on + to make something, especially a building, by putting parts together","a hard surface built for vehicles to travel on + lam cho something, especially a building, by putting parts cung nhau"
roadie,adjective,a hard surface built for vehicles to travel on | having quality of; noun/adjective,a hard surface built for vehicles to travel on | cóĩ·· tính chất của; danh từ/t tính từ
roadworthy,adjective,"a hard surface built for vehicles to travel on + having a value in money, etc. | having quality of; noun/adjective","a hard surface built for vehicles to travel on + having a value in money, etc. | cóĩ·· tính chất của; danh từ/t tính từ"
robbie,noun,"to steal money or property from a person or place | small, informal/affectionate (diminutive noun, VD: robbie, billie","to steal money or property from a person or place | nhỏ, informal/affectionate (diminutive danh từ, VD: robbie, billie"
robby,adjective,to steal money or property from a person or place | having quality of; noun/adjective,to steal money or property from a person or place | cóĩ·· tính chất của; danh từ/t tính từ
rockaways,noun,the hard solid material that forms part of the surface of the earth and some other planets + to or at a distance from somebody/something in space or time,the hard solid material that forms part of the surface of the earth and some other planets + to or at a distance from somebody/something in space or time
rockier,noun,the hard solid material that forms part of the surface of the earth and some other planets | having quality of; noun/adjective | person who does; comparative,the hard solid material that forms part of the surface of the earth and some other planets | cóĩ·· tính chất của; danh từ/t tính từ | người thực hiện; so sánh hơn
rockies,noun,"the hard solid material that forms part of the surface of the earth and some other planets | small, informal/affectionate (diminutive noun, VD: robbie, billie","the hard solid material that forms part of the surface of the earth and some other planets | nhỏ, informal/affectionate (diminutive danh từ, VD: robbie, billie"
rockiest,adjective,the hard solid material that forms part of the surface of the earth and some other planets | having quality of; noun/adjective | superlative,the hard solid material that forms part of the surface of the earth and some other planets | cóĩ·· tính chất của; danh từ/t tính từ | so sánh nhất
roleplayed,noun,"an actor’s part in a play, film, etc. + a piece of writing performed by actors in a theatre or on television or radio","an actor’s part in a play, film, etc. + a piece of writing performed by actors in a theatre or on television or radio"
romancers,noun,"an exciting, usually short, relationship between two people who are in love with each other | person who does; comparative","an exciting, usually short, relationship between two people who are in love with each other | người thực hiện; so sánh hơn"
roomier,noun,"a part of a building that has its own walls, floor and ceiling and is usually used for a particular purpose | having quality of; noun/adjective | person who does; comparative","a part of a building that has its own walls, floor and ceiling and is usually used for a particular purpose | cóĩ·· tính chất của; danh từ/t tính từ | người thực hiện; so sánh hơn"
roomiest,adjective,"a part of a building that has its own walls, floor and ceiling and is usually used for a particular purpose | having quality of; noun/adjective | superlative","a part of a building that has its own walls, floor and ceiling and is usually used for a particular purpose | cóĩ·· tính chất của; danh từ/t tính từ | so sánh nhất"
rootlessness,noun,the part of a plant that grows under the ground and takes in water and minerals that it sends to the rest of the plant | without (adjective | state or quality of (noun,the part of a plant that grows under the ground and takes in water and minerals that it sends to the rest of the plant | khong có (t tính từ | trạng thái hoặc tính chất của (danh từ
ropier,noun,"very strong thick string made by twisting thinner strings, wires, etc. together | having quality of; noun/adjective | person who does; comparative","very strong thick string made by twisting thinner strings, wires, etc. cung nhau | cóĩ·· tính chất của; danh từ/t tính từ | người thực hiện; so sánh hơn"
ropiest,adjective,"very strong thick string made by twisting thinner strings, wires, etc. together | having quality of; noun/adjective | superlative","very strong thick string made by twisting thinner strings, wires, etc. cung nhau | cóĩ·· tính chất của; danh từ/t tính từ | so sánh nhất"
roseleaf,noun,a flower with a sweet smell that grows on a bush with thorns (= sharp points,a flower with a sweet smell that grows on a bush with thorns (= sharp points
roseleaves,noun,a flower with a sweet smell that grows on a bush with thorns (= sharp points,a flower with a sweet smell that grows on a bush with thorns (= sharp points
rosewater,noun,a flower with a sweet smell that grows on a bush with thorns (= sharp points,a flower with a sweet smell that grows on a bush with thorns (= sharp points
rosiest,adjective,a flower with a sweet smell that grows on a bush with thorns (= sharp points | having quality of; noun/adjective | superlative,a flower with a sweet smell that grows on a bush with thorns (= sharp points | cóĩ·· tính chất của; danh từ/t tính từ | so sánh nhất
rougher,noun,having a surface that is not even or regular | person who does; comparative,having a surface that is not even or regular | người thực hiện; so sánh hơn
roughest,adjective,having a surface that is not even or regular | superlative,having a surface that is not even or regular | so sánh nhất
roundest,adjective,having a shape like a circle or a ball | superlative,having a shape like a circle or a ball | so sánh nhất
ruder,noun,having or showing a lack of respect for other people and their feelings | person who does; comparative,having or showing a lack of respect for other people and their feelings | người thực hiện; so sánh hơn
rudest,adjective,having or showing a lack of respect for other people and their feelings | superlative,having or showing a lack of respect for other people and their feelings | so sánh nhất
rulebook,noun,"a statement of what may, must or must not be done in a particular situation or when playing a game + a set of printed pages that are fastened inside a cover so that you can turn them and read them","a statement of what may, must or must not be done in a particular situation or when playing a game + a set of printed pages that are fastened inside a cover so that you can turn them and read them"
runnier,noun,an act of running; a period of time spent running or the distance that somebody runs | having quality of; noun/adjective | person who does; comparative,an act of running; a period of time spent running or the distance that somebody runs | cóĩ·· tính chất của; danh từ/t tính từ | người thực hiện; so sánh hơn
runniest,adjective,an act of running; a period of time spent running or the distance that somebody runs | having quality of; noun/adjective | superlative,an act of running; a period of time spent running or the distance that somebody runs | cóĩ·· tính chất của; danh từ/t tính từ | so sánh nhất
rushier,noun,a sudden strong movement or action | having quality of; noun/adjective | person who does; comparative,a sudden strong movement or hanh động | cóĩ·· tính chất của; danh từ/t tính từ | người thực hiện; so sánh hơn
sacrificially,adverb,(không có định nghĩa trong Oxford 5000 - root này không phải headword độc lập | fice | relating to (adjective | noun | adverb of manner / adjective (like,(không có định nghĩa trong Oxford 5000 - root này không phải headword độc lập | fice | li quan đến (t tính từ | danh từ | trạng từ chỉ cách thức / t tính từ (like
saddest,adjective,unhappy or showing unhappiness | superlative,unhappy or showing unhappiness | so sánh nhất
safer,noun,"protected from any danger, harm or loss | person who does; comparative","protected from any danger, harm or loss | người thực hiện; so sánh hơn"
safest,adjective,"protected from any danger, harm or loss | superlative","protected from any danger, harm or loss | so sánh nhất"
saintlier,noun,"a person that the Christian Church recognizes as being very holy, because of the way they have lived or died | adverb of manner / adjective (like | person who does; comparative","a person that the Christian Church recognizes as being very holy, because of the way they have lived or died | trạng từ chỉ cách thức / t tính từ (like | người thực hiện; so sánh hơn"
saintliest,adjective,"a person that the Christian Church recognizes as being very holy, because of the way they have lived or died | adverb of manner / adjective (like | superlative","a person that the Christian Church recognizes as being very holy, because of the way they have lived or died | trạng từ chỉ cách thức / t tính từ (like | so sánh nhất"
saltiest,adjective,a white substance that is added to food to make it taste better or to preserve it. Salt is obtained from mines and is also found in seawater. It is sometimes called common salt to show that it is different from other chemical salts. Its chemical name is sodium chloride. | having quality of; noun/adjective | superlative,a white substance that is added to food lam cho it taste better or to preserve it. Salt is obtained from mines and is also found in seawater. It is sometimes called common salt to show that it is different from other chemical salts. Its chemical name is sodium chloride. | cóĩ·· tính chất của; danh từ/t tính từ | so sánh nhất
sandier,noun,"a substance that consists of very small fine grains of rock. Sand is found on beaches, in deserts, etc. | having quality of; noun/adjective | person who does; comparative","a substance that consists of very nhỏ fine grains of rock. Sand is found on beaches, in deserts, etc. | cóĩ·· tính chất của; danh từ/t tính từ | người thực hiện; so sánh hơn"
sandiest,adjective,"a substance that consists of very small fine grains of rock. Sand is found on beaches, in deserts, etc. | having quality of; noun/adjective | superlative","a substance that consists of very nhỏ fine grains of rock. Sand is found on beaches, in deserts, etc. | cóĩ·· tính chất của; danh từ/t tính từ | so sánh nhất"
sandshoe,noun,"a substance that consists of very small fine grains of rock. Sand is found on beaches, in deserts, etc. + one of a pair of objects usually made of leather or plastic that you wear on your feet","a substance that consists of very nhỏ fine grains of rock. Sand is found on beaches, in deserts, etc. + one of a pair of objects usually made of leather or plastic that you wear on your feet"
saucier,noun,a thick liquid that is eaten with food to add taste to it | having quality of; noun/adjective | person who does; comparative,a thick liquid that is eaten with food to add taste to it | cóĩ·· tính chất của; danh từ/t tính từ | người thực hiện; so sánh hơn
sauciest,adjective,a thick liquid that is eaten with food to add taste to it | having quality of; noun/adjective | superlative,a thick liquid that is eaten with food to add taste to it | cóĩ·· tính chất của; danh từ/t tính từ | so sánh nhất
sayers,noun,the right to influence something by giving your opinion before a decision is made | person who does; comparative,the right to influence something by giving your opinion before a decision is made | người thực hiện; so sánh hơn
scalier,noun,"the size or extent of something, especially when compared with something else | having quality of; noun/adjective | person who does; comparative","the size or extent of something, especially when compared with something else | cóĩ·· tính chất của; danh từ/t tính từ | người thực hiện; so sánh hơn"
scaliest,adjective,"the size or extent of something, especially when compared with something else | having quality of; noun/adjective | superlative","the size or extent of something, especially when compared with something else | cóĩ·· tính chất của; danh từ/t tính từ | so sánh nhất"
scarier,noun,a situation in which a lot of people are anxious or frightened about something | having quality of; noun/adjective | person who does; comparative,a situation in which a lot of people are anxious or frightened about something | cóĩ·· tính chất của; danh từ/t tính từ | người thực hiện; so sánh hơn
scariest,adjective,a situation in which a lot of people are anxious or frightened about something | having quality of; noun/adjective | superlative,a situation in which a lot of people are anxious or frightened about something | cóĩ·· tính chất của; danh từ/t tính từ | so sánh nhất
schoolbooks,noun,a place where children go to be educated + a set of printed pages that are fastened inside a cover so that you can turn them and read them,a place where children go to be educated + a set of printed pages that are fastened inside a cover so that you can turn them and read them
schoolchildren,noun,a place where children go to be educated + a young human who is not yet an adult,a place where children go to be educated + a young human who is not yet an adult
scorebook,noun,"the number of points, goals, etc. scored by each player or team in a game or competition + a set of printed pages that are fastened inside a cover so that you can turn them and read them","the number of points, goals, etc. scored by each player or team in a game or competition + a set of printed pages that are fastened inside a cover so that you can turn them and read them"
scratchier,noun,"a mark, a cut or an injury made by scratching somebody’s skin or the surface of something | having quality of; noun/adjective | person who does; comparative","a mark, a cut or an injury made by scratching somebody’s skin or the surface of something | cóĩ·· tính chất của; danh từ/t tính từ | người thực hiện; so sánh hơn"
scratchiest,adjective,"a mark, a cut or an injury made by scratching somebody’s skin or the surface of something | having quality of; noun/adjective | superlative","a mark, a cut or an injury made by scratching somebody’s skin or the surface of something | cóĩ·· tính chất của; danh từ/t tính từ | so sánh nhất"
screwier,noun,a thin pointed piece of metal like a nail with a raised spiral line (called a thread | having quality of; noun/adjective | person who does; comparative,a thin pointed piece of metal like a nail with a raised spiral line (called a thread | cóĩ·· tính chất của; danh từ/t tính từ | người thực hiện; so sánh hơn
screwiest,adjective,a thin pointed piece of metal like a nail with a raised spiral line (called a thread | having quality of; noun/adjective | superlative,a thin pointed piece of metal like a nail with a raised spiral line (called a thread | cóĩ·· tính chất của; danh từ/t tính từ | so sánh nhất
seafarers,noun,"the salt water that covers most of the earth’s surface and surrounds its continents and islands + the money that you pay to travel by bus, plane, taxi, etc. | person who does; comparative","the salt water that covers most of the earth’s surface and surrounds its continents and islands + the money that you pay to travel by bus, plane, taxi, etc. | người thực hiện; so sánh hơn"
secularizer,noun,"not connected with spiritual or religious matters | to make, to become (verb | person who does; comparative","not connected with spiritual or religious matters | lam cho, trở thành (động từ | người thực hiện; so sánh hơn"
seedcoat,noun,"the small hard part produced by a plant, from which a new plant can grow + a piece of outdoor clothing that is worn over other clothes to keep warm or dry. Coats have sleeves (= parts covering the arms","the nhỏ hard part produced by a plant, from which a new plant can grow + a piece of outdoor clothing that is worn over other clothes to keep warm or dry. Coats have sleeves (= parts covering the arms"
seedier,noun,"the small hard part produced by a plant, from which a new plant can grow | having quality of; noun/adjective | person who does; comparative","the nhỏ hard part produced by a plant, from which a new plant can grow | cóĩ·· tính chất của; danh từ/t tính từ | người thực hiện; so sánh hơn"
seediest,adjective,"the small hard part produced by a plant, from which a new plant can grow | having quality of; noun/adjective | superlative","the nhỏ hard part produced by a plant, from which a new plant can grow | cóĩ·· tính chất của; danh từ/t tính từ | so sánh nhất"
seedily,adverb,"the small hard part produced by a plant, from which a new plant can grow | having quality of; noun/adjective | adverb of manner / adjective (like","the nhỏ hard part produced by a plant, from which a new plant can grow | cóĩ·· tính chất của; danh từ/t tính từ | trạng từ chỉ cách thức / t tính từ (like"
selectiveness,noun,"to choose somebody/something from a group of people or things, usually according to a system | tending to, having nature of (adjective | state or quality of (noun","to choose somebody/something from a group of people or things, usually according to a system | tending to, having nature of (t tính từ | trạng thái hoặc tính chất của (danh từ"
selfeffacing,noun,"out of, from (variant of ex- | the type of person you are, especially the way you normally behave, look or feel + the front part of the head, where the eyes, nose and mouth are","out of, from (variant of ex- | the type of person you are, especially the way you normally behave, look or feel + the front part of the head, where the eyes, nose and mouth are"
semisecret,adjective,"half, partly | known about by only a few people; kept hidden from others","half, partly | known about by only a few people; kept hidden from others"
serviceably,adjective,"to give somebody food or drink, for example at a restaurant or during a meal | state or quality of (noun, VD: justice — mostly frozen Latin ending | capable of being (adjective | having quality of; noun/adjective","to give somebody food or drink, for example at a restaurant or during a meal | trạng thái hoặc tính chất của (danh từ, VD: justice — mostly frozen Latin ending | capable of being (t tính từ | cóĩ·· tính chất của; danh từ/t tính từ"
seventeenths,noun,"7 + (không có định nghĩa trong Oxford 5000 - root này không phải headword độc lập | ordinal number / state (noun, VD: eighth, warmth","7 + (không có định nghĩa trong Oxford 5000 - root này không phải headword độc lập | ordinal number / state (danh từ, VD: eighth, warmth"
severer,noun,extremely bad or serious | person who does; comparative,extremely bad or serious | người thực hiện; so sánh hơn
severest,adjective,extremely bad or serious | superlative,extremely bad or serious | so sánh nhất
sexier,noun,the state of being male or female | having quality of; noun/adjective | person who does; comparative,the state of being male or nữ | cóĩ·· tính chất của; danh từ/t tính từ | người thực hiện; so sánh hơn
sexiest,adjective,the state of being male or female | having quality of; noun/adjective | superlative,the state of being male or nữ | cóĩ·· tính chất của; danh từ/t tính từ | so sánh nhất
sexily,adverb,the state of being male or female | having quality of; noun/adjective | adverb of manner / adjective (like,the state of being male or nữ | cóĩ·· tính chất của; danh từ/t tính từ | trạng từ chỉ cách thức / t tính từ (like
sexualized,verb,"the state of being male or female | relating to (adjective | noun | to make, to become (verb","the state of being male or nữ | li quan đến (t tính từ | danh từ | lam cho, trở thành (động từ"
shadier,noun,"an area that is dark and cool under or behind something, for example a tree or building, because the sun’s light does not get to it | having quality of; noun/adjective | person who does; comparative","an area that is dark and cool under or behind something, for example a tree or building, because the sun’s light does not get to it | cóĩ·· tính chất của; danh từ/t tính từ | người thực hiện; so sánh hơn"
shadiest,adjective,"an area that is dark and cool under or behind something, for example a tree or building, because the sun’s light does not get to it | having quality of; noun/adjective | superlative","an area that is dark and cool under or behind something, for example a tree or building, because the sun’s light does not get to it | cóĩ·· tính chất của; danh từ/t tính từ | so sánh nhất"
shadowier,noun,"the dark shape that somebody/something’s form makes on a surface, for example on the ground, when they are between the light and the surface | having quality of; noun/adjective | person who does; comparative","the dark shape that somebody/something’s form makes on a surface, for example on the ground, when they are between the light and the surface | cóĩ·· tính chất của; danh từ/t tính từ | người thực hiện; so sánh hơn"
shadowiest,adjective,"the dark shape that somebody/something’s form makes on a surface, for example on the ground, when they are between the light and the surface | having quality of; noun/adjective | superlative","the dark shape that somebody/something’s form makes on a surface, for example on the ground, when they are between the light and the surface | cóĩ·· tính chất của; danh từ/t tính từ | so sánh nhất"
shakiest,adjective,an act of shaking somebody/something | having quality of; noun/adjective | superlative,an act of shaking somebody/something | cóĩ·· tính chất của; danh từ/t tính từ | so sánh nhất
shallower,noun,not having much distance between the top or surface and the bottom | person who does; comparative,not having much distance between the top or surface and the bottom | người thực hiện; so sánh hơn
shallowest,adjective,not having much distance between the top or surface and the bottom | superlative,not having much distance between the top or surface and the bottom | so sánh nhất
shapelier,noun,the form of the outer edges or surfaces of something; an example of something that has a particular form | adverb of manner / adjective (like | person who does; comparative,the form of the outer edges or surfaces of something; an example of something that has a particular form | trạng từ chỉ cách thức / t tính từ (like | người thực hiện; so sánh hơn
sharecrop,noun,"one part of something that is divided between two or more people + a plant that is grown in large quantities, especially as food","one part of something that is divided between two or more people + a plant that is grown in large quantities, especially as food"
sharpest,adjective,"having a fine edge or point, especially of something that can cut or make a hole in something | superlative","having a fine edge or point, especially of something that can cut or make a hole in something | so sánh nhất"
shatteringly,adverb,to suddenly break into small pieces; to make something suddenly break into small pieces | adverb of manner / adjective (like,to suddenly break into nhỏ pieces; lam cho something suddenly break into nhỏ pieces | trạng từ chỉ cách thức / t tính từ (like
shellshock,noun,"the hard outer part of eggs, nuts, some seeds, and some animals + a strong feeling of surprise as a result of something happening, especially something unpleasant; the event that causes this feeling","the hard outer part of eggs, nuts, some seeds, and some animals + a strong feeling of surprise as a result of something happening, especially something unpleasant; the event that causes this feeling"
shifters,noun,a period of time worked by a group of workers who start work as another group finishes | person who does; comparative,a period of time worked by a group of workers who start work as another group finishes | người thực hiện; so sánh hơn
shiftier,noun,a period of time worked by a group of workers who start work as another group finishes | having quality of; noun/adjective | person who does; comparative,a period of time worked by a group of workers who start work as another group finishes | cóĩ·· tính chất của; danh từ/t tính từ | người thực hiện; so sánh hơn
shiftiest,adjective,a period of time worked by a group of workers who start work as another group finishes | having quality of; noun/adjective | superlative,a period of time worked by a group of workers who start work as another group finishes | cóĩ·· tính chất của; danh từ/t tính từ | so sánh nhất
shiftlessly,adverb,a period of time worked by a group of workers who start work as another group finishes | without (adjective | adverb of manner / adjective (like,a period of time worked by a group of workers who start work as another group finishes | khong có (t tính từ | trạng từ chỉ cách thức / t tính từ (like
shinier,noun,to produce or reflect light; to be bright | having quality of; noun/adjective | person who does; comparative,to produce or reflect light; to be bright | cóĩ·· tính chất của; danh từ/t tính từ | người thực hiện; so sánh hơn
shiniest,adjective,to produce or reflect light; to be bright | having quality of; noun/adjective | superlative,to produce or reflect light; to be bright | cóĩ·· tính chất của; danh từ/t tính từ | so sánh nhất
shiningly,adverb,to produce or reflect light; to be bright | adverb of manner / adjective (like,to produce or reflect light; to be bright | trạng từ chỉ cách thức / t tính từ (like
shirtier,noun,"a piece of clothing worn on the upper part of the body, made of light cloth, with sleeves and usually with a collar and buttons down the front | having quality of; noun/adjective | person who does; comparative","a piece of clothing worn on the upper part of the body, made of light cloth, with sleeves and usually with a collar and buttons down the front | cóĩ·· tính chất của; danh từ/t tính từ | người thực hiện; so sánh hơn"
shockwave,noun,"a strong feeling of surprise as a result of something happening, especially something unpleasant; the event that causes this feeling + a raised line of water that moves across the surface of the sea, ocean, etc.","a strong feeling of surprise as a result of something happening, especially something unpleasant; the event that causes this feeling + a raised line of water that moves across the surface of the sea, ocean, etc."
shorter,noun,"measuring or covering a small length or distance, or a smaller length or distance than usual | person who does; comparative","measuring or covering a nhỏ length or distance, or a smaller length or distance than usual | người thực hiện; so sánh hơn"
shortest,adjective,"measuring or covering a small length or distance, or a smaller length or distance than usual | superlative","measuring or covering a nhỏ length or distance, or a smaller length or distance than usual | so sánh nhất"
shortsightedly,adverb,"measuring or covering a small length or distance, or a smaller length or distance than usual + the ability to see | adverb of manner / adjective (like","measuring or covering a nhỏ length or distance, or a smaller length or distance than usual + the ability to see | trạng từ chỉ cách thức / t tính từ (like"
shorty,adjective,"measuring or covering a small length or distance, or a smaller length or distance than usual | having quality of; noun/adjective","measuring or covering a nhỏ length or distance, or a smaller length or distance than usual | cóĩ·· tính chất của; danh từ/t tính từ"
shorty,noun,an informal term for a person who is short in stature,cách gọi thân mật chỉ một người có vóc dáng thấp bé
shotshells,noun,"the act of firing a gun; the sound this makes + the hard outer part of eggs, nuts, some seeds, and some animals","the act of firing a gun; the sound this makes + the hard outer part of eggs, nuts, some seeds, and some animals"
showerier,noun,a piece of equipment producing a flow of water that you stand under to wash yourself; the small room or part of a room that contains a shower | having quality of; noun/adjective | person who does; comparative,a piece of equipment producing a flow of water that you stand under to wash yourself; the nhỏ room or part of a room that contains a shower | cóĩ·· tính chất của; danh từ/t tính từ | người thực hiện; so sánh hơn
showier,noun,a programme on television or the radio | having quality of; noun/adjective | person who does; comparative,a programme on television or the radio | cóĩ·· tính chất của; danh từ/t tính từ | người thực hiện; so sánh hơn
showiest,adjective,a programme on television or the radio | having quality of; noun/adjective | superlative,a programme on television or the radio | cóĩ·· tính chất của; danh từ/t tính từ | so sánh nhất
shyer,noun,nervous or embarrassed about meeting and speaking to other people | person who does; comparative,nervous or embarrassed about meeting and speaking to other people | người thực hiện; so sánh hơn
shyest,adjective,nervous or embarrassed about meeting and speaking to other people | superlative,nervous or embarrassed about meeting and speaking to other people | so sánh nhất
sickest,adjective,physically or mentally ill | superlative,physically or mentally ill | so sánh nhất
sicklier,noun,physically or mentally ill | adverb of manner / adjective (like | person who does; comparative,physically or mentally ill | trạng từ chỉ cách thức / t tính từ (like | người thực hiện; so sánh hơn
sickliest,adjective,physically or mentally ill | adverb of manner / adjective (like | superlative,physically or mentally ill | trạng từ chỉ cách thức / t tính từ (like | so sánh nhất
sidearms,noun,"either of the two halves of a surface, an object or an area that is divided by an imaginary central line + either of the two long parts that stick out from the top of the body and connect the shoulders to the hands","either of the two halves of a surface, an object or an area that is divided by an imaginary central line + either of the two long parts that stick out from the top of the body and connect the shoulders to the hands"
sideburns,noun,"either of the two halves of a surface, an object or an area that is divided by an imaginary central line + an injury or a mark caused by fire, heat or acid","either of the two halves of a surface, an object or an area that is divided by an imaginary central line + an injury or a mark caused by fire, heat or acid"
sightseen,unknown,"sight+see(the ability to see + to become aware of somebody/something by using your eyes) + -n([INFLECTION] past-participle ending (VD: blown, drawn))",tầm nhìn + nhìn thấy — n (unknown)
silkier,noun,fine soft thread produced by silkworms | having quality of; noun/adjective | person who does; comparative,fine soft thread produced by silkworms | cóĩ·· tính chất của; danh từ/t tính từ | người thực hiện; so sánh hơn
silkiest,adjective,fine soft thread produced by silkworms | having quality of; noun/adjective | superlative,fine soft thread produced by silkworms | cóĩ·· tính chất của; danh từ/t tính từ | so sánh nhất
sillier,noun,"showing a lack of thought, understanding, or judgement | person who does; comparative","showing a lack of thought, understanding, or judgement | người thực hiện; so sánh hơn"
silliest,adjective,"showing a lack of thought, understanding, or judgement | superlative","showing a lack of thought, understanding, or judgement | so sánh nhất"
silverier,noun,shiny grey-white in colour | having quality of; noun/adjective | person who does; comparative,shiny grey-white in colour | cóĩ·· tính chất của; danh từ/t tính từ | người thực hiện; so sánh hơn
silveriest,adjective,shiny grey-white in colour | having quality of; noun/adjective | superlative,shiny grey-white in colour | cóĩ·· tính chất của; danh từ/t tính từ | so sánh nhất
simplest,adjective,not complicated; easy to understand or do | superlative,not complicated; easy to understand or do | so sánh nhất
sincerer,noun,showing what you really think or feel | person who does; comparative,showing what you really think or feel | người thực hiện; so sánh hơn
sincerest,adjective,showing what you really think or feel | superlative,showing what you really think or feel | so sánh nhất
sinfully,adverb,an offence against God or against a religious or moral law | full of (adjective | adverb of manner / adjective (like,an offence chống lại God or chống lại a religious or moral law | full of (t tính từ | trạng từ chỉ cách thức / t tính từ (like
singlehandedly,adverb,"only one + the part of the body at the end of the arm, including the fingers and thumb | adverb of manner / adjective (like","only one + the part of the body at the end of the arm, including the fingers and thumb | trạng từ chỉ cách thức / t tính từ (like"
sixgun,number,six+gun(6 + a weapon that is used for firing bullets or shells),súng lục sáu viên
sixteenths,noun,"6 + (không có định nghĩa trong Oxford 5000 - root này không phải headword độc lập | ordinal number / state (noun, VD: eighth, warmth","6 + (không có định nghĩa trong Oxford 5000 - root này không phải headword độc lập | ordinal number / state (danh từ, VD: eighth, warmth"
sketchier,noun,a simple picture that is drawn quickly and does not have many details | having quality of; noun/adjective | person who does; comparative,a simple picture that is drawn quickly and does not have many details | cóĩ·· tính chất của; danh từ/t tính từ | người thực hiện; so sánh hơn
sketchiest,adjective,a simple picture that is drawn quickly and does not have many details | having quality of; noun/adjective | superlative,a simple picture that is drawn quickly and does not have many details | cóĩ·· tính chất của; danh từ/t tính từ | so sánh nhất
sketchpad,noun,"a simple picture that is drawn quickly and does not have many details + a thick piece of soft material that is used, for example, for cleaning or protecting something or for holding liquid","a simple picture that is drawn quickly and does not have many details + a thick piece of soft material that is used, for example, for cleaning or protecting something or for holding liquid"
skilift,adjective,connected with the sport of skiing + a machine that carries people or goods up and down to different levels in a building or a mine,connected with the sport of skiing + a machine that carries people or goods up and down to different levels in a building or a mine
skindive,noun,the layer of tissue that covers the body + a jump into deep water with your head first and your arms in front of you,the layer of tissue that covers the body + a jump into deep water with your head first and your arms in front of you
skinfolds,noun,"the layer of tissue that covers the body + a part of something, especially cloth, that is folded or hangs as if it had been folded","the layer of tissue that covers the body + a part of something, especially cloth, that is folded or hangs as if it had been folded"
skinnier,noun,the layer of tissue that covers the body | having quality of; noun/adjective | person who does; comparative,the layer of tissue that covers the body | cóĩ·· tính chất của; danh từ/t tính từ | người thực hiện; so sánh hơn
skinniest,adjective,the layer of tissue that covers the body | having quality of; noun/adjective | superlative,the layer of tissue that covers the body | cóĩ·· tính chất của; danh từ/t tính từ | so sánh nhất
skiway,adjective,connected with the sport of skiing + very far; by a large amount,connected with the sport of skiing + very far; by a large amount
skywave,noun,"the space above the earth that you can see when you look up, where clouds and the sun, moon and stars appear + a raised line of water that moves across the surface of the sea, ocean, etc.","the space above the earth that you can see when you look up, where clouds and the sun, moon and stars appear + a raised line of water that moves across the surface of the sea, ocean, etc."
sleepier,noun,"the natural state of rest in which your eyes are closed, your body is not active, and your mind is not conscious | having quality of; noun/adjective | person who does; comparative","the natural state of rest in which your eyes are closed, your body is not active, and your mind is not conscious | cóĩ·· tính chất của; danh từ/t tính từ | người thực hiện; so sánh hơn"
sleepiest,adjective,"the natural state of rest in which your eyes are closed, your body is not active, and your mind is not conscious | having quality of; noun/adjective | superlative","the natural state of rest in which your eyes are closed, your body is not active, and your mind is not conscious | cóĩ·· tính chất của; danh từ/t tính từ | so sánh nhất"
slightest,adjective,very small in degree | superlative,very nhỏ in degree | so sánh nhất
slipperier,noun,to slide a short distance by accident so that you fall or nearly fall | person who does; comparative | having quality of; noun/adjective | person who does; comparative,to slide a short distance by accident so that you fall or nearly fall | người thực hiện; so sánh hơn | cóĩ·· tính chất của; danh từ/t tính từ | người thực hiện; so sánh hơn
slipperiest,adjective,to slide a short distance by accident so that you fall or nearly fall | person who does; comparative | having quality of; noun/adjective | superlative,to slide a short distance by accident so that you fall or nearly fall | người thực hiện; so sánh hơn | cóĩ·· tính chất của; danh từ/t tính từ | so sánh nhất
smallest,adjective,"not large in size, number, degree, amount, etc. | superlative","not large in size, number, degree, amount, etc. | so sánh nhất"
smalltime,adjective,"not large in size, number, degree, amount, etc. + what is measured in minutes, hours, days, etc.","not large in size, number, degree, amount, etc. + what is measured in minutes, hours, days, etc."
smarter,noun,looking clean and neat; well dressed in fashionable and/or formal clothes | person who does; comparative,looking clean and neat; well dressed in fashionable and/or formal clothes | người thực hiện; so sánh hơn
smartest,adjective,looking clean and neat; well dressed in fashionable and/or formal clothes | superlative,looking clean and neat; well dressed in fashionable and/or formal clothes | so sánh nhất
smellier,noun,the quality of something that people and animals sense through their noses | having quality of; noun/adjective | person who does; comparative,the quality of something that people and animals sense through their noses | cóĩ·· tính chất của; danh từ/t tính từ | người thực hiện; so sánh hơn
smelliest,adjective,the quality of something that people and animals sense through their noses | having quality of; noun/adjective | superlative,the quality of something that people and animals sense through their noses | cóĩ·· tính chất của; danh từ/t tính từ | so sánh nhất
smelliness,noun,the quality of something that people and animals sense through their noses | having quality of; noun/adjective | state or quality of (noun,the quality of something that people and animals sense through their noses | cóĩ·· tính chất của; danh từ/t tính từ | trạng thái hoặc tính chất của (danh từ
smokier,noun,"the grey, white or black gas that is produced by something burning | having quality of; noun/adjective | person who does; comparative","the grey, white or black gas that is produced by something burning | cóĩ·· tính chất của; danh từ/t tính từ | người thực hiện; so sánh hơn"
smokiest,adjective,"the grey, white or black gas that is produced by something burning | having quality of; noun/adjective | superlative","the grey, white or black gas that is produced by something burning | cóĩ·· tính chất của; danh từ/t tính từ | so sánh nhất"
smoothest,adjective,"completely flat and even, without any rough areas or holes | superlative","completely flat and even, khong có any rough areas or holes | so sánh nhất"
snakier,noun,"a reptile with a very long thin body and no legs. There are many types of snake, some of which are poisonous. | having quality of; noun/adjective | person who does; comparative","a reptile with a very long thin body and no legs. There are many types of snake, some of which are poisonous. | cóĩ·· tính chất của; danh từ/t tính từ | người thực hiện; so sánh hơn"
snakiest,adjective,"a reptile with a very long thin body and no legs. There are many types of snake, some of which are poisonous. | having quality of; noun/adjective | superlative","a reptile with a very long thin body and no legs. There are many types of snake, some of which are poisonous. | cóĩ·· tính chất của; danh từ/t tính từ | so sánh nhất"
snappier,noun,to break something suddenly with a sharp noise; to be broken in this way | having quality of; noun/adjective | person who does; comparative,to break something suddenly with a sharp noise; to be broken in this way | cóĩ·· tính chất của; danh từ/t tính từ | người thực hiện; so sánh hơn
snappiest,adjective,to break something suddenly with a sharp noise; to be broken in this way | having quality of; noun/adjective | superlative,to break something suddenly with a sharp noise; to be broken in this way | cóĩ·· tính chất của; danh từ/t tính từ | so sánh nhất
snappily,adverb,to break something suddenly with a sharp noise; to be broken in this way | having quality of; noun/adjective | adverb of manner / adjective (like,to break something suddenly with a sharp noise; to be broken in this way | cóĩ·· tính chất của; danh từ/t tính từ | trạng từ chỉ cách thức / t tính từ (like
snowblind,noun,small soft white pieces (called flakes,nhỏ soft white pieces (called flakes
snowier,noun,small soft white pieces (called flakes | having quality of; noun/adjective | person who does; comparative,nhỏ soft white pieces (called flakes | cóĩ·· tính chất của; danh từ/t tính từ | người thực hiện; so sánh hơn
snowiest,adjective,small soft white pieces (called flakes | having quality of; noun/adjective | superlative,nhỏ soft white pieces (called flakes | cóĩ·· tính chất của; danh từ/t tính từ | so sánh nhất
snowiness,noun,small soft white pieces (called flakes | having quality of; noun/adjective | state or quality of (noun,nhỏ soft white pieces (called flakes | cóĩ·· tính chất của; danh từ/t tính từ | trạng thái hoặc tính chất của (danh từ
soapier,noun,a substance that you use with water for washing your body | having quality of; noun/adjective | person who does; comparative,a substance that you use with water for washing your body | cóĩ·· tính chất của; danh từ/t tính từ | người thực hiện; so sánh hơn
soapiest,adjective,a substance that you use with water for washing your body | having quality of; noun/adjective | superlative,a substance that you use with water for washing your body | cóĩ·· tính chất của; danh từ/t tính từ | so sánh nhất
softer,noun,changing shape easily when pressed; not stiff or hard | person who does; comparative,changing shape easily when pressed; not stiff or hard | người thực hiện; so sánh hơn
softest,adjective,changing shape easily when pressed; not stiff or hard | superlative,changing shape easily when pressed; not stiff or hard | so sánh nhất
softland,adjective,changing shape easily when pressed; not stiff or hard + the surface of the earth that is not sea,changing shape easily when pressed; not stiff or hard + the surface of the earth that is not sea
songbag,noun,"a short piece of music with words that you sing + a container made of cloth, leather, plastic or paper, used to carry things in, especially when shopping or travelling","a short piece of music with words that you sing + a container made of cloth, leather, plastic or paper, used to carry things in, especially when shopping or travelling"
sorrier,noun,feeling sad and ashamed about something that has been done | person who does; comparative,feeling sad and ashamed about something that has been done | người thực hiện; so sánh hơn
sorriest,adjective,feeling sad and ashamed about something that has been done | superlative,feeling sad and ashamed about something that has been done | so sánh nhất
soullessness,noun,"the spiritual part of a person, believed to exist after death | without (adjective | state or quality of (noun","the spiritual part of a person, believed to exist after death | khong có (t tính từ | trạng thái hoặc tính chất của (danh từ"
soundest,adjective,sensible; that you can rely on and that will probably give good results | superlative,sensible; that you can rely on and that will probably give good results | so sánh nhất
southernisms,noun,"in or towards the south | direction (adjective, VD: southern | belief, practice, condition (noun","in or towards the south | direction (t tính từ, VD: southern | belief, practice, condition (danh từ"
southwestwards,adverb,in or towards the south + in or towards the west | in the direction of (adjective/adverb,in or towards the south + in or towards the west | in the direction of (t tính từ/adverb
spacer,noun,the area outside the earth’s atmosphere where all the other planets and stars are | person who does; comparative,the area outside the earth’s atmosphere where all the other planets and stars are | người thực hiện; so sánh hơn
sparest,adjective,available to do what you want with rather than work | superlative,available to do what you want with rather than work | so sánh nhất
sparky,adjective,"to cause something to start or develop, especially suddenly | having quality of; noun/adjective","to cause something to start or develop, especially suddenly | cóĩ·· tính chất của; danh từ/t tính từ"
sparky,noun,"(British, informal) an electrician.","(Anh, khẩu ngữ) thợ điện."
speedier,noun,the rate at which somebody/something moves or travels | having quality of; noun/adjective | person who does; comparative,the rate at which somebody/something moves or travels | cóĩ·· tính chất của; danh từ/t tính từ | người thực hiện; so sánh hơn
speediest,adjective,the rate at which somebody/something moves or travels | having quality of; noun/adjective | superlative,the rate at which somebody/something moves or travels | cóĩ·· tính chất của; danh từ/t tính từ | so sánh nhất
speedo,unknown,"speed(the rate at which somebody/something moves or travels) + -o([VARIANT] informal/loanword noun ending (VD: commando, weirdo))",tốc độ — o (unknown)
spicier,noun,one of the various types of powder or seed that come from plants and are used in cooking. Spices have a strong taste and smell. | having quality of; noun/adjective | person who does; comparative,one of the various types of powder or seed that come from plants and are used in cooking. Spices have a strong taste and smell. | cóĩ·· tính chất của; danh từ/t tính từ | người thực hiện; so sánh hơn
spiciest,adjective,one of the various types of powder or seed that come from plants and are used in cooking. Spices have a strong taste and smell. | having quality of; noun/adjective | superlative,one of the various types of powder or seed that come from plants and are used in cooking. Spices have a strong taste and smell. | cóĩ·· tính chất của; danh từ/t tính từ | so sánh nhất
spinelessly,adverb,the row of small bones that are connected together down the middle of the back | without (adjective | adverb of manner / adjective (like,the row of nhỏ bones that are connected cung nhau down the middle of the back | khong có (t tính từ | trạng từ chỉ cách thức / t tính từ (like
spinier,noun,the row of small bones that are connected together down the middle of the back | having quality of; noun/adjective | person who does; comparative,the row of nhỏ bones that are connected cung nhau down the middle of the back | cóĩ·· tính chất của; danh từ/t tính từ | người thực hiện; so sánh hơn
spiniest,adjective,the row of small bones that are connected together down the middle of the back | having quality of; noun/adjective | superlative,the row of nhỏ bones that are connected cung nhau down the middle of the back | cóĩ·· tính chất của; danh từ/t tính từ | so sánh nhất
spiritlessly,adverb,"the part of a person that includes their mind, feelings and character rather than their body | without (adjective | adverb of manner / adjective (like","the part of a person that includes their mind, feelings and character rather than their body | khong có (t tính từ | trạng từ chỉ cách thức / t tính từ (like"
spooner,noun,"a tool that has a handle with a shallow bowl at the end, used for mixing, serving and eating food | person who does; comparative","a tool that has a handle with a shallow bowl at the end, used for mixing, serving and eating food | người thực hiện; so sánh hơn"
sportier,noun,"activity that you do for pleasure and that needs physical effort or skill, usually done in a special area and according to fixed rules | having quality of; noun/adjective | person who does; comparative","activity that you do for pleasure and that needs physical effort or skill, usually done in a special area and according to fixed rules | cóĩ·· tính chất của; danh từ/t tính từ | người thực hiện; so sánh hơn"
sportiest,adjective,"activity that you do for pleasure and that needs physical effort or skill, usually done in a special area and according to fixed rules | having quality of; noun/adjective | superlative","activity that you do for pleasure and that needs physical effort or skill, usually done in a special area and according to fixed rules | cóĩ·· tính chất của; danh từ/t tính từ | so sánh nhất"
sportiness,noun,"activity that you do for pleasure and that needs physical effort or skill, usually done in a special area and according to fixed rules | having quality of; noun/adjective | state or quality of (noun","activity that you do for pleasure and that needs physical effort or skill, usually done in a special area and according to fixed rules | cóĩ·· tính chất của; danh từ/t tính từ | trạng thái hoặc tính chất của (danh từ"
spottier,noun,a small round area that has a different colour or feels different from the surface it is on | having quality of; noun/adjective | person who does; comparative,a nhỏ round area that has a different colour or feels different from the surface it is on | cóĩ·· tính chất của; danh từ/t tính từ | người thực hiện; so sánh hơn
spottiest,adjective,a small round area that has a different colour or feels different from the surface it is on | having quality of; noun/adjective | superlative,a nhỏ round area that has a different colour or feels different from the surface it is on | cóĩ·· tính chất của; danh từ/t tính từ | so sánh nhất
spreadable,adjective,"an increase in the amount or number of something that there is, or in the area that is affected by something | capable of being (adjective","an increase in the amount or number of something that there is, or in the area that is affected by something | capable of being (t tính từ"
springier,noun,the season between winter and summer when plants begin to grow | having quality of; noun/adjective | person who does; comparative,the season between winter and summer when plants begin to grow | cóĩ·· tính chất của; danh từ/t tính từ | người thực hiện; so sánh hơn
springiest,adjective,the season between winter and summer when plants begin to grow | having quality of; noun/adjective | superlative,the season between winter and summer when plants begin to grow | cóĩ·· tính chất của; danh từ/t tính từ | so sánh nhất
squarer,noun,having four straight equal sides and four angles of 90° | person who does; comparative,having four straight equal sides and four angles of 90° | người thực hiện; so sánh hơn
squarest,adjective,having four straight equal sides and four angles of 90° | superlative,having four straight equal sides and four angles of 90° | so sánh nhất
stablest,adjective,"fixed or steady; not likely to move, change or fail | superlative","fixed or steady; not likely to move, change or fail | so sánh nhất"
stagier,noun,a period or state that something/somebody passes through while developing or making progress | having quality of; noun/adjective | person who does; comparative,a period or state that something/somebody passes through while developing or making progress | cóĩ·· tính chất của; danh từ/t tính từ | người thực hiện; so sánh hơn
standeth,noun,"an attitude towards something or an opinion that you make clear to people | ordinal number / state (noun, VD: eighth, warmth","an attitude towards something or an opinion that you make clear to people | ordinal number / state (danh từ, VD: eighth, warmth"
standin,noun,"an attitude towards something or an opinion that you make clear to people + into an object, an area or a substance","an attitude towards something or an opinion that you make clear to people + into an object, an area or a substance"
starker,noun,"unpleasant; real, and impossible to avoid | person who does; comparative","unpleasant; real, and impossible to avoid | người thực hiện; so sánh hơn"
starkest,adjective,"unpleasant; real, and impossible to avoid | superlative","unpleasant; real, and impossible to avoid | so sánh nhất"
starrier,noun,a large ball of burning gas in space that we see as a point of light in the sky at night | having quality of; noun/adjective | person who does; comparative,a large ball of burning gas in space that we see as a point of light in the sky at night | cóĩ·· tính chất của; danh từ/t tính từ | người thực hiện; so sánh hơn
startups,noun,the point at which something begins + towards or in a higher position,the point at which something begins + towards or in a higher position
statelessness,noun,provided or controlled by the government of a country | without (adjective | state or quality of (noun,provided or controlled by the government of a country | khong có (t tính từ | trạng thái hoặc tính chất của (danh từ
statelier,noun,provided or controlled by the government of a country | adverb of manner / adjective (like | person who does; comparative,provided or controlled by the government of a country | trạng từ chỉ cách thức / t tính từ (like | người thực hiện; so sánh hơn
stateliest,adjective,provided or controlled by the government of a country | adverb of manner / adjective (like | superlative,provided or controlled by the government of a country | trạng từ chỉ cách thức / t tính từ (like | so sánh nhất
steadier,noun,"developing, growing, etc. gradually and in an even and regular way | person who does; comparative","developing, growing, etc. gradually and in an even and regular way | người thực hiện; so sánh hơn"
steadiest,adjective,"developing, growing, etc. gradually and in an even and regular way | superlative","developing, growing, etc. gradually and in an even and regular way | so sánh nhất"
steamier,noun,the hot gas that water changes into when it boils | having quality of; noun/adjective | person who does; comparative,the hot gas that water changes into when it boils | cóĩ·· tính chất của; danh từ/t tính từ | người thực hiện; so sánh hơn
steamiest,adjective,the hot gas that water changes into when it boils | having quality of; noun/adjective | superlative,the hot gas that water changes into when it boils | cóĩ·· tính chất của; danh từ/t tính từ | so sánh nhất
steamily,adverb,the hot gas that water changes into when it boils | having quality of; noun/adjective | adverb of manner / adjective (like,the hot gas that water changes into when it boils | cóĩ·· tính chất của; danh từ/t tính từ | trạng từ chỉ cách thức / t tính từ (like
steelier,noun,"a strong, hard metal that is made of a mixture of iron and carbon | having quality of; noun/adjective | person who does; comparative","a strong, hard metal that is made of a mixture of iron and carbon | cóĩ·· tính chất của; danh từ/t tính từ | người thực hiện; so sánh hơn"
steeliest,adjective,"a strong, hard metal that is made of a mixture of iron and carbon | having quality of; noun/adjective | superlative","a strong, hard metal that is made of a mixture of iron and carbon | cóĩ·· tính chất của; danh từ/t tính từ | so sánh nhất"
steepest,adjective,"rising or falling quickly, not gradually | superlative","rising or falling quickly, not gradually | so sánh nhất"
stepsons,noun,one of a series of things that you do in order to achieve something + (không có định nghĩa trong Oxford 5000 - root này không phải headword độc lập,one of a series of things that you do in order to achieve something + (không có định nghĩa trong Oxford 5000 - root này không phải headword độc lập
stickier,noun,a thin piece of wood that has fallen or been broken from a tree | having quality of; noun/adjective | person who does; comparative,a thin piece of wood that has fallen or been broken from a tree | cóĩ·· tính chất của; danh từ/t tính từ | người thực hiện; so sánh hơn
stickiest,adjective,a thin piece of wood that has fallen or been broken from a tree | having quality of; noun/adjective | superlative,a thin piece of wood that has fallen or been broken from a tree | cóĩ·· tính chất của; danh từ/t tính từ | so sánh nhất
stickman,noun,a thin piece of wood that has fallen or been broken from a tree + an adult male human,a thin piece of wood that has fallen or been broken from a tree + an adult male human
stiffer,noun,difficult to bend or move | person who does; comparative,difficult to bend or move | người thực hiện; so sánh hơn
stiffest,adjective,difficult to bend or move | superlative,difficult to bend or move | so sánh nhất
stillest,adjective,not moving; calm and quiet | superlative,not moving; calm and quiet | so sánh nhất
stimulatory,adjective,"(không có định nghĩa trong Oxford 5000 - root này không phải headword độc lập | to make/become (verb | adjective | relating to, place for (adjective/noun","(không có định nghĩa trong Oxford 5000 - root này không phải headword độc lập | lam cho/become (động từ | t tính từ | li quan đến, place for (t tính từ/danh từ"
stimuli,unknown,"stimul((không có định nghĩa trong Oxford 5000 - root này không phải headword độc lập)) + -i([VARIANT] Latin plural ending (VD: radii, stimuli))",kích thích (gốc từ) — i (unknown)
stockbreeder,noun,"a supply of goods that is available for sale in a shop + a particular type of animal that has been developed by people in a certain way, especially a type of dog, cat or farm animal | person who does; comparative","a supply of goods that is available for sale in a shop + a particular type of animal that has been developed by people in a certain way, especially a type of dog, cat or farm animal | người thực hiện; so sánh hơn"
stockier,noun,a supply of goods that is available for sale in a shop | having quality of; noun/adjective | person who does; comparative,a supply of goods that is available for sale in a shop | cóĩ·· tính chất của; danh từ/t tính từ | người thực hiện; so sánh hơn
stockiness,noun,a supply of goods that is available for sale in a shop | having quality of; noun/adjective | state or quality of (noun,a supply of goods that is available for sale in a shop | cóĩ·· tính chất của; danh từ/t tính từ | trạng thái hoặc tính chất của (danh từ
stonebreaker,noun,"a hard solid mineral substance that is found in the ground, often used for building + a short period of time when you stop what you are doing and rest, eat, etc. | person who does; comparative","a hard solid mineral substance that is found in the ground, often used for building + a short period of time when you stop what you are doing and rest, eat, etc. | người thực hiện; so sánh hơn"
stonier,noun,"a hard solid mineral substance that is found in the ground, often used for building | having quality of; noun/adjective | person who does; comparative","a hard solid mineral substance that is found in the ground, often used for building | cóĩ·· tính chất của; danh từ/t tính từ | người thực hiện; so sánh hơn"
stoniest,adjective,"a hard solid mineral substance that is found in the ground, often used for building | having quality of; noun/adjective | superlative","a hard solid mineral substance that is found in the ground, often used for building | cóĩ·· tính chất của; danh từ/t tính từ | so sánh nhất"
stormier,noun,"very bad weather with strong winds and rain, and often thunder and lightning | having quality of; noun/adjective | person who does; comparative","very bad weather with strong winds and rain, and often thunder and lightning | cóĩ·· tính chất của; danh từ/t tính từ | người thực hiện; so sánh hơn"
stormiest,adjective,"very bad weather with strong winds and rain, and often thunder and lightning | having quality of; noun/adjective | superlative","very bad weather with strong winds and rain, and often thunder and lightning | cóĩ·· tính chất của; danh từ/t tính từ | so sánh nhất"
straighter,noun,without a bend or curve; going in one direction only | person who does; comparative,khong có a bend or curve; going in one direction only | người thực hiện; so sánh hơn
straightest,adjective,without a bend or curve; going in one direction only | superlative,khong có a bend or curve; going in one direction only | so sánh nhất
strangest,adjective,"unusual or surprising, especially in a way that is difficult to understand | superlative","unusual or surprising, especially in a way that is difficult to understand | so sánh nhất"
streamside,noun,"a small, narrow river + either of the two halves of a surface, an object or an area that is divided by an imaginary central line","a nhỏ, narrow river + either of the two halves of a surface, an object or an area that is divided by an imaginary central line"
stretchier,noun,"an area of land or water, especially a long one | having quality of; noun/adjective | person who does; comparative","an area of land or water, especially a long one | cóĩ·· tính chất của; danh từ/t tính từ | người thực hiện; so sánh hơn"
stretchiest,adjective,"an area of land or water, especially a long one | having quality of; noun/adjective | superlative","an area of land or water, especially a long one | cóĩ·· tính chất của; danh từ/t tính từ | so sánh nhất"
stricter,noun,that must be obeyed exactly | person who does; comparative,that must be obeyed exactly | người thực hiện; so sánh hơn
strictest,adjective,that must be obeyed exactly | superlative,that must be obeyed exactly | so sánh nhất
stringier,noun,"long, thin material used for tying things together, made of several threads that have been twisted together; a piece of string used to fasten or pull something or keep something in place | having quality of; noun/adjective | person who does; comparative","long, thin material used for tying things cung nhau, made of several threads that have been twisted cung nhau; a piece of string used to fasten or pull something or keep something in place | cóĩ·· tính chất của; danh từ/t tính từ | người thực hiện; so sánh hơn"
stringiest,adjective,"long, thin material used for tying things together, made of several threads that have been twisted together; a piece of string used to fasten or pull something or keep something in place | having quality of; noun/adjective | superlative","long, thin material used for tying things cung nhau, made of several threads that have been twisted cung nhau; a piece of string used to fasten or pull something or keep something in place | cóĩ·· tính chất của; danh từ/t tính từ | so sánh nhất"
strongarm,adjective,"having a lot of physical power so that you can lift heavy weights, do hard physical work, etc. + either of the two long parts that stick out from the top of the body and connect the shoulders to the hands","having a lot of physical power so that you can lift heavy weights, do hard physical work, etc. + either of the two long parts that stick out from the top of the body and connect the shoulders to the hands"
strongarm,verb,"to force or coerce someone by using strength, threats, or intimidation.",dùng vũ lực hoặc đe dọa để ép buộc ai đó.
stronger,noun,"having a lot of physical power so that you can lift heavy weights, do hard physical work, etc. | person who does; comparative","having a lot of physical power so that you can lift heavy weights, do hard physical work, etc. | người thực hiện; so sánh hơn"
strongest,adjective,"having a lot of physical power so that you can lift heavy weights, do hard physical work, etc. | superlative","having a lot of physical power so that you can lift heavy weights, do hard physical work, etc. | so sánh nhất"
strongrooms,adjective,"having a lot of physical power so that you can lift heavy weights, do hard physical work, etc. + a part of a building that has its own walls, floor and ceiling and is usually used for a particular purpose","having a lot of physical power so that you can lift heavy weights, do hard physical work, etc. + a part of a building that has its own walls, floor and ceiling and is usually used for a particular purpose"
stuffier,noun,"used to refer to a substance, material, group of objects, etc. when you do not know the name, when the name is not important or when it is obvious what you are talking about | having quality of; noun/adjective | person who does; comparative","used to refer to a substance, material, group of objects, etc. when you do not know the name, when the name is not important or when it is obvious what you are talking about | cóĩ·· tính chất của; danh từ/t tính từ | người thực hiện; so sánh hơn"
stuffiest,adjective,"used to refer to a substance, material, group of objects, etc. when you do not know the name, when the name is not important or when it is obvious what you are talking about | having quality of; noun/adjective | superlative","used to refer to a substance, material, group of objects, etc. when you do not know the name, when the name is not important or when it is obvious what you are talking about | cóĩ·· tính chất của; danh từ/t tính từ | so sánh nhất"
stupider,noun,showing a lack of thought or good judgement | person who does; comparative,showing a lack of thought or good judgement | người thực hiện; so sánh hơn
stupidest,adjective,showing a lack of thought or good judgement | superlative,showing a lack of thought or good judgement | so sánh nhất
subfigures,noun,"under, below | a number representing a particular amount, especially one given in official information","under, below | a number representing a particular amount, especially one given in official information"
subgroups,noun,"under, below | a number of people or things that are together in the same place or that are connected in some way","under, below | a number of people or things that are cung nhau in the same place or that are connected in some way"
subhumanity,noun,"under, below | of or connected with people rather than animals, machines or gods | state or quality of (noun","under, below | of or connected with people rather than animals, machines or gods | trạng thái hoặc tính chất của (danh từ"
subjoined,verb,"under, below | to fix or connect two or more things together","under, below | to fix or connect two or more things cung nhau"
subparts,noun,"under, below | some but not all of a thing","under, below | some but not all of a thing"
subplot,noun,"under, below | the series of events that form the story of a novel, play, film, etc.","under, below | the series of events that form the story of a novel, play, film, etc."
subtler,noun,not very obvious or easy to notice | person who does; comparative,not very obvious or easy to notice | người thực hiện; so sánh hơn
subtlest,adjective,not very obvious or easy to notice | superlative,not very obvious or easy to notice | so sánh nhất
subtype,unknown,"sub-(under, below) + typo((không có định nghĩa trong Oxford 5000 - root này không phải headword độc lập))",sub — lỗi đánh máy (unknown)
successorship,noun,"a person or thing that comes after somebody/something else and takes their/its place | state, condition, skill (noun","a person or thing that comes after somebody/something else and takes their/its place | state, condition, skill (danh từ"
sugarier,noun,"a sweet substance, often in the form of white or brown crystals, made from the juices of various plants, used in cooking or to make tea, coffee, etc. sweeter | having quality of; noun/adjective | person who does; comparative","a sweet substance, often in the form of white or brown crystals, made from the juices of various plants, used in cooking or lam cho tea, coffee, etc. sweeter | cóĩ·· tính chất của; danh từ/t tính từ | người thực hiện; so sánh hơn"
sugariest,adjective,"a sweet substance, often in the form of white or brown crystals, made from the juices of various plants, used in cooking or to make tea, coffee, etc. sweeter | having quality of; noun/adjective | superlative","a sweet substance, often in the form of white or brown crystals, made from the juices of various plants, used in cooking or lam cho tea, coffee, etc. sweeter | cóĩ·· tính chất của; danh từ/t tính từ | so sánh nhất"
summerier,noun,"the warmest season of the year, coming between spring and autumn | having quality of; noun/adjective | person who does; comparative","the warmest season of the year, coming between spring and autumn | cóĩ·· tính chất của; danh từ/t tính từ | người thực hiện; so sánh hơn"
summeriest,adjective,"the warmest season of the year, coming between spring and autumn | having quality of; noun/adjective | superlative","the warmest season of the year, coming between spring and autumn | cóĩ·· tính chất của; danh từ/t tính từ | so sánh nhất"
sundeck,noun,the star that shines in the sky during the day and gives the earth heat and light + the top outside floor of a ship or boat,the star that shines in the sky during the day and gives the earth heat and light + the top outside floor of a ship or boat
sunnier,noun,the star that shines in the sky during the day and gives the earth heat and light | having quality of; noun/adjective | person who does; comparative,the star that shines in the sky during the day and gives the earth heat and light | cóĩ·· tính chất của; danh từ/t tính từ | người thực hiện; so sánh hơn
sunniest,adjective,the star that shines in the sky during the day and gives the earth heat and light | having quality of; noun/adjective | superlative,the star that shines in the sky during the day and gives the earth heat and light | cóĩ·· tính chất của; danh từ/t tính từ | so sánh nhất
sunshiny,adjective,the star that shines in the sky during the day and gives the earth heat and light + to produce or reflect light; to be bright | having quality of; noun/adjective,the star that shines in the sky during the day and gives the earth heat and light + to produce or reflect light; to be bright | cóĩ·· tính chất của; danh từ/t tính từ
superfluousness,noun,"above, beyond, extremely | a serious disease caused by a virus, that causes a high temperature, severe pains and weakness | having quality of (adjective | state or quality of (noun","above, beyond, extremely | a serious disease caused by a virus, that causes a high temperature, severe pains and weakness | cóĩ·· tính chất của (t tính từ | trạng thái hoặc tính chất của (danh từ"
superhighways,adjective,"above, beyond, extremely | measuring a long distance from the bottom to the top + very far; by a large amount","above, beyond, extremely | measuring a long distance from the bottom to the top + very far; by a large amount"
superposed,verb,"above, beyond, extremely | to create a threat, problem, etc. that has to be dealt with","above, beyond, extremely | to create a threat, problem, etc. that has to be dealt with"
suppressiveness,noun,"under, below (variant of sub-, before p | newspapers and magazines | tending to, having nature of (adjective | state or quality of (noun","under, below (variant of sub-, before p | newspapers and magazines | tending to, having nature of (t tính từ | trạng thái hoặc tính chất của (danh từ"
supranationalism,noun,"above, beyond, extremely | a country considered as a group of people with the same language, culture and history, who live in a particular area under one government | relating to (adjective | noun | belief, practice, condition (noun","above, beyond, extremely | a country considered as a group of people with the same language, culture and history, who live in a particular area under one government | li quan đến (t tính từ | danh từ | belief, practice, condition (danh từ"
surefire,adjective,"confident that you know something or that you are right + the flames, light and heat, and often smoke, that are produced when something burns","confident that you know something or that you are right + the flames, light and heat, and often smoke, that are produced when something burns"
surefootedly,adverb,"confident that you know something or that you are right + the lowest part of the leg, below the ankle, on which a person or an animal stands | adverb of manner / adjective (like","confident that you know something or that you are right + the lowest part of the leg, below the ankle, on which a person or an animal stands | trạng từ chỉ cách thức / t tính từ (like"
surefootedness,noun,"confident that you know something or that you are right + the lowest part of the leg, below the ankle, on which a person or an animal stands | state or quality of (noun","confident that you know something or that you are right + the lowest part of the leg, below the ankle, on which a person or an animal stands | trạng thái hoặc tính chất của (danh từ"
surer,noun,confident that you know something or that you are right | person who does; comparative,confident that you know something or that you are right | người thực hiện; so sánh hơn
surest,adjective,confident that you know something or that you are right | superlative,confident that you know something or that you are right | so sánh nhất
sweepstake,verb,"to clean a room, surface, etc. using a broom (= a type of brush on a long handle","to clean a room, surface, etc. using a broom (= a type of brush on a long handle"
sweepstake,noun,"a form of gambling, especially on a horse race, in which the money staked by all participants is divided among the winners.","một hình thức cá cược, đặc biệt trong đua ngựa, trong đó tiền đặt cược của tất cả người tham gia được chia cho người thắng cuộc."
sweeter,noun,"containing, or tasting as if it contains, a lot of sugar | person who does; comparative","containing, or tasting as if it contains, a lot of sugar | người thực hiện; so sánh hơn"
sweetest,adjective,"containing, or tasting as if it contains, a lot of sugar | superlative","containing, or tasting as if it contains, a lot of sugar | so sánh nhất"
swingingly,adverb,a swinging movement or rhythm | adverb of manner / adjective (like,a swinging movement or rhythm | trạng từ chỉ cách thức / t tính từ (like
switchable,adjective,a small device that you press or move up and down in order to turn a light or piece of electrical equipment on and off | capable of being (adjective,a nhỏ device that you press or move up and down in order to turn a light or piece of electrical equipment on and off | capable of being (t tính từ
switchback,noun,a small device that you press or move up and down in order to turn a light or piece of electrical equipment on and off + located behind or at the back of something,a nhỏ device that you press or move up and down in order to turn a light or piece of electrical equipment on and off + located behind or at the back of something
switchgear,noun,a small device that you press or move up and down in order to turn a light or piece of electrical equipment on and off + equipment in a vehicle that changes the relation between engine speed (or pedal speed on a bicycle,a nhỏ device that you press or move up and down in order to turn a light or piece of electrical equipment on and off + equipment in a vehicle that changes the relation between engine speed (or pedal speed on a bicycle
switchover,noun,"a small device that you press or move up and down in order to turn a light or piece of electrical equipment on and off + across a street, an open space, etc.","a nhỏ device that you press or move up and down in order to turn a light or piece of electrical equipment on and off + across a street, an open space, etc."
swordstick,noun,a weapon with a long metal blade (= sharp cutting part,a weapon with a long metal blade (= sharp cutting part
sympathizingly,adverb,"together, with (variant of syn- before b/m/p | (không có định nghĩa trong Oxford 5000 - root này không phải headword độc lập | to make, to become (verb | adverb of manner / adjective (like","cung nhau, with (variant of syn- before b/m/p | (không có định nghĩa trong Oxford 5000 - root này không phải headword độc lập | lam cho, trở thành (động từ | trạng từ chỉ cách thức / t tính từ (like"
systematical,adjective,an organized set of ideas or theories or a particular way of doing something | relating to (adjective | relating to (adjective | noun,an organized set of ideas or theories or a particular way of doing something | li quan đến (t tính từ | li quan đến (t tính từ | danh từ
taller,noun,having a greater than average height | person who does; comparative,having a greater than average height | người thực hiện; so sánh hơn
tallest,adjective,having a greater than average height | superlative,having a greater than average height | so sánh nhất
tastier,noun,the particular quality that different foods and drinks have that allows you to recognize them when you put them in your mouth | having quality of; noun/adjective | person who does; comparative,the particular quality that different foods and drinks have that allows you to recognize them when you put them in your mouth | cóĩ·· tính chất của; danh từ/t tính từ | người thực hiện; so sánh hơn
tastiest,adjective,the particular quality that different foods and drinks have that allows you to recognize them when you put them in your mouth | having quality of; noun/adjective | superlative,the particular quality that different foods and drinks have that allows you to recognize them when you put them in your mouth | cóĩ·· tính chất của; danh từ/t tính từ | so sánh nhất
teabag,noun,the dried leaves (called tea leaves,the dried leaves (called tea leaves
teabags,unknown,"tea+bag(the dried leaves (called tea leaves) of the tea bush + a container made of cloth, leather, plastic or paper, used to carry things in, especially when shopping or travelling) + -z(z)",trà + túi — z (unknown)
tealeaf,noun,the dried leaves (called tea leaves,the dried leaves (called tea leaves
tealeaves,noun,the dried leaves (called tea leaves,the dried leaves (called tea leaves
tearlessly,adverb,a hole that has been made in something by tearing | without (adjective | adverb of manner / adjective (like,a hole that has been made in something by tearing | khong có (t tính từ | trạng từ chỉ cách thức / t tính từ (like
teenier,noun,(không có định nghĩa trong Oxford 5000 - root này không phải headword độc lập | having quality of; noun/adjective | person who does; comparative,(không có định nghĩa trong Oxford 5000 - root này không phải headword độc lập | cóĩ·· tính chất của; danh từ/t tính từ | người thực hiện; so sánh hơn
teeniest,adjective,(không có định nghĩa trong Oxford 5000 - root này không phải headword độc lập | having quality of; noun/adjective | superlative,(không có định nghĩa trong Oxford 5000 - root này không phải headword độc lập | cóĩ·· tính chất của; danh từ/t tính từ | so sánh nhất
telstar,noun,tel | a large ball of burning gas in space that we see as a point of light in the sky at night,tel | a large ball of burning gas in space that we see as a point of light in the sky at night
tenderer,noun,"kind, gentle and loving | person who does; comparative","kind, gentle and loving | người thực hiện; so sánh hơn"
tenderer,adjective,"More tender, gentle, or sensitive than something else (comparative form of ""tender"").","Mềm mại, dịu dàng hoặc nhạy cảm hơn (dạng so sánh hơn của ""tender"")."
tenderest,adjective,"kind, gentle and loving | superlative","kind, gentle and loving | so sánh nhất"
tenderheartedly,adverb,"kind, gentle and loving + the organ in the chest that sends blood around the body, usually on the left in humans | adverb of manner / adjective (like","kind, gentle and loving + the organ in the chest that sends blood around the body, usually on the left in humans | trạng từ chỉ cách thức / t tính từ (like"
tenspot,number,ten+spot(10 + a small round area that has a different colour or feels different from the surface it is on),tờ bài hoặc tờ tiền mệnh giá mười
testators,noun,"an examination of somebody’s knowledge or ability, consisting of questions for them to answer or activities for them to perform | to make/become (verb | adjective | person/thing that does (noun","an examination of somebody’s knowledge or ability, consisting of questions for them to answer or activities for them to perform | lam cho/become (động từ | t tính từ | person/vật thực hiện (danh từ"
thanklessly,adverb,to tell somebody that you are grateful for something | without (adjective | adverb of manner / adjective (like,to tell somebody that you are grateful for something | khong có (t tính từ | trạng từ chỉ cách thức / t tính từ (like
thanklessness,noun,to tell somebody that you are grateful for something | without (adjective | state or quality of (noun,to tell somebody that you are grateful for something | khong có (t tính từ | trạng thái hoặc tính chất của (danh từ
theatergoing,unknown,theater+go((không có định nghĩa trong Oxford 5000 - root này không phải headword độc lập) + a person’s turn to move or play in a game or an activity),nhà hát + đi (unknown)
thereupon,adverb,used to show that something exists or happens + (không có định nghĩa trong Oxford 5000 - root này không phải headword độc lập,used to show that something exists or happens + (không có định nghĩa trong Oxford 5000 - root này không phải headword độc lập
thicker,noun,having a larger distance between opposite sides or surfaces than other similar objects or than normal | person who does; comparative,having a larger distance between opposite sides or surfaces than other similar objects or than normal | người thực hiện; so sánh hơn
thickest,adjective,having a larger distance between opposite sides or surfaces than other similar objects or than normal | superlative,having a larger distance between opposite sides or surfaces than other similar objects or than normal | so sánh nhất
thinnest,adjective,having a smaller distance between opposite sides or surfaces than other similar objects or than normal | superlative,having a smaller distance between opposite sides or surfaces than other similar objects or than normal | so sánh nhất
thirteens,number,three+teen(3 + (không có định nghĩa trong Oxford 5000 - root này không phải headword độc lập)),số mười ba (số nhiều)
thirteenths,noun,"3 + (không có định nghĩa trong Oxford 5000 - root này không phải headword độc lập | ordinal number / state (noun, VD: eighth, warmth","3 + (không có định nghĩa trong Oxford 5000 - root này không phải headword độc lập | ordinal number / state (danh từ, VD: eighth, warmth"
thrillingly,adverb,(không có định nghĩa trong Oxford 5000 - root này không phải headword độc lập | adverb of manner / adjective (like,(không có định nghĩa trong Oxford 5000 - root này không phải headword độc lập | trạng từ chỉ cách thức / t tính từ (like
throatier,noun,a passage in the neck through which food and air pass on their way into the body; the front part of the neck | having quality of; noun/adjective | person who does; comparative,a passage in the neck through which food and air pass on their way into the body; the front part of the neck | cóĩ·· tính chất của; danh từ/t tính từ | người thực hiện; so sánh hơn
throatily,adverb,a passage in the neck through which food and air pass on their way into the body; the front part of the neck | having quality of; noun/adjective | adverb of manner / adjective (like,a passage in the neck through which food and air pass on their way into the body; the front part of the neck | cóĩ·· tính chất của; danh từ/t tính từ | trạng từ chỉ cách thức / t tính từ (like
throatiness,noun,a passage in the neck through which food and air pass on their way into the body; the front part of the neck | having quality of; noun/adjective | state or quality of (noun,a passage in the neck through which food and air pass on their way into the body; the front part of the neck | cóĩ·· tính chất của; danh từ/t tính từ | trạng thái hoặc tính chất của (danh từ
tidelands,noun,"a regular rise and fall in the level of the sea, caused by the pull of the moon and sun; the flow of water that happens as the sea rises and falls + the surface of the earth that is not sea","a regular rise and fall in the level of the sea, caused by the pull of the moon and sun; the flow of water that happens as the sea rises and falls + the surface of the earth that is not sea"
tidier,noun,arranged neatly and with everything in order | person who does; comparative,arranged neatly and with everything in order | người thực hiện; so sánh hơn
tidiest,adjective,arranged neatly and with everything in order | superlative,arranged neatly and with everything in order | so sánh nhất
tiebreak,noun,"a long, narrow piece of cloth worn around the neck, especially by men, with a knot in front + a short period of time when you stop what you are doing and rest, eat, etc.","a long, narrow piece of cloth worn around the neck, especially by men, with a knot in front + a short period of time when you stop what you are doing and rest, eat, etc."
tightest,adjective,"held or fixed in position securely; difficult to move, open or separate | superlative","held or fixed in position securely; difficult to move, open or separate | so sánh nhất"
timberlands,noun,trees that are grown to be used in building or for making things + the surface of the earth that is not sea,trees that are grown to be used in building or for making things + the surface of the earth that is not sea
timelier,noun,"what is measured in minutes, hours, days, etc. | adverb of manner / adjective (like | person who does; comparative","what is measured in minutes, hours, days, etc. | trạng từ chỉ cách thức / t tính từ (like | người thực hiện; so sánh hơn"
timeliest,adjective,"what is measured in minutes, hours, days, etc. | adverb of manner / adjective (like | superlative","what is measured in minutes, hours, days, etc. | trạng từ chỉ cách thức / t tính từ (like | so sánh nhất"
tinier,noun,very small in size or amount | person who does; comparative,very nhỏ in size or amount | người thực hiện; so sánh hơn
tiniest,adjective,very small in size or amount | superlative,very nhỏ in size or amount | so sánh nhất
tinnier,noun,a metal container in which food is sold; the contents of one of these containers | having quality of; noun/adjective | person who does; comparative,a metal container in which food is sold; the contents of one of these containers | cóĩ·· tính chất của; danh từ/t tính từ | người thực hiện; so sánh hơn
tinniest,adjective,a metal container in which food is sold; the contents of one of these containers | having quality of; noun/adjective | superlative,a metal container in which food is sold; the contents of one of these containers | cóĩ·· tính chất của; danh từ/t tính từ | so sánh nhất
tipoff,noun,a small piece of advice about something practical + used to say that something has been removed or become separated,a nhỏ piece of advice about something practical + used to say that something has been removed or become separated
titleholder,noun,"the name of a book, poem, painting, piece of music, etc. + the action of holding somebody/something; the way you are holding somebody/something | person who does; comparative","the name of a book, poem, painting, piece of music, etc. + the hanh động of holding somebody/something; the way you are holding somebody/something | người thực hiện; so sánh hơn"
today'll,unknown,to+day(used to show purpose or intention + a period of 24 hours) + -ll(ll),đến + ngày — ll (unknown)
toiletries,adjective,"a large bowl attached to a pipe that you sit on or stand over when you get rid of waste matter from your body | relating to, place for (adjective/noun","a large bowl attached to a pipe that you sit on or stand over when you get rid of waste matter from your body | li quan đến, place for (t tính từ/danh từ"
tonally,adverb,"a unit for measuring weight, in the UK 2 240 pounds (long ton | short ton | adverb of manner / adjective (like","a unit for measuring weight, in the UK 2 240 pounds (long ton | short ton | trạng từ chỉ cách thức / t tính từ (like"
toothier,noun,any of the hard white structures in the mouth used for biting food | having quality of; noun/adjective | person who does; comparative,any of the hard white structures in the mouth used for biting food | cóĩ·· tính chất của; danh từ/t tính từ | người thực hiện; so sánh hơn
toothiest,adjective,any of the hard white structures in the mouth used for biting food | having quality of; noun/adjective | superlative,any of the hard white structures in the mouth used for biting food | cóĩ·· tính chất của; danh từ/t tính từ | so sánh nhất
touchier,noun,the sense that enables you to be aware of things and what they are like when you put your hands and fingers on them | having quality of; noun/adjective | person who does; comparative,the sense that enables you to be aware of things and what they are like when you put your hands and fingers on them | cóĩ·· tính chất của; danh từ/t tính từ | người thực hiện; so sánh hơn
touchiest,adjective,the sense that enables you to be aware of things and what they are like when you put your hands and fingers on them | having quality of; noun/adjective | superlative,the sense that enables you to be aware of things and what they are like when you put your hands and fingers on them | cóĩ·· tính chất của; danh từ/t tính từ | so sánh nhất
tougher,noun,having or causing problems or difficulties | person who does; comparative,having or causing problems or difficulties | người thực hiện; so sánh hơn
toughest,adjective,having or causing problems or difficulties | superlative,having or causing problems or difficulties | so sánh nhất
townswoman,noun,"a place with many houses, shops, etc. where people live and work. It is larger than a village but smaller than a city. + an adult female human","a place with many houses, shops, etc. where people live and work. It is larger than a village but smaller than a city. + an adult nữ human"
tracksuit,noun,rails (= metal bars,rails (= metal bars
traditionalized,verb,"a belief, custom or way of doing something that has existed for a long time among a particular group of people; a set of these beliefs or customs | relating to (adjective | noun | to make, to become (verb","a belief, custom or way of doing something that has existed for a long time among a particular group of people; a set of these beliefs or customs | li quan đến (t tính từ | danh từ | lam cho, trở thành (động từ"
traineeships,noun,"a number of connected coaches or trucks, pulled by an engine or powered by a motor in each one, taking people and goods from one place to another | person who receives/undergoes action (noun | state, condition, skill (noun","a number of connected coaches or trucks, pulled by an engine or powered by a motor in each one, taking people and goods from one place to another | person who receives/undergoes hanh động (danh từ | state, condition, skill (danh từ"
traumatically,adverb,"a mental condition caused by severe shock, stress or fear, especially when the harmful effects last for a long time | relating to (adjective | adverb of manner / adjective (like","a mental condition caused by severe shock, stress or fear, especially when the harmful effects last for a long time | li quan đến (t tính từ | trạng từ chỉ cách thức / t tính từ (like"
travelsick,noun,the act or activity of travelling + physically or mentally ill,the act or activity of travelling + physically or mentally ill
treetops,noun,"a tall plant that can live a long time. Trees have a thick central wooden trunk from which branches grow, usually with leaves on them + highest in position","a tall plant that can live a long time. Trees have a thick central wooden trunk from which branches grow, usually with leaves on them + highest in position"
trendier,noun,a general direction in which a situation is changing or developing | having quality of; noun/adjective | person who does; comparative,a general direction in which a situation is changing or developing | cóĩ·· tính chất của; danh từ/t tính từ | người thực hiện; so sánh hơn
trendiest,adjective,a general direction in which a situation is changing or developing | having quality of; noun/adjective | superlative,a general direction in which a situation is changing or developing | cóĩ·· tính chất của; danh từ/t tính từ | so sánh nhất
trendiness,noun,a general direction in which a situation is changing or developing | having quality of; noun/adjective | state or quality of (noun,a general direction in which a situation is changing or developing | cóĩ·· tính chất của; danh từ/t tính từ | trạng thái hoặc tính chất của (danh từ
trendsetter,noun,a general direction in which a situation is changing or developing + a group of similar things that belong together in some way | person who does; comparative,a general direction in which a situation is changing or developing + a group of similar things that belong cung nhau in some way | người thực hiện; so sánh hơn
trickier,noun,"something that you do to make somebody believe something that is not true, or to annoy somebody as a joke | having quality of; noun/adjective | person who does; comparative","something that you do lam cho somebody believe something that is not true, or to annoy somebody as a joke | cóĩ·· tính chất của; danh từ/t tính từ | người thực hiện; so sánh hơn"
trickiest,adjective,"something that you do to make somebody believe something that is not true, or to annoy somebody as a joke | having quality of; noun/adjective | superlative","something that you do lam cho somebody believe something that is not true, or to annoy somebody as a joke | cóĩ·· tính chất của; danh từ/t tính từ | so sánh nhất"
tripwire,noun,"a journey to a place and back again, especially a short one for pleasure or a particular purpose + metal in the form of thin thread; a piece of this","a journey to a place and back again, especially a short one for pleasure or a particular purpose + metal in the form of thin thread; a piece of this"
troopships,noun,"soldiers, especially in large groups + a large boat that carries people or goods by sea","soldiers, especially in large groups + a large boat that carries people or goods by sea"
truer,noun,connected with facts rather than things that have been invented or guessed | person who does; comparative,connected with facts rather than things that have been invented or guessed | người thực hiện; so sánh hơn
truest,adjective,connected with facts rather than things that have been invented or guessed | superlative,connected with facts rather than things that have been invented or guessed | so sánh nhất
trustier,noun,"the belief that somebody/something is good, sincere, honest, etc. and will not try to harm or trick you | having quality of; noun/adjective | person who does; comparative","the belief that somebody/something is good, sincere, honest, etc. and will not try to harm or trick you | cóĩ·· tính chất của; danh từ/t tính từ | người thực hiện; so sánh hơn"
trustiest,adjective,"the belief that somebody/something is good, sincere, honest, etc. and will not try to harm or trick you | having quality of; noun/adjective | superlative","the belief that somebody/something is good, sincere, honest, etc. and will not try to harm or trick you | cóĩ·· tính chất của; danh từ/t tính từ | so sánh nhất"
tubbier,noun,"a long, hollow pipe made of metal, plastic, rubber, etc., through which liquids or gases move from one place to another | having quality of; noun/adjective | person who does; comparative","a long, hollow pipe made of metal, plastic, rubber, etc., through which liquids or gases move from one place to another | cóĩ·· tính chất của; danh từ/t tính từ | người thực hiện; so sánh hơn"
tubbiest,adjective,"a long, hollow pipe made of metal, plastic, rubber, etc., through which liquids or gases move from one place to another | having quality of; noun/adjective | superlative","a long, hollow pipe made of metal, plastic, rubber, etc., through which liquids or gases move from one place to another | cóĩ·· tính chất của; danh từ/t tính từ | so sánh nhất"
tubules,noun,"a long, hollow pipe made of metal, plastic, rubber, etc., through which liquids or gases move from one place to another | small (diminutive noun","a long, hollow pipe made of metal, plastic, rubber, etc., through which liquids or gases move from one place to another | nhỏ (diminutive danh từ"
tunneller,noun,"a passage built underground, for example to allow a road or railway to go through a hill, under a river, etc. | person who does; comparative","a passage built underground, for example to allow a road or railway to go through a hill, under a river, etc. | người thực hiện; so sánh hơn"
twistier,noun,"the action of turning something with your hand, or of turning a part of your body | having quality of; noun/adjective | person who does; comparative","the hanh động of turning something with your hand, or of turning a part of your body | cóĩ·· tính chất của; danh từ/t tính từ | người thực hiện; so sánh hơn"
twistiest,adjective,"the action of turning something with your hand, or of turning a part of your body | having quality of; noun/adjective | superlative","the hanh động of turning something with your hand, or of turning a part of your body | cóĩ·· tính chất của; danh từ/t tính từ | so sánh nhất"
twofaced,number,"two+face(2 + the front part of the head, where the eyes, nose and mouth are )",hai mặt; giả dối
tyburn,noun,"ty | an injury or a mark caused by fire, heat or acid","ty | an injury or a mark caused by fire, heat or acid"
typewritten,verb,(không có định nghĩa trong Oxford 5000 - root này không phải headword độc lập | to make (verb | adjective,(không có định nghĩa trong Oxford 5000 - root này không phải headword độc lập | lam cho (động từ | t tính từ
tyson,unknown,ty-(ty) + sono((không có định nghĩa trong Oxford 5000 - root này không phải headword độc lập)),ty — âm thanh (gốc từ) (unknown)
uglier,noun,unpleasant to look at | person who does; comparative,unpleasant to look at | người thực hiện; so sánh hơn
ugliest,adjective,unpleasant to look at | superlative,unpleasant to look at | so sánh nhất
unachieved,verb,"not, opposite of; reverse an action | to succeed in reaching a particular goal, status or standard, especially by making an effort for a long time","not, opposite of; reverse an hanh động | to succeed in reaching a particular goal, status or standard, especially by making an effort for a long time"
unadopted,verb,"not, opposite of; reverse an action | to take somebody else’s child into your family and become its legal parent(s","not, opposite of; reverse an hanh động | to take somebody else’s child into your family and become its legal parent(s"
unamused,unknown,"un-(not, opposite of; reverse an action) + amuse((không có định nghĩa trong Oxford 5000 - root này không phải headword độc lập))",không — làm vui thích (unknown)
unbidden,verb,"not, opposite of; reverse an action | an offer by a person or a company to pay a particular amount of money for something | to make (verb | adjective","not, opposite of; reverse an hanh động | an offer by a person or a company to pay a particular amount of money for something | lam cho (động từ | t tính từ"
unburned,noun,"not, opposite of; reverse an action | an injury or a mark caused by fire, heat or acid","not, opposite of; reverse an hanh động | an injury or a mark caused by fire, heat or acid"
uncalled,noun,"not, opposite of; reverse an action | the act of speaking to somebody on the phone","not, opposite of; reverse an hanh động | the act of speaking to somebody on the phone"
uncomforted,noun,"not, opposite of; reverse an action | the state of being physically relaxed and free from pain; the state of having a pleasant life, with everything that you need","not, opposite of; reverse an hanh động | the state of being physically relaxed and free from pain; the state of having a pleasant life, with everything that you need"
uncourageous,adjective,"not, opposite of; reverse an action | the ability to do something dangerous, or to face pain or opposition, without showing fear | having quality of (adjective","not, opposite of; reverse an hanh động | the ability to do something dangerous, or to face pain or opposition, khong có showing fear | cóĩ·· tính chất của (t tính từ"
uncrushable,adjective,"not, opposite of; reverse an action | to press something so hard that it is damaged or injured, or loses its shape | capable of being (adjective","not, opposite of; reverse an hanh động | to press something so hard that it is damaged or injured, or loses its shape | capable of being (t tính từ"
undecidedly,adverb,"not, opposite of; reverse an action | to think carefully about the different possibilities that are available and choose one of them | adverb of manner / adjective (like","not, opposite of; reverse an hanh động | to think carefully about the different possibilities that are available and choose one of them | trạng từ chỉ cách thức / t tính từ (like"
undecidedness,noun,"not, opposite of; reverse an action | to think carefully about the different possibilities that are available and choose one of them | state or quality of (noun","not, opposite of; reverse an hanh động | to think carefully about the different possibilities that are available and choose one of them | trạng thái hoặc tính chất của (danh từ"
underachievers,noun,"below, insufficient | to succeed in reaching a particular goal, status or standard, especially by making an effort for a long time | person who does; comparative","below, insufficient | to succeed in reaching a particular goal, status or standard, especially by making an effort for a long time | người thực hiện; so sánh hơn"
underbedding,noun,"below, insufficient | a piece of furniture for sleeping on","below, insufficient | a piece of furniture for sleeping on"
underfloor,noun,"below, insufficient | the surface of a room that you walk on","below, insufficient | the surface of a room that you walk on"
underhandedness,noun,"below, insufficient | the part of the body at the end of the arm, including the fingers and thumb | state or quality of (noun","below, insufficient | the part of the body at the end of the arm, including the fingers and thumb | trạng thái hoặc tính chất của (danh từ"
underlain,unknown,"under-(below, insufficient) + lay(to put somebody/something in a particular position, especially when it is done gently or carefully) + -n([INFLECTION] past-participle ending (VD: blown, drawn))","dưới / thiếu — đặt xuống, đẻ trứng — n (unknown)"
understocked,noun,"below, insufficient | a supply of goods that is available for sale in a shop","below, insufficient | a supply of goods that is available for sale in a shop"
undertaken,verb,"below, insufficient | to carry or move something from one place to another | to make (verb | adjective","below, insufficient | to carry or move something from one place to another | lam cho (động từ | t tính từ"
underwritten,verb,"below, insufficient | to make letters or numbers on a surface, especially using a pen or a pencil | to make (verb | adjective","below, insufficient | lam cho letters or numbers on a surface, especially using a pen or a pencil | lam cho (động từ | t tính từ"
unearthliness,noun,"not, opposite of; reverse an action | the world; the planet that we live on | adverb of manner / adjective (like | state or quality of (noun","not, opposite of; reverse an hanh động | the world; the planet that we live on | trạng từ chỉ cách thức / t tính từ (like | trạng thái hoặc tính chất của (danh từ"
uneasier,noun,"not, opposite of; reverse an action | lack of difficulty | having quality of; noun/adjective | person who does; comparative","not, opposite of; reverse an hanh động | lack of difficulty | cóĩ·· tính chất của; danh từ/t tính từ | người thực hiện; so sánh hơn"
uneasiest,adjective,"not, opposite of; reverse an action | lack of difficulty | having quality of; noun/adjective | superlative","not, opposite of; reverse an hanh động | lack of difficulty | cóĩ·· tính chất của; danh từ/t tính từ | so sánh nhất"
uneaten,verb,"not, opposite of; reverse an action | to put food in your mouth, bite it and swallow it | to make (verb | adjective","not, opposite of; reverse an hanh động | to put food in your mouth, bite it and swallow it | lam cho (động từ | t tính từ"
unexamined,verb,"not, opposite of; reverse an action | to consider or study an idea, a subject, etc. very carefully","not, opposite of; reverse an hanh động | to consider or study an idea, a subject, etc. very carefully"
unfired,noun,"not, opposite of; reverse an action | the flames, light and heat, and often smoke, that are produced when something burns","not, opposite of; reverse an hanh động | the flames, light and heat, and often smoke, that are produced when something burns"
unflaggingly,adverb,"not, opposite of; reverse an action | a piece of cloth with a special coloured design on it that may be the symbol of a particular country or organization, may be used to give a signal or may have a particular meaning. A flag can be attached to a pole (= a long thin straight piece of wood or metal | adverb of manner / adjective (like","not, opposite of; reverse an hanh động | a piece of cloth with a special coloured design on it that may be the symbol of a particular country or organization, may be used to give a signal or may have a particular meaning. A flag can be attached to a pole (= a long thin straight piece of wood or metal | trạng từ chỉ cách thức / t tính từ (like"
unhappier,noun,"not, opposite of; reverse an action | feeling or showing pleasure; pleased | person who does; comparative","not, opposite of; reverse an hanh động | feeling or showing pleasure; pleased | người thực hiện; so sánh hơn"
unhappiest,adjective,"not, opposite of; reverse an action | feeling or showing pleasure; pleased | superlative","not, opposite of; reverse an hanh động | feeling or showing pleasure; pleased | so sánh nhất"
unhealthier,noun,"not, opposite of; reverse an action | the condition of a person’s body or mind | having quality of; noun/adjective | person who does; comparative","not, opposite of; reverse an hanh động | the condition of a person’s body or mind | cóĩ·· tính chất của; danh từ/t tính từ | người thực hiện; so sánh hơn"
unhealthiest,adjective,"not, opposite of; reverse an action | the condition of a person’s body or mind | having quality of; noun/adjective | superlative","not, opposite of; reverse an hanh động | the condition of a person’s body or mind | cóĩ·· tính chất của; danh từ/t tính từ | so sánh nhất"
unhealthily,adverb,"not, opposite of; reverse an action | the condition of a person’s body or mind | having quality of; noun/adjective | adverb of manner / adjective (like","not, opposite of; reverse an hanh động | the condition of a person’s body or mind | cóĩ·· tính chất của; danh từ/t tính từ | trạng từ chỉ cách thức / t tính từ (like"
unkinder,noun,"not, opposite of; reverse an action | caring about others; gentle, friendly and generous | person who does; comparative","not, opposite of; reverse an hanh động | caring about others; gentle, friendly and generous | người thực hiện; so sánh hơn"
unkindest,adjective,"not, opposite of; reverse an action | caring about others; gentle, friendly and generous | superlative","not, opposite of; reverse an hanh động | caring about others; gentle, friendly and generous | so sánh nhất"
unlearnt,unknown,"un-(not, opposite of; reverse an action) + learn(to gain knowledge or skill by studying, from experience, from being taught, etc.) + -t([INFLECTION] irregular past-tense ending (VD: burnt, dealt) — not meaning-bearing)",không — học — t (unknown)
unlikelier,noun,"not, opposite of; reverse an action | the things that you like | adverb of manner / adjective (like | person who does; comparative","not, opposite of; reverse an hanh động | the things that you like | trạng từ chỉ cách thức / t tính từ (like | người thực hiện; so sánh hơn"
unlikeliest,adjective,"not, opposite of; reverse an action | the things that you like | adverb of manner / adjective (like | superlative","not, opposite of; reverse an hanh động | the things that you like | trạng từ chỉ cách thức / t tính từ (like | so sánh nhất"
unlinked,noun,"not, opposite of; reverse an action | a connection between two or more people or things","not, opposite of; reverse an hanh động | a connection between two or more people or things"
unmanaged,verb,"not, opposite of; reverse an action | to control or be in charge of a business, a team, an organization, land, etc.","not, opposite of; reverse an hanh động | to control or be in charge of a business, a team, an organization, land, etc."
unpadded,noun,"not, opposite of; reverse an action | a thick piece of soft material that is used, for example, for cleaning or protecting something or for holding liquid","not, opposite of; reverse an hanh động | a thick piece of soft material that is used, for example, for cleaning or protecting something or for holding liquid"
unpatronizing,verb,"not, opposite of; reverse an action | a person who gives money and support to artists and writers | to make, to become (verb","not, opposite of; reverse an hanh động | a person who gives money and support to artists and writers | lam cho, trở thành (động từ"
unpleased,exclamation,"un-(not, opposite of; reverse an action) + please(used as a polite way of asking for something or telling somebody to do something)",không — làm hài lòng (exclamation)
unputdownable,adjective,"not, opposite of; reverse an action | to move something into a particular place or position + to or at a lower place or position | capable of being (adjective","not, opposite of; reverse an hanh động | to move something into a particular place or position + to or at a lower place or position | capable of being (t tính từ"
unquote,noun,"not, opposite of; reverse an action | a group of words or a short piece of writing taken from a book, play, speech, etc. and repeated because it is interesting or useful","not, opposite of; reverse an hanh động | a group of words or a short piece of writing taken from a book, play, speech, etc. and repeated because it is interesting or useful"
unreasonableness,noun,"not, opposite of; reverse an action | a cause or an explanation for something that has happened or that somebody has done | capable of being (adjective | state or quality of (noun","not, opposite of; reverse an hanh động | a cause or an explanation for something that has happened or that somebody has done | capable of being (t tính từ | trạng thái hoặc tính chất của (danh từ"
unrelievedly,adverb,"not, opposite of; reverse an action | to remove or reduce an unpleasant feeling or pain | adverb of manner / adjective (like","not, opposite of; reverse an hanh động | to remove or reduce an unpleasant feeling or pain | trạng từ chỉ cách thức / t tính từ (like"
unrestrictedly,adverb,"again, back | not, opposite of; reverse an action | that must be obeyed exactly | adverb of manner / adjective (like","again, back | not, opposite of; reverse an hanh động | that must be obeyed exactly | trạng từ chỉ cách thức / t tính từ (like"
unrevealing,verb,"not, opposite of; reverse an action | to make something known to somebody","not, opposite of; reverse an hanh động | lam cho something known to somebody"
unripped,verb,"not, opposite of; reverse an action | to tear something or to become torn, often suddenly or violently","not, opposite of; reverse an hanh động | to tear something or trở thành torn, often suddenly or violently"
unrulier,noun,"not, opposite of; reverse an action | a statement of what may, must or must not be done in a particular situation or when playing a game | having quality of; noun/adjective | person who does; comparative","not, opposite of; reverse an hanh động | a statement of what may, must or must not be done in a particular situation or when playing a game | cóĩ·· tính chất của; danh từ/t tính từ | người thực hiện; so sánh hơn"
unruliest,adjective,"not, opposite of; reverse an action | a statement of what may, must or must not be done in a particular situation or when playing a game | having quality of; noun/adjective | superlative","not, opposite of; reverse an hanh động | a statement of what may, must or must not be done in a particular situation or when playing a game | cóĩ·· tính chất của; danh từ/t tính từ | so sánh nhất"
unseeingly,adverb,"not, opposite of; reverse an action | to become aware of somebody/something by using your eyes | adverb of manner / adjective (like","not, opposite of; reverse an hanh động | trở thành aware of somebody/something by using your eyes | trạng từ chỉ cách thức / t tính từ (like"
unshed,verb,"not, opposite of; reverse an action | to get rid of something that is no longer wanted","not, opposite of; reverse an hanh động | to get rid of something that is no longer wanted"
unsheltered,noun,"not, opposite of; reverse an action | the fact of having a place to live or stay, considered as a basic human need","not, opposite of; reverse an hanh động | the fact of having a place to live or stay, considered as a basic human need"
unstop,noun,"not, opposite of; reverse an action | a place where a bus or train stops regularly for passengers to get on or off","not, opposite of; reverse an hanh động | a place where a bus or train stops regularly for passengers to get on or off"
unstuffy,adjective,"not, opposite of; reverse an action | used to refer to a substance, material, group of objects, etc. when you do not know the name, when the name is not important or when it is obvious what you are talking about | having quality of; noun/adjective","not, opposite of; reverse an hanh động | used to refer to a substance, material, group of objects, etc. when you do not know the name, when the name is not important or when it is obvious what you are talking about | cóĩ·· tính chất của; danh từ/t tính từ"
untidier,noun,"not, opposite of; reverse an action | arranged neatly and with everything in order | person who does; comparative","not, opposite of; reverse an hanh động | arranged neatly and with everything in order | người thực hiện; so sánh hơn"
untidiest,adjective,"not, opposite of; reverse an action | arranged neatly and with everything in order | superlative","not, opposite of; reverse an hanh động | arranged neatly and with everything in order | so sánh nhất"
untiringly,adverb,"not, opposite of; reverse an action | (không có định nghĩa trong Oxford 5000 - root này không phải headword độc lập | adverb of manner / adjective (like","not, opposite of; reverse an hanh động | (không có định nghĩa trong Oxford 5000 - root này không phải headword độc lập | trạng từ chỉ cách thức / t tính từ (like"
untowardness,noun,"not, opposite of; reverse an action | (không có định nghĩa trong Oxford 5000 - root này không phải headword độc lập | state or quality of (noun","not, opposite of; reverse an hanh động | (không có định nghĩa trong Oxford 5000 - root này không phải headword độc lập | trạng thái hoặc tính chất của (danh từ"
unwound,noun,"not, opposite of; reverse an action | an injury to part of the body, especially one in which a hole is made in the skin using a weapon","not, opposite of; reverse an hanh động | an injury to part of the body, especially one in which a hole is made in the skin using a weapon"
uplands,noun,"upward, higher | the surface of the earth that is not sea","upward, higher | the surface of the earth that is not sea"
uprose,noun,"upward, higher | a flower with a sweet smell that grows on a bush with thorns (= sharp points","upward, higher | a flower with a sweet smell that grows on a bush with thorns (= sharp points"
upswing,noun,"upward, higher | a swinging movement or rhythm","upward, higher | a swinging movement or rhythm"
uptrend,noun,"upward, higher | a general direction in which a situation is changing or developing","upward, higher | a general direction in which a situation is changing or developing"
vaguer,noun,not clear in a person’s mind | person who does; comparative,not clear in a person’s mind | người thực hiện; so sánh hơn
vaguest,adjective,not clear in a person’s mind | superlative,not clear in a person’s mind | so sánh nhất
vaster,noun,"extremely large in area, size, amount, etc. | person who does; comparative","extremely large in area, size, amount, etc. | người thực hiện; so sánh hơn"
vastest,adjective,"extremely large in area, size, amount, etc. | superlative","extremely large in area, size, amount, etc. | so sánh nhất"
verier,noun,used to emphasize that you are talking about a particular thing or person and not about another | person who does; comparative,used to emphasize that you are talking about a particular thing or person and not about another | người thực hiện; so sánh hơn
veriest,adjective,used to emphasize that you are talking about a particular thing or person and not about another | superlative,used to emphasize that you are talking about a particular thing or person and not about another | so sánh nhất
viably,adjective,that can be done; that will be successful | having quality of; noun/adjective,that can be done; that will be successful | cóĩ·· tính chất của; danh từ/t tính từ
vicelike,noun,criminal activities that involve sex or drugs + the things that you like,criminal activities that involve sex or drugs + the things that you like
voluminously,adverb,the amount of space that an object or a substance fills; the amount of space that a container has | having quality of (adjective | adverb of manner / adjective (like,the amount of space that an object or a substance fills; the amount of space that a container has | cóĩ·· tính chất của (t tính từ | trạng từ chỉ cách thức / t tính từ (like
wakefully,adverb,to stop sleeping; to make somebody stop sleeping | full of (adjective | adverb of manner / adjective (like,to stop sleeping; lam cho somebody stop sleeping | full of (t tính từ | trạng từ chỉ cách thức / t tính từ (like
walkin,noun,"a journey on foot, usually for pleasure or exercise + into an object, an area or a substance","a journey on foot, usually for pleasure or exercise + into an object, an area or a substance"
walkin,adjective,"large enough to be walked into, or (of a business or service) usable without a prior appointment","đủ rộng để có thể bước vào bên trong, hoặc (về dịch vụ) có thể sử dụng mà không cần hẹn trước"
walkways,noun,"a journey on foot, usually for pleasure or exercise + very far; by a large amount","a journey on foot, usually for pleasure or exercise + very far; by a large amount"
wardresses,noun,"a situation in which two or more countries or groups of people fight against each other over a period of time + a piece of clothing that is made in one piece and hangs down to cover the body as far as the legs, sometimes reaching to below the knees, or to the ankles","a situation in which two or more countries or groups of people fight chống lại each other over a period of time + a piece of clothing that is made in one piece and hangs down to cover the body as far as the legs, sometimes reaching to below the knees, or to the ankles"
warfront,noun,a situation in which two or more countries or groups of people fight against each other over a period of time + on or at the front of something,a situation in which two or more countries or groups of people fight chống lại each other over a period of time + on or at the front of something
warmest,adjective,"at a fairly high temperature in a way that is pleasant, rather than being hot or cold | superlative","at a fairly high temperature in a way that is pleasant, rather than being hot or cold | so sánh nhất"
warmish,adjective,"at a fairly high temperature in a way that is pleasant, rather than being hot or cold | somewhat, having quality of (adjective","at a fairly high temperature in a way that is pleasant, rather than being hot or cold | somewhat, cóĩ·· tính chất của (t tính từ"
warmup,adjective,"at a fairly high temperature in a way that is pleasant, rather than being hot or cold + towards or in a higher position","at a fairly high temperature in a way that is pleasant, rather than being hot or cold + towards or in a higher position"
washier,noun,an act of cleaning somebody/something using water and usually soap | having quality of; noun/adjective | person who does; comparative,an act of cleaning somebody/something using water and usually soap | cóĩ·· tính chất của; danh từ/t tính từ | người thực hiện; so sánh hơn
waterbury,noun,"a liquid without colour, smell or taste that falls as rain, is in lakes, rivers and seas, and is used for drinking, washing, etc. + to place a dead body in the ground","a liquid khong có colour, smell or taste that falls as rain, is in lakes, rivers and seas, and is used for drinking, washing, etc. + to place a dead body in the ground"
waterflows,noun,"a liquid without colour, smell or taste that falls as rain, is in lakes, rivers and seas, and is used for drinking, washing, etc. + the steady and continuous movement of something/somebody in one direction","a liquid khong có colour, smell or taste that falls as rain, is in lakes, rivers and seas, and is used for drinking, washing, etc. + the steady and continuous movement of something/somebody in one direction"
waterier,noun,"a liquid without colour, smell or taste that falls as rain, is in lakes, rivers and seas, and is used for drinking, washing, etc. | having quality of; noun/adjective | person who does; comparative","a liquid khong có colour, smell or taste that falls as rain, is in lakes, rivers and seas, and is used for drinking, washing, etc. | cóĩ·· tính chất của; danh từ/t tính từ | người thực hiện; so sánh hơn"
wateriest,adjective,"a liquid without colour, smell or taste that falls as rain, is in lakes, rivers and seas, and is used for drinking, washing, etc. | having quality of; noun/adjective | superlative","a liquid khong có colour, smell or taste that falls as rain, is in lakes, rivers and seas, and is used for drinking, washing, etc. | cóĩ·· tính chất của; danh từ/t tính từ | so sánh nhất"
watermill,noun,"a liquid without colour, smell or taste that falls as rain, is in lakes, rivers and seas, and is used for drinking, washing, etc. + a building fitted with equipment for grinding grain into flour; a machine for grinding grain","a liquid khong có colour, smell or taste that falls as rain, is in lakes, rivers and seas, and is used for drinking, washing, etc. + a building fitted with equipment for grinding grain into flour; a machine for grinding grain"
watertable,noun,"a liquid without colour, smell or taste that falls as rain, is in lakes, rivers and seas, and is used for drinking, washing, etc. + a piece of furniture that consists of a flat top supported by legs","a liquid khong có colour, smell or taste that falls as rain, is in lakes, rivers and seas, and is used for drinking, washing, etc. + a piece of furniture that consists of a flat top supported by legs"
waterwings,noun,"a liquid without colour, smell or taste that falls as rain, is in lakes, rivers and seas, and is used for drinking, washing, etc. + one of the parts of the body of a bird, insect or bat that it uses for flying","a liquid khong có colour, smell or taste that falls as rain, is in lakes, rivers and seas, and is used for drinking, washing, etc. + one of the parts of the body of a bird, insect or bat that it uses for flying"
wavers,noun,"a raised line of water that moves across the surface of the sea, ocean, etc. | person who does; comparative","a raised line of water that moves across the surface of the sea, ocean, etc. | người thực hiện; so sánh hơn"
wavers,verb,"is indecisive or unsteady in purpose, opinion, or action; moves to and fro","do dự, dao động hoặc thiếu kiên định trong ý kiến hay hành động; lay động qua lại"
wavier,noun,"a raised line of water that moves across the surface of the sea, ocean, etc. | having quality of; noun/adjective | person who does; comparative","a raised line of water that moves across the surface of the sea, ocean, etc. | cóĩ·· tính chất của; danh từ/t tính từ | người thực hiện; so sánh hơn"
waviest,adjective,"a raised line of water that moves across the surface of the sea, ocean, etc. | having quality of; noun/adjective | superlative","a raised line of water that moves across the surface of the sea, ocean, etc. | cóĩ·· tính chất của; danh từ/t tính từ | so sánh nhất"
weaker,noun,not physically strong | person who does; comparative,not physically strong | người thực hiện; so sánh hơn
weakest,adjective,not physically strong | superlative,not physically strong | so sánh nhất
weaklier,noun,not physically strong | adverb of manner / adjective (like | person who does; comparative,not physically strong | trạng từ chỉ cách thức / t tính từ (like | người thực hiện; so sánh hơn
wealthier,noun,"a large amount of money, property, etc. that a person or country owns | having quality of; noun/adjective | person who does; comparative","a large amount of money, property, etc. that a person or country owns | cóĩ·· tính chất của; danh từ/t tính từ | người thực hiện; so sánh hơn"
wealthiest,adjective,"a large amount of money, property, etc. that a person or country owns | having quality of; noun/adjective | superlative","a large amount of money, property, etc. that a person or country owns | cóĩ·· tính chất của; danh từ/t tính từ | so sánh nhất"
weatherbeaten,verb,"the condition of the atmosphere at a particular place and time, such as the temperature, and if there is wind, rain, sun, etc. + a single hit to something, such as a drum, or a movement of something, such as your heart; the sound that this makes | to make (verb | adjective","the condition of the atmosphere at a particular place and time, such as the temperature, and if there is wind, rain, sun, etc. + a single hit to something, such as a drum, or a movement of something, such as your heart; the sound that this makes | lam cho (động từ | t tính từ"
weedier,noun,"a wild plant growing where it is not wanted, especially among crops or garden plants | having quality of; noun/adjective | person who does; comparative","a wild plant growing where it is not wanted, especially among crops or garden plants | cóĩ·· tính chất của; danh từ/t tính từ | người thực hiện; so sánh hơn"
weediest,adjective,"a wild plant growing where it is not wanted, especially among crops or garden plants | having quality of; noun/adjective | superlative","a wild plant growing where it is not wanted, especially among crops or garden plants | cóĩ·· tính chất của; danh từ/t tính từ | so sánh nhất"
weediness,noun,"a wild plant growing where it is not wanted, especially among crops or garden plants | having quality of; noun/adjective | state or quality of (noun","a wild plant growing where it is not wanted, especially among crops or garden plants | cóĩ·· tính chất của; danh từ/t tính từ | trạng thái hoặc tính chất của (danh từ"
weightier,noun,"to have a particular weight | [INFLECTION] irregular past-tense ending (VD: burnt, dealt | having quality of; noun/adjective | person who does; comparative","to have a particular weight | [INFLECTION] irregular past-tense ending (VD: burnt, dealt | cóĩ·· tính chất của; danh từ/t tính từ | người thực hiện; so sánh hơn"
weightiest,adjective,"to have a particular weight | [INFLECTION] irregular past-tense ending (VD: burnt, dealt | having quality of; noun/adjective | superlative","to have a particular weight | [INFLECTION] irregular past-tense ending (VD: burnt, dealt | cóĩ·· tính chất của; danh từ/t tính từ | so sánh nhất"
weightlessly,adverb,"to have a particular weight | [INFLECTION] irregular past-tense ending (VD: burnt, dealt | without (adjective | adverb of manner / adjective (like","to have a particular weight | [INFLECTION] irregular past-tense ending (VD: burnt, dealt | khong có (t tính từ | trạng từ chỉ cách thức / t tính từ (like"
weirder,noun,very strange or unusual and difficult to explain | person who does; comparative,very strange or unusual and difficult to explain | người thực hiện; so sánh hơn
weirdest,adjective,very strange or unusual and difficult to explain | superlative,very strange or unusual and difficult to explain | so sánh nhất
wellknown,unknown,"well+know(in good health + to have information in your mind as a result of experience or because you have learned or been told it) + -n([INFLECTION] past-participle ending (VD: blown, drawn))","tốt, giếng nước + biết — n (unknown)"
wetlands,adjective,"covered with or containing liquid, especially water + the surface of the earth that is not sea","covered with or containing liquid, especially water + the surface of the earth that is not sea"
wetly,adverb,"covered with or containing liquid, especially water | adverb of manner / adjective (like","covered with or containing liquid, especially water | trạng từ chỉ cách thức / t tính từ (like"
wettest,adjective,"covered with or containing liquid, especially water | superlative","covered with or containing liquid, especially water | so sánh nhất"
whereat,adverb,in or to what place or situation + used to say where something/somebody is or where something happens,in or to what place or situation + used to say where something/somebody is or where something happens
wherein,adverb,"in or to what place or situation + into an object, an area or a substance","in or to what place or situation + into an object, an area or a substance"
whereof,adverb,in or to what place or situation + belonging to somebody; relating to somebody,in or to what place or situation + belonging to somebody; li quan đến somebody
whereon,adverb,in or to what place or situation + on somebody’s body; being worn,in or to what place or situation + on somebody’s body; being worn
whichever,determiner,"which+ever(used in questions to ask somebody to be exact about one or more people or things from a limited number + used in negative sentences and questions, or sentences with if to mean ‘at any time’)",bất cứ cái nào; cái nào đi nữa
whichsoever,determiner,"which+so+ever(used in questions to ask somebody to be exact about one or more people or things from a limited number + to such a great degree + used in negative sentences and questions, or sentences with if to mean ‘at any time’)",bất cứ cái nào
whippier,noun,"to hit a person or an animal hard with a whip, as a punishment or to make them go faster or work harder | having quality of; noun/adjective | person who does; comparative","to hit a person or an animal hard with a whip, as a punishment or lam cho them go faster or work harder | cóĩ·· tính chất của; danh từ/t tính từ | người thực hiện; so sánh hơn"
whitehaired,adjective,having the colour of fresh snow or of milk + the substance that looks like a mass of fine threads growing on a person's head,having the colour of fresh snow or of milk + the substance that looks like a mass of fine threads growing on a person's head
whitehall,adjective,having the colour of fresh snow or of milk + a space or passage inside the entrance or front door of a building,having the colour of fresh snow or of milk + a space or passage inside the entrance or front door of a building
whiter,noun,having the colour of fresh snow or of milk | person who does; comparative,having the colour of fresh snow or of milk | người thực hiện; so sánh hơn
whitest,adjective,having the colour of fresh snow or of milk | superlative,having the colour of fresh snow or of milk | so sánh nhất
whomever,pronoun,"whom+ever(used instead of ‘who’ as the object of a verb or preposition + used in negative sentences and questions, or sentences with if to mean ‘at any time’)",bất cứ ai (làm tân ngữ)
widener,noun,measuring a large distance from one side to the other | to make (verb | adjective | person who does; comparative,measuring a large distance from one side to the other | lam cho (động từ | t tính từ | người thực hiện; so sánh hơn
wider,noun,measuring a large distance from one side to the other | person who does; comparative,measuring a large distance from one side to the other | người thực hiện; so sánh hơn
widest,adjective,measuring a large distance from one side to the other | superlative,measuring a large distance from one side to the other | so sánh nhất
widthwise,adverb,the measurement from one side of something to the other; how wide something is | in the manner of; direction,the measurement from one side of something to the other; how wide something is | in the manner of; direction
wifelier,noun,the woman that somebody is married to; a married woman | adverb of manner / adjective (like | person who does; comparative,the woman that somebody is married to; a married woman | trạng từ chỉ cách thức / t tính từ (like | người thực hiện; so sánh hơn
wildest,adjective,living or growing in natural conditions; not kept in a house or on a farm | superlative,living or growing in natural conditions; not kept in a house or on a farm | so sánh nhất
willie,noun,"the ability to control your thoughts and actions in order to achieve what you want to do; a strong and determined desire to do something that you want to do | small, informal/affectionate (diminutive noun, VD: robbie, billie","the ability to control your thoughts and actions in order to achieve what you want to do; a strong and determined desire to do something that you want to do | nhỏ, informal/affectionate (diminutive danh từ, VD: robbie, billie"
windier,noun,(không có định nghĩa trong Oxford 5000 - root này không phải headword độc lập | having quality of; noun/adjective | person who does; comparative,(không có định nghĩa trong Oxford 5000 - root này không phải headword độc lập | cóĩ·· tính chất của; danh từ/t tính từ | người thực hiện; so sánh hơn
windiest,adjective,(không có định nghĩa trong Oxford 5000 - root này không phải headword độc lập | having quality of; noun/adjective | superlative,(không có định nghĩa trong Oxford 5000 - root này không phải headword độc lập | cóĩ·· tính chất của; danh từ/t tính từ | so sánh nhất
winehead,noun,"an alcoholic drink made from the juice of grapes that has been left to ferment. There are many different kinds of wine. + the part of the body on top of the neck containing the eyes, nose, mouth and brain","an alcoholic drink made from the juice of grapes that has been left to ferment. There are many different kinds of wine. + the part of the body on top of the neck containing the eyes, nose, mouth and brain"
winos,unknown,"wine(an alcoholic drink made from the juice of grapes that has been left to ferment. There are many different kinds of wine.) + -o([VARIANT] informal/loanword noun ending (VD: commando, weirdo))",rượu vang — o (unknown)
winthrop,unknown,"win(a victory in a game, contest, etc.) + -throp(throp)",chiến thắng — throp (unknown)
wintrier,noun,"the coldest season of the year, between autumn and spring | having quality of; noun/adjective | person who does; comparative","the coldest season of the year, between autumn and spring | cóĩ·· tính chất của; danh từ/t tính từ | người thực hiện; so sánh hơn"
wintriest,adjective,"the coldest season of the year, between autumn and spring | having quality of; noun/adjective | superlative","the coldest season of the year, between autumn and spring | cóĩ·· tính chất của; danh từ/t tính từ | so sánh nhất"
wirecutters,noun,metal in the form of thin thread; a piece of this + a wound caused by something sharp | person who does; comparative,metal in the form of thin thread; a piece of this + a wound caused by something sharp | người thực hiện; so sánh hơn
wiretaps,noun,metal in the form of thin thread; a piece of this + a device for controlling the flow of water from a pipe into a bath or sink,metal in the form of thin thread; a piece of this + a device for controlling the flow of water from a pipe into a bath or sink
wiretaps,verb,taps a telephone or other communication line in order to secretly listen to conversations,nghe lén đường dây điện thoại hoặc thông tin liên lạc để bí mật theo dõi cuộc trò chuyện
wirier,noun,metal in the form of thin thread; a piece of this | having quality of; noun/adjective | person who does; comparative,metal in the form of thin thread; a piece of this | cóĩ·· tính chất của; danh từ/t tính từ | người thực hiện; so sánh hơn
wiriest,adjective,metal in the form of thin thread; a piece of this | having quality of; noun/adjective | superlative,metal in the form of thin thread; a piece of this | cóĩ·· tính chất của; danh từ/t tính từ | so sánh nhất
wiser,noun,able to make sensible decisions and give good advice because of the experience and knowledge that you have | person who does; comparative,able lam cho sensible decisions and give good advice because of the experience and knowledge that you have | người thực hiện; so sánh hơn
wisest,adjective,able to make sensible decisions and give good advice because of the experience and knowledge that you have | superlative,able lam cho sensible decisions and give good advice because of the experience and knowledge that you have | so sánh nhất
witlessly,adverb,the ability to say or write things that are both clever and humorous | without (adjective | adverb of manner / adjective (like,the ability to say or write things that are both clever and humorous | khong có (t tính từ | trạng từ chỉ cách thức / t tính từ (like
witlessness,noun,the ability to say or write things that are both clever and humorous | without (adjective | state or quality of (noun,the ability to say or write things that are both clever and humorous | khong có (t tính từ | trạng thái hoặc tính chất của (danh từ
witter,noun,the ability to say or write things that are both clever and humorous | person who does; comparative,the ability to say or write things that are both clever and humorous | người thực hiện; so sánh hơn
witter,verb,"talks at length about trivial or unimportant matters (informal, chiefly British)","nói huyên thuyên về những chuyện vặt vãnh, không quan trọng (khẩu ngữ, chủ yếu ở Anh)"
wittier,noun,the ability to say or write things that are both clever and humorous | having quality of; noun/adjective | person who does; comparative,the ability to say or write things that are both clever and humorous | cóĩ·· tính chất của; danh từ/t tính từ | người thực hiện; so sánh hơn
wittiest,adjective,the ability to say or write things that are both clever and humorous | having quality of; noun/adjective | superlative,the ability to say or write things that are both clever and humorous | cóĩ·· tính chất của; danh từ/t tính từ | so sánh nhất
woburn,noun,"wo | an injury or a mark caused by fire, heat or acid","wo | an injury or a mark caused by fire, heat or acid"
woodblock,noun,"the hard material that the trunk and branches of a tree are made of; this material when it is used to build or make things with, or as a fuel + a large piece of a solid material that is square or rectangular in shape and usually has flat sides","the hard material that the trunk and branches of a tree are made of; this material when it is used to build or make things with, or as a fuel + a large piece of a solid material that is square or rectangular in shape and usually has flat sides"
woodier,noun,"the hard material that the trunk and branches of a tree are made of; this material when it is used to build or make things with, or as a fuel | having quality of; noun/adjective | person who does; comparative","the hard material that the trunk and branches of a tree are made of; this material when it is used to build or make things with, or as a fuel | cóĩ·· tính chất của; danh từ/t tính từ | người thực hiện; so sánh hơn"
woodiest,adjective,"the hard material that the trunk and branches of a tree are made of; this material when it is used to build or make things with, or as a fuel | having quality of; noun/adjective | superlative","the hard material that the trunk and branches of a tree are made of; this material when it is used to build or make things with, or as a fuel | cóĩ·· tính chất của; danh từ/t tính từ | so sánh nhất"
woodside,noun,"the hard material that the trunk and branches of a tree are made of; this material when it is used to build or make things with, or as a fuel + either of the two halves of a surface, an object or an area that is divided by an imaginary central line","the hard material that the trunk and branches of a tree are made of; this material when it is used to build or make things with, or as a fuel + either of the two halves of a surface, an object or an area that is divided by an imaginary central line"
woodsmoke,noun,"the hard material that the trunk and branches of a tree are made of; this material when it is used to build or make things with, or as a fuel + the grey, white or black gas that is produced by something burning","the hard material that the trunk and branches of a tree are made of; this material when it is used to build or make things with, or as a fuel + the grey, white or black gas that is produced by something burning"
woodyard,noun,"the hard material that the trunk and branches of a tree are made of; this material when it is used to build or make things with, or as a fuel + a piece of land next to or around your house where you can grow flowers, fruit, vegetables, etc., usually with a lawn (= an area of grass","the hard material that the trunk and branches of a tree are made of; this material when it is used to build or make things with, or as a fuel + a piece of land next to or around your house where you can grow flowers, fruit, vegetables, etc., usually with a lawn (= an area of grass"
woollier,noun,the soft hair that covers the body of sheep and some other animals | having quality of; noun/adjective | person who does; comparative,the soft hair that covers the body of sheep and some other animals | cóĩ·· tính chất của; danh từ/t tính từ | người thực hiện; so sánh hơn
woolliest,adjective,the soft hair that covers the body of sheep and some other animals | having quality of; noun/adjective | superlative,the soft hair that covers the body of sheep and some other animals | cóĩ·· tính chất của; danh từ/t tính từ | so sánh nhất
woolworkers,noun,the soft hair that covers the body of sheep and some other animals + the job that a person does especially in order to earn money | person who does; comparative,the soft hair that covers the body of sheep and some other animals + the job that a person does especially in order to earn money | người thực hiện; so sánh hơn
wordier,noun,a single unit of language that means something and can be spoken or written | having quality of; noun/adjective | person who does; comparative,a single unit of language that means something and can be spoken or written | cóĩ·· tính chất của; danh từ/t tính từ | người thực hiện; so sánh hơn
wordiest,adjective,a single unit of language that means something and can be spoken or written | having quality of; noun/adjective | superlative,a single unit of language that means something and can be spoken or written | cóĩ·· tính chất của; danh từ/t tính từ | so sánh nhất
wordsworth,noun,"a single unit of language that means something and can be spoken or written + having a value in money, etc.","a single unit of language that means something and can be spoken or written + having a value in money, etc."
workableness,noun,the job that a person does especially in order to earn money | capable of being (adjective | state or quality of (noun,the job that a person does especially in order to earn money | capable of being (t tính từ | trạng thái hoặc tính chất của (danh từ
workpeople,noun,"the job that a person does especially in order to earn money + human beings; men, women and children","the job that a person does especially in order to earn money + human beings; men, women and children"
worlders,noun,"the earth, with all its countries, peoples and natural features | person who does; comparative","the earth, with all its countries, peoples and natural features | người thực hiện; so sánh hơn"
worldlier,noun,"the earth, with all its countries, peoples and natural features | adverb of manner / adjective (like | person who does; comparative","the earth, with all its countries, peoples and natural features | trạng từ chỉ cách thức / t tính từ (like | người thực hiện; so sánh hơn"
worldliest,adjective,"the earth, with all its countries, peoples and natural features | adverb of manner / adjective (like | superlative","the earth, with all its countries, peoples and natural features | trạng từ chỉ cách thức / t tính từ (like | so sánh nhất"
wormier,noun,"a long, thin creature with a soft body and no bones or legs | having quality of; noun/adjective | person who does; comparative","a long, thin creature with a soft body and no bones or legs | cóĩ·· tính chất của; danh từ/t tính từ | người thực hiện; so sánh hơn"
wormiest,adjective,"a long, thin creature with a soft body and no bones or legs | having quality of; noun/adjective | superlative","a long, thin creature with a soft body and no bones or legs | cóĩ·· tính chất của; danh từ/t tính từ | so sánh nhất"
worthier,noun,"having a value in money, etc. | having quality of; noun/adjective | person who does; comparative","having a value in money, etc. | cóĩ·· tính chất của; danh từ/t tính từ | người thực hiện; so sánh hơn"
worthiest,adjective,"having a value in money, etc. | having quality of; noun/adjective | superlative","having a value in money, etc. | cóĩ·· tính chất của; danh từ/t tính từ | so sánh nhất"
wouldbe,modal verb,"would+be(used in polite offers or invitations + used when you are naming people or things, describing them or giving more information about them)",tự nhận là; muốn trở thành nhưng chưa thành
wouldst,adjective,used in polite offers or invitations | superlative,used in polite offers or invitations | so sánh nhất
wrongheadedness,noun,"not right or correct + the part of the body on top of the neck containing the eyes, nose, mouth and brain | state or quality of (noun","not right or correct + the part of the body on top of the neck containing the eyes, nose, mouth and brain | trạng thái hoặc tính chất của (danh từ"
yellower,noun,having the colour of lemons or butter | person who does; comparative,having the colour of lemons or butter | người thực hiện; so sánh hơn
yellowest,adjective,having the colour of lemons or butter | superlative,having the colour of lemons or butter | so sánh nhất
youngest,adjective,having lived or existed for only a short time; not fully developed | superlative,having lived or existed for only a short time; not fully developed | so sánh nhất
