root_word,kieu_ket_hop,cong_thuc,vi_du_tu_moi,so_luong_vi_du
abandon,Root + Suffix,abandon + suffix,abandonment,1
able,Prefix + Root,prefix + able,"disable, enable, unable",3
able,Root + Suffix,able + suffix,"ability, abler, ablest, ably",4
able,Prefix + Root + Suffix,prefix + able + suffix,"disability, disablement, inability",3
abolish,Root + Suffix,abolish + suffix,"abolition, abolitionist",2
above,Word + Word,above + board,"aboveboard, aboveground",2
absent,Word + Word,absent + mind,absentmindedly,1
absent,Root + Suffix,absent + suffix,"absentee, absenteeism, absently",3
absolute,Root + Suffix,absolute + suffix,"absolutely, absoluteness, absolution, absolutism",4
absurd,Root + Suffix,absurd + suffix,"absurdity, absurdly",2
abuse,Prefix + Root,prefix + abuse,disabuse,1
abuse,Root + Suffix,abuse + suffix,"abusive, abusively",2
accent,Root + Suffix,accent + suffix,"accentual, accentuate, accentuation",3
accept,Root + Suffix,accept + suffix,"acceptability, acceptable, acceptably, acceptance, acceptation",5
accept,Prefix + Root + Suffix,prefix + accept + suffix,unacceptable,1
access,Root + Suffix,access + suffix,"accessibility, accessible, accession, accessors",4
access,Prefix + Root + Suffix,prefix + access + suffix,"inaccessibility, inaccessible, inaccessibly",3
accident,Root + Suffix,accident + suffix,"accidental, accidentally",2
accommodate,Root + Suffix,accommodate + suffix,accommodation,1
accomplish,Root + Suffix,accomplish + suffix,accomplishment,1
account,Root + Suffix,account + suffix,"accountability, accountable, accountably, accountancy, accountant",5
account,Prefix + Root + Suffix,prefix + account + suffix,"unaccountable, unaccountably",2
accuse,Root + Suffix,accuse + suffix,"accusation, accusative, accuser, accusingly",4
achieve,Prefix + Root,prefix + achieve,unachieved,1
achieve,Root + Suffix,achieve + suffix,"achievable, achievement",2
achieve,Prefix + Root + Suffix,prefix + achieve + suffix,"unachievable, underachievers",2
acid,Prefix + Root,prefix + acid,nonacid,1
acid,Root + Suffix,acid + suffix,"acidic, acidify, acidity",3
acre,Root + Suffix,acre + suffix,acreage,1
act,Prefix + Root,prefix + act,"enact, interact, overact, react, reenact, transact, underact",7
act,Root + Suffix,act + suffix,"action, actionable, activate, activation, active, actively, activism, activist (+10 từ khác)",18
act,Prefix + Root + Suffix,prefix + act + suffix,"deactivated, deactivation, enactment, hypoactive, inaction, inactivate, inactivation, inactive (+19 từ khác)",27
acute,Root + Suffix,acute + suffix,"acutely, acuteness",2
ad,Word + Word,ad + man,adman,1
adapt,Prefix + Root,prefix + adapt,readapting,1
adapt,Root + Suffix,adapt + suffix,"adaptability, adaptable, adaptation, adapter",4
adapt,Prefix + Root + Suffix,prefix + adapt + suffix,maladaptive,1
add,Root + Suffix,add + suffix,"addition, additional, additionally, additive",4
address,Prefix + Root,prefix + address,readdress,1
address,Root + Suffix,address + suffix,addressee,1
admire,Root + Suffix,admire + suffix,"admirable, admirably, admiration, admirer, admiringly",5
admit,Root + Suffix,admit + suffix,"admissibility, admissible, admission, admittance, admittedly",5
admit,Prefix + Root + Suffix,prefix + admit + suffix,"inadmissibility, inadmissible, inadmissibly",3
adopt,Prefix + Root,prefix + adopt,unadopted,1
adopt,Root + Suffix,adopt + suffix,"adoption, adoptive",2
adult,Root + Suffix,adult + suffix,adulthood,1
advance,Root + Suffix,advance + suffix,advancement,1
advantage,Prefix + Root,prefix + advantage,disadvantage,1
advantage,Root + Suffix,advantage + suffix,"advantageous, advantageously",2
advantage,Prefix + Root + Suffix,prefix + advantage + suffix,"disadvantageous, disadvantageously",2
adverse,Root + Suffix,adverse + suffix,"adversary, adversely, adversity",3
advise,Prefix + Root,prefix + advise,"misadvise, unadvised",2
advise,Root + Suffix,advise + suffix,"advisability, advisable, advisedly, advisement, adviser, advisor, advisory",7
advise,Prefix + Root + Suffix,prefix + advise + suffix,"inadvisable, unadvisedly",2
afraid,Prefix + Root,prefix + afraid,unafraid,1
after,Root + Suffix,after + suffix,afterward,1
age,Prefix + Root,prefix + age,"overage, underage",2
age,Root + Suffix,age + suffix,"ageless, agelessness",2
agent,Prefix + Root,prefix + agent,reagent,1
agree,Prefix + Root,prefix + agree,disagree,1
agree,Root + Suffix,agree + suffix,"agreeable, agreeableness, agreeably, agreement",4
agree,Prefix + Root + Suffix,prefix + agree + suffix,"disagreeable, disagreeableness, disagreeably, disagreement",4
aid,Prefix + Root,prefix + aid,unaided,1
aim,Root + Suffix,aim + suffix,"aimless, aimlessly, aimlessness",3
air,Word + Word,air + base,"airbase, airbed, airbus, aircraft, aircraftman, aircrew, airdrop, airfield (+26 từ khác)",34
air,Prefix + Root,prefix + air,midair,1
air,Root + Suffix,air + suffix,"airier, airiest, airily, airless, airy",5
alarm,Root + Suffix,alarm + suffix,"alarmingly, alarmist",2
alcohol,Root + Suffix,alcohol + suffix,"alcoholic, alcoholically, alcoholism",3
alert,Root + Suffix,alert + suffix,"alertly, alertness",2
alien,Root + Suffix,alien + suffix,"alienable, alienate, alienation, alienist",4
alien,Prefix + Root + Suffix,prefix + alien + suffix,"inalienable, unalienable",2
all,Word + Word,all + spice,allspice,1
all,Prefix + Root,prefix + all,overall,1
allege,Root + Suffix,allege + suffix,"allegation, allegedly, allegiance",3
allow,Prefix + Root,prefix + allow,disallow,1
allow,Root + Suffix,allow + suffix,"allowable, allowably, allowance",3
ally,Root + Suffix,ally + suffix,alliance,1
ally,Prefix + Root + Suffix,prefix + ally + suffix,misalliance,1
alone,Root + Suffix,alone + suffix,aloneness,1
along,Word + Word,along + side,alongside,1
alter,Root + Suffix,alter + suffix,"alterable, alteration",2
alter,Prefix + Root + Suffix,prefix + alter + suffix,"unalterable, unalterably",2
amateur,Root + Suffix,amateur + suffix,"amateurish, amateurishly, amateurishness, amateurism",4
amaze,Root + Suffix,amaze + suffix,"amazement, amazingly",2
amend,Root + Suffix,amend + suffix,"amendable, amendment",2
amid,Word + Word,amid + ship,amidships,1
among,Root + Suffix,among + suffix,amongst,1
amuse,Prefix + Root,prefix + amuse,unamused,1
amuse,Root + Suffix,amuse + suffix,"amusedly, amusement",2
analysis,Prefix + Root,prefix + analysis,microanalysis,1
ancestor,Root + Suffix,ancestor + suffix,"ancestral, ancestry",2
anchor,Word + Word,anchor + man,anchorman,1
anchor,Root + Suffix,anchor + suffix,anchorage,1
ancient,Root + Suffix,ancient + suffix,anciently,1
angel,Root + Suffix,angel + suffix,"angelic, angelical, angelically",3
angle,Prefix + Root,prefix + angle,"quadrangle, triangle",2
angle,Root + Suffix,angle + suffix,"angler, angular, angularity",3
angle,Prefix + Root + Suffix,prefix + angle + suffix,"quadrangular, triangular",2
angry,Root + Suffix,angry + suffix,"angrier, angriest, angrily",3
animal,Root + Suffix,animal + suffix,"animalcule, animalism",2
ankle,Root + Suffix,ankle + suffix,anklet,1
announce,Prefix + Root,prefix + announce,unannounced,1
announce,Root + Suffix,announce + suffix,"announcement, announcer",2
annoy,Root + Suffix,annoy + suffix,annoyance,1
answer,Prefix + Root,prefix + answer,unanswered,1
answer,Root + Suffix,answer + suffix,"answerable, answerably",2
answer,Prefix + Root + Suffix,prefix + answer + suffix,unanswerable,1
anticipate,Root + Suffix,anticipate + suffix,"anticipation, anticipatory",2
any,Word + Word,any + body,"anybody, anyhow, anymore, anyone, anyplace, anything, anyway, anywhere",8
apart,Root + Suffix,apart + suffix,apartment,1
appeal,Root + Suffix,appeal + suffix,appealingly,1
appear,Prefix + Root,prefix + appear,"disappear, reappear",2
appear,Root + Suffix,appear + suffix,appearance,1
appear,Prefix + Root + Suffix,prefix + appear + suffix,"disappearance, reappearance",2
apple,Root + Suffix,apple + suffix,appleby,1
applicable,Prefix + Root,prefix + applicable,inapplicable,1
applicable,Prefix + Root + Suffix,prefix + applicable + suffix,inapplicability,1
apply,Prefix + Root,prefix + apply,misapply,1
apply,Root + Suffix,apply + suffix,appliance,1
appoint,Prefix + Root,prefix + appoint,disappoint,1
appoint,Root + Suffix,appoint + suffix,"appointee, appointment",2
appoint,Prefix + Root + Suffix,prefix + appoint + suffix,"disappointingly, disappointment",2
approach,Root + Suffix,approach + suffix,approachable,1
approach,Prefix + Root + Suffix,prefix + approach + suffix,unapproachable,1
approve,Prefix + Root,prefix + approve,disapprove,1
approve,Root + Suffix,approve + suffix,"approval, approvingly",2
approve,Prefix + Root + Suffix,prefix + approve + suffix,"disapproval, disapprovingly",2
architect,Root + Suffix,architect + suffix,"architectonic, architectural, architecturally, architecture",4
area,Word + Word,area + way,areaways,1
argue,Root + Suffix,argue + suffix,"arguable, arguably, argument, argumentation, argumentative, argumentatively",6
arm,Word + Word,arm + band,"armband, armchair, armhole, armload, armpit, armstrong",6
arm,Prefix + Root,prefix + arm,"disarm, forearm, rearm, unarm, underarm",5
arm,Root + Suffix,arm + suffix,"armament, armful, armless, armlet",4
arm,Prefix + Root + Suffix,prefix + arm + suffix,"disarmament, rearmament",2
arrange,Prefix + Root,prefix + arrange,"disarrange, prearrange, rearrange",3
arrange,Root + Suffix,arrange + suffix,"arrangement, arrangers",2
arrange,Prefix + Root + Suffix,prefix + arrange + suffix,"disarrangement, prearrangement, rearrangement",3
array,Prefix + Root,prefix + array,disarray,1
arrest,Root + Suffix,arrest + suffix,arrester,1
arrive,Root + Suffix,arrive + suffix,arrival,1
arrow,Word + Word,arrow + head,"arrowhead, arrowroot",2
art,Root + Suffix,art + suffix,"artful, artfully, artfulness, artier, artiest, artiness, artist, artiste (+7 từ khác)",15
art,Prefix + Root + Suffix,prefix + art + suffix,"inartistic, inartistically",2
as,Word + Word,as + much,inasmuch,1
ash,Word + Word,ash + man,ashman,1
ash,Root + Suffix,ash + suffix,"ashen, ashier, ashy",3
ask,Prefix + Root,prefix + ask,unasked,1
assert,Prefix + Root,prefix + assert,reassert,1
assert,Root + Suffix,assert + suffix,"assertion, assertive, assertively, assertiveness",4
assert,Prefix + Root + Suffix,prefix + assert + suffix,"nonassertive, nonassertively",2
assess,Root + Suffix,assess + suffix,"assessment, assessor",2
assign,Prefix + Root,prefix + assign,reassign,1
assign,Root + Suffix,assign + suffix,"assignable, assignation, assignee, assignment",4
assist,Prefix + Root,prefix + assist,unassisted,1
assist,Root + Suffix,assist + suffix,"assistance, assistant",2
assume,Prefix + Root,prefix + assume,unassuming,1
assume,Prefix + Root + Suffix,prefix + assume + suffix,unassumingly,1
astonish,Root + Suffix,astonish + suffix,"astonishingly, astonishment",2
athlete,Root + Suffix,athlete + suffix,"athletic, athleticism, athletics",3
attach,Prefix + Root,prefix + attach,unattached,1
attach,Root + Suffix,attach + suffix,attachment,1
attack,Root + Suffix,attack + suffix,attacker,1
attain,Root + Suffix,attain + suffix,"attainable, attainment",2
attend,Prefix + Root,prefix + attend,unattended,1
attend,Root + Suffix,attend + suffix,"attendance, attendant, attention, attentive, attentively, attentiveness",6
attend,Prefix + Root + Suffix,prefix + attend + suffix,"inattention, inattentive, inattentively, inattentiveness",4
attitude,Root + Suffix,attitude + suffix,attitudinize,1
attract,Root + Suffix,attract + suffix,"attraction, attractive, attractively, attractiveness",4
attract,Prefix + Root + Suffix,prefix + attract + suffix,unattractive,1
auction,Root + Suffix,auction + suffix,auctioneer,1
audio,Root + Suffix,audio + suffix,"audibility, audible, audibly, audience, audit, audition, auditor, auditorium (+1 từ khác)",9
audio,Prefix + Root + Suffix,prefix + audio + suffix,"inaudible, inaudibly",2
august,Root + Suffix,august + suffix,augustly,1
aunt,Root + Suffix,aunt + suffix,auntie,1
author,Prefix + Root,prefix + author,coauthor,1
author,Root + Suffix,author + suffix,"authoritarian, authoritarianism, authoritative, authoritatively, authority, authorization, authorize, authorship",8
author,Prefix + Root + Suffix,prefix + author + suffix,unauthorized,1
auto,Word + Word,auto + code,autocoder,1
auto,Root + Suffix,auto + suffix,"autism, autistic, autistically",3
automatic,Prefix + Root,prefix + automatic,semiautomatic,1
automatic,Root + Suffix,automatic + suffix,automatically,1
autumn,Root + Suffix,autumn + suffix,"autumnal, autumnally",2
avoid,Root + Suffix,avoid + suffix,"avoidable, avoidance",2
avoid,Prefix + Root + Suffix,prefix + avoid + suffix,"unavoidable, unavoidably",2
aware,Prefix + Root,prefix + aware,unaware,1
aware,Root + Suffix,aware + suffix,awareness,1
aware,Prefix + Root + Suffix,prefix + aware + suffix,unawareness,1
awkward,Root + Suffix,awkward + suffix,"awkwardly, awkwardness",2
baby,Root + Suffix,baby + suffix,"babyhood, babyish",2
back,Word + Word,back + bench,"backbench, backbencher, backboards, backbones, backbreakingly, backcloth, backdoors, backdrops (+19 từ khác)",27
back,Prefix + Root,prefix + back,"halfback, outback, unbacked",3
back,Root + Suffix,back + suffix,"backer, backless, backward, backwardly, backwardness",5
bad,Word + Word,bad + land,badlands,1
bad,Root + Suffix,bad + suffix,"badly, badness",2
bag,Word + Word,bag + pipe,bagpipe,1
bag,Prefix + Root,prefix + bag,debag,1
bag,Root + Suffix,bag + suffix,"bagful, baggage, baggier, baggiest, baggy",5
bail,Root + Suffix,bail + suffix,bailment,1
bake,Root + Suffix,bake + suffix,"baker, bakery",2
balance,Prefix + Root,prefix + balance,"imbalance, outbalance, overbalance, unbalance",4
ball,Word + Word,ball + field,"ballfields, ballplayer, ballpoint, ballroom",4
balloon,Root + Suffix,balloon + suffix,balloonist,1
ban,Word + Word,ban + bury,banbury,1
band,Word + Word,band + box,"bandbox, bandmaster, bandsman, bandstand, bandwidth",5
band,Prefix + Root,prefix + band,disband,1
band,Root + Suffix,band + suffix,bandage,1
band,Prefix + Root + Suffix,prefix + band + suffix,disbandment,1
bank,Word + Word,bank + book,"bankbook, banknote, bankroll",3
bank,Prefix + Root,prefix + bank,embank,1
bank,Root + Suffix,bank + suffix,banker,1
bank,Prefix + Root + Suffix,prefix + bank + suffix,embankment,1
bar,Word + Word,bar + fly,"barflies, barkeep, barman, bartender",4
bar,Prefix + Root,prefix + bar,"crossbar, disbar, dunbar, millibar, unbar",5
bar,Prefix + Root + Suffix,prefix + bar + suffix,disbarment,1
bare,Word + Word,bare + back,"bareback, barefaced, barefacedly, barefoot, bareheaded, barelegged",6
bare,Root + Suffix,bare + suffix,"barely, bareness, barer, barest",4
base,Word + Word,base + ball,"baseball, baseboard, baseline, baseman",4
base,Prefix + Root,prefix + base,"abase, debase",2
base,Root + Suffix,base + suffix,"baseless, basely, basement, baseness, baser, basest, basic, basically",8
base,Prefix + Root + Suffix,prefix + base + suffix,"abasement, debasement",2
basket,Word + Word,basket + ball,"basketball, basketwork",2
basket,Root + Suffix,basket + suffix,"basketful, basketry",2
bat,Word + Word,bat + man,"batman, batwings",2
bat,Root + Suffix,bat + suffix,"batters, battier, battiest, batty",4
bath,Word + Word,bath + room,"bathroom, bathtub",2
bath,Root + Suffix,bath + suffix,bather,1
battle,Word + Word,battle + dress,"battledress, battlefield, battlefront, battleground, battleship",5
battle,Prefix + Root,prefix + battle,embattled,1
battle,Root + Suffix,battle + suffix,battlements,1
beach,Word + Word,beach + head,"beachhead, beachwear",2
beam,Prefix + Root,prefix + beam,crossbeam,1
bean,Word + Word,bean + pole,beanpole,1
bear,Word + Word,bear + skin,bearskin,1
bear,Prefix + Root,prefix + bear,"forbear, overbear",2
bear,Root + Suffix,bear + suffix,"bearable, bearably, bearer, bearish, bearishly, bearishness",6
bear,Prefix + Root + Suffix,prefix + bear + suffix,"forbearance, overbearingly, unbearable, unbearably",4
beast,Word + Word,beast + sell,"bestseller, bestselling",2
beast,Root + Suffix,beast + suffix,"beasties, beastlier, beastliest, beastliness, beastly, bestial, bestiality, bestially (+1 từ khác)",9
beat,Prefix + Root,prefix + beat,"downbeat, offbeat, upbeat",3
beat,Root + Suffix,beat + suffix,"beaten, beater, beatific, beatifically, beatification, beatify, beatitude",7
beat,Prefix + Root + Suffix,prefix + beat + suffix,"unbeatable, unbeaten",2
beauty,Root + Suffix,beauty + suffix,"beauteous, beauteously, beautician, beautiful, beautifully, beautify",6
become,Prefix + Root,prefix + become,unbecoming,1
become,Root + Suffix,become + suffix,becomingly,1
become,Prefix + Root + Suffix,prefix + become + suffix,unbecomingly,1
bed,Word + Word,bed + bug,"bedbug, bedclothes, bedfast, bedfellow, bedground, bedpan, bedpost, bedridden (+8 từ khác)",16
bed,Prefix + Root,prefix + bed,"embed, imbedded, underbedding",3
bee,Word + Word,bee + bread,"beebread, beeline",2
beef,Word + Word,beef + cake,"beefcake, beefeater",2
beef,Root + Suffix,beef + suffix,"beefier, beefiest, beefy",3
beer,Root + Suffix,beer + suffix,"beerier, beeriest, beery",3
before,Word + Word,before + hand,beforehand,1
beg,Word + Word,beg + man,"beggarman, beggarwoman",2
beg,Root + Suffix,beg + suffix,"beggar, beggarliness, beggarly, beggary",4
begin,Root + Suffix,begin + suffix,beginner,1
behave,Prefix + Root,prefix + behave,misbehave,1
behave,Root + Suffix,behave + suffix,"behavior, behavioral, behaviorally, behaviour, behaviourism, behaviourist",6
behave,Prefix + Root + Suffix,prefix + behave + suffix,"misbehavior, misbehaviour",2
behind,Word + Word,behind + hand,behindhand,1
belief,Prefix + Root,prefix + belief,"disbelief, unbelief",2
believe,Prefix + Root,prefix + believe,"disbelieve, unbelieving",2
believe,Root + Suffix,believe + suffix,"believable, believably, believer, believeth",4
believe,Prefix + Root + Suffix,prefix + believe + suffix,"disbeliever, unbelievable, unbelievably, unbeliever, unbelievingly",5
bell,Word + Word,bell + boy,"bellboy, bellflower, bellman",3
bell,Prefix + Root + Suffix,prefix + bell + suffix,"embellish, embellishment",2
belt,Word + Word,belt + way,beltway,1
bench,Word + Word,bench + mark,benchmarks,1
bench,Root + Suffix,bench + suffix,bencher,1
bend,Prefix + Root,prefix + bend,unbend,1
bent,Prefix + Root,prefix + bent,unbent,1
bet,Word + Word,bet + tie,betties,1
betray,Root + Suffix,betray + suffix,"betrayal, betrayer",2
better,Root + Suffix,better + suffix,betterment,1
bias,Word + Word,bias + sing,biassing,1
bias,Prefix + Root,prefix + bias,unbiased,1
bid,Prefix + Root,prefix + bid,"outbid, overbid, underbid",3
bid,Root + Suffix,bid + suffix,"biddable, bidden, bidder",3
bid,Prefix + Root + Suffix,prefix + bid + suffix,"outbidden, unbidden",2
big,Word + Word,big + head,bighead,1
big,Root + Suffix,big + suffix,"bigger, biggest, bigness",3
bill,Word + Word,bill + board,"billboard, billfold, billhook, billposter, billposting, billsticker",6
bill,Root + Suffix,bill + suffix,"billie, billy",2
bin,Root + Suffix,bin + suffix,binary,1
bind,Word + Word,bind + weed,bindweed,1
bind,Prefix + Root,prefix + bind,"rebind, unbind",2
bind,Root + Suffix,bind + suffix,"binder, bindery",2
bird,Word + Word,bird + bath,"birdbath, birdlike, birdseed",3
bird,Root + Suffix,bird + suffix,birdie,1
birth,Word + Word,birth + day,"birthday, birthmark, birthplace, birthrate, birthright",5
birth,Prefix + Root,prefix + birth,"afterbirth, rebirth",2
bishop,Word + Word,bishop + gate,bishopsgate,1
bit,Prefix + Root,prefix + bit,backbit,1
bit,Root + Suffix,bit + suffix,"bitten, bittier, bittiest, bitty",4
bit,Prefix + Root + Suffix,prefix + bit + suffix,backbitten,1
bite,Prefix + Root,prefix + bite,backbite,1
bite,Root + Suffix,bite + suffix,biter,1
bite,Prefix + Root + Suffix,prefix + bite + suffix,backbiter,1
bitter,Word + Word,bitter + sweet,bittersweet,1
bitter,Prefix + Root,prefix + bitter,embitter,1
bitter,Root + Suffix,bitter + suffix,"bitterer, bitterest, bitterly, bitterness",4
bitter,Prefix + Root + Suffix,prefix + bitter + suffix,embitterment,1
bizarre,Root + Suffix,bizarre + suffix,bizarrely,1
black,Word + Word,black + ball,"blackball, blackbird, blackboard, blackguard, blackguardly, blackhead, blackleg, blacklist (+4 từ khác)",12
black,Root + Suffix,black + suffix,"blacken, blacker, blackest, blackly, blackness",5
blame,Word + Word,blame + worth,"blameworthiness, blameworthy",2
blame,Root + Suffix,blame + suffix,"blameless, blamelessly, blamelessness",3
blank,Root + Suffix,blank + suffix,"blanker, blankest, blankly, blankness",4
bleed,Root + Suffix,bleed + suffix,bleeder,1
blend,Root + Suffix,blend + suffix,blender,1
bless,Root + Suffix,bless + suffix,"blessedly, blessedness",2
blind,Word + Word,blind + fold,blindfold,1
blind,Root + Suffix,blind + suffix,"blinder, blindest, blindly, blindness",4
block,Word + Word,block + head,"blockhead, blockhouse",2
block,Root + Suffix,block + suffix,"blockade, blockage, blocky",3
blood,Word + Word,blood + bath,"bloodbath, bloodshed, bloodshot, bloodspots, bloodstock, bloodstream, bloodsucker",7
blood,Root + Suffix,blood + suffix,"bloodier, bloodiest, bloodily, bloodless, bloodlessness, bloody",6
blow,Word + Word,blow + back,"blowback, blowfish, blowfly, blowgun, blowhole, blowlamp, blowout, blowpipe (+1 từ khác)",9
blow,Root + Suffix,blow + suffix,"blower, blowier, blown, blowy",4
blow,Prefix + Root + Suffix,prefix + blow + suffix,overblown,1
blue,Word + Word,blue + bell,"bluebell, bluebird, bluebook, bluebottle, bluebush, bluefish, bluejacket, blueprint",8
blue,Root + Suffix,blue + suffix,"blueness, bluest, bluish",3
board,Word + Word,board + house,"boardinghouse, boardroom, boardwalk",3
board,Prefix + Root,prefix + board,"inboard, outboard, overboard",3
board,Root + Suffix,board + suffix,boarder,1
boast,Root + Suffix,boast + suffix,"boaster, boastful, boastfully, boastfulness",4
boat,Word + Word,boat + house,"boathouse, boatload, boatman, boatyards",4
boat,Root + Suffix,boat + suffix,boater,1
body,Word + Word,body + build,"bodybuilder, bodybuilding, bodyguard, bodyweight, bodywork",5
body,Prefix + Root,prefix + body,"antibody, disembody, embody",3
body,Root + Suffix,body + suffix,bodily,1
body,Prefix + Root + Suffix,prefix + body + suffix,embodiment,1
boil,Word + Word,boil + suit,boilersuit,1
boil,Root + Suffix,boil + suffix,boiler,1
bold,Word + Word,bold + face,boldface,1
bold,Root + Suffix,bold + suffix,"bolder, boldest, boldly, boldness",4
bold,Prefix + Root + Suffix,prefix + bold + suffix,embolden,1
bomb,Word + Word,bomb + proof,"bombproof, bombshell, bombsite",3
bomb,Root + Suffix,bomb + suffix,bomber,1
bond,Word + Word,bond + hold,"bondholder, bondsman",2
bond,Root + Suffix,bond + suffix,bondage,1
bone,Word + Word,bone + head,"bonehead, bonemeal, bonesetter, boneshaker",4
bone,Prefix + Root,prefix + bone,"crossbones, debone",2
bone,Root + Suffix,bone + suffix,"boneless, boner, bonier, boniest, bony",5
book,Word + Word,book + bind,"bookbinder, bookbindery, bookbinding, bookcase, bookclub, bookend, bookkeeper, bookkeeping (+11 từ khác)",19
book,Root + Suffix,book + suffix,"bookable, booker, bookie, bookish, bookishness, booklet",6
boost,Root + Suffix,boost + suffix,booster,1
boot,Word + Word,boot + black,"bootblack, bootleg, bootlegger",3
boot,Root + Suffix,boot + suffix,"bootee, bootless",2
border,Word + Word,border + land,"borderland, borderline",2
border,Root + Suffix,border + suffix,borderer,1
bore,Word + Word,bore + hole,borehole,1
bore,Prefix + Root,prefix + bore,"forbore, overbore",2
bore,Root + Suffix,bore + suffix,"boredom, borer, borne",3
born,Prefix + Root,prefix + born,"inborn, reborn, unborn",3
borrow,Root + Suffix,borrow + suffix,borrower,1
boss,Prefix + Root,prefix + boss,emboss,1
boss,Root + Suffix,boss + suffix,"bossier, bossiest, bossiness, bossy",4
bother,Root + Suffix,bother + suffix,"botheration, bothersome",2
bottle,Word + Word,bottle + neck,bottleneck,1
bottle,Root + Suffix,bottle + suffix,bottleful,1
bottom,Root + Suffix,bottom + suffix,bottomless,1
bounce,Root + Suffix,bounce + suffix,"bouncer, bouncier, bounciest, bouncily, bounciness, bouncy",6
bound,Prefix + Root,prefix + bound,"inbound, outbound, rebound, unbound",4
bound,Root + Suffix,bound + suffix,"boundary, bounder, boundless, boundlessness",4
bow,Word + Word,bow + string,bowstring,1
bow,Prefix + Root,prefix + bow,crossbow,1
bowl,Root + Suffix,bowl + suffix,bowler,1
box,Word + Word,box + car,"boxcar, boxwood",2
box,Root + Suffix,box + suffix,"boxer, boxful, boxy",3
boy,Word + Word,boy + friend,boyfriend,1
boy,Root + Suffix,boy + suffix,"boyhood, boyish, boyishly, boyishness",4
brain,Word + Word,brain + child,"brainchild, brainstorm, brainwash, brainwave",4
brain,Root + Suffix,brain + suffix,"brainier, brainiest, braininess, brainless, brainy",5
branch,Root + Suffix,branch + suffix,"branchier, branchy",2
brand,Prefix + Root,prefix + brand,misbranded,1
brave,Root + Suffix,brave + suffix,"bravely, braver, bravery, bravest",4
bread,Word + Word,bread + basket,"breadbasket, breadboard, breadfruit, breadline, breadwinner",5
break,Word + Word,break + away,"breakaway, breakdown, breakfast, breakin, breakneck, breakoff, breakout, breakthrough (+2 từ khác)",10
break,Prefix + Root,prefix + break,outbreak,1
break,Root + Suffix,break + suffix,"breakable, breakage, breaker",3
break,Prefix + Root + Suffix,prefix + break + suffix,unbreakable,1
breast,Word + Word,breast + bone,"breastbone, breastfeed, breastplate, breaststroke, breastwork",5
breath,Word + Word,breath + take,"breathtaking, breathtakingly",2
breath,Root + Suffix,breath + suffix,"breathalyse, breathalyser, breather, breathier, breathily, breathiness, breathless, breathlessly (+2 từ khác)",10
breed,Prefix + Root,prefix + breed,"crossbred, inbred, interbred",3
breed,Root + Suffix,breed + suffix,breeder,1
brick,Word + Word,brick + bat,"brickbat, bricklayer, bricklaying, bricktop, brickwork, brickyard",6
bride,Word + Word,bride + cake,bridecake,1
bride,Root + Suffix,bride + suffix,bridal,1
bridge,Word + Word,bridge + head,"bridgehead, bridgeport, bridgewater, bridgework",4
brief,Word + Word,brief + case,briefcase,1
brief,Prefix + Root,prefix + brief,debrief,1
brief,Root + Suffix,brief + suffix,"briefer, briefest, briefly",3
bright,Root + Suffix,bright + suffix,"brighten, brighter, brightest, brightly, brightness",5
bring,Prefix + Root,prefix + bring,upbringing,1
broad,Word + Word,broad + cast,"broadcast, broadcaster, broadcloth, broadloom, broadminded, broadmindedly, broadmindedness, broadsheet (+4 từ khác)",12
broad,Root + Suffix,broad + suffix,"broaden, broader, broadest, broadly, broadness",5
brother,Root + Suffix,brother + suffix,"brotherhood, brotherliness, brotherly",3
brown,Word + Word,brown + stone,brownstone,1
brown,Root + Suffix,brown + suffix,"browner, brownest, brownie, brownish",4
brush,Word + Word,brush + fire,"brushfire, brushlike, brushwood, brushwork",4
brush,Prefix + Root,prefix + brush,underbrush,1
brush,Root + Suffix,brush + suffix,brushy,1
bubble,Root + Suffix,bubble + suffix,"bubblier, bubbliest, bubbly",3
buck,Word + Word,buck + board,"buckboard, buckshot, buckskin, bucktooth, buckwheat",5
budget,Root + Suffix,budget + suffix,budgetary,1
bug,Word + Word,bug + bear,"bugbear, bugeyed",2
bug,Prefix + Root,prefix + bug,debug,1
build,Word + Word,build + up,buildup,1
build,Prefix + Root,prefix + build,"outbuilding, rebuild",2
build,Root + Suffix,build + suffix,builder,1
bulk,Word + Word,bulk + head,bulkhead,1
bulk,Root + Suffix,bulk + suffix,"bulkier, bulkiest, bulkily, bulkiness, bulky",5
bullet,Word + Word,bullet + proof,bulletproof,1
burden,Prefix + Root,prefix + burden,"disburden, overburden, unburden",3
burden,Root + Suffix,burden + suffix,"burdensome, burdensomeness",2
burn,Word + Word,burn + side,burnside,1
burn,Prefix + Root,prefix + burn,"tyburn, unburned, woburn",3
burn,Root + Suffix,burn + suffix,"burner, burnt",2
burst,Prefix + Root,prefix + burst,outburst,1
bury,Root + Suffix,bury + suffix,burial,1
bus,Word + Word,bus + man,busman,1
bus,Prefix + Root,prefix + bus,minibus,1
bush,Word + Word,bush + man,bushman,1
bush,Root + Suffix,bush + suffix,"bushier, bushiest, bushiness, bushy",4
business,Word + Word,business + like,"businesslike, businessman, businesswoman",3
busy,Word + Word,busy + body,busybody,1
busy,Root + Suffix,busy + suffix,"busier, busiest, busily, busyness",4
butter,Word + Word,butter + cup,"buttercup, butterfat, butterfingers, butterfly, buttermilk, butternut",6
butter,Root + Suffix,butter + suffix,buttery,1
button,Word + Word,button + hole,"buttonhole, buttonhook",2
button,Prefix + Root,prefix + button,unbutton,1
buy,Root + Suffix,buy + suffix,buyer,1
cabinet,Word + Word,cabinet + make,cabinetmakers,1
call,Prefix + Root,prefix + call,"miscall, overcall, recall, uncalled",4
call,Root + Suffix,call + suffix,"callable, caller",2
call,Prefix + Root + Suffix,prefix + call + suffix,recallable,1
calm,Prefix + Root,prefix + calm,becalmed,1
calm,Root + Suffix,calm + suffix,"calmer, calmest, calmly, calmness",4
camera,Word + Word,camera + man,cameraman,1
camera,Prefix + Root + Suffix,prefix + camera + suffix,bicameral,1
camp,Word + Word,camp + fire,"campfire, campground, campmate, campsite",4
camp,Prefix + Root,prefix + camp,"decamp, encamp",2
camp,Root + Suffix,camp + suffix,camper,1
camp,Prefix + Root + Suffix,prefix + camp + suffix,encampment,1
campaign,Root + Suffix,campaign + suffix,campaigner,1
can,Word + Word,can + not,cannot,1
can,Root + Suffix,can + suffix,"canine, cannery, canst",3
canal,Root + Suffix,canal + suffix,canalization,1
cancel,Root + Suffix,cancel + suffix,cancellation,1
cancer,Root + Suffix,cancer + suffix,"cancerous, cancerously",2
candle,Word + Word,candle + light,"candlelight, candlepower, candlestick",3
canvas,Root + Suffix,canvas + suffix,canvassers,1
cap,Prefix + Root,prefix + cap,"recap, uncap",2
capable,Prefix + Root,prefix + capable,incapable,1
capable,Root + Suffix,capable + suffix,"capability, capably",2
capable,Prefix + Root + Suffix,prefix + capable + suffix,"incapability, incapably",2
captain,Root + Suffix,captain + suffix,captaincy,1
car,Root + Word,car + sono,carson,1
car,Word + Word,car + bone,"carbones, carload, carport, carsick",4
carbon,Root + Suffix,carbon + suffix,"carbonate, carbonation, carbonic, carboniferous, carbonization, carbonize",6
carbon,Prefix + Root + Suffix,prefix + carbon + suffix,"bicarbonate, decarbonize",2
card,Word + Word,card + board,"cardboard, cardpunch, cardsharpers",3
card,Prefix + Root,prefix + card,discard,1
care,Word + Word,care + free,"carefree, caretaker",2
care,Prefix + Root,prefix + care,aftercare,1
care,Root + Suffix,care + suffix,"careful, carefully, carefulness, careless, carelessly, carelessness",6
career,Root + Suffix,career + suffix,"careerism, careerist",2
cargo,Prefix + Root,prefix + cargo,supercargo,1
carpet,Word + Word,carpet + bag,"carpetbag, carpetbagger",2
carrot,Root + Suffix,carrot + suffix,carroty,1
carry,Word + Word,carry + out,"carriageway, carryout, carryover",3
carry,Prefix + Root,prefix + carry,miscarry,1
carry,Root + Suffix,carry + suffix,"carriage, carrier",2
carry,Prefix + Root + Suffix,prefix + carry + suffix,"miscarriage, undercarriage",2
cartoon,Root + Suffix,cartoon + suffix,cartoonist,1
carve,Root + Suffix,carve + suffix,carver,1
case,Word + Word,case + book,"casebook, casework, caseworker",3
case,Prefix + Root,prefix + case,encase,1
case,Root + Suffix,case + suffix,casement,1
cash,Root + Suffix,cash + suffix,"cashable, cashier",2
cast,Word + Word,cast + away,"castaway, castoffs",2
cast,Prefix + Root,prefix + cast,"downcast, forecast, miscast, outcast, overcast, precast, recast",7
cast,Root + Suffix,cast + suffix,caster,1
cast,Prefix + Root + Suffix,prefix + cast + suffix,forecasters,1
castle,Prefix + Root,prefix + castle,forecastle,1
casual,Root + Suffix,casual + suffix,"casually, casualness, casualty",3
cat,Word + Word,cat + call,"catcall, catfish, catgut, catlike, catwalk",5
cat,Root + Suffix,cat + suffix,"cattier, cattiest, cattily, cattiness, cattish, catty",6
catch,Word + Word,catch + phrase,"catchphrase, catchup, catchword",3
catch,Root + Suffix,catch + suffix,"catcher, catchier, catchiest, catchment, catchy",5
cater,Root + Suffix,cater + suffix,caterer,1
cause,Word + Word,cause + way,causeway,1
cause,Prefix + Root,prefix + cause,uncaused,1
cause,Root + Suffix,cause + suffix,"causal, causality, causally, causation, causative, causatively, causeless, causelessly",8
cave,Word + Word,cave + man,caveman,1
cease,Prefix + Root,prefix + cease,unceasing,1
cease,Root + Suffix,cease + suffix,"ceaseless, ceaselessly",2
cease,Prefix + Root + Suffix,prefix + cease + suffix,unceasingly,1
cell,Root + Suffix,cell + suffix,"cellular, celluloid, cellulose",3
cell,Prefix + Root + Suffix,prefix + cell + suffix,"hypercellularity, hypocellularity",2
centre,Root + Word,centre + piece,centrepiece,1
centre,Prefix + Root,prefix + centre,epicentre,1
ceremony,Root + Suffix,ceremony + suffix,"ceremonial, ceremonially, ceremonious, ceremoniously, ceremoniousness",5
ceremony,Prefix + Root + Suffix,prefix + ceremony + suffix,"unceremonious, unceremoniously, unceremoniousness",3
certain,Prefix + Root,prefix + certain,"ascertain, uncertain",2
certain,Root + Suffix,certain + suffix,"certainly, certainty",2
certain,Prefix + Root + Suffix,prefix + certain + suffix,"ascertainable, uncertainly, uncertainness, uncertainty",4
chain,Word + Word,chain + like,chainlike,1
chain,Prefix + Root,prefix + chain,enchain,1
chain,Prefix + Root + Suffix,prefix + chain + suffix,enchainment,1
chair,Word + Word,chair + man,"chairman, chairmanship, chairperson, chairwoman",4
challenge,Prefix + Root,prefix + challenge,unchallenged,1
challenge,Root + Suffix,challenge + suffix,"challenger, challengingly",2
chamber,Word + Word,chamber + pot,chamberpot,1
chamber,Prefix + Root,prefix + chamber,antechamber,1
champion,Root + Suffix,champion + suffix,championship,1
chance,Prefix + Root,prefix + chance,mischance,1
chance,Root + Suffix,chance + suffix,"chancier, chanciest, chancy",3
change,Prefix + Root,prefix + change,"exchange, interchange, unchanged",3
change,Root + Suffix,change + suffix,"changeability, changeable, changeableness, changeably, changeful, changeless, changeling",7
change,Prefix + Root + Suffix,prefix + change + suffix,"exchangeable, interchangeability, interchangeable, interchangeably, unchangeable",5
channel,Prefix + Root,prefix + channel,multichannel,1
character,Root + Suffix,character + suffix,"characteristic, characteristically, characterization, characterize, characterless",5
charge,Prefix + Root,prefix + charge,"discharge, overcharge, recharge, supercharged, surcharge, uncharged, undercharge, undischarged",8
charge,Root + Suffix,charge + suffix,"chargeable, charger",2
charge,Prefix + Root + Suffix,prefix + charge + suffix,supercharger,1
charm,Root + Suffix,charm + suffix,"charmer, charmingly",2
chart,Prefix + Root,prefix + chart,uncharted,1
chart,Root + Suffix,chart + suffix,chartist,1
charter,Prefix + Root,prefix + charter,rechartering,1
chase,Root + Suffix,chase + suffix,chaser,1
chat,Prefix + Root,prefix + chat,backchat,1
chat,Root + Suffix,chat + suffix,"chattier, chattiest, chatty",3
cheap,Root + Suffix,cheap + suffix,"cheapen, cheaper, cheapest, cheaply, cheapness",5
check,Word + Word,check + board,"checkbook, checkerboard, checkin, checklist, checkmate, checkoff, checkout, checkpoint (+1 từ khác)",9
check,Prefix + Root,prefix + check,"crosscheck, recheck, unchecked",3
check,Root + Suffix,check + suffix,checker,1
cheek,Word + Word,cheek + bone,cheekbone,1
cheek,Root + Suffix,cheek + suffix,"cheekier, cheekiest, cheekily, cheeky",4
cheer,Word + Word,cheer + lead,cheerleader,1
cheer,Root + Suffix,cheer + suffix,"cheerful, cheerfully, cheerfulness, cheerier, cheeriest, cheerily, cheeriness, cheerless (+3 từ khác)",11
cheese,Word + Word,cheese + cake,"cheesecake, cheesecloth",2
chest,Word + Word,chest + nut,chestnut,1
chest,Root + Suffix,chest + suffix,"chestier, chestiest, chestily, chesty",4
chief,Root + Suffix,chief + suffix,"chiefdom, chiefly",2
child,Word + Word,child + bear,"childbearing, childbirth, childlike",3
child,Root + Suffix,child + suffix,"childhood, childish, childishly, childishness, childless",5
chip,Word + Word,chip + board,chipboard,1
chip,Root + Suffix,chip + suffix,chippy,1
choice,Root + Suffix,choice + suffix,"choicely, choiceness, choicer, choicest",4
choir,Word + Word,choir + boy,"choirboy, choirmaster",2
choose,Root + Suffix,choose + suffix,"choosier, choosiest, choosy",3
chop,Word + Word,chop + fall,"chopfallen, chopstick",2
chop,Root + Suffix,chop + suffix,"chopper, choppier, choppiest, choppiness, choppy",5
chunk,Root + Suffix,chunk + suffix,"chunkier, chunkiest, chunky",3
church,Word + Word,church + go,"churchgoer, churchgoing, churchwarden, churchyard, nonchurchgoing",5
cinema,Root + Suffix,cinema + suffix,"cinematic, cinematograph, cinematography",3
circle,Prefix + Root,prefix + circle,"encircle, semicircle",2
circle,Root + Suffix,circle + suffix,"circular, circularize, circulate, circulation, circulatory",5
circle,Prefix + Root + Suffix,prefix + circle + suffix,"encirclement, semicircular",2
circuit,Root + Suffix,circuit + suffix,"circuitously, circuitry",2
cite,Prefix + Root,prefix + cite,"incite, recite",2
cite,Root + Suffix,cite + suffix,citation,1
cite,Prefix + Root + Suffix,prefix + cite + suffix,"incitement, recital, recitation, recitative, reciter",5
citizen,Root + Suffix,citizen + suffix,"citizenry, citizenship",2
city,Word + Word,city + wide,citywide,1
civil,Prefix + Root,prefix + civil,uncivil,1
civil,Root + Suffix,civil + suffix,"civilian, civility, civilization, civilizational, civilize, civilly",6
civil,Prefix + Root + Suffix,prefix + civil + suffix,incivility,1
claim,Prefix + Root,prefix + claim,"declaim, disclaim, exclaim, proclaim, reclaim, unclaimed",6
claim,Root + Suffix,claim + suffix,claimant,1
claim,Prefix + Root + Suffix,prefix + claim + suffix,"declamation, declamatory, disclaimer, exclamation, exclamatory, proclamation, reclamation",7
class,Word + Word,class + man,"classmate, classroom, underclassman",3
class,Prefix + Root,prefix + class,outclass,1
class,Root + Suffix,class + suffix,"classic, classical, classically, classicism, classicist, classier, classiest, classifiable (+7 từ khác)",15
class,Prefix + Root + Suffix,prefix + class + suffix,"declassification, declassify, reclassification, reclassified",4
clean,Word + Word,clean + up,cleanup,1
clean,Prefix + Root,prefix + clean,unclean,1
clean,Root + Suffix,clean + suffix,"cleaner, cleanest, cleanlier, cleanliness, cleanly, cleanness",6
clean,Prefix + Root + Suffix,prefix + clean + suffix,uncleanness,1
clear,Word + Word,clear + house,"clearinghouse, clearwater, clearway",3
clear,Prefix + Root,prefix + clear,unclear,1
clear,Root + Suffix,clear + suffix,"clarification, clarify, clarity, clearance, clearer, clearest, clearly, clearness",8
clever,Root + Suffix,clever + suffix,"cleverer, cleverest, cleverly, cleverness",4
cliff,Word + Word,cliff + hang,"cliffhanger, cliffhanging",2
climate,Word + Word,climate + log,climatology,1
climate,Prefix + Root,prefix + climate,acclimate,1
climate,Root + Suffix,climate + suffix,"climatic, climatical, climatically",3
climate,Prefix + Root + Suffix,prefix + climate + suffix,"acclimation, acclimatization, acclimatize",3
climb,Root + Suffix,climb + suffix,climber,1
cling,Root + Suffix,cling + suffix,"clingier, clingiest, clingy",3
clinic,Root + Suffix,clinic + suffix,"clinical, clinically",2
clip,Word + Word,clip + board,clipboard,1
clip,Root + Suffix,clip + suffix,clipper,1
clock,Word + Word,clock + work,clockwork,1
clock,Root + Suffix,clock + suffix,clockwise,1
clock,Prefix + Root + Suffix,prefix + clock + suffix,anticlockwise,1
close,Word + Word,close + down,"closedown, closeup",2
close,Prefix + Root,prefix + close,"disclose, enclose, foreclose, inclosed, undisclosed",5
close,Root + Suffix,close + suffix,"closely, closeness, closer, closest, closure",5
close,Prefix + Root + Suffix,prefix + close + suffix,"disclosure, enclosure, foreclosure",3
cloth,Word + Word,cloth + bound,"clothbound, clothesbrush, clotheshorse, clothesline, clothespin",5
cloth,Prefix + Root,prefix + cloth,underclothes,1
cloth,Root + Suffix,cloth + suffix,clothier,1
cloud,Word + Word,cloud + burst,cloudburst,1
cloud,Prefix + Root,prefix + cloud,"overclouded, unclouded",2
cloud,Root + Suffix,cloud + suffix,"cloudier, cloudiest, cloudiness, cloudless, cloudy",5
club,Word + Word,club + foot,"clubfoot, clubhouse, clubrooms",3
club,Root + Suffix,club + suffix,clubbable,1
clue,Root + Suffix,clue + suffix,clueless,1
coach,Word + Word,coach + build,"coachbuilder, coachman, coachwork",3
coal,Word + Word,coal + face,"coalface, coalfield, coalhole, coalmine",4
coast,Word + Word,coast + guard,"coastguard, coastguardsman, coastline",3
coast,Root + Suffix,coast + suffix,"coastal, coaster, coastwise",3
coat,Word + Word,coat + tail,coattails,1
coat,Prefix + Root,prefix + coat,"overcoat, surcoat, undercoat",3
code,Prefix + Root,prefix + code,"decode, encode",2
code,Root + Suffix,code + suffix,"codification, codify",2
code,Prefix + Root + Suffix,prefix + code + suffix,decoder,1
coffee,Word + Word,coffee + cup,"coffeecup, coffeepot",2
coin,Root + Suffix,coin + suffix,"coinage, coiner",2
cold,Root + Suffix,cold + suffix,"colder, coldest, coldly, coldness",4
collapse,Root + Suffix,collapse + suffix,collapsible,1
collect,Root + Suffix,collect + suffix,"collectedly, collectible, collection, collective, collectively, collectivism, collectivization, collectivize (+1 từ khác)",9
college,Root + Suffix,college + suffix,collegiate,1
college,Prefix + Root + Suffix,prefix + college + suffix,intercollegiate,1
color,Word + Word,color + fast,"colourfast, colourfastness",2
color,Prefix + Root,prefix + color,"discolour, multicolor, uncolored",3
color,Root + Suffix,color + suffix,"coloration, colorful, colorless, colourlessly, colourlessness",5
color,Prefix + Root + Suffix,prefix + color + suffix,discolouration,1
column,Root + Suffix,column + suffix,columnist,1
combat,Root + Suffix,combat + suffix,"combatant, combative",2
combat,Prefix + Root + Suffix,prefix + combat + suffix,noncombatant,1
combine,Root + Suffix,combine + suffix,"combinable, combination, combinatorial",3
come,Word + Word,come + back,"comeback, comedown",2
come,Prefix + Root,prefix + come,"income, oncoming, outcome, overcome, upcoming",5
come,Root + Suffix,come + suffix,"comeliness, comer, cometh",3
comedy,Root + Suffix,comedy + suffix,"comedian, comedienne",2
comfort,Prefix + Root,prefix + comfort,"discomfort, uncomforted",2
comfort,Root + Suffix,comfort + suffix,"comfortable, comfortably, comforter, comfortless",4
comfort,Prefix + Root + Suffix,prefix + comfort + suffix,"uncomfortable, uncomfortably",2
comic,Root + Suffix,comic + suffix,"comical, comically",2
command,Root + Suffix,command + suffix,"commandeer, commander, commandment, commando",4
commence,Prefix + Root,prefix + commence,recommence,1
commence,Root + Suffix,commence + suffix,commencement,1
comment,Root + Suffix,comment + suffix,"commentary, commentate, commentator",3
commerce,Root + Suffix,commerce + suffix,"commercial, commercialism, commercialization, commercialize, commercially",5
commit,Prefix + Root,prefix + commit,uncommitted,1
commit,Root + Suffix,commit + suffix,"commitment, committal",2
commit,Prefix + Root + Suffix,prefix + commit + suffix,"noncommittal, noncommittally",2
common,Word + Word,common + place,"commonplace, commonwealth",2
common,Prefix + Root,prefix + common,uncommon,1
common,Root + Suffix,common + suffix,"commoner, commonest, commonly, commonness",4
common,Prefix + Root + Suffix,prefix + common + suffix,uncommonly,1
compare,Root + Suffix,compare + suffix,"comparable, comparably, comparative, comparatively, comparison",5
compare,Prefix + Root + Suffix,prefix + compare + suffix,"incomparability, incomparable, incomparably",3
compassion,Root + Suffix,compassion + suffix,"compassionate, compassionately",2
compel,Root + Suffix,compel + suffix,compellingly,1
compensate,Prefix + Root,prefix + compensate,overcompensate,1
compensate,Root + Suffix,compensate + suffix,"compensation, compensatory",2
compensate,Prefix + Root + Suffix,prefix + compensate + suffix,overcompensation,1
compete,Root + Suffix,compete + suffix,"competence, competency, competent, competently, competition, competitive, competitively, competitiveness (+1 từ khác)",9
compete,Prefix + Root + Suffix,prefix + compete + suffix,"incompetence, incompetency, incompetent, incompetently",4
compile,Root + Suffix,compile + suffix,"compilation, compiler",2
complain,Root + Suffix,complain + suffix,"complainant, complainer, complainingly",3
complain,Prefix + Root + Suffix,prefix + complain + suffix,uncomplainingly,1
complete,Prefix + Root,prefix + complete,incomplete,1
complete,Root + Suffix,complete + suffix,"completely, completeness, completion",3
complete,Prefix + Root + Suffix,prefix + complete + suffix,"incompletely, incompleteness",2
complicate,Root + Suffix,complicate + suffix,"complicatedness, complication",2
comply,Root + Suffix,comply + suffix,"compliance, compliantly",2
comply,Prefix + Root + Suffix,prefix + comply + suffix,noncompliance,1
compromise,Prefix + Root,prefix + compromise,uncompromising,1
compromise,Prefix + Root + Suffix,prefix + compromise + suffix,uncompromisingly,1
compute,Root + Suffix,compute + suffix,"computation, computational, computer, computerize",4
conceal,Root + Suffix,conceal + suffix,concealment,1
concern,Prefix + Root,prefix + concern,unconcern,1
concern,Root + Suffix,concern + suffix,concernedly,1
concern,Prefix + Root + Suffix,prefix + concern + suffix,unconcernedly,1
concert,Word + Word,concert + go,"concertgoer, concertmaster",2
concert,Prefix + Root,prefix + concert,"disconcert, preconcerted",2
concert,Root + Suffix,concert + suffix,concertedly,1
concert,Prefix + Root + Suffix,prefix + concert + suffix,disconcertingly,1
concrete,Root + Suffix,concrete + suffix,"concretely, concretion",2
condemn,Root + Suffix,condemn + suffix,"condemnation, condemnatory",2
condition,Prefix + Root,prefix + condition,"precondition, recondition, unconditioned",3
condition,Root + Suffix,condition + suffix,"conditional, conditionally, conditioner",3
condition,Prefix + Root + Suffix,prefix + condition + suffix,"unconditional, unconditionally",2
confer,Root + Suffix,confer + suffix,"conferees, conference, conferment",3
confess,Root + Suffix,confess + suffix,"confessedly, confession, confessional, confessor",4
confuse,Root + Suffix,confuse + suffix,"confusedly, confusion",2
congratulate,Root + Suffix,congratulate + suffix,"congratulation, congratulatory",2
connect,Prefix + Root,prefix + connect,"disconnect, interconnected, unconnected",3
connect,Root + Suffix,connect + suffix,"connection, connective",2
connect,Prefix + Root + Suffix,prefix + connect + suffix,"disconnectedly, disconnection, interconnectedness",3
conquer,Root + Suffix,conquer + suffix,conqueror,1
conquer,Prefix + Root + Suffix,prefix + conquer + suffix,unconquerable,1
conscience,Root + Suffix,conscience + suffix,"conscientious, conscionable",2
conscious,Prefix + Root,prefix + conscious,"preconscious, subconscious, unconscious",3
conscious,Root + Suffix,conscious + suffix,"consciously, consciousness",2
conscious,Prefix + Root + Suffix,prefix + conscious + suffix,"subconsciously, subconsciousness, unconsciously, unconsciousness",4
consecutive,Root + Suffix,consecutive + suffix,consecutively,1
consequence,Prefix + Root,prefix + consequence,inconsequence,1
consequence,Root + Suffix,consequence + suffix,"consequential, consequentially",2
consequence,Prefix + Root + Suffix,prefix + consequence + suffix,"inconsequential, inconsequentially",2
consider,Prefix + Root,prefix + consider,"reconsider, unconsidered",2
consider,Root + Suffix,consider + suffix,"considerable, considerably, considerate, considerately, considerateness, consideration",6
consider,Prefix + Root + Suffix,prefix + consider + suffix,"inconsiderable, inconsiderate, inconsiderately, inconsiderateness, reconsideration",5
constant,Prefix + Root,prefix + constant,inconstant,1
constant,Root + Suffix,constant + suffix,"constancy, constantly",2
constant,Prefix + Root + Suffix,prefix + constant + suffix,inconstancy,1
consult,Root + Suffix,consult + suffix,"consultancy, consultant, consultation, consultative",4
contemplate,Root + Suffix,contemplate + suffix,"contemplation, contemplative",2
contempt,Root + Suffix,contempt + suffix,"contemptible, contemptibly, contemptuous, contemptuously",4
contend,Root + Suffix,contend + suffix,"contender, contention, contentious, contentiously, contentiousness",5
content,Prefix + Root,prefix + content,"discontent, malcontent",2
content,Root + Suffix,content + suffix,"contentedly, contentment",2
content,Prefix + Root + Suffix,prefix + content + suffix,"discontentedly, discontentment",2
continue,Prefix + Root,prefix + continue,discontinue,1
continue,Root + Suffix,continue + suffix,"continual, continually, continuance, continuation, continuity, continuous, continuously",7
continue,Prefix + Root + Suffix,prefix + continue + suffix,"discontinuance, discontinuity, discontinuous, discontinuously",4
contract,Prefix + Root,prefix + contract,subcontract,1
contract,Root + Suffix,contract + suffix,"contractible, contraction, contractor, contractual, contractually",5
contract,Prefix + Root + Suffix,prefix + contract + suffix,subcontractor,1
control,Prefix + Root,prefix + control,"decontrol, uncontrolled",2
control,Root + Suffix,control + suffix,"controllable, controller",2
control,Prefix + Root + Suffix,prefix + control + suffix,uncontrollable,1
convenience,Prefix + Root,prefix + convenience,inconvenience,1
convenient,Prefix + Root,prefix + convenient,inconvenient,1
convenient,Root + Suffix,convenient + suffix,conveniently,1
convenient,Prefix + Root + Suffix,prefix + convenient + suffix,inconveniently,1
convention,Root + Suffix,convention + suffix,"conventional, conventionality, conventionalized, conventionally",4
convention,Prefix + Root + Suffix,prefix + convention + suffix,unconventional,1
convey,Root + Suffix,convey + suffix,"conveyance, conveyancer, conveyer, conveyor",4
convict,Root + Suffix,convict + suffix,conviction,1
convince,Prefix + Root,prefix + convince,unconvincing,1
convince,Root + Suffix,convince + suffix,convincingly,1
cook,Word + Word,cook + book,"cookbook, cookfire, cookhouse",3
cook,Prefix + Root,prefix + cook,"overcooked, precook",2
cook,Root + Suffix,cook + suffix,"cooker, cookery, cookie",3
cool,Word + Word,cool + head,coolheaded,1
cool,Prefix + Root,prefix + cool,overcooled,1
cool,Root + Suffix,cool + suffix,"coolant, cooler, coolest, coolish, coolly, coolness",6
cope,Word + Word,cope + stone,copestone,1
copper,Word + Word,copper + head,"copperhead, copperplate",2
copper,Root + Suffix,copper + suffix,coppery,1
copy,Word + Word,copy + book,"copybook, copycat, copygirl, copyhold, copyholder, copyright, copywriter",7
copy,Prefix + Root,prefix + copy,recopied,1
copy,Root + Suffix,copy + suffix,"copier, copyist",2
core,Root + Suffix,core + suffix,corer,1
corner,Word + Word,corner + stone,cornerstone,1
correct,Prefix + Root,prefix + correct,incorrect,1
correct,Root + Suffix,correct + suffix,"correction, correctitude, corrective, correctively, correctly, correctness, corrigible",7
correct,Prefix + Root + Suffix,prefix + correct + suffix,"incorrectly, incorrectness, incorrigibility, incorrigible, incorrigibly",5
correspond,Root + Suffix,correspond + suffix,"correspondence, correspondent, correspondingly",3
cost,Root + Suffix,cost + suffix,"costlier, costliest, costliness, costly",4
costume,Root + Suffix,costume + suffix,costumer,1
cottage,Root + Suffix,cottage + suffix,cottager,1
cotton,Word + Word,cotton + mouth,"cottonmouth, cottonseed, cottontail",3
counsel,Word + Word,counsel + man,"councilman, councilwoman",2
counsel,Root + Suffix,counsel + suffix,"councillorship, counselor",2
count,Word + Word,count + down,"countdown, countinghouse",2
count,Prefix + Root,prefix + count,"discount, miscount, recount, uncounted",4
count,Root + Suffix,count + suffix,"countable, countesses, countless",3
counter,Word + Word,counter + act,"counteract, counteraction, counterattack, counterattacker, counterattraction, counterbalance, counterblast, counterclaim (+11 từ khác)",19
counter,Prefix + Root,prefix + counter,encounter,1
country,Word + Word,country + man,"countryman, countryside, countrywide, countrywoman",4
country,Prefix + Root,prefix + country,"crosscountry, upcountry",2
country,Root + Suffix,country + suffix,countrified,1
couple,Prefix + Root,prefix + couple,uncouple,1
couple,Root + Suffix,couple + suffix,"coupler, couplet",2
courage,Prefix + Root,prefix + courage,"discourage, encourage",2
courage,Root + Suffix,courage + suffix,"courageous, courageously, courageousness",3
courage,Prefix + Root + Suffix,prefix + courage + suffix,"discouragement, discouragingly, encouragement, encouragingly, uncourageous",5
course,Prefix + Root,prefix + course,intercourse,1
course,Root + Suffix,course + suffix,courser,1
court,Word + Word,court + house,"courthouse, courtroom, courtyard",3
court,Prefix + Root,prefix + court,forecourt,1
court,Root + Suffix,court + suffix,"courtier, courtlier, courtliness, courtly, courtship",5
courtesy,Prefix + Root,prefix + courtesy,discourtesy,1
cousin,Root + Suffix,cousin + suffix,cousinly,1
cousin,Prefix + Root + Suffix,prefix + cousin + suffix,uncousinly,1
cover,Word + Word,cover + all,coverall,1
cover,Prefix + Root,prefix + cover,"recovers, uncover, undercover",3
cover,Root + Suffix,cover + suffix,"coverage, coverlet",2
cow,Word + Word,cow + bell,"cowbell, cowbird, cowboy, cowcatcher, cowgirl, cowhand, cowheel, cowhide (+5 từ khác)",13
crack,Word + Word,crack + brain,"crackbrained, crackdown, crackpot, cracksman",4
crack,Root + Suffix,crack + suffix,cracker,1
craft,Word + Word,craft + man,"craftsman, craftsmanship",2
craft,Root + Suffix,craft + suffix,"crafter, craftier, craftiest, craftily, craftiness, crafty",6
crash,Root + Suffix,crash + suffix,crasher,1
crawl,Word + Word,crawl + space,crawlspace,1
crawl,Root + Suffix,crawl + suffix,crawler,1
cream,Root + Suffix,cream + suffix,"creamer, creamery, creamier, creamiest, creaminess, creamy",6
create,Prefix + Root,prefix + create,"procreate, recreate",2
create,Root + Suffix,create + suffix,"creation, creative, creatively, creativeness, creativity, creator",6
create,Prefix + Root + Suffix,prefix + create + suffix,"procreation, procreative, procreativity",3
credit,Prefix + Root,prefix + credit,"accredit, discredit",2
credit,Root + Suffix,credit + suffix,"creditable, creditably, creditor",3
credit,Prefix + Root + Suffix,prefix + credit + suffix,"accreditation, discreditable, discreditably",3
creep,Root + Suffix,creep + suffix,"creeper, creepier, creepiest, creepily, creepiness, creepy",6
crew,Word + Word,crew + cut,"crewcut, crewman, crewmember",3
crimin,Root + Word,crimin + log,"criminologist, criminology",2
crimin,Root + Suffix,crimin + suffix,"criminal, criminality, criminally",3
crimin,Prefix + Root + Suffix,prefix + crimin + suffix,"discriminate, discrimination, discriminatory, incriminate, incrimination, indiscriminate, indiscriminately, nondiscriminatory (+3 từ khác)",11
critic,Root + Suffix,critic + suffix,"critical, criticality, critically, criticism, criticize",5
critic,Prefix + Root + Suffix,prefix + critic + suffix,"hypercritical, hypercritically, supercritical, uncritical, uncritically",5
crop,Prefix + Root,prefix + crop,outcrop,1
crop,Root + Suffix,crop + suffix,cropper,1
cross,Prefix + Root,prefix + cross,uncross,1
cross,Root + Suffix,cross + suffix,"crosser, crossest, crossly, crossness, crosswise",5
crowd,Prefix + Root,prefix + crowd,overcrowd,1
crowd,Root + Suffix,crowd + suffix,crowdedness,1
crown,Prefix + Root,prefix + crown,uncrowned,1
crucial,Root + Suffix,crucial + suffix,crucially,1
crude,Root + Suffix,crude + suffix,"crudely, cruder, crudest, crudity",4
cruel,Root + Suffix,cruel + suffix,"cruelest, crueller, cruelly, cruelness, cruelty",5
cruise,Root + Suffix,cruise + suffix,cruiser,1
crush,Root + Suffix,crush + suffix,"crusher, crushingly",2
crush,Prefix + Root + Suffix,prefix + crush + suffix,uncrushable,1
cry,Word + Word,cry + baby,crybaby,1
cry,Prefix + Root,prefix + cry,"decry, outcry",2
cry,Root + Suffix,cry + suffix,crier,1
crystal,Root + Suffix,crystal + suffix,"crystalline, crystallite, crystallization, crystallize",4
crystal,Prefix + Root + Suffix,prefix + crystal + suffix,polycrystalline,1
cue,Prefix + Root,prefix + cue,miscue,1
cult,Root + Suffix,cult + suffix,cultist,1
culture,Root + Suffix,culture + suffix,"cultural, culturally",2
culture,Prefix + Root + Suffix,prefix + culture + suffix,"acculturated, acculturation, transcultural",3
cup,Word + Word,cup + cake,cupcake,1
cup,Root + Suffix,cup + suffix,cupful,1
cure,Root + Suffix,cure + suffix,"curability, curable, curably, curative",4
cure,Prefix + Root + Suffix,prefix + cure + suffix,"incurable, incurably",2
curious,Prefix + Root,prefix + curious,"incurious, overcurious",2
curious,Root + Suffix,curious + suffix,"curiosity, curiously",2
current,Prefix + Root,prefix + current,"crosscurrent, undercurrent",2
current,Root + Suffix,current + suffix,currently,1
curve,Root + Suffix,curve + suffix,"curvaceous, curvaceously, curvature",3
custody,Root + Suffix,custody + suffix,"custodial, custodian, custodianship",3
custom,Word + Word,custom + house,customhouse,1
custom,Prefix + Root,prefix + custom,"accustom, unaccustomed",2
custom,Root + Suffix,custom + suffix,"customarily, customary, customer",3
cut,Word + Word,cut + back,"cutback, cutoff, cutout, cutthroat, cutworm",5
cut,Prefix + Root,prefix + cut,"crosscut, precut, uncut, undercut",4
cut,Root + Suffix,cut + suffix,"cutlets, cutter, cuttingly",3
cute,Root + Suffix,cute + suffix,"cutely, cuteness, cuter, cutest",4
cycle,Prefix + Root,prefix + cycle,"bicycle, epicycle, kilocycle, recycle, tricycle",5
cycle,Root + Suffix,cycle + suffix,"cyclic, cyclical, cyclically, cyclist",4
cycle,Prefix + Root + Suffix,prefix + cycle + suffix,"bicyclist, encyclical, epicyclically",3
dad,Root + Suffix,dad + suffix,daddy,1
dairy,Word + Word,dairy + man,dairyman,1
damage,Prefix + Root,prefix + damage,undamaged,1
dance,Word + Word,dance + like,dancelike,1
dance,Root + Suffix,dance + suffix,dancer,1
danger,Prefix + Root,prefix + danger,endanger,1
danger,Root + Suffix,danger + suffix,"dangerous, dangerously",2
dare,Word + Word,dare + devil,daredevil,1
dare,Root + Suffix,dare + suffix,daringly,1
dark,Word + Word,dark + hair,"darkhaired, darkroom",2
dark,Root + Suffix,dark + suffix,"darken, darker, darkest, darkies, darkly, darkness",6
date,Word + Word,date + line,dateline,1
date,Prefix + Root,prefix + date,"antedate, backdate, misdate, outdate, postdate, undated, update",7
date,Root + Suffix,date + suffix,"datable, dateless",2
daughter,Root + Suffix,daughter + suffix,daughterly,1
day,Word + Word,day + bed,"daybed, daybreak, daydream, daydreamer, daygirl, daylight, daytime",7
day,Prefix + Root,prefix + day,"midday, mondays",2
day,Root + Suffix,day + suffix,daily,1
dead,Word + Word,dead + head,"deadheads, deadline, deadlock, deadpan, deadwood",5
dead,Root + Suffix,dead + suffix,"deaden, deadlier, deadliest, deadliness, deadly, deadness",6
deal,Prefix + Root,prefix + deal,misdeal,1
deal,Root + Suffix,deal + suffix,"dealer, dealerships, dealt",3
deal,Prefix + Root + Suffix,prefix + deal + suffix,misdealt,1
dear,Word + Word,dear + born,dearborn,1
dear,Prefix + Root,prefix + dear,endeared,1
dear,Root + Suffix,dear + suffix,"dearer, dearest, dearly, dearness, deary",5
dear,Prefix + Root + Suffix,prefix + dear + suffix,"endearingly, endearment",2
death,Word + Word,death + bed,"deathbed, deathblow, deathlike, deathward",4
death,Prefix + Root,prefix + death,megadeath,1
death,Root + Suffix,death + suffix,"deathless, deathly",2
debate,Root + Suffix,debate + suffix,"debatable, debater",2
debt,Prefix + Root,prefix + debt,indebted,1
debt,Root + Suffix,debt + suffix,debtor,1
debt,Prefix + Root + Suffix,prefix + debt + suffix,indebtedness,1
decent,Prefix + Root,prefix + decent,indecent,1
decent,Root + Suffix,decent + suffix,decently,1
decent,Prefix + Root + Suffix,prefix + decent + suffix,indecently,1
decide,Prefix + Root,prefix + decide,undecided,1
decide,Root + Suffix,decide + suffix,"decidedly, decision, decisional, decisive, decisively, decisiveness",6
decide,Prefix + Root + Suffix,prefix + decide + suffix,"indecision, indecisive, indecisively, indecisiveness, undecidedly, undecidedness",6
deck,Prefix + Root,prefix + deck,bedeck,1
declare,Prefix + Root,prefix + declare,undeclared,1
declare,Root + Suffix,declare + suffix,"declarable, declaration, declarative, declaratory",4
dedicate,Prefix + Root,prefix + dedicate,"rededicate, undedicated",2
dedicate,Root + Suffix,dedicate + suffix,"dedicatedly, dedication",2
deed,Word + Word,deed + poll,deedpoll,1
deed,Prefix + Root,prefix + deed,misdeed,1
deep,Root + Suffix,deep + suffix,"deepen, deeper, deepest, deeply, deepness",5
default,Root + Suffix,default + suffix,defaulter,1
defeat,Root + Suffix,defeat + suffix,"defeatism, defeatist",2
defence,Root + Suffix,defence + suffix,"defenceless, defencelessly, defencelessness",3
defend,Prefix + Root,prefix + defend,undefended,1
defend,Root + Suffix,defend + suffix,"defendant, defender",2
define,Prefix + Root,prefix + define,"redefined, undefined",2
define,Root + Suffix,define + suffix,"definable, definite, definitely, definition, definitive, definitively",6
define,Prefix + Root + Suffix,prefix + define + suffix,"indefinable, indefinably, indefinite, indefinitely, indefiniteness, redefinition",6
defy,Root + Suffix,defy + suffix,"defiance, defiant, defiantly",3
delete,Root + Suffix,delete + suffix,deletion,1
deliberate,Root + Suffix,deliberate + suffix,"deliberately, deliberateness, deliberation, deliberative",4
delicious,Root + Suffix,delicious + suffix,"deliciously, deliciousness",2
delight,Root + Suffix,delight + suffix,"delightful, delightfully",2
deliver,Word + Word,deliver + man,deliveryman,1
deliver,Root + Suffix,deliver + suffix,"deliverance, deliverer, delivery",3
demon,Root + Suffix,demon + suffix,"demoniac, demoniacal, demoniacally, demonic, demonically",5
dense,Root + Suffix,dense + suffix,"densely, denseness, denser, densest, density",5
deny,Root + Suffix,deny + suffix,"deniable, deniably, denial",3
deny,Prefix + Root + Suffix,prefix + deny + suffix,"undeniable, undeniably",2
depart,Root + Suffix,depart + suffix,departure,1
department,Root + Suffix,department + suffix,departmental,1
department,Prefix + Root + Suffix,prefix + department + suffix,"interdepartmental, intradepartmental",2
deploy,Prefix + Root,prefix + deploy,redeploy,1
deploy,Root + Suffix,deploy + suffix,deployment,1
deploy,Prefix + Root + Suffix,prefix + deploy + suffix,redeployment,1
deposit,Root + Suffix,deposit + suffix,"deposition, depositor, depository",3
deposit,Prefix + Root + Suffix,prefix + deposit + suffix,"antiredeposition, redeposition",2
deprive,Root + Suffix,deprive + suffix,deprivation,1
derive,Root + Suffix,derive + suffix,"derivable, derivation, derivative, derivatively, derivatives",5
descend,Root + Suffix,descend + suffix,descendant,1
desert,Root + Suffix,desert + suffix,"deserter, desertion",2
design,Root + Suffix,design + suffix,"designate, designation, designedly, designer",4
desire,Root + Suffix,desire + suffix,"desirability, desirable, desirably, desirous",4
desire,Prefix + Root + Suffix,prefix + desire + suffix,"undesirability, undesirable, undesirably",3
desk,Word + Word,desk + work,deskwork,1
desperate,Root + Suffix,desperate + suffix,"desperately, desperation",2
destroy,Root + Suffix,destroy + suffix,destroyer,1
detect,Prefix + Root,prefix + detect,undetected,1
detect,Root + Suffix,detect + suffix,"detectable, detection, detective, detector",4
detect,Prefix + Root + Suffix,prefix + detect + suffix,undetectable,1
deteriorate,Root + Suffix,deteriorate + suffix,deterioration,1
determine,Prefix + Root,prefix + determine,"codetermines, predetermine, undetermined",3
determine,Root + Suffix,determine + suffix,"determinability, determinable, determinant, determinate, determination, determinative, determinedly, determiner (+2 từ khác)",10
determine,Prefix + Root + Suffix,prefix + determine + suffix,"indeterminable, indeterminably, indeterminacy, indeterminate, predetermination, predeterminer",6
devastate,Root + Suffix,devastate + suffix,"devastatingly, devastation",2
develop,Prefix + Root,prefix + develop,"overdeveloped, underdeveloped, undeveloped",3
develop,Root + Suffix,develop + suffix,"developer, development, developmental, developmentally",4
develop,Prefix + Root + Suffix,prefix + develop + suffix,"redevelopers, redevelopment",2
devil,Prefix + Root,prefix + devil,bedevil,1
devil,Root + Suffix,devil + suffix,"devilish, devilishly, devilishness, devilment, devilry",5
devil,Prefix + Root + Suffix,prefix + devil + suffix,bedevilment,1
devise,Root + Suffix,devise + suffix,devisee,1
devote,Root + Suffix,devote + suffix,"devotedly, devotee, devotion, devotional",4
diagram,Root + Suffix,diagram + suffix,"diagrammatic, diagrammatical, diagrammatically",3
die,Word + Word,die + hard,diehard,1
die,Prefix + Root,prefix + die,undying,1
die,Root + Suffix,die + suffix,dyers,1
diet,Root + Suffix,diet + suffix,"dietary, dieters, dietetic, dietetics, dietician",5
differ,Root + Suffix,differ + suffix,"difference, different, differentiable, differential, differentiate, differentiation, differently",7
differ,Prefix + Root + Suffix,prefix + differ + suffix,"indifference, indifferent, indifferently, undifferentiated",4
difficult,Root + Suffix,difficult + suffix,difficulty,1
dig,Root + Suffix,dig + suffix,digger,1
dimension,Root + Suffix,dimension + suffix,"dimensional, dimensionally",2
dimension,Prefix + Root + Suffix,prefix + dimension + suffix,multidimensional,1
diminish,Prefix + Root,prefix + diminish,undiminished,1
dinner,Word + Word,dinner + time,dinnertime,1
dip,Word + Word,dip + stick,"dipstick, dipswitch",2
dip,Root + Suffix,dip + suffix,dipper,1
direct,Prefix + Root,prefix + direct,"indirect, misdirect, redirect",3
direct,Root + Suffix,direct + suffix,"direction, directional, directionality, directionally, directive, directly, directness, director (+3 từ khác)",11
direct,Prefix + Root + Suffix,prefix + direct + suffix,"indirection, indirectly, indirectness, misdirection, unidirectional",5
dirt,Root + Suffix,dirt + suffix,"dirtier, dirtiest, dirtily, dirty",4
disaster,Root + Suffix,disaster + suffix,"disastrous, disastrously",2
discipline,Prefix + Root,prefix + discipline,"indiscipline, undisciplined",2
discipline,Root + Suffix,discipline + suffix,"disciplinarian, disciplinary",2
discipline,Prefix + Root + Suffix,prefix + discipline + suffix,interdisciplinary,1
discours,Root + Suffix,discours + suffix,discursive,1
discover,Prefix + Root,prefix + discover,rediscover,1
discover,Root + Suffix,discover + suffix,"discoverable, discoverer, discovery",3
dish,Word + Word,dish + cloth,"dishcloth, dishwasher, dishwater",3
dish,Root + Suffix,dish + suffix,"dishful, dishier, dishiest, dishy",4
disk,Root + Suffix,disk + suffix,discoid,1
dispute,Prefix + Root,prefix + dispute,undisputed,1
dispute,Root + Suffix,dispute + suffix,"disputable, disputably, disputant, disputation, disputatious, disputatiously",6
dispute,Prefix + Root + Suffix,prefix + dispute + suffix,"indisputable, indisputably",2
distance,Prefix + Root,prefix + distance,outdistance,1
distant,Root + Suffix,distant + suffix,distantly,1
distinct,Prefix + Root,prefix + distinct,indistinct,1
distinct,Root + Suffix,distinct + suffix,"distinction, distinctive, distinctively, distinctiveness, distinctly, distinctness",6
distinct,Prefix + Root + Suffix,prefix + distinct + suffix,"indistinctly, indistinctness",2
distinguish,Prefix + Root,prefix + distinguish,undistinguished,1
distinguish,Root + Suffix,distinguish + suffix,distinguishable,1
distinguish,Prefix + Root + Suffix,prefix + distinguish + suffix,"indistinguishable, indistinguishably",2
distress,Root + Suffix,distress + suffix,"distressful, distressfully, distressingly",3
disturb,Prefix + Root,prefix + disturb,undisturbed,1
disturb,Root + Suffix,disturb + suffix,"disturbance, disturber, disturbingly",3
dive,Word + Word,dive + board,divingboard,1
dive,Root + Suffix,dive + suffix,diver,1
diverse,Root + Suffix,diverse + suffix,"diversely, diversification, diversify, diversion, diversionary, diversionist, diversity",7
divide,Prefix + Root,prefix + divide,"subdivide, undivided",2
divide,Root + Suffix,divide + suffix,"dividend, divider, divisible, division, divisional, divisive, divisively, divisiveness (+1 từ khác)",9
divide,Prefix + Root + Suffix,prefix + divide + suffix,"individual, individualism, individualist, individualistic, individuality, individualization, individualize, individually (+5 từ khác)",13
divine,Root + Suffix,divine + suffix,"divination, divinely, diviner, divinity",4
divorce,Root + Suffix,divorce + suffix,divorcee,1
do,Prefix + Root,prefix + do,"misdoing, outdo, overdo, redo, undo",5
do,Root + Suffix,do + suffix,doer,1
doctor,Root + Suffix,doctor + suffix,"doctoral, doctorate",2
doctrine,Root + Suffix,doctrine + suffix,"doctrinaire, doctrinal, doctrinally",3
doctrine,Prefix + Root + Suffix,prefix + doctrine + suffix,"indoctrinate, indoctrination",2
document,Root + Suffix,document + suffix,"documentary, documentation",2
dog,Word + Word,dog + body,"dogfight, dogfish, doghouse, dogleg, dogsbody, dogtooth, dogwood",7
dog,Prefix + Root,prefix + dog,underdog,1
dog,Root + Suffix,dog + suffix,"doggedly, doggedness, doggy",3
domestic,Root + Suffix,domestic + suffix,"domestically, domesticate, domestication, domesticity",4
domestic,Prefix + Root + Suffix,prefix + domestic + suffix,undomesticated,1
door,Word + Word,door + bell,"doorbell, doorframe, doorhandle, doorkeeper, doorknocker, doorman, doornail, doorplate (+3 từ khác)",11
door,Prefix + Root,prefix + door,"indoor, outdoor",2
dose,Prefix + Root,prefix + dose,overdose,1
dose,Root + Suffix,dose + suffix,dosage,1
dot,Prefix + Root,prefix + dot,microdot,1
dot,Root + Suffix,dot + suffix,"dottier, dottiest, dotty",3
double,Word + Word,double + head,doubleheader,1
double,Prefix + Root,prefix + double,redouble,1
double,Root + Suffix,double + suffix,doubly,1
doubt,Prefix + Root,prefix + doubt,undoubted,1
doubt,Root + Suffix,doubt + suffix,"doubter, doubtful, doubtfully, doubtingly, doubtless, dubiety, dubious, dubiously (+2 từ khác)",10
doubt,Prefix + Root + Suffix,prefix + doubt + suffix,"indubitable, indubitably, undoubtedly",3
down,Root + Suffix,down + suffix,"downer, downier, downward, downy",4
draft,Prefix + Root,prefix + draft,overdraft,1
draft,Root + Suffix,draft + suffix,"draftee, drafters",2
drag,Word + Word,drag + net,dragnet,1
drag,Root + Suffix,drag + suffix,dragger,1
drain,Word + Word,drain + pipe,drainpipe,1
drain,Root + Suffix,drain + suffix,drainage,1
drama,Root + Suffix,drama + suffix,"dramatic, dramatically, dramatist, dramatization, dramatize",5
draw,Word + Word,draw + back,"drawback, drawbridge",2
draw,Prefix + Root,prefix + draw,overdrawing,1
draw,Root + Suffix,draw + suffix,drawn,1
draw,Prefix + Root + Suffix,prefix + draw + suffix,"indrawn, overdrawn",2
dream,Word + Word,dream + boat,"dreamboat, dreamland, dreamlike, dreamworld",4
dream,Prefix + Root,prefix + dream,undreamed,1
dream,Root + Suffix,dream + suffix,"dreamer, dreamier, dreamily, dreaminess, dreamless, dreamlessly, dreamt, dreamy",8
dream,Prefix + Root + Suffix,prefix + dream + suffix,undreamt,1
dress,Word + Word,dress + make,"dressmaker, dressmaking",2
dress,Prefix + Root,prefix + dress,"overdress, undress",2
dress,Root + Suffix,dress + suffix,"dresser, dressier, dressiest, dressy",4
drift,Word + Word,drift + net,"driftnet, driftwood",2
drift,Root + Suffix,drift + suffix,drifter,1
drink,Root + Suffix,drink + suffix,"drinkable, drinker",2
drink,Prefix + Root + Suffix,prefix + drink + suffix,undrinkable,1
drive,Word + Word,drive + way,driveway,1
drive,Prefix + Root,prefix + drive,overdrive,1
drive,Root + Suffix,drive + suffix,driver,1
drop,Word + Word,drop + out,dropout,1
drop,Root + Suffix,drop + suffix,"droplet, dropper",2
drug,Word + Word,drug + store,drugstore,1
drug,Root + Suffix,drug + suffix,druggist,1
drum,Word + Word,drum + beat,"drumbeat, drumhead, drumstick",3
drum,Root + Suffix,drum + suffix,drummer,1
drunk,Root + Suffix,drunk + suffix,"drunkard, drunken, drunkenly, drunkenness, drunker, drunkest",6
dry,Prefix + Root,prefix + dry,nondrying,1
dry,Root + Suffix,dry + suffix,"drier, driest, drily, dryness",4
dual,Root + Suffix,dual + suffix,"dualism, dualities",2
due,Prefix + Root,prefix + due,"overdue, undue",2
due,Root + Suffix,due + suffix,duly,1
due,Prefix + Root + Suffix,prefix + due + suffix,unduly,1
dull,Root + Suffix,dull + suffix,"dullard, duller, dullest, dullness, dully",5
dumb,Word + Word,dumb + bell,"dumbbell, dumbfound, dumbwaiter",3
dumb,Root + Suffix,dumb + suffix,"dumber, dumbest, dumbly, dumbness, dummy",5
dump,Root + Suffix,dump + suffix,"dumper, dumpier, dumpiest, dumpling, dumpy",5
dust,Word + Word,dust + bin,"dustbin, dustcoat, dustman, dustpan, dustsheet, dustup",6
dust,Root + Suffix,dust + suffix,"duster, dustier, dustiest, dustless, dusty",5
duty,Root + Suffix,duty + suffix,"duteous, dutiable, dutiful, dutifully, dutifulness",5
dynamic,Root + Suffix,dynamic + suffix,"dynamical, dynamically",2
eager,Prefix + Root,prefix + eager,overeager,1
eager,Root + Suffix,eager + suffix,"eagerer, eagerest, eagerly, eagerness",4
ear,Root + Word,ear + phon,earphone,1
ear,Word + Word,ear + drum,"eardrum, earmark, earpiece, earplug, earring, earshot, earsplitting",7
ear,Root + Suffix,ear + suffix,earful,1
early,Root + Suffix,early + suffix,"earlier, earliest, earliness",3
earn,Prefix + Root,prefix + earn,unearned,1
earn,Root + Suffix,earn + suffix,earner,1
earth,Word + Word,earth + bound,"earthbound, earthmoving, earthshaking, earthshakingly, earthwork, earthworm",6
earth,Prefix + Root,prefix + earth,unearth,1
earth,Root + Suffix,earth + suffix,"earthen, earthier, earthiest, earthiness, earthling, earthly, earthy",7
earth,Prefix + Root + Suffix,prefix + earth + suffix,"unearthliness, unearthly",2
ease,Word + Word,ease + go,easygoing,1
ease,Prefix + Root,prefix + ease,unease,1
ease,Root + Suffix,ease + suffix,"easement, easier, easiest, easily, easiness, easy",6
ease,Prefix + Root + Suffix,prefix + ease + suffix,"uneasier, uneasiest, uneasily, uneasiness, uneasy",5
east,Word + Word,east + bound,"eastbound, easternmost",2
east,Root + Suffix,east + suffix,"easterly, eastern, easterner, easters, eastward",5
eat,Prefix + Root,prefix + eat,overeat,1
eat,Root + Suffix,eat + suffix,"eatable, eaten, eater",3
eat,Prefix + Root + Suffix,prefix + eat + suffix,uneaten,1
edge,Root + Suffix,edge + suffix,"edgewise, edgier, edgiest, edgily, edgy",5
edit,Prefix + Root,prefix + edit,subedit,1
edit,Root + Suffix,edit + suffix,"edition, editor, editorial, editorialist, editorialize, editorially, editorship",7
edit,Prefix + Root + Suffix,prefix + edit + suffix,"coeditors, subeditor",2
educate,Prefix + Root,prefix + educate,"reeducate, undereducated, uneducated",3
educate,Root + Suffix,educate + suffix,"education, educational, educationalist, educationally, educationist, educator",6
educate,Prefix + Root + Suffix,prefix + educate + suffix,"coeducation, coeducational, reeducation",3
efficiency,Prefix + Root,prefix + efficiency,inefficiency,1
efficient,Prefix + Root,prefix + efficient,inefficient,1
efficient,Root + Suffix,efficient + suffix,efficiently,1
efficient,Prefix + Root + Suffix,prefix + efficient + suffix,inefficiently,1
effort,Root + Suffix,effort + suffix,"effortless, effortlessly, effortlessness",3
egg,Word + Word,egg + beat,"eggbeater, eggcup, egghead, eggplant, eggshell",5
ego,Word + Word,ego + trip,egotrip,1
ego,Prefix + Root,prefix + ego,superego,1
ego,Root + Suffix,ego + suffix,"egoism, egoist, egoistic, egoistically, egotistical",5
eight,Root + Suffix,eight + suffix,"eighteen, eighteenth, eighth, eightieth, eightsome, eighty",6
elbow,Word + Word,elbow + room,elbowroom,1
electr,Prefix + Root,prefix + electr,reelected,1
electr,Root + Suffix,electr + suffix,"election, electioneer, elective, elector, electoral, electorate, electric, electrical (+10 từ khác)",18
electr,Prefix + Root + Suffix,prefix + electr + suffix,"microelectronics, reelection",2
elegant,Prefix + Root,prefix + elegant,inelegant,1
elegant,Root + Suffix,elegant + suffix,elegantly,1
elegant,Prefix + Root + Suffix,prefix + elegant + suffix,inelegantly,1
element,Root + Suffix,element + suffix,elemental,1
elephant,Root + Suffix,elephant + suffix,"elephantiasis, elephantine",2
elevate,Root + Suffix,elevate + suffix,"elevation, elevator",2
eleven,Root + Suffix,eleven + suffix,"elevenses, eleventh",2
elite,Root + Suffix,elite + suffix,"elitism, elitist",2
else,Word + Word,else + where,elsewhere,1
embarrass,Root + Suffix,embarrass + suffix,"embarrassingly, embarrassment",2
emphasis,Prefix + Root,prefix + emphasis,overemphasis,1
emphasize,Prefix + Root,prefix + emphasize,overemphasized,1
empire,Root + Suffix,empire + suffix,"imperative, imperatively, imperial, imperialism, imperialist, imperialistic, imperialistically, imperially (+3 từ khác)",11
employ,Prefix + Root,prefix + employ,unemployed,1
employ,Root + Suffix,employ + suffix,"employable, employee, employer, employment",4
employ,Prefix + Root + Suffix,prefix + employ + suffix,"preemployment, unemployable, unemployment",3
empty,Root + Suffix,empty + suffix,"emptier, emptiest, emptily, emptiness",4
end,Word + Word,end + game,"endgame, endpaper, endpoints",3
end,Prefix + Root,prefix + end,"unending, upend",2
end,Root + Suffix,end + suffix,"endless, endlessly",2
end,Prefix + Root + Suffix,prefix + end + suffix,unendingly,1
endorse,Root + Suffix,endorse + suffix,endorsement,1
endure,Root + Suffix,endure + suffix,"endurable, endurance, enduringly",3
endure,Prefix + Root + Suffix,prefix + endure + suffix,unendurable,1
engage,Prefix + Root,prefix + engage,disengage,1
engage,Root + Suffix,engage + suffix,"engagement, engagingly",2
engage,Prefix + Root + Suffix,prefix + engage + suffix,disengagement,1
engine,Root + Suffix,engine + suffix,engineer,1
enhance,Root + Suffix,enhance + suffix,enhancement,1
enorm,Root + Suffix,enorm + suffix,"enormously, enormousness",2
enter,Prefix + Root,prefix + enter,reentered,1
enter,Root + Suffix,enter + suffix,"enteritis, entrance, entrant, entry",4
enterprise,Root + Suffix,enterprise + suffix,enterprisingly,1
entire,Root + Suffix,entire + suffix,"entirely, entirety",2
entity,Prefix + Root,prefix + entity,nonentity,1
entrepreneur,Root + Suffix,entrepreneur + suffix,entrepreneurial,1
episode,Root + Suffix,episode + suffix,"episodic, episodically",2
equip,Root + Suffix,equip + suffix,"equipage, equipment",2
erect,Root + Suffix,erect + suffix,"erection, erectly, erectness",3
escalate,Root + Suffix,escalate + suffix,"escalation, escalator",2
escape,Word + Word,escape + log,"escapologist, escapology",2
escape,Root + Suffix,escape + suffix,"escapable, escapade, escapee, escapism, escapist",5
escape,Prefix + Root + Suffix,prefix + escape + suffix,"inescapable, inescapably",2
essay,Root + Suffix,essay + suffix,essayist,1
essence,Prefix + Root,prefix + essence,quintessence,1
essence,Root + Suffix,essence + suffix,"essential, essentially",2
essence,Prefix + Root + Suffix,prefix + essence + suffix,"inessential, quintessential, quintessentially",3
establish,Prefix + Root,prefix + establish,"disestablish, reestablish",2
establish,Root + Suffix,establish + suffix,establishment,1
establish,Prefix + Root + Suffix,prefix + establish + suffix,disestablishment,1
eternal,Root + Suffix,eternal + suffix,eternally,1
ethic,Root + Suffix,ethic + suffix,"ethical, ethically, ethicist",3
even,Word + Word,even + song,evensong,1
even,Prefix + Root,prefix + even,uneven,1
even,Root + Suffix,even + suffix,"evenly, evenness",2
even,Prefix + Root + Suffix,prefix + even + suffix,"unevenly, unevenness",2
event,Root + Suffix,event + suffix,"eventful, eventfully, eventual, eventuality, eventuate",5
event,Prefix + Root + Suffix,prefix + event + suffix,"uneventful, uneventfully",2
ever,Word + Word,ever + green,"evergreen, everlasting, everlastingly, evermore",4
ever,Prefix + Root,prefix + ever,forever,1
every,Word + Word,every + body,"everybody, everyday, everyone, everything, everywhere",5
evidence,Root + Suffix,evidence + suffix,evidential,1
evident,Root + Suffix,evident + suffix,evidently,1
evil,Word + Word,evil + do,evildoer,1
evil,Root + Suffix,evil + suffix,evilly,1
evoke,Root + Suffix,evoke + suffix,"evocation, evocative",2
exact,Prefix + Root,prefix + exact,inexact,1
exact,Root + Suffix,exact + suffix,"exaction, exactitude, exactly, exactness",4
exact,Prefix + Root + Suffix,prefix + exact + suffix,"inexactitude, inexactness",2
exaggerate,Root + Suffix,exaggerate + suffix,"exaggeratedly, exaggeration",2
examine,Prefix + Root,prefix + examine,"reexamine, unexamined",2
examine,Root + Suffix,examine + suffix,"examination, examiner",2
examine,Prefix + Root + Suffix,prefix + examine + suffix,reexamination,1
example,Prefix + Root,prefix + example,unexampled,1
example,Root + Suffix,example + suffix,"exemplar, exemplary, exemplification, exemplify",4
exceed,Root + Suffix,exceed + suffix,exceedingly,1
excite,Prefix + Root,prefix + excite,overexcited,1
excite,Root + Suffix,excite + suffix,"excitability, excitable, excitatory, excitedly, excitement",5
excuse,Root + Suffix,excuse + suffix,"excusable, excusably",2
excuse,Prefix + Root + Suffix,prefix + excuse + suffix,"inexcusable, inexcusably",2
execute,Root + Suffix,execute + suffix,"execution, executioner, executive, executor",4
exert,Root + Suffix,exert + suffix,exertion,1
exist,Prefix + Root,prefix + exist,coexist,1
exist,Root + Suffix,exist + suffix,"existence, existent, existential, existentialism, existentialist",5
exist,Prefix + Root + Suffix,prefix + exist + suffix,"coexistence, coexistent, nonexistent",3
expand,Root + Suffix,expand + suffix,"expandable, expansion, expansionist, expansive, expansively, expansiveness",6
expect,Prefix + Root,prefix + expect,unexpected,1
expect,Root + Suffix,expect + suffix,"expectable, expectance, expectancy, expectant, expectantly, expectation, expectedly",7
expect,Prefix + Root + Suffix,prefix + expect + suffix,unexpectedly,1
expense,Root + Suffix,expense + suffix,"expensive, expensively",2
expense,Prefix + Root + Suffix,prefix + expense + suffix,"inexpensive, inexpensively",2
experience,Prefix + Root,prefix + experience,inexperience,1
experience,Root + Suffix,experience + suffix,"experiential, experientially",2
experiment,Root + Suffix,experiment + suffix,"experimental, experimentalism, experimentally, experimentation, experimenter",5
expert,Prefix + Root,prefix + expert,inexpert,1
expert,Root + Suffix,expert + suffix,"expertise, expertly, expertness",3
expert,Prefix + Root + Suffix,prefix + expert + suffix,inexpertly,1
expire,Root + Suffix,expire + suffix,"expiration, expiry",2
explain,Prefix + Root,prefix + explain,unexplained,1
explain,Root + Suffix,explain + suffix,"explainer, explanation, explanatory, explicable, explicably",5
explain,Prefix + Root + Suffix,prefix + explain + suffix,"inexplicability, inexplicable, inexplicably, unexplainable",4
explicit,Root + Suffix,explicit + suffix,"explicitly, explicitness",2
exploit,Prefix + Root,prefix + exploit,overexploited,1
exploit,Root + Suffix,exploit + suffix,"exploitation, exploiter",2
exploit,Prefix + Root + Suffix,prefix + exploit + suffix,overexploitation,1
explore,Prefix + Root,prefix + explore,unexplored,1
explore,Root + Suffix,explore + suffix,"exploration, explorative, exploratory, explorer",4
extreme,Root + Suffix,extreme + suffix,"extremely, extremism, extremist, extremity",4
eye,Word + Word,eye + ball,"eyeball, eyebath, eyecatching, eyedrop, eyeglass, eyeliner, eyepiece, eyesight (+3 từ khác)",11
eye,Prefix + Root,prefix + eye,crosseyed,1
eye,Root + Suffix,eye + suffix,"eyeful, eyeless, eyelet",3
fabric,Root + Suffix,fabric + suffix,"fabricate, fabrication, fabrications",3
fabric,Prefix + Root + Suffix,prefix + fabric + suffix,"prefabricate, prefabrication",2
face,Word + Word,face + cloth,facecloth,1
face,Prefix + Root,prefix + face,"deface, efface, interface, outface, preface",5
face,Root + Suffix,face + suffix,"faceless, facer, facial, facially",4
face,Prefix + Root + Suffix,prefix + face + suffix,"defacement, effacement, ineffaceable, interfacial",4
facilitate,Root + Suffix,facilitate + suffix,facilitation,1
fact,Root + Suffix,fact + suffix,"faction, factious, factor, factorize, factory, factual, factually, feasibility (+2 từ khác)",10
fact,Prefix + Root + Suffix,prefix + fact + suffix,cofactors,1
fade,Word + Word,fade + out,fadeout,1
fail,Prefix + Root,prefix + fail,unfailing,1
fail,Root + Suffix,fail + suffix,"failingly, failure",2
fail,Prefix + Root + Suffix,prefix + fail + suffix,unfailingly,1
fair,Word + Word,fair + child,"fairchild, fairgoers, fairground, fairview, fairway",5
fair,Prefix + Root,prefix + fair,unfair,1
fair,Root + Suffix,fair + suffix,"fairer, fairest, fairish, fairly, fairness",5
fair,Prefix + Root + Suffix,prefix + fair + suffix,"unfairly, unfairness",2
faith,Prefix + Root,prefix + faith,interfaith,1
faith,Root + Suffix,faith + suffix,"faithful, faithfully, faithfulness, faithless, faithlessly, faithlessness",6
faith,Prefix + Root + Suffix,prefix + faith + suffix,"unfaithful, unfaithfully, unfaithfulness",3
fake,Root + Suffix,fake + suffix,faker,1
fall,Word + Word,fall + off,"falloff, fallout",2
fall,Prefix + Root,prefix + fall,"befall, downfall, outfall",3
fall,Root + Suffix,fall + suffix,"fallacious, fallaciously, fallacy, fallen",4
fall,Prefix + Root + Suffix,prefix + fall + suffix,befallen,1
fame,Prefix + Root,prefix + fame,defame,1
fame,Root + Suffix,fame + suffix,"famous, famously",2
fame,Prefix + Root + Suffix,prefix + fame + suffix,"defamation, defamatory, infamous, infamy",4
family,Root + Suffix,family + suffix,"familial, familiar, familiarity, familiarize, familiarly, familiarness, familism",7
family,Prefix + Root + Suffix,prefix + family + suffix,unfamiliar,1
fan,Word + Word,fan + light,fanlight,1
fancy,Word + Word,fancy + work,fancywork,1
fancy,Root + Suffix,fancy + suffix,"fancier, fanciest, fanciful, fancifully, fancily",5
fantasy,Root + Suffix,fantasy + suffix,"fantasia, fantasist, fantastic, fantastical, fantastically",5
far,Word + Word,far + away,"faraway, farsighted",2
farm,Word + Word,farm + hand,"farmhand, farmhouse, farmland, farmyard",4
farm,Root + Suffix,farm + suffix,farmer,1
fascinate,Root + Suffix,fascinate + suffix,fascination,1
fashion,Prefix + Root,prefix + fashion,refashion,1
fashion,Root + Suffix,fashion + suffix,"fashionable, fashionably",2
fast,Root + Suffix,fast + suffix,"fasten, fastener, fasteners, faster, fastest, fastness",6
fast,Prefix + Root + Suffix,prefix + fast + suffix,unfastened,1
fat,Word + Word,fat + head,"fathead, fatless",2
fat,Root + Suffix,fat + suffix,"fatness, fatten, fatter, fattest, fattier, fattiest, fattiness, fattish (+1 từ khác)",9
fate,Root + Suffix,fate + suffix,"fatal, fatalism, fatalist, fatalistic, fatality, fatally, fateful, fatefully",8
father,Word + Word,father + land,fatherland,1
father,Prefix + Root,prefix + father,forefather,1
father,Root + Suffix,father + suffix,"fatherhood, fatherless, fatherliness, fatherly",4
fault,Word + Word,fault + find,"faultfinder, faultfinding",2
fault,Root + Suffix,fault + suffix,"faultier, faultiest, faultily, faultless, faultlessly, faultlessness, faulty",7
favour,Prefix + Root,prefix + favour,disfavour,1
favour,Root + Suffix,favour + suffix,"favourable, favourably, favourite, favouritism",4
favour,Prefix + Root + Suffix,prefix + favour + suffix,"unfavourable, unfavourably",2
fear,Root + Suffix,fear + suffix,"fearful, fearfully, fearfulness, fearless, fearlessly, fearlessness, fearsome",7
feather,Word + Word,feather + bed,"featherbed, featherbrained, feathertop, featherweight",4
feather,Root + Suffix,feather + suffix,feathery,1
feature,Root + Suffix,feature + suffix,featureless,1
feed,Word + Word,feed + back,"feedback, feedbag",2
feed,Prefix + Root,prefix + feed,overfeed,1
feed,Root + Suffix,feed + suffix,feeder,1
feel,Prefix + Root,prefix + feel,unfeeling,1
feel,Root + Suffix,feel + suffix,"feeler, feelingly",2
feel,Prefix + Root + Suffix,prefix + feel + suffix,unfeelingly,1
fellow,Root + Suffix,fellow + suffix,fellowship,1
fence,Prefix + Root,prefix + fence,unfenced,1
fence,Root + Suffix,fence + suffix,fencer,1
fever,Root + Suffix,fever + suffix,"feverish, feverishly",2
few,Root + Suffix,few + suffix,"fewer, fewest",2
fibre,Root + Word,fibre + board,"fibreboard, fibreglass",2
field,Word + Word,field + mouse,"fieldmouse, fieldstone, fieldwork",3
field,Prefix + Root,prefix + field,"afield, infield, infields",3
field,Root + Suffix,field + suffix,fielder,1
field,Prefix + Root + Suffix,prefix + field + suffix,"infielder, outfielder",2
fierce,Root + Suffix,fierce + suffix,"fiercely, fierceness, fiercer, fiercest",4
fight,Prefix + Root,prefix + fight,"infighting, outfight",2
fight,Root + Suffix,fight + suffix,fighter,1
figure,Word + Word,figure + head,figurehead,1
figure,Prefix + Root,prefix + figure,"disfigure, prefigure, subfigures, transfigure",4
figure,Root + Suffix,figure + suffix,"figural, figurative, figuratively, figurine",4
figure,Prefix + Root + Suffix,prefix + figure + suffix,"configuration, disfigurement, transfiguration",3
fill,Prefix + Root,prefix + fill,"fulfill, overfill, refill, unfulfilled",4
fill,Root + Suffix,fill + suffix,filler,1
fill,Prefix + Root + Suffix,prefix + fill + suffix,fulfillment,1
film,Word + Word,film + strip,filmstrip,1
film,Prefix + Root,prefix + film,microfilm,1
film,Root + Suffix,film + suffix,"filmable, filmdom, filmier, filmiest, filminess, filmy",6
filter,Root + Suffix,filter + suffix,"filtrate, filtration",2
filter,Prefix + Root + Suffix,prefix + filter + suffix,"infiltrate, infiltration, infiltrator",3
final,Prefix + Root,prefix + final,semifinal,1
final,Root + Suffix,final + suffix,"finalist, finality, finalize, finally",4
final,Prefix + Root + Suffix,prefix + final + suffix,semifinalist,1
finance,Prefix + Root,prefix + finance,refinance,1
finance,Root + Suffix,finance + suffix,"financial, financially, financier",3
find,Root + Suffix,find + suffix,finder,1
fine,Prefix + Root,prefix + fine,"confine, superfine",2
fine,Root + Suffix,fine + suffix,"finely, fineness, finer, finery, finest",5
fine,Prefix + Root + Suffix,prefix + fine + suffix,confinement,1
finger,Word + Word,finger + board,"fingerboard, fingernail, fingerplate, fingerpost, fingerprint, fingertip",6
finger,Prefix + Root,prefix + finger,forefinger,1
finish,Prefix + Root,prefix + finish,unfinished,1
finish,Root + Suffix,finish + suffix,finisher,1
fire,Word + Word,fire + arm,"firearm, fireball, firebird, firebomb, firebrand, firebreak, firebrick, firebug (+18 từ khác)",26
fire,Prefix + Root,prefix + fire,"afire, backfire, crossfire, misfire, unfired",5
fire,Root + Suffix,fire + suffix,"fierier, fieriest, fierily, fieriness, fiery",5
firm,Prefix + Root,prefix + firm,"affirm, confirm, infirm, reaffirm",4
firm,Root + Suffix,firm + suffix,"firmer, firmest, firmly, firmness",4
firm,Prefix + Root + Suffix,prefix + firm + suffix,"affirmation, affirmative, affirmatively, confirmation, infirmary, infirmity, reaffirmation",7
first,Word + Word,first + born,"firstborn, firstfruits, firsthand",3
first,Root + Suffix,first + suffix,firstly,1
fish,Word + Word,fish + bone,"fishbone, fishcake, fisherman, fishpond, fishwife",5
fish,Root + Suffix,fish + suffix,"fisher, fishery, fishier, fishiest, fishy",5
fit,Prefix + Root,prefix + fit,"befit, misfit, outfit, refit, unfit",5
fit,Root + Suffix,fit + suffix,"fitful, fitfully, fitly, fitment, fitness, fitter, fittest",7
fit,Prefix + Root + Suffix,prefix + fit + suffix,"befittingly, outfitter",2
five,Word + Word,five + teen,"fifteens, fifteenths",2
five,Root + Suffix,five + suffix,"fifteen, fifteenth, fifth, fifthly, fiftieth, fifty, fivefold, fiver",8
fix,Prefix + Root,prefix + fix,"prefix, transfix, unfixed",3
fix,Root + Suffix,fix + suffix,"fixate, fixation, fixations, fixative, fixedly, fixers, fixity, fixture",8
flag,Word + Word,flag + pole,"flagpole, flagship, flagstaff, flagstone",4
flag,Prefix + Root,prefix + flag,unflagging,1
flag,Prefix + Root + Suffix,prefix + flag + suffix,unflaggingly,1
flame,Word + Word,flame + throw,flamethrower,1
flame,Prefix + Root,prefix + flame,"aflame, inflame",2
flame,Root + Suffix,flame + suffix,flammable,1
flame,Prefix + Root + Suffix,prefix + flame + suffix,"inflammable, inflammation, inflammations, inflammatory, nonflammable, noninflammable",6
flash,Word + Word,flash + back,"flashback, flashlight, flashpoint",3
flash,Root + Suffix,flash + suffix,"flasher, flashier, flashiest, flashily, flashiness, flashy",6
flat,Word + Word,flat + fish,"flatfish, flatfoot, flathead, flatiron, flatland, flatlet",6
flat,Root + Suffix,flat + suffix,"flatly, flatness, flatten, flattest",4
flavor,Root + Suffix,flavor + suffix,flavourless,1
flaw,Root + Suffix,flaw + suffix,"flawless, flawlessly",2
fleet,Root + Suffix,fleet + suffix,"fleeter, fleetingly, fleetness",3
flesh,Word + Word,flesh + pot,fleshpot,1
flesh,Root + Suffix,flesh + suffix,"fleshier, fleshiest, fleshly, fleshy",4
flight,Prefix + Root,prefix + flight,preflight,1
flight,Root + Suffix,flight + suffix,"flightier, flightiness, flightless, flighty",4
float,Prefix + Root,prefix + float,"afloat, refloat",2
float,Root + Suffix,float + suffix,"floater, flotation",2
flood,Word + Word,flood + gate,"floodgate, floodlight",2
floor,Word + Word,floor + board,"floorboard, floorwalker",2
floor,Prefix + Root,prefix + floor,underfloor,1
flour,Word + Word,flour + mill,flourmill,1
flour,Root + Suffix,flour + suffix,floury,1
flourish,Root + Suffix,flourish + suffix,flourishingly,1
flow,Word + Word,flow + chart,flowchart,1
flow,Prefix + Root,prefix + flow,"inflow, outflow, overflow",3
flow,Root + Suffix,flow + suffix,"flowingly, flown",2
flow,Prefix + Root + Suffix,prefix + flow + suffix,overflown,1
flower,Word + Word,flower + bed,"flowerbed, flowerpot",2
flower,Prefix + Root,prefix + flower,deflower,1
flower,Root + Suffix,flower + suffix,"flowerier, flowerless, flowery",3
flu,Root + Suffix,flu + suffix,"fluency, fluent, fluently",3
flu,Prefix + Root + Suffix,prefix + flu + suffix,"affluence, affluent, confluence, influence, influential, influentially, mellifluous, superfluity (+4 từ khác)",12
fluid,Root + Suffix,fluid + suffix,fluidity,1
fly,Word + Word,fly + away,"flyaway, flyblew, flybys, flycatcher, flyleaf, flyover, flypaper, flypast (+3 từ khác)",11
fly,Prefix + Root,prefix + fly,overfly,1
fly,Root + Suffix,fly + suffix,flier,1
fold,Word + Word,fold + away,foldaway,1
fold,Prefix + Root,prefix + fold,"enfold, refolded, unfold",3
fold,Root + Suffix,fold + suffix,folder,1
folk,Word + Word,folk + like,"folklike, folksongs, folktale",3
folk,Root + Suffix,folk + suffix,"folksier, folksy",2
follow,Root + Suffix,follow + suffix,"follower, followeth",2
fond,Root + Suffix,fond + suffix,"fonder, fondest, fondly, fondness",4
food,Word + Word,food + stuff,foodstuff,1
food,Prefix + Root,prefix + food,nonfood,1
food,Root + Suffix,food + suffix,foodless,1
fool,Word + Word,fool + hard,"foolhardiness, foolhardy, foolproof",3
fool,Root + Suffix,fool + suffix,"foolery, foolish, foolishly, foolishness",4
foot,Root + Word,foot + patho,footpath,1
foot,Word + Word,foot + ball,"football, footballer, footboard, footbridge, footfall, footfault, foothill, foothold (+12 từ khác)",20
foot,Prefix + Root,prefix + foot,"afoot, forefoot, underfoot",3
foot,Root + Suffix,foot + suffix,"footage, footer",2
for,Root + Suffix,for + suffix,"forties, fortieth",2
forbid,Root + Suffix,forbid + suffix,"forbidden, forbiddingly",2
force,Word + Word,force + meat,forcemeat,1
force,Prefix + Root,prefix + force,"enforce, reinforce",2
force,Root + Suffix,force + suffix,"forceful, forcefully, forcefulness, forcible, forcibly",5
force,Prefix + Root + Suffix,prefix + force + suffix,"enforceable, enforcement, enforcers, reinforcement",4
foreign,Root + Suffix,foreign + suffix,foreigner,1
forest,Prefix + Root,prefix + forest,"afforest, deforest, disafforest, disforest, reafforest, reforest",6
forest,Root + Suffix,forest + suffix,"forester, forestry",2
forest,Prefix + Root + Suffix,prefix + forest + suffix,"afforestation, deforestation, disafforestation, reafforestation, reforestation",5
forge,Root + Suffix,forge + suffix,"forger, forgery",2
forget,Root + Suffix,forget + suffix,"forgetful, forgetfully, forgetfulness, forgettable",4
forget,Prefix + Root + Suffix,prefix + forget + suffix,"unforgettable, unforgettably",2
forgive,Root + Suffix,forgive + suffix,"forgivable, forgivably, forgiven, forgiveness, forgivingly",5
forgive,Prefix + Root + Suffix,prefix + forgive + suffix,unforgivable,1
fork,Word + Word,fork + lift,forklift,1
form,Word + Word,form + book,formbook,1
form,Prefix + Root,prefix + form,"conform, deform, malformed, reform, transform, unformed, uniform",7
form,Root + Suffix,form + suffix,"formability, formation, formative, formatively, formless, formlessly, formlessness",7
form,Prefix + Root + Suffix,prefix + form + suffix,"conformable, conformably, conformance, conformation, conformational, conformist, conformity, deformation (+15 từ khác)",23
formal,Prefix + Root,prefix + formal,informal,1
formal,Root + Suffix,formal + suffix,"formalism, formalist, formality, formalization, formalize, formally",6
formal,Prefix + Root + Suffix,prefix + formal + suffix,"informality, informally",2
former,Root + Suffix,former + suffix,formerly,1
forth,Word + Word,forth + come,"forthcoming, forthright, forthrightly, forthrightness",4
fortune,Prefix + Root,prefix + fortune,misfortune,1
fortune,Root + Suffix,fortune + suffix,"fortunate, fortunately",2
fortune,Prefix + Root + Suffix,prefix + fortune + suffix,"unfortunate, unfortunately",2
forward,Root + Suffix,forward + suffix,"forwardly, forwardness",2
fossil,Prefix + Root,prefix + fossil,microfossils,1
fossil,Root + Suffix,fossil + suffix,"fossilization, fossilize",2
found,Prefix + Root,prefix + found,"confound, unfounded",2
found,Root + Suffix,found + suffix,"foundation, founder, foundling",3
found,Prefix + Root + Suffix,prefix + found + suffix,confoundedly,1
four,Word + Word,four + square,"foursquare, fourteenths",2
four,Root + Suffix,four + suffix,"fourfold, foursome, fourteen, fourteenth, fourth, fourthly",6
fragile,Root + Suffix,fragile + suffix,fragility,1
fragment,Root + Suffix,fragment + suffix,"fragmental, fragmentarily, fragmentary, fragmentation",4
frame,Word + Word,frame + work,framework,1
frame,Root + Suffix,frame + suffix,framer,1
franchise,Prefix + Root,prefix + franchise,"disenfranchise, disfranchise, enfranchise",3
franchise,Root + Suffix,franchise + suffix,franchisement,1
franchise,Prefix + Root + Suffix,prefix + franchise + suffix,"disenfranchisement, disfranchisement, enfranchisement",3
fraud,Prefix + Root,prefix + fraud,defraud,1
fraud,Root + Suffix,fraud + suffix,"fraudulence, fraudulent, fraudulently",3
free,Word + Word,free + boot,"freebooter, freeborn, freehand, freehold, freeholder, freeload, freeloader, freestanding (+7 từ khác)",15
free,Root + Suffix,free + suffix,"freebie, freedom, freely, freer, freest",5
freeze,Prefix + Root,prefix + freeze,antifreeze,1
freeze,Root + Suffix,freeze + suffix,freezer,1
frequent,Prefix + Root,prefix + frequent,"infrequent, unfrequented",2
frequent,Root + Suffix,frequent + suffix,frequently,1
frequent,Prefix + Root + Suffix,prefix + frequent + suffix,infrequently,1
fresh,Word + Word,fresh + man,"freshman, freshwater",2
fresh,Prefix + Root,prefix + fresh,refresh,1
fresh,Root + Suffix,fresh + suffix,"freshen, fresher, freshest, freshly, freshness",5
fresh,Prefix + Root + Suffix,prefix + fresh + suffix,"refresher, refreshingly, refreshment",3
friend,Prefix + Root,prefix + friend,befriend,1
friend,Root + Suffix,friend + suffix,"friendless, friendlessness, friendlier, friendliest, friendlily, friendliness, friendly, friendship",8
friend,Prefix + Root + Suffix,prefix + friend + suffix,unfriendly,1
frog,Word + Word,frog + man,"frogman, frogmarch",2
frog,Root + Suffix,frog + suffix,froggy,1
front,Word + Word,front + man,frontiersman,1
front,Prefix + Root,prefix + front,"affront, confront, forefront",3
front,Root + Suffix,front + suffix,"frontage, frontal, frontally, frontier",4
front,Prefix + Root + Suffix,prefix + front + suffix,confrontation,1
fruit,Word + Word,fruit + cake,fruitcake,1
fruit,Root + Suffix,fruit + suffix,"fructify, fruiterer, fruitful, fruitfully, fruitfulness, fruitier, fruitiest, fruition (+4 từ khác)",12
fruit,Prefix + Root + Suffix,prefix + fruit + suffix,unfruitful,1
frustrate,Root + Suffix,frustrate + suffix,frustration,1
fry,Root + Suffix,fry + suffix,fryer,1
fuel,Prefix + Root,prefix + fuel,refuel,1
fulfil,Root + Suffix,fulfil + suffix,fulfilment,1
full,Word + Word,full + back,fullback,1
full,Root + Suffix,full + suffix,"fuller, fullest, fullness, fully, fulsomely, fulsomeness",6
fun,Word + Word,fun + fair,funfair,1
fun,Root + Suffix,fun + suffix,"funnier, funniest, funnily, funniness, funny",5
function,Prefix + Root,prefix + function,malfunction,1
function,Root + Suffix,function + suffix,"functional, functionalism, functionalist, functionally, functionary",5
fund,Prefix + Root,prefix + fund,refund,1
fur,Root + Suffix,fur + suffix,"furrier, furriers, furriest, furry",4
further,Word + Word,further + more,"furthermore, furthermost",2
further,Root + Suffix,further + suffix,furtherance,1
future,Root + Suffix,future + suffix,"futureless, futurism, futurist, futuristic, futuristically, futurity",6
gain,Word + Word,gain + say,gainsay,1
gain,Prefix + Root,prefix + gain,regain,1
gain,Root + Suffix,gain + suffix,"gainer, gainful, gainfully",3
gain,Prefix + Root + Suffix,prefix + gain + suffix,"ungainliness, ungainly",2
gallon,Root + Suffix,gallon + suffix,gallonage,1
gamble,Root + Suffix,gamble + suffix,gambler,1
game,Word + Word,game + keep,"gamekeeper, gamesmanship",2
game,Root + Suffix,game + suffix,gamely,1
gang,Word + Word,gang + land,"gangland, gangway",2
gang,Root + Suffix,gang + suffix,gangster,1
garden,Root + Suffix,garden + suffix,gardener,1
gas,Word + Word,gas + light,"gaslight, gasman, gasmask, gasworks",4
gas,Root + Suffix,gas + suffix,"gaseous, gasification, gasify, gasser, gassier, gassiest, gassiness, gassy",8
gate,Word + Word,gate + crash,"gatecrash, gatecrasher, gatehouse, gatekeeper, gatepost, gateway",6
gather,Prefix + Root,prefix + gather,"forgather, ingathering",2
gay,Root + Suffix,gay + suffix,"gaiety, gaily, gayer, gayest, gayness",5
gaze,Root + Suffix,gaze + suffix,gazer,1
gear,Word + Word,gear + box,gearbox,1
gen,Word + Word,gen + log,"genealogical, genealogically, genealogist, genealogy",4
gen,Prefix + Root,prefix + gen,antigen,1
gen,Root + Suffix,gen + suffix,"genesis, genetic, genetically, geneticist, genetics",5
gen,Prefix + Root + Suffix,prefix + gen + suffix,"epigenetic, eugenic, eugenically, eugenics",4
gender,Prefix + Root,prefix + gender,engender,1
generous,Prefix + Root,prefix + generous,"overgenerous, ungenerous",2
generous,Root + Suffix,generous + suffix,"generosity, generously",2
generous,Prefix + Root + Suffix,prefix + generous + suffix,ungenerously,1
gentle,Word + Word,gentle + folk,"gentlefolk, gentleman, gentlemanly, gentlewoman",4
gentle,Root + Suffix,gentle + suffix,"gentility, gentleness, gentler, gentlest, gently",5
genuine,Root + Suffix,genuine + suffix,"genuinely, genuineness",2
get,Word + Word,get + away,"getaway, getup",2
get,Prefix + Root,prefix + get,beget,1
get,Prefix + Root + Suffix,prefix + get + suffix,begetter,1
ghost,Word + Word,ghost + like,ghostlike,1
ghost,Root + Suffix,ghost + suffix,"ghostliness, ghostly",2
giant,Root + Suffix,giant + suffix,giantess,1
girl,Word + Word,girl + friend,girlfriend,1
girl,Root + Suffix,girl + suffix,"girlhood, girlie, girlish, girlishly, girlishness",5
give,Word + Word,give + away,giveaway,1
give,Prefix + Root,prefix + give,misgive,1
give,Root + Suffix,give + suffix,"given, giver, giveth",3
glad,Root + Suffix,glad + suffix,"gladden, gladder, gladdest, gladly, gladness",5
glance,Root + Suffix,glance + suffix,glancingly,1
glass,Word + Word,glass + blow,"glassblower, glasshouse, glassworks",3
glass,Root + Suffix,glass + suffix,"glassful, glassier, glassiest, glassless, glassy",5
globe,Root + Suffix,globe + suffix,"global, globally, globular, globule, globulin",5
glory,Root + Suffix,glory + suffix,"glorification, glorify, glorious, gloriously",4
glory,Prefix + Root + Suffix,prefix + glory + suffix,"inglorious, ingloriously",2
go,Word + Word,go + down,godowns,1
go,Prefix + Root,prefix + go,"forgo, ingoing, ongoing, outgoing, undergo",5
go,Root + Suffix,go + suffix,goer,1
goal,Word + Word,goal + keep,"goalkeeper, goalmouth, goalpost",3
goal,Root + Suffix,goal + suffix,goalie,1
god,Root + Word,god + sono,godson,1
god,Word + Word,god + child,"godchild, goddaughter, godfather, godfearing, godforsaken, godhead, godlike, godmother (+3 từ khác)",11
god,Prefix + Root,prefix + god,demigod,1
god,Root + Suffix,god + suffix,"goddess, godless, godlessly, godlessness, godlier, godliest, godliness, godly",8
god,Prefix + Root + Suffix,prefix + god + suffix,"demigoddess, ungodly",2
gold,Word + Word,gold + fish,"goldfish, goldmine, goldwater",3
gold,Root + Suffix,gold + suffix,golden,1
golf,Root + Suffix,golf + suffix,golfer,1
good,Word + Word,good + bye,"goodbye, goodman, goodnight, goodwill, goodwin",5
good,Root + Suffix,good + suffix,"goodish, goodlier, goodliest, goodly, goodness, goody",6
gorgeous,Root + Suffix,gorgeous + suffix,"gorgeously, gorgeousness",2
govern,Prefix + Root,prefix + govern,"misgovern, ungoverned",2
govern,Root + Suffix,govern + suffix,"governable, governance, governess, government, governmental, governor, governorship",7
govern,Prefix + Root + Suffix,prefix + govern + suffix,"intergovernmental, misgovernment, ungovernable",3
grab,Root + Suffix,grab + suffix,grabber,1
grace,Prefix + Root,prefix + grace,disgrace,1
grace,Root + Suffix,grace + suffix,"graceful, gracefully, graceless, gracelessly, gracelessness, gracious, graciously, graciousness",8
grace,Prefix + Root + Suffix,prefix + grace + suffix,"disgraceful, disgracefully, ungracious, ungraciously",4
grade,Prefix + Root,prefix + grade,"centigrade, downgrade, retrograde, upgrade",4
grade,Root + Suffix,grade + suffix,"gradation, gradations, grader",3
grade,Prefix + Root + Suffix,prefix + grade + suffix,retrogradations,1
graduate,Prefix + Root,prefix + graduate,"postgraduate, undergraduate",2
graduate,Root + Suffix,graduate + suffix,graduation,1
grain,Prefix + Root,prefix + grain,ingrain,1
grand,Root + Word,grand + sono,grandson,1
grand,Word + Word,grand + aunt,"grandaunt, grandchild, granddaughter, grandfather, grandmother, grandparent, grandstand, granduncle",8
grand,Root + Suffix,grand + suffix,"grander, grandest, grandiose, grandly, grandness",5
grand,Prefix + Root + Suffix,prefix + grand + suffix,"aggrandize, aggrandizement",2
grasp,Root + Suffix,grasp + suffix,graspingly,1
grass,Word + Word,grass + fire,"grassfire, grassland, grassroots",3
grass,Root + Suffix,grass + suffix,"grassers, grassier, grassiest, grassy",4
grave,Word + Word,grave + stone,"gravestone, graveyard",2
grave,Prefix + Root,prefix + grave,engrave,1
grave,Root + Suffix,grave + suffix,"gravely, graven, graver, gravest",4
grave,Prefix + Root + Suffix,prefix + grave + suffix,engraver,1
great,Word + Word,great + coat,greatcoat,1
great,Root + Suffix,great + suffix,"greater, greatest, greatly, greatness",4
green,Word + Word,green + back,"greenback, greenfly, greenhorn, greenhouse",4
green,Root + Suffix,green + suffix,"greener, greenery, greenest, greenish, greenishness, greenly, greenness",7
grey,Root + Suffix,grey + suffix,"greyer, greyest, greyish, greyness",4
grid,Word + Word,grid + iron,gridiron,1
grind,Word + Word,grind + lay,"grindlay, grindstone",2
grind,Root + Suffix,grind + suffix,grinder,1
grip,Root + Suffix,grip + suffix,grippingly,1
gross,Prefix + Root,prefix + gross,"engross, subgross",2
gross,Root + Suffix,gross + suffix,"grosser, grossest, grossly, grossness",4
gross,Prefix + Root + Suffix,prefix + gross + suffix,engrossingly,1
ground,Word + Word,ground + man,"groundnut, groundsheet, groundsman, groundwork",4
ground,Prefix + Root,prefix + ground,"foreground, reground, underground",3
ground,Root + Suffix,ground + suffix,"grounder, groundless, groundlessly, groundlessness",4
group,Prefix + Root,prefix + group,"intergroup, regroup, subgroups",3
group,Root + Suffix,group + suffix,groupie,1
grow,Word + Word,grow + up,grownups,1
grow,Prefix + Root,prefix + grow,"ingrowing, outgrow",2
grow,Root + Suffix,grow + suffix,"grower, grown, growth",3
grow,Prefix + Root + Suffix,prefix + grow + suffix,"ingrown, outgrown, outgrowth, overgrown, overgrowth, undergrowth",6
guard,Word + Word,guard + house,"guardhouse, guardrail, guardroom, guardsman",4
guard,Prefix + Root,prefix + guard,unguarded,1
guard,Root + Suffix,guard + suffix,"guardedly, guardedness, guardian, guardianship",4
guess,Word + Word,guess + work,guesswork,1
guest,Word + Word,guest + house,"guesthouse, guestroom",2
guide,Word + Word,guide + book,"guidebook, guidelines, guideposts",3
guide,Prefix + Root,prefix + guide,"misguide, unguided",2
guide,Root + Suffix,guide + suffix,guidance,1
guide,Prefix + Root + Suffix,prefix + guide + suffix,misguidedly,1
guilt,Root + Suffix,guilt + suffix,"guiltier, guiltiest, guiltily, guiltiness, guiltless, guiltlessly, guiltlessness, guilty",8
guitar,Root + Suffix,guitar + suffix,guitarist,1
gun,Word + Word,gun + boat,"gunboat, gundog, gunfighter, gunfights, gunfire, gunman, gunmetal, gunplay (+6 từ khác)",14
gun,Root + Suffix,gun + suffix,"gunner, gunnery",2
gut,Root + Suffix,gut + suffix,"gutless, gutlessness, gutsier, gutsiest, gutsy",5
gym,Word + Word,gym + slip,gymslip,1
habit,Prefix + Root,prefix + habit,"cohabit, inhabit",2
habit,Root + Suffix,habit + suffix,"habitable, habitants, habitat, habitation, habitual, habitually, habituate, habitude (+1 từ khác)",9
habit,Prefix + Root + Suffix,prefix + habit + suffix,"cohabitation, inhabitable, inhabitant, inhabitation, uninhabitable",5
hail,Word + Word,hail + stone,"hailstone, hailstorm",2
hair,Word + Word,hair + brush,"hairbrush, haircloth, haircut, hairdo, hairdresser, hairdressing, hairlike, hairline (+7 từ khác)",15
hair,Root + Suffix,hair + suffix,"hairier, hairiest, hairiness, hairless, hairy",5
hall,Word + Word,hall + mark,"hallmark, hallstand, hallway",3
halt,Root + Suffix,halt + suffix,haltingly,1
hand,Word + Word,hand + bag,"handbag, handball, handbill, handbook, handgun, handhold, handicraft, handicraftsman (+10 từ khác)",18
hand,Prefix + Root,prefix + hand,"forehand, offhand, overhand, underhand, unhand",5
hand,Root + Suffix,hand + suffix,"hander, handful, handier, handiest, handily, handiness, handless, handy",8
hand,Prefix + Root + Suffix,prefix + hand + suffix,"offhandedly, offhandedness, underhandedly, underhandedness",4
handle,Word + Word,handle + bar,handlebar,1
handle,Prefix + Root,prefix + handle,mishandle,1
handle,Root + Suffix,handle + suffix,"handleable, handler",2
hang,Word + Word,hang + dog,"hangdog, hangman, hangnail, hangout, hangover, hangup",6
hang,Prefix + Root,prefix + hang,overhang,1
hang,Root + Suffix,hang + suffix,hanger,1
happy,Prefix + Root,prefix + happy,unhappy,1
happy,Root + Suffix,happy + suffix,"happier, happiest, happily, happiness",4
happy,Prefix + Root + Suffix,prefix + happy + suffix,"unhappier, unhappiest, unhappily, unhappiness",4
harbor,Root + Suffix,harbor + suffix,"harbourage, harbourer",2
hard,Word + Word,hard + back,"hardback, hardbake, hardboard, hardboiled, hardbound, hardcover, hardheaded, hardtop (+3 từ khác)",11
hard,Root + Suffix,hard + suffix,"harden, hardener, harder, hardest, hardier, hardiest, hardihood, hardiness (+4 từ khác)",12
harm,Root + Suffix,harm + suffix,"harmful, harmfully, harmfulness, harmless, harmlessly",5
harsh,Root + Suffix,harsh + suffix,"harshened, harsher, harshest, harshly, harshness",5
harvest,Root + Suffix,harvest + suffix,harvester,1
hat,Word + Word,hat + band,"hatband, hatpin",2
hat,Root + Suffix,hat + suffix,"hatful, hatless, hatred, hatter",4
hate,Root + Suffix,hate + suffix,"hateful, hatefully, hatefulness",3
haunt,Root + Suffix,haunt + suffix,hauntingly,1
hazard,Root + Suffix,hazard + suffix,"hazardous, hazardously, hazardousness",3
head,Root + Word,head + phon,headphones,1
head,Word + Word,head + band,"headband, headboard, headdress, headgear, headhunter, headlamp, headland, headlight (+17 từ khác)",25
head,Prefix + Root,prefix + head,"behead, forehead, overhead, subheading",4
head,Root + Suffix,head + suffix,"header, headier, headiest, headless, headship, heady",6
heal,Root + Suffix,heal + suffix,healer,1
health,Root + Suffix,health + suffix,"healthful, healthier, healthiest, healthily, healthiness, healthy",6
health,Prefix + Root + Suffix,prefix + health + suffix,"unhealthier, unhealthiest, unhealthily, unhealthiness, unhealthy",5
hear,Word + Word,hear + say,hearsay,1
hear,Prefix + Root,prefix + hear,"mishear, overhear, rehear",3
hear,Root + Suffix,hear + suffix,hearer,1
heart,Word + Word,heart + beat,"heartbeat, heartbreak, heartbreakingly, heartburn, heartsick, heartstrings, heartwarming, heartwarmingly (+1 từ khác)",9
heart,Prefix + Root,prefix + heart,"downhearted, halfhearted",2
heart,Root + Suffix,heart + suffix,"hearten, hearteningly, heartier, heartiest, heartily, heartiness, heartless, heartlessly (+2 từ khác)",10
heart,Prefix + Root + Suffix,prefix + heart + suffix,"dishearten, downheartedly",2
heat,Word + Word,heat + stroke,"heatstroke, heatwave",2
heat,Prefix + Root,prefix + heat,"overheat, preheat, unheated",3
heat,Root + Suffix,heat + suffix,"heatedly, heater",2
heaven,Root + Suffix,heaven + suffix,"heavenly, heavenward",2
heavy,Word + Word,heavy + weigh,heavyweight,1
heavy,Root + Suffix,heavy + suffix,"heavier, heaviest, heavily, heaviness",4
height,Root + Suffix,height + suffix,heighten,1
hell,Word + Word,hell + cat,"hellcat, hellfire",2
hell,Root + Suffix,hell + suffix,"hellish, hellishly, helluva",3
help,Word + Word,help + mate,"helpmate, helpmeet",2
help,Root + Suffix,help + suffix,"helper, helpful, helpfully, helpfulness, helpless, helplessly, helplessness",7
hence,Word + Word,hence + forth,"henceforth, henceforward",2
her,Word + Word,her + self,herself,1
herb,Root + Suffix,herb + suffix,"herbaceous, herbage, herbal, herbalist, herbivore, herbivorous",6
here,Word + Word,here + about,"hereabout, hereafter, hereby, herein, hereinafter, hereof, hereto, hereunder (+2 từ khác)",10
hero,Prefix + Root,prefix + hero,antihero,1
hero,Root + Suffix,hero + suffix,"heroical, heroically, heroics, heroine, heroism",5
hide,Word + Word,hide + away,"hideaway, hidebound, hideout",3
hide,Root + Suffix,hide + suffix,hidden,1
high,Word + Word,high + ball,"highball, highboard, highborn, highboy, highflown, highflyer, highflying, highland (+9 từ khác)",17
high,Root + Suffix,high + suffix,"higher, highest, highly, highness",4
hill,Word + Word,hill + bill,"hillbilly, hillside, hilltops",3
hill,Prefix + Root,prefix + hill,"downhill, uphill",2
hill,Root + Suffix,hill + suffix,"hillock, hilly",2
him,Word + Word,him + self,himself,1
hip,Word + Word,hip + line,hipline,1
hip,Root + Suffix,hip + suffix,hipster,1
hire,Root + Suffix,hire + suffix,hireling,1
his,Word + Word,his + self,hisself,1
hit,Prefix + Root,prefix + hit,mishit,1
hit,Root + Suffix,hit + suffix,"hitless, hitter",2
hobby,Word + Word,hobby + horse,hobbyhorse,1
hold,Word + Word,hold + over,"holdover, holdup",2
hold,Prefix + Root,prefix + hold,"beholding, uphold",2
hold,Root + Suffix,hold + suffix,holder,1
hold,Prefix + Root + Suffix,prefix + hold + suffix,upholder,1
hollow,Root + Suffix,hollow + suffix,"hollower, hollowest, hollowly, hollowness",4
holy,Word + Word,holy + day,"holiday, holidaymaker, holystone",3
holy,Prefix + Root,prefix + holy,unholy,1
holy,Root + Suffix,holy + suffix,"holier, holiest, holiness",3
holy,Prefix + Root + Suffix,prefix + holy + suffix,unholiness,1
home,Word + Word,home + bound,"homebound, homebuilders, homebuilding, homecoming, homefolk, homegrown, homeland, homelike (+7 từ khác)",15
home,Root + Suffix,home + suffix,"homeless, homelessness, homelier, homeliest, homeliness, homely, homeward, homey",8
honest,Prefix + Root,prefix + honest,dishonest,1
honest,Root + Suffix,honest + suffix,"honestly, honesty",2
honest,Prefix + Root + Suffix,prefix + honest + suffix,"dishonestly, dishonesty",2
honor,Prefix + Root,prefix + honor,dishonor,1
honor,Root + Suffix,honor + suffix,"honorable, honorably, honoraria, honorarium, honorary, honorific, honorifically",7
honor,Prefix + Root + Suffix,prefix + honor + suffix,"dishonourable, dishonourably",2
hook,Word + Word,hook + up,"hookup, hookworm",2
hook,Prefix + Root,prefix + hook,unhook,1
hook,Root + Suffix,hook + suffix,hooker,1
hope,Root + Suffix,hope + suffix,"hopeful, hopefully, hopefulness, hopeless, hopelessly, hopelessness",6
horn,Word + Word,horn + beam,"hornbeam, hornbill, hornlike, hornpipe",4
horn,Root + Suffix,horn + suffix,"hornier, horniest, hornless, horny",4
horse,Word + Word,horse + back,"horseback, horsebox, horseflesh, horsefly, horsehair, horselaugh, horselike, horseman (+8 từ khác)",16
horse,Prefix + Root,prefix + horse,unhorse,1
horse,Root + Suffix,horse + suffix,"horsedom, horsier, horsiness, horsy",4
hospital,Root + Suffix,hospital + suffix,"hospitality, hospitalization, hospitalize",3
host,Root + Suffix,host + suffix,hostess,1
hostile,Root + Suffix,hostile + suffix,"hostilely, hostility",2
hot,Word + Word,hot + bed,"hotbed, hotdogs, hotfoot, hothead, hotheadedly, hothouse, hotplate, hotpot (+1 từ khác)",9
hot,Root + Suffix,hot + suffix,"hotly, hotter, hottest",3
hotel,Word + Word,hotel + man,hotelman's,1
hotel,Root + Suffix,hotel + suffix,hotelier,1
hour,Word + Word,hour + glass,"horology, horoscope, hourglass",3
hour,Root + Suffix,hour + suffix,hourly,1
house,Word + Word,house + boat,"houseboat, housebound, houseboy, housebreaker, housebreaking, housecoat, housecraft, housedog (+20 từ khác)",28
house,Prefix + Root,prefix + house,"outhouse, penthouse, rehouse",3
house,Root + Suffix,house + suffix,houseful,1
how,Word + Word,how + ever,"however, howsoever, howsomever",3
huge,Root + Suffix,huge + suffix,"hugely, hugeness, huger, hugest",4
human,Word + Word,human + kind,humankind,1
human,Prefix + Root,prefix + human,"inhuman, subhuman, superhuman",3
human,Root + Suffix,human + suffix,"humanism, humanist, humanistic, humanitarian, humanitarianism, humanity, humanize, humanly (+1 từ khác)",9
human,Prefix + Root + Suffix,prefix + human + suffix,"dehumanization, dehumanize, inhumanity, subhumanity",4
humble,Root + Suffix,humble + suffix,"humbler, humblest, humbly",3
humor,Root + Suffix,humor + suffix,"humorist, humorous, humorously",3
hundred,Word + Word,hundred + weigh,hundredweight,1
hundred,Root + Suffix,hundred + suffix,"hundredfold, hundredth",2
hungry,Root + Suffix,hungry + suffix,"hungrier, hungriest, hungrily",3
hunt,Word + Word,hunt + man,huntsman,1
hunt,Root + Suffix,hunt + suffix,"hunter, huntress",2
hurry,Prefix + Root,prefix + hurry,unhurried,1
hurry,Root + Suffix,hurry + suffix,hurriedly,1
hurry,Prefix + Root + Suffix,prefix + hurry + suffix,unhurriedly,1
hurt,Prefix + Root,prefix + hurt,unhurt,1
hurt,Root + Suffix,hurt + suffix,"hurtful, hurtfully, hurtfulness",3
husband,Word + Word,husband + man,husbandman,1
husband,Prefix + Root,prefix + husband,exhusband,1
husband,Root + Suffix,husband + suffix,husbandry,1
ice,Word + Word,ice + bound,"icebound, icebox, icebreaker, icecap, icefree, icehouse, iceman, icepack (+1 từ khác)",9
ice,Root + Suffix,ice + suffix,"icier, iciest, icily, icy",4
idea,Word + Word,idea + logic,idealogical,1
ideal,Root + Suffix,ideal + suffix,"idealism, idealist, idealistic, idealistically, idealization, idealize, ideally",7
idiot,Root + Suffix,idiot + suffix,"idiotic, idiotically",2
ignore,Root + Suffix,ignore + suffix,"ignorance, ignorant, ignorantly",3
ill,Root + Suffix,ill + suffix,illness,1
illustrate,Root + Suffix,illustrate + suffix,"illustration, illustrative, illustrator",3
image,Root + Suffix,image + suffix,imagery,1
imagine,Root + Suffix,imagine + suffix,"imaginable, imaginary, imagination, imaginative, imaginatively",5
imagine,Prefix + Root + Suffix,prefix + imagine + suffix,"unimaginable, unimaginative",2
immediate,Root + Suffix,immediate + suffix,"immediately, immediateness",2
immense,Root + Suffix,immense + suffix,"immensely, immensity",2
immune,Word + Word,immune + log,immunology,1
immune,Root + Suffix,immune + suffix,"immunity, immunization, immunize",3
improve,Prefix + Root,prefix + improve,unimproved,1
improve,Root + Suffix,improve + suffix,improvement,1
in,Word + Word,in + so,insofar,1
in,Root + Suffix,in + suffix,"inward, inwardly, inwardness",3
incentive,Prefix + Root,prefix + incentive,disincentive,1
incur,Root + Suffix,incur + suffix,incurability,1
index,Root + Suffix,index + suffix,indexer,1
indicate,Root + Suffix,indicate + suffix,"indication, indicative, indicator",3
indigenous,Root + Suffix,indigenous + suffix,indigenously,1
indulge,Prefix + Root,prefix + indulge,overindulged,1
indulge,Root + Suffix,indulge + suffix,"indulgence, indulgent, indulgently",3
industry,Root + Suffix,industry + suffix,"industrial, industrialism, industrialist, industrialization, industrialize, industrially, industrious, industriously (+1 từ khác)",9
infant,Root + Suffix,infant + suffix,"infantile, infantilism",2
infer,Root + Suffix,infer + suffix,"inference, inferential, inferentially",3
inform,Prefix + Root,prefix + inform,"misinform, uninformed",2
inform,Root + Suffix,inform + suffix,"informant, information, informational, informative, informatively, informer",6
inform,Prefix + Root + Suffix,prefix + inform + suffix,misinformation,1
injure,Prefix + Root,prefix + injure,uninjured,1
injure,Root + Suffix,injure + suffix,"injurious, injuriously, injury",3
ink,Word + Word,ink + bottle,"inkbottle, inkpad, inkstand, inkwell",4
ink,Root + Suffix,ink + suffix,"inkier, inkiness, inky",3
insect,Root + Suffix,insect + suffix,"insectivore, insectivorous",2
insert,Root + Suffix,insert + suffix,insertion,1
instance,Root + Suffix,instance + suffix,instancy,1
instant,Root + Suffix,instant + suffix,instantly,1
instinct,Root + Suffix,instinct + suffix,"instinctive, instinctively, instinctual",3
instrument,Root + Suffix,instrument + suffix,"instrumental, instrumentalist, instrumentality, instrumentally, instrumentation",5
insult,Root + Suffix,insult + suffix,insultingly,1
intense,Root + Suffix,intense + suffix,"intensely, intensification, intensifier, intensify, intensity, intensive, intensively",7
interest,Prefix + Root,prefix + interest,"disinterest, uninterested",2
interest,Root + Suffix,interest + suffix,"interestedly, interestedness",2
interest,Prefix + Root + Suffix,prefix + interest + suffix,"disinterestedly, disinterestedness",2
intermediate,Root + Suffix,intermediate + suffix,intermediately,1
interpret,Prefix + Root,prefix + interpret,"misinterpret, reinterpret",2
interpret,Root + Suffix,interpret + suffix,"interpretable, interpretation, interpreter, interpretive",4
interpret,Prefix + Root + Suffix,prefix + interpret + suffix,"misinterpretation, misinterpreters",2
interview,Root + Suffix,interview + suffix,"interviewee, interviewer",2
intrigue,Root + Suffix,intrigue + suffix,intriguingly,1
invade,Root + Suffix,invade + suffix,"invader, invasion, invasive",3
investigate,Root + Suffix,investigate + suffix,"investigation, investigative, investigator",3
investigate,Prefix + Root + Suffix,prefix + investigate + suffix,reinvestigation,1
invite,Prefix + Root,prefix + invite,uninvited,1
invite,Root + Suffix,invite + suffix,"invitation, invitational, invitees, invitingly",4
invoke,Root + Suffix,invoke + suffix,invocation,1
iron,Word + Word,iron + side,"ironside, ironwork",2
iron,Root + Suffix,iron + suffix,"ironic, ironical, ironically, irony",4
island,Root + Suffix,island + suffix,islander,1
isolate,Root + Suffix,isolate + suffix,"isolation, isolationism, isolationist, isolationistic",4
issue,Prefix + Root,prefix + issue,reissue,1
issue,Root + Suffix,issue + suffix,issuance,1
it,Word + Word,it + self,itself,1
item,Root + Suffix,item + suffix,"itemization, itemize",2
jail,Word + Word,jail + bird,jailbird,1
jail,Root + Suffix,jail + suffix,jailer,1
jam,Root + Suffix,jam + suffix,jammy,1
jazz,Root + Suffix,jazz + suffix,"jazzier, jazziest, jazzily, jazzy",4
jet,Word + Word,jet + line,jetliners,1
job,Root + Suffix,job + suffix,"jobber, jobbery, jobless, joblessness",4
join,Prefix + Root,prefix + join,"adjoin, conjoin, enjoins, subjoined",4
join,Root + Suffix,join + suffix,"joiner, joinery, joint, jointly, jointure",5
join,Prefix + Root + Suffix,prefix + join + suffix,"conjoint, conjointly, disjoint, disjointedly, disjointedness",5
joke,Root + Suffix,joke + suffix,"joker, jokingly",2
journey,Word + Word,journey + man,journeyman,1
joy,Word + Word,joy + ride,"joyride, joystick",2
joy,Prefix + Root,prefix + joy,"enjoy, overjoy",2
joy,Root + Suffix,joy + suffix,"joyful, joyfully, joyfulness, joyless, joylessly, joylessness, joyous, joyously (+1 từ khác)",9
joy,Prefix + Root + Suffix,prefix + joy + suffix,"enjoyable, enjoyably, enjoyment",3
judge,Prefix + Root,prefix + judge,"adjudge, misjudge, prejudge",3
judge,Root + Suffix,judge + suffix,"judgeship, judgment",2
judge,Prefix + Root + Suffix,prefix + judge + suffix,"misjudgement, prejudgement",2
juice,Root + Suffix,juice + suffix,"juicier, juiciest, juiciness, juicy",4
jump,Root + Suffix,jump + suffix,"jumper, jumpier, jumpiest, jumpily, jumpiness, jumpy",6
just,Prefix + Root,prefix + just,"adjust, maladjusted, readjust, unadjusted, unjust",5
just,Root + Suffix,just + suffix,"justice, justifiable, justifiably, justification, justifiedly, justify, justly, justness",8
just,Prefix + Root + Suffix,prefix + just + suffix,"adjustable, adjuster, adjustment, injustice, maladjustment, readjustment, unjustifiable, unjustified",8
keen,Root + Suffix,keen + suffix,"keener, keenest, keenly, keenness",4
keep,Word + Word,keep + sake,keepsake,1
keep,Prefix + Root,prefix + keep,upkeep,1
keep,Root + Suffix,keep + suffix,keeper,1
key,Word + Word,key + board,"keyboard, keyboarder, keyhole, keynote, keypunch, keystone",6
key,Root + Suffix,key + suffix,keyless,1
kick,Word + Word,kick + back,"kickback, kickoff",2
kick,Root + Suffix,kick + suffix,kicker,1
kidnap,Root + Suffix,kidnap + suffix,kidnapper,1
kill,Word + Word,kill + joy,killjoy,1
kill,Prefix + Root,prefix + kill,overkill,1
kill,Root + Suffix,kill + suffix,"killable, killer, killingly",3
kind,Prefix + Root,prefix + kind,unkind,1
kind,Root + Suffix,kind + suffix,"kinda, kinder, kindest, kindlier, kindliest, kindliness, kindly, kindness",8
kind,Prefix + Root + Suffix,prefix + kind + suffix,"unkinder, unkindest, unkindly",3
king,Word + Word,king + fish,"kingfisher, kinglike, kingmaker, kingpin",4
king,Root + Suffix,king + suffix,"kingdom, kinglier, kingly, kingship",4
kiss,Root + Suffix,kiss + suffix,"kissable, kisser",2
kitchen,Root + Suffix,kitchen + suffix,kitchenette,1
knee,Word + Word,knee + cap,kneecap,1
knife,Word + Word,knife + like,knifelike,1
knock,Word + Word,knock + about,"knockabout, knockdown, knockout",3
knock,Prefix + Root,prefix + knock,antiknock,1
knock,Root + Suffix,knock + suffix,knocker,1
know,Prefix + Root,prefix + know,"foreknow, unknowing",2
know,Root + Suffix,know + suffix,"knoweth, knowingly, known",3
know,Prefix + Root + Suffix,prefix + know + suffix,"foreknown, unbeknown, unbeknownst, unknowingly, unknown",5
labor,Prefix + Root,prefix + labor,belabour,1
labor,Root + Suffix,labor + suffix,"laboratory, laborer, laborious, laboriously, laboriousness",5
labor,Prefix + Root + Suffix,prefix + labor + suffix,"collaborate, collaboration, collaborationism, collaborationist, collaborator, elaborate, elaborately, elaborateness (+1 từ khác)",9
lady,Word + Word,lady + bird,"ladybird, ladybug, ladylike",3
lady,Root + Suffix,lady + suffix,ladyship,1
lamp,Word + Word,lamp + light,"lamplight, lamplighter, lamppost, lampshade",4
land,Word + Word,land + fall,"landfall, landholder, landlady, landlocked, landlord, landmark, landmine, landowner (+2 từ khác)",10
land,Prefix + Root,prefix + land,"inland, overland, uplands",3
land,Root + Suffix,land + suffix,"landless, landward",2
land,Prefix + Root + Suffix,prefix + land + suffix,"outlanders, outlandish, outlandishly, outlandishness",4
lap,Word + Word,lap + wing,lapwing,1
lap,Prefix + Root,prefix + lap,overlap,1
large,Prefix + Root,prefix + large,enlarge,1
large,Root + Suffix,large + suffix,"largely, largeness, larger, largest",4
large,Prefix + Root + Suffix,prefix + large + suffix,enlargement,1
last,Prefix + Root,prefix + last,outlast,1
last,Root + Suffix,last + suffix,lastly,1
late,Word + Word,late + come,latecomer,1
late,Prefix + Root,prefix + late,belated,1
late,Root + Suffix,late + suffix,"lately, lateness, later, latest",4
late,Prefix + Root + Suffix,prefix + late + suffix,belatedly,1
latter,Root + Suffix,latter + suffix,latterly,1
laugh,Word + Word,laugh + stock,laughingstock,1
laugh,Root + Suffix,laugh + suffix,"laughable, laughably, laughingly",3
launch,Root + Suffix,launch + suffix,launcher,1
law,Word + Word,law + make,"lawmakers, lawmaking, lawman, lawsuit",4
law,Prefix + Root,prefix + law,"bylaw, outlaw",2
law,Root + Suffix,law + suffix,"lawful, lawfully, lawfulness, lawless, lawlessly, lawlessness, lawyer",7
law,Prefix + Root + Suffix,prefix + law + suffix,"outlawry, unlawful, unlawfully",3
lay,Word + Word,lay + about,"layabout, layby, layman, layoff, layout, layover",6
lay,Prefix + Root,prefix + lay,"belay, inlay, inlays, mislay, outlay, overlay, relaid, underlay",8
lay,Root + Suffix,lay + suffix,"lain, layers",2
lay,Prefix + Root + Suffix,prefix + lay + suffix,underlain,1
lazy,Word + Word,lazy + bone,lazybones,1
lazy,Root + Suffix,lazy + suffix,"lazier, laziest, lazily, laziness",4
lead,Word + Word,lead + man,leadsman,1
lead,Prefix + Root,prefix + lead,mislead,1
lead,Root + Suffix,lead + suffix,"leaden, leader, leaderless, leadership",4
lead,Prefix + Root + Suffix,prefix + lead + suffix,misleadingly,1
leaf,Prefix + Root,prefix + leaf,overleaf,1
leaf,Root + Suffix,leaf + suffix,"leafage, leafier, leafiest, leafless, leaflet, leafy",6
league,Root + Suffix,league + suffix,leaguer,1
leak,Root + Suffix,leak + suffix,"leakage, leakier, leakiest, leakily, leakiness, leaky",6
lean,Root + Suffix,lean + suffix,"leaner, leanest, leanness, leant",4
leap,Word + Word,leap + frog,leapfrog,1
leap,Root + Suffix,leap + suffix,leapt,1
leap,Prefix + Root + Suffix,prefix + leap + suffix,overleapt,1
learn,Prefix + Root,prefix + learn,"relearns, unlearn",2
learn,Root + Suffix,learn + suffix,"learnedly, learner, learnt",3
learn,Prefix + Root + Suffix,prefix + learn + suffix,unlearnt,1
least,Root + Suffix,least + suffix,leastwise,1
leather,Word + Word,leather + neck,leatherneck,1
leather,Root + Suffix,leather + suffix,leathery,1
leave,Prefix + Root,prefix + leave,interleave,1
left,Word + Word,left + hand,"lefthander, leftovers",2
left,Root + Suffix,left + suffix,"leftist, leftward",2
leg,Word + Word,leg + horn,leghorn,1
leg,Prefix + Root,prefix + leg,foreleg,1
leg,Root + Suffix,leg + suffix,"legacy, legate, legatee, legation, leggier, leggiest, legginess, leggy (+1 từ khác)",9
legal,Prefix + Root,prefix + legal,"extralegal, illegal",2
legal,Root + Suffix,legal + suffix,"legalism, legality, legalization, legalize, legally",5
legal,Prefix + Root + Suffix,prefix + legal + suffix,"illegality, illegally",2
legend,Root + Suffix,legend + suffix,legendary,1
leisure,Root + Suffix,leisure + suffix,leisurely,1
lemon,Root + Suffix,lemon + suffix,lemonade,1
lend,Root + Suffix,lend + suffix,lender,1
length,Root + Suffix,length + suffix,"lengthen, lengthier, lengthiest, lengthily, lengthiness, lengthwise, lengthy",7
lesbian,Root + Suffix,lesbian + suffix,lesbianism,1
less,Root + Suffix,less + suffix,"lessen, lesser",2
let,Word + Word,let + down,"letdown, letup",2
let,Prefix + Root,prefix + let,"inlet, outlet, sublet",3
lethal,Root + Suffix,lethal + suffix,lethality,1
letter,Word + Word,letter + box,"letterbox, letterhead, letterman, letterpress",4
letter,Prefix + Root,prefix + letter,unlettered,1
level,Root + Suffix,level + suffix,leveller,1
liable,Root + Suffix,liable + suffix,liability,1
library,Root + Suffix,library + suffix,"librarian, librarianship",2
licence,Root + Suffix,licence + suffix,"licentious, licentiously, licentiousness",3
license,Prefix + Root,prefix + license,unlicensed,1
license,Root + Suffix,license + suffix,licensee,1
lie,Prefix + Root,prefix + lie,"belie, outlying, overlying, underlie",4
lie,Root + Suffix,lie + suffix,liar,1
life,Word + Word,life + belt,"lifebelt, lifeblood, lifeboat, lifeguard, lifelike, lifeline, lifelong, lifetime",8
life,Prefix + Root,prefix + life,afterlife,1
life,Root + Suffix,life + suffix,"lifeless, lifelessly, lifelessness, lifer",4
lift,Word + Word,lift + boy,"liftboy, liftman",2
lift,Prefix + Root,prefix + lift,uplift,1
light,Word + Word,light + heart,"lighthearted, lighthouse, lightship, lightweight, lightyears",5
light,Root + Suffix,light + suffix,"lighten, lighter, lightest, lightly, lightness",5
light,Prefix + Root + Suffix,prefix + light + suffix,"enlighten, enlightenment, unenlightened",3
like,Prefix + Root,prefix + like,"alike, dislike, unlike",3
like,Root + Suffix,like + suffix,"likable, likelier, likeliest, likelihood, likely, likened, likeness, likewise",8
like,Prefix + Root + Suffix,prefix + like + suffix,"unlikelier, unlikeliest, unlikelihood, unlikeliness, unlikely",5
limb,Root + Suffix,limb + suffix,limbless,1
limit,Prefix + Root,prefix + limit,"delimit, unlimited",2
limit,Root + Suffix,limit + suffix,"limitable, limitation, limitless, limitlessly, limitlessness",5
limit,Prefix + Root + Suffix,prefix + limit + suffix,"delimitate, delimitation, delimitations, illimitable",4
line,Word + Word,line + back,"linebackers, lineman, linertrain, lineup",4
line,Prefix + Root,prefix + line,"align, byline, interlining, nonaligned, outline, realign, relining, underline",8
line,Root + Suffix,line + suffix,"ligneous, lignite, lineal, linear, linearly, liner",6
line,Prefix + Root + Suffix,prefix + line + suffix,"alignment, bilinear, delineate, delineation, misalignment, nonalignment, realignment",7
linger,Root + Suffix,linger + suffix,"lingerer, lingeringly",2
link,Word + Word,link + up,linkup,1
link,Prefix + Root,prefix + link,"interlink, unlinked",2
link,Root + Suffix,link + suffix,linkage,1
lion,Root + Suffix,lion + suffix,"lioness, lionization, lionize",3
lip,Word + Word,lip + stick,lipstick,1
list,Prefix + Root,prefix + list,"enlist, unlisted",2
list,Root + Suffix,list + suffix,"listless, listlessly, listlessness",3
list,Prefix + Root + Suffix,prefix + list + suffix,enlistment,1
listen,Root + Suffix,listen + suffix,listener,1
litre,Prefix + Root,prefix + litre,"kilolitre, millilitre",2
litter,Word + Word,litter + bag,"litterbag, litterbin, litterbug",3
little,Prefix + Root,prefix + little,belittle,1
little,Root + Suffix,little + suffix,"littleness, littler, littlest",3
live,Word + Word,live + long,"livelong, livestock",2
live,Prefix + Root,prefix + live,"alive, outlive, relive",3
live,Root + Suffix,live + suffix,"livability, livable, livelier, liveliest, livelihood, liveliness, lively",7
live,Prefix + Root + Suffix,prefix + live + suffix,enliven,1
liver,Root + Suffix,liver + suffix,liverish,1
load,Prefix + Root,prefix + load,"overload, reload, unload",3
load,Root + Suffix,load + suffix,loader,1
load,Prefix + Root + Suffix,prefix + load + suffix,"autoloader, unloader",2
loan,Word + Word,loan + word,loanword,1
lobby,Root + Suffix,lobby + suffix,lobbyist,1
lock,Word + Word,lock + nut,"locknut, lockout, lockup",3
lock,Prefix + Root,prefix + lock,"forelock, interlock, unlock",3
lock,Root + Suffix,lock + suffix,"lockable, locker, lockian",3
log,Word + Word,log + book,"logbook, loggerheads, logjams",3
log,Prefix + Root,prefix + log,"dialogue, epilogue, monologue, prologue",4
log,Root + Suffix,log + suffix,logger,1
log,Prefix + Root + Suffix,prefix + log + suffix,"epidemiological, eulogist, eulogistic, eulogistically, eulogize, eulogizers, eulogy, monologist (+1 từ khác)",9
logic,Root + Suffix,logic + suffix,"logical, logicality, logically, logician",4
logic,Prefix + Root + Suffix,prefix + logic + suffix,"illogical, illogicality, illogically, illogicalness",4
long,Word + Word,long + boat,"longboat, longbow, longfellow, longhaired, longhand, longhorn, longrun, longship (+8 từ khác)",16
long,Prefix + Root,prefix + long,"overlong, prolong",2
long,Root + Suffix,long + suffix,"longer, longest, longevity, longingly, longish, longitude, longitudinal, longitudinally (+1 từ khác)",9
long,Prefix + Root + Suffix,prefix + long + suffix,"elongate, elongation, prolongation",3
look,Word + Word,look + out,"lookout, lookup",2
look,Prefix + Root,prefix + look,"outlook, overlook",2
look,Root + Suffix,look + suffix,looker,1
look,Prefix + Root + Suffix,prefix + look + suffix,onlooker,1
loop,Word + Word,loop + hole,loophole,1
loop,Root + Suffix,loop + suffix,"loopier, loopiest, loopy",3
loose,Word + Word,loose + box,loosebox,1
loose,Prefix + Root,prefix + loose,unloose,1
loose,Root + Suffix,loose + suffix,"loosely, loosen, looseness, looser, loosest",5
loose,Prefix + Root + Suffix,prefix + loose + suffix,unloosen,1
lord,Prefix + Root,prefix + lord,overlord,1
lord,Root + Suffix,lord + suffix,"lordlier, lordliest, lordliness, lordly, lordship",5
lose,Root + Suffix,lose + suffix,loser,1
loud,Word + Word,loud + hail,"loudhailer, loudmouth, loudspeaker",3
loud,Prefix + Root,prefix + loud,overloud,1
loud,Root + Suffix,loud + suffix,"louder, loudest, loudly, loudness",4
love,Word + Word,love + bird,"lovebird, lovechildren, lovejoy, lovemaking, loverlike, lovesick",6
love,Prefix + Root,prefix + love,beloved,1
love,Root + Suffix,love + suffix,"lovable, loveless, lovelier, loveliest, loveliness, lovely, lover, lovey",8
love,Prefix + Root + Suffix,prefix + love + suffix,unlovely,1
low,Word + Word,low + down,"lowdown, lowermost, lowland, lowlander",4
low,Root + Suffix,low + suffix,"lower, lowest, lowlier, lowliest, lowliness, lowly, lowness",7
loyal,Prefix + Root,prefix + loyal,disloyal,1
loyal,Root + Suffix,loyal + suffix,"loyalist, loyally, loyalty",3
loyal,Prefix + Root + Suffix,prefix + loyal + suffix,"disloyally, disloyalty",2
luck,Root + Suffix,luck + suffix,"luckier, luckiest, luckily, luckiness, luckless, lucky",6
luck,Prefix + Root + Suffix,prefix + luck + suffix,"unluckily, unlucky",2
lunch,Word + Word,lunch + room,"lunchroom, lunchtime",2
luxury,Root + Suffix,luxury + suffix,"luxuriance, luxuriant, luxuriantly, luxurious, luxuriously",5
lyric,Root + Suffix,lyric + suffix,"lyrical, lyrically, lyricism, lyricist",4
machine,Word + Word,machine + gun,"machinegun, machinelike",2
machine,Root + Suffix,machine + suffix,"machinate, machination, machinery, machinist",4
mad,Word + Word,mad + cap,"madcap, madhouse, madman, madwoman",4
mad,Root + Suffix,mad + suffix,"madden, madder, maddest, madly, madness",5
mad,Prefix + Root + Suffix,prefix + mad + suffix,bemaddening,1
magic,Root + Suffix,magic + suffix,"magical, magically, magician",3
mail,Word + Word,mail + bag,"mailbag, mailboat, mailbox, mailman",4
mail,Root + Suffix,mail + suffix,mailer,1
main,Word + Word,main + land,"mainland, mainline, mainsail, mainspring, mainstay, mainstream",6
main,Root + Suffix,main + suffix,mainly,1
maintain,Root + Suffix,maintain + suffix,"maintainable, maintenance",2
major,Root + Suffix,major + suffix,"majorette, majority",2
make,Word + Word,make + peace,"makepeace, makeshift, makeup",3
make,Prefix + Root,prefix + make,"remake, unmade",2
make,Root + Suffix,make + suffix,maker,1
male,Word + Word,male + fact,malefactor,1
male,Root + Suffix,male + suffix,maleness,1
man,Word + Word,man + handle,"manhandle, manhole, manhour, mankind, manlike, manmade, manpower, manservant (+1 từ khác)",9
man,Prefix + Root,prefix + man,"crossman, superman, unman",3
man,Root + Suffix,man + suffix,"manful, manfully, manhood, manlier, manliness, manly",6
man,Prefix + Root + Suffix,prefix + man + suffix,unmanly,1
manage,Prefix + Root,prefix + manage,"mismanage, unmanaged",2
manage,Root + Suffix,manage + suffix,"manageability, manageable, management, manager, manageress, managerial",6
manage,Prefix + Root + Suffix,prefix + manage + suffix,"mismanagement, unmanageable, unmanageably",3
manifest,Root + Suffix,manifest + suffix,"manifestation, manifestly, manifesto",3
manipulate,Root + Suffix,manipulate + suffix,"manipulation, manipulative, manipulators",3
manner,Prefix + Root,prefix + manner,unmannered,1
manner,Root + Suffix,manner + suffix,"mannerism, mannerly",2
manner,Prefix + Root + Suffix,prefix + manner + suffix,unmannerly,1
march,Root + Suffix,march + suffix,marcher,1
margin,Root + Suffix,margin + suffix,"marginal, marginally",2
marine,Prefix + Root,prefix + marine,"antisubmarine, submarine, ultramarine",3
mark,Word + Word,mark + down,"markdown, marksman, marksmanship, markswoman, markup",5
mark,Prefix + Root,prefix + mark,unmarked,1
mark,Root + Suffix,mark + suffix,"markedly, marker",2
mark,Prefix + Root + Suffix,prefix + mark + suffix,"demarcate, demarcation",2
market,Word + Word,market + place,marketplace,1
market,Prefix + Root,prefix + market,"hypermarket, supermarket",2
market,Root + Suffix,market + suffix,"marketability, marketable, marketeer, marketer, marketwise",5
marriage,Prefix + Root,prefix + marriage,"intermarriage, remarriage",2
marriage,Root + Suffix,marriage + suffix,"marriageability, marriageable",2
marry,Prefix + Root,prefix + marry,"intermarry, remarry, unmarried",3
martial,Root + Suffix,martial + suffix,martially,1
mask,Prefix + Root,prefix + mask,unmask,1
mass,Prefix + Root,prefix + mass,amass,1
mass,Root + Suffix,mass + suffix,"massier, massive, massively, massiveness, massy",5
master,Word + Word,master + mind,"mastermind, masterpiece, masterstroke, masterwork",4
master,Prefix + Root,prefix + master,overmaster,1
master,Root + Suffix,master + suffix,"masterful, masterfully, masterless, masterliness, masterly, mastership, mastery",7
match,Word + Word,match + box,"matchbox, matchlock, matchmaker, matchmaking, matchstick, matchwood",6
match,Prefix + Root,prefix + match,"mismatch, outmatch, unmatched",3
match,Root + Suffix,match + suffix,"matchless, matchlessly",2
match,Prefix + Root + Suffix,prefix + match + suffix,unmatchable,1
mate,Prefix + Root,prefix + mate,"inmate, unmated",2
mate,Root + Suffix,mate + suffix,matey,1
material,Prefix + Root,prefix + material,immaterial,1
material,Root + Suffix,material + suffix,"materialism, materialist, materialistic, materialistically, materialization, materialize, materially",7
matter,Prefix + Root,prefix + matter,antimatter,1
mature,Prefix + Root,prefix + mature,"immature, premature",2
mature,Root + Suffix,mature + suffix,"maturate, maturation, maturational, maturely, maturer, maturest, maturity",7
mature,Prefix + Root + Suffix,prefix + mature + suffix,"immaturely, immaturity, prematurely",3
may,Word + Word,may + bug,"maybug, mayday, mayfair, mayflower, mayfly, maypole",6
may,Root + Suffix,may + suffix,mayst,1
mayor,Word + Word,mayor + ship,mayorship,1
mayor,Root + Suffix,mayor + suffix,"mayoral, mayoress",2
meal,Word + Word,meal + bug,"mealtime, mealybug",2
meal,Root + Suffix,meal + suffix,"mealier, mealiest, mealy",3
mean,Word + Word,mean + time,"meantime, meanwhile",2
mean,Root + Suffix,mean + suffix,"meaner, meanest, meanie, meaningful, meaningfully, meaningfulness, meaningless, meaninglessness (+3 từ khác)",11
measure,Prefix + Root,prefix + measure,unmeasured,1
measure,Root + Suffix,measure + suffix,"measurable, measurably, measureless, measurement",4
measure,Prefix + Root + Suffix,prefix + measure + suffix,"immeasurable, immeasurably",2
meat,Word + Word,meat + ball,meatball,1
meat,Root + Suffix,meat + suffix,"meatier, meatiest, meatiness, meatless, meaty",5
medal,Root + Suffix,medal + suffix,"medallion, medallist",2
medicine,Root + Suffix,medicine + suffix,"medicinal, medicinally",2
medium,Word + Word,medium + ship,mediumship,1
medium,Root + Suffix,medium + suffix,mediumistic,1
meet,Word + Word,meet + house,meetinghouse,1
melt,Root + Suffix,melt + suffix,meltingly,1
member,Prefix + Root,prefix + member,dismember,1
member,Root + Suffix,member + suffix,membership,1
member,Prefix + Root + Suffix,prefix + member + suffix,dismemberment,1
mental,Root + Suffix,mental + suffix,"mentality, mentally",2
mention,Prefix + Root,prefix + mention,undermentioned,1
mention,Root + Suffix,mention + suffix,mentionable,1
mention,Prefix + Root + Suffix,prefix + mention + suffix,unmentionable,1
merchant,Word + Word,merchant + man,merchantman,1
mercy,Root + Suffix,mercy + suffix,"merciful, mercifully, mercifulness, merciless, mercilessly, mercilessness",6
mere,Root + Suffix,mere + suffix,"merely, merest",2
merge,Prefix + Root,prefix + merge,"emerge, reemerged, submerge",3
merge,Root + Suffix,merge + suffix,merger,1
merge,Prefix + Root + Suffix,prefix + merge + suffix,"emergence, emergent, submergence",3
merit,Prefix + Root,prefix + merit,demerit,1
merit,Root + Suffix,merit + suffix,"meritorious, meritoriously",2
merit,Prefix + Root + Suffix,prefix + merit + suffix,unmeritorious,1
mess,Root + Suffix,mess + suffix,"messier, messiest, messily, messiness, messy",5
metal,Word + Word,metal + urge,"metallurgical, metallurgist, metallurgy, metalwork, metalworker",5
metal,Root + Suffix,metal + suffix,metallic,1
metal,Prefix + Root + Suffix,prefix + metal + suffix,"bimetallic, nonmetallic",2
method,Word + Word,method + log,"methodological, methodologically, methodology",3
method,Root + Suffix,method + suffix,"methodical, methodically, methodism, methodist",4
method,Prefix + Root + Suffix,prefix + method + suffix,unmethodical,1
metre,Prefix + Root,prefix + metre,"centimetre, kilometre, millimetre",3
middle,Word + Word,middle + man,"middleman, middletown, middleweight",3
midst,Prefix + Root,prefix + midst,amidst,1
might,Root + Suffix,might + suffix,"mightier, mightiest, mightily, mighty",4
might,Prefix + Root + Suffix,prefix + might + suffix,almighty,1
mild,Root + Suffix,mild + suffix,"milder, mildest, mildly, mildness",4
mile,Word + Word,mile + stone,milestone,1
mile,Root + Suffix,mile + suffix,"mileage, miler",2
militia,Word + Word,militia + man,militiaman,1
milk,Word + Word,milk + man,"milkman, milkshake, milkweed",3
milk,Root + Suffix,milk + suffix,"milker, milkier, milkiest, milkiness, milky",5
mill,Word + Word,mill + board,"millboard, millpond, millstone, millwheel",4
mill,Root + Suffix,mill + suffix,"millenarian, millenium, miller, millie",4
million,Root + Suffix,million + suffix,"millionaire, millionfold, millionth",3
million,Prefix + Root + Suffix,prefix + million + suffix,multimillionaire,1
mind,Prefix + Root,prefix + mind,remind,1
mind,Root + Suffix,mind + suffix,"minder, mindful, mindfully, mindfulness, mindless, mindlessly, mindlessness",7
mind,Prefix + Root + Suffix,prefix + mind + suffix,"reminder, unmindful",2
mine,Word + Word,mine + field,"minefield, minelaying, minesweeper, minesweeping",4
mine,Prefix + Root,prefix + mine,undermine,1
mine,Root + Suffix,mine + suffix,miner,1
mineral,Root + Suffix,mineral + suffix,"mineralized, mineralogical, mineralogist, mineralogy",4
mineral,Prefix + Root + Suffix,prefix + mineral + suffix,demineralization,1
minister,Prefix + Root,prefix + minister,administer,1
minister,Root + Suffix,minister + suffix,"ministerial, ministerially, ministrant, ministration, ministry",5
minister,Prefix + Root + Suffix,prefix + minister + suffix,"administration, administrative, administratively, administrator",4
minor,Root + Suffix,minor + suffix,minority,1
minute,Word + Word,minute + man,minuteman,1
minute,Root + Suffix,minute + suffix,"minutely, minuteness, minuter, minutest",4
miracle,Root + Suffix,miracle + suffix,"miraculous, miraculously",2
miss,Prefix + Root,prefix + miss,dismiss,1
miss,Root + Suffix,miss + suffix,missy,1
miss,Prefix + Root + Suffix,prefix + miss + suffix,"commissary, commission, commissionaire, commissioner, dismissal, emissary, noncommissioned",7
mission,Root + Suffix,mission + suffix,missionary,1
mix,Prefix + Root,prefix + mix,"admix, intermix, premix, unmixed",4
mix,Root + Suffix,mix + suffix,"mixer, mixture",2
mix,Prefix + Root + Suffix,prefix + mix + suffix,admixture,1
mob,Word + Word,mob + cap,mobcaps,1
mob,Root + Suffix,mob + suffix,mobster,1
mobile,Prefix + Root,prefix + mobile,"automobile, immobile",2
mobile,Root + Suffix,mobile + suffix,"mobility, mobilization, mobilize",3
mobile,Prefix + Root + Suffix,prefix + mobile + suffix,"demobilization, demobilize, immobility, immobilization, immobilize",5
mode,Prefix + Root,prefix + mode,outmoded,1
mode,Root + Suffix,mode + suffix,"modal, modality, modally, modish, modishly",5
model,Prefix + Root,prefix + model,remodel,1
model,Root + Suffix,model + suffix,modeller,1
moderate,Prefix + Root,prefix + moderate,immoderate,1
moderate,Root + Suffix,moderate + suffix,"moderately, moderation, moderator",3
moderate,Prefix + Root + Suffix,prefix + moderate + suffix,immoderately,1
modern,Prefix + Root,prefix + modern,ultramodern,1
modern,Root + Suffix,modern + suffix,"modernism, modernist, modernistic, modernity, modernization, modernize",6
modest,Prefix + Root,prefix + modest,immodest,1
modest,Root + Suffix,modest + suffix,"modestly, modesty",2
modest,Prefix + Root + Suffix,prefix + modest + suffix,"immodestly, immodesty",2
modify,Prefix + Root,prefix + modify,unmodified,1
modify,Root + Suffix,modify + suffix,"modification, modifier",2
moment,Root + Suffix,moment + suffix,"momenta, momentarily, momentary, momentous, momentously, momentousness, momentum",7
money,Word + Word,money + bag,"moneybags, moneybox, moneychanger, moneylender, moneymaker, moneymaking",6
money,Root + Suffix,money + suffix,moneyless,1
monk,Root + Suffix,monk + suffix,monkish,1
monster,Root + Suffix,monster + suffix,"monstrosity, monstrous, monstrously",3
monster,Prefix + Root + Suffix,prefix + monster + suffix,"demonstrable, demonstrably, demonstrate, demonstration, demonstrative, demonstratively, demonstrator, remonstrance (+2 từ khác)",10
month,Root + Suffix,month + suffix,monthly,1
month,Prefix + Root + Suffix,prefix + month + suffix,bimonthly,1
monument,Root + Suffix,monument + suffix,"monumental, monumentally",2
mood,Root + Suffix,mood + suffix,"moodier, moodiest, moodily, moodiness, moody",5
moon,Word + Word,moon + beam,"moonbeam, moonflower, moonlight, moonlighter, moonshine, moonstone",6
moon,Root + Suffix,moon + suffix,"moonier, moonless, moony",3
moral,Prefix + Root,prefix + moral,"amoral, immoral",2
moral,Root + Suffix,moral + suffix,morally,1
moral,Prefix + Root + Suffix,prefix + moral + suffix,"demoralization, demoralize, immorality, immorally",4
more,Word + Word,more + house,"morehouse, moreover",2
morning,Prefix + Root,prefix + morning,midmorning,1
mortgage,Root + Suffix,mortgage + suffix,"mortgagee, mortgagor",2
most,Prefix + Root,prefix + most,"inmost, midmost, outmost, upmost",4
most,Root + Suffix,most + suffix,mostly,1
mother,Word + Word,mother + land,"motherland, motherlike",2
mother,Root + Suffix,mother + suffix,"motherhood, motherless, motherliness, motherly",4
motion,Prefix + Root,prefix + motion,commotion,1
motion,Root + Suffix,motion + suffix,"motionless, motionlessly, motionlessness",3
motive,Root + Suffix,motive + suffix,"motivate, motivation, motivations, motiveless",4
motive,Prefix + Root + Suffix,prefix + motive + suffix,unmotivated,1
motor,Word + Word,motor + bike,"motorboat, motorcar, motorcycle, motorcyclist, motorway, pushbike",6
motor,Root + Suffix,motor + suffix,"motorist, motorize",2
mount,Prefix + Root,prefix + mount,"amount, dismount, remount, surmount",4
mount,Root + Suffix,mount + suffix,mountie,1
mount,Prefix + Root + Suffix,prefix + mount + suffix,"insurmountable, surmountable, unsurmountable",3
mountain,Word + Word,mountain + side,"mountainside, mountaintop",2
mountain,Root + Suffix,mountain + suffix,"mountaineer, mountainous, mountainously",3
mouse,Word + Word,mouse + trap,mousetrap,1
mouse,Root + Suffix,mouse + suffix,"mousers, mousier, mousiest, mousy",4
mouth,Word + Word,mouth + organ,"mouthorgan, mouthpiece, mouthwash",3
mouth,Root + Suffix,mouth + suffix,mouthful,1
move,Prefix + Root,prefix + move,"remove, unmoved",2
move,Root + Suffix,move + suffix,"movable, movably, movement, mover, movie, movingly",6
move,Prefix + Root + Suffix,prefix + move + suffix,"immovable, immovably, irremovable, removable, removal, remover",6
much,Prefix + Root,prefix + much,overmuch,1
much,Root + Suffix,much + suffix,muchness,1
mud,Word + Word,mud + flat,"mudflat, mudguard, mudpack",3
mud,Root + Suffix,mud + suffix,"muddier, muddiest, muddiness, muddy",4
mum,Root + Suffix,mum + suffix,mummery,1
municipal,Root + Suffix,municipal + suffix,"municipality, municipally",2
murder,Root + Suffix,murder + suffix,"murderer, murderess, murderous, murderously, murderousness",5
muscle,Word + Word,muscle + man,muscleman,1
muscle,Root + Suffix,muscle + suffix,"muscular, muscularly, musculature",3
music,Root + Suffix,music + suffix,"musical, musicale, musicality, musically, musician, musicianship",6
music,Prefix + Root + Suffix,prefix + music + suffix,nonmusical,1
must,Root + Suffix,must + suffix,"mustier, mustiest, mustiness, musty",4
mutual,Root + Suffix,mutual + suffix,"mutuality, mutually",2
my,Word + Word,my + lord,"milord, myself",2
myth,Word + Word,myth + log,"demythologization, demythologize, mythological, mythologist, mythology, nonmythological",6
myth,Root + Suffix,myth + suffix,"mythic, mythical",2
nail,Word + Word,nail + brush,nailbrush,1
naked,Root + Suffix,naked + suffix,"nakedly, nakedness",2
name,Word + Word,name + plate,"nameplate, namesake",2
name,Prefix + Root,prefix + name,"forename, misname, rename, surname, unnamed",5
name,Root + Suffix,name + suffix,"nameless, namely",2
name,Prefix + Root + Suffix,prefix + name + suffix,unnameable,1
narrow,Root + Suffix,narrow + suffix,"narrower, narrowest, narrowly, narrowness",4
nasty,Root + Suffix,nasty + suffix,"nastier, nastiest, nastily, nastiness",4
nation,Word + Word,nation + wide,nationwide,1
nation,Root + Suffix,nation + suffix,"national, nationalism, nationalist, nationalistic, nationalistically, nationality, nationalization, nationalize (+1 từ khác)",9
nation,Prefix + Root + Suffix,prefix + nation + suffix,"denationalization, denationalize, international, internationale, internationalism, internationalist, internationalization, internationalize (+3 từ khác)",11
native,Root + Suffix,native + suffix,nativity,1
nature,Prefix + Root,prefix + nature,denatured,1
nature,Root + Suffix,nature + suffix,"natural, naturalism, naturalist, naturalistic, naturalistically, naturalization, naturalize, naturally (+4 từ khác)",12
nature,Prefix + Root + Suffix,prefix + nature + suffix,"supernatural, supernaturalism, supernaturally, unnatural, unnaturally, unnaturalness",6
near,Word + Word,near + by,"nearby, nearside, nearsighted, nearsightedly, nearsightedness",5
near,Root + Suffix,near + suffix,"nearer, nearest, nearly, nearness",4
neat,Root + Suffix,neat + suffix,"neater, neatest, neatly, neatness",4
neck,Word + Word,neck + band,"neckband, neckcloth, neckline, necktie, neckwear",5
neck,Root + Suffix,neck + suffix,necklet,1
need,Prefix + Root,prefix + need,unneeded,1
need,Root + Suffix,need + suffix,"needful, needfully, needier, neediest, neediness, needless, needlessly, needy",8
needle,Word + Word,needle + craft,"needlecraft, needlepoint, needlewoman, needlework",4
neglect,Root + Suffix,neglect + suffix,"neglectful, neglectfully, neglectfulness",3
neighbour,Root + Suffix,neighbour + suffix,"neighbourhood, neighbourliness, neighbourly",3
nerve,Prefix + Root,prefix + nerve,unnerve,1
nerve,Root + Suffix,nerve + suffix,"nerveless, nervelessness, nervier, nervous, nervously, nervousness, nervy",7
nest,Root + Suffix,nest + suffix,"nester, nestlings",2
net,Word + Word,net + ball,"netball, network",2
new,Word + Word,new + agent,"newbold, newborn, newbury, newcastle, newcomer, newfound, newlywed, newmarket (+18 từ khác)",26
new,Prefix + Root,prefix + new,renew,1
new,Root + Suffix,new + suffix,"newer, newest, newly, newness, newsier, newsiest, newsiness, newsless (+1 từ khác)",9
new,Prefix + Root + Suffix,prefix + new + suffix,"renewable, renewal",2
nice,Root + Suffix,nice + suffix,"nicely, niceness, nicer, nicest, nicety",5
night,Word + Word,night + cap,"nightcap, nightclub, nightdress, nightfall, nightlife, nightlights, nightline, nightshade (+3 từ khác)",11
night,Prefix + Root,prefix + night,"benighted, midnight, overnight",3
night,Root + Suffix,night + suffix,"nightie, nightly",2
night,Prefix + Root + Suffix,prefix + night + suffix,"benightedly, overnighters",2
nine,Word + Word,nine + penny,"ninepenny, ninepin, nineteens, nineteenths",4
nine,Root + Suffix,nine + suffix,"ninefold, nineteen, nineteenth, ninetieth, ninety, ninth",6
no,Word + Word,no + body,"nobody, nothing, nothingness, nowhere",4
no,Root + Suffix,no + suffix,nowise,1
noble,Word + Word,noble + man,"nobleman, noblewoman",2
noble,Prefix + Root,prefix + noble,"ennoble, ignoble",2
noble,Root + Suffix,noble + suffix,"nobility, nobler, noblest, nobly",4
noble,Prefix + Root + Suffix,prefix + noble + suffix,"ennoblement, ignobly",2
noise,Root + Suffix,noise + suffix,"noiseless, noiselessly, noiselessness, noisier, noisiest, noisily, noisiness, noisy",8
noon,Word + Word,noon + day,"noonday, noontime",2
noon,Prefix + Root,prefix + noon,"afternoon, forenoon",2
nor,Word + Word,nor + folk,norfolk,1
norm,Root + Suffix,norm + suffix,"normal, normalcy, normality, normalization, normalize, normally, normative",7
norm,Prefix + Root + Suffix,prefix + norm + suffix,"abnormal, abnormality, abnormally, subnormal, supernormal",5
north,Word + Word,north + east,"northeast, northeaster, northeasterly, northeastern, northeastward, northernmost, northwest, northwester (+3 từ khác)",11
north,Root + Suffix,north + suffix,"northerly, northern, northerner, northward",4
nose,Word + Word,nose + bag,"nosebag, nosebleed, nosedive, nosegay",4
nose,Root + Suffix,nose + suffix,"nosier, nosiest, nosiness, nosy",4
not,Word + Word,not + with,notwithstanding,1
note,Word + Word,note + book,"notebook, notecase, notepaper, noteworthy",4
note,Prefix + Root,prefix + note,denote,1
note,Root + Suffix,note + suffix,"notability, notable, notably, notate, notation, notifiable, notification, notify",8
note,Prefix + Root + Suffix,prefix + note + suffix,"annotate, annotation, denotation, denotative",4
notice,Prefix + Root,prefix + notice,unnoticed,1
notice,Root + Suffix,notice + suffix,"noticeable, noticeably",2
notion,Root + Suffix,notion + suffix,notional,1
novel,Root + Suffix,novel + suffix,"novelette, novelettish, novelist, novelized, novelty",5
now,Word + Word,now + a,nowadays,1
number,Word + Word,number + plate,numberplate,1
number,Prefix + Root,prefix + number,"outnumber, unnumbered",2
number,Root + Suffix,number + suffix,numberless,1
nurse,Word + Word,nurse + man,nurseryman,1
nurse,Root + Suffix,nurse + suffix,"nursery, nursling",2
nut,Word + Word,nut + case,"nutcase, nutcracker, nuthouse, nutshell",4
nut,Root + Suffix,nut + suffix,"nuttier, nuttiest, nuttiness, nutty",4
obey,Prefix + Root,prefix + obey,disobey,1
obey,Root + Suffix,obey + suffix,obeisant,1
oblige,Prefix + Root,prefix + oblige,disoblige,1
oblige,Root + Suffix,oblige + suffix,obligingly,1
oblige,Prefix + Root + Suffix,prefix + oblige + suffix,disobligingly,1
observe,Root + Suffix,observe + suffix,"observable, observably, observance, observant, observantly, observation, observational, observatory (+2 từ khác)",10
observe,Prefix + Root + Suffix,prefix + observe + suffix,"nonobservance, nonobservant",2
obsess,Root + Suffix,obsess + suffix,"obsession, obsessional, obsessive",3
obvious,Root + Suffix,obvious + suffix,"obviously, obviousness",2
occasion,Root + Suffix,occasion + suffix,"occasional, occasionally",2
occupy,Prefix + Root,prefix + occupy,"preoccupy, unoccupied",2
occupy,Root + Suffix,occupy + suffix,"occupancy, occupant, occupation, occupational, occupationally, occupier",6
occupy,Prefix + Root + Suffix,prefix + occupy + suffix,preoccupation,1
occur,Root + Suffix,occur + suffix,occurrence,1
ocean,Word + Word,ocean + go,"oceangoing, oceanside",2
ocean,Root + Suffix,ocean + suffix,oceanic,1
ocean,Prefix + Root + Suffix,prefix + ocean + suffix,transoceanic,1
odd,Word + Word,odd + ball,oddball,1
odd,Root + Suffix,odd + suffix,"odder, oddest, oddity, oddly, oddment",5
of,Prefix + Root,prefix + of,outta,1
off,Root + Suffix,off + suffix,offish,1
offence,Root + Word,offence + less,offenceless,1
offend,Root + Suffix,offend + suffix,offender,1
office,Word + Word,office + hold,officeholder,1
office,Root + Suffix,office + suffix,"officer, official, officialdom, officially, officiate",5
office,Prefix + Root + Suffix,prefix + office + suffix,"unofficial, unofficially",2
often,Word + Word,often + time,oftentimes,1
often,Root + Suffix,often + suffix,"oftener, oftenest",2
oil,Word + Word,oil + can,"oilcan, oilcloth, oilfield, oilheating, oilman, oilseed, oilskin",7
oil,Root + Suffix,oil + suffix,"oiler, oilier, oiliest, oiliness, oily",5
old,Root + Suffix,old + suffix,"older, oldest, oldies, oldish, oldster",5
on,Root + Suffix,on + suffix,onward,1
one,Word + Word,one + man,"oneself, onetime, oneupmanship",3
one,Root + Suffix,one + suffix,oneness,1
open,Word + Word,open + cast,"opencast, openhearted, openheartedness, openwork",4
open,Prefix + Root,prefix + open,"reopen, unopened",2
open,Root + Suffix,open + suffix,"opener, openly, openness",3
opera,Word + Word,opera + go,operagoers,1
opera,Root + Suffix,opera + suffix,operatic,1
opinion,Root + Suffix,opinion + suffix,"opinionated, opinionative",2
oral,Root + Suffix,oral + suffix,orally,1
orange,Word + Word,orange + man,orangeman,1
orange,Root + Suffix,orange + suffix,orangeade,1
order,Prefix + Root,prefix + order,"disorder, reorder",2
order,Root + Suffix,order + suffix,"orderliness, orderly",2
order,Prefix + Root + Suffix,prefix + order + suffix,"disorderliness, disorderly",2
organ,Root + Suffix,organ + suffix,"organic, organically, organism, organismic, organist, organization, organizational, organizationally (+2 từ khác)",10
organ,Prefix + Root + Suffix,prefix + organ + suffix,"disorganization, disorganize, inorganic, inorganically, microorganism, reorganization, reorganize",7
origin,Root + Suffix,origin + suffix,"original, originality, originally, originate, origination, originator",6
origin,Prefix + Root + Suffix,prefix + origin + suffix,"aboriginal, aborigine",2
other,Word + Word,other + world,otherworldly,1
other,Root + Suffix,other + suffix,otherwise,1
our,Word + Word,our + self,ourselves,1
out,Word + Word,out + most,outermost,1
out,Prefix + Root,prefix + out,throughout,1
out,Root + Suffix,out + suffix,"outage, outer, outward, outwardly",4
over,Prefix + Root,prefix + over,crossover,1
over,Root + Suffix,over + suffix,overly,1
own,Word + Word,own + self,ownself,1
own,Prefix + Root,prefix + own,disown,1
own,Root + Suffix,own + suffix,"owner, ownerless, ownership",3
oxygen,Root + Suffix,oxygen + suffix,"oxygenate, oxygenize",2
pace,Word + Word,pace + make,"pacemaker, pacesetter",2
pace,Root + Suffix,pace + suffix,pacer,1
pack,Word + Word,pack + horse,packhorse,1
pack,Prefix + Root,prefix + pack,"prepack, unpack",2
pack,Root + Suffix,pack + suffix,"package, packer, packet",3
pack,Prefix + Root + Suffix,prefix + pack + suffix,prepackage,1
pad,Word + Word,pad + lock,padlock,1
pad,Prefix + Root,prefix + pad,unpadded,1
page,Root + Suffix,page + suffix,"paginate, pagination",2
pain,Word + Word,pain + kill,"painkiller, painstaking, painstakingly",3
pain,Root + Suffix,pain + suffix,"painful, painfully, painfulness, painless, painlessly",5
paint,Word + Word,paint + box,"paintbox, paintbrush, paintwork",3
paint,Prefix + Root,prefix + paint,repaint,1
paint,Root + Suffix,paint + suffix,painter,1
paint,Prefix + Root + Suffix,prefix + paint + suffix,unpaintable,1
pair,Prefix + Root,prefix + pair,"disrepair, impair, repair, unimpaired, unpaired",5
pair,Prefix + Root + Suffix,prefix + pair + suffix,"impairment, irreparable, irreparably, repairer, reparable, reparation",6
palace,Root + Suffix,palace + suffix,"palatial, palatially",2
pale,Word + Word,pale + face,paleface,1
pale,Prefix + Root,prefix + pale,impale,1
pale,Root + Suffix,pale + suffix,"palely, paleness, paler, palest, palish",5
pale,Prefix + Root + Suffix,prefix + pale + suffix,impalement,1
palm,Root + Suffix,palm + suffix,"palmier, palmist, palmy",3
pan,Word + Word,pan + cake,"pancake, panhandle, panhandler",3
panel,Prefix + Root,prefix + panel,empanels,1
panel,Root + Suffix,panel + suffix,panellist,1
panic,Root + Suffix,panic + suffix,panicky,1
pant,Prefix + Root,prefix + pant,underpants,1
pant,Root + Suffix,pant + suffix,"pantingly, panty",2
paper,Word + Word,paper + back,"paperback, paperboy, paperhanger, paperweight, paperwork",5
paper,Root + Suffix,paper + suffix,papery,1
parallel,Prefix + Root,prefix + parallel,unparalleled,1
parallel,Root + Suffix,parallel + suffix,parallelism,1
parent,Root + Suffix,parent + suffix,"parentage, parental, parentally, parenthood",4
parish,Root + Suffix,parish + suffix,parishioner,1
park,Word + Word,park + land,"parkland, parklike, parkway",3
park,Root + Suffix,park + suffix,parker,1
parliament,Root + Suffix,parliament + suffix,"parliamentarian, parliamentary",2
parliament,Prefix + Root + Suffix,prefix + parliament + suffix,unparliamentary,1
part,Prefix + Root,prefix + part,"forepart, impart, subparts",3
part,Root + Suffix,part + suffix,"partial, partiality, partially, partisan, partisanship, partition, partly",7
part,Prefix + Root + Suffix,prefix + part + suffix,"bipartisan, bipartite, impartation, impartial, impartiality, impartially, nonpartisan, quadripartite (+1 từ khác)",9
participate,Root + Suffix,participate + suffix,participation,1
partner,Root + Suffix,partner + suffix,partnership,1
pass,Word + Word,pass + book,"passageway, passbook, passerby, passkey, passover, passport, password",7
pass,Prefix + Root,prefix + pass,"bypass, overpass, underpass",3
pass,Root + Suffix,pass + suffix,"passable, passably, passage",3
pass,Prefix + Root + Suffix,prefix + pass + suffix,impassable,1
passion,Prefix + Root,prefix + passion,impassion,1
passion,Root + Suffix,passion + suffix,"passionate, passionately, passionateness, passionless, passionlessly",5
passion,Prefix + Root + Suffix,prefix + passion + suffix,"dispassionate, dispassionately",2
passive,Prefix + Root,prefix + passive,impassive,1
passive,Root + Suffix,passive + suffix,"passively, passiveness, passivity, passivize",4
passive,Prefix + Root + Suffix,prefix + passive + suffix,"impassively, impassiveness, impassivity",3
past,Word + Word,past + time,pastime,1
past,Root + Suffix,past + suffix,"passee, pastness",2
pastor,Root + Suffix,pastor + suffix,pastoral,1
patch,Word + Word,patch + work,patchwork,1
patch,Prefix + Root,prefix + patch,"crosspatch, despatched, dispatch",3
patch,Root + Suffix,patch + suffix,"patchier, patchiest, patchily, patchiness, patchy",5
patent,Root + Suffix,patent + suffix,"patentee, patently",2
patho,Root + Word,patho + find,"pathfinder, pathogenesis, pathogenic, pathologic, pathological, pathologically, pathologist, pathology (+1 từ khác)",9
patho,Prefix + Root,prefix + patho,bypath,1
patho,Root + Suffix,patho + suffix,"pathetic, pathetically, pathless",3
patho,Prefix + Root + Suffix,prefix + patho + suffix,"antipathetic, antipathetically, antipathy, apathetic, apathetically, apathy, empathy, sympathetic (+6 từ khác)",14
patience,Prefix + Root,prefix + patience,impatience,1
patient,Prefix + Root,prefix + patient,"impatient, outpatient",2
patient,Root + Suffix,patient + suffix,patiently,1
patient,Prefix + Root + Suffix,prefix + patient + suffix,impatiently,1
patrol,Word + Word,patrol + man,patrolman,1
patron,Root + Suffix,patron + suffix,"patronage, patroness, patronize, patronizingly",4
patron,Prefix + Root + Suffix,prefix + patron + suffix,unpatronizing,1
pay,Word + Word,pay + check,"paycheck, payday, payload, paymaster, payoff, payroll",6
pay,Prefix + Root,prefix + pay,"overpaid, postpaid, prepay, repay, underpay, unpaid",6
pay,Root + Suffix,pay + suffix,"payable, payee, payer, payment",4
pay,Prefix + Root + Suffix,prefix + pay + suffix,"downpayment, nonpayment, overpayment, prepayment, repayable, repayment, underpayment",7
peace,Word + Word,peace + make,"peacemaker, peacemaking, peacetime",3
peace,Root + Suffix,peace + suffix,"peaceable, peaceably, peaceful, peacefully, peacefulness",5
peak,Root + Suffix,peak + suffix,"peakier, peaky",2
peasant,Root + Suffix,peasant + suffix,peasantry,1
peculiar,Root + Suffix,peculiar + suffix,"peculiarity, peculiarly",2
peer,Root + Suffix,peer + suffix,"peerage, peeress, peerless",3
pen,Word + Word,pen + knife,"penknife, penman, penmanship, penology",4
penny,Word + Word,penny + weigh,"halfpennyworth, pennyweight, pennyworth",3
penny,Prefix + Root,prefix + penny,halfpenny,1
penny,Root + Suffix,penny + suffix,penniless,1
pension,Root + Suffix,pension + suffix,"pensionable, pensioner",2
pepper,Root + Suffix,pepper + suffix,peppery,1
perform,Prefix + Root,prefix + perform,unperformed,1
perform,Root + Suffix,perform + suffix,"performance, performer",2
period,Root + Suffix,period + suffix,"periodic, periodical, periodically, periodicity",4
permit,Root + Suffix,permit + suffix,"permissibility, permissible, permissibly, permission, permissive, permissively, permissiveness",7
person,Root + Suffix,person + suffix,"persona, personable, personae, personage, personal, personality, personalization, personalize (+5 từ khác)",13
person,Prefix + Root + Suffix,prefix + person + suffix,"depersonalization, depersonalized, impersonal, impersonalized, impersonally, impersonate, impersonation, impersonator (+1 từ khác)",9
personnel,Prefix + Root,prefix + personnel,antipersonnel,1
persuade,Root + Suffix,persuade + suffix,"persuadable, persuaders, persuasion, persuasive, persuasively, persuasiveness",6
pet,Root + Suffix,pet + suffix,"pettish, pettishly, pettishness",3
petition,Root + Suffix,petition + suffix,petitioner,1
petrol,Root + Suffix,petrol + suffix,petroleum,1
phon,Root + Word,phon + call,"phonecall, phonological, phonologically, phonologist, phonology",5
phon,Prefix + Root,prefix + phon,"megaphone, microphone",2
phon,Root + Suffix,phon + suffix,"phoneme, phonemic, phonemically, phonemics, phonetically, phonetician, phonic, phonics",8
phon,Prefix + Root + Suffix,prefix + phon + suffix,"euphonious, euphonium, euphony, polyphonic, quadrophonic, symphonic, symphony",7
photo,Root + Word,photo + electr,"photoelectric, photoelectronic",2
photo,Word + Word,photo + copy,"photocopier, photocopy, photoflash, photofloodlights, photogenic, photorealism, photosensitive, photosensitization (+1 từ khác)",9
phrase,Word + Word,phrase + book,"phrasebook, phrasemaking, phraseology",3
phrase,Prefix + Root,prefix + phrase,rephrased,1
phrase,Root + Suffix,phrase + suffix,phrasal,1
piano,Root + Suffix,piano + suffix,"pianissimo, pianist, pianola",3
pick,Word + Word,pick + man,"pickman, pickpocket, pickup",3
pick,Prefix + Root,prefix + pick,unpick,1
pick,Root + Suffix,pick + suffix,"pickaback, picker, pickier, pickiest, picky",5
piece,Word + Word,piece + meal,"piecemeal, piecewise, piecework",3
piece,Prefix + Root,prefix + piece,crosspiece,1
pig,Word + Word,pig + back,"piggyback, pigheaded, pigheadedly, pigheadedness, pignut, pigpen, pigskin, pigtail",8
pig,Root + Suffix,pig + suffix,"piggery, piggier, piggiest, piggish, piggishly, piggishness, piggy, piglet",8
pill,Word + Word,pill + box,pillbox,1
pilot,Prefix + Root,prefix + pilot,copilot,1
pin,Word + Word,pin + ball,"pinball, pinhead, pinholes, pinpoint, pintable, pinup",6
pin,Prefix + Root,prefix + pin,underpin,1
pink,Root + Suffix,pink + suffix,"pinker, pinkest, pinkie, pinkish, pinko",5
pipe,Word + Word,pipe + dream,"pipedream, pipeline",2
pipe,Root + Suffix,pipe + suffix,"pipeful, piper",2
pirate,Root + Suffix,pirate + suffix,"piratical, piratically",2
pit,Word + Word,pit + fall,"pitfall, pithead, pitman",3
pitch,Word + Word,pitch + fork,pitchfork,1
pitch,Root + Suffix,pitch + suffix,pitcher,1
pity,Root + Suffix,pity + suffix,"piteous, piteously, piteousness, pitiable, pitiably, pitiful, pitifully, pitifulness (+4 từ khác)",12
place,Prefix + Root,prefix + place,"displace, misplace, replace, unplaced",4
place,Root + Suffix,place + suffix,"placeless, placement",2
place,Prefix + Root + Suffix,prefix + place + suffix,"displacement, emplacement, irreplaceable, misplacement, replaceable, replacement",6
plain,Word + Word,plain + cloth,"plainclothes, plainfield, plainsong",3
plain,Root + Suffix,plain + suffix,"plainer, plainest, plainly, plainness",4
plan,Word + Word,plan + less,planless,1
plan,Root + Suffix,plan + suffix,planner,1
plane,Word + Word,plane + load,planeload,1
plane,Prefix + Root,prefix + plane,"biplane, deplane, enplane, monoplane",4
plane,Root + Suffix,plane + suffix,"planar, planer",2
planet,Root + Suffix,planet + suffix,"planetaria, planetarium, planetary, planetoid",4
planet,Prefix + Root + Suffix,prefix + planet + suffix,interplanetary,1
plant,Prefix + Root,prefix + plant,"implant, replanted, transplant",3
plant,Root + Suffix,plant + suffix,"plantation, planter",2
plant,Prefix + Root + Suffix,prefix + plant + suffix,"implantation, transplantable, transplantation",3
plastic,Root + Suffix,plastic + suffix,"plastically, plasticity",2
plate,Root + Suffix,plate + suffix,plateful,1
play,Word + Word,play + back,"playback, playbill, playboy, playfellow, playgoer, playground, playgroup, playhouse (+8 từ khác)",16
play,Prefix + Root,prefix + play,"foreplay, interplay, outplay, overplay, replay",5
play,Root + Suffix,play + suffix,"playable, player, playful, playfully, playfulness",5
play,Prefix + Root + Suffix,prefix + play + suffix,unplayable,1
plead,Root + Suffix,plead + suffix,"pleader, pleadingly",2
please,Prefix + Root,prefix + please,"displease, unpleased",2
please,Root + Suffix,please + suffix,"pleasance, pleasant, pleasantly, pleasantness, pleasantry, pleasingly, pleasurable, pleasurably (+1 từ khác)",9
please,Prefix + Root + Suffix,prefix + please + suffix,"displeasingly, displeasure, unpleasant, unpleasantly, unpleasantness",5
plenty,Root + Suffix,plenty + suffix,"plenteous, plenteously, plenteousness, plentiful, plentifully",5
plot,Prefix + Root,prefix + plot,subplot,1
plot,Root + Suffix,plot + suffix,plotter,1
plug,Word + Word,plug + hole,"plughole, plugugly",2
plunge,Root + Suffix,plunge + suffix,plunger,1
plus,Prefix + Root,prefix + plus,surplus,1
pocket,Word + Word,pocket + book,pocketbook,1
pocket,Root + Suffix,pocket + suffix,pocketful,1
poet,Root + Suffix,poet + suffix,"poetess, poetic, poetical, poetically, poetics, poetry",6
point,Prefix + Root,prefix + point,"midpoint, outpointed, repoint",3
point,Root + Suffix,point + suffix,"pointedly, pointer, pointless, pointlessly, pointlessness",5
poison,Root + Suffix,poison + suffix,"poisoner, poisonous, poisonously",3
pole,Word + Word,pole + cat,polecat,1
pole,Prefix + Root,prefix + pole,dipole,1
pole,Root + Suffix,pole + suffix,"polar, polarity, polarization, polarize",4
pole,Prefix + Root + Suffix,prefix + pole + suffix,"circumpolar, transpolar",2
police,Word + Word,police + man,"policeman, policewoman",2
polite,Prefix + Root,prefix + polite,impolite,1
polite,Root + Suffix,polite + suffix,"politely, politeness, politer, politest",4
polite,Prefix + Root + Suffix,prefix + polite + suffix,"impolitely, impoliteness",2
poll,Root + Suffix,poll + suffix,pollster,1
pool,Word + Word,pool + room,poolroom,1
poor,Word + Word,poor + house,poorhouse,1
poor,Root + Suffix,poor + suffix,"poorer, poorest, poorly, poorness",4
pop,Word + Word,pop + gun,popgun,1
pop,Root + Suffix,pop + suffix,popper,1
port,Word + Word,port + hole,porthole,1
port,Prefix + Root,prefix + port,"deport, disport, export, import, misreport, report, transport",7
port,Root + Suffix,port + suffix,"portability, portable, portage, porter, portlier, portliness, portly",7
port,Prefix + Root + Suffix,prefix + port + suffix,"deportation, deportee, deportment, exportable, exportation, exporter, importation, importer (+7 từ khác)",15
portion,Prefix + Root,prefix + portion,"apportion, disproportion, proportion, reapportioned",4
portion,Prefix + Root + Suffix,prefix + portion + suffix,"apportionment, disproportionate, disproportionately, proportionable, proportional, proportionality, proportionally, proportionate (+2 từ khác)",10
portray,Root + Suffix,portray + suffix,"portraitist, portraiture, portrayal",3
pose,Prefix + Root,prefix + pose,"compose, decompose, depose, discompose, dispose, expose, impose, indisposed (+15 từ khác)",23
pose,Root + Suffix,pose + suffix,"poser, posey",2
pose,Prefix + Root + Suffix,prefix + pose + suffix,"composedly, composer, composite, composition, compositional, compositor, composure, decomposition (+20 từ khác)",28
possess,Prefix + Root,prefix + possess,"dispossess, prepossess, repossess",3
possess,Root + Suffix,possess + suffix,"possession, possessive, possessively, possessiveness, possessor",5
possess,Prefix + Root + Suffix,prefix + possess + suffix,"dispossession, prepossession, repossession",3
possible,Prefix + Root,prefix + possible,impossible,1
possible,Root + Suffix,possible + suffix,"possibility, possibly",2
possible,Prefix + Root + Suffix,prefix + possible + suffix,"impossibility, impossibly",2
post,Word + Word,post + bag,"postbag, postbox, postcard, postcode, postman, postmark, postmaster",7
post,Prefix + Root,prefix + post,outpost,1
post,Root + Suffix,post + suffix,"postage, postal, poster",3
pot,Word + Word,pot + ash,"potash, potboiler, pothead, pothole, potholer, pothunter, potluck",7
pot,Prefix + Root,prefix + pot,repot,1
pot,Root + Suffix,pot + suffix,"potency, potent, potentate, potential, potentiality, potentially, potently, potter (+2 từ khác)",10
pot,Prefix + Root + Suffix,prefix + pot + suffix,"impotent, impotently, omnipotence, omnipotent",4
pound,Prefix + Root,prefix + pound,"compound, impound, propound",3
pound,Prefix + Root + Suffix,prefix + pound + suffix,impoundments,1
pour,Prefix + Root,prefix + pour,"downpour, inpouring, outpouring",3
powder,Root + Suffix,powder + suffix,powdery,1
power,Word + Word,power + boat,"powerboat, powerhouse, powerplants",3
power,Prefix + Root,prefix + power,"empower, overpower",2
power,Root + Suffix,power + suffix,"powerful, powerfully, powerfulness, powerless, powerlessly, powerlessness",6
power,Prefix + Root + Suffix,prefix + power + suffix,overpoweringly,1
praise,Word + Word,praise + worth,"praiseworthily, praiseworthiness, praiseworthy",3
prayer,Word + Word,prayer + book,prayerbooks,1
prayer,Root + Suffix,prayer + suffix,"prayerful, prayerfully",2
preach,Root + Suffix,preach + suffix,"preacher, preachify",2
precedent,Prefix + Root,prefix + precedent,unprecedented,1
precedent,Prefix + Root + Suffix,prefix + precedent + suffix,unprecedentedly,1
precious,Prefix + Root,prefix + precious,semiprecious,1
precious,Root + Suffix,precious + suffix,"preciously, preciousness",2
precise,Prefix + Root,prefix + precise,imprecise,1
precise,Root + Suffix,precise + suffix,"precisely, preciseness",2
precise,Prefix + Root + Suffix,prefix + precise + suffix,imprecisely,1
prefer,Root + Suffix,prefer + suffix,"preferable, preferably, preference, preferential, preferentially, preferment",6
premier,Root + Suffix,premier + suffix,premiership,1
prepare,Prefix + Root,prefix + prepare,unprepared,1
prepare,Root + Suffix,prepare + suffix,"preparation, preparative, preparatory, preparedness",4
presence,Prefix + Root,prefix + presence,omnipresence,1
present,Prefix + Root,prefix + present,omnipresent,1
present,Root + Suffix,present + suffix,"presentable, presentably, presentation, presentational, presenter, presently, presentments, presentness",8
preside,Root + Suffix,preside + suffix,"presidency, president, presidential",3
press,Word + Word,press + man,"expressway, pressman",2
press,Prefix + Root,prefix + press,"compress, decompress, depress, express, impress, oppress, repress, suppress (+1 từ khác)",9
press,Root + Suffix,press + suffix,"presser, pressingly, pressure, pressurization, pressurize",5
press,Prefix + Root + Suffix,prefix + press + suffix,"compressibility, compressible, compression, compressive, compressor, decompression, depressants, depressingly (+44 từ khác)",52
pretend,Root + Suffix,pretend + suffix,"pretender, pretension, pretentious, pretentiously, pretentiousness",5
pretend,Prefix + Root + Suffix,prefix + pretend + suffix,"unpretentious, unpretentiously, unpretentiousness",3
pretty,Root + Suffix,pretty + suffix,"prettier, prettiest, prettify, prettily, prettiness",5
prevent,Root + Suffix,prevent + suffix,"preventable, prevention, preventive, preventively",4
previous,Root + Suffix,previous + suffix,previously,1
price,Prefix + Root,prefix + price,overpriced,1
price,Root + Suffix,price + suffix,"priceless, pricey, pricier, priciest, pricily, priciness",6
priest,Word + Word,priest + craft,"priestcraft, priestlike",2
priest,Root + Suffix,priest + suffix,"priestess, priesthood, priestlier, priestly",4
prim,Root + Suffix,prim + suffix,"primacy, primal, primarily, primary, primer, primitive, primitively, primitiveness (+5 từ khác)",13
prince,Root + Suffix,prince + suffix,"princedom, princelier, princeliest, princely, princess",5
principal,Root + Suffix,principal + suffix,"principality, principally",2
principle,Prefix + Root,prefix + principle,unprincipled,1
print,Word + Word,print + make,"printmaking, printout",2
print,Prefix + Root,prefix + print,"imprint, misprint, offprint, overprint, reprint",5
print,Root + Suffix,print + suffix,"printable, printer",2
print,Prefix + Root + Suffix,prefix + print + suffix,unprintable,1
prior,Root + Suffix,prior + suffix,priority,1
prison,Prefix + Root,prefix + prison,imprison,1
prison,Root + Suffix,prison + suffix,prisoner,1
prison,Prefix + Root + Suffix,prefix + prison + suffix,imprisonment,1
private,Root + Suffix,private + suffix,"privateers, privately",2
privilege,Prefix + Root,prefix + privilege,underprivileged,1
prize,Word + Word,prize + fight,"prizefighter, prizefighting",2
prob,Root + Suffix,prob + suffix,"probabilistic, probability, probable, probably, probate, probation, probationary, probationer (+1 từ khác)",9
prob,Prefix + Root + Suffix,prefix + prob + suffix,"approbation, disapprobation, improbability, improbable, improbably",5
problem,Root + Suffix,problem + suffix,"problematic, problematical, problematically",3
problem,Prefix + Root + Suffix,prefix + problem + suffix,unproblematic,1
proceed,Root + Suffix,proceed + suffix,"procedural, procedure",2
profit,Prefix + Root,prefix + profit,nonprofit,1
profit,Root + Suffix,profit + suffix,"profitability, profitable, profitably, profiteer, profitless, profitlessly",6
profit,Prefix + Root + Suffix,prefix + profit + suffix,unprofitable,1
profound,Root + Suffix,profound + suffix,"profoundest, profoundly, profundity",3
program,Root + Suffix,program + suffix,programmer,1
promise,Prefix + Root,prefix + promise,unpromising,1
promise,Root + Suffix,promise + suffix,"promisingly, promissory",2
prompt,Prefix + Root,prefix + prompt,unprompted,1
prompt,Root + Suffix,prompt + suffix,"prompter, promptitude, promptly, promptness",4
pronounce,Prefix + Root,prefix + pronounce,mispronounce,1
pronounce,Root + Suffix,pronounce + suffix,"pronounceable, pronouncedly, pronouncement, pronunciation",4
pronounce,Prefix + Root + Suffix,prefix + pronounce + suffix,mispronunciation,1
proof,Word + Word,proof + read,"proofread, proofreader",2
proof,Prefix + Root,prefix + proof,disproof,1
proper,Prefix + Root,prefix + proper,improper,1
proper,Root + Suffix,proper + suffix,properly,1
proper,Prefix + Root + Suffix,prefix + proper + suffix,improperly,1
protect,Prefix + Root,prefix + protect,unprotected,1
protect,Root + Suffix,protect + suffix,"protection, protectionism, protectionist, protective, protectively, protectiveness, protector, protectorate",8
protect,Prefix + Root + Suffix,prefix + protect + suffix,"overprotection, overprotective",2
protest,Root + Suffix,protest + suffix,"protestant, protestantism, protestation, protester, protestingly",5
proud,Root + Suffix,proud + suffix,"prouder, proudest, proudly",3
prove,Prefix + Root,prefix + prove,"disprove, unproved",2
prove,Root + Suffix,prove + suffix,"provable, provably, proven",3
province,Root + Suffix,province + suffix,"provincial, provincialism, provincially",3
provoke,Prefix + Root,prefix + provoke,unprovoked,1
provoke,Root + Suffix,provoke + suffix,"provocateurs, provocation, provocative, provocatively, provokingly",5
provoke,Prefix + Root + Suffix,prefix + provoke + suffix,unprovocative,1
public,Root + Suffix,public + suffix,"publican, publication, publicist, publicity, publicize, publicly",6
publish,Prefix + Root,prefix + publish,unpublished,1
publish,Root + Suffix,publish + suffix,publisher,1
pull,Word + Word,pull + back,"pullback, pullman, pullout, pullover",4
pulse,Prefix + Root,prefix + pulse,"impulse, repulse",2
pulse,Root + Suffix,pulse + suffix,"pulsar, pulsate, pulsation, pulsations",4
pulse,Prefix + Root + Suffix,prefix + pulse + suffix,"compulsion, compulsive, compulsively, compulsiveness, compulsorily, compulsory, expulsion, impulsion (+9 từ khác)",17
punch,Word + Word,punch + bowl,punchbowl,1
punch,Root + Suffix,punch + suffix,"puncher, punchier, punchiest, punchy",4
punk,Root + Suffix,punk + suffix,punker,1
purchase,Root + Suffix,purchase + suffix,"purchasable, purchaser",2
pure,Word + Word,pure + blood,pureblood,1
pure,Prefix + Root,prefix + pure,impure,1
pure,Root + Suffix,pure + suffix,"purely, pureness, purer, purest, purification, purify, purism, purist (+1 từ khác)",9
pure,Prefix + Root + Suffix,prefix + pure + suffix,impurity,1
purple,Prefix + Root,prefix + purple,empurpled,1
purple,Root + Suffix,purple + suffix,"purpler, purplest, purplish",3
purpose,Prefix + Root,prefix + purpose,multipurpose,1
purpose,Root + Suffix,purpose + suffix,"purposeful, purposefully, purposeless, purposelessly, purposelessness, purposely, purposive",7
pursue,Root + Suffix,pursue + suffix,"pursuance, pursuant, pursuer",3
push,Word + Word,push + chair,"pushchair, pushover",2
push,Root + Suffix,push + suffix,"pusher, pushily, pushiness, pushy",4
put,Word + Word,put + down,unputdownable,1
put,Prefix + Root,prefix + put,"input, output, throughput",3
puzzle,Root + Suffix,puzzle + suffix,"puzzlement, puzzler",2
qualify,Prefix + Root,prefix + qualify,"disqualify, unqualified",2
qualify,Root + Suffix,qualify + suffix,"qualification, qualifier",2
qualify,Prefix + Root + Suffix,prefix + qualify + suffix,"disqualification, unqualifiedly",2
quarter,Word + Word,quarter + back,"quarterback, quarterdeck, quarterfinal, quartermaster",4
quarter,Root + Suffix,quarter + suffix,quarterly,1
queen,Root + Suffix,queen + suffix,"queenlier, queenliest, queenly",3
quest,Prefix + Root,prefix + quest,"bequest, conquest, inquest, request",4
quest,Prefix + Root + Suffix,prefix + quest + suffix,requesters,1
question,Prefix + Root,prefix + question,unquestioned,1
question,Root + Suffix,question + suffix,"questionable, questionably, questioner, questioningly, questionnaire",5
question,Prefix + Root + Suffix,prefix + question + suffix,"unquestionable, unquestionably, unquestioningly",3
quick,Word + Word,quick + sand,"quicksand, quickset, quicksilver, quickstep",4
quick,Root + Suffix,quick + suffix,"quicken, quicker, quickest, quickie, quickly, quickness",6
quiet,Prefix + Root,prefix + quiet,"disquiet, unquiet",2
quiet,Root + Suffix,quiet + suffix,"quieten, quieter, quietest, quietly, quietness, quietude",6
quiet,Prefix + Root + Suffix,prefix + quiet + suffix,"disquietude, inquietude",2
quit,Prefix + Root,prefix + quit,acquit,1
quit,Root + Suffix,quit + suffix,"quittance, quitter",2
quit,Prefix + Root + Suffix,prefix + quit + suffix,acquittal,1
quote,Prefix + Root,prefix + quote,"misquote, unquote",2
quote,Root + Suffix,quote + suffix,"quotability, quotable, quotation",3
quote,Prefix + Root + Suffix,prefix + quote + suffix,"misquotation, misquotations",2
race,Word + Word,race + course,"racecourse, racehorse, racetrack, raceway",4
race,Root + Suffix,race + suffix,"racer, racial, racialism, racialist, racially, racier, raciest, racily (+4 từ khác)",12
race,Prefix + Root + Suffix,prefix + race + suffix,"biracial, interracial, interracially, multiracial, nonracial",5
radio,Word + Word,radio + act,"radioactive, radioactively, radioactivity, radiocarbon, radiologist, radiology",6
radio,Root + Suffix,radio + suffix,"radial, radially, radiance, radiant, radiantly, radiate, radiation, radiator (+2 từ khác)",10
radio,Prefix + Root + Suffix,prefix + radio + suffix,"irradiate, irradiated, irradiation",3
rage,Prefix + Root,prefix + rage,"enrage, outrage",2
rage,Prefix + Root + Suffix,prefix + rage + suffix,"outrageous, outrageously",2
raid,Root + Suffix,raid + suffix,raider,1
rail,Word + Word,rail + bird,"railbirds, railhead, railroad, railroader, railway",5
rail,Prefix + Root,prefix + rail,"derail, monorail",2
rail,Root + Suffix,rail + suffix,raillery,1
rail,Prefix + Root + Suffix,prefix + rail + suffix,derailment,1
rain,Word + Word,rain + bow,"rainbow, raincoat, raindrop, rainfall, rainproof, rainstorm, rainwater",7
rain,Root + Suffix,rain + suffix,"rainier, rainiest, rainless, rainy",4
raise,Prefix + Root,prefix + raise,upraised,1
raise,Root + Suffix,raise + suffix,raiser,1
random,Root + Suffix,random + suffix,"randomization, randomly, randomness",3
range,Word + Word,range + land,rangelands,1
range,Root + Suffix,range + suffix,"ranger, rangy",2
rank,Prefix + Root,prefix + rank,outrank,1
rank,Root + Suffix,rank + suffix,"rankest, rankly, rankness",3
rape,Root + Suffix,rape + suffix,rapist,1
rapid,Root + Suffix,rapid + suffix,"rapidity, rapidly",2
rare,Root + Suffix,rare + suffix,"rarefaction, rarefy, rarely, rareness, rarer, rarest, rarity",7
rat,Word + Word,rat + tail,rattail,1
rat,Root + Suffix,rat + suffix,"ratter, rattier, rattiest, ratty",4
rate,Word + Word,rate + pay,ratepayer,1
rate,Prefix + Root,prefix + rate,"derate, overrate, underrate",3
rate,Root + Suffix,rate + suffix,"ratable, rateability",2
rational,Prefix + Root,prefix + rational,irrational,1
rational,Root + Suffix,rational + suffix,"rationalism, rationalist, rationalistic, rationality, rationalization, rationalize, rationally",7
rational,Prefix + Root + Suffix,prefix + rational + suffix,"irrationality, irrationally",2
raw,Word + Word,raw + bone,"rawboned, rawhide",2
raw,Root + Suffix,raw + suffix,"rawly, rawness",2
ray,Word + Word,ray + burn,rayburn,1
reach,Prefix + Root,prefix + reach,"outreach, overreach",2
read,Word + Word,read + out,readout,1
read,Prefix + Root,prefix + read,"misread, reread",2
read,Root + Suffix,read + suffix,"readability, readable, reader, readership",4
read,Prefix + Root + Suffix,prefix + read + suffix,"unreadable, unreadably",2
ready,Prefix + Root,prefix + ready,unready,1
ready,Root + Suffix,ready + suffix,"readier, readiest, readily, readiness",4
real,Prefix + Root,prefix + real,"surreal, unreal",2
real,Root + Suffix,real + suffix,"realism, realist, realistic, realistically, reality, really, realness",7
real,Prefix + Root + Suffix,prefix + real + suffix,"surrealism, surrealist, surrealistic, unrealistic, unrealistically",5
realize,Root + Suffix,realize + suffix,"realizable, realization",2
rear,Word + Word,rear + guard,"rearguard, rearmost",2
rear,Root + Suffix,rear + suffix,rearward,1
reason,Prefix + Root,prefix + reason,unreason,1
reason,Root + Suffix,reason + suffix,"reasonable, reasonableness, reasonably, reasoner, reasonless",5
reason,Prefix + Root + Suffix,prefix + reason + suffix,"unreasonable, unreasonableness, unreasonably",3
rebel,Root + Suffix,rebel + suffix,"rebellion, rebellious, rebelliously, rebelliousness",4
recent,Root + Suffix,recent + suffix,"recently, recentness",2
reckon,Root + Suffix,reckon + suffix,reckoner,1
recommend,Root + Suffix,recommend + suffix,recommendation,1
record,Prefix + Root,prefix + record,prerecord,1
record,Root + Suffix,record + suffix,recorder,1
recover,Root + Suffix,recover + suffix,"recoverable, recovery",2
recover,Prefix + Root + Suffix,prefix + recover + suffix,"irrecoverable, irrecoverably, unrecoverable",3
recruit,Root + Suffix,recruit + suffix,"recruiter, recruitment",2
red,Word + Word,red + breast,"redbreast, redbrick, redcap, redcoat, redhead, redheader, redneck, redskin (+1 từ khác)",9
red,Prefix + Root,prefix + red,infrared,1
red,Root + Suffix,red + suffix,"redden, redder, reddest, reddish, redness",5
refer,Root + Suffix,refer + suffix,"referable, referee, reference, referent, referential, referral",6
refuge,Root + Suffix,refuge + suffix,refugee,1
regard,Prefix + Root,prefix + regard,disregard,1
regard,Root + Suffix,regard + suffix,"regardful, regardless",2
region,Root + Suffix,region + suffix,"regional, regionalism, regionally",3
register,Root + Suffix,register + suffix,"registrant, registrar, registration, registry",4
regret,Word + Word,regret + full,regretfulness,1
regret,Root + Suffix,regret + suffix,"regretful, regretfully, regrettable, regrettably",4
relate,Prefix + Root,prefix + relate,"correlate, interrelate, unrelated",3
relate,Root + Suffix,relate + suffix,"relatedness, relation, relational, relationship, relative, relatively, relativism, relativist (+2 từ khác)",10
relate,Prefix + Root + Suffix,prefix + relate + suffix,"correlation, correlative, interrelation, interrelationship",4
relax,Root + Suffix,relax + suffix,relaxation,1
release,Prefix + Root,prefix + release,unreleased,1
relieve,Prefix + Root,prefix + relieve,unrelieved,1
relieve,Prefix + Root + Suffix,prefix + relieve + suffix,unrelievedly,1
reluctant,Root + Suffix,reluctant + suffix,reluctantly,1
rely,Root + Suffix,rely + suffix,"reliability, reliable, reliably, reliance, reliant",5
rely,Prefix + Root + Suffix,prefix + rely + suffix,"unreliability, unreliable",2
remain,Root + Suffix,remain + suffix,remainder,1
remark,Root + Suffix,remark + suffix,"remarkable, remarkably",2
remark,Prefix + Root + Suffix,prefix + remark + suffix,unremarkable,1
remedy,Root + Suffix,remedy + suffix,"remediable, remedial, remedially",3
remedy,Prefix + Root + Suffix,prefix + remedy + suffix,"irremediable, irremediably",2
remember,Prefix + Root,prefix + remember,disremember,1
remember,Root + Suffix,remember + suffix,remembrance,1
remote,Root + Suffix,remote + suffix,"remotely, remoteness, remoter, remotest",4
rent,Root + Suffix,rent + suffix,"rentable, rental, renter",3
repeat,Root + Suffix,repeat + suffix,"repeatedly, repeater",2
represent,Prefix + Root,prefix + represent,misrepresent,1
represent,Root + Suffix,represent + suffix,"representation, representational, representative",3
represent,Prefix + Root + Suffix,prefix + represent + suffix,misrepresentation,1
republic,Root + Suffix,republic + suffix,"republican, republicanism",2
rescue,Root + Suffix,rescue + suffix,rescuer,1
reserve,Prefix + Root,prefix + reserve,unreserved,1
reserve,Root + Suffix,reserve + suffix,"reservation, reservedly, reservist",3
reserve,Prefix + Root + Suffix,prefix + reserve + suffix,unreservedly,1
reside,Root + Suffix,reside + suffix,"residence, residency, resident, residential, residentially",5
reside,Prefix + Root + Suffix,prefix + reside + suffix,"nonresident, nonresidential",2
residue,Root + Suffix,residue + suffix,"residual, residuary",2
resign,Root + Suffix,resign + suffix,"resignation, resignedly",2
resource,Root + Suffix,resource + suffix,"resourceful, resourcefully, resourcefulness",3
respect,Prefix + Root,prefix + respect,disrespect,1
respect,Root + Suffix,respect + suffix,"respectability, respectable, respectableness, respectably, respecter, respectful, respectfully, respectfulness (+2 từ khác)",10
respect,Prefix + Root + Suffix,prefix + respect + suffix,"disrespectful, disrespectfully, irrespective",3
respond,Root + Suffix,respond + suffix,respondent,1
response,Root + Suffix,response + suffix,"responsive, responsively, responsiveness",3
response,Prefix + Root + Suffix,prefix + response + suffix,unresponsive,1
responsible,Prefix + Root,prefix + responsible,irresponsible,1
responsible,Root + Suffix,responsible + suffix,"responsibility, responsibly",2
responsible,Prefix + Root + Suffix,prefix + responsible + suffix,"irresponsibility, irresponsibly",2
rest,Prefix + Root,prefix + rest,unrest,1
rest,Root + Suffix,rest + suffix,"restful, restfully, restfulness, restive, restiveness, restless, restlessly, restlessness",8
restore,Root + Suffix,restore + suffix,"restoration, restorative, restorer",3
result,Root + Suffix,result + suffix,resultant,1
retail,Root + Suffix,retail + suffix,retailer,1
retire,Root + Suffix,retire + suffix,retirement,1
retrieve,Root + Suffix,retrieve + suffix,"retrievable, retrieval, retriever",3
retrieve,Prefix + Root + Suffix,prefix + retrieve + suffix,"irretrievable, irretrievably",2
return,Root + Suffix,return + suffix,returnable,1
reveal,Prefix + Root,prefix + reveal,unrevealing,1
reveal,Root + Suffix,reveal + suffix,"revelation, revelatory",2
reward,Prefix + Root,prefix + reward,unrewarding,1
rhetoric,Root + Suffix,rhetoric + suffix,"rhetorical, rhetorically, rhetorician",3
rhythm,Root + Suffix,rhythm + suffix,"rhythmic, rhythmical, rhythmically",3
rich,Prefix + Root,prefix + rich,enrich,1
rich,Root + Suffix,rich + suffix,"richer, richest, richly, richness",4
rich,Prefix + Root + Suffix,prefix + rich + suffix,enrichment,1
rid,Root + Suffix,rid + suffix,"riddance, ridden",2
rid,Prefix + Root + Suffix,prefix + rid + suffix,"outridden, overridden",2
ride,Prefix + Root,prefix + ride,"outride, override",2
ride,Root + Suffix,ride + suffix,"rider, riderless",2
ride,Prefix + Root + Suffix,prefix + ride + suffix,outrider,1
rifle,Word + Word,rifle + man,rifleman,1
rifle,Prefix + Root,prefix + rifle,unrifled,1
right,Word + Word,right + hand,righthander,1
right,Prefix + Root,prefix + right,"downright, outright, upright",3
right,Root + Suffix,right + suffix,"righteous, righteously, righteousness, rightful, rightfully, rightfulness, rightist, rightly (+2 từ khác)",10
right,Prefix + Root + Suffix,prefix + right + suffix,"uprightly, uprightness",2
ring,Word + Word,ring + lead,"ringleader, ringmaster, ringside, ringworm",4
ring,Root + Suffix,ring + suffix,"ringer, ringlet",2
riot,Root + Suffix,riot + suffix,"rioter, riotous, riotously, riotousness",4
rip,Prefix + Root,prefix + rip,unripped,1
rise,Prefix + Root,prefix + rise,"arise, uprising",2
rise,Root + Suffix,rise + suffix,riser,1
risk,Root + Suffix,risk + suffix,"riskier, riskiest, riskily, riskiness, risky",5
ritual,Root + Suffix,ritual + suffix,"ritualism, ritualist, ritualistic, ritualistically, ritualized, ritually",6
rival,Prefix + Root,prefix + rival,unrivalled,1
river,Word + Word,river + bank,"riverbank, riverbed, riverboat, riverside",4
river,Prefix + Root,prefix + river,upriver,1
road,Word + Word,road + bed,"roadbed, roadblock, roadbuilding, roadhouse, roadside, roadway, roadworthiness, roadworthy",8
road,Prefix + Root,prefix + road,"byroad, crossroad, inroad",3
road,Root + Suffix,road + suffix,"roadie, roadless, roadster",3
rob,Root + Suffix,rob + suffix,"robber, robbery, robbie, robby",4
robust,Root + Suffix,robust + suffix,"robustly, robustness",2
rock,Word + Word,rock + away,"rock'n'roll, rockaways, rockbound, rocklike",4
rock,Root + Suffix,rock + suffix,"rocker, rockery, rockier, rockies, rockiest, rockiness, rocky",7
rocket,Prefix + Root,prefix + rocket,retrorocket,1
rocket,Root + Suffix,rocket + suffix,rocketry,1
role,Word + Word,role + play,roleplayed,1
roll,Prefix + Root,prefix + roll,"enrolled, unroll",2
roll,Root + Suffix,roll + suffix,roller,1
roll,Prefix + Root + Suffix,prefix + roll + suffix,enrolment,1
romance,Root + Suffix,romance + suffix,romancers,1
romantic,Prefix + Root,prefix + romantic,unromantic,1
romantic,Root + Suffix,romantic + suffix,"romantically, romanticism, romanticist, romanticize",4
roof,Word + Word,roof + top,"rooftop, rooftree",2
roof,Root + Suffix,roof + suffix,"roofer, roofless",2
room,Word + Word,room + mate,roommate,1
room,Prefix + Root,prefix + room,anteroom,1
room,Root + Suffix,room + suffix,"roomer, roomful, roomier, roomiest, roomily, roominess, roomy",7
root,Prefix + Root,prefix + root,uproot,1
root,Root + Suffix,root + suffix,"rootless, rootlessness",2
rope,Word + Word,rope + walk,"ropewalk, ropewalker, ropeway",3
rope,Root + Suffix,rope + suffix,"ropey, ropier, ropiest, ropiness",4
rose,Word + Word,rose + bush,"rosebush, roseleaf, roseleaves, rosewater, rosewood",5
rose,Prefix + Root,prefix + rose,"arose, uprose",2
rose,Root + Suffix,rose + suffix,"rosary, rosen, rosette, rosier, rosiest, rosiness, rosy",7
rotate,Root + Suffix,rotate + suffix,"rotation, rotationally, rotatory",3
rough,Word + Word,rough + cast,"roughcast, roughneck, roughrider",3
rough,Root + Suffix,rough + suffix,"roughage, roughen, rougher, roughest, roughish, roughly, roughness",7
round,Word + Word,round + about,"roundabout, roundhead, roundhouse, roundsman, roundup",5
round,Root + Suffix,round + suffix,"rounder, roundest, roundish, roundly, roundness",5
routine,Prefix + Root,prefix + routine,subroutine,1
routine,Root + Suffix,routine + suffix,routinely,1
row,Word + Word,row + boat,rowboat,1
row,Root + Suffix,row + suffix,rower,1
rub,Word + Word,rub + down,"rubberneck, rubdown",2
rub,Root + Suffix,rub + suffix,"rubber, rubberize, rubbery",3
rubbish,Root + Suffix,rubbish + suffix,rubbishy,1
rude,Root + Suffix,rude + suffix,"rudely, rudeness, ruder, rudest",4
ruin,Root + Suffix,ruin + suffix,"ruination, ruinous, ruinously",3
rule,Word + Word,rule + book,rulebook,1
rule,Prefix + Root,prefix + rule,"misrule, overrule",2
rule,Root + Suffix,rule + suffix,ruler,1
rule,Prefix + Root + Suffix,prefix + rule + suffix,"unrulier, unruliest, unruly",3
run,Word + Word,run + about,"runabout, runaway, rundown, runoff, runway",5
run,Prefix + Root,prefix + run,"outrun, overrun, rerun",3
run,Root + Suffix,run + suffix,"runner, runnier, runniest, runny",4
run,Prefix + Root + Suffix,prefix + run + suffix,forerunner,1
rural,Root + Suffix,rural + suffix,rurally,1
rush,Word + Word,rush + light,rushlight,1
rush,Prefix + Root,prefix + rush,"inrush, onrush",2
rush,Root + Suffix,rush + suffix,"rushier, rushy",2
sack,Word + Word,sack + cloth,sackcloth,1
sack,Root + Suffix,sack + suffix,sacker,1
sacro,Root + Suffix,sacro + suffix,"sacral, sacrament, sacramental, sacredly, sacredness, sacrifice, sacrificial, sacrificially (+3 từ khác)",11
sad,Root + Suffix,sad + suffix,"sadden, sadder, saddest, sadly, sadness",5
safe,Word + Word,safe + break,"safebreaker, safecracker, safeguard, safekeeping",4
safe,Prefix + Root,prefix + safe,unsafe,1
safe,Root + Suffix,safe + suffix,"safely, safeness, safer, safest, safety",5
sail,Word + Word,sail + boat,"sailboat, sailcloth, sailplane",3
sail,Root + Suffix,sail + suffix,sailor,1
saint,Word + Word,saint + like,saintlike,1
saint,Root + Suffix,saint + suffix,"sainthood, saintlier, saintliest, saintliness, saintly",5
sake,Prefix + Root,prefix + sake,forsake,1
sake,Prefix + Root + Suffix,prefix + sake + suffix,forsaken,1
sale,Word + Word,sale + girl,"saleroom, salesgirl, saleslady, salesman, salesmanship, saleswoman",6
sale,Prefix + Root,prefix + sale,resale,1
sale,Root + Suffix,sale + suffix,salable,1
salt,Word + Word,salt + bush,"saltbush, saltwater",2
salt,Prefix + Root,prefix + salt,"desalt, unsalted",2
salt,Root + Suffix,salt + suffix,"salter, saltier, saltiest, saltiness, saltness, salty",6
same,Root + Suffix,same + suffix,sameness,1
sample,Root + Suffix,sample + suffix,sampler,1
sand,Word + Word,sand + bag,"sandbag, sandbank, sandbar, sandblast, sandbox, sandglass, sandman, sandpaper (+5 từ khác)",13
sand,Root + Suffix,sand + suffix,"sander, sandier, sandiest, sandiness, sandy",5
sauce,Word + Word,sauce + pan,saucepan,1
sauce,Root + Suffix,sauce + suffix,"saucer, saucier, sauciest, saucily, sauciness, saucy",6
save,Root + Suffix,save + suffix,"saver, savior, saviour",3
say,Prefix + Root,prefix + say,unsay,1
say,Root + Suffix,say + suffix,sayers,1
scale,Prefix + Root,prefix + scale,descale,1
scale,Root + Suffix,scale + suffix,"scalar, scalier, scaliest, scaliness, scaly",5
scan,Root + Suffix,scan + suffix,scanner,1
scandal,Root + Suffix,scandal + suffix,"scandalize, scandalous, scandalously",3
scare,Root + Suffix,scare + suffix,"scarier, scariest, scarify, scary",4
scatter,Word + Word,scatter + brain,"scatterbrain, scattergun",2
scene,Word + Word,scene + shift,sceneshifter,1
scene,Root + Suffix,scene + suffix,"scenery, scenic, scenically",3
scheme,Root + Suffix,scheme + suffix,"schematic, schematically, schemer",3
school,Word + Word,school + book,"schoolbooks, schoolboy, schoolchildren, schooldays, schoolfellow, schoolgirl, schoolgirlish, schoolhouse (+4 từ khác)",12
school,Prefix + Root,prefix + school,"preschool, unschooled",2
school,Root + Suffix,school + suffix,"scholar, scholarly, scholarship, scholastic, scholastically, scholasticism",6
school,Prefix + Root + Suffix,prefix + school + suffix,preschooler,1
scope,Prefix + Root,prefix + scope,"microscope, periscope",2
scope,Prefix + Root + Suffix,prefix + scope + suffix,"macroscopically, microscopic, microscopical, microscopically, microscopy",5
score,Word + Word,score + board,"scoreboard, scorebook, scorecard, scorekeeper",4
score,Prefix + Root,prefix + score,underscore,1
score,Root + Suffix,score + suffix,scorer,1
scratch,Word + Word,scratch + pad,scratchpad,1
scratch,Root + Suffix,scratch + suffix,"scratchier, scratchiest, scratchiness, scratchy",4
scream,Root + Suffix,scream + suffix,screamingly,1
screen,Word + Word,screen + land,"screenland, screenplay",2
screw,Word + Word,screw + ball,"screwball, screwdriver",2
screw,Prefix + Root,prefix + screw,unscrew,1
screw,Root + Suffix,screw + suffix,"screwier, screwiest, screwy",3
script,Word + Word,script + write,scriptwriter,1
script,Prefix + Root,prefix + script,"ascribe, circumscribe, conscript, describe, inscribe, nondescript, oversubscribed, postscript (+6 từ khác)",14
script,Root + Suffix,script + suffix,"scriptural, scripture",2
script,Prefix + Root + Suffix,prefix + script + suffix,"ascribable, ascription, circumscription, conscription, describable, description, descriptive, descriptively (+13 từ khác)",21
sea,Word + Word,sea + bed,"seabed, seabird, seaboard, seacoast, seafarers, seafaring, seafood, seafront (+15 từ khác)",23
sea,Prefix + Root,prefix + sea,"oversea, undersea",2
sea,Root + Suffix,sea + suffix,seaward,1
seal,Word + Word,seal + skin,sealskin,1
seal,Prefix + Root,prefix + seal,"resealed, unsealed",2
seal,Root + Suffix,seal + suffix,sealer,1
search,Word + Word,search + light,searchlight,1
search,Prefix + Root,prefix + search,research,1
search,Root + Suffix,search + suffix,"searcher, searchingly",2
search,Prefix + Root + Suffix,prefix + search + suffix,"researchable, researcher",2
season,Prefix + Root,prefix + season,unseasoned,1
season,Root + Suffix,season + suffix,"seasonable, seasonably, seasonal, seasonally",4
season,Prefix + Root + Suffix,prefix + season + suffix,unseasonable,1
seat,Prefix + Root,prefix + seat,"reseat, unseat",2
second,Word + Word,second + hand,secondhand,1
second,Prefix + Root,prefix + second,microsecond,1
second,Root + Suffix,second + suffix,"secondarily, seconder, secondly, secondment",4
secret,Prefix + Root,prefix + secret,semisecret,1
secret,Root + Suffix,secret + suffix,secretly,1
secretary,Prefix + Root,prefix + secretary,undersecretary,1
secretary,Root + Suffix,secretary + suffix,secretarial,1
secular,Root + Suffix,secular + suffix,"secularism, secularist, secularization, secularize, secularizer",5
secure,Prefix + Root,prefix + secure,insecure,1
secure,Root + Suffix,secure + suffix,"securely, security",2
secure,Prefix + Root + Suffix,prefix + secure + suffix,"insecurely, insecurity",2
see,Prefix + Root,prefix + see,"foresee, oversee, unseeing",3
see,Root + Suffix,see + suffix,seen,1
see,Prefix + Root + Suffix,prefix + see + suffix,"foreseeable, foreseen, overseen, overseer, unforeseen, unseeingly, unseen",7
seed,Word + Word,seed + bed,"seedbed, seedcake, seedcoat, seedtime",4
seed,Root + Suffix,seed + suffix,"seedier, seediest, seedily, seediness, seedless, seedling, seedy",7
seek,Word + Word,seek + suck,seersucker,1
seek,Root + Suffix,seek + suffix,seeker,1
seem,Prefix + Root,prefix + seem,beseem,1
seem,Root + Suffix,seem + suffix,seemingly,1
segment,Root + Suffix,segment + suffix,"segmental, segmentation",2
seize,Root + Suffix,seize + suffix,seizure,1
select,Root + Suffix,select + suffix,"selection, selective, selectively, selectiveness, selectivity, selector",6
self,Word + Word,self + conscious,"selfeffacing, selfsame, unselfconsciousness",3
self,Root + Suffix,self + suffix,"selfish, selfishly, selfishness, selfless, selflessly, selflessness",6
self,Prefix + Root + Suffix,prefix + self + suffix,"unselfish, unselfishly",2
sell,Word + Word,sell + out,sellout,1
sell,Prefix + Root,prefix + sell,"outsell, oversell, undersell",3
sell,Root + Suffix,sell + suffix,seller,1
send,Root + Suffix,send + suffix,sender,1
senior,Root + Suffix,senior + suffix,seniority,1
sense,Prefix + Root,prefix + sense,nonsense,1
sense,Root + Suffix,sense + suffix,"sensation, sensational, sensationalism, sensationalist, sensationally, senseless, senselessly, senselessness (+18 từ khác)",26
sense,Prefix + Root + Suffix,prefix + sense + suffix,"desensitization, desensitize, extrasensory, hypersensitive, hypersensitivity, insensate, insensibility, insensible (+7 từ khác)",15
sentence,Root + Suffix,sentence + suffix,"sententious, sententiously",2
sequence,Root + Suffix,sequence + suffix,"sequential, sequentially",2
serious,Root + Suffix,serious + suffix,"seriously, seriousness",2
serve,Word + Word,serve + man,serviceman,1
serve,Prefix + Root,prefix + serve,"conserve, deserve, preserve, subserve, undeserved",5
serve,Root + Suffix,serve + suffix,"servant, server, service, serviceability, serviceable, serviceableness, serviceably, servile (+4 từ khác)",12
serve,Prefix + Root + Suffix,prefix + serve + suffix,"conservancy, conservation, conservationist, conservatism, conservative, conservatively, conservatoire, conservatory (+10 từ khác)",18
set,Word + Word,set + back,"setback, setup",2
set,Prefix + Root,prefix + set,"beset, inset, offset, onset, outset, preset, reset, upset",8
set,Root + Suffix,set + suffix,setter,1
settle,Prefix + Root,prefix + settle,"resettle, unsettle",2
settle,Root + Suffix,settle + suffix,"settlement, settler",2
settle,Prefix + Root + Suffix,prefix + settle + suffix,resettlement,1
seven,Word + Word,seven + teen,seventeenths,1
seven,Root + Suffix,seven + suffix,"sevenfold, seventeen, seventeenth, seventh, seventhly, seventieth, seventy",7
several,Root + Suffix,several + suffix,severally,1
severe,Root + Suffix,severe + suffix,"severely, severer, severest, severity",4
sex,Prefix + Root,prefix + sex,"oversexed, undersexed, unisex, unsex",4
sex,Root + Suffix,sex + suffix,"sexier, sexiest, sexily, sexiness, sexism, sexist, sexless, sexual (+4 từ khác)",12
sex,Prefix + Root + Suffix,prefix + sex + suffix,"asexual, asexuality, asexually, bisexual, bisexuality, bisexually, transsexual",7
shade,Root + Suffix,shade + suffix,"shadier, shadiest, shady",3
shadow,Word + Word,shadow + box,shadowbox,1
shadow,Prefix + Root,prefix + shadow,"foreshadow, overshadow",2
shadow,Root + Suffix,shadow + suffix,"shadowier, shadowiest, shadowy",3
shake,Word + Word,shake + down,shakedown,1
shake,Root + Suffix,shake + suffix,"shaken, shaker, shakiest, shakily, shakiness, shaky",6
shake,Prefix + Root + Suffix,prefix + shake + suffix,unshakable,1
shallow,Root + Suffix,shallow + suffix,"shallower, shallowest, shallowly, shallowness",4
shame,Word + Word,shame + face,"shamefaced, shamefacedly",2
shame,Prefix + Root,prefix + shame,ashamed,1
shame,Root + Suffix,shame + suffix,"shameful, shamefully, shamefulness, shameless, shamelessly, shamelessness",6
shame,Prefix + Root + Suffix,prefix + shame + suffix,"ashamedly, unashamedly",2
shape,Prefix + Root,prefix + shape,reshapes,1
shape,Root + Suffix,shape + suffix,"shapeless, shapelessness, shapelier, shapeliness, shapely",5
shape,Prefix + Root + Suffix,prefix + shape + suffix,misshapen,1
share,Word + Word,share + crop,"sharecrop, sharecropper, shareholder",3
share,Root + Suffix,share + suffix,sharer,1
sharp,Word + Word,sharp + shoot,sharpshooter,1
sharp,Root + Suffix,sharp + suffix,"sharpen, sharpener, sharper, sharpest, sharply, sharpness",6
sharp,Prefix + Root + Suffix,prefix + sharp + suffix,unsharpened,1
shatter,Word + Word,shatter + proof,shatterproof,1
shatter,Root + Suffix,shatter + suffix,shatteringly,1
shed,Prefix + Root,prefix + shed,unshed,1
sheep,Word + Word,sheep + dog,"sheepdog, sheepfold, sheepskin",3
sheep,Root + Suffix,sheep + suffix,"sheepish, sheepishly, sheepishness",3
shell,Word + Word,shell + fish,"shellfish, shellshock",2
shelter,Prefix + Root,prefix + shelter,unsheltered,1
shift,Root + Suffix,shift + suffix,"shifters, shiftier, shiftiest, shiftily, shiftiness, shiftless, shiftlessly, shiftlessness (+1 từ khác)",9
shine,Prefix + Root,prefix + shine,outshine,1
shine,Root + Suffix,shine + suffix,"shiner, shinier, shiniest, shininess, shiningly, shiny",6
ship,Word + Word,ship + board,"midshipman, shipboard, shipbuilder, shipbuilding, shipload, shipman, shipmate, shipowner (+2 từ khác)",10
ship,Prefix + Root,prefix + ship,"midship, transship",2
ship,Root + Suffix,ship + suffix,"shipment, shipper",2
ship,Prefix + Root + Suffix,prefix + ship + suffix,transshipment,1
shirt,Word + Word,shirt + front,"shirtfront, shirttail",2
shirt,Prefix + Root,prefix + shirt,undershirt,1
shirt,Root + Suffix,shirt + suffix,"shirtier, shirty",2
shock,Word + Word,shock + wave,shockwave,1
shock,Root + Suffix,shock + suffix,"shocker, shockingly",2
shoe,Word + Word,shoe + black,"shoeblack, shoehorn, shoemaker, shoemaking, shoeshine, shoestring",6
shoe,Prefix + Root,prefix + shoe,overshoe,1
shoot,Prefix + Root,prefix + shoot,"offshoot, overshoot, undershoot",3
shoot,Root + Suffix,shoot + suffix,shooter,1
shop,Word + Word,shop + keep,"shopkeeper, shoplift, shoplifter, shopsoiled",4
shop,Root + Suffix,shop + suffix,shopper,1
shore,Word + Word,shore + line,shoreline,1
shore,Prefix + Root,prefix + shore,"ashore, foreshore, inshore, offshore, onshore",5
short,Word + Word,short + bread,"shortbread, shortcake, shortcoming, shortcut, shortfall, shorthand, shorthorn, shortsighted (+3 từ khác)",11
short,Root + Suffix,short + suffix,"shortage, shorten, shorter, shortest, shortly, shortness, shorty",7
short,Prefix + Root + Suffix,prefix + short + suffix,foreshorten,1
shot,Word + Word,shot + gun,"shotgun, shotshells",2
shot,Prefix + Root,prefix + shot,"overshot, upshot",2
show,Word + Word,show + boat,"showboat, showcase, showdown, showgirl, showman, showmanship, showpiece, showplace (+1 từ khác)",9
show,Root + Suffix,show + suffix,"showier, showiest, showily, showiness, shown, showy",6
shower,Root + Suffix,shower + suffix,"showerier, showery",2
shrink,Root + Suffix,shrink + suffix,shrinkage,1
shut,Word + Word,shut + down,shutdown,1
shut,Root + Suffix,shut + suffix,shutter,1
shy,Word + Word,shy + lock,shylock,1
shy,Root + Suffix,shy + suffix,"shyer, shyest, shyly, shyness, shyster",5
sick,Word + Word,sick + bay,"sickbay, sickbed, sickroom",3
sick,Root + Suffix,sick + suffix,"sicken, sickeningly, sicker, sickest, sickish, sicklier, sickliest, sickly (+1 từ khác)",9
side,Word + Word,side + arm,"sidearms, sideboard, sideburns, sidecar, sidekick, sidelight, sideline, sidelong (+8 từ khác)",16
side,Prefix + Root,prefix + side,"beside, inside, offside, outside, overside, underside, upside",7
side,Root + Suffix,side + suffix,"sideward, sidewise",2
side,Prefix + Root + Suffix,prefix + side + suffix,"insider, outsider",2
sight,Word + Word,sight + see,"sightsee, sightseen, sightseer",3
sight,Prefix + Root,prefix + sight,"foresight, insight, oversight",3
sight,Root + Suffix,sight + suffix,"sightless, sightliness",2
sight,Prefix + Root + Suffix,prefix + sight + suffix,"unsightliness, unsightly",2
sign,Word + Word,sign + board,"signalman, signboard, signpost",3
sign,Prefix + Root,prefix + sign,"undersign, unsigned",2
sign,Root + Suffix,sign + suffix,"signal, signalize, signaller, signally, signatory, signature, signer, significance (+5 từ khác)",13
sign,Prefix + Root + Suffix,prefix + sign + suffix,"cosignatory, insignificance, insignificant, insignificantly",4
silence,Root + Suffix,silence + suffix,silencer,1
silent,Root + Suffix,silent + suffix,silently,1
silk,Word + Word,silk + worm,silkworm,1
silk,Root + Suffix,silk + suffix,"silken, silkier, silkiest, silkiness, silky",5
silly,Root + Suffix,silly + suffix,"sillier, silliest, silliness",3
silver,Word + Word,silver + side,silverside,1
silver,Root + Suffix,silver + suffix,"silverier, silveriest, silvery",3
simple,Root + Suffix,simple + suffix,"simpler, simplest, simplicity, simplification, simplify, simplistic, simply",7
simple,Prefix + Root + Suffix,prefix + simple + suffix,"oversimplification, oversimplify",2
sin,Root + Suffix,sin + suffix,"sinful, sinfully, sinfulness, sinless, sinlessness, sinner",6
sincere,Prefix + Root,prefix + sincere,insincere,1
sincere,Root + Suffix,sincere + suffix,"sincerely, sincerer, sincerest, sincerity",4
sincere,Prefix + Root + Suffix,prefix + sincere + suffix,"insincerely, insincerity",2
sing,Word + Word,sing + song,singsong,1
sing,Root + Suffix,sing + suffix,"singable, singer",2
single,Word + Word,single + hand,singlehandedly,1
single,Root + Suffix,single + suffix,"singleness, singlet, singly, singular, singularity, singularize, singularly",7
sink,Word + Word,sink + hole,sinkhole,1
sink,Root + Suffix,sink + suffix,"sinkable, sinker",2
sink,Prefix + Root + Suffix,prefix + sink + suffix,unsinkable,1
sister,Root + Suffix,sister + suffix,"sisterhood, sisterly",2
sit,Root + Suffix,sit + suffix,sitter,1
situate,Root + Suffix,situate + suffix,situation,1
six,Word + Word,six + gun,"sixgun, sixpenny, sixteenths",3
six,Root + Suffix,six + suffix,"sextillion, sixfold, sixteen, sixteenth, sixth, sixthly, sixtieth, sixty",8
size,Prefix + Root,prefix + size,"outsize, oversize, undersize",3
size,Root + Suffix,size + suffix,sizable,1
sketch,Word + Word,sketch + book,"sketchbook, sketchpad",2
sketch,Root + Suffix,sketch + suffix,"sketcher, sketchier, sketchiest, sketchily, sketchiness, sketchy",6
ski,Word + Word,ski + lift,"skilift, skiway",2
ski,Root + Suffix,ski + suffix,skier,1
skill,Word + Word,skill + full,skillfulness,1
skill,Prefix + Root,prefix + skill,unskilled,1
skill,Root + Suffix,skill + suffix,"skilful, skilfully",2
skin,Word + Word,skin + dive,"skindive, skinfolds, skinhead",3
skin,Prefix + Root,prefix + skin,foreskin,1
skin,Root + Suffix,skin + suffix,"skinful, skinless, skinner, skinnier, skinniest, skinny",6
skirt,Prefix + Root,prefix + skirt,"outskirts, overskirt",2
skull,Word + Word,skull + cap,skullcap,1
sky,Word + Word,sky + dive,"skydiver, skyhook, skylight, skyline, skyrocket, skywave, skywriting",7
sky,Root + Suffix,sky + suffix,skyward,1
slap,Word + Word,slap + happy,"slaphappy, slapstick",2
slave,Prefix + Root,prefix + slave,enslave,1
slave,Root + Suffix,slave + suffix,"slavery, slavey, slavish, slavishly",4
slave,Prefix + Root + Suffix,prefix + slave + suffix,"antislavery, enslavement",2
sleep,Word + Word,sleep + head,"sleepwalk, sleepwalker, sleepyhead",3
sleep,Prefix + Root,prefix + sleep,oversleep,1
sleep,Root + Suffix,sleep + suffix,"sleeper, sleepier, sleepiest, sleepily, sleepiness, sleepless, sleeplessly, sleeplessness (+1 từ khác)",9
slide,Prefix + Root,prefix + slide,backslide,1
slide,Prefix + Root + Suffix,prefix + slide + suffix,backslider,1
slight,Root + Suffix,slight + suffix,"slighter, slightest, slightly, slightness",4
slip,Word + Word,slip + cover,"slipcover, slipover, slipstream, slipway",4
slip,Root + Suffix,slip + suffix,"slippage, slipper, slipperier, slipperiest, slipperiness, slippery, slippy",7
slogan,Root + Suffix,slogan + suffix,sloganeering,1
slope,Prefix + Root,prefix + slope,unsloped,1
slope,Root + Suffix,slope + suffix,slopingly,1
slow,Word + Word,slow + coach,"slowcoach, slowworm",2
slow,Root + Suffix,slow + suffix,"slower, slowest, slowly, slowness",4
small,Word + Word,small + hold,"smallholder, smallholding, smalltime",3
small,Root + Suffix,small + suffix,"smaller, smallest, smallish, smallness",4
smart,Prefix + Root,prefix + smart,outsmart,1
smart,Root + Suffix,smart + suffix,"smarter, smartest, smartly, smartness",4
smash,Root + Suffix,smash + suffix,smasher,1
smell,Root + Suffix,smell + suffix,"smellier, smelliest, smelliness, smelly",4
smile,Prefix + Root,prefix + smile,unsmiling,1
smile,Root + Suffix,smile + suffix,smilingly,1
smile,Prefix + Root + Suffix,prefix + smile + suffix,unsmilingly,1
smoke,Word + Word,smoke + house,"smokehouse, smokescreen",2
smoke,Root + Suffix,smoke + suffix,"smokeless, smoker, smokier, smokiest, smokiness, smoky",6
smoke,Prefix + Root + Suffix,prefix + smoke + suffix,nonsmoker,1
smooth,Word + Word,smooth + bore,smoothbore,1
smooth,Root + Suffix,smooth + suffix,"smoother, smoothest, smoothie, smoothly, smoothness",5
snake,Word + Word,snake + bite,snakebite,1
snake,Root + Suffix,snake + suffix,"snakier, snakiest, snaky",3
snap,Word + Word,snap + shot,snapshot,1
snap,Root + Suffix,snap + suffix,"snapper, snappier, snappiest, snappily, snappish, snappishly, snappishness, snappy",8
snow,Word + Word,snow + ball,"snowball, snowblind, snowblindness, snowbound, snowdrift, snowdrop, snowfall, snowfield (+3 từ khác)",11
snow,Root + Suffix,snow + suffix,"snowier, snowiest, snowiness, snowy",4
soak,Root + Suffix,soak + suffix,soaker,1
soap,Word + Word,soap + box,"soapbox, soapstone",2
soap,Root + Suffix,soap + suffix,"soapier, soapiest, soapiness, soapy",4
soft,Word + Word,soft + ball,"softball, softhearted, softland, softwood",4
soft,Prefix + Root,prefix + soft,oversoft,1
soft,Root + Suffix,soft + suffix,"soften, softener, softer, softest, softish, softly, softness, softy",8
soft,Prefix + Root + Suffix,prefix + soft + suffix,oversoftness,1
soil,Prefix + Root,prefix + soil,subsoil,1
soldier,Word + Word,soldier + like,soldierlike,1
soldier,Root + Suffix,soldier + suffix,"soldierly, soldiery",2
sole,Prefix + Root,prefix + sole,resoled,1
sole,Root + Suffix,sole + suffix,solely,1
solid,Root + Suffix,solid + suffix,"solidification, solidify, solidity, solidly, solidness",5
solid,Prefix + Root + Suffix,prefix + solid + suffix,"consolidate, consolidation",2
solo,Root + Suffix,solo + suffix,"solitaire, solitarily, solitary, solitude, soloist",5
solve,Prefix + Root,prefix + solve,"absolve, dissolve, resolve, unresolved, unsolved",5
solve,Root + Suffix,solve + suffix,"solvable, solvency, solvent, solver",4
solve,Prefix + Root + Suffix,prefix + solve + suffix,"insolvable, insolvency, insolvent, irresolvable, resolvable",5
some,Word + Word,some + body,"somebody, someday, somehow, someone, someplace, something, sometime, somewhat (+1 từ khác)",9
song,Word + Word,song + bag,"songbag, songbird, songbook, songstress",4
song,Root + Suffix,song + suffix,"songful, songster",2
sono,Prefix + Root,prefix + sono,tyson,1
sono,Root + Suffix,sono + suffix,"sonant, sonar, sonic, sonny",4
sono,Prefix + Root + Suffix,prefix + sono + suffix,"consonance, consonant, consonantal, resonance, resonant, resonantly, resonate, resonator (+4 từ khác)",12
soon,Root + Suffix,soon + suffix,"sooner, soonest",2
sorry,Root + Suffix,sorry + suffix,"sorrier, sorriest",2
sort,Prefix + Root,prefix + sort,assort,1
sort,Root + Suffix,sort + suffix,sorter,1
sort,Prefix + Root + Suffix,prefix + sort + suffix,assortment,1
soul,Root + Suffix,soul + suffix,"soulful, soulfully, soulfulness, soulless, soullessly, soullessness",6
sound,Word + Word,sound + proof,"soundproof, soundtrack",2
sound,Prefix + Root,prefix + sound,unsound,1
sound,Root + Suffix,sound + suffix,"sounder, soundest, soundless, soundlessly, soundly, soundness",6
south,Word + Word,south + bound,"southbound, southeast, southeaster, southeasterly, southeastern, southeastward, southwest, southwester (+3 từ khác)",11
south,Root + Suffix,south + suffix,"southerly, southern, southerner, southernisms, southernmost, southward",6
space,Word + Word,space + craft,"spacecraft, spaceship, spacesuit",3
space,Prefix + Root,prefix + space,"backspace, subspace",2
space,Root + Suffix,space + suffix,"spacer, spacious, spaciously, spaciousness, spatial, spatially",6
spain,Root + Suffix,spain + suffix,"spaniard, spanish",2
spare,Prefix + Root,prefix + spare,unsparing,1
spare,Root + Suffix,spare + suffix,"sparely, spareness, sparer, sparest",4
spare,Prefix + Root + Suffix,prefix + spare + suffix,unsparingly,1
spark,Root + Suffix,spark + suffix,sparky,1
speak,Word + Word,speak + ease,speakeasy,1
speak,Prefix + Root,prefix + speak,bespeak,1
speak,Root + Suffix,speak + suffix,"speakable, speaker, speakership",3
speak,Prefix + Root + Suffix,prefix + speak + suffix,"unspeakable, unspeakably",2
special,Prefix + Root,prefix + special,especial,1
special,Root + Suffix,special + suffix,"specialist, specialization, specialize, specially, specialty",5
special,Prefix + Root + Suffix,prefix + special + suffix,especially,1
species,Prefix + Root,prefix + species,"interspecies, subspecies",2
speech,Root + Suffix,speech + suffix,"speechify, speechless, speechlessly, speechlessness",4
speed,Word + Word,speed + boat,"speedboat, speedup, speedway",3
speed,Root + Suffix,speed + suffix,"speedier, speediest, speedily, speediness, speedo, speedy",6
spell,Word + Word,spell + bind,"spellbind, spellbinder, spellbound",3
spell,Prefix + Root,prefix + spell,misspell,1
spell,Root + Suffix,spell + suffix,speller,1
spell,Prefix + Root + Suffix,prefix + spell + suffix,misspelt,1
spend,Prefix + Root,prefix + spend,misspend,1
spend,Root + Suffix,spend + suffix,spender,1
sphere,Prefix + Root,prefix + sphere,hemisphere,1
sphere,Root + Suffix,sphere + suffix,"spherical, spheroid",2
sphere,Prefix + Root + Suffix,prefix + sphere + suffix,hemispherical,1
spice,Root + Suffix,spice + suffix,"spicier, spiciest, spicily, spiciness, spicy",5
spider,Root + Suffix,spider + suffix,spidery,1
spill,Word + Word,spill + over,spillover,1
spill,Prefix + Root,prefix + spill,overspill,1
spill,Root + Suffix,spill + suffix,spilt,1
spin,Word + Word,spin + drift,spindrift,1
spin,Root + Suffix,spin + suffix,"spinner, spinneret",2
spine,Root + Suffix,spine + suffix,"spinal, spineless, spinelessly, spinelessness, spinier, spiniest, spiny",7
spirit,Prefix + Root,prefix + spirit,dispirit,1
spirit,Root + Suffix,spirit + suffix,"spiritless, spiritlessly, spiritlessness, spiritual, spiritualism, spiritualist, spiritualistic, spirituality (+4 từ khác)",12
spirit,Prefix + Root + Suffix,prefix + spirit + suffix,dispiritedly,1
spite,Root + Suffix,spite + suffix,"spiteful, spitefully, spitefulness",3
spoil,Word + Word,spoil + sport,spoilsport,1
spoil,Prefix + Root,prefix + spoil,despoil,1
spoil,Root + Suffix,spoil + suffix,"spoilage, spoiler, spoilt, spoliation",4
spoil,Prefix + Root + Suffix,prefix + spoil + suffix,despoilers,1
sponsor,Prefix + Root,prefix + sponsor,cosponsors,1
sponsor,Root + Suffix,sponsor + suffix,sponsorship,1
spoon,Word + Word,spoon + feed,spoonfeed,1
spoon,Root + Suffix,spoon + suffix,"spooner, spoonful",2
sport,Word + Word,sport + man,"sportsman, sportsmanlike, sportsmanship, sportswoman, sportswriter",5
sport,Root + Suffix,sport + suffix,"sportier, sportiest, sportiness, sportingly, sportive, sportively, sportiveness, sporty",8
spot,Word + Word,spot + light,spotlight,1
spot,Prefix + Root,prefix + spot,unspotted,1
spot,Root + Suffix,spot + suffix,"spotless, spotlessly, spotlessness, spotter, spottier, spottiest, spotty",7
spouse,Prefix + Root,prefix + spouse,espouse,1
spouse,Prefix + Root + Suffix,prefix + spouse + suffix,espousal,1
spread,Prefix + Root,prefix + spread,outspread,1
spread,Root + Suffix,spread + suffix,"spreadable, spreader",2
spring,Word + Word,spring + board,"springboard, springlike, springtime",3
spring,Prefix + Root,prefix + spring,offspring,1
spring,Root + Suffix,spring + suffix,"springier, springiest, springless, springy",4
spy,Word + Word,spy + glass,spyglass,1
square,Root + Suffix,square + suffix,"squarely, squareness, squarer, squarest",4
squeeze,Root + Suffix,squeeze + suffix,squeezer,1
stab,Root + Suffix,stab + suffix,stabber,1
stable,Word + Word,stable + man,stableman,1
stable,Prefix + Root,prefix + stable,unstable,1
stable,Root + Suffix,stable + suffix,"stability, stabilization, stabilize, stabilizer, stabler, stablest, stably",7
stable,Prefix + Root + Suffix,prefix + stable + suffix,instability,1
staff,Prefix + Root,prefix + staff,understaffed,1
stage,Word + Word,stage + coach,stagecoach,1
stage,Prefix + Root,prefix + stage,"interstage, offstage, upstage",3
stage,Root + Suffix,stage + suffix,"stager, stagier, stagily, staginess, stagy",5
stair,Word + Word,stair + case,"staircase, stairway, stairwell",3
stair,Prefix + Root,prefix + stair,"downstair, upstairs",2
stake,Word + Word,stake + hold,"stakeholder, stakeout",2
stall,Prefix + Root,prefix + stall,"forestall, install, reinstall",3
stall,Prefix + Root + Suffix,prefix + stall + suffix,"installation, instalment",2
stance,Prefix + Root,prefix + stance,circumstance,1
stance,Prefix + Root + Suffix,prefix + stance + suffix,"circumstantial, circumstantially",2
stand,Word + Word,stand + by,"standby, standin, standoffish, standoffishness, standpipe, standpoint, standstill",7
stand,Prefix + Root,prefix + stand,"outstanding, upstanding",2
stand,Root + Suffix,stand + suffix,"stander, standeth",2
stand,Prefix + Root + Suffix,prefix + stand + suffix,"bystander, outstandingly",2
standard,Prefix + Root,prefix + standard,"nonstandard, substandard",2
standard,Root + Suffix,standard + suffix,"standardization, standardize",2
star,Word + Word,star + board,"starboard, stardust, starfish, stargazer, stargazing, starlight",6
star,Prefix + Root,prefix + star,"superstar, telstar",2
star,Root + Suffix,star + suffix,"stardom, starless, starlet, starrier, starry",5
stark,Root + Suffix,stark + suffix,"starker, starkest, starkly",3
start,Word + Word,start + up,startups,1
start,Prefix + Root,prefix + start,upstart,1
start,Root + Suffix,start + suffix,starter,1
start,Prefix + Root + Suffix,prefix + start + suffix,nonstarter,1
starve,Root + Suffix,starve + suffix,"starvation, starveling",2
state,Word + Word,state + man,"stateroom, statesman, statesmanlike, statesmanship, statewide",5
state,Prefix + Root,prefix + state,"instate, interstate, misstate, outstate, overstate, reinstate, restate, understate (+1 từ khác)",9
state,Root + Suffix,state + suffix,"statehood, stateless, statelessness, statelier, stateliest, stateliness, stately, statement",8
state,Prefix + Root + Suffix,prefix + state + suffix,"misstatement, overstatement, reinstatement, restatement, understatement",5
statistic,Root + Suffix,statistic + suffix,"statistical, statistically, statistician",3
statue,Root + Suffix,statue + suffix,"statuesque, statuette",2
stay,Prefix + Root,prefix + stay,"outstay, overstay",2
stay,Root + Suffix,stay + suffix,stayer,1
steady,Prefix + Root,prefix + steady,unsteady,1
steady,Root + Suffix,steady + suffix,"steadier, steadiest, steadily, steadiness",4
steady,Prefix + Root + Suffix,prefix + steady + suffix,unsteadily,1
steal,Root + Suffix,steal + suffix,stealer,1
steam,Word + Word,steam + boat,"steamboat, steamroller, steamship",3
steam,Root + Suffix,steam + suffix,"steamer, steamier, steamiest, steamily, steamy",5
steel,Word + Word,steel + make,"steelmaker, steelworker, steelworks, steelyard",4
steel,Root + Suffix,steel + suffix,"steelier, steeliest, steely",3
steep,Root + Suffix,steep + suffix,"steepen, steeper, steepest, steepish, steeply, steepness",6
steer,Word + Word,steer + man,steersman,1
steer,Prefix + Root,prefix + steer,oversteer,1
steer,Root + Suffix,steer + suffix,steerage,1
step,Root + Word,step + sono,stepsons,1
step,Word + Word,step + brother,"stepbrother, stepchild, stepdaughter, stepfather, stepladder, stepmother, steprelationship, stepsister",8
step,Prefix + Root,prefix + step,"instep, overstep",2
step,Root + Suffix,step + suffix,stepwise,1
stick,Word + Word,stick + man,"stickman, stickpin",2
stick,Prefix + Root,prefix + stick,nonstick,1
stick,Root + Suffix,stick + suffix,"sticker, stickier, stickiest, stickily, stickiness, sticky",6
stiff,Root + Suffix,stiff + suffix,"stiffen, stiffener, stiffer, stiffest, stiffly, stiffness",6
still,Word + Word,still + birth,"stillbirth, stillborn, stillroom",3
still,Prefix + Root,prefix + still,instilled,1
still,Root + Suffix,still + suffix,"stiller, stillest, stillness",3
still,Prefix + Root + Suffix,prefix + still + suffix,instillation,1
stimul,Root + Suffix,stimul + suffix,"stimulant, stimulate, stimulation, stimulatory, stimuli",5
stir,Prefix + Root,prefix + stir,bestir,1
stir,Root + Suffix,stir + suffix,"stirrer, stirringly",2
stock,Word + Word,stock + breed,"stockbreeder, stockcar, stockholder, stockpile, stockpot, stockroom, stocktaking, stockyard",8
stock,Prefix + Root,prefix + stock,"overstock, restock, understocked",3
stock,Root + Suffix,stock + suffix,"stockier, stockily, stockiness, stockist, stocky",5
stomach,Root + Suffix,stomach + suffix,stomachful,1
stone,Word + Word,stone + break,"stonebreaker, stonecutter, stoneless, stonewall, stonewaller, stonework",6
stone,Root + Suffix,stone + suffix,"stonier, stoniest, stonily, stony",4
stop,Word + Word,stop + gap,"stopgap, stopover, stopwatch",3
stop,Prefix + Root,prefix + stop,"nonstop, unstop",2
stop,Root + Suffix,stop + suffix,"stoppable, stoppage, stopper",3
store,Word + Word,store + front,"storefront, storehouse, storekeeper, storeroom",4
store,Root + Suffix,store + suffix,storage,1
storm,Word + Word,storm + bound,stormbound,1
storm,Root + Suffix,storm + suffix,"stormier, stormiest, stormily, stormy",4
story,Word + Word,story + book,"storybook, storyline, storyteller",3
straight,Word + Word,straight + away,"straightaway, straightforward, straightforwardly, straightway",4
straight,Root + Suffix,straight + suffix,"straighten, straighter, straightest, straightness",4
strain,Prefix + Root,prefix + strain,"constrain, overstraining, restrain, unrestrained",4
strain,Root + Suffix,strain + suffix,strainer,1
strain,Prefix + Root + Suffix,prefix + strain + suffix,"constrainedly, constraint, restraint",3
strange,Prefix + Root,prefix + strange,estrange,1
strange,Root + Suffix,strange + suffix,"strangely, strangeness, stranger, strangest",4
strange,Prefix + Root + Suffix,prefix + strange + suffix,estrangement,1
stream,Word + Word,stream + line,"streamline, streamside",2
stream,Prefix + Root,prefix + stream,"downstream, midstream, upstream",3
stream,Root + Suffix,stream + suffix,"streamer, streamlet",2
street,Word + Word,street + car,"streetcar, streetlight, streetwalker",3
strength,Root + Suffix,strength + suffix,strengthen,1
stress,Prefix + Root,prefix + stress,"prestressed, unstressed",2
stress,Root + Suffix,stress + suffix,stressful,1
stretch,Prefix + Root,prefix + stretch,outstretched,1
stretch,Root + Suffix,stretch + suffix,"stretchable, stretcher, stretchier, stretchiest, stretchiness, stretchy",6
strict,Prefix + Root,prefix + strict,"constrict, derestrict, restrict, unrestricted",4
strict,Root + Suffix,strict + suffix,"stricter, strictest, strictly, strictness, stricture",5
strict,Prefix + Root + Suffix,prefix + strict + suffix,"constriction, constrictive, constrictor, nonrestrictive, restriction, restrictive, restrictively, restrictiveness (+1 từ khác)",9
strike,Word + Word,strike + bound,"strikebound, strikebreaker, strikebreaking",3
strike,Root + Suffix,strike + suffix,"striker, strikingly",2
string,Prefix + Root,prefix + string,unstring,1
string,Root + Suffix,string + suffix,"stringency, stringent, stringently, stringier, stringiest, stringiness, stringy",7
string,Prefix + Root + Suffix,prefix + string + suffix,astringent,1
strip,Prefix + Root,prefix + strip,outstrip,1
strip,Root + Suffix,strip + suffix,"stripling, stripper",2
strive,Root + Suffix,strive + suffix,striver,1
strong,Word + Word,strong + arm,"strongarm, strongbox, stronghold, strongrooms",4
strong,Root + Suffix,strong + suffix,"stronger, strongest, strongly",3
stuff,Prefix + Root,prefix + stuff,overstuffed,1
stuff,Root + Suffix,stuff + suffix,"stuffier, stuffiest, stuffily, stuffiness, stuffy",5
stuff,Prefix + Root + Suffix,prefix + stuff + suffix,unstuffy,1
stumble,Root + Suffix,stumble + suffix,stumbler,1
stun,Root + Suffix,stun + suffix,"stunner, stunningly",2
stupid,Root + Suffix,stupid + suffix,"stupider, stupidest, stupidity, stupidly",4
style,Word + Word,style + mark,stylemark,1
style,Root + Suffix,style + suffix,"styleless, stylish, stylishly, stylishness, stylist, stylistic, stylistically, stylization (+2 từ khác)",10
submit,Root + Suffix,submit + suffix,"submission, submissive, submissively, submissiveness",4
subsequent,Root + Suffix,subsequent + suffix,subsequently,1
substance,Root + Suffix,substance + suffix,"substantial, substantially, substantiate, substantiation, substantive, substantively",6
substance,Prefix + Root + Suffix,prefix + substance + suffix,"consubstantiation, insubstantial",2
subtle,Root + Suffix,subtle + suffix,"subtler, subtlest, subtlety, subtly",4
success,Root + Suffix,success + suffix,"successful, successfully",2
success,Prefix + Root + Suffix,prefix + success + suffix,"unsuccessful, unsuccessfully",2
successive,Root + Suffix,successive + suffix,successively,1
successor,Root + Suffix,successor + suffix,successorship,1
such,Word + Word,such + like,suchlike,1
suck,Root + Suffix,suck + suffix,"sucker, suction",2
sudden,Root + Suffix,sudden + suffix,"suddenly, suddenness",2
suffer,Root + Suffix,suffer + suffix,"sufferable, sufferance, sufferer",3
suffer,Prefix + Root + Suffix,prefix + suffer + suffix,"insufferable, insufferably",2
sugar,Root + Suffix,sugar + suffix,"sugarier, sugariest, sugarless, sugary",4
suggest,Root + Suffix,suggest + suffix,"suggestibility, suggestible, suggestion, suggestive, suggestively",5
suit,Word + Word,suit + case,suitcase,1
suit,Prefix + Root,prefix + suit,unsuited,1
suit,Root + Suffix,suit + suffix,"suitability, suitable, suitableness, suitably, suitor",5
suit,Prefix + Root + Suffix,prefix + suit + suffix,"unsuitable, unsuitably",2
sum,Word + Word,sum + mate,summate,1
sum,Root + Suffix,sum + suffix,summation,1
summer,Word + Word,summer + house,"summerhouse, summertime",2
summer,Prefix + Root,prefix + summer,midsummer,1
summer,Root + Suffix,summer + suffix,"summerier, summeriest, summery",3
sun,Word + Word,sun + bake,"sunbaked, sunbathe, sunbather, sunbeam, sunblind, sunburn, sunburnt, sunburst (+18 từ khác)",26
sun,Root + Suffix,sun + suffix,"sunless, sunnier, sunniest, sunnily, sunniness, sunny",6
superb,Root + Suffix,superb + suffix,superbly,1
superior,Root + Suffix,superior + suffix,superiority,1
supply,Root + Suffix,supply + suffix,supplier,1
support,Prefix + Root,prefix + support,unsupported,1
support,Root + Suffix,support + suffix,"supportable, supporter, supportive",3
support,Prefix + Root + Suffix,prefix + support + suffix,"insupportable, unsupportable",2
supreme,Root + Suffix,supreme + suffix,"supremacist, supremacy, supremely",3
sure,Word + Word,sure + fire,"surefire, surefooted, surefootedly, surefootedness",4
sure,Prefix + Root,prefix + sure,"assure, ensure, insure, reassure, unsure",5
sure,Root + Suffix,sure + suffix,"surely, sureness, surer, surest, surety",5
sure,Prefix + Root + Suffix,prefix + sure + suffix,"assurance, assuredly, insurance, insurer, reassurance, reassuringly, reinsurance",7
surface,Prefix + Root,prefix + surface,resurface,1
surge,Prefix + Root,prefix + surge,upsurge,1
surge,Root + Suffix,surge + suffix,surgeon,1
surge,Prefix + Root + Suffix,prefix + surge + suffix,"insurgence, insurgent",2
surprise,Root + Suffix,surprise + suffix,surprisedly,1
suspect,Prefix + Root,prefix + suspect,unsuspecting,1
swallow,Root + Suffix,swallow + suffix,swallower,1
swear,Word + Word,swear + word,swearword,1
swear,Prefix + Root,prefix + swear,forswear,1
swear,Root + Suffix,swear + suffix,swearer,1
sweep,Word + Word,sweep + stake,sweepstake,1
sweep,Root + Suffix,sweep + suffix,"sweeper, sweepingly",2
sweet,Word + Word,sweet + bread,"sweetbread, sweetheart, sweetmeat",3
sweet,Root + Suffix,sweet + suffix,"sweeten, sweetener, sweeter, sweetest, sweetie, sweetish, sweetly, sweetness",8
swim,Word + Word,swim + suit,swimsuit,1
swim,Root + Suffix,swim + suffix,"swimmer, swimmingly",2
swing,Prefix + Root,prefix + swing,upswing,1
swing,Root + Suffix,swing + suffix,"swinger, swingingly, swingy",3
switch,Word + Word,switch + back,"switchback, switchblade, switchboard, switchgear, switchman, switchover",6
switch,Root + Suffix,switch + suffix,switchable,1
sword,Word + Word,sword + fish,"swordfish, swordplay, swordsman, swordsmanship, swordstick",5
symbol,Root + Suffix,symbol + suffix,"symbolic, symbolical, symbolically, symbolism, symbolist, symbolization, symbolize",7
symptom,Root + Suffix,symptom + suffix,"symptomatic, symptomatically",2
system,Prefix + Root,prefix + system,subsystem,1
system,Root + Suffix,system + suffix,"systematical, systematically, systematize, systemic, systemization",5
system,Prefix + Root + Suffix,prefix + system + suffix,nonsystematic,1
table,Word + Word,table + cloth,"tablecloth, tableland, tablespoon, tablespoonful",4
table,Root + Suffix,table + suffix,"tabular, tabulate, tabulation, tabulator",4
tactic,Prefix + Root,prefix + tactic,syntactic,1
tactic,Root + Suffix,tactic + suffix,"tactical, tactically, tactician",3
tactic,Prefix + Root + Suffix,prefix + tactic + suffix,"syntactical, syntactically",2
tail,Word + Word,tail + back,"tailback, tailgate, taillight, tailpiece, tailspin, tailwind",6
tail,Prefix + Root,prefix + tail,entail,1
tail,Root + Suffix,tail + suffix,tailless,1
take,Word + Word,take + away,"takeaway, takeoff, takeover",3
take,Prefix + Root,prefix + take,"intake, mistake, overtake, retake, undertake, uptake",6
take,Root + Suffix,take + suffix,"taken, taker",2
take,Prefix + Root + Suffix,prefix + take + suffix,"betaken, mistakable, mistaken, mistakenly, overtaken, retaken, undertaken, undertaker (+2 từ khác)",10
talk,Prefix + Root,prefix + talk,backtalk,1
talk,Root + Suffix,talk + suffix,"talkative, talkativeness, talker, talky",4
tall,Root + Suffix,tall + suffix,"taller, tallest, tallish, tallness",4
tank,Prefix + Root,prefix + tank,antitank,1
tank,Root + Suffix,tank + suffix,tanker,1
tap,Word + Word,tap + room,"taproom, taproot",2
tap,Prefix + Root,prefix + tap,untapped,1
tape,Word + Word,tape + worm,tapeworm,1
task,Word + Word,task + master,taskmaster,1
taste,Prefix + Root,prefix + taste,"aftertaste, distaste, foretaste",3
taste,Root + Suffix,taste + suffix,"tasteful, tastefully, tastefulness, tasteless, tastelessly, tastelessness, taster, tastier (+3 từ khác)",11
taste,Prefix + Root + Suffix,prefix + taste + suffix,"distasteful, distastefully, distastefulness",3
tax,Word + Word,tax + pay,"taxpayer, taxpaying",2
tax,Prefix + Root,prefix + tax,"overtax, supertax, surtax, syntax",4
tax,Root + Suffix,tax + suffix,"taxability, taxable, taxation",3
tea,Word + Word,tea + bag,"teabag, teabags, teacake, teacup, teacupful, teahouse, tealeaf, tealeaves (+5 từ khác)",13
teach,Prefix + Root,prefix + teach,unteach,1
teach,Root + Suffix,teach + suffix,"teachable, teacher",2
team,Word + Word,team + mate,"teammate, teamwork",2
team,Root + Suffix,team + suffix,teamster,1
tear,Word + Word,tear + drop,"teardrop, teargas",2
tear,Root + Suffix,tear + suffix,"tearful, tearfully, tearfulness, tearless, tearlessly",5
teen,Word + Word,teen + age,"teenage, teenager",2
teen,Root + Suffix,teen + suffix,"teenier, teeniest",2
tell,Word + Word,tell + tale,telltale,1
tell,Prefix + Root,prefix + tell,"foretell, retell",2
tell,Root + Suffix,tell + suffix,"teller, tellingly",2
tell,Prefix + Root + Suffix,prefix + tell + suffix,untellable,1
tempt,Root + Suffix,tempt + suffix,"temptation, tempter, temptingly, temptress",4
ten,Word + Word,ten + pin,"tenpin, tenspot",2
ten,Root + Suffix,ten + suffix,"tenability, tenable, tenacious, tenaciously, tenaciousness, tenacity, tenancy, tenant (+5 từ khác)",13
ten,Prefix + Root + Suffix,prefix + ten + suffix,"subtenant, sustenance, untenable, untenanted",4
tend,Prefix + Root,prefix + tend,"distend, extend, intend, superintend, unintended",5
tend,Root + Suffix,tend + suffix,"tendency, tendentious",2
tend,Prefix + Root + Suffix,prefix + tend + suffix,"distension, extension, extensive, extensively, extensiveness, extensor, intendant, intention (+3 từ khác)",11
tender,Word + Word,tender + foot,"tenderfoot, tenderhearted, tenderheartedly, tenderheartedness",4
tender,Root + Suffix,tender + suffix,"tenderer, tenderest, tenderize, tenderly, tenderness",5
tent,Prefix + Root,prefix + tent,"extent, intent",2
tent,Prefix + Root + Suffix,prefix + tent + suffix,"detention, intently, intentness, retention, retentive, retentively, retentiveness",7
territory,Root + Suffix,territory + suffix,territorial,1
territory,Prefix + Root + Suffix,prefix + territory + suffix,"exterritorial, extraterritorial",2
test,Prefix + Root,prefix + test,"contest, pretest",2
test,Root + Suffix,test + suffix,"testament, testamentary, testate, testators, tester, testify",6
test,Prefix + Root + Suffix,prefix + test + suffix,"contestable, contestant, incontestability, incontestable, incontestably, intestate",6
text,Word + Word,text + book,textbook,1
text,Prefix + Root,prefix + text,context,1
text,Root + Suffix,text + suffix,textual,1
text,Prefix + Root + Suffix,prefix + text + suffix,"contextual, contextually",2
thank,Word + Word,thank + give,thanksgiving,1
thank,Root + Suffix,thank + suffix,"thankful, thankfully, thankfulness, thankless, thanklessly, thanklessness",6
theater,Word + Word,theater + go,"theatergoing, theatregoer",2
theater,Root + Suffix,theater + suffix,"theatrical, theatrically",2
them,Word + Word,them + self,themselves,1
theme,Root + Suffix,theme + suffix,thematic,1
theme,Prefix + Root + Suffix,prefix + theme + suffix,unthematic,1
there,Word + Word,there + about,"thereabout, thereafter, thereby, therefrom, therein, thereof, thereon, thereto (+3 từ khác)",11
thick,Word + Word,thick + head,"thickheaded, thickset",2
thick,Root + Suffix,thick + suffix,"thicken, thickener, thicker, thickest, thickly, thickness",6
thin,Root + Suffix,thin + suffix,"thinly, thinner, thinness, thinnest",4
thing,Root + Suffix,thing + suffix,thingummy,1
think,Prefix + Root,prefix + think,"bethink, rethink, unthinking",3
think,Root + Suffix,think + suffix,"thinkable, thinker",2
think,Prefix + Root + Suffix,prefix + think + suffix,"unthinkable, unthinkingly",2
third,Root + Suffix,third + suffix,thirdly,1
thorough,Word + Word,thorough + breed,"thoroughbred, thoroughfare, thoroughgoing",3
thorough,Root + Suffix,thorough + suffix,"thoroughly, thoroughness",2
though,Prefix + Root,prefix + though,although,1
thought,Prefix + Root,prefix + thought,"afterthought, bethought, forethought, rethought",4
thought,Root + Suffix,thought + suffix,"thoughtful, thoughtfully, thoughtfulness, thoughtless, thoughtlessly, thoughtlessness",6
thousand,Root + Suffix,thousand + suffix,"thousandfold, thousandth",2
thread,Word + Word,thread + bare,"threadbare, threadlike",2
threat,Root + Suffix,threat + suffix,"threaten, threateningly",2
three,Word + Word,three + teen,"thirteens, thirteenths",2
three,Root + Suffix,three + suffix,"thirteen, thirteenth, thirtieth, thirty, threefold, threesome",6
thrill,Root + Suffix,thrill + suffix,"thriller, thrillingly",2
thrive,Root + Suffix,thrive + suffix,thriven,1
throat,Root + Suffix,throat + suffix,"throatier, throatily, throatiness, throaty",4
throw,Word + Word,throw + away,"throwaway, throwback",2
throw,Prefix + Root,prefix + throw,overthrow,1
throw,Root + Suffix,throw + suffix,"thrower, thrown",2
throw,Prefix + Root + Suffix,prefix + throw + suffix,overthrown,1
thumb,Word + Word,thumb + nail,"thumbnail, thumbscrew",2
tide,Word + Word,tide + land,"tidelands, tidemark, tidewater",3
tide,Root + Suffix,tide + suffix,tidal,1
tidy,Prefix + Root,prefix + tidy,untidy,1
tidy,Root + Suffix,tidy + suffix,"tidier, tidiest, tidily, tidiness",4
tidy,Prefix + Root + Suffix,prefix + tidy + suffix,"untidier, untidiest, untidily, untidiness",4
tie,Word + Word,tie + break,"tiebreak, tiebreaker, tiepin",3
tie,Prefix + Root,prefix + tie,"retied, untie",2
tight,Word + Word,tight + rope,tightrope,1
tight,Prefix + Root,prefix + tight,uptight,1
tight,Root + Suffix,tight + suffix,"tighten, tighter, tightest, tightly, tightness",5
till,Root + Suffix,till + suffix,"tillage, tiller",2
timber,Word + Word,timber + land,timberlands,1
time,Word + Word,time + keep,"timekeeper, timepiece, timesaving, timeserver, timeserving, timetable",6
time,Prefix + Root,prefix + time,"halftime, mistime, overtime",3
time,Root + Suffix,time + suffix,"timeless, timelessly, timelessness, timelier, timeliest, timeliness, timely, timer",8
time,Prefix + Root + Suffix,prefix + time + suffix,"untimeliness, untimely",2
tin,Word + Word,tin + typo,tintype,1
tin,Root + Suffix,tin + suffix,"tinnier, tinniest, tinny",3
tiny,Root + Suffix,tiny + suffix,"tinier, tiniest",2
tip,Word + Word,tip + off,"tipoff, tipstaff, tiptoe",3
tip,Root + Suffix,tip + suffix,"tipper, tipster",2
tire,Prefix + Root,prefix + tire,untiring,1
tire,Root + Suffix,tire + suffix,"tiredly, tiredness, tireless, tirelessly, tiresome, tiresomely",6
tire,Prefix + Root + Suffix,prefix + tire + suffix,untiringly,1
title,Word + Word,title + hold,titleholder,1
title,Prefix + Root,prefix + title,"entitle, subtitle",2
title,Root + Suffix,title + suffix,titular,1
title,Prefix + Root + Suffix,prefix + title + suffix,entitlement,1
to,Word + Word,to + day,"today, today'll, tonight",3
to,Prefix + Root,prefix + to,"into, onto",2
tobacco,Root + Suffix,tobacco + suffix,tobacconist,1
toe,Word + Word,toe + hold,"toehold, toenail",2
together,Root + Suffix,together + suffix,togetherness,1
toilet,Root + Suffix,toilet + suffix,toiletries,1
toll,Word + Word,toll + gate,"tollgate, tollhouse",2
ton,Prefix + Root,prefix + ton,"kiloton, megaton, multimegaton",3
ton,Root + Suffix,ton + suffix,"tonally, tonnage",2
tone,Prefix + Root,prefix + tone,"halftone, intone, monotone, overtone, semitone, undertone",6
tone,Root + Suffix,tone + suffix,"tonal, tonality, toneless, tonelessly, toner, tonic",6
tone,Prefix + Root + Suffix,prefix + tone + suffix,"atonal, atonality, intonation, intonations, monotonous, monotonously, monotonousness, monotony (+1 từ khác)",9
tool,Word + Word,tool + make,toolmaker,1
tool,Prefix + Root,prefix + tool,retooled,1
tooth,Word + Word,tooth + brush,"toothbrush, toothpick, toothpowder",3
tooth,Root + Suffix,tooth + suffix,"toothier, toothiest, toothless, toothsome, toothy",5
top,Word + Word,top + coat,"topcoat, topmost, topside, topsoil",4
top,Prefix + Root,prefix + top,"atop, overtop",2
top,Root + Suffix,top + suffix,"topless, topper, toppingly",3
top,Prefix + Root + Suffix,prefix + top + suffix,"utopia, utopian, utopianism",3
topic,Root + Suffix,topic + suffix,"topical, topicality, topically",3
torture,Root + Suffix,torture + suffix,torturer,1
total,Root + Suffix,total + suffix,"totalistic, totalitarian, totalitarianism, totality, totalize, totally",6
touch,Word + Word,touch + down,"touchdown, touchline, touchstone",3
touch,Prefix + Root,prefix + touch,"retouch, untouched",2
touch,Root + Suffix,touch + suffix,"touchable, toucher, touchier, touchiest, touchily, touchiness, touchingly, touchy",8
touch,Prefix + Root + Suffix,prefix + touch + suffix,untouchable,1
tough,Root + Suffix,tough + suffix,"toughen, tougher, toughest, toughie, toughly, toughness",6
tour,Prefix + Root,prefix + tour,detour,1
tour,Root + Suffix,tour + suffix,"tourism, tourist",2
toward,Prefix + Root,prefix + toward,untoward,1
toward,Prefix + Root + Suffix,prefix + toward + suffix,"untowardly, untowardness",2
town,Word + Word,town + folk,"townsfolk, townsman, townspeople, townswoman",4
town,Prefix + Root,prefix + town,"downtown, uptown",2
town,Root + Suffix,town + suffix,township,1
toy,Word + Word,toy + shop,toyshop,1
trace,Prefix + Root,prefix + trace,retrace,1
trace,Root + Suffix,trace + suffix,"traceable, tracer, tracery",3
track,Word + Word,track + suit,tracksuit,1
track,Prefix + Root,prefix + track,"backtrack, untracked",2
track,Root + Suffix,track + suffix,"tracker, trackless",2
trade,Word + Word,trade + man,"trademark, tradesman, tradespeople",3
trade,Root + Suffix,trade + suffix,trader,1
tradition,Root + Suffix,tradition + suffix,"traditional, traditionalism, traditionalist, traditionalistic, traditionalized, traditionally",6
tradition,Prefix + Root + Suffix,prefix + tradition + suffix,untraditional,1
traffic,Root + Suffix,traffic + suffix,trafficker,1
tragedy,Root + Suffix,tragedy + suffix,tragedian,1
tragic,Root + Suffix,tragic + suffix,"tragical, tragically",2
trail,Root + Suffix,trail + suffix,trailer,1
train,Word + Word,train + bear,"trainbearer, trainman",2
train,Prefix + Root,prefix + train,"detrain, entrain, retraining, untrained",4
train,Root + Suffix,train + suffix,"trainable, trainee, traineeships, trainer",4
trait,Root + Suffix,trait + suffix,"traitor, traitorous, traitorously, traitress",4
transfer,Root + Suffix,transfer + suffix,"transferability, transferable, transferee, transference, transferor, transferral",6
transit,Root + Suffix,transit + suffix,"transience, transiency, transient, transition, transitional, transitionally, transitive, transitively (+1 từ khác)",9
transit,Prefix + Root + Suffix,prefix + transit + suffix,"intransitive, intransitively",2
translate,Prefix + Root,prefix + translate,"mistranslate, retranslated",2
translate,Root + Suffix,translate + suffix,"translatable, translation, translator",3
translate,Prefix + Root + Suffix,prefix + translate + suffix,mistranslation,1
transmit,Root + Suffix,transmit + suffix,"transmission, transmittable, transmitter",3
trap,Word + Word,trap + door,"trapdoor, trapshooting",2
trap,Prefix + Root,prefix + trap,entrap,1
trap,Root + Suffix,trap + suffix,"trapper, trappist",2
trap,Prefix + Root + Suffix,prefix + trap + suffix,entrapment,1
trauma,Root + Suffix,trauma + suffix,traumatically,1
travel,Word + Word,travel + sick,travelsick,1
travel,Root + Suffix,travel + suffix,traveler,1
treasure,Root + Suffix,treasure + suffix,"treasurer, treasury",2
treat,Prefix + Root,prefix + treat,"entreat, maltreat, untreated",3
treat,Root + Suffix,treat + suffix,"treatable, treatment",2
treat,Prefix + Root + Suffix,prefix + treat + suffix,"entreatingly, entreaty, maltreatment",3
tree,Word + Word,tree + like,"treelike, treetops",2
tree,Root + Suffix,tree + suffix,treeless,1
tremendous,Root + Suffix,tremendous + suffix,tremendously,1
trend,Word + Word,trend + set,trendsetter,1
trend,Prefix + Root,prefix + trend,"downtrend, uptrend",2
trend,Root + Suffix,trend + suffix,"trendier, trendiest, trendiness, trendy",4
tribe,Word + Word,tribe + man,tribesman,1
tribe,Root + Suffix,tribe + suffix,"tribal, tribalism",2
tribe,Prefix + Root + Suffix,prefix + tribe + suffix,"detribalization, detribalize, intertribal",3
tribute,Prefix + Root,prefix + tribute,"attribute, contribute, distribute, redistribute",4
tribute,Root + Suffix,tribute + suffix,tributary,1
tribute,Prefix + Root + Suffix,prefix + tribute + suffix,"attributable, attribution, attributive, attributively, contribution, contributor, contributory, distribution (+6 từ khác)",14
trick,Root + Suffix,trick + suffix,"trickery, trickier, trickiest, trickiness, trickster, tricky",6
trip,Word + Word,trip + wire,tripwire,1
trip,Root + Suffix,trip + suffix,"tripper, trippingly",2
triumph,Root + Suffix,triumph + suffix,"triumphal, triumphant, triumphantly",3
troop,Word + Word,troop + ship,troopships,1
troop,Root + Suffix,troop + suffix,"trooper, troopship",2
trophy,Prefix + Root,prefix + trophy,"dystrophy, hypertrophy",2
trouble,Word + Word,trouble + make,"troublemaker, troubleshooter",2
trouble,Root + Suffix,trouble + suffix,troublesome,1
truck,Root + Suffix,truck + suffix,trucker,1
true,Word + Word,true + love,truelove,1
true,Prefix + Root,prefix + true,untrue,1
true,Root + Suffix,true + suffix,"truer, truest, truism, truly",4
trust,Word + Word,trust + worth,"trustworthiness, trustworthy, untrustworthiness",3
trust,Prefix + Root,prefix + trust,"antitrust, distrust, entrust, mistrust",4
trust,Root + Suffix,trust + suffix,"trustee, trusteeship, trustful, trustfully, trustfulness, trustier, trustiest, trustingly (+1 từ khác)",9
trust,Prefix + Root + Suffix,prefix + trust + suffix,"distrustful, distrustfully, distrustfulness, mistrustful, mistrustfully, mistrustfulness",6
truth,Prefix + Root,prefix + truth,untruth,1
truth,Root + Suffix,truth + suffix,"truthful, truthfully, truthfulness",3
truth,Prefix + Root + Suffix,prefix + truth + suffix,"untruthful, untruthfully",2
try,Root + Suffix,try + suffix,"trial, trier",2
try,Prefix + Root + Suffix,prefix + try + suffix,"mistrial, pretrial, retrial",3
tube,Root + Suffix,tube + suffix,"tubbier, tubbiest, tubby, tubeless, tubful, tubular, tubules",7
tune,Prefix + Root,prefix + tune,attuned,1
tune,Root + Suffix,tune + suffix,"tuneful, tunefully, tunefulness, tuneless, tuner",5
tunnel,Root + Suffix,tunnel + suffix,tunneller,1
turn,Word + Word,turn + about,"turnabout, turnaround, turncoat, turnkey, turnoff, turnout, turnover, turntable",8
turn,Prefix + Root,prefix + turn,"downturn, overturn, upturn",3
turn,Root + Suffix,turn + suffix,turnery,1
twelve,Word + Word,twelve + month,twelvemonth,1
twelve,Root + Suffix,twelve + suffix,twelfth,1
twenty,Root + Suffix,twenty + suffix,twentieth,1
twist,Root + Suffix,twist + suffix,"twister, twistier, twistiest, twisty",4
two,Word + Word,two + face,twofaced,1
two,Root + Suffix,two + suffix,"twofold, twosome",2
typo,Word + Word,typo + cast,"typecast, typeface, typescript, typeset, typesetter, typewrite, typewriter, typewritten (+1 từ khác)",9
typo,Prefix + Root,prefix + typo,"monotype, subtype",2
typo,Root + Suffix,typo + suffix,"typical, typicality, typically, typify, typist",5
typo,Prefix + Root + Suffix,prefix + typo + suffix,"atypical, atypically",2
ugly,Root + Suffix,ugly + suffix,"uglier, ugliest, uglify, ugliness",4
under,Root + Suffix,under + suffix,underling,1
understand,Prefix + Root,prefix + understand,misunderstand,1
understand,Root + Suffix,understand + suffix,"understandable, understandably, understandingly",3
unique,Root + Suffix,unique + suffix,"uniquely, uniqueness",2
up,Word + Word,up + cut,"upland, uppercut, uppermost",3
up,Root + Suffix,up + suffix,"upper, uppish, uppishly, uppishness, upward",5
urge,Root + Suffix,urge + suffix,"urgency, urgent, urgently",3
use,Prefix + Root,prefix + use,"disuse, misuse, reuse, unused",4
use,Root + Suffix,use + suffix,"usable, usage, useful, usefully, usefulness, useless, uselessly, uselessness (+1 từ khác)",9
use,Prefix + Root + Suffix,prefix + use + suffix,reusable,1
usual,Prefix + Root,prefix + usual,unusual,1
usual,Root + Suffix,usual + suffix,usually,1
usual,Prefix + Root + Suffix,prefix + usual + suffix,unusually,1
vague,Root + Suffix,vague + suffix,"vaguely, vagueness, vaguer, vaguest",4
valid,Prefix + Root,prefix + valid,invalid,1
valid,Root + Suffix,valid + suffix,"validate, validation, validity, validly",4
valid,Prefix + Root + Suffix,prefix + valid + suffix,"invalidate, invalidation, invalidity, invalidly",4
value,Prefix + Root,prefix + value,"devalue, revalue, undervalue",3
value,Root + Suffix,value + suffix,"valuable, valuation, valueless, valuer",4
value,Prefix + Root + Suffix,prefix + value + suffix,"devaluate, devaluation, evaluate, evaluation, evaluative, invaluable, reevaluation, revaluation (+1 từ khác)",9
vary,Prefix + Root,prefix + vary,unvarying,1
vary,Root + Suffix,vary + suffix,"variability, variable, variableness, variably, variance, variant, variation, variety (+2 từ khác)",10
vary,Prefix + Root + Suffix,prefix + vary + suffix,"invariability, invariable, invariably, invariant",4
vast,Root + Suffix,vast + suffix,"vaster, vastest, vastly, vastness",4
vehicle,Root + Suffix,vehicle + suffix,vehicular,1
venture,Root + Suffix,venture + suffix,"venturer, venturesome, venturesomeness",3
verse,Prefix + Root,prefix + verse,"inverse, obverse, reverse, traverse, universe, unversed",6
verse,Root + Suffix,verse + suffix,"versification, versifier, versify",3
verse,Prefix + Root + Suffix,prefix + verse + suffix,"conversely, conversion, inversely, inversion, irreversible, irreversibly, reversal, reversely (+11 từ khác)",19
vertical,Root + Suffix,vertical + suffix,vertically,1
very,Root + Suffix,very + suffix,"verier, veriest",2
viable,Root + Suffix,viable + suffix,"viability, viably",2
vice,Word + Word,vice + like,vicelike,1
vicious,Root + Suffix,vicious + suffix,"viciously, viciousness",2
victim,Root + Suffix,victim + suffix,"victimization, victimize",2
video,Word + Word,video + tape,videotape,1
view,Word + Word,view + find,"viewfinder, viewpoint",2
view,Prefix + Root,prefix + view,"preview, review",2
view,Root + Suffix,view + suffix,"viewer, viewless",2
view,Prefix + Root + Suffix,prefix + view + suffix,reviewer,1
village,Root + Suffix,village + suffix,villager,1
virtual,Root + Suffix,virtual + suffix,virtually,1
virtue,Root + Suffix,virtue + suffix,"virtuosity, virtuous, virtuously",3
visit,Prefix + Root,prefix + visit,revisited,1
visit,Root + Suffix,visit + suffix,"visitation, visitor",2
vital,Root + Suffix,vital + suffix,"vitalism, vitalist, vitality, vitalization, vitalize, vitally",6
vital,Prefix + Root + Suffix,prefix + vital + suffix,"devitalization, devitalize, revitalization, revitalize",4
voice,Prefix + Root,prefix + voice,unvoiced,1
voice,Root + Suffix,voice + suffix,voiceless,1
volume,Root + Suffix,volume + suffix,"volumetric, volumetrically, voluminous, voluminously",4
vote,Prefix + Root,prefix + vote,outvote,1
vote,Root + Suffix,vote + suffix,"voteless, voter",2
vow,Prefix + Root,prefix + vow,"avow, disavow",2
vow,Prefix + Root + Suffix,prefix + vow + suffix,"avowal, avowedly, disavowal",3
vulnerable,Prefix + Root,prefix + vulnerable,invulnerable,1
vulnerable,Root + Suffix,vulnerable + suffix,"vulnerability, vulnerably",2
vulnerable,Prefix + Root + Suffix,prefix + vulnerable + suffix,"invulnerability, invulnerably",2
wage,Root + Suffix,wage + suffix,wager,1
wait,Prefix + Root,prefix + wait,await,1
wait,Root + Suffix,wait + suffix,"waiter, waitress",2
wake,Prefix + Root,prefix + wake,awake,1
wake,Root + Suffix,wake + suffix,"wakeful, wakefully, wakefulness, waken",4
wake,Prefix + Root + Suffix,prefix + wake + suffix,"awaken, reawaken",2
walk,Word + Word,walk + about,"walkabout, walkin, walkout, walkover, walkways",5
walk,Prefix + Root,prefix + walk,crosswalk,1
walk,Root + Suffix,walk + suffix,walker,1
wall,Word + Word,wall + board,"wallboard, wallflower, wallpaper",3
wall,Root + Suffix,wall + suffix,wally,1
wander,Root + Suffix,wander + suffix,wanderer,1
want,Prefix + Root,prefix + want,unwanted,1
war,Word + Word,war + dress,"wardresses, warfare, warfront, warhead, warhorse, warlike, warlord, warship (+1 từ khác)",9
war,Prefix + Root,prefix + war,"postwar, prewar",2
war,Root + Suffix,war + suffix,warrior,1
ward,Word + Word,ward + room,wardroom,1
ward,Root + Suffix,ward + suffix,"warden, warder, wardress",3
warm,Word + Word,warm + heart,"warmhearted, warmup",2
warm,Root + Suffix,warm + suffix,"warmer, warmest, warmish, warmly, warmness",5
warn,Prefix + Root,prefix + warn,forewarn,1
warn,Root + Suffix,warn + suffix,warningly,1
warrant,Prefix + Root,prefix + warrant,unwarranted,1
warrant,Root + Suffix,warrant + suffix,"warrantee, warrantor, warranty",3
warrant,Prefix + Root + Suffix,prefix + warrant + suffix,unwarrantable,1
wash,Word + Word,wash + board,"washboard, washbowl, washcloth, washday, washerwoman, washhouse, washout, washroom (+1 từ khác)",9
wash,Prefix + Root,prefix + wash,backwash,1
wash,Root + Suffix,wash + suffix,"washable, washer, washier, washy",4
waste,Word + Word,waste + basket,"wastebasket, wasteland, wastewater",3
waste,Root + Suffix,waste + suffix,"wastage, wasteful, wastefully, wastefulness, waster",5
watch,Word + Word,watch + band,"watchband, watchdog, watchmaker, watchman, watchtower, watchword",6
watch,Root + Suffix,watch + suffix,"watcher, watchful, watchfully, watchfulness",4
water,Word + Word,water + bird,"waterbird, waterbury, watercolor, watercourse, waterfall, waterflows, waterfront, waterline (+13 từ khác)",21
water,Prefix + Root,prefix + water,underwater,1
water,Root + Suffix,water + suffix,"waterier, wateriest, watery",3
wave,Word + Word,wave + length,wavelength,1
wave,Prefix + Root,prefix + wave,microwave,1
wave,Root + Suffix,wave + suffix,"wavers, wavier, waviest, waviness, wavy",5
way,Word + Word,way + bill,"waybill, wayfarer, wayfaring, waylay, wayside",5
way,Prefix + Root,prefix + way,"byway, crossways, halfway, midway, subway, throughway, thruway, underway",8
way,Root + Suffix,way + suffix,wayward,1
weak,Root + Suffix,weak + suffix,"weaken, weaker, weakest, weaklier, weakling, weakly, weakness",7
wealth,Root + Suffix,wealth + suffix,"wealthier, wealthiest, wealthily, wealthy",4
weapon,Root + Suffix,weapon + suffix,"weaponless, weaponry",2
wear,Prefix + Root,prefix + wear,underwear,1
weather,Word + Word,weather + beat,"weatherbeaten, weatherboard, weatherglass, weatherman, weatherproof, weatherstrip",6
weave,Prefix + Root,prefix + weave,interweave,1
weave,Root + Suffix,weave + suffix,weaver,1
wed,Word + Word,wed + lock,wedlock,1
wed,Prefix + Root,prefix + wed,unwed,1
weed,Root + Suffix,weed + suffix,"weedier, weediest, weediness, weedy",4
week,Word + Word,week + day,"weekday, weekend, weekender, weeknight",4
week,Prefix + Root,prefix + week,midweek,1
week,Root + Suffix,week + suffix,weekly,1
week,Prefix + Root + Suffix,prefix + week + suffix,"biweekly, semiweekly",2
weigh,Word + Word,weigh + bridge,weighbridge,1
weigh,Prefix + Root,prefix + weigh,outweigh,1
weigh,Root + Suffix,weigh + suffix,"weight, weightier, weightiest, weightily, weightiness, weightless, weightlessly, weightlessness (+1 từ khác)",9
weigh,Prefix + Root + Suffix,prefix + weigh + suffix,"overweight, underweight",2
weird,Root + Suffix,weird + suffix,"weirder, weirdest, weirdie, weirdly, weirdness, weirdo",6
welcome,Prefix + Root,prefix + welcome,unwelcome,1
well,Word + Word,well + be,"wellbeing, wellborn, wellknown, wellspring",4
well,Prefix + Root,prefix + well,unwell,1
west,Word + Word,west + bound,"westbound, westernmost",2
west,Prefix + Root,prefix + west,midwest,1
west,Root + Suffix,west + suffix,"westerly, western, westerner, westernization, westernize, westward",6
west,Prefix + Root + Suffix,prefix + west + suffix,"midwestern, midwesterners",2
wet,Word + Word,wet + land,wetlands,1
wet,Root + Suffix,wet + suffix,"wetly, wetness, wetter, wettest",4
what,Word + Word,what + ever,"whatever, whatnot, whatsoever",3
wheat,Root + Suffix,wheat + suffix,wheaten,1
wheel,Word + Word,wheel + base,"wheelbase, wheelchair, wheelhouse",3
wheel,Root + Suffix,wheel + suffix,wheeler,1
when,Word + Word,when + ever,whenever,1
where,Word + Word,where + about,"whereabouts, whereas, whereat, whereby, wherein, whereof, whereon, wheresoever (+4 từ khác)",12
which,Word + Word,which + ever,"whichever, whichsoever",2
whip,Word + Word,whip + snap,whippersnapper,1
whip,Root + Suffix,whip + suffix,"whippier, whippy",2
whisper,Root + Suffix,whisper + suffix,whisperer,1
white,Word + Word,white + cap,"whitecap, whiteface, whitehaired, whitehall, whitehead, whitetail, whitethroat, whitewash",8
white,Prefix + Root,prefix + white,nonwhite,1
white,Root + Suffix,white + suffix,"whitely, whiten, whiteness, whiter, whitest, whitey",6
who,Word + Word,who + ever,"whoever, whoso, whosoever",3
whole,Word + Word,whole + heart,"wholeheartedly, wholemeal, wholesale, wholesaler",4
whole,Root + Suffix,whole + suffix,"wholeness, wholesome, wholesomeness, wholly",4
whole,Prefix + Root + Suffix,prefix + whole + suffix,unwholesome,1
whom,Word + Word,whom + ever,"whomever, whomsoever",2
wide,Word + Word,wide + spread,widespread,1
wide,Root + Suffix,wide + suffix,"widely, widen, widener, wider, widest",5
widow,Root + Suffix,widow + suffix,"widower, widowhood",2
width,Root + Suffix,width + suffix,widthwise,1
wife,Word + Word,wife + like,wifelike,1
wife,Prefix + Root,prefix + wife,midwife,1
wife,Root + Suffix,wife + suffix,"wifelier, wifely",2
wife,Prefix + Root + Suffix,prefix + wife + suffix,midwifery,1
wild,Word + Word,wild + cat,"wildcat, wildcatter, wildfire, wildlife",4
wild,Root + Suffix,wild + suffix,"wilder, wildest, wildly, wildness",4
will,Word + Word,will + power,willpower,1
will,Prefix + Root,prefix + will,unwilling,1
will,Root + Suffix,will + suffix,"willie, willingly, willingness, willy",4
will,Prefix + Root + Suffix,prefix + will + suffix,"unwillingly, unwillingness",2
win,Word + Word,win + less,winless,1
win,Prefix + Root,prefix + win,"edwin, erwin, godwin",3
win,Root + Suffix,win + suffix,"winner, winsomely, winthrop",3
win,Prefix + Root + Suffix,prefix + win + suffix,edwina,1
wind,Word + Word,wind + bag,"windbag, windbreak, windbreaker, windcheater, windfall, windjammer, windmill, windpipe (+4 từ khác)",12
wind,Prefix + Root,prefix + wind,"crosswind, downwind, unwind",3
wind,Root + Suffix,wind + suffix,"winder, windier, windiest, windily, windiness, windless, windward, windy",8
window,Root + Suffix,window + suffix,windowless,1
wine,Word + Word,wine + glass,"wineglass, winehead, winepress, wineskin",4
wine,Root + Suffix,wine + suffix,winos,1
wing,Word + Word,wing + back,"wingback, wingman, wingspan, wingspread",4
wing,Root + Suffix,wing + suffix,"winger, wingless",2
winter,Word + Word,winter + time,wintertime,1
winter,Root + Suffix,winter + suffix,"wintrier, wintriest, wintry",3
wipe,Root + Suffix,wipe + suffix,wiper,1
wire,Word + Word,wire + cut,"wirecutters, wiretaps, wireworm",3
wire,Prefix + Root,prefix + wire,"rewire, unwire",2
wire,Root + Suffix,wire + suffix,"wireless, wirier, wiriest, wiriness, wiry",5
wise,Word + Word,wise + crack,wisecrack,1
wise,Prefix + Root,prefix + wise,unwise,1
wise,Root + Suffix,wise + suffix,"wisdom, wisely, wiser, wisest",4
wise,Prefix + Root + Suffix,prefix + wise + suffix,unwisely,1
wish,Word + Word,wish + bone,wishbone,1
wish,Root + Suffix,wish + suffix,"wishful, wishfully",2
wit,Prefix + Root,prefix + wit,"outwit, unwitting",2
wit,Root + Suffix,wit + suffix,"witless, witlessly, witlessness, witter, witticism, wittier, wittiest, wittily (+3 từ khác)",11
wit,Prefix + Root + Suffix,prefix + wit + suffix,unwittingly,1
with,Word + Word,with + draw,"withdraw, withdrawal, withdrawn, withhold, within, without, withstand",7
woman,Word + Word,woman + kind,"womankind, womanlike",2
woman,Root + Suffix,woman + suffix,"womanhood, womanish, womanize, womanizer, womanliness, womanly",6
woman,Prefix + Root + Suffix,prefix + woman + suffix,unwomanly,1
wonder,Word + Word,wonder + land,wonderland,1
wonder,Root + Suffix,wonder + suffix,"wonderful, wonderfully, wonderfulness, wonderingly, wonderment, wondrous, wondrously",7
wood,Word + Word,wood + block,"woodblock, woodcarver, woodcraft, woodcut, woodcutter, woodgraining, woodland, woodman (+8 từ khác)",16
wood,Prefix + Root,prefix + wood,underwood,1
wood,Root + Suffix,wood + suffix,"wooden, woodenly, woodenness, woodier, woodiest, woodward, woody",7
wool,Word + Word,wool + gather,"woolgather, woolsack, woolworkers",3
wool,Root + Suffix,wool + suffix,"woolen, woollier, woolliest, woolliness, woolly",5
word,Word + Word,word + book,"wordbook, wordplay, wordsworth",3
word,Prefix + Root,prefix + word,"byword, crossword, foreword, reword",4
word,Root + Suffix,word + suffix,"wordier, wordiest, wordily, wordiness, wordless, wordlessly, wordy",7
work,Word + Word,work + bag,"workaday, workbag, workbasket, workbench, workbook, workbox, workday, workhorse (+11 từ khác)",19
work,Prefix + Root,prefix + work,"outwork, overwork",2
work,Root + Suffix,work + suffix,"workable, workableness, worker",3
work,Prefix + Root + Suffix,prefix + work + suffix,"coworkers, outworker, unworkable",3
world,Word + Word,world + wide,worldwide,1
world,Prefix + Root,prefix + world,underworld,1
world,Root + Suffix,world + suffix,"worlders, worldlier, worldliest, worldliness, worldly",5
worm,Word + Word,worm + hole,wormhole,1
worm,Root + Suffix,worm + suffix,"wormier, wormiest, wormy",3
worry,Root + Suffix,worry + suffix,"worriedly, worrisome",2
worse,Root + Suffix,worse + suffix,worsen,1
worship,Root + Suffix,worship + suffix,"worshipful, worshipper",2
worth,Word + Word,worth + while,worthwhile,1
worth,Root + Suffix,worth + suffix,"worthier, worthiest, worthily, worthiness, worthless, worthlessly, worthlessness, worthy",8
worth,Prefix + Root + Suffix,prefix + worth + suffix,unworthy,1
would,Word + Word,would + be,wouldbe,1
would,Root + Suffix,would + suffix,wouldst,1
wound,Prefix + Root,prefix + wound,unwound,1
wrap,Prefix + Root,prefix + wrap,enwrap,1
wrap,Root + Suffix,wrap + suffix,wrapper,1
wrist,Word + Word,wrist + band,"wristband, wristwatch",2
wrist,Root + Suffix,wrist + suffix,wristlet,1
write,Prefix + Root,prefix + write,"rewrite, underwrite",2
write,Root + Suffix,write + suffix,"writer, written",2
write,Prefix + Root + Suffix,prefix + write + suffix,"overwritten, rewritten, underwriter, underwritten, unwritten",5
wrong,Word + Word,wrong + do,"wrongdoer, wrongdoing, wrongheaded, wrongheadedly, wrongheadedness",5
wrong,Root + Suffix,wrong + suffix,"wrongful, wrongfully, wrongly",3
yard,Word + Word,yard + arm,"yardarm, yardstick",2
yard,Root + Suffix,yard + suffix,yardage,1
year,Word + Word,year + book,"yearbook, yearlong",2
year,Root + Suffix,year + suffix,"yearling, yearly",2
yell,Root + Suffix,yell + suffix,yeller,1
yellow,Root + Suffix,yellow + suffix,"yellower, yellowest, yellowish, yellowness",4
yield,Prefix + Root,prefix + yield,unyielding,1
yield,Root + Suffix,yield + suffix,yieldingly,1
young,Root + Suffix,young + suffix,"younger, youngest, youngish, youngster",4
your,Word + Word,your + self,yourself,1
youth,Root + Suffix,youth + suffix,"youthful, youthfully, youthfulness",3
zone,Root + Suffix,zone + suffix,zonal,1
zone,Prefix + Root + Suffix,prefix + zone + suffix,bizonal,1
