root,pos,nghia_en,nghia_vi,la_goc_rang_buoc,bien_the,nguon_phan_loai
man,noun,an adult male human being; a human being in general,người đàn ông trưởng thành; con người nói chung,không,,Root gốc
head,noun,the upper part of the human body containing the brain,"phần đầu, cái đầu",không,,Root gốc
work,noun,activity involving effort done to achieve a purpose or result,"công việc, việc làm",không,,Root gốc
press,verb,to apply steady force against something,"ấn, ép, nhấn",không,,Root gốc
house,noun,a building for people to live in,"nhà, ngôi nhà",không,,Root gốc
back,noun,the rear surface of the human body from shoulders to hips,"lưng, phía sau",không,,Root gốc
act,noun,a thing done; a deed,"hành động, hành vi",không,,Root gốc
pose,verb,to put forward or present something; to assume a particular attitude or position,"đặt ra, đưa ra; tạo dáng",không,"pon, pound",Root gốc
like,adjective,having similar qualities or characteristics to another,"giống, tương tự",không,,Root gốc
line,noun,a long thin mark or stroke on a surface,"đường kẻ, đường thẳng",không,,Root gốc
way,noun,a method or manner of doing something; a road or path,cách thức; con đường,không,,Root gốc
book,noun,a written or printed work bound together in pages,sách,không,,Root gốc
side,noun,a surface or position to the left or right of something,"phía, bên, mặt",không,,Root gốc
log,,"word, speech; study, discourse, reasoning","lời nói, học thuyết, môn học, lý luận",có,"logue, logy",Root gốc
land,noun,the solid part of the earth's surface not covered by water,"đất, đất liền",không,,Root gốc
hand,noun,the end part of the arm used for grasping,bàn tay,không,,Root gốc
sense,noun,a faculty by which the body perceives an external stimulus,"giác quan, cảm giác",không,,Root gốc
fire,noun,"combustion producing light, heat, and flame",lửa,không,,Root gốc
serve,verb,to perform duties or provide services for someone,phục vụ,không,,Root gốc
room,noun,a space within a building enclosed by walls,phòng,không,,Root gốc
board,noun,"a flat, thin piece of wood or other material",tấm ván,không,,Root gốc
time,noun,"the continued progress of existence, measured in units",thời gian,không,,Root gốc
light,noun,the natural agent that stimulates sight and makes things visible,ánh sáng,không,,Root gốc
script,noun,a piece of handwriting; the written text of a play or film,"chữ viết; kịch bản, văn bản",không,scrib,Root gốc
up,adverb,"towards a higher place, position, or level","lên, lên trên",không,,Root gốc
form,noun,the visible shape or configuration of something,"hình dạng, hình thức",không,,Root gốc
air,noun,the invisible mixture of gases surrounding the earth,không khí,không,,Root gốc
wood,noun,the hard fibrous material forming the trunk of a tree,gỗ,không,,Root gốc
port,noun,a harbor town where ships load and unload cargo,"cảng, hải cảng",không,,Root gốc
play,verb,to engage in activity for enjoyment or recreation,"chơi, vui chơi",không,,Root gốc
foot,noun,the lower extremity of the leg below the ankle,bàn chân,không,,Root gốc
water,noun,a clear liquid essential for life,nước,không,,Root gốc
make,verb,to form something by putting parts together or creating it,"làm, chế tạo, tạo ra",không,,Root gốc
long,adjective,measuring a great distance from end to end,dài,không,,Root gốc
out,adverb,moving away from within a place; not indoors,ra ngoài,không,,Root gốc
heart,noun,the organ that pumps blood through the body,"trái tim, tim",không,,Root gốc
new,adjective,"recently made, introduced, or discovered",mới,không,,Root gốc
break,verb,to separate into pieces as a result of force,"làm vỡ, bẻ gãy",không,,Root gốc
bed,noun,a piece of furniture for sleeping or resting on,giường,không,,Root gốc
pot,noun,a rounded container used for cooking or storage,"nồi, chậu",không,,Root gốc
sun,noun,"the star around which the earth orbits, giving light and heat",mặt trời,không,,Root gốc
verse,,to turn,"xoay, quay",có,vert,Root gốc
wind,noun,the perceptible natural movement of air,gió,không,,Root gốc
pay,verb,to give money in exchange for goods or services,"trả tiền, thanh toán",không,,Root gốc
hold,verb,"to grasp, carry, or support something","giữ, cầm, nắm",không,,Root gốc
horse,noun,a large four-legged domesticated animal used for riding,ngựa,không,,Root gốc
woman,noun,an adult human female,người phụ nữ,không,,Root gốc
patho,,"suffering, disease; feeling","khổ đau, bệnh tật; cảm xúc",có,"path, pathy",Root gốc
stone,noun,"hard solid mineral matter, rock",đá,không,,Root gốc
day,noun,a period of twenty-four hours,ngày,không,,Root gốc
divide,verb,to separate into parts,"chia, phân chia",không,,Root gốc
state,noun,a nation or territory organized as a political community; a condition,"quốc gia, bang; trạng thái",không,,Root gốc
stand,verb,to be in an upright position on one's feet,đứng,không,,Root gốc
face,noun,the front part of the head from forehead to chin,khuôn mặt,không,,Root gốc
take,verb,to lay hold of something with one's hands,"lấy, cầm, nắm",không,,Root gốc
gun,noun,a weapon that fires bullets or shells,súng,không,,Root gốc
sea,noun,the expanse of salt water covering most of the earth's surface,biển,không,,Root gốc
fly,verb,to move through the air using wings,bay,không,,Root gốc
school,noun,an institution for educating children,trường học,không,,Root gốc
electr,,"to choose, to select","chọn, lựa chọn",có,elect,Root gốc
master,noun,a man who has authority or control over others,"chủ nhân, bậc thầy",không,,Root gốc
person,noun,a human being regarded as an individual,"người, cá nhân",không,,Root gốc
phon,,"sound, voice","âm thanh, tiếng nói",có,phone,Root gốc
bound,adjective,confined within limits; destined or intending to go somewhere,"bị giới hạn, ràng buộc; hướng đến (một nơi)",không,,Root gốc
tend,verb,to have an inclination to behave in a particular way; to take care of,"có xu hướng; chăm sóc, trông coi",không,,Root gốc
just,adjective,based on or behaving according to what is morally right and fair,"công bằng, đúng đắn",không,,Root gốc
free,adjective,not under the control of another; able to act as one wishes,tự do,không,,Root gốc
pulse,noun,the rhythmic throbbing of the arteries as blood is pumped through the body,"nhịp mạch, nhịp đập",không,,Root gốc
mark,noun,a visible sign or symbol on a surface,"dấu, vết, ký hiệu",không,,Root gốc
box,noun,"a container with a flat base and sides, typically square",hộp,không,,Root gốc
nation,noun,"a large group of people with common descent, culture, and history forming a political state","quốc gia, dân tộc",không,,Root gốc
night,noun,the period of darkness between sunset and sunrise,"đêm, ban đêm",không,,Root gốc
right,adjective,"correct, true, or in accordance with what is good or just","đúng, phải, bên phải",không,,Root gốc
sure,adjective,confident in what one thinks or knows; certain,chắc chắn,không,,Root gốc
lay,verb,to put something down carefully in a flat position,"đặt, để nằm xuống",không,,Root gốc
note,noun,a brief written record made to assist memory,"ghi chú, ghi nhớ",không,,Root gốc
down,adverb,towards a lower place or position,"xuống, hướng xuống",không,,Root gốc
sex,noun,"either of the two main categories, male and female, into which organisms are divided",giới tính,không,,Root gốc
god,noun,a superhuman being worshipped as having power over nature and human fortunes,"thần, thượng đế",không,,Root gốc
hair,noun,any of the fine threadlike strands growing from the skin,"tóc, lông",không,,Root gốc
weigh,verb,to find the weight of something; to have a specified weight,"cân, có trọng lượng",không,,Root gốc
west,noun,the direction in which the sun sets,"hướng tây, phía tây",không,,Root gốc
sign,noun,"a mark, symbol, or gesture conveying information or meaning","dấu hiệu, ký hiệu, biển báo",không,,Root gốc
self,noun,a person's essential being that distinguishes them from others,"bản thân, chính mình",không,,Root gốc
cloth,noun,woven or felted fabric made from fibers,vải,không,,Root gốc
go,verb,to move or travel from one place to another,đi,không,,Root gốc
hard,adjective,"solid, firm, and resistant to pressure; difficult",cứng; khó khăn,không,,Root gốc
race,noun,"a group of people sharing distinct physical characteristics, regarded as of common descent","chủng tộc, nòi giống",không,,Root gốc
ball,noun,a round object used in games and sports,quả bóng,không,,Root gốc
direct,adjective,extending or moving from one place to another without deviation,"trực tiếp, thẳng",không,,Root gốc
set,verb,to put something in a specified place or position,"đặt, để; thiết lập",không,,Root gốc
cut,verb,to make an opening or wound in something with a sharp tool,cắt,không,,Root gốc
part,noun,a piece or segment that combines with others to form a whole,"phần, bộ phận",không,,Root gốc
cast,verb,to throw something forcefully; to select actors for a role,"ném, quăng; chọn diễn viên",không,,Root gốc
class,noun,a set or category of things having common characteristics,"lớp, hạng, loại",không,,Root gốc
home,noun,the place where one lives permanently,"nhà, quê hương",không,,Root gốc
tribute,noun,"an act, statement, or gift given as a mark of respect or gratitude","sự tưởng nhớ, sự tôn vinh; cống phẩm",không,,Root gốc
tone,noun,"a musical or vocal sound with reference to its pitch, quality, and strength","âm điệu, âm sắc",không,,Root gốc
top,noun,the highest or uppermost point of something,"đỉnh, phần trên cùng",không,,Root gốc
arm,noun,the upper limb of the human body from shoulder to hand,cánh tay,không,,Root gốc
ten,,"to hold, to keep","giữ, nắm giữ",có,"tain, tent, tin",Root gốc
nature,noun,the physical world and everything in it not made by humans; the basic qualities of a person or thing,"tự nhiên, thiên nhiên; bản chất",không,,Root gốc
point,noun,a narrow or sharp end of something; a particular spot or moment,"điểm, mũi nhọn",không,,Root gốc
power,noun,the ability to do something or act in a particular way; strength,"quyền lực, sức mạnh",không,,Root gốc
sono,,sound,âm thanh,có,son,Root gốc
place,noun,"a particular position, point, or area in space","nơi, địa điểm",không,,Root gốc
bag,noun,a container made of flexible material with an opening at the top,"túi, bao",không,,Root gốc
high,adjective,extending far upward; of great vertical extent,cao,không,,Root gốc
black,adjective,"of the darkest color, absorbing all light",màu đen,không,,Root gốc
fish,noun,a cold-blooded aquatic animal with gills and fins,cá,không,,Root gốc
ship,noun,a large vessel for traveling on water,"tàu, thuyền",không,,Root gốc
guard,noun,a person who protects or watches over something,"người bảo vệ, lính canh",không,,Root gốc
boat,noun,a small vessel for traveling on water,"thuyền, xuồng",không,,Root gốc
ever,adverb,at any time; always,bao giờ; luôn luôn,không,,Root gốc
organ,noun,a part of an organism with a specific function; a musical keyboard instrument,cơ quan (bộ phận cơ thể); đàn organ,không,,Root gốc
base,noun,the lowest part or foundation of something,"nền, cơ sở, đáy",không,,Root gốc
fall,verb,to move downward quickly and without control,"rơi, ngã",không,,Root gốc
over,preposition,extending directly upward from; above and covering,"trên, qua, khắp",không,,Root gốc
worth,adjective,having a value equivalent to; deserving of,"đáng giá, xứng đáng",không,,Root gốc
ground,noun,the solid surface of the earth,"mặt đất, nền đất",không,,Root gốc
determine,verb,to establish exactly by research or calculation; to decide firmly,xác định; quyết định,không,,Root gốc
dog,noun,a domesticated four-legged animal often kept as a pet,chó,không,,Root gốc
broad,adjective,wide from side to side; large in extent,rộng,không,,Root gốc
sick,adjective,affected by illness; feeling nauseated,"ốm, bệnh",không,,Root gốc
sight,noun,the faculty or power of seeing; the act of seeing,"thị lực, tầm nhìn",không,,Root gốc
relate,verb,to make or show a connection between two or more things,"liên quan, liên hệ",không,,Root gốc
trust,noun,firm belief in the reliability or truth of someone or something,sự tin tưởng,không,,Root gốc
wash,verb,to clean with water and usually soap or detergent,"rửa, giặt",không,,Root gốc
stick,noun,a thin piece of wood; to adhere or fix in place,"que, gậy; dính vào",không,,Root gốc
stock,noun,a supply of goods available for sale; livestock,hàng dự trữ; gia súc,không,,Root gốc
keep,verb,to have or retain possession of; to maintain,"giữ, duy trì",không,,Root gốc
sand,noun,loose granular material formed from disintegrated rock,cát,không,,Root gốc
typo,,"type, model, form, impression","kiểu, mẫu, hình dạng, khuôn mẫu",có,typ,Root gốc
where,adverb,in or to what place or position,"ở đâu, nơi nào",không,,Root gốc
word,noun,a single distinct unit of language with meaning,"từ, lời nói",không,,Root gốc
human,adjective,relating to or characteristic of people; a person,thuộc về con người; con người,không,,Root gốc
east,noun,the direction in which the sun rises,"hướng đông, phía đông",không,,Root gốc
south,noun,"the direction opposite north, towards the bottom of a standard map","hướng nam, phía nam",không,,Root gốc
please,verb,to give satisfaction or pleasure to someone,"làm hài lòng, làm vui lòng",không,,Root gốc
joy,noun,a feeling of great happiness or pleasure,"niềm vui, sự vui sướng",không,,Root gốc
short,adjective,measuring a small distance from end to end; not tall,"ngắn, thấp",không,,Root gốc
grand,adjective,magnificent and imposing in appearance or style,"to lớn, hoành tráng",không,,Root gốc
law,noun,a system of rules established by authority to regulate behavior,"luật, pháp luật",không,,Root gốc
real,adjective,actually existing or true; not imaginary,"có thật, thực sự",không,,Root gốc
step,noun,an act of lifting the foot and putting it down in walking,"bước chân, bước đi",không,,Root gốc
road,noun,"a wide way leading from one place to another, especially for vehicles",con đường,không,,Root gốc
dream,noun,"a series of thoughts, images or emotions occurring during sleep",giấc mơ,không,,Root gốc
crimin,,"crime, offense, accusation","tội, tội phạm",có,,Root gốc
bone,noun,one of the hard structures forming the skeleton,xương,không,,Root gốc
skin,noun,the natural outer covering of the body,da,không,,Root gốc
habit,noun,a settled or regular tendency or practice,"thói quen, tập quán",không,,Root gốc
post,noun,a long upright piece of wood or metal fixed into the ground as a support or marker,"cột, trụ",không,,Root gốc
beat,verb,to strike repeatedly,"đánh, đập",không,,Root gốc
hole,noun,a hollow space or opening in something solid,"lỗ, hố",không,,Root gốc
value,noun,the importance or worth of something,giá trị,không,,Root gốc
strict,adjective,demanding total obedience or exact performance,"nghiêm khắc, chặt chẽ",không,,Root gốc
body,noun,the physical structure of a person or animal,"cơ thể, thân thể",không,,Root gốc
eye,noun,the organ of sight,mắt,không,,Root gốc
come,verb,to move toward or arrive at a place,"đến, tới",không,,Root gốc
piece,noun,a part of something separated from a whole,"mảnh, miếng",không,,Root gốc
walk,verb,to move at a regular pace by lifting and setting down each foot,đi bộ,không,,Root gốc
claim,verb,to state that something is true without proof; to demand as one's own,"tuyên bố, đòi hỏi",không,,Root gốc
pin,noun,a thin pointed piece of metal used for fastening,"cái ghim, đinh ghim",không,,Root gốc
most,adjective,greatest in amount or degree,nhiều nhất,không,,Root gốc
use,verb,to employ something for a purpose,"sử dụng, dùng",không,,Root gốc
front,noun,the foremost part or side of something,"phía trước, mặt trước",không,,Root gốc
radio,,"ray, beam; to shine, to radiate","tia, chiếu sáng, tỏa ra",có,radi,Root gốc
art,noun,the expression of creative skill and imagination,nghệ thuật,không,,Root gốc
flu,,to flow,"chảy, trôi chảy",có,"fluct, fluv",Root gốc
life,noun,the state of being alive,"sự sống, cuộc sống",không,,Root gốc
test,noun,"an examination or trial to determine quality, ability or truth","sự kiểm tra, thử thách",không,,Root gốc
gen,,"birth, origin, race, kind; to produce or beget","sinh ra, nguồn gốc, giống nòi",có,"gener, genit",Root gốc
move,verb,to change position or place,"di chuyển, chuyển động",không,,Root gốc
bear,verb,"to carry, support, or endure","mang, chịu đựng",không,,Root gốc
bird,noun,"a warm-blooded, egg-laying vertebrate with feathers and wings",chim,không,,Root gốc
north,noun,the direction toward the North Pole,"phía bắc, hướng bắc",không,,Root gốc
mind,noun,"the element of a person that thinks, feels and reasons","tâm trí, trí óc",không,,Root gốc
firm,adjective,"having a solid, steady quality; not weak or yielding","vững chắc, kiên định",không,,Root gốc
field,noun,"an area of open land, especially used for crops or sport","cánh đồng, lĩnh vực",không,,Root gốc
lock,noun,"a device for fastening a door or container, opened by a key",khóa,không,,Root gốc
off,adverb,away from a place or position; not connected or operating,"tắt, rời khỏi, ngừng",không,,Root gốc
taste,noun,the sense that identifies the flavor of substances,"vị giác, mùi vị",không,,Root gốc
change,verb,to make or become different,thay đổi,không,,Root gốc
suit,noun,a set of clothes designed to be worn together,"bộ quần áo, bộ đồ",không,,Root gốc
door,noun,a hinged or sliding barrier used to open and close an entrance,cửa,không,,Root gốc
write,verb,to form letters or words on a surface,viết,không,,Root gốc
vary,verb,to differ or to change from one form to another,"biến đổi, thay đổi",không,,Root gốc
boy,noun,a male child,"cậu bé, con trai",không,,Root gốc
labor,noun,"physical or mental work, especially hard effort","lao động, công sức",không,,Root gốc
consider,verb,to think carefully about something,"xem xét, cân nhắc",không,,Root gốc
space,noun,a continuous area or expanse that is free or unoccupied,"không gian, khoảng trống",không,,Root gốc
craft,noun,"skill in doing or making something, especially by hand","nghề thủ công, kỹ năng",không,,Root gốc
cat,noun,a small domesticated feline animal,con mèo,không,,Root gốc
solve,verb,to find an answer to or explanation for a problem,giải quyết,không,,Root gốc
leg,noun,one of the limbs used for standing and walking,chân (chi dưới),không,,Root gốc
watch,verb,to look at attentively over a period of time,"xem, canh gác, theo dõi",không,,Root gốc
define,verb,to state the exact meaning or nature of something,"định nghĩa, xác định",không,,Root gốc
print,verb,to produce text or images on paper using ink,"in, in ấn",không,,Root gốc
love,noun,a deep feeling of affection,tình yêu,không,,Root gốc
prob,,"to test, to prove, to approve","thử, chứng minh, chấp thuận",có,"prov, proof",Root gốc
glass,noun,"a hard, transparent material","kính, thủy tinh",không,,Root gốc
band,noun,a thin flat strip of material used to encircle or fasten something,"dải, băng",không,,Root gốc
blow,verb,to move air or cause something to move by force of air,thổi,không,,Root gốc
spirit,noun,the non-physical part of a person; the soul,"tinh thần, linh hồn",không,,Root gốc
doubt,verb,to feel uncertain about something,nghi ngờ,không,,Root gốc
pass,verb,to move past or go by something,"đi qua, vượt qua",không,,Root gốc
compete,verb,to strive to win or gain something against others,"cạnh tranh, thi đấu",không,,Root gốc
pig,noun,a domesticated mammal raised for meat,con lợn,không,,Root gốc
child,noun,a young human being,"trẻ em, đứa trẻ",không,,Root gốc
tail,noun,the rear appendage of an animal's body,cái đuôi,không,,Root gốc
check,verb,to examine something in order to verify it,kiểm tra,không,,Root gốc
portion,noun,a part of a whole that has been divided,"phần, khẩu phần",không,,Root gốc
fruit,noun,"the sweet, edible product of a plant","trái cây, quả",không,,Root gốc
white,adjective,of the color of snow or milk,màu trắng,không,,Root gốc
earth,noun,the planet on which we live; soil,"trái đất, đất",không,,Root gốc
run,verb,"to move at a speed faster than walking, using the legs",chạy,không,,Root gốc
yard,noun,"a piece of enclosed ground, or a unit of length","sân, khoảng sân",không,,Root gốc
mean,verb,to intend to convey or refer to a particular thing; to signify,"nghĩa là, có ý nói",không,,Root gốc
monster,,"to show, to point out, to warn","chỉ ra, cho thấy, cảnh báo",có,,chưa chắc chắn - cần rà tay
respect,noun,a feeling of deep admiration or regard for someone,"sự tôn trọng, sự kính trọng",không,,Root gốc
forest,noun,a large area covered chiefly with trees,rừng,không,,Root gốc
paper,noun,material manufactured for writing or printing on,giấy,không,,Root gốc
close,verb,to shut something so that no gap remains; to bring to an end,"đóng lại, kết thúc",không,,Root gốc
load,noun,"something that is carried or transported, especially in bulk","tải, hàng chở",không,,Root gốc
style,noun,a manner of doing something; a distinctive fashion,"phong cách, kiểu",không,,Root gốc
in,preposition,expressing the situation of being enclosed or surrounded by something,"trong, ở trong",không,,Root gốc
grace,noun,elegance and beauty of movement or form; divine favor,"sự duyên dáng, ân sủng",không,,Root gốc
govern,verb,to conduct the policy and affairs of a state or organization,"cai trị, quản lý",không,,Root gốc
girl,noun,a female child,"cô gái, bé gái",không,,Root gốc
show,verb,to display or make visible,"cho xem, trình bày",không,,Root gốc
blood,noun,the red fluid that circulates in the body,máu,không,,Root gốc
force,noun,physical strength or power,"sức mạnh, lực",không,,Root gốc
cow,noun,an adult female of cattle,con bò cái,không,,Root gốc
create,verb,to bring something into existence,"tạo ra, sáng tạo",không,,Root gốc
snow,noun,atmospheric water vapor frozen into ice crystals that falls as precipitation,tuyết,không,,Root gốc
correct,adjective,free from error; accurate,"đúng, chính xác",không,,Root gốc
prim,,"first, earliest, original","đầu tiên, sơ khai, cơ bản",có,,Root gốc
decide,verb,to come to a resolution after consideration,quyết định,không,,Root gốc
mate,noun,a companion or fellow worker; a partner,"bạn, bạn đời",không,,Root gốc
away,adverb,at a distance from a particular place,"đi xa, rời xa",không,,Root gốc
cycle,noun,a series of events regularly repeated in the same order,"chu kỳ, vòng tuần hoàn",không,,Root gốc
observe,verb,to watch or notice carefully,quan sát,không,,Root gốc
wit,noun,mental sharpness and inventiveness; understanding,"trí khôn, sự hiểu biết",không,,Root gốc
worm,noun,"a small, elongated, limbless invertebrate","con giun, sâu",không,,Root gốc
copy,noun,a thing made to be similar or identical to another,bản sao,không,,Root gốc
touch,verb,to bring one's hand or another part of the body into contact with something,"chạm, đụng vào",không,,Root gốc
soft,adjective,"easy to mold, cut, or fold; not hard or firm",mềm,không,,Root gốc
join,verb,to link or connect together,"nối, gia nhập",không,,Root gốc
case,noun,an instance or example of something; a container,"trường hợp, hộp đựng",không,,Root gốc
kind,adjective,"having a friendly, generous, and considerate nature","tử tế, tốt bụng",không,,Root gốc
coat,noun,an outer garment worn for warmth or protection,áo khoác,không,,Root gốc
bar,noun,"a rigid piece of material, longer than it is wide","thanh, thanh chắn",không,,Root gốc
color,noun,the property of an object that produces different sensations of light,màu sắc,không,,Root gốc
pity,noun,a feeling of sorrow for another's suffering,lòng thương xót,không,,Root gốc
continue,verb,to persist in an activity or process,tiếp tục,không,,Root gốc
educate,verb,"to give intellectual, moral, or social instruction to",giáo dục,không,,Root gốc
star,noun,a fixed luminous point in the night sky,ngôi sao,không,,Root gốc
norm,noun,a standard or pattern regarded as typical,"chuẩn mực, quy tắc thông thường",không,,Root gốc
red,adjective,"of the color at the end of the spectrum next to orange, like blood",màu đỏ,không,,Root gốc
table,noun,a piece of furniture with a flat top and legs,cái bàn,không,,Root gốc
figure,noun,a number; a shape; a person's bodily form,"hình dạng, con số",không,,Root gốc
fit,adjective,"suitable, appropriate, or in good physical condition","vừa vặn, phù hợp, khỏe mạnh",không,,Root gốc
turn,verb,to move around an axis or center; to change direction,"quay, xoay, rẽ",không,,Root gốc
fact,noun,a thing that is known or proved to be true,"sự thật, sự kiện",không,,Root gốc
see,verb,to perceive with the eyes,nhìn thấy,không,,Root gốc
seed,noun,the reproductive part of a plant that can grow into a new one,hạt giống,không,,Root gốc
empire,noun,a group of countries or peoples ruled by a single supreme authority,"đế chế, đế quốc",không,imper,Root gốc
with,preposition,accompanied by or in the company of,"với, cùng với",không,,Root gốc
slip,verb,to slide accidentally and lose one's balance or footing,"trượt, trượt chân",không,,Root gốc
bill,noun,"a printed or written statement of money owed, or a notice/poster","hóa đơn, tờ yết thị",không,,Root gốc
green,adjective,"of the color between blue and yellow, like grass",màu xanh lá,không,,Root gốc
match,noun,a contest in which people compete; a thing that corresponds to another,"trận đấu, sự phù hợp",không,,Root gốc
mature,adjective,fully developed physically or mentally,"trưởng thành, chín muồi",không,,Root gốc
train,verb,to teach a skill through regular practice and instruction,"huấn luyện, đào tạo",không,,Root gốc
build,verb,to construct by putting parts together,xây dựng,không,,Root gốc
neck,noun,the part of the body connecting the head to the shoulders,cổ,không,,Root gốc
possess,verb,to have or own something,"sở hữu, có",không,,Root gốc
proof,noun,evidence sufficient to establish a thing as true,bằng chứng,không,,Root gốc
pure,adjective,not mixed or adulterated with any other substance,"tinh khiết, trong sạch",không,,Root gốc
horn,noun,a hard pointed growth on the head of certain animals,sừng,không,,Root gốc
there,adverb,"in, at, or to that place","ở đó, nơi đó",không,,Root gốc
audio,noun,"sound, especially when recorded, transmitted, or reproduced",âm thanh,không,aud,Root gốc
believe,verb,to accept something as true,"tin, tin tưởng",không,,Root gốc
transit,noun,the act of passing through or across a place,"sự quá cảnh, sự đi qua",không,,Root gốc
pole,noun,a long slender rounded piece of wood or metal,"cây cột, sào",không,,Root gốc
six,numeral,the number 6,số sáu,không,,Root gốc
author,noun,a person who writes a book or article; an originator of an idea or plan,"người viết sách hay bài báo; người khởi xướng, sáng lập ra điều gì đó",không,,Root gốc
flow,verb,to move steadily and continuously in a current,"chảy, trôi chảy liên tục",không,,Root gốc
photo,noun,a photograph; a picture made using a camera,"bức ảnh, tấm hình chụp bằng máy ảnh",không,,Root gốc
differ,verb,to be unlike or disagree with something,"khác nhau, bất đồng với điều gì đó",không,,Root gốc
pipe,noun,a tube through which liquid or gas flows,"ống dẫn nước, khí",không,,Root gốc
gas,noun,"a substance in a gaseous state, often used as fuel","khí, chất khí; nhiên liệu dạng khí",không,,Root gốc
end,noun,the final part or point of something,"phần cuối, điểm kết thúc của điều gì đó",không,,Root gốc
critic,noun,"a person who judges or evaluates something, especially art or writing","nhà phê bình, người đánh giá tác phẩm nghệ thuật hoặc sách vở",không,,Root gốc
nut,noun,a hard-shelled fruit or seed with an edible kernel,"quả hạch, hạt có vỏ cứng",không,,Root gốc
hang,verb,to attach or suspend something from above,"treo, mắc lên",không,,Root gốc
fix,verb,to repair something or fasten it firmly in place,"sửa chữa; gắn chặt, cố định",không,,Root gốc
protect,verb,to keep someone or something safe from harm,"bảo vệ, che chở khỏi nguy hiểm",không,,Root gốc
sport,noun,a physical activity done for competition or enjoyment,"môn thể thao, hoạt động thể chất mang tính thi đấu hoặc giải trí",không,,Root gốc
rail,noun,"a bar fixed as a support or barrier, or a track for trains","thanh chắn, tay vịn; đường ray xe lửa",không,,Root gốc
pair,noun,two things of the same kind used together,"một cặp, hai vật cùng loại đi với nhau",không,,Root gốc
charge,noun,"an amount of money asked for something, or a responsibility given to someone",khoản phí phải trả; trách nhiệm được giao phó,không,,Root gốc
read,verb,to look at written words and understand their meaning,"đọc, hiểu nội dung chữ viết",không,,Root gốc
blue,adjective,having the color of a clear sky,"có màu xanh lam, xanh da trời",không,,Root gốc
bare,adjective,not covered by clothing or anything else,"trần, để lộ, không che phủ",không,,Root gốc
advise,verb,to give someone advice or recommendations,"khuyên bảo, tư vấn cho ai đó",không,,Root gốc
shake,verb,to move quickly and forcefully up and down or side to side,"lắc, rung, làm rung chuyển",không,,Root gốc
ice,noun,water frozen into a solid state,"băng, nước đóng đá",không,,Root gốc
shame,noun,a painful feeling of guilt or embarrassment,"cảm giác xấu hổ, hổ thẹn",không,,Root gốc
brush,noun,"a tool with bristles used for cleaning, painting, or grooming","bàn chải, cây cọ",không,,Root gốc
live,verb,"to be alive, or to reside somewhere","sống, sinh sống",không,,Root gốc
ease,noun,"freedom from difficulty, effort, or discomfort","sự dễ dàng, thoải mái, không khó khăn",không,,Root gốc
sacro,,"holy, sacred; relating to religious ritual","thiêng liêng, thần thánh; liên quan đến nghi lễ tôn giáo",có,sacr,Root gốc
minister,noun,"a senior government official, or a member of the clergy who serves a religious congregation",bộ trưởng; mục sư phục vụ giáo đoàn,không,,Root gốc
round,adjective,shaped like a circle or ball,"tròn, có hình dạng như một vòng tròn",không,,Root gốc
rose,noun,a fragrant flower that usually has thorns,hoa hồng,không,,Root gốc
dress,noun,"a piece of clothing worn by a woman or girl, or clothing in general","váy, đầm; trang phục nói chung",không,,Root gốc
war,noun,an armed conflict between countries or groups,"chiến tranh, xung đột vũ trang",không,,Root gốc
attend,verb,"to be present at an event, or to look after someone","tham dự một sự kiện; chăm sóc, phục vụ ai đó",không,,Root gốc
distinct,adjective,recognizably different or separate,"riêng biệt, khác biệt rõ ràng",không,,Root gốc
miss,,to send,"gửi, phái đi",có,mit,Root gốc
fair,adjective,just and treating everyone equally,"công bằng, đối xử bình đẳng",không,,Root gốc
faith,noun,strong belief or trust in someone or something,"niềm tin, lòng tin tưởng",không,,Root gốc
sale,noun,the act of selling something,"việc bán hàng, sự mua bán",không,,Root gốc
vital,adjective,absolutely necessary; relating to life,"quan trọng, thiết yếu; thuộc về sự sống",không,,Root gốc
mobile,adjective,able to move or be moved easily,có thể di chuyển hoặc di động dễ dàng,không,,Root gốc
explain,verb,to make something clear or give reasons for it,"giải thích, làm rõ điều gì đó",không,,Root gốc
mill,noun,a building or machine for grinding grain,"cối xay, nhà máy xay xát",không,,Root gốc
rest,noun,a period of relaxation or sleep,"sự nghỉ ngơi, thời gian thư giãn",không,,Root gốc
courage,noun,the ability to face danger or difficulty without fear,"lòng dũng cảm, sự can đảm",không,,Root gốc
sleep,verb,to rest with the eyes closed and the mind unconscious,"ngủ, nghỉ ngơi trong trạng thái vô thức",không,,Root gốc
date,noun,a specific day given by a number in a month,ngày tháng cụ thể,không,,Root gốc
breath,noun,the air taken into and let out of the lungs,"hơi thở, luồng không khí hít vào thở ra",không,,Root gốc
tent,,to stretch out or hold firmly; to aim toward,"kéo căng, hướng tới; nắm giữ chặt",có,"tend, tain",Root gốc
born,adjective,having come into life through birth,"được sinh ra, chào đời",không,,Root gốc
cake,noun,"a sweet food made by baking a mixture of flour, eggs, and sugar",bánh ngọt,không,,Root gốc
noble,adjective,"belonging to the aristocracy, or having high moral qualities","thuộc tầng lớp quý tộc; cao quý, có phẩm chất tốt đẹp",không,,Root gốc
thought,noun,an idea or opinion produced by thinking,"suy nghĩ, ý nghĩ",không,,Root gốc
manage,verb,to be in charge of and make decisions about something,"quản lý, điều hành",không,,Root gốc
occupy,verb,"to live in, fill, or take control of a place","chiếm giữ, cư trú, sử dụng một nơi",không,,Root gốc
plate,noun,"a flat dish or thin sheet, usually of metal","cái đĩa; tấm, bản mỏng thường bằng kim loại",không,,Root gốc
grow,verb,to increase in size or develop over time,"lớn lên, phát triển, tăng trưởng",không,,Root gốc
conscious,adjective,aware of and responding to one's surroundings,"có ý thức, tỉnh táo, nhận biết được",không,,Root gốc
song,noun,a piece of music with words that is sung,bài hát,không,,Root gốc
shot,noun,"the act of firing a gun, or a single discharge","phát súng, cú bắn",không,,Root gốc
oil,noun,"a thick, greasy liquid used as fuel or lubricant","dầu, chất lỏng dùng làm nhiên liệu hoặc bôi trơn",không,,Root gốc
honor,noun,"great respect, or a strong sense of what is morally right","danh dự, sự tôn trọng; ý thức đạo đức cao",không,,Root gốc
father,noun,a male parent,người cha,không,,Root gốc
flower,noun,the colorful part of a plant that produces seeds,hoa,không,,Root gốc
spot,noun,"a small round mark, or a particular place","đốm, chấm; một địa điểm cụ thể",không,,Root gốc
here,adverb,"in, at, or to this place","ở đây, tại nơi này",không,,Root gốc
collect,verb,to gather things together from different places,"thu thập, tập hợp lại",không,,Root gốc
edit,verb,to prepare written material for publication by correcting and revising it,"biên tập, chỉnh sửa văn bản trước khi xuất bản",không,,Root gốc
some,determiner,an unspecified amount or number of,"một số, một vài",không,,Root gốc
shoe,noun,an outer covering for the foot,"giày, vật dụng bảo vệ bàn chân",không,,Root gốc
spring,noun,"the season after winter, or a coiled metal device",mùa xuân; lò xo,không,,Root gốc
plant,noun,"a living organism that grows in soil, typically with leaves","cây, thực vật",không,,Root gốc
plane,noun,"an aircraft, or a flat surface",máy bay; mặt phẳng,không,,Root gốc
hot,adjective,having a high temperature,"nóng, có nhiệt độ cao",không,,Root gốc
friend,noun,a person one knows and likes,"bạn bè, người quen thân thiết",không,,Root gốc
rational,adjective,based on reason or logic,"hợp lý, dựa trên lý trí",không,,Root gốc
dust,noun,fine particles of matter that settle on surfaces,bụi,không,,Root gốc
stop,verb,to bring movement or activity to an end,"dừng lại, ngừng lại",không,,Root gốc
flat,adjective,"having a level, even surface without curves","phẳng, bằng phẳng",không,,Root gốc
name,noun,a word by which a person or thing is known,tên gọi,không,,Root gốc
tea,noun,a hot drink made by infusing dried leaves in water,trà,không,,Root gốc
pack,noun,a bag or bundle of things carried together,"gói, kiện; ba lô",không,,Root gốc
list,noun,a series of names or items written down,danh sách,không,,Root gốc
cause,noun,"a person, thing, or event that makes something happen","nguyên nhân, lý do",không,,Root gốc
string,noun,a thin cord used for tying or fastening,"sợi dây, sợi chỉ",không,,Root gốc
cheer,noun,a shout of encouragement or approval,tiếng hò reo cổ vũ; sự vui vẻ,không,,Root gốc
stream,noun,"a small narrow river, or a continuous flow",dòng suối; dòng chảy liên tục,không,,Root gốc
limit,noun,the greatest amount or extent allowed,"giới hạn, mức tối đa cho phép",không,,Root gốc
cap,noun,"a soft flat hat, or a covering for the top of something",mũ lưỡi trai; nắp đậy,không,,Root gốc
brain,noun,the organ inside the head used for thinking,"não, bộ óc",không,,Root gốc
mother,noun,a female parent,người mẹ,không,,Root gốc
measure,verb,"to find the size, amount, or degree of something","đo lường, xác định kích thước hoặc mức độ",không,,Root gốc
expect,verb,to think that something will happen,"mong đợi, kỳ vọng điều gì sẽ xảy ra",không,,Root gốc
exist,verb,to have actual being or reality,"tồn tại, hiện hữu",không,,Root gốc
valid,adjective,legally or officially acceptable; well-grounded,"hợp lệ, có căn cứ vững chắc",không,,Root gốc
will,noun,a strong desire or intention to do something,"ý chí, ý muốn mạnh mẽ",không,,Root gốc
agree,verb,to have the same opinion as someone else,"đồng ý, tán thành",không,,Root gốc
wing,noun,a part of a bird or aircraft used for flying,"cánh chim, cánh máy bay",không,,Root gốc
admit,verb,"to confess something, or to allow someone to enter",thừa nhận; cho phép vào,không,,Root gốc
metal,noun,"a hard, shiny material such as iron or gold",kim loại,không,,Root gốc
whole,adjective,"complete, with nothing missing","toàn bộ, đầy đủ, không thiếu phần nào",không,,Root gốc
about,preposition,"concerning, or approximately","về, liên quan đến; khoảng chừng",không,,Root gốc
able,adjective,having the power or skill to do something,có khả năng làm điều gì đó,không,,Root gốc
dispute,verb,"to argue about something, questioning its truth","tranh cãi, tranh luận về điều gì đó",không,,Root gốc
do,verb,to perform or carry out an action,"làm, thực hiện một hành động",không,,Root gốc
mine,noun,an excavation in the ground for extracting minerals,mỏ khai thác khoáng sản,không,,Root gốc
fold,verb,to bend something over on itself,"gấp, gập lại",không,,Root gốc
fresh,adjective,newly made or obtained; not stale,"tươi mới, mới mẻ",không,,Root gốc
circle,noun,a round shape with all points the same distance from the center,"hình tròn, vòng tròn",không,,Root gốc
civil,adjective,"relating to ordinary citizens, or polite","thuộc về công dân, dân sự; lịch sự",không,,Root gốc
pick,verb,to choose or select something,"chọn, lựa chọn",không,,Root gốc
clear,adjective,easy to see through or understand,"rõ ràng, trong suốt, dễ hiểu",không,,Root gốc
carbon,noun,"a chemical element found in coal, diamonds, and all living things","cacbon, một nguyên tố hóa học",không,,Root gốc
industry,noun,economic activity concerned with producing goods,"ngành công nghiệp, hoạt động sản xuất",không,,Root gốc
inform,verb,to give someone information about something,"thông báo, cung cấp thông tin cho ai đó",không,,Root gốc
care,noun,serious attention or worry; the provision of what is needed for someone,"sự quan tâm, chăm sóc; sự lo lắng",không,,Root gốc
tax,noun,money paid to the government based on income or purchases,thuế,không,,Root gốc
know,verb,to have information or understanding in one's mind,"biết, hiểu rõ điều gì đó",không,,Root gốc
sweet,adjective,having the taste of sugar; pleasant,"ngọt; dễ chịu, đáng yêu",không,,Root gốc
open,adjective,not closed or shut,"mở, không đóng",không,,Root gốc
still,adjective,not moving; remaining calm,"yên tĩnh, đứng yên, không chuyển động",không,,Root gốc
tight,adjective,"fitting closely, leaving no slack","chật, khít, căng",không,,Root gốc
key,noun,a metal object used to lock or unlock something,chìa khóa,không,,Root gốc
storm,noun,a violent disturbance of the atmosphere with strong wind and rain,"cơn bão, giông tố",không,,Root gốc
iron,noun,"a strong, hard metal, or a device for pressing clothes",sắt; bàn ủi dùng để là quần áo,không,,Root gốc
strain,verb,to injure or stretch by overexertion; to make a great effort,"làm căng, kéo căng quá mức; cố gắng hết sức",không,,Root gốc
reason,noun,a cause or explanation for something; the power of rational thought,"lý do, nguyên nhân; khả năng suy luận",không,,Root gốc
rain,noun,water falling from clouds in drops,mưa,không,,Root gốc
drop,noun,a small amount of liquid that falls in a rounded shape,"giọt nước, giọt chất lỏng",không,,Root gốc
ear,noun,the organ used for hearing,"tai, cơ quan thính giác",không,,Root gốc
flame,noun,the visible part of a fire,ngọn lửa,không,,Root gốc
rock,noun,a hard solid mineral material forming part of the earth's surface,"đá, tảng đá",không,,Root gốc
escape,verb,to get free from confinement or danger,"trốn thoát, thoát khỏi nguy hiểm",không,,Root gốc
fast,adjective,"firmly fixed in place; also, moving quickly","được giữ chặt, cố định; nghĩa khác là nhanh, mau lẹ",không,,Root gốc
wire,noun,a thin strand of metal used to carry electricity or for fastening,"dây điện, dây kim loại",không,,Root gốc
shine,verb,to give out or reflect light brightly,"chiếu sáng, tỏa sáng",không,,Root gốc
stage,noun,"a raised platform for performances, or a point in a process",sân khấu; giai đoạn trong một quá trình,không,,Root gốc
bug,noun,"a small insect, or a fault in a system",côn trùng nhỏ; lỗi trong hệ thống hoặc phần mềm,không,,Root gốc
five,numeral,the number equal to 4 plus 1,số năm (5),không,,Root gốc
sound,noun,a sensation perceived by the ear; something heard,âm thanh,không,,Root gốc
speed,noun,the rate at which something moves or happens,tốc độ,không,,Root gốc
connect,verb,to join or link two or more things together,"kết nối, liên kết",không,,Root gốc
gate,noun,a barrier at an opening in a wall or fence,"cổng, cửa ở tường rào",không,,Root gốc
gentle,adjective,"having or showing a mild, kind temperament","hiền lành, nhẹ nhàng, dịu dàng",không,,Root gốc
develop,verb,to grow or change into a more advanced state,"phát triển, mở mang",không,,Root gốc
help,verb,to make it easier for someone to do something; to assist,"giúp đỡ, hỗ trợ",không,,Root gốc
shift,verb,"to move or change from one position, direction, or state to another","dịch chuyển, thay đổi",không,,Root gốc
catch,verb,to seize or capture something that is moving,"bắt, chụp lấy",không,,Root gốc
stable,adjective,not likely to change or fail; firmly fixed,"ổn định, vững chắc",không,,Root gốc
formal,adjective,following accepted rules or customs; official in manner,"trang trọng, chính thức",không,,Root gốc
question,noun,a sentence or phrase used to find out information,"câu hỏi, vấn đề",không,,Root gốc
logic,noun,reasoning conducted or assessed according to strict principles of validity,"logic, lý lẽ, lập luận",không,,Root gốc
crack,verb,"to break without full separation of parts, leaving a line","nứt, rạn, vỡ",không,,Root gốc
bind,verb,to tie or fasten tightly together,"buộc, ràng buộc, kết dính",không,,Root gốc
birth,noun,the emergence of a baby from its mother's body,"sự ra đời, sự sinh ra",không,,Root gốc
legal,adjective,"relating to, based on, or permitted by law","hợp pháp, thuộc về pháp luật",không,,Root gốc
think,verb,to use one's mind to consider or form an opinion about something,"suy nghĩ, nghĩ",không,,Root gốc
wave,noun,"a moving ridge of water, or a curving swell of motion","sóng, làn sóng",không,,Root gốc
nine,numeral,the number 9,số chín,không,,Root gốc
near,adjective,close to in distance or time; not far away,"gần, gần kề",không,,Root gốc
trap,noun,"a device for catching an animal, or a trick to deceive someone","cái bẫy, bẫy",không,,Root gốc
call,verb,"to say something loudly, or to contact someone by phone","gọi, kêu gọi",không,,Root gốc
treat,verb,to behave towards someone or something in a particular way; to deal with medically,"đối xử, điều trị",không,,Root gốc
beast,noun,a large or dangerous four-footed animal,"con thú, dã thú",không,,Root gốc
bell,noun,a hollow metal instrument that makes a ringing sound when struck,cái chuông,không,,Root gốc
dead,adjective,no longer alive,"chết, không còn sống",không,,Root gốc
simple,adjective,easily understood or done; not complicated,đơn giản,không,,Root gốc
present,adjective,existing or occurring now; being in a particular place,"hiện tại, có mặt",không,,Root gốc
cover,verb,to place something over or in front of something else to protect or hide it,"che, phủ, bao phủ",không,,Root gốc
count,verb,to determine the total number of; to say numbers in order,"đếm, tính đếm",không,,Root gốc
market,noun,a regular gathering of people for the buying and selling of goods,"chợ, thị trường",không,,Root gốc
material,noun,the matter from which something is made; fabric,"vật liệu, chất liệu",không,,Root gốc
arrange,verb,to put things into a particular order; to plan or organize,"sắp xếp, tổ chức",không,,Root gốc
view,noun,the ability to see something from a place; a personal opinion,"tầm nhìn, quan điểm",không,,Root gốc
wake,verb,"to stop sleeping, or to cause someone to stop sleeping","thức dậy, đánh thức",không,,Root gốc
safe,adjective,protected from danger or risk; not likely to cause harm,an toàn,không,,Root gốc
rough,adjective,having an uneven or irregular surface; not smooth,"thô, gồ ghề, ráp",không,,Root gốc
behave,verb,to act or conduct oneself in a particular way,"cư xử, hành xử",không,,Root gốc
waste,verb,to use carelessly or without a useful purpose,"lãng phí, phí phạm",không,,Root gốc
court,noun,a place where legal cases are heard; an enclosed space for a game,"tòa án, sân (thi đấu)",không,,Root gốc
heat,noun,the quality of being hot; high temperature,"nhiệt, sức nóng",không,,Root gốc
cook,verb,to prepare food by applying heat,"nấu ăn, nấu nướng",không,,Root gốc
pretend,verb,to act as if something is true or real when it is not,"giả vờ, giả bộ",không,,Root gốc
any,determiner,"used to refer to one, some, or all of a thing, no matter how much or how many","bất kỳ, bất cứ",không,,Root gốc
family,noun,a group of people related by blood or marriage,gia đình,không,,Root gốc
salt,noun,a white crystalline substance used to season or preserve food,muối,không,,Root gốc
mad,adjective,"mentally ill, extremely foolish, or very angry","điên, giận dữ",không,,Root gốc
full,adjective,containing as much or as many as possible; complete,"đầy, đầy đủ",không,,Root gốc
grave,noun,a hole dug in the ground to bury a dead body,"ngôi mộ, huyệt mộ",không,,Root gốc
holy,adjective,dedicated to God or a religious purpose; sacred,"thiêng liêng, thánh thiện",không,,Root gốc
hill,noun,"a naturally raised area of land, smaller than a mountain","đồi, ngọn đồi",không,,Root gốc
contract,noun,a written or spoken agreement that is legally binding,"hợp đồng, khế ước",không,,Root gốc
devil,noun,an evil spirit; the chief evil spirit in Christian belief,"quỷ, ác quỷ",không,,Root gốc
good,adjective,having desirable or positive qualities; not bad,tốt,không,,Root gốc
speak,verb,to say words in order to communicate,"nói, phát biểu",không,,Root gốc
town,noun,"a populated area, larger than a village and smaller than a city",thị trấn,không,,Root gốc
track,noun,"a rough path, or a mark left behind by something that has passed","đường mòn, dấu vết",không,,Root gốc
mail,noun,letters and packages sent through the postal system,"thư từ, bưu phẩm",không,,Root gốc
so,adverb,"to such a great extent; therefore, as a result","như vậy, đến mức, vì thế",không,,Root gốc
sky,noun,the region of the atmosphere and outer space seen from the earth,bầu trời,không,,Root gốc
dear,adjective,regarded with deep affection; precious,"thân yêu, quý mến",không,,Root gốc
profit,noun,"financial gain, especially the excess of returns over expenditure",lợi nhuận,không,,Root gốc
handle,noun,"a part of an object by which it is held, carried, or controlled","cái cán, tay cầm",không,,Root gốc
condition,noun,"the state that something is in, or a requirement that must be met","điều kiện, tình trạng",không,,Root gốc
moon,noun,the natural satellite that orbits the earth,mặt trăng,không,,Root gốc
credit,noun,the ability to obtain goods before payment; acknowledgment for an achievement,"tín dụng, sự công nhận",không,,Root gốc
smoke,noun,the visible vapor and gas given off by a burning substance,khói,không,,Root gốc
snap,verb,to break suddenly with a sharp sound; to move or act quickly,"bẻ gãy, chụp nhanh",không,,Root gốc
special,adjective,"better, more important, or different from what is usual",đặc biệt,không,,Root gốc
well,adverb,"in a good, thorough, or satisfactory way","tốt, tốt đẹp",không,,Root gốc
mount,verb,to climb up or get up onto something,"leo lên, cưỡi lên",không,,Root gốc
fight,verb,to take part in a violent struggle against someone,"chiến đấu, đánh nhau",không,,Root gốc
leaf,noun,"a flat, usually green part of a plant growing from a stem","chiếc lá, lá cây",không,,Root gốc
wonder,noun,a feeling of surprise mingled with admiration,"sự kinh ngạc, sự ngạc nhiên",không,,Root gốc
brick,noun,a rectangular block of fired clay used for building,viên gạch,không,,Root gốc
late,adjective,occurring or arriving after the expected or usual time,"trễ, muộn",không,,Root gốc
camp,noun,a place where people live temporarily in tents or huts,"trại, khu cắm trại",không,,Root gốc
bank,noun,a financial institution; the land alongside a river,ngân hàng; bờ sông,không,,Root gốc
ceremony,noun,a formal event held to mark an important occasion,"buổi lễ, nghi lễ",không,,Root gốc
certain,adjective,known for sure; having no doubt,chắc chắn,không,,Root gốc
flash,noun,a sudden brief burst of light,"tia sáng, sự lóe sáng",không,,Root gốc
peace,noun,freedom from war or disturbance; a state of calm,"hòa bình, sự bình yên",không,,Root gốc
carry,verb,to support and move something from one place to another,"mang, vác, chở",không,,Root gốc
switch,noun,a device for making or breaking an electric circuit; a change,công tắc; sự thay đổi,không,,Root gốc
dumb,adjective,unable to speak; (informal) stupid,câm; (khẩu ngữ) ngu ngốc,không,,Root gốc
burn,verb,"to be consumed, damaged, or destroyed by fire","cháy, đốt cháy",không,,Root gốc
interpret,verb,to explain the meaning of something; to translate spoken language,"diễn giải, thông dịch",không,,Root gốc
blind,adjective,unable to see,"mù, không nhìn thấy được",không,,Root gốc
tooth,noun,a hard structure in the mouth used for biting and chewing,cái răng,không,,Root gốc
tire,verb,"to become weary, or to make someone weary","làm mệt mỏi, mệt mỏi",không,,Root gốc
origin,noun,the point or place where something begins,"nguồn gốc, khởi nguồn",không,,Root gốc
own,verb,to have something as one's property; to possess,sở hữu,không,,Root gốc
strong,adjective,having great physical power or force,"mạnh, khỏe mạnh",không,,Root gốc
car,noun,"a road vehicle powered by an engine, used to carry passengers","xe hơi, ô tô",không,,Root gốc
passion,noun,a very strong feeling or enthusiasm about something,"đam mê, niềm say mê",không,,Root gốc
passive,adjective,accepting what happens without resistance; not active,thụ động,không,,Root gốc
compare,verb,to examine two or more things to find their similarities or differences,so sánh,không,,Root gốc
common,adjective,occurring or done often; shared by more than one,"phổ biến, chung",không,,Root gốc
comfort,noun,a state of physical ease and freedom from pain or hardship,"sự thoải mái, tiện nghi",không,,Root gốc
substance,noun,a particular kind of matter with uniform properties,"chất, vật chất",không,,Root gốc
climate,noun,the weather conditions typical of an area over a long period,khí hậu,không,,Root gốc
cite,verb,"to quote a passage or fact as evidence, or refer to it",trích dẫn,không,,Root gốc
found,verb,to establish or set up an institution or organization,"sáng lập, thành lập",không,,Root gốc
four,numeral,the number 4,số bốn,không,,Root gốc
seven,numeral,the number 7,số bảy,không,,Root gốc
sell,verb,to give something to another person in exchange for money,bán,không,,Root gốc
quiet,adjective,making little or no noise; calm,"yên tĩnh, im lặng",không,,Root gốc
quick,adjective,moving fast or done in a short time,"nhanh, mau lẹ",không,,Root gốc
purpose,noun,"the reason for which something is done, created, or exists",mục đích,không,,Root gốc
single,adjective,only one; not accompanied by others; not married,"đơn, độc thân",không,,Root gốc
fear,noun,"an unpleasant emotion caused by the threat of danger, pain, or harm","sự sợ hãi, nỗi sợ",không,,Root gốc
season,noun,one of the four divisions of the year marked by weather changes,mùa,không,,Root gốc
by,preposition,identifying the agent performing an action; near or beside,"bởi, bên cạnh",không,,Root gốc
tender,adjective,"gentle and kind; easily hurt, damaged, or bruised","dịu dàng, mềm mại, nhạy cảm",không,,Root gốc
lead,verb,to guide or show the way to someone; to be in charge of,"dẫn dắt, lãnh đạo",không,,Root gốc
wide,adjective,measuring a large distance from side to side,rộng,không,,Root gốc
employ,verb,to give work to someone in return for payment,"thuê, tuyển dụng",không,,Root gốc
warm,adjective,having a moderately high temperature; friendly and affectionate,"ấm, ấm áp",không,,Root gốc
judge,verb,to form an opinion about someone or something; to decide a legal case,"phán xét, xét xử",không,,Root gốc
finger,noun,one of the five slender parts extending from the hand,ngón tay,không,,Root gốc
wrong,adjective,not correct or true; morally bad,"sai, sai trái",không,,Root gốc
wheel,noun,a circular object that revolves on an axle to allow movement,bánh xe,không,,Root gốc
bread,noun,"a staple food made from flour, water, and yeast, baked",bánh mì,không,,Root gốc
moral,adjective,concerned with the principles of right and wrong behavior,đạo đức,không,,Root gốc
teen,,"an Old English numeral suffix meaning 'ten more', used to form the numbers 13-19","hậu tố chỉ số đếm từ 13 đến 19, nghĩa là 'mười' (cộng thêm)",có,,Root gốc
wife,noun,"a married woman, considered in relation to her spouse",vợ,không,,Root gốc
fate,noun,the development of events beyond a person's control; destiny,"số phận, định mệnh",không,,Root gốc
fat,adjective,having a large amount of excess flesh; containing much fat,"béo, mập",không,,Root gốc
scope,,"to look at, watch, or examine closely (from Greek skopein)","nhìn, xem xét, quan sát",có,,Root gốc
fault,noun,an unattractive or unsatisfactory feature; responsibility for wrongdoing,"lỗi, khuyết điểm",không,,Root gốc
office,noun,a room or building where people work at desks; a position of authority,văn phòng; chức vụ,không,,Root gốc
polite,adjective,having good manners; courteous and respectful,lịch sự,không,,Root gốc
shop,noun,a place where goods or services are sold,cửa hàng,không,,Root gốc
shore,noun,"the land along the edge of a sea, lake, or river","bờ biển, bờ hồ",không,,Root gốc
gain,verb,to obtain or get something wanted or beneficial,"đạt được, thu được",không,,Root gốc
hook,noun,a curved piece of metal or plastic used for catching or hanging things,cái móc,không,,Root gốc
stall,noun,a small stand or booth where goods are sold or animals are kept,"quầy hàng, sạp hàng; chuồng",không,,Root gốc
spoil,verb,"to diminish or destroy the value, quality, or pleasure of something","làm hỏng, phá hỏng",không,,Root gốc
hero,noun,a person admired for great courage or noble qualities,anh hùng,không,,Root gốc
shoot,verb,"to fire a weapon or hit with a bullet, arrow, or similar","bắn, bắn súng",không,,Root gốc
luck,noun,success or failure brought about by chance rather than by effort,"may mắn, vận may",không,,Root gốc
low,adjective,not high or tall; below the average level,thấp,không,,Root gốc
ring,noun,"a small circular band, often worn on a finger; a circular shape","chiếc nhẫn, vòng tròn",không,,Root gốc
wall,noun,"a vertical structure that divides, supports, or encloses an area",bức tường,không,,Root gốc
ride,verb,to sit on and control the movement of an animal or vehicle,"cưỡi, đi (xe)",không,,Root gốc
event,noun,"a thing that happens, especially one of importance",sự kiện,không,,Root gốc
adapt,verb,to make or become suitable for a new use or situation,"thích nghi, điều chỉnh",không,,Root gốc
roll,verb,to move by turning over and over on an axis,"lăn, cuộn tròn",không,,Root gốc
exact,adjective,precise and accurate in every detail,"chính xác, đúng đắn",không,,Root gốc
assert,verb,to state something confidently and forcefully as being true,"khẳng định, quả quyết",không,,Root gốc
rub,verb,to move something back and forth against a surface with pressure,"chà, cọ, xát",không,,Root gốc
shirt,noun,"a garment for the upper body, typically with a collar and sleeves",áo sơ mi,không,,Root gốc
main,adjective,"chief in size, extent, or importance; principal","chính, chủ yếu",không,,Root gốc
guide,verb,to show someone the way or lead them,"dẫn đường, hướng dẫn",không,,Root gốc
loose,adjective,not firmly fixed or fastened in place; not tight,"lỏng, lỏng lẻo",không,,Root gốc
lord,noun,"a person who has power and authority over others, especially a nobleman","chúa, lãnh chúa",không,,Root gốc
grade,noun,"a level of rank, quality, or value","cấp bậc, hạng, điểm số",không,,Root gốc
gross,adjective,very obvious or unattractive; the total amount before deductions,"thô, tổng cộng, quá mức",không,,Root gốc
solid,adjective,firm and stable in shape; not liquid or gaseous,"rắn, đặc, vững chắc",không,,Root gốc
country,noun,a nation with its own government and territory,"đất nước, quốc gia, vùng nông thôn",không,,Root gốc
modern,adjective,relating to the present time or recent times,hiện đại,không,,Root gốc
fame,noun,the state of being known or talked about by many people,"danh tiếng, sự nổi tiếng",không,,Root gốc
weak,adjective,lacking physical strength or power,"yếu, yếu đuối",không,,Root gốc
angle,noun,"the space between two intersecting lines or surfaces, measured in degrees",góc,không,,Root gốc
wear,verb,to have something on one's body as clothing or covering,"mặc, mang, đeo",không,,Root gốc
week,noun,a period of seven days,tuần,không,,Root gốc
health,noun,the state of being free from illness or injury,sức khỏe,không,,Root gốc
death,noun,the end of life; the permanent cessation of vital functions,cái chết,không,,Root gốc
pronounce,verb,to make the sound of a word or letter in a particular way,phát âm,không,,Root gốc
dark,adjective,with little or no light,"tối, tối tăm",không,,Root gốc
small,adjective,of a size that is less than normal or usual,"nhỏ, bé",không,,Root gốc
music,noun,the art of arranging sounds in a pleasing sequence,âm nhạc,không,,Root gốc
imagine,verb,to form a mental image or concept of something,tưởng tượng,không,,Root gốc
code,noun,"a system of words, letters, or symbols used to represent information","mã, quy tắc",không,,Root gốc
block,noun,a large solid piece of hard material; something that obstructs,"khối, vật cản",không,,Root gốc
tie,verb,"to fasten or secure something with a cord, string, or rope","buộc, thắt",không,,Root gốc
one,numeral,the number 1; a single unit,"một, số một",không,,Root gốc
lift,verb,to raise something to a higher position,"nâng, nhấc lên",không,,Root gốc
paint,noun,a colored substance applied to a surface to decorate or protect it,sơn,không,,Root gốc
pain,noun,physical suffering or discomfort caused by illness or injury,sự đau đớn,không,,Root gốc
pale,adjective,"light in color, especially of a person's face","nhợt nhạt, xanh xao",không,,Root gốc
pan,noun,"a flat container with a handle, used for cooking",cái chảo,không,,Root gốc
king,noun,"a male ruler of an independent state, especially by inheritance",vua,không,,Root gốc
rare,adjective,not occurring very often; uncommon,"hiếm, hiếm có",không,,Root gốc
straight,adjective,extending in one direction without a curve or bend,thẳng,không,,Root gốc
draw,verb,to produce a picture by making lines; to pull something toward oneself,"vẽ; kéo, rút ra",không,,Root gốc
folk,noun,"people in general, especially those of a particular group","dân gian, mọi người",không,,Root gốc
secure,adjective,free from danger or threat; firmly fixed,"an toàn, chắc chắn",không,,Root gốc
symbol,noun,"a mark, sign, or object that represents something else",biểu tượng,không,,Root gốc
system,noun,a set of connected parts working together as a whole,hệ thống,không,,Root gốc
patch,noun,a small piece of material used to cover or mend a hole,miếng vá,không,,Root gốc
rate,noun,"a measure, quantity, or frequency measured against another","tỷ lệ, tốc độ",không,,Root gốc
select,verb,to carefully choose something from a group of others,"chọn lọc, lựa chọn",không,,Root gốc
diverse,adjective,showing a great deal of variety; very different,đa dạng,không,,Root gốc
provoke,verb,"to stimulate or bring about a reaction, especially anger","khiêu khích, kích động",không,,Root gốc
sincere,adjective,free from pretense or deceit; genuine in feeling,chân thành,không,,Root gốc
public,adjective,"of, concerning, or open to the people as a whole","công cộng, thuộc về công chúng",không,,Root gốc
qualify,verb,to become entitled to something by fulfilling a condition,"đủ điều kiện, đạt tiêu chuẩn",không,,Root gốc
franchise,noun,"a right or privilege granted, especially the right to vote","quyền (đặc biệt quyền bầu cử), đặc quyền",không,,Root gốc
shape,noun,the external form or outline of something,hình dạng,không,,Root gốc
permit,verb,to give official authorization or consent for something,cho phép,không,,Root gốc
penny,noun,a small coin or unit of currency,"đồng xu, đồng penny",không,,Root gốc
ideal,adjective,most suitable; representing perfection,lý tưởng,không,,Root gốc
coast,noun,the land next to or close to the sea,bờ biển,không,,Root gốc
final,adjective,coming at the end; last in a series,cuối cùng,không,,Root gốc
favour,noun,"approval, support, or liking for something","sự ưu ái, thiện cảm",không,,Root gốc
wise,adjective,having or showing good judgment based on knowledge and experience,"khôn ngoan, thông thái",không,,Root gốc
tear,noun,a drop of liquid that forms in and falls from the eye,nước mắt,không,,Root gốc
three,numeral,the number 3,"ba, số ba",không,,Root gốc
thing,noun,"an object, entity, or matter that is not specifically named","vật, điều, thứ",không,,Root gốc
butter,noun,"a fatty substance made by churning cream, used as food",bơ,không,,Root gốc
bitter,adjective,"having a sharp, unpleasant taste; feeling or showing resentment","đắng, cay đắng",không,,Root gốc
tell,verb,to communicate information to someone in words,"kể, nói cho biết",không,,Root gốc
thank,verb,to express gratitude to someone,cảm ơn,không,,Root gốc
battle,noun,a sustained fight between armed forces,trận chiến,không,,Root gốc
ego,noun,a person's sense of self-esteem or self-importance,"cái tôi, bản ngã",không,,Root gốc
need,noun,a requirement or necessity for something,"nhu cầu, sự cần thiết",không,,Root gốc
bath,noun,an act of washing the body in water; a container for this,"sự tắm, bồn tắm",không,,Root gốc
bore,verb,"to make a hole by drilling; also, to make someone feel weary and uninterested","khoan, đục lỗ; làm nhàm chán",không,,chưa chắc chắn - cần rà tay
lamp,noun,a device that produces light,cái đèn,không,,Root gốc
nerve,noun,a fiber that carries impulses between the brain and body; courage,"dây thần kinh, sự can đảm",không,,Root gốc
world,noun,the earth together with all its countries and people,thế giới,không,,Root gốc
money,noun,a medium of exchange used to buy and sell goods,tiền,không,,Root gốc
moment,noun,a very brief period of time,"khoảnh khắc, thời điểm",không,,Root gốc
meat,noun,the flesh of an animal used as food,thịt,không,,Root gốc
basket,noun,"a container made of interwoven strips, used for carrying things","cái giỏ, rổ",không,,Root gốc
bid,verb,to offer an amount of money for something; to command,"ra giá, đấu giá; ra lệnh",không,,Root gốc
merge,verb,to combine or blend two or more things into one,"hợp nhất, sáp nhập",không,,Root gốc
mouth,noun,the opening in the face used for eating and speaking,miệng,không,,Root gốc
motor,noun,a machine that converts energy into motion to provide power,động cơ,không,,Root gốc
rely,verb,to depend on someone or something with full trust,"dựa vào, tin cậy",không,,Root gốc
reside,verb,to live in a particular place permanently or for an extended period,"cư trú, sinh sống",không,,Root gốc
refer,verb,to mention or allude to something; to direct someone to a source,"đề cập, tham khảo, giới thiệu",không,,Root gốc
access,noun,"the means or opportunity to approach, enter, or use something","sự truy cập, lối vào",không,,Root gốc
mode,noun,a way or manner in which something occurs or is done,"chế độ, phương thức",không,,Root gốc
mix,verb,to combine different substances or things so they become one,"trộn, pha trộn",không,,Root gốc
milk,noun,a white liquid produced by mammals to feed their young,sữa,không,,Root gốc
method,noun,a particular way of doing something in an orderly manner,phương pháp,không,,Root gốc
essence,noun,"the intrinsic, fundamental nature of something","bản chất, tinh chất",không,,Root gốc
wild,adjective,"living or growing in a natural state, not domesticated",hoang dã,không,,Root gốc
account,noun,a report or description; a record of financial transactions,"tài khoản, bản tường thuật",không,,Root gốc
represent,verb,"to stand for, symbolize, or act on behalf of someone/something","đại diện, biểu thị",không,,Root gốc
responsible,adjective,having an obligation to do something; accountable for one's actions,có trách nhiệm,không,,Root gốc
translate,verb,to express the meaning of something in another language,"dịch, phiên dịch",không,,Root gốc
mercy,noun,compassion or forgiveness shown toward someone in one's power,"lòng thương xót, sự khoan dung",không,,Root gốc
meal,noun,"an occasion when food is eaten, or the food itself",bữa ăn,không,,Root gốc
excite,verb,to cause someone to feel strong enthusiasm or eagerness,"kích thích, làm hào hứng",không,,Root gốc
urge,noun,a strong desire or impulse to do something,"sự thôi thúc, khát khao",không,,Root gốc
rope,noun,a strong thick cord made of twisted strands,dây thừng,không,,Root gốc
fancy,adjective,elaborate or highly decorated; to like or want something,"hoa mỹ, cầu kỳ; thích, ưa",không,,Root gốc
fare,verb,to travel or journey; to get along or progress,"đi, du hành; diễn tiến (tốt/xấu)",không,,Root gốc
transfer,verb,to move something or someone from one place to another,"chuyển, chuyển giao",không,,Root gốc
accept,verb,to receive something willingly or agree to it,chấp nhận,không,,Root gốc
even,adjective,flat and level; equal or the same; divisible by two,"đều, bằng phẳng, chẵn",không,,Root gốc
age,noun,the length of time a person or thing has existed,"tuổi, thời đại",không,,Root gốc
weather,noun,the state of the atmosphere at a place and time,thời tiết,không,,Root gốc
weird,adjective,strange or bizarre in a way that is unsettling,"kỳ lạ, quái dị",không,,Root gốc
wool,noun,the fine soft curly hair forming the coat of sheep,len,không,,Root gốc
cross,adjective,"annoyed or bad-tempered; also, lying or extending across something","tức giận, cáu kỉnh; (cũng) chéo, ngang qua",không,,Root gốc
sin,noun,"an immoral act, especially one that breaks a religious law",tội lỗi,không,,Root gốc
possible,adjective,able to be done or to happen; capable of existing,"có thể, khả thi",không,,Root gốc
poet,noun,a person who writes poetry,nhà thơ,không,,Root gốc
hope,noun,a feeling of expectation and desire for something to happen,hy vọng,không,,Root gốc
soul,noun,the spiritual or immaterial part of a person,linh hồn,không,,Root gốc
machine,noun,a mechanical device built to perform a task,máy móc,không,,Root gốc
loud,adjective,producing or capable of producing a great deal of noise,"ồn ào, to tiếng",không,,Root gốc
loyal,adjective,"faithful and devoted to a person, cause, or country",trung thành,không,,Root gốc
attract,verb,to draw someone or something toward oneself by appeal,"thu hút, hấp dẫn",không,,Root gốc
bold,adjective,"confident, courageous, and willing to take risks","táo bạo, dũng cảm",không,,Root gốc
drunk,adjective,affected by alcohol to the extent of losing control,say rượu,không,,Root gốc
lie,verb,"to be in or assume a flat, horizontal, or resting position","nằm, ở tư thế nằm",không,,Root gốc
let,verb,to allow or permit something to happen,"cho phép, để cho",không,,Root gốc
letter,noun,a character representing a speech sound; a written message,"chữ cái, lá thư",không,,Root gốc
tip,noun,the pointed or rounded end of something; a small sum given for service; a helpful piece of advice,đầu mút; tiền boa; lời khuyên,không,,Root gốc
to,preposition,"expressing direction toward a place, person, or thing","đến, tới, hướng về",không,,Root gốc
throw,verb,to propel something through the air with force,"ném, quăng",không,,Root gốc
myth,noun,"a traditional story, especially one involving supernatural beings","thần thoại, huyền thoại",không,,Root gốc
nail,noun,a thin pointed piece of metal; the hard covering at the tip of a finger or toe,"cái đinh, móng tay",không,,Root gốc
total,adjective,complete or entire; the whole amount of something,"tổng, toàn bộ",không,,Root gốc
clean,adjective,"free from dirt, marks, or impurities","sạch, sạch sẽ",không,,Root gốc
guilt,noun,the fact of having committed a wrong or offense,"tội lỗi, cảm giác có lỗi",không,,Root gốc
concert,noun,"agreement or harmony of action; also, a musical performance","sự hòa hợp, phối hợp; buổi hòa nhạc",không,,Root gốc
complete,adjective,having all necessary parts; finished,"hoàn chỉnh, đầy đủ",không,,Root gốc
chair,noun,"a seat for one person, typically with a back and four legs",cái ghế,không,,Root gốc
strange,adjective,"unusual, surprising, or unfamiliar","lạ, kỳ lạ",không,,Root gốc
store,noun,a shop; a supply of something kept for future use,"cửa hàng, kho dự trữ",không,,Root gốc
intense,adjective,existing or occurring in an extreme degree; very strong,"mãnh liệt, dữ dội",không,,Root gốc
interest,noun,a feeling of curiosity or concern about something; money paid for the use of money,"sự quan tâm, hứng thú; lãi suất",không,,Root gốc
persuade,verb,to cause someone to believe or do something through reasoning,thuyết phục,không,,Root gốc
suffer,verb,"to experience pain, distress, or hardship","chịu đựng, đau khổ",không,,Root gốc
steep,adjective,having a very sharp slope; rising or falling sharply,"dốc đứng, có độ nghiêng lớn",không,,Root gốc
steady,adjective,"firmly fixed or supported; not shaking, changing steadily","vững chắc, ổn định, đều đặn",không,,Root gốc
steam,noun,the vapor into which water is converted when heated,hơi nước,không,,Root gốc
fool,noun,a person who acts unwisely or lacks good sense,"kẻ ngốc, người khờ dại",không,,Root gốc
noise,noun,"a sound, especially one that is loud or unpleasant","tiếng ồn, âm thanh",không,,Root gốc
nose,noun,the part of the face used for breathing and smelling,mũi,không,,Root gốc
quarter,noun,one of four equal parts of something,một phần tư,không,,Root gốc
boot,noun,a sturdy item of footwear covering the foot and ankle,"giày ống, ủng",không,,Root gốc
lady,noun,"a woman, especially one regarded as being of good social position","quý bà, phụ nữ",không,,Root gốc
large,adjective,of considerable or relatively great size,"to, lớn",không,,Root gốc
breast,noun,the chest area of the human body; either of the two mammary glands,"ngực, bộ ngực",không,,Root gốc
breed,verb,to produce offspring; to raise animals or plants,"sinh sản, nhân giống",không,,Root gốc
second,adjective,coming next after the first in order or time,"thứ hai, đứng ở vị trí thứ hai",không,,Root gốc
thick,adjective,having a large distance between opposite sides; dense,"dày, đặc",không,,Root gốc
bush,noun,a shrub or clump of shrubs with stems of moderate length,bụi cây,không,,Root gốc
push,verb,to exert force on something so as to move it away,đẩy,không,,Root gốc
score,noun,the number of points earned in a game or contest,"điểm số, tỉ số",không,,Root gốc
fine,adjective,of high quality; very thin or delicate; satisfactory,"tốt, đẹp, mịn",không,,Root gốc
fill,verb,to make or become full,"đổ đầy, làm đầy",không,,Root gốc
search,verb,to try to find something by looking carefully,tìm kiếm,không,,Root gốc
glory,noun,high renown or honor; magnificence,"vinh quang, sự huy hoàng",không,,Root gốc
cloud,noun,a visible mass of condensed water vapor floating in the sky,đám mây,không,,Root gốc
cool,adjective,of low or moderate temperature; calm and composed,"mát, mát mẻ; điềm tĩnh",không,,Root gốc
custom,noun,a traditional way of behaving or doing something,"phong tục, tập quán",không,,Root gốc
cup,noun,a small open container used for drinking,"cái cốc, chén",không,,Root gốc
prefer,verb,to like one thing better than another,thích hơn,không,,Root gốc
prepare,verb,to make ready for use or consideration,chuẩn bị,không,,Root gốc
happy,adjective,feeling or showing pleasure and contentment,"hạnh phúc, vui vẻ",không,,Root gốc
hat,noun,a shaped covering for the head,mũ,không,,Root gốc
length,noun,the measurement of something from end to end,chiều dài,không,,Root gốc
tactic,noun,an action or strategy carefully planned to achieve a goal,"chiến thuật, sách lược",không,,Root gốc
sharp,adjective,"having a fine edge or point; keen, intense","sắc, bén, nhạy bén",không,,Root gốc
slave,noun,a person who is the legal property of another and forced to work,nô lệ,không,,Root gốc
sketch,noun,a rough drawing representing the main features of something,bản phác thảo,không,,Root gốc
function,noun,the special activity or purpose of a person or thing,chức năng,không,,Root gốc
future,noun,the time yet to come,tương lai,không,,Root gốc
desire,noun,a strong feeling of wanting to have or do something,"mong muốn, khao khát",không,,Root gốc
detect,verb,to discover or identify the presence of something,phát hiện,không,,Root gốc
gay,adjective,cheerful and lighthearted (older sense); also homosexual,"vui vẻ, tươi tắn",không,,Root gốc
flag,noun,"a piece of cloth used as a symbol, signal, or emblem",lá cờ,không,,Root gốc
eat,verb,to put food into the mouth and swallow it,ăn,không,,Root gốc
order,noun,a state in which everything is in its correct place; a command,trật tự; mệnh lệnh,không,,Root gốc
knock,verb,to strike a surface or object with a sharp blow,"gõ, đập",không,,Root gốc
kill,verb,"to cause the death of a person, animal, or other living thing","giết, giết chết",không,,Root gốc
support,verb,"to bear the weight of; to help, back, or provide for someone","hỗ trợ, nâng đỡ",không,,Root gốc
stuff,noun,matter or material of an unspecified kind,"đồ vật, chất liệu",không,,Root gốc
ink,noun,a colored fluid used for writing or printing,mực,không,,Root gốc
parent,noun,a father or mother,cha mẹ,không,,Root gốc
pad,noun,a thick piece of soft material used for protection or comfort,"miếng đệm, lót",không,,Root gốc
strip,noun,a long narrow piece of something; (verb) to remove a covering,"dải, mảnh dài; cởi bỏ",không,,Root gốc
club,noun,a group of people organized for a shared purpose; a heavy stick,câu lạc bộ; gậy,không,,Root gốc
card,noun,"a piece of thick, stiff paper or thin cardboard","thẻ, tấm bìa",không,,Root gốc
sheep,noun,a domesticated ruminant animal raised for wool and meat,con cừu,không,,Root gốc
forget,verb,to fail to remember,quên,không,,Root gốc
forgive,verb,to stop feeling angry about an offense; to pardon,tha thứ,không,,Root gốc
quote,verb,to repeat words from a text or speech,trích dẫn,không,,Root gốc
shell,noun,"the hard outer covering of an egg, nut, or animal","vỏ (sò, trứng, đạn)",không,,Root gốc
root,noun,the part of a plant that grows underground; an origin or source,rễ cây; nguồn gốc,không,,Root gốc
film,noun,a thin flexible material; a motion picture,"phim, lớp màng mỏng",không,,Root gốc
tune,noun,"a melody, especially a simple and easily remembered one",giai điệu,không,,Root gốc
feed,verb,to give food to a person or animal,cho ăn,không,,Root gốc
enter,verb,to come or go into a place,"đi vào, bước vào",không,,Root gốc
eight,numeral,the number 8,số tám,không,,Root gốc
alien,adjective,belonging to a foreign country or another world; strange,"xa lạ, ngoại lai; (danh từ) người ngoài hành tinh",không,,Root gốc
ward,noun,"a division of a hospital, prison, or city; a person under guardianship","khu (bệnh viện, nhà tù); sự giám hộ",không,,Root gốc
truth,noun,the quality or state of being true,sự thật,không,,Root gốc
tube,noun,a long hollow cylinder,cái ống,không,,Root gốc
phrase,noun,a small group of words forming a unit of meaning,cụm từ,không,,Root gốc
argue,verb,to give reasons for or against something; to disagree,"tranh luận, tranh cãi",không,,Root gốc
content,noun,what is contained inside something; (adjective) satisfied,nội dung; (tính từ) hài lòng,không,,Root gốc
herb,noun,"a plant used for flavoring, food, or medicine","thảo mộc, cây cỏ",không,,Root gốc
stair,noun,one of a set of steps leading from one level to another,bậc thang,không,,Root gốc
spread,verb,to open out over a larger area; to distribute widely,"lan rộng, trải ra",không,,Root gốc
tribe,noun,a social group of people sharing customs and ancestry,bộ lạc,không,,Root gốc
appear,verb,to become visible; to seem,xuất hiện; có vẻ như,không,,Root gốc
may,modal verb,expressing possibility or permission; in most example words here it instead refers to the month of May,có thể (động từ khiếm khuyết); trong phần lớn từ ví dụ lại mang nghĩa 'tháng Năm',không,,chưa chắc chắn - cần rà tay
vulnerable,adjective,easily hurt physically or emotionally; exposed to attack,"dễ bị tổn thương, dễ bị tấn công",không,,Root gốc
tradition,noun,a custom or belief passed down through generations,truyền thống,không,,Root gốc
beg,verb,to ask urgently or humbly for something,"van xin, cầu xin",không,,Root gốc
beauty,noun,the quality of being pleasing to look at,vẻ đẹp,không,,Root gốc
look,verb,to direct one's eyes in order to see,nhìn,không,,Root gốc
motive,noun,a reason for doing something,"động cơ, lý do",không,,Root gốc
mountain,noun,a large natural elevation of the earth's surface,núi,không,,Root gốc
bench,noun,a long seat for several people,băng ghế dài,không,,Root gốc
mud,noun,soft wet earth,bùn,không,,Root gốc
appoint,verb,to assign a job or role to someone,"bổ nhiệm, chỉ định",không,,Root gốc
approve,verb,to officially agree to or accept something as satisfactory,"chấp thuận, phê duyệt",không,,Root gốc
moderate,adjective,"average in amount, intensity, or degree; not extreme","vừa phải, ôn hòa",không,,Root gốc
assign,verb,to allocate a task or duty to someone,"giao, phân công",không,,Root gốc
square,noun,a shape with four equal straight sides and right angles,hình vuông; quảng trường,không,,Root gốc
spoon,noun,a utensil with a shallow bowl used for eating or serving food,cái thìa,không,,Root gốc
spine,noun,the series of vertebrae extending along the back; a sharp projection,cột sống; gai nhọn,không,,Root gốc
control,verb,to determine the behavior or course of something,"kiểm soát, điều khiển",không,,Root gốc
hide,verb,to put or keep out of sight,"giấu, trốn",không,,Root gốc
hell,noun,a place regarded in various religions as a place of punishment after death,địa ngục,không,,Root gốc
plenty,noun,a large or sufficient amount,"sự dồi dào, nhiều",không,,Root gốc
planet,noun,a celestial body orbiting a star,hành tinh,không,,Root gốc
pit,noun,a large hole in the ground,"hố, hầm",không,,Root gốc
convention,noun,a formal meeting of members or delegates; an accepted way of behaving,"hội nghị; quy ước, thông lệ",không,,Root gốc
farm,noun,an area of land used for growing crops or raising animals,nông trại,không,,Root gốc
warrant,noun,a document giving official authorization; a justification,"giấy phép, lệnh; sự bảo đảm",không,,Root gốc
vow,noun,a solemn promise,"lời thề, lời nguyện",không,,Root gốc
try,verb,to attempt to do something,"cố gắng, thử",không,,Root gốc
fellow,noun,a man or boy; a companion or associate,"người bạn, đồng nghiệp",không,,Root gốc
feather,noun,one of the light structures covering a bird's body,lông vũ,không,,Root gốc
engage,verb,to participate or become involved in something; to attract attention,"tham gia, thu hút",không,,Root gốc
egg,noun,an oval reproductive body produced by a bird,trứng,không,,Root gốc
execute,verb,to carry out or put into effect; to put to death by legal penalty,"thực hiện, thi hành; hành quyết",không,,Root gốc
expand,verb,"to become or make larger in size, number, or scope",mở rộng,không,,Root gốc
explore,verb,to travel through an unfamiliar place to learn about it,"khám phá, thám hiểm",không,,Root gốc
sake,noun,"benefit or purpose, as in 'for the sake of'","lợi ích, mục đích",không,,Root gốc
sauce,noun,a liquid or semi-liquid preparation served with food,nước sốt,không,,Root gốc
sail,verb,"to travel on water using a boat or ship, especially with sails","giương buồm, đi thuyền",không,,Root gốc
rule,noun,a regulation governing conduct; (verb) to govern,quy tắc; (động từ) cai trị,không,,Root gốc
filter,noun,a device or substance that removes unwanted material from a liquid or gas,bộ lọc; (động từ) lọc,không,,Root gốc
fabric,noun,cloth produced by weaving or knitting fibers,vải,không,,Root gốc
experiment,noun,a scientific procedure carried out to test a hypothesis,thí nghiệm,không,,Root gốc
expert,noun,a person with special skill or knowledge in a particular area,chuyên gia,không,,Root gốc
romantic,adjective,relating to love; characterized by feelings of idealism or imagination,lãng mạn,không,,Root gốc
roof,noun,the structure covering the top of a building,mái nhà,không,,Root gốc
murder,noun,the unlawful premeditated killing of another person,"sự giết người, án mạng",không,,Root gốc
punch,verb,to strike someone or something with a closed fist,đấm; (danh từ) cú đấm,không,,Root gốc
protest,verb,to express strong objection to something,phản đối,không,,Root gốc
quest,noun,a long or arduous search for something,"cuộc tìm kiếm, hành trình",không,,Root gốc
settle,verb,to resolve a matter; to establish a permanent home somewhere,định cư; giải quyết,không,,Root gốc
strike,verb,to hit forcefully; to stop work as a form of protest,"đánh, tấn công; đình công",không,,Root gốc
stroke,noun,an act of hitting; a sudden loss of brain function; a gentle caress,cú đánh; đột quỵ; vuốt ve,không,,Root gốc
capable,adjective,"having the ability, fitness, or quality necessary to do something",có khả năng,không,,Root gốc
can,verb,to be able to do something; (noun) a sealed metal container for food,có thể; (danh từ) cái lon,không,,Root gốc
park,noun,a public area of land set aside for recreation,công viên,không,,Root gốc
suggest,verb,to put forward an idea or plan for consideration,"gợi ý, đề xuất",không,,Root gốc
stupid,adjective,lacking intelligence or common sense,ngu ngốc,không,,Root gốc
submit,verb,to present something for consideration; to yield to authority,"nộp, đệ trình; khuất phục",không,,Root gốc
sweep,verb,to clean a surface by brushing away dirt with a broom,quét,không,,Root gốc
sword,noun,a weapon with a long metal blade and a hilt,thanh kiếm,không,,Root gốc
bright,adjective,giving off or filled with much light; intelligent,"sáng, sáng chói; thông minh",không,,Root gốc
brown,adjective,"of a color produced by mixing red, yellow, and black",màu nâu,không,,Root gốc
nice,adjective,"pleasant, agreeable, or satisfactory","dễ chịu, tốt đẹp",không,,Root gốc
drama,noun,"a play for the theater, radio, or television","kịch, vở kịch",không,,Root gốc
drift,verb,to be carried slowly by a current of air or water,trôi dạt,không,,Root gốc
recover,verb,to return to a normal state after illness or damage; to regain something lost,hồi phục; lấy lại,không,,Root gốc
discipline,noun,the practice of training people to obey rules or a code of behavior,kỷ luật,không,,Root gốc
dish,noun,a shallow container for food; a particular type of food,cái đĩa; món ăn,không,,Root gốc
duty,noun,a task or action that one is morally or legally obliged to perform,"nhiệm vụ, bổn phận",không,,Root gốc
great,adjective,"of an extent, amount, or intensity considerably above average","to lớn, vĩ đại",không,,Root gốc
give,verb,to freely transfer possession of something to someone else,"cho, trao, tặng",không,,Root gốc
glad,adjective,feeling pleasure or happiness,"vui mừng, hài lòng",không,,Root gốc
generous,adjective,showing a readiness to give more than necessary; kind,"hào phóng, rộng lượng",không,,Root gốc
sink,verb,to go down below the surface of water or another liquid,"chìm, lún xuống",không,,Root gốc
sheet,noun,"a large thin flat piece of fabric, paper, or other material","tấm, tờ (vải, giấy...)",không,,Root gốc
smart,adjective,having or showing quick intelligence,"thông minh, lanh lợi",không,,Root gốc
group,noun,a number of people or things gathered or classed together,"nhóm, tập hợp",không,,Root gốc
grass,noun,vegetation with short plants and narrow leaves covering the ground,cỏ,không,,Root gốc
domestic,adjective,"relating to the home, family, or one's own country","thuộc về gia đình, trong nước",không,,Root gốc
forth,adverb,"forward or onward, in space or time","về phía trước, ra ngoài",không,,Root gốc
fortune,noun,chance or luck; also a large amount of wealth,"vận may, tài sản lớn",không,,Root gốc
deposit,verb,"to place or set something down, especially money in a bank","gửi, đặt cọc, lắng đọng",không,,Root gốc
derive,verb,to obtain something from a specified source,"bắt nguồn, có được từ",không,,Root gốc
shed,verb,to let something fall or drop; to cast off,"làm rụng, trút bỏ, rơi xuống",không,,Root gốc
buck,noun,an adult male deer or similar animal,"con hươu đực, dê đực",không,,Root gốc
diet,noun,the food a person or community habitually eats,chế độ ăn uống,không,,Root gốc
learn,verb,to gain knowledge or skill through study or experience,"học, học hỏi",không,,Root gốc
laugh,verb,to make sounds expressing amusement,cười,không,,Root gốc
throat,noun,the passage at the front of the neck used for breathing and swallowing,cổ họng,không,,Root gốc
old,adjective,having lived or existed for a long time; not young or new,"già, cũ",không,,Root gốc
talk,verb,to speak in order to give information or express ideas,"nói chuyện, trò chuyện",không,,Root gốc
prompt,adjective,done without delay; quick to act,"nhanh chóng, kịp thời",không,,Root gốc
pretty,adjective,attractive in a delicate or pleasing way,"xinh xắn, dễ thương",không,,Root gốc
price,noun,the amount of money required in payment for something,"giá, giá cả",không,,Root gốc
demon,noun,an evil spirit or devil,"quỷ, ác quỷ",không,,Root gốc
dense,adjective,closely compacted; crowded together,"dày đặc, đậm đặc",không,,Root gốc
dedicate,verb,to devote time or effort to a particular purpose,"cống hiến, dành riêng cho",không,,Root gốc
declare,verb,to say something in a solemn and emphatic manner; to state officially,"tuyên bố, khai báo",không,,Root gốc
deal,verb,"to distribute, handle, or do business with something","giao dịch, xử lý, phân phát",không,,Root gốc
hear,verb,to perceive sound with the ear,nghe,không,,Root gốc
harm,noun,physical or other injury or damage,"tổn hại, tác hại",không,,Root gốc
globe,noun,a spherical object; the earth,"quả cầu, địa cầu",không,,Root gốc
course,noun,the route or direction followed by something; a series of lessons,"đường đi, khóa học, tiến trình",không,,Root gốc
culture,noun,the arts and customs of a particular society or group,văn hóa,không,,Root gốc
cure,verb,to relieve a person of the symptoms of a disease,"chữa khỏi, chữa trị",không,,Root gốc
bomb,noun,an explosive device,bom,không,,Root gốc
screw,noun,a short pointed metal fastener with a helical thread,"vít, đinh vít",không,,Root gốc
save,verb,to keep safe from harm; to rescue or set aside for later use,"cứu, tiết kiệm, lưu giữ",không,,Root gốc
find,verb,to discover or locate something,"tìm thấy, phát hiện",không,,Root gốc
thorough,adjective,complete and careful in every detail,"kỹ lưỡng, triệt để",không,,Root gốc
text,noun,a written or printed work,văn bản,không,,Root gốc
tempt,verb,"to entice someone to do something, especially something unwise","cám dỗ, quyến rũ",không,,Root gốc
busy,adjective,having a great deal to do; occupied,bận rộn,không,,Root gốc
brief,adjective,of short duration; concise,"ngắn gọn, ngắn ngủi",không,,Root gốc
burden,noun,"a heavy load, especially a duty or responsibility",gánh nặng,không,,Root gốc
bridge,noun,a structure carrying a path across a river or obstacle,cây cầu,không,,Root gốc
eager,adjective,wanting to do or have something very much,"háo hức, nhiệt tình",không,,Root gốc
doctrine,noun,a set of beliefs held and taught by a group,"học thuyết, giáo lý",không,,Root gốc
dive,verb,to plunge headfirst into water,"lặn, lao xuống",không,,Root gốc
net,noun,an open-meshed material of cord or twine,lưới,không,,Root gốc
priest,noun,an ordained minister of a church,"linh mục, thầy tu",không,,Root gốc
stiff,adjective,not easily bent; rigid,"cứng, cứng nhắc",không,,Root gốc
stimul,,"to urge, incite, or spur into action (Latin stimulus, a goad)","thúc đẩy, kích thích, khích lệ",có,,Root gốc
stay,verb,to remain in the same place,"ở lại, lưu lại",không,,Root gốc
steel,noun,a hard strong alloy of iron and carbon,thép,không,,Root gốc
instrument,noun,"a tool or implement, especially for precise work","công cụ, dụng cụ",không,,Root gốc
hour,noun,a period of time equal to sixty minutes,giờ,không,,Root gốc
how,adverb,in what way or manner,"như thế nào, bằng cách nào",không,,Root gốc
pen,noun,an instrument for writing with ink; also a small enclosure for animals,"cây bút; chuồng, cũi nhỏ nhốt vật nuôi",không,,Root gốc
character,noun,the mental and moral qualities distinctive to an individual,"tính cách, đặc điểm",không,,Root gốc
cell,noun,the smallest structural unit of an organism; a small enclosed room,tế bào; phòng giam nhỏ,không,,Root gốc
stretch,verb,to make or become longer or wider without breaking,"kéo dài, giãn ra",không,,Root gốc
patron,noun,a person who gives support to a person or cause; a regular customer,"người bảo trợ, khách hàng thân thiết",không,,Root gốc
invite,verb,to politely ask someone to go somewhere or do something,mời,không,,Root gốc
consequence,noun,a result or effect of an action,"hậu quả, kết quả",không,,Root gốc
spell,verb,to write or name the letters that form a word in order,"đánh vần, viết đúng chính tả",không,,Root gốc
curious,adjective,eager to know or learn something,tò mò,không,,Root gốc
cruel,adjective,willfully causing pain or suffering to others,"tàn nhẫn, độc ác",không,,Root gốc
crystal,noun,a solid substance with a regular geometric structure,tinh thể,không,,Root gốc
contend,verb,to struggle to overcome a difficulty; to assert in argument,"tranh đấu, khẳng định",không,,Root gốc
comply,verb,"to act in accordance with a wish, rule, or demand","tuân thủ, tuân theo",không,,Root gốc
commerce,noun,the activity of buying and selling goods,thương mại,không,,Root gốc
commit,verb,to carry out an act; to pledge oneself to a course of action,"cam kết, thực hiện (hành vi)",không,,Root gốc
hunt,verb,to pursue and kill wild animals for food or sport,săn bắt,không,,Root gốc
coach,noun,a bus for long journeys; a person who trains others,"xe khách, huấn luyện viên",không,,Root gốc
chop,verb,to cut into pieces with a heavy downward blow,"chặt, băm",không,,Root gốc
church,noun,a building used for public Christian worship,nhà thờ,không,,Root gốc
ton,noun,a unit of weight,tấn (đơn vị trọng lượng),không,,Root gốc
ready,adjective,fully prepared for an action or situation,sẵn sàng,không,,Root gốc
rage,noun,"violent, uncontrollable anger","cơn thịnh nộ, giận dữ",không,,Root gốc
drum,noun,a percussion instrument struck with sticks or hands,trống,không,,Root gốc
title,noun,the name of a book or work; a rank or designation,"tiêu đề, danh hiệu",không,,Root gốc
tidy,adjective,arranged neatly and in order,"gọn gàng, ngăn nắp",không,,Root gốc
luxury,noun,great comfort and extravagant living,"sự xa hoa, sang trọng",không,,Root gốc
trend,noun,a general direction in which something develops,xu hướng,không,,Root gốc
honest,adjective,free of deceit; truthful and sincere,"trung thực, thật thà",không,,Root gốc
stance,noun,a way of standing; a way of thinking about something,"tư thế đứng, lập trường, quan điểm",không,,Root gốc
solo,noun,"done alone, without others; a piece performed by one person","một mình, đơn lẻ; (biểu diễn) đơn ca, độc tấu",không,,Root gốc
advantage,noun,a condition that puts one in a favorable position,lợi thế,không,,Root gốc
add,verb,to combine a number or amount with another to increase it,"cộng, thêm vào",không,,Root gốc
weed,noun,a wild plant growing where it is not wanted,cỏ dại,không,,Root gốc
wine,noun,an alcoholic drink made from fermented grapes,rượu vang,không,,Root gốc
fail,verb,to be unsuccessful in achieving a goal,thất bại,không,,Root gốc
every,determiner,used to refer to all individual members of a set without exception,"mỗi, mọi",không,,Root gốc
ritual,noun,a series of actions performed according to a prescribed order,"nghi lễ, nghi thức",không,,Root gốc
river,noun,a large natural stream of water flowing to the sea,sông,không,,Root gốc
admire,verb,to regard with respect or warm approval,ngưỡng mộ,không,,Root gốc
bat,noun,a nocturnal flying mammal; also a club used to hit a ball in sports,con dơi; gậy đánh bóng (thể thao),không,,chưa chắc chắn - cần rà tay
balance,noun,an even distribution of weight; a state of stability,sự cân bằng,không,,Root gốc
rid,verb,to free a person or place from something unwanted,"loại bỏ, giải thoát khỏi (điều không mong muốn)",không,,chưa chắc chắn - cần rà tay
retrieve,verb,to get or bring something back,"lấy lại, thu hồi, truy xuất",không,,Root gốc
fantasy,noun,the imagining of impossible or improbable things,"trí tưởng tượng, thế giới huyễn tưởng",không,,Root gốc
ugly,adjective,unpleasant or repulsive in appearance,xấu xí,không,,Root gốc
mass,noun,a large body of matter with no definite shape,"khối lượng, khối, đám đông",không,,Root gốc
modest,adjective,unassuming about one's abilities or achievements,khiêm tốn,không,,Root gốc
minute,adjective,extremely small; very precise and detailed,"vô cùng nhỏ bé, tỉ mỉ",không,,Root gốc
reserve,verb,to arrange for something to be kept for a particular person or purpose,"để dành, dự trữ, đặt trước",không,,Root gốc
remedy,noun,"a treatment for a disease, or a means of correcting a problem","phương thuốc, biện pháp khắc phục",không,,Root gốc
example,noun,a thing that illustrates a general rule or type,ví dụ,không,,Root gốc
year,noun,the time a planet takes to orbit the sun once,năm,không,,Root gốc
establish,verb,to set up an organization or system on a permanent basis,"thành lập, thiết lập",không,,Root gốc
answer,verb,to give a spoken or written response to a question,trả lời,không,,Root gốc
amuse,verb,to cause someone to find something funny; to entertain,"làm cho vui, giải trí",không,,Root gốc
win,verb,to be successful or victorious in a contest,"chiến thắng, giành được",không,,Root gốc
after,preposition,following in time or place,"sau, sau khi",không,,Root gốc
achieve,verb,to successfully bring about a desired result,đạt được,không,,Root gốc
acid,noun,a chemical substance that neutralizes alkalis and has a sour taste,axit,không,,Root gốc
yellow,adjective,of the color between green and orange,màu vàng,không,,Root gốc
riot,noun,a violent public disturbance by a crowd,bạo loạn,không,,Root gốc
rise,verb,to move from a lower position to a higher one,"tăng lên, dâng lên, mọc lên",không,,Root gốc
rich,adjective,having a great deal of money or assets,giàu có,không,,Root gốc
true,adjective,in accordance with fact or reality,"đúng, thật",không,,Root gốc
bake,verb,"to cook food by dry heat, typically in an oven",nướng (bánh),không,,Root gốc
auto,,"self, by oneself (Greek combining form autos)","tự, bản thân, chính mình",có,,Root gốc
alter,verb,"to change something, typically in a small but significant way",thay đổi,không,,Root gốc
amateur,noun,"a person who engages in a pursuit without pay, not as a profession",người nghiệp dư,không,,Root gốc
allow,verb,to give permission for something to happen,cho phép,không,,Root gốc
wait,verb,to stay in place until a particular time or event,chờ đợi,không,,Root gốc
virtue,noun,behavior showing high moral standards,"đức hạnh, đức tính tốt",không,,Root gốc
volume,noun,"a book; also the amount of space a substance occupies, or loudness",tập sách; thể tích; âm lượng,không,,Root gốc
ash,noun,the powdery residue left after something has burned,tro,không,,Root gốc
architect,noun,a person who designs buildings,kiến trúc sư,không,,Root gốc
marriage,noun,the formally recognized union of two people as partners,hôn nhân,không,,Root gốc
marry,verb,to take someone as one's husband or wife,kết hôn,không,,Root gốc
what,pronoun,asking for information specifying something,"cái gì, điều gì",không,,Root gốc
start,verb,to begin doing or happening,bắt đầu,không,,Root gốc
spin,verb,to turn or cause to turn quickly around,"quay, xoay tròn",không,,Root gốc
convey,verb,to transport something; to communicate an idea or feeling,"truyền đạt, chuyên chở",không,,Root gốc
constant,adjective,occurring continuously; not changing,"liên tục, không đổi",không,,Root gốc
consult,verb,to seek information or advice from someone with expertise,"tham khảo, hỏi ý kiến",không,,Root gốc
contempt,noun,the feeling that something is worthless or deserving scorn,sự khinh miệt,không,,Root gốc
plain,adjective,not decorated or complicated; simple and clear,"đơn giản, giản dị, rõ ràng",không,,Root gốc
immune,adjective,protected against a particular disease or harmful influence,"miễn dịch, được miễn trừ",không,,Root gốc
coal,noun,a hard black rock used as fuel,than đá,không,,Root gốc
clock,noun,a device that shows or measures time,đồng hồ,không,,Root gốc
clever,adjective,quick to understand and learn; skillful,"thông minh, khôn khéo",không,,Root gốc
complain,verb,to express dissatisfaction or annoyance about something,"phàn nàn, than phiền",không,,Root gốc
compute,verb,to calculate or work out by mathematics,tính toán,không,,Root gốc
compensate,verb,to give something as recompense for loss or harm,"bồi thường, đền bù",không,,Root gốc
command,verb,to give an authoritative order; to be in charge of,"ra lệnh, chỉ huy",không,,Root gốc
hurt,verb,to cause physical or emotional pain to someone,"làm đau, gây tổn thương",không,,Root gốc
huge,adjective,"extremely large in size, amount, or degree","khổng lồ, to lớn",không,,Root gốc
perform,verb,to carry out an action or task; to present entertainment to an audience,thực hiện; biểu diễn,không,,Root gốc
period,noun,a length or portion of time,"khoảng thời gian, chu kỳ, thời kỳ",không,,Root gốc
patient,adjective,able to accept delay or trouble without becoming annoyed,"kiên nhẫn, nhẫn nại",không,,Root gốc
past,noun,"the period of time that has already happened, before the present","quá khứ, thời gian đã qua",không,,Root gốc
investigate,verb,to examine or inquire into something systematically,"điều tra, nghiên cứu kỹ",không,,Root gốc
centre,noun,the middle point or part of something,"trung tâm, điểm giữa",không,,Root gốc
stress,noun,"mental or emotional strain, or emphasis placed on something","sự căng thẳng, áp lực; sự nhấn mạnh",không,,Root gốc
cry,verb,"to shed tears, or to call out loudly","khóc; kêu la, hét lên",không,,Root gốc
creep,verb,"to move slowly, quietly, or stealthily","bò, di chuyển len lén",không,,Root gốc
crew,noun,"a group of people who work together, especially operating a ship, plane, or vehicle","kíp làm việc, thủy thủ đoàn/phi hành đoàn",không,,Root gốc
crop,noun,"a cultivated plant grown and harvested, or the amount produced","vụ mùa, cây trồng, mùa màng",không,,Root gốc
smooth,adjective,"having an even surface, without lumps or roughness","mịn, trơn, nhẵn",không,,Root gốc
confess,verb,to admit that one has done something wrong,"thú nhận, thú tội",không,,Root gốc
speech,noun,"the ability to speak, or a formal talk given to an audience",lời nói; bài phát biểu,không,,Root gốc
sphere,noun,a round three-dimensional geometric object; a field of activity,"hình cầu, quả cầu; lĩnh vực",không,,Root gốc
spice,noun,an aromatic or pungent substance used to flavour food,gia vị,không,,Root gốc
spare,adjective,kept in reserve; additional to what is normally needed,"dự phòng, dư ra, dành riêng",không,,Root gốc
soap,noun,a substance used with water for washing and cleaning,xà phòng,không,,Root gốc
cream,noun,the thick fatty part of milk,kem sữa,không,,Root gốc
gut,noun,the stomach or intestines,"ruột, dạ dày",không,,Root gốc
precise,adjective,exact and accurate,"chính xác, tỉ mỉ",không,,Root gốc
pound,,"to put, to place","đặt, để",có,"pos, pon",Root gốc
hollow,adjective,having an empty space inside; not solid,"rỗng, trống bên trong",không,,Root gốc
standard,noun,"a level of quality, or a rule used as a basis for comparison","tiêu chuẩn, chuẩn mực",không,,Root gốc
deliver,verb,to bring goods to a destination; to give a speech,"giao hàng, chuyển đến; trình bày (bài phát biểu)",không,,Root gốc
daughter,noun,a person's female child,con gái,không,,Root gốc
goal,noun,an aim or desired result; the target area in certain sports,mục tiêu; khung thành,không,,Root gốc
problem,noun,a matter that is difficult to deal with or solve,"vấn đề, rắc rối",không,,Root gốc
prevent,verb,to stop something from happening,"ngăn chặn, phòng ngừa",không,,Root gốc
harsh,adjective,"unpleasantly rough, severe, or strict","khắc nghiệt, gay gắt",không,,Root gốc
counsel,noun,"advice, especially given formally","lời khuyên, sự tư vấn",không,,Root gốc
cute,adjective,attractive in a charming or endearing way,"dễ thương, đáng yêu",không,,Root gốc
summer,noun,the warmest season of the year,mùa hè,không,,Root gốc
suck,verb,to draw liquid or air into the mouth using suction,"hút, mút",không,,Root gốc
subtle,adjective,not obvious; delicate and hard to notice,"tinh tế, khó nhận thấy",không,,Root gốc
success,noun,the achievement of a desired aim or purpose,sự thành công,không,,Root gốc
choice,noun,"an act of choosing, or an option available",sự lựa chọn,không,,Root gốc
injure,verb,to cause physical harm to someone,"gây thương tích, làm bị thương",không,,Root gốc
indulge,verb,to allow oneself to enjoy a pleasure; to give in to a desire,"nuông chiều, thỏa thích, buông thả",không,,Root gốc
kick,verb,to strike something with the foot,đá (bằng chân),không,,Root gốc
brother,noun,a male sibling,"anh trai, em trai",không,,Root gốc
tap,verb,"to strike lightly, or to draw off liquid/access a resource","gõ nhẹ; vòi (nước); khai thác, truy cập",không,,Root gốc
tall,adjective,of great height,cao,không,,Root gốc
swing,verb,to move back and forth or side to side while suspended or on a pivot,"đung đưa, lắc lư",không,,Root gốc
surge,noun,a sudden powerful increase or forward movement,"sự dâng trào, tăng vọt đột ngột",không,,Root gốc
cease,verb,to stop doing something; to come to an end,"ngừng, chấm dứt",không,,Root gốc
jump,verb,to push oneself off the ground using the legs,nhảy,không,,Root gốc
job,noun,a paid position of regular employment,"công việc, việc làm",không,,Root gốc
ocean,noun,a very large expanse of sea,đại dương,không,,Root gốc
odd,adjective,unusual or strange; (of a number) not divisible by two,"kỳ lạ, khác thường; (số) lẻ",không,,Root gốc
of,preposition,"expressing a relationship such as belonging, origin, or being part of a whole","của, thuộc về, về",không,,Root gốc
novel,noun,a long printed story about invented characters and events,tiểu thuyết,không,,Root gốc
number,noun,an arithmetical value or numeral,"số, con số",không,,Root gốc
leak,verb,to allow liquid or gas to escape through a hole,rò rỉ,không,,Root gốc
lean,adjective,"thin, without excess fat","gầy, ít mỡ",không,,Root gốc
left,noun,the side or direction opposite of right,"bên trái, phía trái",không,,Root gốc
sing,verb,to make musical sounds with the voice,hát,không,,Root gốc
sister,noun,a female sibling,"chị gái, em gái",không,,Root gốc
silk,noun,"a fine, soft fibre produced by silkworms","lụa, tơ tằm",không,,Root gốc
shock,noun,a sudden upsetting or surprising event,"cú sốc, sự bàng hoàng",không,,Root gốc
devote,verb,to give a large part of one's time or resources to something,"cống hiến, dành hết tâm sức cho",không,,Root gốc
design,verb,to plan or create something with a particular purpose,thiết kế,không,,Root gốc
deny,verb,to state that something is not true; to refuse,"phủ nhận, từ chối",không,,Root gốc
get,verb,to come to have or receive something; to obtain,"nhận được, có được",không,,Root gốc
game,noun,"an activity done for entertainment, often with rules",trò chơi,không,,Root gốc
fun,noun,"enjoyment, amusement","sự vui vẻ, niềm vui",không,,Root gốc
grey,adjective,of a colour between black and white,màu xám,không,,Root gốc
slight,adjective,small in degree or amount; slender,"nhỏ, không đáng kể; mảnh khảnh",không,,Root gốc
slow,adjective,moving or operating at a low speed,chậm,không,,Root gốc
size,noun,the physical dimensions or magnitude of something,"kích thước, cỡ",không,,Root gốc
skill,noun,the ability to do something well; expertise,kỹ năng,không,,Root gốc
deliberate,adjective,done consciously and intentionally,"cố ý, có chủ đích",không,,Root gốc
shade,noun,an area of relative darkness where light is blocked,"bóng râm, bóng mát",không,,Root gốc
shadow,noun,a dark shape cast on a surface by an object blocking light,cái bóng,không,,Root gốc
shallow,adjective,of little depth,"nông, cạn",không,,Root gốc
share,verb,to have or use something jointly with others; to divide and distribute,chia sẻ,không,,Root gốc
severe,adjective,very great or intense; strict and harsh,"nghiêm trọng, khắc nghiệt",không,,Root gốc
divine,adjective,of or like God or a god,"thuộc về thần thánh, thiêng liêng",không,,Root gốc
forward,adverb,toward the front; in the direction one is facing,"về phía trước, tiến lên",không,,Root gốc
fragment,noun,a small part broken off from something larger,"mảnh vỡ, đoạn nhỏ",không,,Root gốc
quit,verb,"to leave or give up a job, activity, or place","bỏ, thôi, từ bỏ",không,,Root gốc
purple,adjective,of a colour between red and blue,màu tím,không,,Root gốc
put,verb,to move something into a particular position or place,"đặt, để",không,,Root gốc
pull,verb,to apply force to move something toward oneself,kéo,không,,Root gốc
prove,verb,to demonstrate the truth of something by evidence,chứng minh,không,,Root gốc
theater,noun,a building or place for the performance of plays,"nhà hát, rạp hát",không,,Root gốc
bulk,noun,the mass or size of something large; the greater part,"khối lượng lớn, phần lớn",không,,Root gốc
bit,noun,"a small piece or amount; (in these derived forms, related to the verb 'bite')","một mẩu nhỏ; (trong các từ ví dụ, liên quan đến động từ 'cắn' - bite)",không,,chưa chắc chắn - cần rà tay
bite,verb,"to cut, grip, or wound something with the teeth",cắn,không,,Root gốc
blame,verb,to hold someone responsible for a fault or wrong,"đổ lỗi, trách móc",không,,Root gốc
blank,adjective,not marked or filled in; empty,"trống, để trắng",không,,Root gốc
bottle,noun,"a container for holding liquids, typically made of glass or plastic","chai, lọ",không,,Root gốc
bounce,verb,to spring back after hitting a surface,"nảy, bật lên",không,,Root gốc
bow,noun,"a weapon for shooting arrows, or a curved shape/knot","cây cung; hình cung, vòng cung",không,,Root gốc
last,verb,to continue to exist or happen over a period of time; also: final in a sequence,"kéo dài, tồn tại lâu; hoặc cuối cùng, sau chót",không,,Root gốc
no,adverb,not any; used to give a negative response,"không, không có",không,,Root gốc
noon,noun,twelve o'clock in the day; midday,"buổi trưa, 12 giờ trưa",không,,Root gốc
neat,adjective,"tidy, orderly, and clean","gọn gàng, ngăn nắp",không,,Root gốc
needle,noun,"a small, thin, pointed tool used for sewing",cây kim,không,,Root gốc
flesh,noun,the soft substance of the body consisting of muscle and fat,"thịt, da thịt",không,,Root gốc
flight,noun,an act of flying; a journey made by air,chuyến bay; sự bay,không,,Root gốc
float,verb,to rest or move on the surface of a liquid without sinking,"nổi, trôi nổi",không,,Root gốc
distinguish,verb,to recognize a difference between things,phân biệt,không,,Root gốc
disturb,verb,to interrupt or interfere with someone or something; to worry,"làm phiền, quấy rầy",không,,Root gốc
discover,verb,to find or become aware of something for the first time,"khám phá, phát hiện",không,,Root gốc
due,adjective,expected at a certain time; owed as a debt or obligation,"đến hạn, phải trả; đúng mức",không,,Root gốc
drive,verb,to operate and control the direction of a vehicle; to push forward,lái (xe); thúc đẩy,không,,Root gốc
secular,adjective,not connected with religious or spiritual matters,"thế tục, không liên quan tôn giáo",không,,Root gốc
rebel,verb,to resist or rise up against authority or control,"nổi loạn, chống đối",không,,Root gốc
rank,noun,a position in a hierarchy or order,"cấp bậc, thứ hạng",không,,Root gốc
raw,adjective,"uncooked, or in a natural, unprocessed state","sống, thô, chưa qua chế biến",không,,Root gốc
frog,noun,a small tailless amphibian,con ếch,không,,Root gốc
frame,noun,a rigid structure that surrounds or supports something,"khung, khung sườn",không,,Root gốc
fraud,noun,wrongful or criminal deception intended for financial gain,"sự lừa đảo, gian lận",không,,Root gốc
frequent,adjective,occurring often,"thường xuyên, hay xảy ra",không,,Root gốc
narrow,adjective,of small width; not wide,hẹp,không,,Root gốc
nasty,adjective,unpleasant or disagreeable,"khó chịu, tồi tệ",không,,Root gốc
beam,noun,a long piece of wood or metal used as a structural support; a ray of light,"xà, dầm (kết cấu); tia sáng",không,,Root gốc
tough,adjective,strong enough to withstand hardship; difficult,"cứng cỏi, dai; khó khăn",không,,Root gốc
tide,noun,the rise and fall of sea level caused by the moon's gravitational pull,thủy triều,không,,Root gốc
boast,verb,to speak with excessive pride about oneself or one's achievements,khoe khoang,không,,Root gốc
boil,verb,to heat a liquid until it bubbles and turns to vapour,"đun sôi, sôi",không,,Root gốc
little,adjective,"small in size, amount, or degree","nhỏ, ít",không,,Root gốc
link,noun,a connection between two things; a ring of a chain,"liên kết, mắt xích",không,,Root gốc
manner,noun,the way in which something is done; (plural) polite social behaviour,"cách thức, phong cách; (số nhiều) cách cư xử",không,,Root gốc
lyric,adjective,"(of poetry or music) expressing the writer's emotions in a direct, personal way",trữ tình; (liên quan) lời bài hát,không,,Root gốc
avoid,verb,"to keep away from, or prevent from happening","tránh, né tránh",không,,Root gốc
first,adjective,coming before all others in time or order,"đầu tiên, thứ nhất",không,,Root gốc
fierce,adjective,"having a violent, aggressive nature; very intense","hung dữ, dữ dội",không,,Root gốc
seal,verb,to close or fasten something so it is airtight or secure,"niêm phong, bịt kín, đóng dấu",không,,Root gốc
scratch,verb,"to rub or mark a surface with something sharp, such as nails or claws","cào, gãi, làm trầy xước",không,,Root gốc
screen,noun,"a flat surface for displaying images, or a movable partition",màn hình; tấm chắn,không,,Root gốc
say,verb,to speak or utter words; to express something in words,"nói, phát biểu, diễn đạt bằng lời",không,,Root gốc
scale,noun,a series of marks at fixed intervals used for measuring; also the relative size of something,"thang đo, tỷ lệ, quy mô đo lường",không,,Root gốc
scene,noun,the place where an event occurs; a part of a play or film,"cảnh, bối cảnh, hiện trường",không,,Root gốc
endure,verb,to suffer something painful or difficult patiently; to last over time,"chịu đựng, bền bỉ, tồn tại lâu dài",không,,Root gốc
empty,adjective,containing nothing; having no contents,"trống rỗng, không có gì bên trong",không,,Root gốc
saint,noun,a person officially recognized as holy or virtuous,"vị thánh, người thánh thiện",không,,Root gốc
finance,noun,"the management of money, especially by governments or organizations","tài chính, việc quản lý tiền bạc",không,,Root gốc
feel,verb,to experience a physical or emotional sensation; to touch,"cảm thấy, cảm nhận, sờ",không,,Root gốc
fond,adjective,having a liking or affection for someone or something,"yêu thích, có cảm tình với",không,,Root gốc
food,noun,any nutritious substance eaten to sustain life,"thức ăn, đồ ăn",không,,Root gốc
extreme,adjective,reaching a very high or the highest degree; far from moderate,"cực độ, quá mức",không,,Root gốc
rush,verb,to move or act with great haste,"vội vã, hối hả, lao nhanh",không,,Root gốc
rude,adjective,offensively impolite or bad-mannered,"thô lỗ, khiếm nhã",không,,Root gốc
excuse,verb,to forgive or overlook a fault; to try to justify,"tha thứ, bào chữa, xin lỗi",không,,Root gốc
examine,verb,to inspect or investigate something carefully,"kiểm tra, xem xét kỹ lưỡng",không,,Root gốc
expense,noun,the cost incurred in doing something; money spent,"chi phí, phí tổn",không,,Root gốc
response,noun,a reply or reaction to something,"sự phản hồi, sự đáp lại",không,,Root gốc
remote,adjective,far away in space or time; distant,"xa xôi, hẻo lánh",không,,Root gốc
register,verb,to record officially in a list; to enrol,"đăng ký, ghi tên vào danh sách",không,,Root gốc
regret,verb,to feel sorrow or remorse over something,"hối tiếc, ân hận",không,,Root gốc
trick,noun,a cunning or skillful act intended to deceive or amuse,"mánh khóe, trò lừa, mẹo vặt",không,,Root gốc
trip,noun,a journey to a place and back; also to stumble,chuyến đi; sự vấp ngã,không,,Root gốc
transmit,verb,"to send or pass something from one place, person, or thing to another","truyền, gửi, phát đi",không,,Root gốc
tree,noun,a tall woody plant with a trunk and branches,"cây (thân gỗ, có cành lá)",không,,Root gốc
trait,noun,a distinguishing quality or characteristic of a person,"đặc điểm, nét tính cách",không,,Root gốc
trace,verb,to find or discover by investigation; a mark left behind,"lần theo dấu vết, tìm ra nguồn gốc",không,,Root gốc
trade,noun,the buying and selling of goods and services,"sự buôn bán, thương mại",không,,Root gốc
muscle,noun,a body tissue that contracts to produce movement,"cơ, cơ bắp",không,,Root gốc
mouse,noun,a small rodent; also a computer pointing device,con chuột (loài gặm nhấm hoặc thiết bị máy tính),không,,Root gốc
more,adverb,to a greater extent or degree; a greater or additional amount,"nhiều hơn, hơn nữa",không,,Root gốc
motion,noun,the action or process of moving; a proposal put forward,sự chuyển động; kiến nghị,không,,Root gốc
member,noun,a person belonging to a group or organization,thành viên,không,,Root gốc
vague,adjective,not clearly expressed or defined; uncertain,"mơ hồ, không rõ ràng",không,,Root gốc
vast,adjective,"extremely large in area, size, or extent","rộng lớn, bao la",không,,Root gốc
understand,verb,to perceive the meaning of something; to comprehend,"hiểu, nắm rõ",không,,Root gốc
mineral,noun,a naturally occurring inorganic solid substance,"khoáng chất, khoáng vật",không,,Root gốc
absolute,adjective,complete and total; not qualified or diminished,"tuyệt đối, hoàn toàn",không,,Root gốc
mild,adjective,gentle and not severe or harsh,"nhẹ nhàng, ôn hòa",không,,Root gốc
million,noun,"the number 1,000,000",một triệu,không,,Root gốc
merit,noun,the quality of deserving praise or reward; worthiness,"công trạng, giá trị đáng khen",không,,Root gốc
mess,noun,a state of disorder or untidiness,"sự bừa bộn, lộn xộn",không,,Root gốc
absent,adjective,not present in a place; missing,"vắng mặt, không có mặt",không,,Root gốc
accuse,verb,to charge someone with an offense or fault,"buộc tội, cáo buộc",không,,Root gốc
allege,verb,to claim something is true without proof,"cáo buộc, khẳng định khi chưa có bằng chứng",không,,Root gốc
all,determiner,the whole quantity or extent of; every one of,"tất cả, toàn bộ",không,,Root gốc
adverse,adjective,"preventing success or development; harmful, unfavorable","bất lợi, có hại, nghịch",không,,Root gốc
accent,noun,a distinctive way of pronouncing words typical of a region; emphasis,"giọng nói vùng miền; trọng âm, sự nhấn mạnh",không,,Root gốc
angel,noun,a spiritual being regarded as a messenger of God,thiên thần,không,,Root gốc
marine,adjective,relating to the sea,"thuộc về biển, hàng hải",không,,Root gốc
whip,noun,a length of cord or leather used for striking; also to strike with one,"roi da; quất, đánh bằng roi",không,,Root gốc
might,noun,great power or strength,"sức mạnh, quyền lực",không,,Root gốc
mile,noun,"a unit of distance equal to 1,609 meters",dặm (đơn vị đo chiều dài),không,,Root gốc
wish,verb,to want or hope for something,"ước, mong muốn",không,,Root gốc
aim,noun,a purpose or intention; the direction toward a target,"mục đích, mục tiêu; sự nhắm vào",không,,Root gốc
mayor,noun,the elected head of a city or town government,thị trưởng,không,,Root gốc
crash,verb,to collide violently; to fall or hit with a loud noise,"va chạm mạnh, đâm sầm, sụp đổ",không,,Root gốc
soil,noun,the top layer of earth in which plants grow,"đất, đất trồng",không,,Root gốc
abuse,verb,to use wrongly or harmfully; to treat cruelly,"lạm dụng, ngược đãi",không,,Root gốc
metre,noun,a unit of length equal to 100 centimeters,mét (đơn vị đo chiều dài),không,,Root gốc
medal,noun,a metal disc awarded for an achievement,huy chương,không,,Root gốc
mention,verb,to refer to something briefly,"đề cập, nhắc đến",không,,Root gốc
much,determiner,a large amount of something,nhiều (số lượng lớn),không,,Root gốc
leap,verb,to jump a long way or to a great height,"nhảy vọt, nhảy qua",không,,Root gốc
neglect,verb,to fail to take care of or give attention to,"sao lãng, bỏ bê",không,,Root gốc
neighbour,noun,a person living near another,người hàng xóm,không,,Root gốc
mood,noun,a temporary state of mind or feeling,tâm trạng,không,,Root gốc
lion,noun,a large wild cat native to Africa and India,sư tử,không,,Root gốc
litter,noun,rubbish or waste left in a public place,rác rưởi vứt bừa bãi,không,,Root gốc
less,adverb,a smaller amount; not as much,ít hơn,không,,Root gốc
lazy,adjective,unwilling to work or use energy,lười biếng,không,,Root gốc
die,verb,to stop living,"chết, qua đời",không,,Root gốc
dimension,noun,"a measurable extent such as length, width, or height","chiều, kích thước",không,,Root gốc
dip,verb,to put briefly into liquid; a downward slope or decrease,"nhúng, chấm; sự sụt giảm",không,,Root gốc
copper,noun,a reddish-brown metallic element,đồng (kim loại),không,,Root gốc
not,adverb,used to express negation,không (từ phủ định),không,,Root gốc
correspond,verb,to match or be similar to; to communicate by letter,"tương ứng, phù hợp; trao đổi thư từ",không,,Root gốc
cotton,noun,a soft white fibre from the cotton plant used to make cloth,"cây bông, sợi bông",không,,Root gốc
couple,noun,two people or things joined together,"một cặp, đôi",không,,Root gốc
sort,noun,a category or type of thing; to arrange in order,"loại, kiểu; sự sắp xếp",không,,Root gốc
spain,noun,"Spain, a country in southwestern Europe (the example word 'wingspan' appears unrelated and may be a segmentation artifact)","Tây Ban Nha, một quốc gia ở châu Âu (từ ví dụ 'wingspan' có vẻ không liên quan, có thể là lỗi tách hình vị)",không,,chưa chắc chắn - cần rà tay
defy,verb,to openly resist or refuse to obey,"thách thức, bất chấp, không tuân theo",không,,Root gốc
sit,verb,to rest with one's weight supported by the buttocks,ngồi,không,,Root gốc
soldier,noun,a person who serves in an army,"người lính, binh sĩ",không,,Root gốc
deck,noun,"a floor or platform, especially of a ship","boong tàu, sàn",không,,Root gốc
deep,adjective,extending far down or in from a surface,sâu,không,,Root gốc
shy,adjective,nervous or timid in the company of others,"nhút nhát, e dè",không,,Root gốc
silly,adjective,having or showing a lack of good sense; foolish,"ngớ ngẩn, dại dột",không,,Root gốc
defence,noun,the action of protecting against attack,"sự phòng thủ, bảo vệ",không,,Root gốc
defend,verb,to protect from harm or attack,"bảo vệ, phòng thủ",không,,Root gốc
scheme,noun,a systematic plan for achieving something,"kế hoạch, sơ đồ, âm mưu",không,,Root gốc
diagram,noun,a simplified drawing showing the structure of something,"sơ đồ, biểu đồ",không,,Root gốc
debt,noun,a sum of money owed to another,khoản nợ,không,,Root gốc
decent,adjective,conforming to accepted standards of behavior; respectable,"tử tế, đàng hoàng",không,,Root gốc
two,number,the number 2,số hai,không,,Root gốc
under,preposition,in or to a position below something,"ở dưới, bên dưới",không,,Root gốc
upon,preposition,on; used to indicate position or time,"trên, vào lúc",không,,Root gốc
licence,noun,"an official permit to own, do, or use something",giấy phép,không,,Root gốc
trouble,noun,"difficulty, problems, or worry","rắc rối, khó khăn, phiền phức",không,,Root gốc
jam,verb,to squeeze or wedge tightly into a space; to block,"nhét chặt, làm kẹt, tắc nghẽn",không,,Root gốc
on,preposition,positioned in contact with and supported by a surface,"trên, ở trên (vị trí tiếp xúc)",không,,Root gốc
nurse,noun,a person trained to care for the sick,y tá,không,,Root gốc
usual,adjective,habitually or typically occurring; customary,"thông thường, bình thường",không,,Root gốc
bad,adjective,of poor quality; not good,"xấu, tồi, kém",không,,Root gốc
modify,verb,to make partial changes to something,"sửa đổi, thay đổi một phần",không,,Root gốc
month,noun,one of the twelve periods into which a year is divided,tháng,không,,Root gốc
often,adverb,frequently; many times,thường xuyên,không,,Root gốc
deploy,verb,to move troops or resources into position for action,"triển khai, bố trí",không,,Root gốc
double,adjective,twice as much or as many; consisting of two matching parts,"gấp đôi, kép",không,,Root gốc
scandal,noun,an action or event causing outrage and disgrace,"vụ bê bối, xì căng đan",không,,Root gốc
concern,noun,a feeling of worry; a matter of interest or importance,"sự lo lắng, mối quan tâm",không,,Root gốc
distress,noun,"extreme anxiety, sorrow, or pain","sự đau khổ, khốn khổ",không,,Root gốc
sad,adjective,feeling or showing sorrow; unhappy,"buồn, buồn bã",không,,Root gốc
rotate,verb,to move in a circle around an axis or center,"quay, xoay tròn",không,,Root gốc
confer,verb,to discuss something to reach a decision; to grant,"hội ý, bàn bạc; trao tặng",không,,Root gốc
pant,verb,"to breathe with short, quick breaths","thở hổn hển, thở gấp",không,,Root gốc
parliament,noun,the highest legislative body of a country,"quốc hội, nghị viện",không,,Root gốc
oblige,verb,to make someone legally or morally bound to do something,"buộc, bắt buộc về mặt nghĩa vụ",không,,Root gốc
obsess,verb,to fill the mind of someone continually; to preoccupy,"ám ảnh, khiến bận tâm không dứt",không,,Root gốc
pace,noun,a single step in walking; the speed of movement,bước chân; tốc độ,không,,Root gốc
infer,verb,to deduce something from evidence and reasoning,"suy ra, suy luận",không,,Root gốc
aware,adjective,having knowledge or perception of a situation,"nhận thức, biết rõ",không,,Root gốc
baby,noun,a very young child or infant,em bé,không,,Root gốc
assist,verb,to help someone do something,"hỗ trợ, giúp đỡ",không,,Root gốc
venture,noun,"a risky or daring undertaking, especially in business",công việc hoặc dự án mạo hiểm,không,,Root gốc
early,adjective,happening or done before the expected or usual time,sớm,không,,Root gốc
edge,noun,the outer limit or boundary line of something,"cạnh, mép, bờ",không,,Root gốc
ruin,noun,the physical destruction of something; to destroy,"sự đổ nát, tàn phá; phá hủy",không,,Root gốc
sack,noun,a large bag made of strong fabric; to dismiss from a job,cái bao tải; sự sa thải,không,,Root gốc
dry,adjective,free from moisture or liquid,khô,không,,Root gốc
dull,adjective,lacking interest or excitement; not sharp,"buồn tẻ, đần độn, không sắc bén",không,,Root gốc
dump,verb,to deposit or drop something carelessly,"đổ, vứt bỏ một cách bừa bãi",không,,Root gốc
seat,noun,a place where one may sit,"chỗ ngồi, ghế",không,,Root gốc
draft,noun,a preliminary version of a piece of writing; a current of air,bản nháp; luồng gió,không,,Root gốc
drink,verb,to take liquid into the mouth and swallow,uống,không,,Root gốc
commence,verb,to begin or start,"bắt đầu, khởi sự",không,,Root gốc
comment,noun,a spoken or written remark expressing an opinion,"lời bình luận, nhận xét",không,,Root gốc
stake,noun,a pointed stick driven into the ground; a share or interest in something,"cọc nhọn; phần góp vốn, cổ phần",không,,Root gốc
stark,adjective,severe or bare in appearance; complete and obvious,"trơ trụi, hoàn toàn rõ rệt",không,,Root gốc
spite,noun,a desire to hurt or annoy someone,"sự hằn học, ác ý",không,,Root gốc
convenient,adjective,fitting in well with a person's needs; easy to use,"thuận tiện, tiện lợi",không,,Root gốc
spill,verb,to cause liquid to flow out of a container accidentally,"làm đổ, tràn ra",không,,Root gốc
effort,noun,a vigorous or determined attempt,"sự nỗ lực, cố gắng",không,,Root gốc
elegant,adjective,graceful and stylish in appearance or manner,"thanh lịch, tao nhã",không,,Root gốc
staff,noun,a group of people employed by an organization,đội ngũ nhân viên của một tổ chức,không,,Root gốc
remark,verb,to say something as a comment; to notice or observe,"nói ra một điều gì đó như một nhận xét; để ý, nhận thấy",không,,Root gốc
embarrass,verb,"to cause someone to feel awkward, self-conscious, or ashamed","khiến ai đó cảm thấy ngượng ngùng, xấu hổ",không,,Root gốc
efficient,adjective,achieving maximum productivity with minimum wasted effort,"có hiệu quả, làm việc năng suất mà ít lãng phí",không,,Root gốc
pet,noun,a domesticated animal kept for companionship,"vật nuôi trong nhà, thú cưng",không,,Root gốc
host,noun,a person who receives or entertains guests,"chủ nhà, người tiếp đón khách",không,,Root gốc
hostile,adjective,"unfriendly, antagonistic, or aggressive","thù địch, mang tính đối kháng",không,,Root gốc
humble,adjective,having or showing a modest or low estimate of one's importance,"khiêm tốn, nhún nhường",không,,Root gốc
humor,noun,the quality of being amusing or comic,"sự hài hước, óc khôi hài",không,,Root gốc
peer,noun,"a person of the same status, rank, or age as another","người ngang hàng, người cùng địa vị",không,,Root gốc
people,noun,human beings in general or considered collectively,"con người, dân chúng nói chung",không,,Root gốc
isolate,verb,to cause a person or thing to be alone or separated from others,"cô lập, tách riêng ra",không,,Root gốc
invade,verb,to enter a country or territory by military force in order to conquer it,"xâm lược, tấn công xâm chiếm",không,,Root gốc
become,verb,"to begin to be, to come to be","trở nên, trở thành",không,,Root gốc
beef,noun,"the meat of a cow, bull, or ox",thịt bò,không,,Root gốc
hundred,number,the number equivalent to ten times ten,số một trăm,không,,Root gốc
leave,verb,to go away from a place or person,"rời đi, rời khỏi",không,,Root gốc
notice,verb,to become aware of or observe something,"để ý, nhận thấy",không,,Root gốc
indicate,verb,to point out or show something,"chỉ ra, cho biết",không,,Root gốc
instinct,noun,"an innate, natural pattern of behavior",bản năng,không,,Root gốc
regard,verb,to consider or think of in a particular way,"coi là, xem như",không,,Root gốc
erect,adjective,"standing up straight, vertical","thẳng đứng, dựng đứng",không,,Root gốc
resource,noun,"a stock or supply of materials, assets, or ability that can be drawn on","nguồn lực, tài nguyên",không,,Root gốc
region,noun,"an area or division, especially part of a country or the world","vùng, khu vực",không,,Root gốc
rocket,noun,"a vehicle or device propelled by a jet engine, used to travel through air or space",tên lửa,không,,Root gốc
rhetoric,noun,the art of effective or persuasive speaking or writing,"nghệ thuật hùng biện, tu từ",không,,Root gốc
rhythm,noun,"a strong, regular repeated pattern of movement or sound",nhịp điệu,không,,Root gốc
risk,noun,a situation involving exposure to danger or possible loss,"rủi ro, nguy cơ",không,,Root gốc
far,adverb,"at, to, or by a great distance","xa, ở khoảng cách lớn",không,,Root gốc
fashion,noun,"a popular trend or style, especially in clothing","thời trang, phong cách thịnh hành",không,,Root gốc
restore,verb,to bring back to a former or original condition,"khôi phục, phục hồi",không,,Root gốc
combat,noun,fighting between armed forces,"chiến đấu, giao tranh",không,,Root gốc
combine,verb,to join or merge to form a single unit,"kết hợp, hợp nhất",không,,Root gốc
ethic,noun,a set of moral principles governing behavior,nguyên tắc đạo đức,không,,Root gốc
challenge,noun,a task or situation that tests someone's abilities,thử thách,không,,Root gốc
chart,noun,a diagram or graphical representation of data,biểu đồ,không,,Root gốc
bin,noun,a container used to hold waste or store items,thùng đựng rác hoặc đồ vật,không,,Root gốc
plot,noun,the main sequence of events in a story; a secret plan,cốt truyện; âm mưu,không,,Root gốc
plug,noun,"a device for making an electrical connection, or an object used to block a hole",phích cắm; nút bịt lỗ,không,,Root gốc
pink,adjective,of a pale red color,màu hồng,không,,Root gốc
pitch,noun,the highness or lowness of a sound; a playing field,độ cao thấp của âm thanh; sân thi đấu,không,,Root gốc
toe,noun,one of the digits of the foot,ngón chân,không,,Root gốc
improve,verb,to make or become better,"cải thiện, làm cho tốt hơn",không,,Root gốc
piano,noun,a large keyboard musical instrument with wire strings,đàn piano,không,,Root gốc
hungry,adjective,feeling or displaying the need for food,"đói, cảm thấy cần ăn",không,,Root gốc
hurry,verb,to move or act with great speed,"vội vàng, hối hả",không,,Root gốc
heavy,adjective,of great weight; difficult to lift or carry,"nặng, có trọng lượng lớn",không,,Root gốc
triumph,noun,a great victory or achievement,chiến thắng vẻ vang,không,,Root gốc
story,noun,an account of imaginary or real events,câu chuyện,không,,Root gốc
street,noun,a public road in a city or town,đường phố,không,,Root gốc
statistic,noun,a fact or piece of data from a study of a large quantity of numerical data,số liệu thống kê,không,,Root gốc
random,adjective,made or done without method or conscious decision; unpredictable,ngẫu nhiên,không,,Root gốc
chain,noun,a series of connected metal rings or links,"dây xích, chuỗi",không,,Root gốc
cinema,noun,a theater where films are shown; the film industry,"rạp chiếu phim, điện ảnh",không,,Root gốc
experience,noun,knowledge or skill gained through practice or exposure to events,"kinh nghiệm, trải nghiệm",không,,Root gốc
steer,verb,to guide or control the direction of a vehicle,"lái, điều khiển hướng đi",không,,Root gốc
stir,verb,to mix a substance by moving a spoon or other utensil through it,"khuấy, trộn",không,,Root gốc
rent,noun,a payment made periodically for the use of property,tiền thuê,không,,Root gốc
resign,verb,to voluntarily leave a job or position,"từ chức, từ bỏ",không,,Root gốc
candle,noun,"a cylinder of wax with a wick, burned to give light",cây nến,không,,Root gốc
sum,noun,the total amount resulting from addition,tổng số,không,,Root gốc
exploit,verb,"to make full use of and derive benefit from, often unfairly","khai thác, lợi dụng",không,,Root gốc
cheap,adjective,"low in price, inexpensive","rẻ, giá thấp",không,,Root gốc
cheek,noun,either side of the face below the eye,má,không,,Root gốc
chest,noun,the front part of the body between the neck and abdomen,"ngực; hòm, rương",không,,Root gốc
flood,noun,an overflow of a large amount of water beyond its normal confines,lũ lụt,không,,Root gốc
gang,noun,an organized group of criminals or associates,băng nhóm,không,,Root gốc
rat,noun,a rodent with a pointed snout and long tail,chuột cống,không,,Root gốc
realize,verb,to become fully aware of something as a fact,"nhận ra, nhận thức được",không,,Root gốc
rear,noun,the back part of something,phần phía sau,không,,Root gốc
floor,noun,the surface of a room on which one walks,sàn nhà,không,,Root gốc
swim,verb,to propel oneself through water using limbs,bơi,không,,Root gốc
teach,verb,to impart knowledge or skill to someone,"dạy, giảng dạy",không,,Root gốc
fleet,adjective,"moving swiftly, fast","nhanh nhẹn, mau lẹ",không,,Root gốc
range,noun,the area of variation between limits; a series of mountains,phạm vi biến động; dãy núi,không,,Root gốc
portray,verb,to depict or represent someone or something in a work of art or writing,"khắc họa, miêu tả",không,,Root gốc
pour,verb,to flow or cause to flow in a steady stream,"đổ, rót",không,,Root gốc
powder,noun,a substance in the form of fine dry particles,bột,không,,Root gốc
prayer,noun,a solemn request or thanksgiving addressed to a deity,lời cầu nguyện,không,,Root gốc
husband,noun,a married man in relation to his spouse,chồng,không,,Root gốc
poll,noun,a survey of opinion; the process of voting,cuộc thăm dò ý kiến; sự bỏ phiếu,không,,Root gốc
poor,adjective,lacking sufficient money or means,nghèo,không,,Root gốc
hit,verb,to strike someone or something with force,"đánh, đập, va chạm",không,,Root gốc
hall,noun,a large room or building used for meetings or events; an entrance passage,"sảnh, hội trường",không,,Root gốc
bond,noun,a connection or link between people or things,mối liên kết,không,,Root gốc
pocket,noun,a small bag sewn into or attached to clothing to hold small items,"túi áo, túi quần",không,,Root gốc
poison,noun,a substance capable of causing illness or death when introduced into an organism,chất độc,không,,Root gốc
topic,noun,a subject discussed or written about,chủ đề,không,,Root gốc
tour,noun,"a journey made for pleasure or business, visiting several places","chuyến du lịch, chuyến tham quan",không,,Root gốc
toward,preposition,in the direction of,hướng về phía,không,,Root gốc
hospital,noun,an institution providing medical treatment for the sick or injured,bệnh viện,không,,Root gốc
bowl,noun,"a round, deep dish used for food or liquid","cái bát, cái tô",không,,Root gốc
forge,verb,to make or shape metal by heating and hammering; to produce a fraudulent copy,rèn kim loại; làm giả,không,,Root gốc
business,noun,commercial activity or a commercial organization,"công việc kinh doanh, doanh nghiệp",không,,Root gốc
swear,verb,to make a solemn statement or promise; to use offensive language,"thề, tuyên thệ; chửi thề",không,,Root gốc
proper,adjective,"correct, appropriate, or suitable","đúng đắn, thích hợp",không,,Root gốc
province,noun,an administrative division of a country,"tỉnh, đơn vị hành chính",không,,Root gốc
casual,adjective,relaxed and informal in manner or style,"bình thường, không trang trọng",không,,Root gốc
supreme,adjective,highest in rank or authority,tối cao,không,,Root gốc
gaze,verb,to look steadily and intently at something,nhìn chằm chằm,không,,Root gốc
gear,noun,equipment or a toothed wheel that transmits motion in a machine,"bánh răng; đồ dùng, trang bị",không,,Root gốc
ghost,noun,the spirit of a dead person believed to appear to the living,"hồn ma, bóng ma",không,,Root gốc
further,adverb,to a greater extent or distance,"xa hơn, thêm nữa",không,,Root gốc
fossil,noun,the remains or impression of an ancient organism preserved in rock,hóa thạch,không,,Root gốc
pursue,verb,to follow someone or something in order to catch them,"theo đuổi, truy đuổi",không,,Root gốc
gather,verb,to bring together or come together in one place,"tập hợp, thu thập",không,,Root gốc
team,noun,a group of people working together toward a common goal,"đội, nhóm",không,,Root gốc
territory,noun,an area of land under the control of a ruler or state,lãnh thổ,không,,Root gốc
graduate,noun,a person who has successfully completed a course of study,người tốt nghiệp,không,,Root gốc
border,noun,a line separating two political or geographical areas,biên giới,không,,Root gốc
boss,noun,a person who is in charge of a worker or organization,"sếp, người quản lý",không,,Root gốc
profound,adjective,very great or intense; showing deep insight,"sâu sắc, sâu xa",không,,Root gốc
promise,noun,a declaration that one will do or not do something,lời hứa,không,,Root gốc
gold,noun,"a precious yellow metal, chemical element","vàng, kim loại quý",không,,Root gốc
preside,verb,to be in charge of or lead a meeting or event,chủ trì,không,,Root gốc
prince,noun,"a male member of a royal family, especially a king's son",hoàng tử,không,,Root gốc
button,noun,a small disc or knob used to fasten clothing or operate a device,"cái nút, khuy áo",không,,Root gốc
calm,adjective,"not showing or feeling nervousness, anger, or other strong emotions; still","bình tĩnh, yên tĩnh",không,,Root gốc
hate,verb,to feel intense dislike for someone or something,"ghét, căm ghét",không,,Root gốc
hazard,noun,a danger or risk,mối nguy hiểm,không,,Root gốc
burst,verb,to break suddenly and violently apart,"nổ tung, vỡ tung",không,,Root gốc
bus,noun,a large motor vehicle carrying passengers,xe buýt,không,,Root gốc
ignore,verb,to refuse to take notice of or acknowledge something,"phớt lờ, bỏ qua",không,,Root gốc
illustrate,verb,to explain or make clear by using examples or pictures,minh họa,không,,Root gốc
precious,adjective,of great value; not to be wasted,quý giá,không,,Root gốc
hail,noun,small balls of ice falling as precipitation,mưa đá,không,,Root gốc
prison,noun,a building where people are confined as punishment,nhà tù,không,,Root gốc
vote,noun,a formal expression of choice in an election,"lá phiếu, sự bỏ phiếu",không,,Root gốc
warn,verb,to inform someone in advance of a possible danger,cảnh báo,không,,Root gốc
alcohol,noun,"an intoxicating liquid found in drinks such as beer, wine, and spirits","rượu, cồn",không,,Root gốc
athlete,noun,a person who is skilled in physical sports and exercises,vận động viên,không,,Root gốc
attach,verb,to fasten or join one thing to another,"gắn, đính kèm",không,,Root gốc
manifest,verb,to display or show a quality or feeling clearly,"biểu hiện, thể hiện rõ ràng",không,,Root gốc
manipulate,verb,"to handle or control skillfully, or to influence unfairly","thao túng, điều khiển khéo léo",không,,Root gốc
visit,verb,to go to see a person or place,"thăm, đến thăm",không,,Root gốc
announce,verb,to make a public or formal statement about a fact or event,"thông báo, công bố",không,,Root gốc
wealth,noun,an abundance of valuable possessions or money,"sự giàu có, của cải",không,,Root gốc
magic,noun,the power of apparently influencing events by supernatural forces,phép thuật,không,,Root gốc
current,noun,"a continuous flow of water, air, or electricity in a specific direction","dòng chảy, dòng điện",không,,Root gốc
curve,noun,a line or surface that bends gradually,đường cong,không,,Root gốc
custody,noun,the protective care or guardianship of someone or something,"sự giam giữ, quyền nuôi dưỡng",không,,Root gốc
smile,verb,to form a facial expression showing pleasure by curving the lips upward,mỉm cười,không,,Root gốc
silver,noun,"a precious grayish-white metal, chemical element","bạc, kim loại quý",không,,Root gốc
danger,noun,a situation or state that may cause harm or injury,"sự nguy hiểm, tình trạng có thể gây hại",không,,Root gốc
ski,noun,a long narrow board attached to the foot for gliding over snow,ván trượt tuyết,không,,Root gốc
slide,verb,to move smoothly along a surface without leaving it,"trượt, lướt trên bề mặt",không,,Root gốc
who,pronoun,used to ask about the identity of a person,ai (đại từ nghi vấn chỉ người),không,,Root gốc
crush,verb,to press something forcefully so as to break or deform it,"nghiền nát, ép vỡ",không,,Root gốc
wrist,noun,the joint connecting the hand with the forearm,cổ tay,không,,Root gốc
wed,verb,to marry someone,"kết hôn, lấy nhau",không,,Root gốc
wet,adjective,covered or soaked with liquid,"ướt, ẩm ướt",không,,Root gốc
youth,noun,the period of life when one is young,"tuổi trẻ, thời niên thiếu",không,,Root gốc
amaze,verb,to surprise someone greatly,"làm kinh ngạc, làm sửng sốt",không,,Root gốc
accommodate,verb,"to provide lodging or space for, or to adapt to fit","chứa, cung cấp chỗ ở, thích ứng với",không,,Root gốc
young,adjective,having lived or existed for only a short time,"trẻ, còn ít tuổi",không,,Root gốc
acute,adjective,"sharp, severe, or sensed keenly","sắc bén, gay gắt, cấp tính",không,,Root gốc
yield,verb,"to give way, surrender, or produce a result","nhượng bộ, đầu hàng, sinh lợi",không,,Root gốc
address,noun,the details of where a person or place is located,địa chỉ,không,,Root gốc
would,verb,modal verb expressing intention or a hypothetical action,"sẽ, muốn (động từ khuyết thiếu diễn tả ý định/giả định)",không,,Root gốc
wrap,verb,to cover or enclose something by folding material around it,"gói, bọc lại",không,,Root gốc
absurd,adjective,wildly unreasonable or illogical,"vô lý, phi lý, lố bịch",không,,Root gốc
wheat,noun,a cereal grain used to make flour,lúa mì,không,,Root gốc
which,pronoun,used to ask about a choice among a set of things,cái nào (đại từ nghi vấn chỉ sự lựa chọn),không,,Root gốc
snake,noun,a long limbless reptile,con rắn,không,,Root gốc
crowd,noun,a large number of people gathered together,đám đông,không,,Root gốc
site,noun,a particular place or location,"địa điểm, vị trí",không,,Root gốc
nest,noun,a structure built by a bird to lay its eggs in,tổ (chim),không,,Root gốc
linger,verb,to stay somewhere longer than necessary,"nán lại, lưu luyến không muốn rời",không,,Root gốc
litre,noun,a metric unit of volume,lít (đơn vị đo thể tích),không,,Root gốc
liable,adjective,"legally responsible, or likely to do something","có trách nhiệm pháp lý, dễ mắc phải",không,,Root gốc
lap,noun,"the flat area formed by the upper legs of a seated person; also, one circuit of a track or the act of extending over something",đùi (khi ngồi); vòng đua; sự gối lên nhau,không,,Root gốc
leather,noun,material made from the skin of an animal,da (thuộc),không,,Root gốc
my,pronoun,belonging to or associated with the speaker,của tôi (đại từ sở hữu),không,,Root gốc
naked,adjective,without clothes or covering,"trần truồng, trơ trụi",không,,Root gốc
dare,verb,to have the courage to do something,dám (làm gì),không,,Root gốc
debate,noun,a formal discussion of opposing views,cuộc tranh luận,không,,Root gốc
sole,adjective,"being the only one, single","duy nhất, chỉ có một",không,,Root gốc
cost,noun,the amount of money needed to buy or do something,"giá cả, chi phí",không,,Root gốc
counter,verb,to act or speak in opposition to something,"đối lại, chống lại, phản bác",không,,Root gốc
defeat,verb,to overcome or beat someone in a contest,"đánh bại, làm thất bại",không,,Root gốc
difficult,adjective,needing much effort or skill to accomplish,khó khăn,không,,Root gốc
dance,noun,a series of rhythmic movements performed to music,"điệu nhảy, sự khiêu vũ",không,,Root gốc
scatter,verb,to throw or spread things in different directions,"làm tan tác, rải rác",không,,Root gốc
desert,verb,"to abandon a person, cause, or place without permission","bỏ rơi, đào ngũ, ruồng bỏ",không,,Root gốc
desperate,adjective,feeling or showing a hopeless sense of urgency,"tuyệt vọng, liều lĩnh vì cùng quẫn",không,,Root gốc
devastate,verb,to destroy or ruin something completely,"tàn phá, hủy hoại nặng nề",không,,Root gốc
deed,noun,an action that is performed intentionally,"hành động, việc làm",không,,Root gốc
shut,verb,to close something,đóng lại,không,,Root gốc
delicious,adjective,highly pleasant to the taste,"ngon, thơm ngon",không,,Root gốc
delight,noun,a feeling of great pleasure,"niềm vui thích, sự hân hoan",không,,Root gốc
jail,noun,a place where criminals are confined,"nhà tù, nhà giam",không,,Root gốc
jazz,noun,a genre of music originating from African American communities,nhạc jazz,không,,Root gốc
applicable,adjective,relevant or appropriate to a particular situation,"có thể áp dụng, thích hợp",không,,Root gốc
apply,verb,"to make a formal request, or to put something into use","áp dụng, nộp đơn xin",không,,Root gốc
approach,verb,to come near or nearer to something in place or time,"tiếp cận, đến gần",không,,Root gốc
twist,verb,"to form into a bent, curling, or distorted shape","xoắn, vặn",không,,Root gốc
unique,adjective,being the only one of its kind,"độc đáo, duy nhất, có một không hai",không,,Root gốc
library,noun,a place housing a collection of books for reading or borrowing,thư viện,không,,Root gốc
till,verb,to prepare and cultivate land for growing crops,"cày cấy, canh tác đất",không,,Root gốc
brand,noun,a type of product made by a particular company under a name,"nhãn hiệu, thương hiệu",không,,Root gốc
brave,adjective,ready to face danger without fear,"dũng cảm, can đảm",không,,Root gốc
bride,noun,a woman on her wedding day,cô dâu,không,,Root gốc
big,adjective,of great size or extent,"to lớn, to",không,,Root gốc
thrill,noun,a sudden feeling of excitement or fear,"sự hồi hộp, cảm giác phấn khích",không,,Root gốc
police,noun,the official force responsible for enforcing the law,cảnh sát,không,,Root gốc
pond,noun,a small body of still water,ao,không,,Root gốc
purchase,verb,to buy something,mua sắm,không,,Root gốc
career,noun,an occupation pursued over a significant period of a person's life,"sự nghiệp, nghề nghiệp",không,,Root gốc
carpet,noun,a thick woven fabric used as a floor covering,thảm,không,,Root gốc
carve,verb,to cut a hard material to produce an object or design,"chạm khắc, khắc",không,,Root gốc
cash,noun,money in the form of coins or banknotes,tiền mặt,không,,Root gốc
puzzle,noun,a game or problem that tests ingenuity,"câu đố, trò chơi trí tuệ",không,,Root gốc
be,verb,"to exist, or to have a specified state or quality","là, thì, ở, tồn tại",không,,Root gốc
thumb,noun,the short thick finger of the hand set apart from the other four,ngón tay cái,không,,Root gốc
thread,noun,a long thin strand of spun fiber,sợi chỉ,không,,Root gốc
threat,noun,a statement of an intention to cause harm,"mối đe dọa, lời đe dọa",không,,Root gốc
genuine,adjective,"truly what it is said to be, authentic","chân thật, đích thực",không,,Root gốc
fur,noun,the short fine soft hair of certain animals,lông (thú),không,,Root gốc
fork,noun,a utensil with prongs used for eating or a tool for digging,"cái nĩa, cái chĩa",không,,Root gốc
freeze,verb,"to turn into ice, or to become rigid with cold","đông lạnh, đóng băng",không,,Root gốc
proud,adjective,feeling deep pleasure from one's achievements,"tự hào, hãnh diện",không,,Root gốc
publish,verb,to make information or a work available to the public,"xuất bản, công bố",không,,Root gốc
proceed,verb,to continue with a course of action,"tiến hành, tiếp tục thực hiện",không,,Root gốc
camera,noun,a device used for taking photographs or recording video,"máy ảnh, máy quay phim",không,,Root gốc
gorgeous,adjective,strikingly beautiful or attractive,"lộng lẫy, xinh đẹp",không,,Root gốc
grain,noun,"a small hard seed of a cereal plant, or the texture of wood","hạt (ngũ cốc), thớ (gỗ)",không,,Root gốc
bother,verb,to cause trouble or annoyance to someone,"làm phiền, quấy rầy",không,,Root gốc
theme,noun,the main subject or idea of a piece of work,chủ đề,không,,Root gốc
thin,adjective,having little thickness or width,"mỏng, gầy",không,,Root gốc
thousand,noun,the number equal to ten hundred,một nghìn,không,,Root gốc
sudden,adjective,happening quickly and unexpectedly,"đột ngột, bất ngờ",không,,Root gốc
sugar,noun,a sweet crystalline substance used to sweeten food,đường,không,,Root gốc
chief,noun,the leader or head of a group or organization,"người đứng đầu, thủ lĩnh",không,,Root gốc
chip,noun,a small fragment broken off a larger object,"mảnh vỡ, miếng nhỏ",không,,Root gốc
explicit,adjective,"stated clearly and in detail, leaving no room for confusion","rõ ràng, minh bạch, cụ thể",không,,Root gốc
fan,noun,"a device for creating a current of air, or something shaped like it",quạt (dụng cụ tạo gió); vật có hình nan quạt xòe ra,không,,Root gốc
repeat,verb,to say or do something again,lặp lại,không,,Root gốc
republic,noun,a state in which supreme power is held by elected representatives,nước cộng hòa,không,,Root gốc
record,verb,to set something down in writing or by other means for later use,"ghi lại, ghi âm/ghi hình",không,,Root gốc
recruit,verb,to enlist someone as a member or worker,"tuyển mộ, tuyển dụng",không,,Root gốc
flaw,noun,"a mark, blemish, or imperfection","khuyết điểm, tì vết",không,,Root gốc
choir,noun,an organized group of singers,"dàn hợp xướng, ca đoàn",không,,Root gốc
stun,verb,"to knock unconscious, or to shock someone greatly","làm choáng váng, gây sửng sốt",không,,Root gốc
chat,verb,"to talk in a friendly, informal way","trò chuyện, tán gẫu",không,,Root gốc
cheese,noun,a food made from pressed curds of milk,phô mai,không,,Root gốc
cancer,noun,a disease caused by uncontrolled cell division,bệnh ung thư,không,,Root gốc
tape,noun,a long narrow strip of material used for fastening or recording,"băng, dải băng",không,,Root gốc
rapid,adjective,happening or moving very quickly,"nhanh, mau lẹ",không,,Root gốc
reach,verb,"to stretch out an arm to touch or grasp something, or to arrive at","vươn tới, đạt tới",không,,Root gốc
raise,verb,"to move something to a higher position, or to increase","nâng lên, dấy lên, tăng lên",không,,Root gốc
flour,noun,"a powder made by grinding grain, used to make bread",bột mì,không,,Root gốc
follow,verb,to go or come after a person or thing,"theo, đi theo",không,,Root gốc
for,,"the numeral ""four"", as it appears in words like forty and fortieth (an alternate spelling of the number four)","số bốn (biến thể chính tả trong 'forty', 'fortieth', không phải giới từ 'for')",có,,chưa chắc chắn - cần rà tay
recent,adjective,having happened or begun not long ago,"gần đây, mới đây",không,,Root gốc
hip,noun,the projecting part of each side of the pelvis,hông,không,,Root gốc
pop,verb,"to make a short, sharp explosive sound, or to move suddenly","nổ bốp, bật ra đột ngột",không,,Root gốc
preach,verb,to deliver a religious or moral message publicly,"giảng đạo, thuyết giáo",không,,Root gốc
precedent,noun,an earlier event or case used as an example or guide for later ones,tiền lệ,không,,Root gốc
idiot,noun,a stupid person,"kẻ ngốc, người ngu ngốc",không,,Root gốc
symptom,noun,a physical or mental sign indicating a disease or condition,triệu chứng,không,,Root gốc
tale,noun,a fictional or true story,"câu chuyện, truyện kể",không,,Root gốc
tank,noun,"a large container for liquid or gas, or an armored military vehicle",bể chứa; xe tăng,không,,Root gốc
tin,noun,"a soft silvery-white metal, or a container made of it",thiếc; hộp thiếc,không,,Root gốc
blast,noun,a powerful explosion or a strong gust of air,"vụ nổ, luồng gió mạnh",không,,Root gốc
bleed,verb,to lose blood from the body,chảy máu,không,,Root gốc
bless,verb,to ask for God's favor and protection over someone,"ban phước, chúc phúc",không,,Root gốc
toll,noun,"a charge payable for the use of a road, bridge, or similar","phí cầu đường, thuế",không,,Root gốc
tool,noun,a device used to carry out a particular function,"công cụ, dụng cụ",không,,Root gốc
chamber,noun,"an enclosed space or room, especially one used for a formal purpose","phòng, buồng, khoang",không,,Root gốc
chance,noun,"a possibility of something happening, or an opportunity","cơ hội, sự may rủi",không,,Root gốc
immediate,adjective,"occurring or done at once, without delay",ngay lập tức,không,,Root gốc
immense,adjective,extremely large or great in size or degree,"to lớn, mênh mông, vô cùng",không,,Root gốc
pile,noun,a heap of things laid or lying one on top of another,"đống, chồng",không,,Root gốc
heaven,noun,the place regarded in religion as the abode of God,thiên đường,không,,Root gốc
hence,adverb,"for this reason, or from this point onward","do đó, từ đây",không,,Root gốc
pirate,noun,someone who attacks and robs ships at sea,cướp biển,không,,Root gốc
plan,noun,a detailed proposal for achieving something,kế hoạch,không,,Root gốc
plastic,adjective,"capable of being molded or shaped, pliable","dễ uốn nắn, có thể tạo hình",không,,Root gốc
clinic,noun,a place providing medical treatment or advice,phòng khám,không,,Root gốc
clip,noun,"a device that grips or fastens things together, or a short cutting",cái kẹp; đoạn cắt ngắn,không,,Root gốc
troop,noun,"a group of soldiers, or a large group of people/animals","đội quân, binh đoàn, đoàn người",không,,Root gốc
trophy,,"nourishment or growth, as in dystrophy and hypertrophy (from Greek trophe)","sự nuôi dưỡng, sự phát triển (không phải nghĩa 'cúp/giải thưởng')",có,,Root gốc
attain,verb,to succeed in achieving something through effort,đạt được,không,,Root gốc
bias,noun,a strong inclination or prejudice toward or against something,"sự thiên vị, định kiến",không,,Root gốc
tragic,adjective,causing or characterized by extreme distress or sorrow,"bi thảm, đau thương",không,,Root gốc
plead,verb,"to ask for something earnestly, or to argue a case in court","cầu xin, biện hộ",không,,Root gốc
residue,noun,material that remains after a process or reaction,"phần còn lại, cặn, chất cặn bã",không,,Root gốc
compile,verb,to gather information together and put it in order,"biên soạn, tập hợp, biên dịch",không,,Root gốc
complicate,verb,to make something more complex or difficult,"làm cho phức tạp, gây rắc rối",không,,Root gốc
compromise,noun,a settlement reached by mutual concession,"sự thỏa hiệp, sự nhượng bộ lẫn nhau",không,,Root gốc
circuit,noun,a roughly circular route or a closed electrical path,"mạch điện; vòng, tuyến đường khép kín",không,,Root gốc
citizen,noun,a legally recognized member of a state or nation,công dân,không,,Root gốc
expire,verb,to come to an end; to breathe out,"hết hạn; (nghĩa cổ) thở ra, tắt thở",không,,Root gốc
cliff,noun,"a steep, high rock face","vách đá, mỏm đá dựng đứng",không,,Root gốc
partner,noun,a person who takes part in an undertaking with another,"đối tác, người cùng hợp tác",không,,Root gốc
belief,noun,trust or confidence that something is true,"niềm tin, sự tin tưởng",không,,Root gốc
belt,noun,a strip of material worn around the waist,"thắt lưng, dây đai",không,,Root gốc
betray,verb,"to be disloyal to, or to reveal unintentionally","phản bội, phản lại",không,,Root gốc
travel,verb,to go from one place to another,"đi du lịch, di chuyển, đi lại",không,,Root gốc
treasure,noun,"wealth or precious objects, especially of great value","kho báu, của cải quý giá",không,,Root gốc
relax,verb,to become or make less tense or anxious,"thư giãn, làm dịu, nới lỏng",không,,Root gốc
relieve,verb,"to lessen pain, distress or discomfort","làm giảm bớt, xoa dịu",không,,Root gốc
lend,verb,to grant the temporary use of something,"cho vay, cho mượn",không,,Root gốc
patent,noun,an official grant of exclusive right to an invention,"bằng sáng chế, văn bằng độc quyền",không,,Root gốc
interview,noun,a formal meeting for discussion or evaluation,cuộc phỏng vấn,không,,Root gốc
beach,noun,a sandy or pebbly shore by the sea,bãi biển,không,,Root gốc
bee,noun,a flying insect that makes honey,con ong,không,,Root gốc
peculiar,adjective,strange or unusual; distinctive to one thing,"kỳ lạ, khác thường, đặc trưng riêng",không,,Root gốc
pension,noun,a regular payment made during retirement,"lương hưu, trợ cấp hưu trí",không,,Root gốc
issue,noun,"an important topic, or a numbered publication","vấn đề; số phát hành (báo, tạp chí)",không,,Root gốc
few,adjective,a small number of,"ít, một số ít",không,,Root gốc
fibre,noun,a thread or filament forming tissue or material,"sợi (vải, thực phẩm...)",không,,Root gốc
finish,verb,to bring a task or activity to an end,"hoàn thành, kết thúc",không,,Root gốc
episode,noun,"one event in a series, or one part of a program","một tập (phim, truyện); một sự việc, giai đoạn",không,,Root gốc
equip,verb,to supply with the items needed for a purpose,"trang bị, cung cấp thiết bị cần thiết",không,,Root gốc
escalate,verb,to increase rapidly in extent or intensity,"leo thang, tăng nhanh",không,,Root gốc
obvious,adjective,easily perceived or understood; clear,"rõ ràng, hiển nhiên, dễ thấy",không,,Root gốc
occasion,noun,a particular time or event,"dịp, cơ hội, thời điểm cụ thể",không,,Root gốc
charm,noun,the power or quality of delighting or attracting,"sự duyên dáng, sức quyến rũ",không,,Root gốc
statue,noun,a carved or cast figure of a person or animal,bức tượng,không,,Root gốc
rifle,noun,a firearm with a long grooved barrel,súng trường,không,,Root gốc
rip,verb,to tear apart roughly or quickly,"xé rách, xé toạc",không,,Root gốc
rob,verb,to steal from a person or place,"cướp, ăn cướp, trộm cắp",không,,Root gốc
robust,adjective,strong and healthy; vigorous,"khỏe mạnh, cường tráng, vững chắc",không,,Root gốc
entrepreneur,noun,a person who organizes and operates a business,"doanh nhân, người khởi nghiệp",không,,Root gốc
reveal,verb,to make previously unknown information known,"tiết lộ, hé lộ, để lộ ra",không,,Root gốc
secretary,noun,a person employed to handle correspondence and records,thư ký,không,,Root gốc
seek,verb,to attempt to find or obtain something,tìm kiếm,không,,Root gốc
seem,verb,to give the impression of being something,"có vẻ, dường như",không,,Root gốc
segment,noun,a part into which something is or can be divided,"đoạn, phần, khúc",không,,Root gốc
enorm,,"extraordinarily large; exceeding the normal measure (from Latin enormis, 'out of the norm')","cực kỳ to lớn, vượt mức thông thường",có,,Root gốc
entire,adjective,"whole; complete, with no part left out","toàn bộ, trọn vẹn, hoàn toàn",không,,Root gốc
drain,verb,to cause liquid to flow away gradually,"làm ráo nước, thoát nước dần",không,,Root gốc
drug,noun,a medicine or other substance affecting the body,"thuốc, dược phẩm; ma túy",không,,Root gốc
split,verb,"to divide or break apart, especially forcibly","chia tách, tách ra",không,,Root gốc
sponsor,noun,a person or organization that provides support,"nhà tài trợ, người bảo trợ",không,,Root gốc
spouse,noun,a husband or wife,"vợ hoặc chồng, người phối ngẫu",không,,Root gốc
comedy,noun,"a genre of humorous, light-hearted entertainment",hài kịch,không,,Root gốc
comic,adjective,causing or intended to cause laughter,"gây cười, hài hước",không,,Root gốc
compassion,noun,sympathetic concern for the suffering of others,"lòng trắc ẩn, lòng thương cảm",không,,Root gốc
starve,verb,to suffer or die from lack of food,"chết đói, bị đói",không,,Root gốc
secret,adjective,kept hidden from the knowledge of others,"bí mật, được giữ kín",không,,Root gốc
convict,verb,to declare someone guilty of a criminal offense,"kết tội, tuyên án có tội",không,,Root gốc
convince,verb,to persuade someone firmly to believe something,thuyết phục,không,,Root gốc
eleven,numeral,the number 11,số mười một,không,,Root gốc
elite,noun,a select group seen as the most powerful or skilled,"tầng lớp tinh hoa, ưu tú",không,,Root gốc
coffee,noun,a hot drink made from roasted ground beans,cà phê,không,,Root gốc
coin,noun,"a flat, typically round piece of metal used as money",đồng tiền xu,không,,Root gốc
cold,adjective,having a low temperature,lạnh,không,,Root gốc
college,noun,an institution of higher or further education,"trường cao đẳng, đại học",không,,Root gốc
remember,verb,to recall information or an experience to mind,"nhớ, ghi nhớ",không,,Root gốc
fence,noun,a barrier enclosing an area of ground,hàng rào,không,,Root gốc
fever,noun,an abnormally high body temperature,"sốt, cơn sốt",không,,Root gốc
element,noun,a basic or essential part of something,"yếu tố, thành phần cơ bản",không,,Root gốc
elephant,noun,a very large mammal with a trunk and tusks,con voi,không,,Root gốc
elevate,verb,to raise to a higher position or level,"nâng lên, nâng cao",không,,Root gốc
row,verb,to propel a boat using oars,chèo (thuyền),không,,Root gốc
contemplate,verb,to think deeply and at length about something,"suy ngẫm, chiêm nghiệm",không,,Root gốc
infant,noun,a very young child or baby,"trẻ sơ sinh, trẻ nhỏ",không,,Root gốc
insect,noun,a small arthropod with six legs and usually wings,côn trùng,không,,Root gốc
panel,noun,"a flat distinct section, or a group of experts","tấm, bảng; nhóm chuyên gia",không,,Root gốc
parallel,adjective,side by side and always the same distance apart,song song,không,,Root gốc
orange,noun,"a round citrus fruit, or its color",quả cam; màu cam,không,,Root gốc
same,adjective,identical; not different,"giống nhau, như nhau",không,,Root gốc
evil,adjective,profoundly immoral or wicked,"xấu xa, độc ác, tà ác",không,,Root gốc
evoke,verb,to bring a feeling or memory to mind,"gợi lên, khơi dậy",không,,Root gốc
awkward,adjective,causing embarrassment or difficulty; clumsy,"vụng về, lúng túng",không,,Root gốc
other,adjective,different from the one already mentioned,khác,không,,Root gốc
oxygen,noun,a chemical element essential for life,"oxy, dưỡng khí",không,,Root gốc
page,noun,one side of a sheet of paper in a book,"trang (sách, giấy)",không,,Root gốc
palace,noun,the official residence of a monarch or dignitary,cung điện,không,,Root gốc
palm,noun,the inner surface of the hand; also a tropical tree,lòng bàn tay; cây cọ,không,,Root gốc
juice,noun,liquid extracted from fruit or vegetables,"nước ép, nước trái cây",không,,Root gốc
keen,adjective,having sharp enthusiasm or intensity,"hăng hái, nhiệt tình; sắc bén",không,,Root gốc
arrow,noun,a thin pointed projectile shot from a bow,mũi tên,không,,Root gốc
as,conjunction,"used to indicate comparison, manner, or reason","như, khi, bởi vì",không,,Root gốc
assess,verb,to evaluate or estimate the nature of something,đánh giá,không,,Root gốc
kiss,verb,to touch with the lips as a greeting or sign of affection,hôn,không,,Root gốc
knife,noun,an instrument with a sharp blade used for cutting,con dao,không,,Root gốc
aunt,noun,the sister of one's father or mother,"cô, dì, thím, bác gái",không,,Root gốc
automatic,adjective,operating independently of direct human control,tự động,không,,Root gốc
autumn,noun,the season between summer and winter,mùa thu,không,,Root gốc
dual,adjective,"consisting of two parts, elements or aspects","kép, gồm hai phần",không,,Root gốc
routine,noun,"a regular, fixed sequence of actions","thói quen, lịch trình thường lệ",không,,Root gốc
dynamic,adjective,characterized by constant activity or change,năng động,không,,Root gốc
earn,verb,to obtain money or reward in return for work,kiếm được (tiền),không,,Root gốc
dirt,noun,"unclean matter, especially soil or dust","đất bẩn, bụi bẩn",không,,Root gốc
disaster,noun,a sudden event causing great damage or suffering,thảm họa,không,,Root gốc
drag,verb,to pull something along forcefully,kéo lê,không,,Root gốc
license,noun,"an official permit to do, use, or own something",giấy phép,không,,Root gốc
monument,noun,a structure built to honor a person or event,"tượng đài, công trình tưởng niệm",không,,Root gốc
joke,noun,something said or done to cause laughter,"câu nói đùa, trò đùa",không,,Root gốc
opera,noun,a dramatic work set to music and sung,nhạc kịch opera,không,,Root gốc
opinion,noun,a view or judgment not necessarily based on fact,"ý kiến, quan điểm",không,,Root gốc
now,adverb,at the present time or moment,"bây giờ, hiện nay",không,,Root gốc
obey,verb,"to comply with an instruction, order, or law","vâng lời, tuân theo",không,,Root gốc
twelve,numeral,the number 12,số mười hai,không,,Root gốc
item,noun,an individual article or entry in a list,"mục, khoản, món đồ",không,,Root gốc
department,noun,a division of an organization or institution,"phòng, ban, khoa",không,,Root gốc
send,verb,to cause something to go or be conveyed somewhere,"gửi, gửi đi",không,,Root gốc
sentence,noun,"a grammatical unit of words, or a judicial punishment",câu (ngữ pháp); bản án,không,,Root gốc
sequence,noun,a set of related events or things in a particular order,"chuỗi, trình tự, dãy",không,,Root gốc
scare,verb,to frighten someone suddenly,"làm sợ hãi, hù dọa",không,,Root gốc
must,verb,used to express necessity or strong obligation,"phải, cần phải",không,,Root gốc
mutual,adjective,shared or felt equally by two or more parties,"lẫn nhau, chung, tương hỗ",không,,Root gốc
loop,noun,a shape produced by a curve that bends back to cross itself,"vòng, vòng lặp",không,,Root gốc
serious,adjective,solemn or important; not casual or trivial,"nghiêm túc, nghiêm trọng",không,,Root gốc
doctor,noun,a qualified practitioner of medicine,"bác sĩ, tiến sĩ",không,,Root gốc
document,noun,a written or printed record providing information,"tài liệu, văn bản",không,,Root gốc
dose,noun,a measured quantity of a medicine,liều (thuốc),không,,Root gốc
dot,noun,a small round mark,"dấu chấm, chấm nhỏ",không,,Root gốc
concrete,adjective,"existing in a specific, actual, or physical form","cụ thể, xác thực",không,,Root gốc
shatter,verb,to break suddenly and violently into pieces,"làm vỡ tan, đập vỡ",không,,Root gốc
depart,verb,"to leave, especially to start a journey","khởi hành, rời đi",không,,Root gốc
exaggerate,verb,to represent something as greater than it really is,"phóng đại, thổi phồng",không,,Root gốc
condemn,verb,"to express strong disapproval of, or sentence to punishment","lên án, kết án",không,,Root gốc
confuse,verb,to cause someone to be bewildered or unclear in mind,"làm bối rối, gây nhầm lẫn",không,,Root gốc
congratulate,verb,to express praise for an achievement or happy event,chúc mừng,không,,Root gốc
conquer,verb,to overcome and take control of by force,"chinh phục, chiếm được",không,,Root gốc
conscience,noun,an inner sense of what is right and wrong,lương tâm,không,,Root gốc
soon,adverb,in or after a short time,"sớm, chẳng bao lâu nữa",không,,Root gốc
sorry,adjective,"feeling regret, sorrow or sympathy","hối tiếc, xin lỗi, cảm thấy tiếc",không,,Root gốc
mask,noun,a covering worn over the face,"mặt nạ, khẩu trang",không,,Root gốc
while,conjunction,during the time that; whereas,"trong khi, trong lúc",không,,Root gốc
accident,noun,an unfortunate incident that happens unexpectedly,"tai nạn, sự cố bất ngờ",không,,Root gốc
alert,adjective,quick to notice and respond to things; watchful,"cảnh giác, tỉnh táo",không,,Root gốc
zone,noun,an area with particular characteristics or use,"khu vực, vùng",không,,Root gốc
winter,noun,the coldest season of the year,mùa đông,không,,Root gốc
ally,noun,"a state, person, or group cooperating with another",đồng minh,không,,Root gốc
skirt,noun,a piece of clothing that hangs from the waist and covers part of the legs,cái váy,không,,Root gốc
miracle,noun,an extraordinary event attributed to a divine or supernatural cause,"phép lạ, điều kỳ diệu",không,,Root gốc
worry,verb,to feel or cause to feel anxious or troubled,"lo lắng, lo âu",không,,Root gốc
worship,noun,reverence and adoration paid to a deity,"sự tôn thờ, sự sùng bái",không,,Root gốc
ancestor,noun,a person from whom one is descended; a forebear,"tổ tiên, ông bà",không,,Root gốc
anchor,noun,a heavy device used to moor a vessel to the sea bottom,cái neo,không,,Root gốc
mob,noun,a large disorderly crowd of people,đám đông hỗn loạn,không,,Root gốc
model,noun,a three-dimensional representation or a person who displays clothes,"mô hình, người mẫu",không,,Root gốc
margin,noun,the edge or border of something; a spare amount,"lề, biên độ, phần dư",không,,Root gốc
cousin,noun,a child of one's uncle or aunt,anh chị em họ,không,,Root gốc
crawl,verb,to move slowly with the body close to the ground,"bò, trườn",không,,Root gốc
agent,noun,"a person who acts on behalf of another, or a thing that produces an effect","đại lý, tác nhân",không,,Root gốc
whom,pronoun,the objective case of 'who',ai (dùng làm tân ngữ),không,,Root gốc
widow,noun,a woman whose spouse has died,góa phụ,không,,Root gốc
width,noun,the measurement of how wide something is,"chiều rộng, bề ngang",không,,Root gốc
adopt,verb,to take up or start to use; to legally take another's child as one's own,"nhận nuôi, áp dụng",không,,Root gốc
middle,adjective,situated at an equal distance from the extremes; central,"ở giữa, trung tâm",không,,Root gốc
mortgage,noun,"a loan used to purchase property, secured by that property",khoản thế chấp,không,,Root gốc
medicine,noun,the science or practice of treating illness; a drug,"y học, thuốc men",không,,Root gốc
medium,noun,a means by which something is communicated or achieved; a middle state,"phương tiện, mức trung bình",không,,Root gốc
meet,verb,"to come together with, encounter",gặp gỡ,không,,Root gốc
mental,adjective,relating to the mind,"thuộc về tinh thần, trí óc",không,,Root gốc
municipal,adjective,relating to a town or city with local self-government,"thuộc về thành phố, đô thị",không,,Root gốc
species,noun,a group of living organisms sharing common characteristics,loài (sinh vật),không,,Root gốc
spend,verb,to pay out money or use up time/resources,"tiêu, chi tiêu, sử dụng",không,,Root gốc
above,adverb,in or to a higher place; over,"ở trên, phía trên",không,,Root gốc
ill,adjective,not in good health; sick,"ốm, bệnh",không,,Root gốc
guest,noun,a person invited to visit or stay,"khách, người được mời",không,,Root gốc
principal,adjective,first in rank or importance; main,"chính, quan trọng nhất",không,,Root gốc
private,adjective,belonging to a particular person; not public,"riêng tư, cá nhân",không,,Root gốc
harbor,noun,a place of shelter for ships; a place of refuge,"bến cảng, nơi trú ẩn",không,,Root gốc
grind,verb,to crush or reduce to small particles by friction,"nghiền, xay, mài",không,,Root gốc
prize,noun,a reward given for winning a contest,giải thưởng,không,,Root gốc
attack,verb,to take aggressive action against,tấn công,không,,Root gốc
very,adverb,used to give emphasis; to a high degree,rất,không,,Root gốc
amend,verb,to make minor changes to improve or correct,"sửa đổi, tu chính",không,,Root gốc
voice,noun,the sound produced when speaking or singing,giọng nói,không,,Root gốc
alarm,noun,a warning of danger; anxiety or fear,"sự báo động, sự lo sợ",không,,Root gốc
viable,adjective,capable of working successfully; feasible,"khả thi, có thể thực hiện",không,,Root gốc
vicious,adjective,cruel or violent; dangerously aggressive,"hung dữ, độc ác",không,,Root gốc
abolish,verb,"to formally put an end to a law, system, or practice","bãi bỏ, xóa bỏ",không,,Root gốc
lunch,noun,a meal eaten in the middle of the day,bữa trưa,không,,Root gốc
maintain,verb,to keep in existence or in good condition,"duy trì, bảo dưỡng",không,,Root gốc
major,adjective,"important, serious, or significant","chính, lớn, quan trọng",không,,Root gốc
male,adjective,of the sex that produces sperm; masculine,"thuộc giống đực, nam giới",không,,Root gốc
march,verb,to walk in a military manner or with a steady pace,"diễu hành, hành quân",không,,Root gốc
victim,noun,a person harmed or injured by an event or action,nạn nhân,không,,Root gốc
assume,verb,to suppose to be true without proof; to take on,"giả định, cho rằng",không,,Root gốc
astonish,verb,to greatly surprise or amaze,"làm kinh ngạc, gây sửng sốt",không,,Root gốc
slap,verb,to hit with the open hand,"tát, vỗ mạnh",không,,Root gốc
crude,adjective,in a natural or raw state; roughly made,"thô, thô sơ, chưa tinh chế",không,,Root gốc
slope,noun,a surface with one end higher than the other,"dốc, độ nghiêng",không,,Root gốc
smell,verb,to perceive an odor; to give off an odor,"ngửi, có mùi",không,,Root gốc
animal,noun,"a living organism that feeds on organic matter, distinct from plants",động vật,không,,Root gốc
anticipate,verb,to expect or foresee; to look forward to,"dự đoán, mong đợi trước",không,,Root gốc
weapon,noun,a thing designed to inflict harm or damage,vũ khí,không,,Root gốc
weave,verb,to form fabric by interlacing threads,dệt,không,,Root gốc
accomplish,verb,to achieve or complete successfully,"hoàn thành, đạt được",không,,Root gốc
aid,noun,help or support given to someone,"sự giúp đỡ, viện trợ",không,,Root gốc
window,noun,an opening in a wall fitted with glass,cửa sổ,không,,Root gốc
wipe,verb,to clean or dry by rubbing,"lau, chùi",không,,Root gốc
witness,noun,"a person who sees an event take place, or gives testimony",nhân chứng,không,,Root gốc
worse,adjective,of poorer quality; comparative form of bad,"tệ hơn, xấu hơn",không,,Root gốc
midst,noun,the middle part or point of something,"giữa, ở giữa",không,,Root gốc
militia,noun,a military force raised from civilians,dân quân,không,,Root gốc
minor,adjective,"lesser in importance, size, or degree","nhỏ, thứ yếu",không,,Root gốc
mission,noun,an important assignment or task; a calling,"nhiệm vụ, sứ mệnh",không,,Root gốc
martial,adjective,relating to war or the military,thuộc về quân sự,không,,Root gốc
matter,noun,physical substance; a subject of concern,"vật chất, vấn đề",không,,Root gốc
level,noun,a position on a scale; a horizontal surface or line,"mức độ, mặt phẳng ngang",không,,Root gốc
limb,noun,"an arm, leg, or wing of a body","chi (tay, chân)",không,,Root gốc
lip,noun,one of the fleshy edges of the mouth,môi,không,,Root gốc
listen,verb,to give attention to sound,lắng nghe,không,,Root gốc
liver,noun,an organ that secretes bile and processes nutrients,gan,không,,Root gốc
loan,noun,a sum of money or item lent temporarily,"khoản vay, sự cho vay",không,,Root gốc
lobby,noun,an entrance hall; a group that seeks to influence policy,"hành lang, nhóm vận động",không,,Root gốc
native,adjective,belonging to a place by birth; indigenous,"bản địa, bẩm sinh",không,,Root gốc
appeal,verb,to make a serious or urgent request; to be attractive,"kháng cáo, thu hút",không,,Root gốc
area,noun,a region or extent of space; a subject field,"khu vực, lĩnh vực",không,,Root gốc
around,adverb,on every side; approximately; surrounding,"xung quanh, khoảng chừng",không,,Root gốc
array,noun,an impressive display or ordered arrangement,"dãy, mảng, sự sắp xếp",không,,Root gốc
arrest,verb,to seize by legal authority; to stop,"bắt giữ, chặn đứng",không,,Root gốc
arrive,verb,to reach a destination,"đến, đến nơi",không,,Root gốc
ask,verb,to put a question to; to request,"hỏi, yêu cầu",không,,Root gốc
lethal,adjective,sufficient to cause death; deadly,"gây chết người, chí mạng",không,,Root gốc
bail,noun,money paid to secure a defendant's release before trial,"tiền bảo lãnh, sự tại ngoại",không,,Root gốc
balloon,noun,a small rubber inflatable bag or large gas-filled airship,"bóng bay, khinh khí cầu",không,,Root gốc
truck,noun,a large motor vehicle for transporting goods,xe tải,không,,Root gốc
tunnel,noun,an underground passage,đường hầm,không,,Root gốc
twenty,numeral,the number equivalent to two tens,hai mươi,không,,Root gốc
uncle,noun,"the brother of one's parent, or an aunt's husband","chú, bác, cậu",không,,Root gốc
vehicle,noun,a machine used to transport people or goods,"phương tiện, xe cộ",không,,Root gốc
apart,adverb,separated by distance; into pieces,"riêng biệt, tách rời",không,,Root gốc
occur,verb,to happen; to exist or be found,"xảy ra, xuất hiện",không,,Root gốc
offence,noun,a crime or a feeling of resentment caused by an insult,"sự phạm tội, sự xúc phạm",không,,Root gốc
offend,verb,to cause resentment or hurt feelings; to break a law,"xúc phạm, vi phạm",không,,Root gốc
oral,adjective,spoken rather than written; relating to the mouth,"bằng miệng, thuộc về miệng",không,,Root gốc
it,pronoun,used to refer to a thing previously mentioned,nó,không,,Root gốc
jacket,noun,an outer garment covering the upper body,áo khoác,không,,Root gốc
jet,noun,a fast stream of liquid/gas forced out of a narrow opening; a jet-propelled aircraft,"tia (nước, khí) phun mạnh; máy bay phản lực",không,ject,Root gốc
journey,noun,an act of travelling from one place to another,"hành trình, chuyến đi",không,,Root gốc
enterprise,noun,a business organization; a bold or difficult undertaking,"doanh nghiệp, sự táo bạo",không,,Root gốc
scan,verb,to look at quickly or examine systematically,"quét, rà soát",không,,Root gốc
scream,verb,to cry out loudly and sharply,"hét lên, la hét",không,,Root gốc
discours,,"an uncertain fragment linked to Latin 'discursus/discurrere' (to run to and fro), underlying 'discourse/discursive'","chạy qua lại, bàn luận (liên quan đến 'discourse/discursive')",có,,chưa chắc chắn - cần rà tay
disk,noun,"a flat, thin, round object or storage medium",đĩa,không,,Root gốc
evident,adjective,clearly seen or understood; obvious,"rõ ràng, hiển nhiên",không,,Root gốc
exceed,verb,to go beyond a limit or amount,vượt quá,không,,Root gốc
exert,verb,"to apply or use force, ability, or influence","sử dụng sức lực, gắng sức",không,,Root gốc
shelf,noun,a flat surface for storing objects,"kệ, giá đỡ",không,,Root gốc
shelter,noun,a place giving protection from weather or danger,"nơi trú ẩn, chỗ che chở",không,,Root gốc
deprive,verb,to prevent someone from having or enjoying something,"tước đoạt, tước bỏ",không,,Root gốc
descend,verb,to move downward,"đi xuống, hạ xuống",không,,Root gốc
desk,noun,a piece of furniture with a flat surface for writing/work,bàn làm việc,không,,Root gốc
destroy,verb,to put an end to by damaging beyond repair,phá hủy,không,,Root gốc
deteriorate,verb,to become progressively worse,"xấu đi, suy giảm",không,,Root gốc
devise,verb,to plan or invent by careful thought,"nghĩ ra, sáng chế, lập kế hoạch",không,,Root gốc
spark,noun,a small fiery particle; something that starts an event,tia lửa,không,,Root gốc
conceal,verb,to hide or keep secret,che giấu,không,,Root gốc
distance,noun,the amount of space between two points,khoảng cách,không,,Root gốc
distant,adjective,far away in space or time,"xa xôi, xa cách",không,,Root gốc
divorce,verb,to legally end a marriage,"ly hôn, ly dị",không,,Root gốc
seize,verb,to take hold of suddenly and forcibly,"chiếm giữ, tóm lấy",không,,Root gốc
senior,adjective,"higher in rank, age, or status","cao cấp, cấp trên, lớn tuổi hơn",không,,Root gốc
several,adjective,more than two but not very many,"vài, một số",không,,Root gốc
silent,adjective,not making or accompanied by sound,"im lặng, yên lặng",không,,Root gốc
default,noun,a preset option; failure to fulfill an obligation,"mặc định, sự vỡ nợ",không,,Root gốc
delete,verb,to remove or erase,xóa bỏ,không,,Root gốc
costume,noun,a set of clothes in a particular style,"trang phục, y phục",không,,Root gốc
cottage,noun,"a small house, typically in the countryside","nhà tranh, nhà nhỏ",không,,Root gốc
courtesy,noun,polite behavior; a courteous act,phép lịch sự,không,,Root gốc
soak,verb,to leave immersed in liquid for a period,ngâm,không,,Root gốc
sock,noun,a knitted garment covering the foot,"tất, vớ",không,,Root gốc
rival,noun,a person or thing competing with another,đối thủ,không,,Root gốc
rod,noun,a thin straight bar or stick,"que, gậy, cần",không,,Root gốc
role,noun,the function assumed or part played by someone,vai trò,không,,Root gốc
romance,noun,a feeling of love and excitement; a love affair,chuyện tình lãng mạn,không,,Root gốc
entity,noun,a thing with distinct and independent existence,thực thể,không,,Root gốc
essay,noun,a short piece of writing on a particular subject,"bài luận, tiểu luận",không,,Root gốc
eternal,adjective,lasting forever; without beginning or end,"vĩnh cửu, vĩnh hằng",không,,Root gốc
evidence,noun,facts or information indicating whether something is true,bằng chứng,không,,Root gốc
collapse,verb,to fall down or fail suddenly,sụp đổ,không,,Root gốc
column,noun,a vertical pillar; a vertical division of a page or list,"cột (trụ, cột báo)",không,,Root gốc
fascinate,verb,to attract and hold the attention of someone strongly,"làm mê hoặc, cuốn hút mạnh mẽ",không,,Root gốc
result,noun,something that happens or follows as a consequence of an action or event,"kết quả, hậu quả",không,,Root gốc
retail,noun,"the sale of goods to the public, usually in small quantities",việc bán lẻ hàng hóa,không,,Root gốc
retire,verb,"to leave one's job and cease working, usually because of age","nghỉ hưu, về hưu",không,,Root gốc
return,verb,to come or go back to a place or state,"quay trở lại, trở về",không,,Root gốc
reward,noun,"a thing given in recognition of effort, service, or achievement",phần thưởng,không,,Root gốc
engine,noun,a machine with moving parts that converts power into motion,"động cơ, máy móc",không,,Root gốc
enhance,verb,"to intensify, increase, or further improve the quality of something","nâng cao, cải thiện, tăng cường",không,,Root gốc
consecutive,adjective,following one after another without interruption,"liên tiếp, kế tiếp nhau",không,,Root gốc
convenience,noun,"the state of being suitable, easy to use, or not causing trouble","sự thuận tiện, tiện lợi",không,,Root gốc
spider,noun,a small eight-legged arachnid that spins webs,con nhện,không,,Root gốc
spy,noun,a person who secretly collects and reports information for a government or organization,"gián điệp, người do thám",không,,Root gốc
squeeze,verb,to apply pressure to something from two or more sides,"bóp, ép, siết chặt",không,,Root gốc
stab,verb,to wound or pierce with a pointed weapon,"đâm, chọc thủng",không,,Root gốc
rubbish,noun,waste material that is discarded; trash,"rác, đồ bỏ đi",không,,Root gốc
rural,adjective,relating to or characteristic of the countryside,thuộc về nông thôn,không,,Root gốc
sample,noun,a small part or quantity intended to show what the whole is like,"mẫu, mẫu vật",không,,Root gốc
efficiency,noun,the state of achieving maximum output with minimum wasted effort or resources,"hiệu suất, hiệu quả",không,,Root gốc
elbow,noun,the joint between the forearm and the upper arm,khuỷu tay,không,,Root gốc
else,adverb,"in addition to, or other than, what has already been mentioned",khác (nữa),không,,Root gốc
emphasis,noun,special importance or significance given to something,sự nhấn mạnh,không,,Root gốc
endorse,verb,to declare one's public approval or support of something,"chứng thực, ủng hộ, xác nhận",không,,Root gốc
fuel,noun,a material burned to produce heat or power,nhiên liệu,không,,Root gốc
fulfil,verb,to bring to completion or reality; to achieve something promised or expected,"hoàn thành, thực hiện",không,,Root gốc
raid,noun,a sudden attack on an enemy or a place by armed forces or the police,"cuộc đột kích, cuộc tấn công bất ngờ",không,,Root gốc
rape,noun,the crime of forcing someone to have sexual intercourse without their consent,"tội hiếp dâm, cưỡng hiếp",không,,Root gốc
ray,noun,a narrow beam of light or other radiation,tia (sáng),không,,Root gốc
reckon,verb,to calculate or estimate; to consider or think,"tính toán, cho rằng",không,,Root gốc
recommend,verb,to suggest that someone or something is good or suitable for a purpose,"giới thiệu, đề xuất, khuyên dùng",không,,Root gốc
flavor,noun,the distinctive taste of a food or drink,hương vị,không,,Root gốc
steal,verb,"to take something without permission or legal right, without intending to return it","ăn cắp, đánh cắp",không,,Root gốc
stomach,noun,the internal organ in which digestion of food takes place,dạ dày,không,,Root gốc
strength,noun,the quality or state of being physically strong,sức mạnh,không,,Root gốc
champion,noun,a person who has defeated all rivals to win first place in a competition,nhà vô địch,không,,Root gốc
channel,noun,"a course through which water, information, or resources flow or pass","kênh (dẫn, truyền hình, thông tin)",không,,Root gốc
from,preposition,indicating the point of origin or starting point of an action or movement,"từ (một nơi, thời điểm nào đó)",không,,Root gốc
frustrate,verb,to prevent someone from accomplishing something; to cause dissatisfaction,"làm thất vọng, cản trở",không,,Root gốc
fry,verb,to cook food in hot fat or oil,"chiên, rán",không,,Root gốc
fade,verb,"to gradually diminish in brightness, color, or strength; to disappear slowly","phai nhạt, mờ dần, tàn lụi",không,,Root gốc
fake,adjective,not genuine; made to look like something real in order to deceive,"giả, giả mạo",không,,Root gốc
compel,verb,to force or oblige someone to do something,"ép buộc, bắt buộc",không,,Root gốc
chunk,noun,"a thick, solid piece of something","khối, miếng (to)",không,,Root gốc
city,noun,a large and important town,thành phố,không,,Root gốc
climb,verb,to go up a surface using one's hands and feet,"leo, trèo",không,,Root gốc
cling,verb,to hold on tightly to someone or something,"bám chặt, bám víu",không,,Root gốc
clue,noun,a piece of evidence or information that helps solve a problem or mystery,"manh mối, đầu mối",không,,Root gốc
feature,noun,a distinctive attribute or characteristic of something,"đặc điểm, tính năng",không,,Root gốc
refuge,noun,shelter or protection from danger or trouble,"nơi ẩn náu, nơi lánh nạn",không,,Root gốc
release,verb,"to set free, let go, or make available to the public","thả ra, phát hành, giải phóng",không,,Root gốc
reluctant,adjective,unwilling and hesitant to do something,"miễn cưỡng, không sẵn lòng",không,,Root gốc
remain,verb,to continue to exist; to stay in the same place or state,"còn lại, ở lại, vẫn còn",không,,Root gốc
rescue,verb,to save someone or something from danger or harm,"cứu, giải cứu",không,,Root gốc
respond,verb,to say something or react in reply to something said or done,"phản hồi, đáp lại",không,,Root gốc
facilitate,verb,to make an action or process easier,"tạo điều kiện thuận lợi, hỗ trợ",không,,Root gốc
gamble,verb,to risk money or something of value on an uncertain outcome,"đánh bạc, cờ bạc, liều lĩnh",không,,Root gốc
gap,noun,a break or opening in something; an empty space between two things,"khoảng trống, khoảng cách",không,,Root gốc
garden,noun,"a piece of ground used for growing plants, flowers, or vegetables",khu vườn,không,,Root gốc
gender,noun,"the state of being male or female, especially with reference to social and cultural roles",giới tính,không,,Root gốc
giant,noun,"a being of great size and strength, especially in myths and stories",người khổng lồ,không,,Root gốc
glance,verb,to take a brief or hurried look at something,"liếc nhìn, nhìn thoáng qua",không,,Root gốc
punk,noun,a member of the punk subculture; a follower of punk rock music and style,người theo phong trào/nhạc punk,không,,Root gốc
queen,noun,a female monarch who rules a country,nữ hoàng,không,,Root gốc
campaign,noun,an organized course of action undertaken to achieve a particular goal,chiến dịch,không,,Root gốc
canal,noun,an artificial waterway used for transportation or irrigation,kênh đào,không,,Root gốc
cancel,verb,to decide that a planned event will not take place; to call off,hủy bỏ,không,,Root gốc
canvas,verb,"to solicit votes, opinions, or support from people; to examine thoroughly","vận động, thăm dò ý kiến",không,,Root gốc
captain,noun,"the leader of a team, ship, or aircraft","thuyền trưởng, đội trưởng",không,,Root gốc
guess,verb,to estimate or suppose something without certain knowledge,"đoán, phỏng đoán",không,,Root gốc
fund,noun,"a sum of money saved, allocated, or invested for a particular purpose","quỹ, tiền vốn",không,,Root gốc
gallon,noun,a unit of measure for liquid volume,gallon (đơn vị đo dung tích),không,,Root gốc
stumble,verb,to trip and almost fall while walking or running,"vấp ngã, loạng choạng",không,,Root gốc
subsequent,adjective,coming after something else in time; following,"tiếp theo sau, kế tiếp",không,,Root gốc
successive,adjective,following one after another without interruption,"liên tiếp, kế tiếp nhau",không,,Root gốc
successor,noun,a person or thing that follows and takes the place of another,"người/vật kế nhiệm, kế thừa",không,,Root gốc
such,determiner,of the type or degree previously mentioned or implied,"như vậy, như thế",không,,Root gốc
superb,adjective,excellent; first-rate; impressive,"tuyệt vời, xuất sắc",không,,Root gốc
superior,adjective,"higher in rank, status, or quality","cao cấp hơn, ưu việt hơn",không,,Root gốc
supply,verb,to provide someone or something with what is needed,cung cấp,không,,Root gốc
flourish,verb,to grow or develop successfully; to thrive,"phát triển mạnh mẽ, hưng thịnh",không,,Root gốc
fluid,noun,"a substance that flows freely, such as a liquid or gas",chất lỏng,không,,Root gốc
forbid,verb,to refuse to allow something; to prohibit,"cấm, ngăn cấm",không,,Root gốc
charter,verb,"to hire an aircraft, ship, or vehicle for exclusive use; to grant an official document of rights",thuê bao (phương tiện); cấp hiến chương,không,,Root gốc
chase,verb,to pursue someone or something in order to catch them,"đuổi theo, rượt đuổi",không,,Root gốc
cheat,verb,to act dishonestly or unfairly in order to gain an advantage,"gian lận, lừa dối",không,,Root gốc
choose,verb,to select one thing or person out of a number of possibilities,"chọn, lựa chọn",không,,Root gốc
strive,verb,to make great efforts to achieve or obtain something,"cố gắng, nỗ lực",không,,Root gốc
principle,noun,a fundamental truth or rule that guides behavior or reasoning,nguyên tắc,không,,Root gốc
prior,adjective,existing or coming before in time or order,"trước, có trước",không,,Root gốc
privilege,noun,a special right or advantage granted to a particular person or group,đặc quyền,không,,Root gốc
program,noun,"a planned series of events, or a set of instructions for a computer",chương trình,không,,Root gốc
golf,noun,a sport in which players hit a small ball into a series of holes,môn golf,không,,Root gốc
grab,verb,to seize something suddenly and roughly,"chộp lấy, tóm lấy",không,,Root gốc
grasp,verb,to seize and hold firmly; to understand fully,"nắm chặt, nắm bắt, hiểu rõ",không,,Root gốc
grid,noun,a framework of crossed bars or lines; a network for distribution,"lưới, mạng lưới",không,,Root gốc
bullet,noun,a small metal projectile fired from a gun,viên đạn,không,,Root gốc
bury,verb,to place a dead body in the ground; to cover from view,"chôn, chôn cất",không,,Root gốc
harvest,noun,the process or period of gathering agricultural crops,"vụ thu hoạch, mùa gặt",không,,Root gốc
haunt,verb,"of a ghost, to visit a place or person regularly","ám (ma), ám ảnh",không,,Root gốc
heal,verb,to become or make healthy again; to make well,"chữa lành, hồi phục",không,,Root gốc
premier,adjective,"first in importance, order, or position","hàng đầu, đứng đầu",không,,Root gốc
presence,noun,the state or fact of being present in a place,sự hiện diện,không,,Root gốc
previous,adjective,existing or occurring before something else in time,"trước đó, trước kia",không,,Root gốc
surface,noun,the outside or topmost layer of an object,bề mặt,không,,Root gốc
surprise,noun,an unexpected or astonishing event or piece of information,"sự ngạc nhiên, bất ngờ",không,,Root gốc
suspect,verb,to believe something to be true or likely without proof,nghi ngờ,không,,Root gốc
swallow,verb,to cause food or drink to pass down the throat,nuốt,không,,Root gốc
task,noun,"a piece of work to be done, especially one done regularly or as a duty","nhiệm vụ, công việc",không,,Root gốc
bring,verb,to take or carry someone or something to a place,"mang, đem đến",không,,Root gốc
bubble,noun,a thin sphere of liquid enclosing air or gas,"bong bóng, bọt khí",không,,Root gốc
budget,noun,an estimate of income and expenditure for a set period,ngân sách,không,,Root gốc
former,adjective,having previously been a particular thing; earlier in time,"trước đây, cũ",không,,Root gốc
fragile,adjective,easily broken or damaged; delicate,"dễ vỡ, mong manh",không,,Root gốc
cargo,noun,"goods carried on a ship, aircraft, or vehicle",hàng hóa (được chuyên chở),không,,Root gốc
carrot,noun,an orange root vegetable,củ cà rốt,không,,Root gốc
cartoon,noun,"a simple drawing, often humorous or satirical; an animated film","tranh biếm họa, phim hoạt hình",không,,Root gốc
castle,noun,"a large fortified building, typically dating from medieval times",lâu đài,không,,Root gốc
cater,verb,"to provide food and drink, especially for a social event","cung cấp thức ăn, phục vụ tiệc",không,,Root gốc
cave,noun,"a natural underground hollow, often opening onto a hillside",hang động,không,,Root gốc
hap,noun,"chance or luck (archaic term, root of 'happen', 'happy')","may mắn, cơ may (từ cổ)",không,,chưa chắc chắn - cần rà tay
idea,noun,a thought or suggestion formed in the mind,ý tưởng,không,,Root gốc
image,noun,a representation of the external form of a person or thing,hình ảnh,không,,Root gốc
incentive,noun,a thing that motivates or encourages someone to do something,"động lực, sự khích lệ",không,,Root gốc
petrol,noun,"a liquid fuel derived from petroleum, used to power vehicles",xăng,không,,Root gốc
pill,noun,a small round tablet of medicine to be swallowed whole,viên thuốc,không,,Root gốc
pilot,noun,a person who operates the flying controls of an aircraft,phi công,không,,Root gốc
heel,noun,the back part of the human foot below the ankle,gót chân,không,,Root gốc
hobby,noun,an activity done regularly for pleasure in one's leisure time,"sở thích, thú vui",không,,Root gốc
plunge,verb,to jump or dive quickly and forcefully into something,"lao xuống, nhào xuống",không,,Root gốc
plus,preposition,with the addition of; used to indicate a positive amount or increase,"cộng, thêm (vào)",không,,Root gốc
pool,noun,"a small, contained area of still water, especially one for swimming","hồ bơi, vũng nước",không,,Root gốc
praise,verb,to express warm approval or admiration of someone or something,"khen ngợi, ca ngợi",không,,Root gốc
guitar,noun,a stringed musical instrument played by plucking or strumming,đàn guitar,không,,Root gốc
gym,noun,a place equipped for doing physical exercise; short for gymnasium,phòng tập gym,không,,Root gốc
halt,verb,to bring or come to an abrupt stop,"dừng lại, ngừng lại",không,,Root gốc
boost,verb,"to increase, raise, or improve something","thúc đẩy, tăng cường",không,,Root gốc
borrow,verb,to take and use something belonging to someone else with the intention of returning it,"mượn, vay",không,,Root gốc
bottom,noun,the lowest point or part of something,"đáy, phần dưới cùng",không,,Root gốc
branch,noun,a part of a tree that grows out from the trunk; a division of an organization,"cành cây, chi nhánh",không,,Root gốc
bike,noun,a bicycle or motorcycle,"xe đạp, xe máy",không,,Root gốc
him,pronoun,used as the object of a verb or preposition to refer to a male person or animal previously mentioned,"anh ấy, nó (tân ngữ, giống đực)",không,,Root gốc
hire,verb,"to employ someone for wages, or to rent something for temporary use","thuê, mướn",không,,Root gốc
his,pronoun,used to indicate that something belongs to or is associated with a male person previously mentioned,của anh ấy,không,,Root gốc
grip,verb,to take and keep a firm hold of something,"nắm chặt, siết chặt",không,,Root gốc
buy,verb,to obtain something by paying money for it,"mua, trả tiền để có được vật gì",không,,Root gốc
bye,interjection,an expression said when leaving or parting from someone,"lời tạm biệt, chào khi chia tay",không,,Root gốc
cabinet,noun,a cupboard with shelves or drawers for storage or display,tủ có ngăn kéo hoặc kệ để đồ,không,,Root gốc
them,pronoun,"used to refer to people or things previously mentioned, as the object of a verb or preposition","họ, chúng (dùng làm tân ngữ)",không,,Root gốc
third,adjective,coming after the second in order; one of three equal parts,thứ ba,không,,Root gốc
though,conjunction,despite the fact that; however,"mặc dù, tuy nhiên",không,,Root gốc
thrive,verb,"to grow, develop, or succeed vigorously","phát triển mạnh mẽ, thịnh vượng",không,,Root gốc
patrol,noun,to keep watch over an area by moving around it regularly,"tuần tra, đi tuần",không,,Root gốc
peak,noun,the pointed top of a mountain or the highest point of something,"đỉnh, chóp, điểm cao nhất",không,,Root gốc
peasant,noun,"a poor smallholder or agricultural worker, especially in the past",nông dân (thời xưa),không,,Root gốc
pepper,noun,"a hot-tasting spice made from the dried berries of a plant, or the plant itself","hạt tiêu, ớt",không,,Root gốc
personnel,noun,the people employed in an organization or engaged in an activity,"nhân sự, nhân viên",không,,Root gốc
petition,noun,"a formal written request signed by many people, appealing to authority","đơn thỉnh cầu, đơn kiến nghị",không,,Root gốc
hotel,noun,an establishment providing paid lodging and meals for travelers,khách sạn,không,,Root gốc
behind,preposition,at or toward the rear of something; further back than,"ở phía sau, đằng sau",không,,Root gốc
instant,noun,a precise moment in time; happening immediately,"khoảnh khắc, tức thời",không,,Root gốc
insult,verb,to speak or act in a way that shows disrespect or offends someone,"sỉ nhục, xúc phạm",không,,Root gốc
intermediate,adjective,"coming between two things in place, time, or order; not advanced","trung gian, ở mức trung bình",không,,Root gốc
intrigue,verb,to arouse the curiosity or interest of someone; secret scheming,khơi gợi tò mò; âm mưu,không,,Root gốc
invoke,verb,to cite or appeal to as an authority; to call upon,"viện dẫn, cầu viện, khẩn cầu",không,,Root gốc
island,noun,a piece of land surrounded entirely by water,hòn đảo,không,,Root gốc
pastor,noun,a minister in charge of a Christian church or congregation,mục sư,không,,Root gốc
patience,noun,"the capacity to accept delay, trouble, or suffering without becoming annoyed",sự kiên nhẫn,không,,Root gốc
together,adverb,with or near each other; in company,"cùng nhau, cùng với nhau",không,,Root gốc
toilet,noun,"a fixture used for urination and defecation, or the room containing it","nhà vệ sinh, bồn cầu",không,,Root gốc
torture,noun,the act of causing severe physical or mental pain to someone,"sự tra tấn, hành hạ",không,,Root gốc
bay,noun,an area or compartment set apart for a particular purpose (e.g. a loading bay); also a wide inlet of the sea,"khoang, gian, khu vực riêng biệt; hoặc vịnh biển",không,,Root gốc
bean,noun,the edible seed or seed pod of various leguminous plants,hạt đậu,không,,Root gốc
beer,noun,an alcoholic drink made from fermented malted grain flavored with hops,bia,không,,Root gốc
before,preposition,earlier than a particular time or event,"trước, trước khi",không,,Root gốc
begin,verb,to start doing or happening; to come into existence,bắt đầu,không,,Root gốc
height,noun,the measurement of someone or something from base to top,"chiều cao, độ cao",không,,Root gốc
her,pronoun,"used to refer to a female previously mentioned, as the object of a verb or preposition","cô ấy, chị ấy (tân ngữ)",không,,Root gốc
bizarre,adjective,"very strange or unusual, especially in a striking way","kỳ quặc, kỳ lạ",không,,Root gốc
blade,noun,"the flat, sharp cutting part of a knife, tool, or weapon","lưỡi (dao, kiếm)",không,,Root gốc
blend,verb,to mix different things together thoroughly,"pha trộn, hòa trộn",không,,Root gốc
through,preposition,moving in one side and out of the other side of something,"xuyên qua, qua",không,,Root gốc
timber,noun,wood prepared for use in building or carpentry,gỗ xây dựng,không,,Root gốc
tobacco,noun,a plant whose leaves are dried and processed for smoking,"cây thuốc lá, thuốc lá",không,,Root gốc
indigenous,adjective,originating or occurring naturally in a particular place; native,"bản địa, bản xứ",không,,Root gốc
insert,verb,to place or fit something into something else,"chèn vào, đưa vào",không,,Root gốc
instance,noun,an example or single occurrence of something,"trường hợp, ví dụ cụ thể",không,,Root gốc
legend,noun,a traditional story regarded as historical but not verified; a caption,truyền thuyết,không,,Root gốc
leisure,noun,free time not occupied by work or duties,thời gian rảnh rỗi,không,,Root gốc
lemon,noun,"a yellow, oval citrus fruit with acidic juice",quả chanh vàng,không,,Root gốc
lesbian,noun,a homosexual woman,người đồng tính nữ,không,,Root gốc
notion,noun,a conception of or belief about something; an idea,"khái niệm, ý niệm",không,,Root gốc
knee,noun,the joint between the thigh and the lower leg,đầu gối,không,,Root gốc
ladder,noun,"a structure of two long sides crossed by rungs, used for climbing",cái thang,không,,Root gốc
our,pronoun,belonging to or associated with the speaker and others,của chúng ta,không,,Root gốc
panic,noun,a sudden feeling of uncontrollable fear or anxiety,"sự hoảng loạn, hoảng sợ",không,,Root gốc
parish,noun,"a small administrative district, especially one having its own church",giáo xứ,không,,Root gốc
participate,verb,to take part in an activity or event,tham gia,không,,Root gốc
incur,verb,to become subject to something unwelcome as a result of one's own behavior,"gánh chịu, chuốc lấy (hậu quả xấu)",không,,Root gốc
index,noun,"an alphabetical list of names or subjects, or a number indicating a level or rate","mục lục, chỉ số",không,,Root gốc
trail,noun,"a path, track, or series of marks left by something; to follow behind","đường mòn; theo dấu, kéo lê",không,,Root gốc
trauma,noun,a deeply distressing or disturbing experience; a physical injury,chấn thương (tâm lý hoặc thể chất),không,,Root gốc
tremendous,adjective,"very great in amount, scale, or intensity","to lớn, ghê gớm",không,,Root gốc
attitude,noun,a settled way of thinking or feeling about someone or something,thái độ,không,,Root gốc
auction,noun,a public sale in which goods are sold to the highest bidder,cuộc đấu giá,không,,Root gốc
august,adjective,respected and impressive; grand or dignified,"oai nghiêm, đường bệ",không,,Root gốc
kidnap,verb,"to abduct someone and hold them captive, typically for ransom",bắt cóc,không,,Root gốc
kitchen,noun,a room where food is prepared and cooked,nhà bếp,không,,Root gốc
bend,verb,to shape or move something into a curve; to change direction,"uốn cong, bẻ cong",không,,Root gốc
bent,adjective,"curved or having a bend, not straight","cong, bị bẻ cong",không,,Root gốc
bet,verb,to risk money or something valuable on the outcome of an uncertain event,"cá cược, đặt cược",không,,Root gốc
better,adjective,of a more excellent or higher standard than another,tốt hơn,không,,Root gốc
tower,noun,"a tall, narrow building or structure, often part of a larger building",tòa tháp,không,,Root gốc
toy,noun,an object for a child to play with,đồ chơi,không,,Root gốc
traffic,noun,vehicles or pedestrians moving along roads or routes,giao thông,không,,Root gốc
tragedy,noun,an event causing great suffering and distress; a serious drama with an unhappy ending,"bi kịch, thảm kịch",không,,Root gốc
abandon,verb,to give up completely; to desert someone or something,"từ bỏ, bỏ rơi",không,,Root gốc
yell,verb,"to shout loudly, especially in anger, pain, or excitement","la hét, hét lớn",không,,Root gốc
a,determiner,used before a singular noun to refer to a single but unspecified thing,một (mạo từ không xác định),không,,chưa chắc chắn - cần rà tay
adult,noun,a person or animal that is fully grown or developed,người trưởng thành,không,,Root gốc
ad,noun,an advertisement (informal),quảng cáo (từ viết tắt thân mật),không,,Root gốc
your,determiner,belonging to or associated with the person being addressed,"của bạn, của anh/chị",không,,Root gốc
acre,noun,"a unit of land area, equal to 4,840 square yards",mẫu Anh (đơn vị diện tích đất),không,,Root gốc
amid,preposition,surrounded by; in the middle of,"giữa, ở giữa",không,,Root gốc
village,noun,"a small community or settlement, smaller than a town","làng, thôn",không,,Root gốc
virtual,adjective,"almost or nearly as described but not completely so, especially via computer simulation","gần như, ảo (qua máy tính)",không,,Root gốc
wage,noun,"a fixed regular payment earned for work, especially manual or unskilled labor","tiền lương, tiền công",không,,Root gốc
wander,verb,to walk or move around without a fixed purpose or direction,"đi lang thang, đi lạc",không,,Root gốc
want,verb,to have a desire for something; to wish for,"muốn, mong muốn",không,,Root gốc
alone,adjective,having no other people present; by oneself,"một mình, cô đơn",không,,Root gốc
along,preposition,moving or extending in a constant direction beside or through something,dọc theo,không,,Root gốc
advance,verb,"to move forward, or to make progress in development","tiến lên, tiến bộ",không,,Root gốc
morning,noun,"the early part of the day, from sunrise until noon",buổi sáng,không,,Root gốc
mum,noun,"mother, used informally, especially in British English",mẹ (cách gọi thân mật),không,,Root gốc
loom,noun,a machine used for weaving thread or yarn into cloth,"khung dệt, khung cửi",không,,Root gốc
lose,verb,to be deprived of or fail to keep something; to fail to win,"mất, thua",không,,Root gốc
at,preposition,"used to indicate a specific place, position, or point in time","ở, tại",không,,Root gốc
vertical,adjective,at a right angle to the horizontal; straight up and down,thẳng đứng,không,,Root gốc
vice,noun,a tool with two jaws for gripping and holding an object firmly (British spelling of vise),"cái êtô, dụng cụ kẹp chặt",không,,Root gốc
video,noun,"recorded visual images, especially with sound, or the technology for recording and displaying them","video, hình ảnh ghi lại",không,,Root gốc
latter,adjective,referring to the second of two things just mentioned; nearer the end,"cái sau, vế sau",không,,Root gốc
launch,verb,"to send something forth or start something, such as a rocket, ship, or project","phóng, ra mắt, khởi động",không,,Root gốc
league,noun,a group of sports teams competing against each other; an association of people or nations,"giải đấu, liên đoàn, đồng minh",không,,Root gốc
least,adjective,"smallest in amount, extent, or degree","ít nhất, nhỏ nhất",không,,Root gốc
melt,verb,"to become liquid, typically because of heat",tan chảy,không,,Root gốc
merchant,noun,"a person who buys and sells goods, especially in large quantities","thương nhân, nhà buôn",không,,Root gốc
mere,adjective,nothing more or better than what is specified; simple,"chỉ là, đơn thuần",không,,Root gốc
monk,noun,a member of a male religious community living under vows,"thầy tu, nhà sư (nam)",không,,Root gốc
core,noun,the central or most essential part of something,"lõi, phần cốt lõi",không,,Root gốc
corner,noun,"the point where two edges, sides, or streets meet",góc,không,,Root gốc
dig,verb,"to break up and move earth, especially with a tool or the hands","đào, xới đất",không,,Root gốc
diminish,verb,"to make or become smaller or less in size, importance, or intensity","giảm bớt, thu nhỏ",không,,Root gốc
dinner,noun,"the main meal of the day, eaten in the evening or at midday","bữa tối, bữa ăn chính",không,,Root gốc
shower,noun,"a brief fall of rain, or a device/enclosure for washing under a spray of water",cơn mưa rào; vòi sen,không,,Root gốc
shrink,verb,to become or make smaller in size or amount,"co lại, teo nhỏ",không,,Root gốc
silence,noun,the complete absence of sound; the state of not speaking,"sự im lặng, sự yên tĩnh",không,,Root gốc
crucial,adjective,"decisive or critical, especially in the success or failure of something","quan trọng, then chốt",không,,Root gốc
cruise,verb,"to sail or travel at a steady, leisurely pace, especially for pleasure","đi du ngoạn (bằng tàu), dạo chơi",không,,Root gốc
cue,noun,a signal for action; a word or gesture prompting an actor to speak or act,"tín hiệu, gợi ý",không,,Root gốc
cult,noun,"a system of religious veneration, or a group with excessive devotion to a person or idea","giáo phái, tín ngưỡng cực đoan",không,,Root gốc
dad,noun,"father, used informally","bố, cha (cách gọi thân mật)",không,,Root gốc
dairy,noun,"milk and the products made from it, or a place where these are produced",sản phẩm từ sữa; trại bò sữa,không,,Root gốc
damage,noun,"physical harm that makes something less valuable, useful, or effective","thiệt hại, hư hại",không,,Root gốc
cope,verb,to deal effectively with something difficult,"đối phó, xoay xở, ứng phó",không,,Root gốc
whisper,verb,"to speak very softly, using one's breath rather than one's voice","thì thầm, nói nhỏ",không,,Root gốc
wound,verb,"past tense and past participle of 'wind' -- to turn, coil, or wrap something around","(dạng quá khứ của 'wind') cuộn, quấn, lên dây",không,,Root gốc
afraid,adjective,feeling fear or anxiety; frightened,"sợ hãi, lo sợ",không,,Root gốc
situate,verb,to place something in a particular position or context,"đặt vào vị trí, tọa lạc",không,,Root gốc
skull,noun,the bony framework enclosing the brain; the skeleton of the head,hộp sọ,không,,Root gốc
slogan,noun,"a short, striking or memorable phrase used in advertising or politics",khẩu hiệu,không,,Root gốc
smash,verb,"to break violently into pieces, typically with force and noise","đập vỡ, đập tan",không,,Root gốc
crown,noun,an ornamental headdress worn by a monarch as a symbol of authority,vương miện,không,,Root gốc
among,preposition,"surrounded by, or in the company or group of","giữa, trong số",không,,Root gốc
analysis,noun,a detailed examination of the elements or structure of something,sự phân tích,không,,Root gốc
ancient,adjective,belonging to the very distant past; very old,"cổ đại, cổ xưa",không,,Root gốc
angry,adjective,feeling or showing strong displeasure or hostility,"tức giận, giận dữ",không,,Root gốc
ankle,noun,the joint connecting the foot with the leg,mắt cá chân,không,,Root gốc
annoy,verb,to irritate someone or make them slightly angry,"làm phiền, gây khó chịu",không,,Root gốc
welcome,verb,to greet someone's arrival with pleasure; gladly received,"chào đón, hoan nghênh",không,,Root gốc
when,adverb,at what time; at or during the time that,"khi nào, khi mà",không,,Root gốc
bio,,life,"sự sống, sự sinh trưởng",có,,Root gốc
tele,,"far, at a distance","xa, ở khoảng cách xa",có,,Root gốc
logy,,"study, science, discourse","môn học, khoa học, sự nghiên cứu",có,,Root gốc
hydro,,water,nước,có,,Root gốc
logist,,one who studies or practices a specified field,"người nghiên cứu, chuyên gia trong một lĩnh vực",có,,Root gốc
eco,,"house, household; by extension, environment or habitat","nhà, môi trường, hệ sinh thái",có,,Root gốc
geo,,earth,"trái đất, địa",có,,Root gốc
graph,,"to write, draw, or record","viết, vẽ, ghi lại",có,gram,Root gốc
smith,noun,a craftsperson who works with metal or a specified material,"thợ thủ công, người làm nghề rèn hoặc chế tác một loại vật liệu",không,,Root gốc
therapy,noun,treatment intended to relieve or heal a disorder,"liệu pháp, phương pháp điều trị",không,,Root gốc
graphy,,"the process or art of writing, recording, or describing","quá trình hoặc nghệ thuật viết, ghi chép, mô tả",có,"graph, gram",Root gốc
thermo,,heat,nhiệt,có,,Root gốc
ache,noun,a continuous dull pain,"cơn đau âm ỉ, kéo dài",không,,Root gốc
neuro,,nerve,dây thần kinh,có,,Root gốc
gram,,"something written, drawn, or recorded",cái được viết ra hoặc ghi lại,có,graph,Root gốc
cardio,,heart,tim,có,,Root gốc
micro,,small,"nhỏ, nhỏ bé",có,,Root gốc
socio,,"society, companion",xã hội,có,,Root gốc
philo,,"loving, fond of","yêu thích, ưa chuộng",có,,Root gốc
psycho,,"mind, soul","tâm trí, tinh thần",có,,Root gốc
meter,noun,an instrument for measuring and recording a quantity,dụng cụ đo lường,không,,Root gốc
maker,noun,a person or thing that makes or produces something,"người hoặc vật tạo ra, chế tạo ra thứ gì đó",không,,Root gốc
aero,,air,không khí,có,,Root gốc
agri,,"field, land","đất, ruộng đồng",có,,Root gốc
science,noun,the systematic study of the physical and natural world,khoa học,không,,Root gốc
electro,,"electric, electricity",điện,có,,Root gốc
friendly,adjective,"kind and pleasant; favorable, not harmful","thân thiện, có thiện cảm, không gây hại",không,,Root gốc
logical,,relating to a field of study (adjective-forming from '-logy'),"thuộc về, liên quan đến một ngành khoa học hay nghiên cứu",có,,Root gốc
multi,,"many, much",nhiều,có,,Root gốc
zoo,,animal,động vật,có,,Root gốc
physio,,"nature, physical, body","tự nhiên, thể chất, cơ thể",có,,Root gốc
synthesis,noun,the combination of components to form a connected whole,sự tổng hợp,không,,Root gốc
ware,noun,"manufactured articles of a specified kind, goods","hàng hóa, đồ vật thường thuộc một loại nhất định",không,,Root gốc
demo,,people,"nhân dân, con người",có,,Root gốc
cyber,,"relating to computers, the Internet, and virtual reality","liên quan đến máy tính, mạng Internet, không gian ảo",có,,Root gốc
chrono,,time,thời gian,có,,Root gốc
nomy,,"law, managing, ordering of a system","luật lệ, sự quản lý, trật tự",có,,Root gốc
path,,"suffering, feeling, disease","sự đau khổ, cảm giác, bệnh tật",có,pathy,Root gốc
phono,,"sound, voice","âm thanh, tiếng nói",có,phone,Root gốc
ple,,"fold, times (a multiplying suffix)","gấp, lần, chỉ số lần nhân lên",có,,Root gốc
electric,adjective,"relating to, powered by, or producing electricity","thuộc về điện, chạy bằng điện",không,,Root gốc
crat,,"ruler, one who holds power in a specified system","người cai trị, người nắm quyền",có,cracy,Root gốc
cultural,adjective,relating to the culture of a society,thuộc về văn hóa,không,,Root gốc
milli,,one thousandth; thousand,"một phần nghìn, nghìn",có,,Root gốc
jay,noun,"a noisy, brightly colored bird of the crow family","một loài chim ồn ào, lông sặc sỡ thuộc họ quạ",không,,Root gốc
cracy,,"rule, government, power","sự cai trị, quyền lực, chính thể",có,crat,Root gốc
physics,noun,"the branch of science concerned with matter, energy, and their interactions",vật lý học,không,,Root gốc
thunder,noun,the loud noise that accompanies a flash of lightning,tiếng sấm,không,,Root gốc
web,noun,a network of interconnected things; the Internet,"mạng lưới, mạng Internet",không,,Root gốc
phobia,noun,an extreme or irrational fear of something,"chứng sợ hãi quá mức, nỗi ám ảnh sợ",không,,Root gốc
pathy,,"feeling; suffering, disease","cảm giác; sự đau khổ, bệnh tật",có,path,Root gốc
phone,noun,a telephone; a device for transmitting or reproducing sound,"điện thoại, thiết bị truyền hoặc phát âm thanh",không,,Root gốc
stereo,,"solid, firm, three-dimensional","rắn chắc, ba chiều",có,,Root gốc
source,noun,"a place, person, or thing from which something originates","nguồn gốc, nguồn",không,,Root gốc
lysis,,"loosening, breaking down, dissolution","sự phân hủy, phân giải, tan rã",có,,Root gốc
keeper,noun,"a person who guards, manages, or is in charge of something","người trông coi, quản lý, bảo vệ",không,,Root gốc
chemo,,chemical,"hóa học, hóa chất",có,,Root gốc
archaeo,,ancient,"cổ, cổ xưa",có,,Root gốc
biography,noun,an account of a person's life written by someone else,tiểu sử,không,,Root gốc
berry,noun,"a small, roundish, juicy fruit without a stone",quả mọng,không,,Root gốc
backer,noun,a person who gives financial or moral support to something,"người ủng hộ, người tài trợ",không,,Root gốc
diversity,noun,the state of being diverse; a range of different things,sự đa dạng,không,,Root gốc
fore,,"before, in front of, earlier","trước, phía trước, trước đó",có,,Root gốc
fighter,noun,a person or thing that fights,"người hoặc vật chiến đấu, người đấu tranh",không,,Root gốc
felt,verb,experienced or expressed sincerely (past tense/participle of 'feel'),"đã cảm nhận, đã trải qua (dạng quá khứ của 'feel')",không,,Root gốc
ethics,noun,moral principles that govern behavior,"đạo đức học, các nguyên tắc đạo đức",không,,Root gốc
esteem,noun,respect and admiration felt or shown for someone,"sự kính trọng, quý mến",không,,Root gốc
economic,adjective,relating to economics or the economy,thuộc về kinh tế,không,,Root gốc
chemistry,noun,the branch of science dealing with substances and their reactions,hóa học,không,,Root gốc
brow,noun,"the forehead, or the ridge of hair above the eye","trán, hoặc lông mày phía trên mắt",không,,Root gốc
nomic,,"law, custom, or management (from Greek 'nomos')","quy tắc, quản lý, trật tự",có,"nomy, nom",Root gốc
nautics,,"sailing, navigation, ships","hàng hải, đi biển, tàu thuyền",có,"naut, nautical",Root gốc
medical,adjective,relating to the science or practice of medicine,"thuộc về y học, y khoa",không,,Root gốc
mat,noun,a piece of thick material laid on a floor,"tấm thảm, tấm lót sàn",không,,Root gốc
marketing,noun,the activity of promoting and selling products or services,hoạt động tiếp thị,không,,Root gốc
magnetic,adjective,having the properties of a magnet; relating to magnetism,"có từ tính, thuộc về từ trường",không,,Root gốc
knuckle,noun,"a joint of the finger, especially where it meets the hand","khớp ngón tay, đốt ngón tay",không,,Root gốc
lake,noun,a large body of water surrounded by land,hồ,không,,Root gốc
kilo,noun,"a unit prefix meaning one thousand; informally, a kilogram",nghìn (tiền tố đơn vị); thông tục chỉ ki-lô-gam,không,,Root gốc
frost,noun,a deposit of ice crystals formed in freezing weather,"sương giá, băng giá",không,,Root gốc
haul,verb,to pull or drag something with effort,"kéo, lôi, vận chuyển",không,,Root gốc
jaw,noun,either of the bony structures forming the mouth's framework,"hàm, quai hàm",không,,Root gốc
known,adjective,recognized or familiar; past participle of 'know',"được biết đến, quen thuộc",không,,Root gốc
chemist,noun,a person engaged in chemical research,nhà hóa học,không,,Root gốc
chemical,adjective,relating to chemistry or the interaction of substances,thuộc về hóa học,không,,Root gốc
bolt,noun,a metal pin or fastener; a flash of lightning,"chốt, bu lông; tia sét",không,,Root gốc
crime,noun,an act punishable by law as forbidden or harmful,"tội phạm, tội ác",không,,Root gốc
conference,noun,a formal meeting for discussion,"hội nghị, cuộc họp",không,,Root gốc
collar,noun,the part of a garment that fits around the neck,"cổ áo, vòng cổ",không,,Root gốc
biology,noun,the science of living organisms,sinh học,không,,Root gốc
degradable,adjective,capable of being broken down or decomposed,có thể phân hủy,không,,Root gốc
directional,adjective,relating to or indicating direction,"thuộc về hướng, có định hướng",không,,Root gốc
data,noun,"facts and information, especially for analysis",dữ liệu,không,,Root gốc
dash,noun,"a short quick movement, small amount, or punctuation mark","sự lao nhanh, dấu gạch ngang",không,,Root gốc
dynamics,noun,the branch of mechanics concerned with forces and motion,động lực học,không,,Root gốc
ponics,,"cultivation, or working the soil (from Greek 'ponos', labor)","canh tác, trồng trọt",có,,Root gốc
ology,,"study of, science of, a branch of knowledge (from Greek 'logos')","môn học, ngành nghiên cứu về",có,"logy, log, logic",Root gốc
react,verb,to respond or act in response to something,"phản ứng, đáp lại",không,,Root gốc
politics,noun,the activities associated with the governance of a country,chính trị,không,,Root gốc
omni,,"all, every","tất cả, mọi",có,,Root gốc
nomical,,"relating to management, thrift, or law/order (from Greek 'nomos')","thuộc về quản lý, tiết kiệm, trật tự",có,"nomic, nomy, nom",Root gốc
sopher,,"wise, wisdom; one who is wise (from Greek 'sophos')","khôn ngoan, thông thái; người thông thái",có,"soph, sophy",Root gốc
son,,sound (from Latin 'sonus'),âm thanh,có,sonic,Root gốc
shield,noun,a protective barrier or device,"tấm chắn, lá chắn",không,,Root gốc
shin,noun,the front part of the leg below the knee,"ống chân, cẳng chân",không,,Root gốc
service,noun,the action of helping or doing work for someone,"dịch vụ, sự phục vụ",không,,Root gốc
security,noun,the state of being free from danger or threat,"an ninh, bảo mật",không,,Root gốc
scrap,noun,a small piece or fragment of something,"mẩu, mảnh vụn",không,,Root gốc
seas,noun,plural of 'sea'; large bodies of salt water,biển (số nhiều),không,,Root gốc
printer,noun,a machine that prints text or images,máy in,không,,Root gốc
quake,verb,to shake or tremble,"rung chuyển, lắc",không,,Root gốc
sales,noun,the activity or business of selling goods,hoạt động bán hàng,không,,Root gốc
stairs,noun,a set of steps for going between levels,cầu thang,không,,Root gốc
stat,,"standing, stationary; that which regulates or maintains (from Greek 'statos')","đứng yên, cố định, điều chỉnh",có,"sist, stit, sta",Root gốc
spoken,adjective,expressed in speech; past participle of 'speak',"được nói ra, bằng lời nói",không,,Root gốc
spear,noun,a weapon with a long shaft and pointed tip,"cây giáo, ngọn giáo",không,,Root gốc
sophy,,"wisdom, knowledge (from Greek 'sophia')","sự thông thái, tri thức",có,"soph, sopher",Root gốc
thermal,adjective,relating to heat or temperature,thuộc về nhiệt,không,,Root gốc
term,noun,a word or expression; a fixed period of time,"thuật ngữ; kỳ hạn, thời hạn",không,,Root gốc
surgery,noun,medical treatment involving cutting into the body,phẫu thuật,không,,Root gốc
technology,noun,the application of scientific knowledge for practical purposes,công nghệ,không,,Root gốc
surf,verb,to ride on waves using a board,lướt sóng,không,,Root gốc
spokes,noun,"one who speaks for others (from 'spoken'); also, plural of 'spoke' (wheel rod)",người phát ngôn thay cho người khác; hoặc nan hoa (số nhiều của spoke),không,,chưa chắc chắn - cần rà tay
tourism,noun,the activity of traveling for pleasure,du lịch,không,,Root gốc
tri,,three,ba,có,,Root gốc
vision,noun,the ability to see; a mental image of the future,"thị lực, tầm nhìn",không,,Root gốc
user,noun,a person who uses something,người dùng,không,,Root gốc
uni,,"one, single","một, đơn nhất",có,,Root gốc
type,noun,a category of people or things with shared characteristics,"loại, kiểu",không,,Root gốc
wax,noun,"a sticky, moldable substance secreted by bees or the body","sáp, ráy tai",không,,Root gốc
whelm,verb,"to submerge completely, or to overpower (archaic)","nhấn chìm, áp đảo (từ cổ)",không,,Root gốc
whirl,verb,to move rapidly in a circular motion,"xoay tròn, quay cuồng",không,,Root gốc
