component_roots,derived_word,morphology_structure,pattern_PRS,pos,IPA,ipa_status,definition_en,nghia_tieng_viet,source,vi_note,existence_note
above+board,aboveboard,[above+board],0-2-0,adverb,/əˈbəvˌbɔɹd/,real,in an honest manner,"above+board(ở trên, cao hơn + ban, bảng, tấm ván)","Wordset Dictionary (wordset.org, WordNet-based, community-edited)",chưa dịch lại theo định nghĩa Wordset mới - vẫn là công thức ghép cũ,
above+ground,aboveground,[above+ground],0-2-0,adjective,/ɐbˌʌvɡɹˈaʊnd/,"generated (espeak-ng G2P, algorithmic)",on or above the surface of the ground,"above+ground(ở trên, cao hơn + mặt đất)","Wordset Dictionary (wordset.org, WordNet-based, community-edited)",chưa dịch lại theo định nghĩa Wordset mới - vẫn là công thức ghép cũ,
absent+mind,absentmindedly,[absent+mind]-ly,0-2-1,adverb,/ˌæbsəntmˈaɪndɪdli/,real,in an absentminded or preoccupied manner,absent+mind(vắng mặt + tâm trí) + -ly(trạng từ chỉ cách thức / tính từ (giống như)),"Wordset Dictionary (wordset.org, WordNet-based, community-edited)",chưa dịch lại theo định nghĩa Wordset mới - vẫn là công thức ghép cũ,
ad+man,adman,[ad+man],0-2-0,noun,/ˈædmən/,real,someone whose business is advertising,ad+man(quảng cáo + đàn ông),"Wordset Dictionary (wordset.org, WordNet-based, community-edited)",chưa dịch lại theo định nghĩa Wordset mới - vẫn là công thức ghép cũ,
air+base,airbase,[air+base],0-2-0,noun,/ˈɛɹˌbeɪs/,real,"air+base(the mixture of gases that surrounds the earth and that we breathe + the lowest part of something, especially the part or surface on which it rests or stands)","air+base(không khí, không trung + căn cứ, cơ sở)","compositional (generated, unverified)",công thức ghép (chưa xác thực),
air+bed,airbed,[air+bed],0-2-0,noun,/ˈeəbd/,real,air+bed(the mixture of gases that surrounds the earth and that we breathe + a piece of furniture for sleeping on),"air+bed(không khí, không trung + giường)","compositional (generated, unverified)",công thức ghép (chưa xác thực),
air+bus,airbus,[air+bus],0-2-0,noun,/ˈɛɹbəs/,real,a subsonic jet airliner operated over short distances,"air+bus(không khí, không trung + xe buýt)","Wordset Dictionary (wordset.org, WordNet-based, community-edited)",chưa dịch lại theo định nghĩa Wordset mới - vẫn là công thức ghép cũ,
air+craft,antiaircraft,anti-[air+craft],1-2-0,adjective,/ˌæntaɪˈɛɹˌkɹæft/,real,designed for defense from a surface position against air attack,"anti-(chống lại) + air+craft(không khí, không trung + thủ công, chế tạo)","Wordset Dictionary (wordset.org, WordNet-based, community-edited)",chưa dịch lại theo định nghĩa Wordset mới - vẫn là công thức ghép cũ,
air+craft,aircraft,[air+craft],0-2-0,noun,/ˈɛɹˌkɹæft/,real,any vehicle that can fly and carry goods or passengers,"air+craft(không khí, không trung + thủ công, chế tạo)",Oxford 5000 (verified),,
air+craft+man,aircraftman,[air+craft+man],0-3-0,noun,/ˈeəkɹɑːftmən/,real,a noncommissioned officer in the British Royal Air Force,"air+craft+man(không khí, không trung + thủ công, chế tạo + đàn ông)","Wordset Dictionary (wordset.org, WordNet-based, community-edited)",chưa dịch lại theo định nghĩa Wordset mới - vẫn là công thức ghép cũ,
air+crew,aircrew,[air+crew],0-2-0,noun,/ˈɛɹˌkɹu/,real,the crew of an aircraft,"air+crew(không khí, không trung + phi hành đoàn)","Wordset Dictionary (wordset.org, WordNet-based, community-edited)",chưa dịch lại theo định nghĩa Wordset mới - vẫn là công thức ghép cũ,
air+drop,airdrop,[air+drop],0-2-0,noun,/ˈɛɹdɹɑp/,real,delivery of supplies or equipment or personnel by dropping them by parachute from an aircraft,"air+drop(không khí, không trung + rơi, giọt)","Wordset Dictionary (wordset.org, WordNet-based, community-edited)",chưa dịch lại theo định nghĩa Wordset mới - vẫn là công thức ghép cũ,
air+field,airfield,[air+field],0-2-0,noun,/ˈɛɹˌfiɫd/,real,a place where planes take off and land,"air+field(không khí, không trung + cánh đồng, lĩnh vực)","Wordset Dictionary (wordset.org, WordNet-based, community-edited)",chưa dịch lại theo định nghĩa Wordset mới - vẫn là công thức ghép cũ,
air+flow,airflow,[air+flow],0-2-0,noun,/ˈɛɹfɫoʊ/,real,the flow of air,"air+flow(không khí, không trung + dòng chảy)","Wordset Dictionary (wordset.org, WordNet-based, community-edited)",chưa dịch lại theo định nghĩa Wordset mới - vẫn là công thức ghép cũ,
air+force,airforce,[air+force],0-2-0,noun,/ˈɛɹfɔɹs/,real,the airborne branch of a country's armed forces,"air+force(không khí, không trung + lực lượng, ép buộc)","Wordset Dictionary (wordset.org, WordNet-based, community-edited)",chưa dịch lại theo định nghĩa Wordset mới - vẫn là công thức ghép cũ,
air+frame,airframe,[air+frame],0-2-0,noun,/ˈɛɹˌfɹeɪm/,real,the framework and covering of an airplane or rocket (excluding the engines),"air+frame(không khí, không trung + khung)","Wordset Dictionary (wordset.org, WordNet-based, community-edited)",chưa dịch lại theo định nghĩa Wordset mới - vẫn là công thức ghép cũ,
air+gun,airgun,[air+gun],0-2-0,noun,/ˈeəɡʌn/,real,a gun that propels a projectile by compressed air,"air+gun(không khí, không trung + súng)","Wordset Dictionary (wordset.org, WordNet-based, community-edited)",chưa dịch lại theo định nghĩa Wordset mới - vẫn là công thức ghép cũ,
air+hole,airhole,[air+hole],0-2-0,noun,/ˈɛɹhoʊl/,"generated (espeak-ng G2P, algorithmic)",air+hole(the mixture of gases that surrounds the earth and that we breathe + a hollow space in something solid or in the surface of something),"air+hole(không khí, không trung + lỗ hổng)","compositional (generated, unverified)",công thức ghép (chưa xác thực),"từ thật, phổ biến (lỗ thông khí)"
air+host,airhostess,[air+host]-ess,0-2-1,noun,/ˈɛɹhəstˌɛs/,"generated (espeak-ng G2P, algorithmic)","air+host(the mixture of gases that surrounds the earth and that we breathe + a person who invites guests to a meal, a party, etc. or who has people staying at their house) + -ess(female (noun))","air+host(không khí, không trung + chủ nhà, người dẫn chương trình) + -ess(giống cái (danh từ))","compositional (generated, unverified)",công thức ghép (chưa xác thực),"dạng liền của ""air hostess"" (tiếp viên hàng không)"
air+lift,airlift,[air+lift],0-2-0,noun,/ˈɛɹˌɫɪft/,real,"transportation of people or goods by air, especially when other means of access are unavailable","air+lift(không khí, không trung + nâng lên)","Wordset Dictionary (wordset.org, WordNet-based, community-edited)",chưa dịch lại theo định nghĩa Wordset mới - vẫn là công thức ghép cũ,
air+line,airliner,[air+line]-er,0-2-1,noun,/ˈɛɹˌɫaɪnɝ/,real,a commercial airplane that carries passengers,"air+line(không khí, không trung + đường kẻ) + -er(người làm việc gì; so sánh hơn)","Wordset Dictionary (wordset.org, WordNet-based, community-edited)",chưa dịch lại theo định nghĩa Wordset mới - vẫn là công thức ghép cũ,
air+line,airline,[air+line],0-2-0,noun,/ˈɛɹˌɫaɪn/,real,a company that provides regular flights to take passengers and goods to different places,"air+line(không khí, không trung + đường kẻ)",Oxford 5000 (verified),,
air+lock,airlock,[air+lock],0-2-0,noun,/ˈɛɹˌɫɔk/,real,a chamber that provides access to space where air is under pressure,"air+lock(không khí, không trung + khóa)","Wordset Dictionary (wordset.org, WordNet-based, community-edited)",chưa dịch lại theo định nghĩa Wordset mới - vẫn là công thức ghép cũ,
air+mail,airmail,[air+mail],0-2-0,noun,/ˈɛɹˌmeɪɫ/,real,a system of conveying mail by aircraft,"air+mail(không khí, không trung + thư từ)","Wordset Dictionary (wordset.org, WordNet-based, community-edited)",chưa dịch lại theo định nghĩa Wordset mới - vẫn là công thức ghép cũ,
air+man,airman,[air+man],0-2-0,noun,/ˈɛɹmən/,real,someone who operates an aircraft,"air+man(không khí, không trung + đàn ông)","Wordset Dictionary (wordset.org, WordNet-based, community-edited)",chưa dịch lại theo định nghĩa Wordset mới - vẫn là công thức ghép cũ,
air+park,airpark,[air+park],0-2-0,noun,/ˈɛɹpɑːɹk/,"generated (espeak-ng G2P, algorithmic)","air+park(the mixture of gases that surrounds the earth and that we breathe + an area of public land in a town or a city where people go to walk, play and relax)","air+park(không khí, không trung + công viên, đỗ xe)","compositional (generated, unverified)",công thức ghép (chưa xác thực),
air+plane,airplane,[air+plane],0-2-0,noun,/ˈɛɹˌpɫeɪn/,real,an aircraft that has a fixed wing and is powered by propellers or jets,"air+plane(không khí, không trung + máy bay, mặt phẳng)","Wordset Dictionary (wordset.org, WordNet-based, community-edited)",chưa dịch lại theo định nghĩa Wordset mới - vẫn là công thức ghép cũ,
air+port,airport,[air+port],0-2-0,noun,/ˈɛɹˌpɔɹt/,real,a place where planes land and take off and that has buildings for passengers to wait in,"air+port(không khí, không trung + cảng)",Oxford 5000 (verified),,
air+ship,airship,[air+ship],0-2-0,noun,/ˈɛɹˌʃɪp/,real,a steerable self-propelled aircraft,"air+ship(không khí, không trung + con tàu)","Wordset Dictionary (wordset.org, WordNet-based, community-edited)",chưa dịch lại theo định nghĩa Wordset mới - vẫn là công thức ghép cũ,
air+sick,airsick,[air+sick],0-2-0,adjective,/ˈeəsɪk/,real,experiencing motion sickness,"air+sick(không khí, không trung + ốm đau)","Wordset Dictionary (wordset.org, WordNet-based, community-edited)",chưa dịch lại theo định nghĩa Wordset mới - vẫn là công thức ghép cũ,
air+space,airspace,[air+space],0-2-0,noun,/ˈɛɹˌspeɪs/,real,the atmosphere above a nation that is deemed to be under its jurisdiction,"air+space(không khí, không trung + không gian)","Wordset Dictionary (wordset.org, WordNet-based, community-edited)",chưa dịch lại theo định nghĩa Wordset mới - vẫn là công thức ghép cũ,
air+speed,airspeed,[air+speed],0-2-0,noun,/ˈɛɹˌspid/,real,the speed of an aircraft relative to the air in which it is flying,"air+speed(không khí, không trung + tốc độ)","Wordset Dictionary (wordset.org, WordNet-based, community-edited)",chưa dịch lại theo định nghĩa Wordset mới - vẫn là công thức ghép cũ,
air+strip,airstrip,[air+strip],0-2-0,noun,/ˈɛɹˌstɹɪp/,real,an airfield without normal airport facilities,"air+strip(không khí, không trung + dải, cởi bỏ)","Wordset Dictionary (wordset.org, WordNet-based, community-edited)",chưa dịch lại theo định nghĩa Wordset mới - vẫn là công thức ghép cũ,
air+tight,airtight,[air+tight],0-2-0,adjective,/ˈɛɹˌtaɪt/,real,not allowing air or gas to pass in or out,"air+tight(không khí, không trung + chật, chặt)","Wordset Dictionary (wordset.org, WordNet-based, community-edited)",chưa dịch lại theo định nghĩa Wordset mới - vẫn là công thức ghép cũ,
air+way,airway,[air+way],0-2-0,noun,/ˈɛɹˌweɪ/,real,a commercial enterprise that provides scheduled flights for passengers,"air+way(không khí, không trung + con đường, cách thức)","Wordset Dictionary (wordset.org, WordNet-based, community-edited)",chưa dịch lại theo định nghĩa Wordset mới - vẫn là công thức ghép cũ,
air+woman,airwoman,[air+woman],0-2-0,noun,/ˈɛɹwʊmən/,"generated (espeak-ng G2P, algorithmic)",a woman aviator,"air+woman(không khí, không trung + phụ nữ)","Wordset Dictionary (wordset.org, WordNet-based, community-edited)",chưa dịch lại theo định nghĩa Wordset mới - vẫn là công thức ghép cũ,
air+worth,airworthy,[air+worth]-y,0-2-1,adjective,/ˈɛɹˌwɝði/,real,(of aircraft) fit to fly,"air+worth(không khí, không trung + đáng giá) + -y(có tính chất; danh từ/tính từ)","Wordset Dictionary (wordset.org, WordNet-based, community-edited)",chưa dịch lại theo định nghĩa Wordset mới - vẫn là công thức ghép cũ,
air+worth,airworthiness,[air+worth]-y-ness,0-2-2,noun,/ˈɛɹˌwɝðinəs/,real,fitness to fly,"air+worth(không khí, không trung + đáng giá) + -y(có tính chất; danh từ/tính từ) + -ness(trạng thái, tính chất (danh từ))","Wordset Dictionary (wordset.org, WordNet-based, community-edited)",chưa dịch lại theo định nghĩa Wordset mới - vẫn là công thức ghép cũ,
all+spice,allspice,[all+spice],0-2-0,noun,/ˈɔɫˌspaɪs/,real,ground dried berrylike fruit of a West Indian allspice tree,all+spice(tất cả + gia vị),"Wordset Dictionary (wordset.org, WordNet-based, community-edited)",chưa dịch lại theo định nghĩa Wordset mới - vẫn là công thức ghép cũ,
along+side,alongside,[along+side],0-2-0,preposition,/əˈɫɔŋˈsaɪd/,real,next to or at the side of something,along+side(dọc theo + bên cạnh),Oxford 5000 (verified),,
amid+ship,amidships,[amid+ship],0-2-0,adverb,/əˈmɪdʃɪps/,real,at or near or toward the center of a ship,amid+ship(giữa (khoảng) + con tàu),"Wordset Dictionary (wordset.org, WordNet-based, community-edited)",chưa dịch lại theo định nghĩa Wordset mới - vẫn là công thức ghép cũ,
anchor+man,anchorman,[anchor+man],0-2-0,noun,/ˈæŋkɝˌmæn/,real,a television reporter who coordinates a broadcast to which several correspondents contribute,anchor+man(mỏ neo + đàn ông),"Wordset Dictionary (wordset.org, WordNet-based, community-edited)",chưa dịch lại theo định nghĩa Wordset mới - vẫn là công thức ghép cũ,
any+body,anybody,[any+body],0-2-0,pronoun,/ˈɛnibədi/,real,"used instead of somebody in negative sentences and in questions after if/whether, and after verbs such as prevent, forbid, avoid, etc.",any+body(bất kỳ + cơ thể),Oxford 5000 (verified),,
any+how,anyhow,[any+how],0-2-0,adverb,/ˈɛniˌhaʊ/,real,used to indicate that a statement explains or supports a previous statement,any+how(bất kỳ + như thế nào),"Wordset Dictionary (wordset.org, WordNet-based, community-edited)",chưa dịch lại theo định nghĩa Wordset mới - vẫn là công thức ghép cũ,
any+more,anymore,[any+more],0-2-0,adverb,/ˌɛniˈmɔɹ/,real,at the present or from now on,any+more(bất kỳ + nhiều hơn),"Wordset Dictionary (wordset.org, WordNet-based, community-edited)",chưa dịch lại theo định nghĩa Wordset mới - vẫn là công thức ghép cũ,
any+one,anyone,[any+one],0-2-0,pronoun,/ˈɛniˌwən/,real,"used instead of someone in negative sentences and in questions after if/whether, and after verbs such as prevent, forbid, avoid, etc.",any+one(bất kỳ + một),Oxford 5000 (verified),,
any+place,anyplace,[any+place],0-2-0,adverb,/ˈɛniˌpɫeɪs/,real,at or in or to any place,any+place(bất kỳ + địa điểm),"Wordset Dictionary (wordset.org, WordNet-based, community-edited)",chưa dịch lại theo định nghĩa Wordset mới - vẫn là công thức ghép cũ,
any+thing,anything,[any+thing],0-2-0,pronoun,/ˈɛniˌθɪŋ/,real,"used instead of something in negative sentences and in questions; after if/whether; and after verbs such as prevent, ban, avoid, etc.","any+thing(bất kỳ + vật, thứ)",Oxford 5000 (verified),,
any+way,anyway,[any+way],0-2-0,adverb,/ˈɛniˌweɪ/,real,used when adding something to support an idea or argument,"any+way(bất kỳ + con đường, cách thức)",Oxford 5000 (verified),,
any+where,anywhere,[any+where],0-2-0,adverb,/ˈɛniˌwɛɹ/,real,used in negative sentences and in questions instead of somewhere,any+where(bất kỳ + ở đâu),Oxford 5000 (verified),,
area+way,areaways,[area+way],0-2-0,noun,/ˈɛɹiəwˌeɪz/,"generated (espeak-ng G2P, algorithmic)","area+way(part of a place, town, etc., or a region of a country or the world + very far; by a large amount)","area+way(khu vực, diện tích + con đường, cách thức)","compositional (generated, unverified)",công thức ghép (chưa xác thực),
arm+band,armband,[arm+band],0-2-0,noun,/ˈɑɹmˌbænd/,real,a band worn around the upper arm,"arm+band(cánh tay, vũ trang + ban nhạc, dải băng)","Wordset Dictionary (wordset.org, WordNet-based, community-edited)",chưa dịch lại theo định nghĩa Wordset mới - vẫn là công thức ghép cũ,
arm+chair,armchair,[arm+chair],0-2-0,noun,/ˈɑɹmˌtʃɛɹ/,real,chair with a support on each side for arms,"arm+chair(cánh tay, vũ trang + ghế)","Wordset Dictionary (wordset.org, WordNet-based, community-edited)",chưa dịch lại theo định nghĩa Wordset mới - vẫn là công thức ghép cũ,
arm+hole,armhole,[arm+hole],0-2-0,noun,/ˈɑːmhəʊl/,real,a hole through which you put your arm and where a sleeve can be attached,"arm+hole(cánh tay, vũ trang + lỗ hổng)","Wordset Dictionary (wordset.org, WordNet-based, community-edited)",chưa dịch lại theo định nghĩa Wordset mới - vẫn là công thức ghép cũ,
arm+load,armload,[arm+load],0-2-0,noun,/ˈɑːɹmloʊd/,"generated (espeak-ng G2P, algorithmic)","arm+load(either of the two long parts that stick out from the top of the body and connect the shoulders to the hands + something that is being carried (usually in large amounts) by a person, vehicle, etc.)","arm+load(cánh tay, vũ trang + tải trọng)","compositional (generated, unverified)",công thức ghép (chưa xác thực),
arm+pit,armpit,[arm+pit],0-2-0,noun,/ˈɑɹmˌpɪt/,real,the hollow under the arm where it is joined to the shoulder,"arm+pit(cánh tay, vũ trang + hố, hầm)","Wordset Dictionary (wordset.org, WordNet-based, community-edited)",chưa dịch lại theo định nghĩa Wordset mới - vẫn là công thức ghép cũ,
arm+strong,armstrong,[arm+strong],0-2-0,noun,/ˈɑɹmˌstɹɑŋ/,real,"arm+strong(either of the two long parts that stick out from the top of the body and connect the shoulders to the hands + having a lot of physical power so that you can lift heavy weights, do hard physical work, etc.)","arm+strong(cánh tay, vũ trang + mạnh mẽ)","compositional (generated, unverified)",công thức ghép (chưa xác thực),
arrow+head,arrowhead,[arrow+head],0-2-0,noun,/ˈæɹoʊˌhɛd/,real,the pointed head or striking tip of an arrow,"arrow+head(mũi tên + đầu, người đứng đầu)","Wordset Dictionary (wordset.org, WordNet-based, community-edited)",chưa dịch lại theo định nghĩa Wordset mới - vẫn là công thức ghép cũ,
arrow+root,arrowroot,[arrow+root],0-2-0,noun,/ˈɛɹoʊˌɹut/,real,canna grown especially for its edible rootstock from which arrowroot starch is obtained,"arrow+root(mũi tên + rễ cây, gốc rễ)","Wordset Dictionary (wordset.org, WordNet-based, community-edited)",chưa dịch lại theo định nghĩa Wordset mới - vẫn là công thức ghép cũ,
as+much,inasmuch,im-[as+much],1-2-0,adverb,/ˌɪˈnæsmək/,real,"In like degree; in like manner; seeing that; considering that;since; -- followed by as. See In as much as, under In, prep.Inasmuch as ye did it not to one of the least of these, ye did it notto me. Matt. xxv. 45.","im-(không (biến thể của in- trước b/m/p)) + as+much(như, khi + nhiều)","Webster's Unabridged Dictionary (1913, public domain)",công thức ghép (chưa xác thực),
ash+man,ashman,[ash+man],0-2-0,noun,/ˈæʃmən/,real,"ash+man(the grey or black powder that is left after something, especially tobacco, wood or coal, has burnt + an adult male human)",ash+man(tro + đàn ông),"compositional (generated, unverified)",công thức ghép (chưa xác thực),
auto+code,autocoder,[auto+code]-er,0-2-1,noun,/ˌɔːɾoʊkˈoʊdɚ/,"generated (espeak-ng G2P, algorithmic)","auto+code(a car + a system of words, letters, numbers or symbols that represent a message or record information secretly or in a shorter form) + -er(person who does; comparative)","auto+code(tự động (viết tắt) + mã, quy tắc) + -er(người làm việc gì; so sánh hơn)","compositional (generated, unverified)",công thức ghép (chưa xác thực),
back+bench,backbench,[back+bench],0-2-0,noun,/bˈækbɛntʃ/,real,any of the seats occupied by backbenchers in the House of Commons,"back+bench(lưng, phía sau + ghế dài, băng ghế)","Wordset Dictionary (wordset.org, WordNet-based, community-edited)",chưa dịch lại theo định nghĩa Wordset mới - vẫn là công thức ghép cũ,
back+bench,backbencher,[back+bench]-er,0-2-1,noun,/bˈækbɛntʃɐ/,real,a member of the House of Commons who is not a party leader,"back+bench(lưng, phía sau + ghế dài, băng ghế) + -er(người làm việc gì; so sánh hơn)","Wordset Dictionary (wordset.org, WordNet-based, community-edited)",chưa dịch lại theo định nghĩa Wordset mới - vẫn là công thức ghép cũ,
back+board,backboards,[back+board],0-2-0,adjective,/ˈbækˌbɔɹdz/,real,"back+board(located behind or at the back of something + a long thin piece of strong hard material, especially wood, used, for example, for making floors, building walls and roofs and making boats)","back+board(lưng, phía sau + ban, bảng, tấm ván)","compositional (generated, unverified)",công thức ghép (chưa xác thực),
back+bone,backbones,[back+bone],0-2-0,adjective,/ˈbækˌboʊnz/,real,back+bone(located behind or at the back of something + any of the hard parts that form the skeleton of the body of a human or an animal),"back+bone(lưng, phía sau + xương)","compositional (generated, unverified)",công thức ghép (chưa xác thực),
back+break,backbreakingly,[back+break]-ly,0-2-1,adverb,/bˈækbɹeɪkɪŋli/,"generated (espeak-ng G2P, algorithmic)","back+break(located behind or at the back of something + a short period of time when you stop what you are doing and rest, eat, etc.) + -ly(adverb of manner / adjective (like))","back+break(lưng, phía sau + phá vỡ, nghỉ giải lao) + -ly(trạng từ chỉ cách thức / tính từ (giống như))","compositional (generated, unverified)",công thức ghép (chưa xác thực),"trạng từ từ ""backbreaking"" (backbreaking + ly)"
back+cloth,backcloth,[back+cloth],0-2-0,noun,/bˈækklɒθ/,real,scenery hung at back of stage,"back+cloth(lưng, phía sau + vải)","Wordset Dictionary (wordset.org, WordNet-based, community-edited)",chưa dịch lại theo định nghĩa Wordset mới - vẫn là công thức ghép cũ,
back+door,backdoors,[back+door],0-2-0,adjective,/ˈbækˌdɔɹz/,real,"back+door(located behind or at the back of something + a piece of wood, glass, etc. that is opened and closed so that people can get in and out of a room, building, car, etc.; a similar thing in a cupboard)","back+door(lưng, phía sau + cửa)","compositional (generated, unverified)",công thức ghép (chưa xác thực),
back+drop,backdrops,[back+drop],0-2-0,adjective,/ˈbækˌdɹɑps/,real,back+drop(located behind or at the back of something + a very small amount of liquid that forms a round shape),"back+drop(lưng, phía sau + rơi, giọt)","compositional (generated, unverified)",công thức ghép (chưa xác thực),
back+ground,background,[back+ground],0-2-0,noun,/ˈbækˌɡɹaʊnd/,real,"the details of a person’s family, education, experience, etc.","back+ground(lưng, phía sau + mặt đất)",Oxford 5000 (verified),,
back+hand,backhander,[back+hand]-er,0-2-1,noun,/bˈækhændɐ/,real,a backhanded blow,"back+hand(lưng, phía sau + bàn tay) + -er(người làm việc gì; so sánh hơn)","Wordset Dictionary (wordset.org, WordNet-based, community-edited)",chưa dịch lại theo định nghĩa Wordset mới - vẫn là công thức ghép cũ,
back+hand,backhand,[back+hand],0-2-0,adjective,/ˈbækˌhænd/,real,(of handwriting) having the letters slanting backward,"back+hand(lưng, phía sau + bàn tay)","Wordset Dictionary (wordset.org, WordNet-based, community-edited)",chưa dịch lại theo định nghĩa Wordset mới - vẫn là công thức ghép cũ,
back+log,backlog,[back+log],0-2-0,noun,/ˈbæˌkɫɑɡ/,real,an accumulation of jobs not done or materials not processed that are yet to be dealt with (especially unfilled customer orders for products or services),"back+log(lưng, phía sau + khúc gỗ, nhật ký)","Wordset Dictionary (wordset.org, WordNet-based, community-edited)",chưa dịch lại theo định nghĩa Wordset mới - vẫn là công thức ghép cũ,
back+most,backmost,[back+most],0-2-0,adjective,/bˈækmoʊst/,"generated (espeak-ng G2P, algorithmic)",located farthest to the rear,"back+most(lưng, phía sau + nhiều nhất)","Wordset Dictionary (wordset.org, WordNet-based, community-edited)",chưa dịch lại theo định nghĩa Wordset mới - vẫn là công thức ghép cũ,
back+pack,backpack,[back+pack],0-2-0,noun,/ˈbækˌpæk/,real,a bag carried by a strap on your back or shoulder,"back+pack(lưng, phía sau + đóng gói, gói)","Wordset Dictionary (wordset.org, WordNet-based, community-edited)",chưa dịch lại theo định nghĩa Wordset mới - vẫn là công thức ghép cũ,
back+room,backroom,[back+room],0-2-0,noun,/ˈbæˌkɹum/,real,the meeting place of a group of leaders who make their decisions via private negotiations,"back+room(lưng, phía sau + căn phòng)","Wordset Dictionary (wordset.org, WordNet-based, community-edited)",chưa dịch lại theo định nghĩa Wordset mới - vẫn là công thức ghép cũ,
back+scratch,backscratcher,[back+scratch]-er,0-2-1,noun,/bˈækskɹætʃɐ/,real,a long-handled scratcher for scratching your back,"back+scratch(lưng, phía sau + trầy xước) + -er(người làm việc gì; so sánh hơn)","Wordset Dictionary (wordset.org, WordNet-based, community-edited)",chưa dịch lại theo định nghĩa Wordset mới - vẫn là công thức ghép cũ,
back+seat,backseat,[back+seat],0-2-0,noun,/bækˈsit/,real,a seat at the back of a vehicle (especially the seat at the back of an automobile),"back+seat(lưng, phía sau + chỗ ngồi)","Wordset Dictionary (wordset.org, WordNet-based, community-edited)",chưa dịch lại theo định nghĩa Wordset mới - vẫn là công thức ghép cũ,
back+side,backside,[back+side],0-2-0,noun,/ˈbækˌsaɪd/,real,the fleshy part of the human body that you sit on,"back+side(lưng, phía sau + bên cạnh)","Wordset Dictionary (wordset.org, WordNet-based, community-edited)",chưa dịch lại theo định nghĩa Wordset mới - vẫn là công thức ghép cũ,
back+space,backspaced,[back+space],0-2-0,adjective,/bˈækspeɪst/,"generated (espeak-ng G2P, algorithmic)",back+space(located behind or at the back of something + the area outside the earth’s atmosphere where all the other planets and stars are),"back+space(lưng, phía sau + không gian)","compositional (generated, unverified)",công thức ghép (chưa xác thực),
back+stage,backstage,[back+stage],0-2-0,adverb,/ˈbækˈsteɪdʒ/,real,in or to a backstage area of a theater,"back+stage(lưng, phía sau + sân khấu, giai đoạn)","Wordset Dictionary (wordset.org, WordNet-based, community-edited)",chưa dịch lại theo định nghĩa Wordset mới - vẫn là công thức ghép cũ,
back+stair,backstair,[back+stair],0-2-0,adjective,/bˈækstɛɹ/,"generated (espeak-ng G2P, algorithmic)",secret and sly or sordid,"back+stair(lưng, phía sau + cầu thang)","Wordset Dictionary (wordset.org, WordNet-based, community-edited)",chưa dịch lại theo định nghĩa Wordset mới - vẫn là công thức ghép cũ,
back+stay,backstay,[back+stay],0-2-0,noun,/bˈæksteɪ/,real,a stay that supports the back of something,"back+stay(lưng, phía sau + ở lại)","Wordset Dictionary (wordset.org, WordNet-based, community-edited)",chưa dịch lại theo định nghĩa Wordset mới - vẫn là công thức ghép cũ,
back+stroke,backstroke,[back+stroke],0-2-0,noun,/ˈbækˌstɹoʊk/,real,a swimming stroke that resembles the crawl except the swimmer lies on his or her back,"back+stroke(lưng, phía sau + cú đánh, đột quỵ)","Wordset Dictionary (wordset.org, WordNet-based, community-edited)",chưa dịch lại theo định nghĩa Wordset mới - vẫn là công thức ghép cũ,
back+up,backup,[back+up],0-2-0,noun,/ˈbæˌkəp/,real,extra help or support that you can get if necessary,"back+up(lưng, phía sau + lên trên)",Oxford 5000 (verified),,
back+water,backwater,[back+water],0-2-0,noun,/ˈbæˌkwɔtɝ/,real,a place or condition in which no development or progress is occurring,"back+water(lưng, phía sau + nước)","Wordset Dictionary (wordset.org, WordNet-based, community-edited)",chưa dịch lại theo định nghĩa Wordset mới - vẫn là công thức ghép cũ,
back+wood,backwoods,[back+wood],0-2-0,noun,/ˈbæˈkwʊdz/,real,a remote and undeveloped area,"back+wood(lưng, phía sau + gỗ)","Wordset Dictionary (wordset.org, WordNet-based, community-edited)",chưa dịch lại theo định nghĩa Wordset mới - vẫn là công thức ghép cũ,
back+yard,backyard,[back+yard],0-2-0,noun,/ˈbækˌjɑɹd/,real,the grounds in back of a house,"back+yard(lưng, phía sau + sân, yard (đơn vị))","Wordset Dictionary (wordset.org, WordNet-based, community-edited)",chưa dịch lại theo định nghĩa Wordset mới - vẫn là công thức ghép cũ,
bad+land,badlands,[bad+land],0-2-0,noun,/ˈbædˌɫændz/,real,deeply eroded barren land,"bad+land(xấu, tệ + đất đai)","Wordset Dictionary (wordset.org, WordNet-based, community-edited)",chưa dịch lại theo định nghĩa Wordset mới - vẫn là công thức ghép cũ,
bag+pipe,bagpipe,[bag+pipe],0-2-0,noun,/ˈbæɡˌpaɪp/,real,a tubular wind instrument,bag+pipe(túi + ống dẫn),"Wordset Dictionary (wordset.org, WordNet-based, community-edited)",chưa dịch lại theo định nghĩa Wordset mới - vẫn là công thức ghép cũ,
ball+field,ballfields,[ball+field],0-2-0,noun,/bˈɔːlfiːldz/,"generated (espeak-ng G2P, algorithmic)","ball+field(a round object used for throwing, hitting or kicking in games and sports + an area of land in the country used for growing crops or keeping animals in, usually surrounded by a fence, etc.)","ball+field(quả bóng + cánh đồng, lĩnh vực)","compositional (generated, unverified)",công thức ghép (chưa xác thực),"số nhiều của ""ballfield"" (sân bóng, tiếng Mỹ thông dụng)"
ball+play,ballplayer,[ball+play]-er,0-2-1,noun,/ˈbɔɫˌpɫeɪɝ/,real,an athlete who plays baseball,ball+play(quả bóng + chơi) + -er(người làm việc gì; so sánh hơn),"Wordset Dictionary (wordset.org, WordNet-based, community-edited)",chưa dịch lại theo định nghĩa Wordset mới - vẫn là công thức ghép cũ,
ball+point,ballpoint,[ball+point],0-2-0,noun,/ˈbɔɫpɔɪnt/,real,a pen that has a small metal ball as the point of transfer of ink to paper,"ball+point(quả bóng + điểm, chỉ ra)","Wordset Dictionary (wordset.org, WordNet-based, community-edited)",chưa dịch lại theo định nghĩa Wordset mới - vẫn là công thức ghép cũ,
ball+room,ballroom,[ball+room],0-2-0,noun,/ˈbɔɫˌɹum/,real,large room used mainly for dancing,ball+room(quả bóng + căn phòng),"Wordset Dictionary (wordset.org, WordNet-based, community-edited)",chưa dịch lại theo định nghĩa Wordset mới - vẫn là công thức ghép cũ,
ban+bury,banbury,[ban+bury],0-2-0,noun,/ˈbænˌbɛɹi/,real,ban+bury(an official rule that says that something is not allowed + to place a dead body in the ground),ban+bury(cấm + chôn cất),"compositional (generated, unverified)",công thức ghép (chưa xác thực),
band+box,bandbox,[band+box],0-2-0,noun,/bˈændbɒks/,real,a light cylindrical box for holding light articles of attire (especially hats),"band+box(ban nhạc, dải băng + hộp)","Wordset Dictionary (wordset.org, WordNet-based, community-edited)",chưa dịch lại theo định nghĩa Wordset mới - vẫn là công thức ghép cũ,
band+man,bandsman,[band+man],0-2-0,noun,/bˈændzmən/,real,a player in a band (especially a military band),"band+man(ban nhạc, dải băng + đàn ông)","Wordset Dictionary (wordset.org, WordNet-based, community-edited)",chưa dịch lại theo định nghĩa Wordset mới - vẫn là công thức ghép cũ,
band+master,bandmaster,[band+master],0-2-0,noun,/bˈændmɑːstɐ/,real,the conductor of a band,"band+master(ban nhạc, dải băng + bậc thầy)","Wordset Dictionary (wordset.org, WordNet-based, community-edited)",chưa dịch lại theo định nghĩa Wordset mới - vẫn là công thức ghép cũ,
band+stand,bandstand,[band+stand],0-2-0,noun,/ˈbændˌstænd/,real,a platform where a band can play in the open air,"band+stand(ban nhạc, dải băng + đứng)","Wordset Dictionary (wordset.org, WordNet-based, community-edited)",chưa dịch lại theo định nghĩa Wordset mới - vẫn là công thức ghép cũ,
band+width,bandwidth,[band+width],0-2-0,noun,/ˈbændwɪdθ/,real,a data transmission rate,"band+width(ban nhạc, dải băng + chiều rộng)","Wordset Dictionary (wordset.org, WordNet-based, community-edited)",chưa dịch lại theo định nghĩa Wordset mới - vẫn là công thức ghép cũ,
bank+book,bankbook,[bank+book],0-2-0,noun,/ˈbæŋkˌbʊk/,real,a record of deposits and withdrawals and interest held by depositors at certain banks,"bank+book(ngân hàng, bờ sông + sách)","Wordset Dictionary (wordset.org, WordNet-based, community-edited)",chưa dịch lại theo định nghĩa Wordset mới - vẫn là công thức ghép cũ,
bank+note,banknote,[bank+note],0-2-0,noun,/ˈbæŋkˌnoʊt/,real,a piece of paper money (especially one issued by a central bank),"bank+note(ngân hàng, bờ sông + ghi chú)","Wordset Dictionary (wordset.org, WordNet-based, community-edited)",chưa dịch lại theo định nghĩa Wordset mới - vẫn là công thức ghép cũ,
bank+roll,bankroll,[bank+roll],0-2-0,noun,/ˈbæŋˌkɹoʊɫ/,real,a roll of currency notes (often taken as the resources of a person or business etc.),"bank+roll(ngân hàng, bờ sông + cuộn lại, lăn)","Wordset Dictionary (wordset.org, WordNet-based, community-edited)",chưa dịch lại theo định nghĩa Wordset mới - vẫn là công thức ghép cũ,
bar+fly,barflies,[bar+fly],0-2-0,noun,/bˈɑːɹflaɪz/,"generated (espeak-ng G2P, algorithmic)",bar+fly(a place where you can buy and drink alcoholic and other drinks + a small flying insect with two wings. There are many different types of fly and many of them spread disease.),"bar+fly(quán bar, thanh chắn + bay, ruồi)","compositional (generated, unverified)",công thức ghép (chưa xác thực),
bar+keep,barkeep,[bar+keep],0-2-0,noun,/bˈɑːkiːp/,real,an employee who mixes and serves alcoholic drinks at a bar,"bar+keep(quán bar, thanh chắn + giữ)","Wordset Dictionary (wordset.org, WordNet-based, community-edited)",chưa dịch lại theo định nghĩa Wordset mới - vẫn là công thức ghép cũ,
bar+man,barman,[bar+man],0-2-0,noun,/ˈbɑɹmən/,real,an employee who mixes and serves alcoholic drinks at a bar,"bar+man(quán bar, thanh chắn + đàn ông)","Wordset Dictionary (wordset.org, WordNet-based, community-edited)",chưa dịch lại theo định nghĩa Wordset mới - vẫn là công thức ghép cũ,
bar+tend,bartender,[bar+tend]-er,0-2-1,noun,/ˈbɑɹˌtɛndɝ/,real,an employee who mixes and serves alcoholic drinks at a bar,"bar+tend(quán bar, thanh chắn + có xu hướng) + -er(người làm việc gì; so sánh hơn)","Wordset Dictionary (wordset.org, WordNet-based, community-edited)",chưa dịch lại theo định nghĩa Wordset mới - vẫn là công thức ghép cũ,
bare+back,bareback,[bare+back],0-2-0,adverb,/bˈeəbæk/,real,without a saddle,"bare+back(trần trụi + lưng, phía sau)","Wordset Dictionary (wordset.org, WordNet-based, community-edited)",chưa dịch lại theo định nghĩa Wordset mới - vẫn là công thức ghép cũ,
bare+face,barefacedly,[bare+face]-ly,0-2-1,adverb,/bˈɛɹfeɪsˌɪdli/,"generated (espeak-ng G2P, algorithmic)",without shame,"bare+face(trần trụi + khuôn mặt, đối mặt) + -ly(trạng từ chỉ cách thức / tính từ (giống như))","Wordset Dictionary (wordset.org, WordNet-based, community-edited)",chưa dịch lại theo định nghĩa Wordset mới - vẫn là công thức ghép cũ,
bare+face,barefaced,[bare+face],0-2-0,adjective,/bˈeəfeɪst/,real,unrestrained by convention or propriety,"bare+face(trần trụi + khuôn mặt, đối mặt)","Wordset Dictionary (wordset.org, WordNet-based, community-edited)",chưa dịch lại theo định nghĩa Wordset mới - vẫn là công thức ghép cũ,
bare+foot,barefoot,[bare+foot],0-2-0,adverb,/ˈbɛɹˌfʊt/,real,without shoes on,bare+foot(trần trụi + bàn chân),"Wordset Dictionary (wordset.org, WordNet-based, community-edited)",chưa dịch lại theo định nghĩa Wordset mới - vẫn là công thức ghép cũ,
bare+head,bareheaded,[bare+head],0-2-0,adjective,/bˈeəhɛdɪd/,real,having the head uncovered,"bare+head(trần trụi + đầu, người đứng đầu)","Wordset Dictionary (wordset.org, WordNet-based, community-edited)",chưa dịch lại theo định nghĩa Wordset mới - vẫn là công thức ghép cũ,
bare+leg,barelegged,[bare+leg],0-2-0,adjective,/bˈɛɹlɪɡˌɪd/,"generated (espeak-ng G2P, algorithmic)",having the legs uncovered by clothing,bare+leg(trần trụi + chân),"Wordset Dictionary (wordset.org, WordNet-based, community-edited)",chưa dịch lại theo định nghĩa Wordset mới - vẫn là công thức ghép cũ,
base+ball,baseball,[base+ball],0-2-0,noun,/ˈbeɪsˈbɔɫ/,real,"a game played especially in the US by two teams of nine players, using a bat and ball. Each player tries to hit the ball and then run around four bases before the other team can return the ball.","base+ball(căn cứ, cơ sở + quả bóng)",Oxford 5000 (verified),,
base+board,baseboard,[base+board],0-2-0,noun,/ˈbeɪsˌbɔɹd/,real,a molding covering the joint formed by a wall and the floor,"base+board(căn cứ, cơ sở + ban, bảng, tấm ván)","Wordset Dictionary (wordset.org, WordNet-based, community-edited)",chưa dịch lại theo định nghĩa Wordset mới - vẫn là công thức ghép cũ,
base+line,baseline,[base+line],0-2-0,noun,/ˈbeɪˌsɫaɪn/,real,the lines a baseball player must follow while running the bases,"base+line(căn cứ, cơ sở + đường kẻ)","Wordset Dictionary (wordset.org, WordNet-based, community-edited)",chưa dịch lại theo định nghĩa Wordset mới - vẫn là công thức ghép cũ,
base+man,baseman,[base+man],0-2-0,noun,/ˈbeɪsmən/,real,"base+man(the lowest part of something, especially the part or surface on which it rests or stands + an adult male human)","base+man(căn cứ, cơ sở + đàn ông)","compositional (generated, unverified)",công thức ghép (chưa xác thực),
basket+ball,basketball,[basket+ball],0-2-0,noun,/ˈbæskətˌbɔɫ/,real,"a game played by two teams of five players, using a large ball which players try to throw into a high net hanging from a ring","basket+ball(giỏ, rổ + quả bóng)",Oxford 5000 (verified),,
basket+work,basketwork,[basket+work],0-2-0,noun,/bˈɑːskɪtwˌɜːk/,real,"basket+work(a container for holding or carrying things. Baskets are made of long thin pieces of material that bends and twists easily, for example plastic, wire or wicker. + the job that a person does especially in order to earn money)","basket+work(giỏ, rổ + công việc)","compositional (generated, unverified)",công thức ghép (chưa xác thực),
bat+man,batman,[bat+man],0-2-0,noun,/ˈbætˌmæn/,real,an orderly assigned to serve a British military officer,"bat+man(con dơi, gậy đánh bóng + đàn ông)","Wordset Dictionary (wordset.org, WordNet-based, community-edited)",chưa dịch lại theo định nghĩa Wordset mới - vẫn là công thức ghép cũ,
bat+wing,batwings,[bat+wing],0-2-0,noun,/bˈætwɪŋz/,"generated (espeak-ng G2P, algorithmic)","bat+wing(a piece of wood with a handle, made in various shapes and sizes, and used for hitting the ball in games such as baseball, cricket and table tennis + one of the parts of the body of a bird, insect or bat that it uses for flying)","bat+wing(con dơi, gậy đánh bóng + cánh)","compositional (generated, unverified)",công thức ghép (chưa xác thực),"liên quan ""batwing sleeves"" (tay áo dơi), có thật trong thời trang"
bath+room,bathroom,[bath+room],0-2-0,noun,/ˈbæˌθɹum/,real,"a room in which there is a bath, a washbasin and often a toilet",bath+room(bồn tắm + căn phòng),Oxford 5000 (verified),,
bath+tube,bathtub,[bath+tube],0-2-0,noun,/ˈbæθtəb/,real,a relatively large open container that you fill with water and use to wash the body,"bath+tube(bồn tắm + ống, tàu điện ngầm)","Wordset Dictionary (wordset.org, WordNet-based, community-edited)",chưa dịch lại theo định nghĩa Wordset mới - vẫn là công thức ghép cũ,
battle+dress,battledress,[battle+dress],0-2-0,noun,/bˈætəldɹˌɛs/,real,"battle+dress(a fight between armies, ships or planes, especially during a war; a violent fight between groups of people + a piece of clothing that is made in one piece and hangs down to cover the body as far as the legs, sometimes reaching to below the knees, or to the ankles)","battle+dress(trận chiến + váy, mặc quần áo)","compositional (generated, unverified)",công thức ghép (chưa xác thực),
battle+field,battlefield,[battle+field],0-2-0,noun,/ˈbætəɫˌfiɫd/,real,a place where a battle is being fought or has been fought,"battle+field(trận chiến + cánh đồng, lĩnh vực)",Oxford 5000 (verified),,
battle+front,battlefront,[battle+front],0-2-0,noun,/ˈbætəɫˌfɹənt/,real,the line along which opposing armies face each other,battle+front(trận chiến + phía trước),"Wordset Dictionary (wordset.org, WordNet-based, community-edited)",chưa dịch lại theo định nghĩa Wordset mới - vẫn là công thức ghép cũ,
battle+ground,battleground,[battle+ground],0-2-0,noun,/ˈbætəɫˌɡɹaʊnd/,real,a region where a battle is being (or has been) fought,battle+ground(trận chiến + mặt đất),"Wordset Dictionary (wordset.org, WordNet-based, community-edited)",chưa dịch lại theo định nghĩa Wordset mới - vẫn là công thức ghép cũ,
battle+ship,battleship,[battle+ship],0-2-0,noun,/ˈbætəɫˌʃɪp/,real,large and heavily armoured warship,battle+ship(trận chiến + con tàu),"Wordset Dictionary (wordset.org, WordNet-based, community-edited)",chưa dịch lại theo định nghĩa Wordset mới - vẫn là công thức ghép cũ,
beach+head,beachhead,[beach+head],0-2-0,noun,/ˈbitʃˌhɛd/,real,an initial accomplishment that opens the way for further developments,"beach+head(bãi biển + đầu, người đứng đầu)","Wordset Dictionary (wordset.org, WordNet-based, community-edited)",chưa dịch lại theo định nghĩa Wordset mới - vẫn là công thức ghép cũ,
beach+wear,beachwear,[beach+wear],0-2-0,noun,/bˈiːtʃweə/,real,clothing to be worn at a beach,beach+wear(bãi biển + mặc quần áo),"Wordset Dictionary (wordset.org, WordNet-based, community-edited)",chưa dịch lại theo định nghĩa Wordset mới - vẫn là công thức ghép cũ,
bean+pole,beanpole,[bean+pole],0-2-0,noun,/bˈiːnpəʊl/,real,"bean+pole(a seed, or pod containing seeds, of a climbing plant, eaten as a vegetable. There are several types of bean and the plants that they grow on are also called beans. + a long thin straight piece of wood or metal, especially one with the end placed in the ground, used as a support)","bean+pole(hạt đậu + cực, cột)","compositional (generated, unverified)",công thức ghép (chưa xác thực),
bear+skin,bearskin,[bear+skin],0-2-0,noun,/bˈeəskɪn/,real,tall hat,"bear+skin(gấu, chịu đựng + làn da)","Wordset Dictionary (wordset.org, WordNet-based, community-edited)",chưa dịch lại theo định nghĩa Wordset mới - vẫn là công thức ghép cũ,
beast+sell,bestseller,[beast+sell]-er,0-2-1,noun,/ˈbɛˈsɛɫɝ/,real,a book that has had a large and rapid sale,beast+sell(con thú + bán) + -er(người làm việc gì; so sánh hơn),"Wordset Dictionary (wordset.org, WordNet-based, community-edited)",chưa dịch lại theo định nghĩa Wordset mới - vẫn là công thức ghép cũ,
beast+sell,bestselling,[beast+sell],0-2-0,noun,/ˈbɛˈsɛɫɪŋ/,real,"beast+sell(an animal, especially one that is large or dangerous, or one that is unusual + to give something to somebody in exchange for money)",beast+sell(con thú + bán),"compositional (generated, unverified)",công thức ghép (chưa xác thực),
bed+bug,bedbug,[bed+bug],0-2-0,noun,/ˈbɛdbəɡ/,real,"bug of temperate regions that infests beds, clothes, cloth furniture, and other household items, and feeds on human blood","bed+bug(giường + côn trùng, lỗi phần mềm)","Wordset Dictionary (wordset.org, WordNet-based, community-edited)",chưa dịch lại theo định nghĩa Wordset mới - vẫn là công thức ghép cũ,
bed+cloth,bedclothes,[bed+cloth],0-2-0,noun,/bˈɛdkləʊðz/,real,coverings that are used on a bed,bed+cloth(giường + vải),"Wordset Dictionary (wordset.org, WordNet-based, community-edited)",chưa dịch lại theo định nghĩa Wordset mới - vẫn là công thức ghép cũ,
bed+fast,bedfast,[bed+fast],0-2-0,adjective,/bˈɛdfæst/,"generated (espeak-ng G2P, algorithmic)",confined to bed (by illness),"bed+fast(giường + nhanh, nhịn ăn)","Wordset Dictionary (wordset.org, WordNet-based, community-edited)",chưa dịch lại theo định nghĩa Wordset mới - vẫn là công thức ghép cũ,
bed+fellow,bedfellow,[bed+fellow],0-2-0,noun,/ˈbɛdˌfɛɫoʊ/,real,a person with whom you share a bed,"bed+fellow(giường + đồng nghiệp, gã)","Wordset Dictionary (wordset.org, WordNet-based, community-edited)",chưa dịch lại theo định nghĩa Wordset mới - vẫn là công thức ghép cũ,
bed+ground,bedground,[bed+ground],0-2-0,noun,/bˈɛdɡɹaʊnd/,"generated (espeak-ng G2P, algorithmic)",an area on which a drove of cattle or sheep can sleep for a night,bed+ground(giường + mặt đất),"Wordset Dictionary (wordset.org, WordNet-based, community-edited)",chưa dịch lại theo định nghĩa Wordset mới - vẫn là công thức ghép cũ,
bed+pan,bedpan,[bed+pan],0-2-0,noun,/ˈbɛdˌpæn/,real,a shallow vessel used by a bedridden patient for defecation and urination,bed+pan(giường + chảo),"Wordset Dictionary (wordset.org, WordNet-based, community-edited)",chưa dịch lại theo định nghĩa Wordset mới - vẫn là công thức ghép cũ,
bed+post,bedpost,[bed+post],0-2-0,noun,/bˈɛdpəʊst/,real,any of 4 vertical supports at the corners of a bedstead,"bed+post(giường + bưu điện, đăng bài)","Wordset Dictionary (wordset.org, WordNet-based, community-edited)",chưa dịch lại theo định nghĩa Wordset mới - vẫn là công thức ghép cũ,
bed+rid,bedridden,[bed+rid]-en,0-2-1,adjective,/ˈbɛˌdɹɪdən/,real,confined to bed (by illness),bed+rid(giường + loại bỏ) + -en(làm cho (động từ); làm bằng (tính từ)),"Wordset Dictionary (wordset.org, WordNet-based, community-edited)",chưa dịch lại theo định nghĩa Wordset mới - vẫn là công thức ghép cũ,
bed+rock,bedrock,[bed+rock],0-2-0,noun,/ˈbɛˌdɹɑk/,real,principles from which other truths can be derived,"bed+rock(giường + đá, nhạc rock)","Wordset Dictionary (wordset.org, WordNet-based, community-edited)",chưa dịch lại theo định nghĩa Wordset mới - vẫn là công thức ghép cũ,
bed+room,bedroom,[bed+room],0-2-0,noun,/ˈbɛˌdɹum/,real,a room for sleeping in,bed+room(giường + căn phòng),Oxford 5000 (verified),,
bed+side,bedside,[bed+side],0-2-0,noun,/ˈbɛdˌsaɪd/,real,"space by the side of a bed, especially the bed of a sick or dying person",bed+side(giường + bên cạnh),"Wordset Dictionary (wordset.org, WordNet-based, community-edited)",chưa dịch lại theo định nghĩa Wordset mới - vẫn là công thức ghép cũ,
bed+sit,bedsitter,[bed+sit]-er,0-2-1,noun,/bˈɛdsɪtɐ/,real,a furnished sitting room with sleeping accommodations (and some plumbing),bed+sit(giường + ngồi) + -er(người làm việc gì; so sánh hơn),"Wordset Dictionary (wordset.org, WordNet-based, community-edited)",chưa dịch lại theo định nghĩa Wordset mới - vẫn là công thức ghép cũ,
bed+sit,bedsit,[bed+sit],0-2-0,noun,/bˈɛdsɪt/,real,a furnished sitting room with sleeping accommodations (and some plumbing),bed+sit(giường + ngồi),"Wordset Dictionary (wordset.org, WordNet-based, community-edited)",chưa dịch lại theo định nghĩa Wordset mới - vẫn là công thức ghép cũ,
bed+spread,bedspread,[bed+spread],0-2-0,noun,/ˈbɛdsˌpɹɛd/,real,decorative cover for a bed,bed+spread(giường + lan rộng),"Wordset Dictionary (wordset.org, WordNet-based, community-edited)",chưa dịch lại theo định nghĩa Wordset mới - vẫn là công thức ghép cũ,
bed+spring,bedsprings,[bed+spring],0-2-0,noun,/bˈɛdspɹɪŋz/,real,bed+spring(a piece of furniture for sleeping on + the season between winter and summer when plants begin to grow),"bed+spring(giường + mùa xuân, lò xo)","compositional (generated, unverified)",công thức ghép (chưa xác thực),
bed+time,bedtime,[bed+time],0-2-0,noun,/ˈbɛdˌtaɪm/,real,the time you go to bed,bed+time(giường + thời gian),"Wordset Dictionary (wordset.org, WordNet-based, community-edited)",chưa dịch lại theo định nghĩa Wordset mới - vẫn là công thức ghép cũ,
bee+bread,beebread,[bee+bread],0-2-0,noun,/bˈiːbɹɛd/,"generated (espeak-ng G2P, algorithmic)",a mixture of nectar and pollen prepared by worker bees and fed to larvae,bee+bread(con ong + bánh mì),"Wordset Dictionary (wordset.org, WordNet-based, community-edited)",chưa dịch lại theo định nghĩa Wordset mới - vẫn là công thức ghép cũ,
bee+line,beeline,[bee+line],0-2-0,noun,/bˈiːlaɪn/,real,the most direct route,bee+line(con ong + đường kẻ),"Wordset Dictionary (wordset.org, WordNet-based, community-edited)",chưa dịch lại theo định nghĩa Wordset mới - vẫn là công thức ghép cũ,
beef+cake,beefcake,[beef+cake],0-2-0,noun,/bˈiːfkeɪk/,real,a photograph of a muscular man in minimal attire,beef+cake(thịt bò + bánh ngọt),"Wordset Dictionary (wordset.org, WordNet-based, community-edited)",chưa dịch lại theo định nghĩa Wordset mới - vẫn là công thức ghép cũ,
beef+eat,beefeater,[beef+eat]-er,0-2-1,noun,/ˈbiˌfitɝ/,real,officer in the (ceremonial) bodyguard of the British monarch,beef+eat(thịt bò + ăn) + -er(người làm việc gì; so sánh hơn),"Wordset Dictionary (wordset.org, WordNet-based, community-edited)",chưa dịch lại theo định nghĩa Wordset mới - vẫn là công thức ghép cũ,
before+hand,beforehand,[before+hand],0-2-0,adverb,/bɪˈfɔɹˌhænd/,real,ahead of time,before+hand(trước khi + bàn tay),"Wordset Dictionary (wordset.org, WordNet-based, community-edited)",chưa dịch lại theo định nghĩa Wordset mới - vẫn là công thức ghép cũ,
beg+man,beggarman,[beg+man]-ar,0-2-1,noun,/bˈɛɡɑːɹmən/,"generated (espeak-ng G2P, algorithmic)",a man who is a beggar,beg+man(van xin + đàn ông) + -ar(thuộc về (tính từ); người (danh từ)),"Wordset Dictionary (wordset.org, WordNet-based, community-edited)",chưa dịch lại theo định nghĩa Wordset mới - vẫn là công thức ghép cũ,
beg+woman,beggarwoman,[beg+woman]-ar,0-2-1,noun,/bˈɛɡɑːɹwˌʊmən/,"generated (espeak-ng G2P, algorithmic)",a woman who is a beggar,beg+woman(van xin + phụ nữ) + -ar(thuộc về (tính từ); người (danh từ)),"Wordset Dictionary (wordset.org, WordNet-based, community-edited)",chưa dịch lại theo định nghĩa Wordset mới - vẫn là công thức ghép cũ,
behind+hand,behindhand,[behind+hand],0-2-0,adverb,/bᵻhˈaɪndhænd/,"generated (espeak-ng G2P, algorithmic)",in debt,behind+hand(phía sau + bàn tay),"Wordset Dictionary (wordset.org, WordNet-based, community-edited)",chưa dịch lại theo định nghĩa Wordset mới - vẫn là công thức ghép cũ,
bell+boy,bellboy,[bell+boy],0-2-0,noun,/ˈbɛɫˌbɔɪ/,real,someone employed as an errand boy and luggage carrier around hotels,bell+boy(chuông + con trai),"Wordset Dictionary (wordset.org, WordNet-based, community-edited)",chưa dịch lại theo định nghĩa Wordset mới - vẫn là công thức ghép cũ,
bell+flower,bellflower,[bell+flower],0-2-0,noun,/ˈbɛɫˌfɫaʊɝ/,real,any of various plants of the genus Campanula having blue or white bell-shaped flowers,bell+flower(chuông + hoa),"Wordset Dictionary (wordset.org, WordNet-based, community-edited)",chưa dịch lại theo định nghĩa Wordset mới - vẫn là công thức ghép cũ,
bell+man,bellman,[bell+man],0-2-0,noun,/ˈbɛɫmən/,real,someone employed as an errand boy and luggage carrier around hotels,bell+man(chuông + đàn ông),"Wordset Dictionary (wordset.org, WordNet-based, community-edited)",chưa dịch lại theo định nghĩa Wordset mới - vẫn là công thức ghép cũ,
belt+way,beltway,[belt+way],0-2-0,noun,/ˈbɛɫtˌweɪ/,real,a highway that encircles an urban area so that traffic does not have to pass through the center,"belt+way(thắt lưng + con đường, cách thức)","Wordset Dictionary (wordset.org, WordNet-based, community-edited)",chưa dịch lại theo định nghĩa Wordset mới - vẫn là công thức ghép cũ,
bench+mark,benchmarks,[bench+mark],0-2-0,noun,/ˈbɛntʃˌmɑɹks/,real,"bench+mark(a long seat for two or more people, usually made of wood + a written or printed symbol that is used as a sign of something, for example the quality of something or who made or owns it)","bench+mark(ghế dài, băng ghế + dấu, đánh dấu)","compositional (generated, unverified)",công thức ghép (chưa xác thực),
bet+tie,betties,[bet+tie],0-2-0,noun,/bˈɛɾɪz/,"generated (espeak-ng G2P, algorithmic)","bet+tie(an arrangement to risk money, etc. on the result of a particular event; the money that you risk in this way + a long, narrow piece of cloth worn around the neck, especially by men, with a knot in front)","bet+tie(cá cược + cà vạt, buộc)","compositional (generated, unverified)",công thức ghép (chưa xác thực),
bias+sing,biassing,[bias+sing],0-2-0,noun,/bˈaɪəsɪŋ/,"generated (espeak-ng G2P, algorithmic)","bias+sing(a strong feeling in favour of or against one group of people, or one side in an argument, often not based on fair judgement + to make musical sounds with your voice in the form of a song or tune)","bias+sing(thiên vị, định kiến + hát)","compositional (generated, unverified)",công thức ghép (chưa xác thực),
big+head,bighead,[big+head],0-2-0,noun,/bˈɪɡhɛd/,real,any of various diseases of animals characterized by edema of the head and neck,"big+head(to lớn + đầu, người đứng đầu)","Wordset Dictionary (wordset.org, WordNet-based, community-edited)",chưa dịch lại theo định nghĩa Wordset mới - vẫn là công thức ghép cũ,
bill+board,billboard,[bill+board],0-2-0,noun,/ˈbɪɫˌbɔɹd/,real,large outdoor signboard,"bill+board(hóa đơn, dự luật + ban, bảng, tấm ván)","Wordset Dictionary (wordset.org, WordNet-based, community-edited)",chưa dịch lại theo định nghĩa Wordset mới - vẫn là công thức ghép cũ,
bill+fold,billfold,[bill+fold],0-2-0,noun,/ˈbɪɫˌfoʊɫd/,real,a pocket-size case for holding papers and paper money,"bill+fold(hóa đơn, dự luật + gấp lại)","Wordset Dictionary (wordset.org, WordNet-based, community-edited)",chưa dịch lại theo định nghĩa Wordset mới - vẫn là công thức ghép cũ,
bill+hook,billhook,[bill+hook],0-2-0,noun,/bˈɪlhʊk/,real,a long-handled saw with a curved blade,"bill+hook(hóa đơn, dự luật + móc câu)","Wordset Dictionary (wordset.org, WordNet-based, community-edited)",chưa dịch lại theo định nghĩa Wordset mới - vẫn là công thức ghép cũ,
bill+post,billposting,[bill+post],0-2-0,noun,/bˈɪlpoʊstɪŋ/,"generated (espeak-ng G2P, algorithmic)","bill+post(a document that shows how much you owe somebody for goods or services + the official system used for sending and delivering letters, packages, etc.)","bill+post(hóa đơn, dự luật + bưu điện, đăng bài)","compositional (generated, unverified)",công thức ghép (chưa xác thực),
bill+post,billposter,[bill+post]-er,0-2-1,noun,/bˈɪlpoʊstɚ/,"generated (espeak-ng G2P, algorithmic)","bill+post(a document that shows how much you owe somebody for goods or services + the official system used for sending and delivering letters, packages, etc.) + -er(person who does; comparative)","bill+post(hóa đơn, dự luật + bưu điện, đăng bài) + -er(người làm việc gì; so sánh hơn)","compositional (generated, unverified)",công thức ghép (chưa xác thực),
bill+stick,billsticker,[bill+stick]-er,0-2-1,noun,/bˈɪlstɪkɚ/,"generated (espeak-ng G2P, algorithmic)",bill+stick(a document that shows how much you owe somebody for goods or services + a thin piece of wood that has fallen or been broken from a tree) + -er(person who does; comparative),"bill+stick(hóa đơn, dự luật + que, dính chặt) + -er(người làm việc gì; so sánh hơn)","compositional (generated, unverified)",công thức ghép (chưa xác thực),
bind+weed,bindweed,[bind+weed],0-2-0,noun,/bˈaɪndwiːd/,real,any of several vines of the genera Convolvulus and Calystegia having a twining habit,"bind+weed(ràng buộc, buộc chặt + cỏ dại)","Wordset Dictionary (wordset.org, WordNet-based, community-edited)",chưa dịch lại theo định nghĩa Wordset mới - vẫn là công thức ghép cũ,
bird+bath,birdbath,[bird+bath],0-2-0,noun,/bˈɜːdbɑːθ/,real,an ornamental basin (usually in a garden) for birds to bathe in,bird+bath(chim + bồn tắm),"Wordset Dictionary (wordset.org, WordNet-based, community-edited)",chưa dịch lại theo định nghĩa Wordset mới - vẫn là công thức ghép cũ,
bird+like,birdlike,[bird+like],0-2-0,noun,/ˈbɝdˌɫaɪk/,real,Resembling a bird.,"bird+like(chim + thích, giống như)","Webster's Unabridged Dictionary (1913, public domain)",công thức ghép (chưa xác thực),
bird+seed,birdseed,[bird+seed],0-2-0,noun,/ˈbɝdˌsid/,real,food given to birds,bird+seed(chim + hạt giống),"Wordset Dictionary (wordset.org, WordNet-based, community-edited)",chưa dịch lại theo định nghĩa Wordset mới - vẫn là công thức ghép cũ,
birth+day,birthday,[birth+day],0-2-0,noun,/ˈbɝθˌdeɪ/,real,the day in each year which is the same date as the one on which you were born,birth+day(sự sinh ra + ngày),Oxford 5000 (verified),,
birth+mark,birthmark,[birth+mark],0-2-0,noun,/ˈbɝθˌmɑɹk/,real,a blemish on the skin that is formed before birth,"birth+mark(sự sinh ra + dấu, đánh dấu)","Wordset Dictionary (wordset.org, WordNet-based, community-edited)",chưa dịch lại theo định nghĩa Wordset mới - vẫn là công thức ghép cũ,
birth+place,birthplace,[birth+place],0-2-0,noun,/ˈbɝθˌpɫeɪs/,real,the place where someone was born,birth+place(sự sinh ra + địa điểm),"Wordset Dictionary (wordset.org, WordNet-based, community-edited)",chưa dịch lại theo định nghĩa Wordset mới - vẫn là công thức ghép cũ,
birth+rate,birthrate,[birth+rate],0-2-0,noun,/ˈbɝˌθɹeɪt/,real,the ratio of live births in an area to the population of that area,"birth+rate(sự sinh ra + tỷ lệ, đánh giá)","Wordset Dictionary (wordset.org, WordNet-based, community-edited)",chưa dịch lại theo định nghĩa Wordset mới - vẫn là công thức ghép cũ,
birth+right,birthright,[birth+right],0-2-0,noun,/ˈbɝˌθɹaɪt/,real,personal characteristics that are inherited at birth,"birth+right(sự sinh ra + đúng, quyền lợi)","Wordset Dictionary (wordset.org, WordNet-based, community-edited)",chưa dịch lại theo định nghĩa Wordset mới - vẫn là công thức ghép cũ,
bishop+gate,bishopsgate,[bishop+gate],0-2-0,noun,/ˈbɪʃəpsˌɡeɪt/,real,bishop+gate(a senior priest in charge of the work of the Church in a city or district + a barrier like a door that is used to close an opening in a fence or a wall outside a building),bishop+gate(giám mục + cổng),"compositional (generated, unverified)",công thức ghép (chưa xác thực),
bitter+sweet,bittersweet,[bitter+sweet],0-2-0,adjective,/ˈbɪtɝˌswit/,real,tinged with sadness,"bitter+sweet(đắng, cay đắng + ngọt ngào)","Wordset Dictionary (wordset.org, WordNet-based, community-edited)",chưa dịch lại theo định nghĩa Wordset mới - vẫn là công thức ghép cũ,
black+ball,blackball,[black+ball],0-2-0,noun,/ˈbɫækˌbɔɫ/,real,the act of excluding someone by a negative vote or veto,black+ball(màu đen + quả bóng),"Wordset Dictionary (wordset.org, WordNet-based, community-edited)",chưa dịch lại theo định nghĩa Wordset mới - vẫn là công thức ghép cũ,
black+bird,blackbird,[black+bird],0-2-0,noun,/ˈbɫækbɝd/,real,common black European thrush,black+bird(màu đen + chim),"Wordset Dictionary (wordset.org, WordNet-based, community-edited)",chưa dịch lại theo định nghĩa Wordset mới - vẫn là công thức ghép cũ,
black+board,blackboard,[black+board],0-2-0,noun,/ˈbɫækˌbɔɹd/,real,sheet of slate,"black+board(màu đen + ban, bảng, tấm ván)","Wordset Dictionary (wordset.org, WordNet-based, community-edited)",chưa dịch lại theo định nghĩa Wordset mới - vẫn là công thức ghép cũ,
black+guard,blackguardly,[black+guard]-ly,0-2-1,adjective,/blˈækɡɑːɹdli/,"generated (espeak-ng G2P, algorithmic)",lacking principles or scruples,black+guard(màu đen + bảo vệ) + -ly(trạng từ chỉ cách thức / tính từ (giống như)),"Wordset Dictionary (wordset.org, WordNet-based, community-edited)",chưa dịch lại theo định nghĩa Wordset mới - vẫn là công thức ghép cũ,
black+guard,blackguard,[black+guard],0-2-0,noun,/blˈækɡɑːd/,real,someone who is morally reprehensible,black+guard(màu đen + bảo vệ),"Wordset Dictionary (wordset.org, WordNet-based, community-edited)",chưa dịch lại theo định nghĩa Wordset mới - vẫn là công thức ghép cũ,
black+head,blackhead,[black+head],0-2-0,noun,/blˈækhɛd/,real,a black-tipped plug clogging a pore of the skin,"black+head(màu đen + đầu, người đứng đầu)","Wordset Dictionary (wordset.org, WordNet-based, community-edited)",chưa dịch lại theo định nghĩa Wordset mới - vẫn là công thức ghép cũ,
black+leg,blackleg,[black+leg],0-2-0,noun,/blˈæklɛɡ/,real,someone who works (or provides workers) during a strike,black+leg(màu đen + chân),"Wordset Dictionary (wordset.org, WordNet-based, community-edited)",chưa dịch lại theo định nghĩa Wordset mới - vẫn là công thức ghép cũ,
black+list,blacklist,[black+list],0-2-0,noun,/ˈbɫæˌkɫɪst/,real,a list of people who are out of favor,black+list(màu đen + danh sách),"Wordset Dictionary (wordset.org, WordNet-based, community-edited)",chưa dịch lại theo định nghĩa Wordset mới - vẫn là công thức ghép cũ,
black+mail,blackmail,[black+mail],0-2-0,noun,/ˈbɫækˌmeɪɫ/,real,extortion of money by threats to divulge discrediting information,black+mail(màu đen + thư từ),"Wordset Dictionary (wordset.org, WordNet-based, community-edited)",chưa dịch lại theo định nghĩa Wordset mới - vẫn là công thức ghép cũ,
black+mail,blackmailer,[black+mail]-er,0-2-1,noun,/blˈækmeɪlɐ/,real,a criminal who extorts money from someone by threatening to expose embarrassing information about them,black+mail(màu đen + thư từ) + -er(người làm việc gì; so sánh hơn),"Wordset Dictionary (wordset.org, WordNet-based, community-edited)",chưa dịch lại theo định nghĩa Wordset mới - vẫn là công thức ghép cũ,
black+out,blackout,[black+out],0-2-0,noun,/ˈbɫæˌkaʊt/,real,partial or total loss of memory,black+out(màu đen + ra ngoài),"Wordset Dictionary (wordset.org, WordNet-based, community-edited)",chưa dịch lại theo định nghĩa Wordset mới - vẫn là công thức ghép cũ,
black+shirt,blackshirt,[black+shirt],0-2-0,adjective,/blˈækʃɜːt/,"generated (espeak-ng G2P, algorithmic)","black+shirt(having the very darkest colour, like coal or the sky at night + a piece of clothing worn on the upper part of the body, made of light cloth, with sleeves and usually with a collar and buttons down the front)",black+shirt(màu đen + áo sơ mi),"compositional (generated, unverified)",công thức ghép (chưa xác thực),
blame+worth,blameworthiness,[blame+worth]-y-ness,0-2-2,noun,/blˈeɪmwɚðinəs/,"generated (espeak-ng G2P, algorithmic)",a state of guilt,"blame+worth(đổ lỗi + đáng giá) + -y(có tính chất; danh từ/tính từ) + -ness(trạng thái, tính chất (danh từ))","Wordset Dictionary (wordset.org, WordNet-based, community-edited)",chưa dịch lại theo định nghĩa Wordset mới - vẫn là công thức ghép cũ,
blame+worth,blameworthy,[blame+worth]-y,0-2-1,adjective,/blˈeɪmwɜːði/,"generated (espeak-ng G2P, algorithmic)",deserving blame or censure as being wrong or evil or injurious,blame+worth(đổ lỗi + đáng giá) + -y(có tính chất; danh từ/tính từ),"Wordset Dictionary (wordset.org, WordNet-based, community-edited)",chưa dịch lại theo định nghĩa Wordset mới - vẫn là công thức ghép cũ,
blind+fold,blindfold,[blind+fold],0-2-0,adjective,/ˈbɫaɪndˌfoʊɫd/,real,wearing a blindfold,blind+fold(mù lòa + gấp lại),"Wordset Dictionary (wordset.org, WordNet-based, community-edited)",chưa dịch lại theo định nghĩa Wordset mới - vẫn là công thức ghép cũ,
block+head,blockhead,[block+head],0-2-0,noun,/ˈbɫɑkˌhɛd/,real,a stupid person,"block+head(khối, chặn lại + đầu, người đứng đầu)","Wordset Dictionary (wordset.org, WordNet-based, community-edited)",chưa dịch lại theo định nghĩa Wordset mới - vẫn là công thức ghép cũ,
block+house,blockhouse,[block+house],0-2-0,noun,/ˈbɫɑkˌhaʊs/,real,a stronghold that is reinforced for protection from enemy fire,"block+house(khối, chặn lại + ngôi nhà)","Wordset Dictionary (wordset.org, WordNet-based, community-edited)",chưa dịch lại theo định nghĩa Wordset mới - vẫn là công thức ghép cũ,
blood+bath,bloodbath,[blood+bath],0-2-0,noun,/ˈbɫədˌbæθ/,real,indiscriminate slaughter,blood+bath(máu + bồn tắm),"Wordset Dictionary (wordset.org, WordNet-based, community-edited)",chưa dịch lại theo định nghĩa Wordset mới - vẫn là công thức ghép cũ,
blood+shed,bloodshed,[blood+shed],0-2-0,noun,/ˈbɫədˌʃɛd/,real,the shedding of blood resulting in murder,"blood+shed(máu + nhà kho, đổ (nước mắt))","Wordset Dictionary (wordset.org, WordNet-based, community-edited)",chưa dịch lại theo định nghĩa Wordset mới - vẫn là công thức ghép cũ,
blood+shot,bloodshot,[blood+shot],0-2-0,adjective,/blˈʌdʃɒt/,real,(of an eye) reddened as a result of locally congested blood vessels,"blood+shot(máu + phát súng, cú đánh)","Wordset Dictionary (wordset.org, WordNet-based, community-edited)",chưa dịch lại theo định nghĩa Wordset mới - vẫn là công thức ghép cũ,
blood+spot,bloodspots,[blood+spot],0-2-0,noun,/blˈʌdspɑːts/,"generated (espeak-ng G2P, algorithmic)",blood+spot(the red liquid that flows through the bodies of humans and animals + a small round area that has a different colour or feels different from the surface it is on),"blood+spot(máu + vết đốm, địa điểm)","compositional (generated, unverified)",công thức ghép (chưa xác thực),
blood+stock,bloodstock,[blood+stock],0-2-0,noun,/blˈʌdstɒk/,real,thoroughbred horses (collectively),"blood+stock(máu + cổ phiếu, hàng tồn kho)","Wordset Dictionary (wordset.org, WordNet-based, community-edited)",chưa dịch lại theo định nghĩa Wordset mới - vẫn là công thức ghép cũ,
blood+stream,bloodstream,[blood+stream],0-2-0,noun,/ˈbɫədˌstɹim/,real,the blood flowing through the circulatory system,blood+stream(máu + dòng suối),"Wordset Dictionary (wordset.org, WordNet-based, community-edited)",chưa dịch lại theo định nghĩa Wordset mới - vẫn là công thức ghép cũ,
blood+suck,bloodsucker,[blood+suck]-er,0-2-1,noun,/ˈbɫədˌsəkɝ/,real,carnivorous or bloodsucking aquatic or terrestrial worms typically having a sucker at each end,"blood+suck(máu + bú, hút) + -er(người làm việc gì; so sánh hơn)","Wordset Dictionary (wordset.org, WordNet-based, community-edited)",chưa dịch lại theo định nghĩa Wordset mới - vẫn là công thức ghép cũ,
blow+back,blowback,[blow+back],0-2-0,noun,/blˈoʊbæk/,"generated (espeak-ng G2P, algorithmic)",misinformation resulting from the recirculation into the source country of disinformation previously planted abroad by that country's intelligence service,"blow+back(thổi, đòn đánh + lưng, phía sau)","Wordset Dictionary (wordset.org, WordNet-based, community-edited)",chưa dịch lại theo định nghĩa Wordset mới - vẫn là công thức ghép cũ,
blow+fish,blowfish,[blow+fish],0-2-0,noun,/ˈbɫoʊfɪʃ/,real,any of numerous marine fishes whose elongated spiny body can inflate itself with water or air to form a globe,"blow+fish(thổi, đòn đánh + cá)","Wordset Dictionary (wordset.org, WordNet-based, community-edited)",chưa dịch lại theo định nghĩa Wordset mới - vẫn là công thức ghép cũ,
blow+fly,blowfly,[blow+fly],0-2-0,noun,/blˈəʊflaɪ/,real,large usually hairy metallic blue or green fly,"blow+fly(thổi, đòn đánh + bay, ruồi)","Wordset Dictionary (wordset.org, WordNet-based, community-edited)",chưa dịch lại theo định nghĩa Wordset mới - vẫn là công thức ghép cũ,
blow+gun,blowgun,[blow+gun],0-2-0,noun,/ˈbɫoʊˌɡən/,real,a tube through which darts can be shot by blowing,"blow+gun(thổi, đòn đánh + súng)","Wordset Dictionary (wordset.org, WordNet-based, community-edited)",chưa dịch lại theo định nghĩa Wordset mới - vẫn là công thức ghép cũ,
blow+hole,blowhole,[blow+hole],0-2-0,noun,/ˈbɫoʊˌhoʊɫ/,real,a hole for the escape of gas or air,"blow+hole(thổi, đòn đánh + lỗ hổng)","Wordset Dictionary (wordset.org, WordNet-based, community-edited)",chưa dịch lại theo định nghĩa Wordset mới - vẫn là công thức ghép cũ,
blow+lamp,blowlamp,[blow+lamp],0-2-0,noun,/blˈəʊlæmp/,real,a burner that mixes air and gas to produce a very hot flame,"blow+lamp(thổi, đòn đánh + đèn)","Wordset Dictionary (wordset.org, WordNet-based, community-edited)",chưa dịch lại theo định nghĩa Wordset mới - vẫn là công thức ghép cũ,
blow+out,blowout,[blow+out],0-2-0,noun,/ˈbɫoʊˌaʊt/,real,a gay festivity,"blow+out(thổi, đòn đánh + ra ngoài)","Wordset Dictionary (wordset.org, WordNet-based, community-edited)",chưa dịch lại theo định nghĩa Wordset mới - vẫn là công thức ghép cũ,
blow+pipe,blowpipe,[blow+pipe],0-2-0,noun,/ˈbɫoʊˌpaɪp/,real,a tube through which darts can be shot by blowing,"blow+pipe(thổi, đòn đánh + ống dẫn)","Wordset Dictionary (wordset.org, WordNet-based, community-edited)",chưa dịch lại theo định nghĩa Wordset mới - vẫn là công thức ghép cũ,
blow+up,blowup,[blow+up],0-2-0,noun,/ˈbɫoʊˌəp/,real,a photographic print that has been enlarged,"blow+up(thổi, đòn đánh + lên trên)","Wordset Dictionary (wordset.org, WordNet-based, community-edited)",chưa dịch lại theo định nghĩa Wordset mới - vẫn là công thức ghép cũ,
blue+bell,bluebell,[blue+bell],0-2-0,noun,/ˈbɫuˌbɛɫ/,real,perennial of northern hemisphere with slender stems and bell-shaped blue flowers,blue+bell(màu xanh dương + chuông),"Wordset Dictionary (wordset.org, WordNet-based, community-edited)",chưa dịch lại theo định nghĩa Wordset mới - vẫn là công thức ghép cũ,
blue+bird,bluebird,[blue+bird],0-2-0,noun,/ˈbɫuˌbɝd/,real,blue North American songbird,blue+bird(màu xanh dương + chim),"Wordset Dictionary (wordset.org, WordNet-based, community-edited)",chưa dịch lại theo định nghĩa Wordset mới - vẫn là công thức ghép cũ,
blue+book,bluebook,[blue+book],0-2-0,adjective,/blˈuːbʊk/,"generated (espeak-ng G2P, algorithmic)",blue+book(having the colour of a clear sky or the sea on a clear day + a set of printed pages that are fastened inside a cover so that you can turn them and read them),blue+book(màu xanh dương + sách),"compositional (generated, unverified)",công thức ghép (chưa xác thực),
blue+bottle,bluebottle,[blue+bottle],0-2-0,noun,/ˈbɫuˌbɔtəɫ/,real,blowfly with iridescent blue body,blue+bottle(màu xanh dương + chai),"Wordset Dictionary (wordset.org, WordNet-based, community-edited)",chưa dịch lại theo định nghĩa Wordset mới - vẫn là công thức ghép cũ,
blue+bush,bluebush,[blue+bush],0-2-0,adjective,/blˈuːbʊʃ/,"generated (espeak-ng G2P, algorithmic)",blue+bush(having the colour of a clear sky or the sea on a clear day + a plant that grows thickly with several hard stems coming up from the root),blue+bush(màu xanh dương + bụi cây),"compositional (generated, unverified)",công thức ghép (chưa xác thực),
blue+fish,bluefish,[blue+fish],0-2-0,noun,/blˈuːfɪʃ/,real,bluish warm-water marine food and game fish that follow schools of small fishes into shallow waters,blue+fish(màu xanh dương + cá),"Wordset Dictionary (wordset.org, WordNet-based, community-edited)",chưa dịch lại theo định nghĩa Wordset mới - vẫn là công thức ghép cũ,
blue+jacket,bluejacket,[blue+jacket],0-2-0,noun,/ˈbɫuˌdʒækɪt/,real,a serviceman in the navy,blue+jacket(màu xanh dương + áo khoác),"Wordset Dictionary (wordset.org, WordNet-based, community-edited)",chưa dịch lại theo định nghĩa Wordset mới - vẫn là công thức ghép cũ,
blue+print,blueprint,[blue+print],0-2-0,noun,/ˈbɫuˌpɹɪnt/,real,photographic print of plans or technical drawings etc.,blue+print(màu xanh dương + in ấn),"Wordset Dictionary (wordset.org, WordNet-based, community-edited)",chưa dịch lại theo định nghĩa Wordset mới - vẫn là công thức ghép cũ,
board+house,boardinghouse,[board+house],0-2-0,noun,/ˈbɔɹdɪŋˌhaʊs/,real,a private house that provides accommodations and meals for paying guests,"board+house(ban, bảng, tấm ván + ngôi nhà)","Wordset Dictionary (wordset.org, WordNet-based, community-edited)",chưa dịch lại theo định nghĩa Wordset mới - vẫn là công thức ghép cũ,
board+room,boardroom,[board+room],0-2-0,noun,/ˈbɔɹˌdɹum/,real,a room where a committee meets (such as the board of directors of a company),"board+room(ban, bảng, tấm ván + căn phòng)","Wordset Dictionary (wordset.org, WordNet-based, community-edited)",chưa dịch lại theo định nghĩa Wordset mới - vẫn là công thức ghép cũ,
board+walk,boardwalk,[board+walk],0-2-0,noun,/ˈbɔɹdˌwɔk/,real,a walkway made of wooden boards,"board+walk(ban, bảng, tấm ván + đi bộ)","Wordset Dictionary (wordset.org, WordNet-based, community-edited)",chưa dịch lại theo định nghĩa Wordset mới - vẫn là công thức ghép cũ,
boat+house,boathouse,[boat+house],0-2-0,noun,/ˈboʊtˈhaʊs/,real,a shed at the edge of a river or lake,boat+house(thuyền + ngôi nhà),"Wordset Dictionary (wordset.org, WordNet-based, community-edited)",chưa dịch lại theo định nghĩa Wordset mới - vẫn là công thức ghép cũ,
boat+load,boatload,[boat+load],0-2-0,noun,/ˈboʊtˌɫoʊd/,real,the amount of cargo that can be held by a boat or ship or a freight car,boat+load(thuyền + tải trọng),"Wordset Dictionary (wordset.org, WordNet-based, community-edited)",chưa dịch lại theo định nghĩa Wordset mới - vẫn là công thức ghép cũ,
boat+man,boatman,[boat+man],0-2-0,noun,/ˈboʊtmən/,real,someone who drives or rides in a boat,boat+man(thuyền + đàn ông),"Wordset Dictionary (wordset.org, WordNet-based, community-edited)",chưa dịch lại theo định nghĩa Wordset mới - vẫn là công thức ghép cũ,
boat+yard,boatyards,[boat+yard],0-2-0,noun,/bˈəʊtjɑːdz/,real,"boat+yard(a vehicle (smaller than a ship) that travels on water, moved by oars, sails or a motor + a piece of land next to or around your house where you can grow flowers, fruit, vegetables, etc., usually with a lawn (= an area of grass))","boat+yard(thuyền + sân, yard (đơn vị))","compositional (generated, unverified)",công thức ghép (chưa xác thực),
body+build,bodybuilding,[body+build],0-2-0,noun,/bˈɒdɪbˌɪldɪŋ/,real,exercise that builds muscles through tension,body+build(cơ thể + xây dựng),"Wordset Dictionary (wordset.org, WordNet-based, community-edited)",chưa dịch lại theo định nghĩa Wordset mới - vẫn là công thức ghép cũ,
body+build,bodybuilder,[body+build]-er,0-2-1,noun,/bˈɒdɪbˌɪldɐ/,real,someone who does special exercises to develop a brawny musculature,body+build(cơ thể + xây dựng) + -er(người làm việc gì; so sánh hơn),"Wordset Dictionary (wordset.org, WordNet-based, community-edited)",chưa dịch lại theo định nghĩa Wordset mới - vẫn là công thức ghép cũ,
body+guard,bodyguard,[body+guard],0-2-0,noun,/ˈbɑdiˌɡɑɹd/,real,a group of people who escort and protect an important person,body+guard(cơ thể + bảo vệ),"Wordset Dictionary (wordset.org, WordNet-based, community-edited)",chưa dịch lại theo định nghĩa Wordset mới - vẫn là công thức ghép cũ,
body+weigh,bodyweight,[body+weigh]-t,0-2-1,unknown,/bˈɑːdɪwˌeɪt/,"generated (espeak-ng G2P, algorithmic)","body+weigh(the whole physical structure of a human or an animal + to have a particular weight) + -t([INFLECTION] irregular past-tense ending (VD: burnt, dealt) — not meaning-bearing)","body+weigh(cơ thể + cân nặng) + -t([NGỮ PHÁP] đuôi chia động từ bất quy tắc (VD burnt, dealt) — không mang nghĩa riêng)","compositional (generated, unverified)",công thức ghép (chưa xác thực),
body+work,bodywork,[body+work],0-2-0,noun,/bˈɒdɪwˌɜːk/,real,the work of making or repairing vehicle bodies,body+work(cơ thể + công việc),"Wordset Dictionary (wordset.org, WordNet-based, community-edited)",chưa dịch lại theo định nghĩa Wordset mới - vẫn là công thức ghép cũ,
boil+suit,boilersuit,[boil+suit]-er,0-2-1,noun,/bˈɔɪlɚsˌuːt/,"generated (espeak-ng G2P, algorithmic)",a loose protective coverall or smock worn over ordinary clothing for dirty work,"boil+suit(đun sôi + bộ vest, phù hợp) + -er(người làm việc gì; so sánh hơn)","Wordset Dictionary (wordset.org, WordNet-based, community-edited)",chưa dịch lại theo định nghĩa Wordset mới - vẫn là công thức ghép cũ,
bold+face,boldface,[bold+face],0-2-0,noun,/ˈboʊɫdˌfeɪs/,real,a typeface with thick heavy lines,"bold+face(táo bạo, đậm + khuôn mặt, đối mặt)","Wordset Dictionary (wordset.org, WordNet-based, community-edited)",chưa dịch lại theo định nghĩa Wordset mới - vẫn là công thức ghép cũ,
bomb+proof,bombproof,[bomb+proof],0-2-0,adjective,/bˈɒmpɹuːf/,real,able to resist the explosive force of bombs and shells,bomb+proof(bom + bằng chứng),"Wordset Dictionary (wordset.org, WordNet-based, community-edited)",chưa dịch lại theo định nghĩa Wordset mới - vẫn là công thức ghép cũ,
bomb+shell,bombshell,[bomb+shell],0-2-0,noun,/ˈbɑmˌʃɛɫ/,real,an explosive bomb or artillery shell,"bomb+shell(bom + vỏ sò, vỏ đạn)","Wordset Dictionary (wordset.org, WordNet-based, community-edited)",chưa dịch lại theo định nghĩa Wordset mới - vẫn là công thức ghép cũ,
bomb+site,bombsite,[bomb+site],0-2-0,noun,/bˈɒmsaɪt/,real,"bomb+site(a weapon designed to explode at a particular time or when it is dropped or thrown + a place where a building, town, etc. was, is or will be located)",bomb+site(bom + địa điểm),"compositional (generated, unverified)",công thức ghép (chưa xác thực),
bond+hold,bondholder,[bond+hold]-er,0-2-1,noun,/ˈbɑndˌhoʊɫdɝ/,real,a holder of bonds issued by a government or corporation,"bond+hold(trái phiếu, mối liên kết + giữ) + -er(người làm việc gì; so sánh hơn)","Wordset Dictionary (wordset.org, WordNet-based, community-edited)",chưa dịch lại theo định nghĩa Wordset mới - vẫn là công thức ghép cũ,
bond+man,bondsman,[bond+man],0-2-0,noun,/bˈɒndzmən/,real,a male slave,"bond+man(trái phiếu, mối liên kết + đàn ông)","Wordset Dictionary (wordset.org, WordNet-based, community-edited)",chưa dịch lại theo định nghĩa Wordset mới - vẫn là công thức ghép cũ,
bone+head,bonehead,[bone+head],0-2-0,noun,/bˈəʊnhɛd/,real,a stupid person,"bone+head(xương + đầu, người đứng đầu)","Wordset Dictionary (wordset.org, WordNet-based, community-edited)",chưa dịch lại theo định nghĩa Wordset mới - vẫn là công thức ghép cũ,
bone+meal,bonemeal,[bone+meal],0-2-0,noun,/bˈəʊnmiəl/,real,fertilizer made of ground bones,bone+meal(xương + bữa ăn),"Wordset Dictionary (wordset.org, WordNet-based, community-edited)",chưa dịch lại theo định nghĩa Wordset mới - vẫn là công thức ghép cũ,
bone+set,bonesetter,[bone+set]-er,0-2-1,noun,/bˈoʊnsɛɾɚ/,"generated (espeak-ng G2P, algorithmic)",someone (not necessarily a licensed physician) who sets broken bones,"bone+set(xương + đặt, bộ) + -er(người làm việc gì; so sánh hơn)","Wordset Dictionary (wordset.org, WordNet-based, community-edited)",chưa dịch lại theo định nghĩa Wordset mới - vẫn là công thức ghép cũ,
bone+shake,boneshaker,[bone+shake]-er,0-2-1,noun,/bˈəʊnʃeɪkɐ/,real,any wheeled vehicle that is dilapidated and uncomfortable,"bone+shake(xương + lắc, rung) + -er(người làm việc gì; so sánh hơn)","Wordset Dictionary (wordset.org, WordNet-based, community-edited)",chưa dịch lại theo định nghĩa Wordset mới - vẫn là công thức ghép cũ,
book+bind,bookbinder,[book+bind]-er,0-2-1,noun,/ˈbʊkˌbaɪndɝ/,real,a worker whose trade is binding books,"book+bind(sách + ràng buộc, buộc chặt) + -er(người làm việc gì; so sánh hơn)","Wordset Dictionary (wordset.org, WordNet-based, community-edited)",chưa dịch lại theo định nghĩa Wordset mới - vẫn là công thức ghép cũ,
book+bind,bookbinding,[book+bind],0-2-0,noun,/bˈʊkbaɪndɪŋ/,real,the craft of binding books,"book+bind(sách + ràng buộc, buộc chặt)","Wordset Dictionary (wordset.org, WordNet-based, community-edited)",chưa dịch lại theo định nghĩa Wordset mới - vẫn là công thức ghép cũ,
book+bind,bookbindery,[book+bind]-ory,0-2-1,noun,/bˈʊkbaɪndˌɜːɹi/,"generated (espeak-ng G2P, algorithmic)",a bookbinder's workshop,"book+bind(sách + ràng buộc, buộc chặt) + -ory(thuộc về, nơi chốn (tính từ/danh từ))","Wordset Dictionary (wordset.org, WordNet-based, community-edited)",chưa dịch lại theo định nghĩa Wordset mới - vẫn là công thức ghép cũ,
book+case,bookcase,[book+case],0-2-0,noun,/ˈbʊkˌkeɪs/,real,a piece of furniture with shelves for storing books,"book+case(sách + trường hợp, vali)","Wordset Dictionary (wordset.org, WordNet-based, community-edited)",chưa dịch lại theo định nghĩa Wordset mới - vẫn là công thức ghép cũ,
book+club,bookclub,[book+club],0-2-0,noun,/bˈʊkklʌb/,"generated (espeak-ng G2P, algorithmic)",a club that people join in order to buy selected books at reduced prices,"book+club(sách + câu lạc bộ, gậy)","Wordset Dictionary (wordset.org, WordNet-based, community-edited)",chưa dịch lại theo định nghĩa Wordset mới - vẫn là công thức ghép cũ,
book+end,bookend,[book+end],0-2-0,noun,/ˈbʊˌkɛnd/,real,a support placed at the end of a row of books to keep them upright (on a shelf or table),book+end(sách + kết thúc),"Wordset Dictionary (wordset.org, WordNet-based, community-edited)",chưa dịch lại theo định nghĩa Wordset mới - vẫn là công thức ghép cũ,
book+keep,bookkeeping,[book+keep],0-2-0,noun,/ˈbʊkˌkipɪŋ/,real,the activity of recording business transactions,book+keep(sách + giữ),"Wordset Dictionary (wordset.org, WordNet-based, community-edited)",chưa dịch lại theo định nghĩa Wordset mới - vẫn là công thức ghép cũ,
book+keep,bookkeeper,[book+keep]-er,0-2-1,noun,/ˈbʊkˌkipɝ/,real,someone who records the transactions of a business,book+keep(sách + giữ) + -er(người làm việc gì; so sánh hơn),"Wordset Dictionary (wordset.org, WordNet-based, community-edited)",chưa dịch lại theo định nghĩa Wordset mới - vẫn là công thức ghép cũ,
book+list,booklists,[book+list],0-2-0,noun,/bˈʊklɪsts/,"generated (espeak-ng G2P, algorithmic)","book+list(a set of printed pages that are fastened inside a cover so that you can turn them and read them + a series of names, items, figures, etc., especially when they are written or printed)",book+list(sách + danh sách),"compositional (generated, unverified)",công thức ghép (chưa xác thực),
book+make,bookmaker,[book+make]-er,0-2-1,noun,/ˈbʊkmeɪkɝ/,real,a gambler who accepts and pays off bets (especially on horse races),book+make(sách + làm) + -er(người làm việc gì; so sánh hơn),"Wordset Dictionary (wordset.org, WordNet-based, community-edited)",chưa dịch lại theo định nghĩa Wordset mới - vẫn là công thức ghép cũ,
book+mark,bookmarker,[book+mark]-er,0-2-1,noun,/bˈʊkmɑːɹkɚ/,"generated (espeak-ng G2P, algorithmic)",a marker (a piece of paper or ribbon) placed between the pages of a book to mark the reader's place,"book+mark(sách + dấu, đánh dấu) + -er(người làm việc gì; so sánh hơn)","Wordset Dictionary (wordset.org, WordNet-based, community-edited)",chưa dịch lại theo định nghĩa Wordset mới - vẫn là công thức ghép cũ,
book+mark,bookmark,[book+mark],0-2-0,noun,/ˈbʊkmɑɹk/,real,a marker (a piece of paper or ribbon) placed between the pages of a book to mark the reader's place,"book+mark(sách + dấu, đánh dấu)","Wordset Dictionary (wordset.org, WordNet-based, community-edited)",chưa dịch lại theo định nghĩa Wordset mới - vẫn là công thức ghép cũ,
book+plate,bookplate,[book+plate],0-2-0,noun,/bˈʊkpleɪt/,"generated (espeak-ng G2P, algorithmic)",a label identifying the owner of a book in which it is pasted,book+plate(sách + đĩa),"Wordset Dictionary (wordset.org, WordNet-based, community-edited)",chưa dịch lại theo định nghĩa Wordset mới - vẫn là công thức ghép cũ,
book+sell,bookseller,[book+sell]-er,0-2-1,noun,/ˈbʊkˌsɛɫɝ/,real,the proprietor of a bookstore,book+sell(sách + bán) + -er(người làm việc gì; so sánh hơn),"Wordset Dictionary (wordset.org, WordNet-based, community-edited)",chưa dịch lại theo định nghĩa Wordset mới - vẫn là công thức ghép cũ,
book+shelf,bookshelf,[book+shelf],0-2-0,noun,/ˈbʊkˌʃɛɫf/,real,a shelf on which to keep books,book+shelf(sách + kệ sách),"Wordset Dictionary (wordset.org, WordNet-based, community-edited)",chưa dịch lại theo định nghĩa Wordset mới - vẫn là công thức ghép cũ,
book+shop,bookshop,[book+shop],0-2-0,noun,/ˈbʊkˌʃɑp/,real,a shop where books are sold,book+shop(sách + cửa hàng),"Wordset Dictionary (wordset.org, WordNet-based, community-edited)",chưa dịch lại theo định nghĩa Wordset mới - vẫn là công thức ghép cũ,
book+stall,bookstall,[book+stall],0-2-0,noun,/bˈʊkstɔːl/,real,a shop where books are sold,"book+stall(sách + gian hàng, chết máy)","Wordset Dictionary (wordset.org, WordNet-based, community-edited)",chưa dịch lại theo định nghĩa Wordset mới - vẫn là công thức ghép cũ,
book+work,bookwork,[book+work],0-2-0,noun,/bˈʊkwɜːk/,real,book+work(a set of printed pages that are fastened inside a cover so that you can turn them and read them + the job that a person does especially in order to earn money),book+work(sách + công việc),"compositional (generated, unverified)",công thức ghép (chưa xác thực),
book+worm,bookworm,[book+worm],0-2-0,noun,/ˈbʊˌkwɝm/,real,someone who spends a great deal of time reading,book+worm(sách + con giun),"Wordset Dictionary (wordset.org, WordNet-based, community-edited)",chưa dịch lại theo định nghĩa Wordset mới - vẫn là công thức ghép cũ,
boot+black,bootblack,[boot+black],0-2-0,noun,/bˈuːtblæk/,"generated (espeak-ng G2P, algorithmic)",a person who polishes shoes and boots,"boot+black(ủng, cốp xe + màu đen)","Wordset Dictionary (wordset.org, WordNet-based, community-edited)",chưa dịch lại theo định nghĩa Wordset mới - vẫn là công thức ghép cũ,
boot+leg,bootleg,[boot+leg],0-2-0,adjective,/ˈbutˌɫɛɡ/,real,distributed or sold illicitly,"boot+leg(ủng, cốp xe + chân)","Wordset Dictionary (wordset.org, WordNet-based, community-edited)",chưa dịch lại theo định nghĩa Wordset mới - vẫn là công thức ghép cũ,
boot+leg,bootlegger,[boot+leg]-er,0-2-1,noun,/ˈbutˌɫɛɡɝ/,real,someone who makes or sells illegal liquor,"boot+leg(ủng, cốp xe + chân) + -er(người làm việc gì; so sánh hơn)","Wordset Dictionary (wordset.org, WordNet-based, community-edited)",chưa dịch lại theo định nghĩa Wordset mới - vẫn là công thức ghép cũ,
border+land,borderland,[border+land],0-2-0,noun,/bˈɔːdələnd/,real,district consisting of the area on either side of a border or boundary of a country or an area,border+land(biên giới + đất đai),"Wordset Dictionary (wordset.org, WordNet-based, community-edited)",chưa dịch lại theo định nghĩa Wordset mới - vẫn là công thức ghép cũ,
border+line,borderline,[border+line],0-2-0,adjective,/ˈbɔɹdɝˌɫaɪn/,real,of questionable or minimal quality,border+line(biên giới + đường kẻ),"Wordset Dictionary (wordset.org, WordNet-based, community-edited)",chưa dịch lại theo định nghĩa Wordset mới - vẫn là công thức ghép cũ,
bore+hole,borehole,[bore+hole],0-2-0,unknown,/bˈɔːhəʊl/,real,bore+hole((không có định nghĩa trong Oxford 5000 - root này không phải headword độc lập) + a hollow space in something solid or in the surface of something),"bore+hole(làm chán, khoan lỗ + lỗ hổng)","compositional (generated, unverified)",công thức ghép (chưa xác thực),
bottle+neck,bottleneck,[bottle+neck],0-2-0,noun,/ˈbɑtəɫˌnɛk/,real,the narrow part of a bottle near the top,bottle+neck(chai + cổ),"Wordset Dictionary (wordset.org, WordNet-based, community-edited)",chưa dịch lại theo định nghĩa Wordset mới - vẫn là công thức ghép cũ,
bow+string,bowstring,[bow+string],0-2-0,noun,/bˈəʊstɹɪŋ/,real,the string of an archer's bow,"bow+string(cúi chào, cây cung + dây, chuỗi)","Wordset Dictionary (wordset.org, WordNet-based, community-edited)",chưa dịch lại theo định nghĩa Wordset mới - vẫn là công thức ghép cũ,
box+car,boxcar,[box+car],0-2-0,noun,/ˈbɑkˌskɑɹ/,real,a freight car with roof and sliding doors in the sides,box+car(hộp + xe ô tô),"Wordset Dictionary (wordset.org, WordNet-based, community-edited)",chưa dịch lại theo định nghĩa Wordset mới - vẫn là công thức ghép cũ,
box+wood,boxwood,[box+wood],0-2-0,noun,/ˈbɑkˌswʊd/,real,evergreen shrubs or small trees,box+wood(hộp + gỗ),"Wordset Dictionary (wordset.org, WordNet-based, community-edited)",chưa dịch lại theo định nghĩa Wordset mới - vẫn là công thức ghép cũ,
boy+friend,boyfriend,[boy+friend],0-2-0,noun,/ˈbɔɪˌfɹɛnd/,real,a man or boy that somebody has a romantic or sexual relationship with,boy+friend(con trai + bạn bè),Oxford 5000 (verified),,
brain+child,brainchild,[brain+child],0-2-0,noun,/ˈbɹeɪnˌtʃaɪɫd/,real,a product of your creative thinking and work,brain+child(não bộ + trẻ em),"Wordset Dictionary (wordset.org, WordNet-based, community-edited)",chưa dịch lại theo định nghĩa Wordset mới - vẫn là công thức ghép cũ,
brain+storm,brainstorm,[brain+storm],0-2-0,noun,/ˈbɹeɪnˌstɔɹm/,real,the clear (and often sudden) understanding of a complex situation,brain+storm(não bộ + cơn bão),"Wordset Dictionary (wordset.org, WordNet-based, community-edited)",chưa dịch lại theo định nghĩa Wordset mới - vẫn là công thức ghép cũ,
brain+wash,brainwash,[brain+wash],0-2-0,verb,/ˈbɹeɪnˌwɑʃ/,real,"to persuade completely, often through coercion",brain+wash(não bộ + rửa),"Wordset Dictionary (wordset.org, WordNet-based, community-edited)",chưa dịch lại theo định nghĩa Wordset mới - vẫn là công thức ghép cũ,
brain+wave,brainwave,[brain+wave],0-2-0,noun,/bɹˈeɪnweɪv/,real,the clear and often sudden understanding of a complex situation,"brain+wave(não bộ + sóng, vẫy tay)","Wordset Dictionary (wordset.org, WordNet-based, community-edited)",chưa dịch lại theo định nghĩa Wordset mới - vẫn là công thức ghép cũ,
bread+basket,breadbasket,[bread+basket],0-2-0,noun,/ˈbɹɛdˌbæskət/,real,a basket for serving bread,"bread+basket(bánh mì + giỏ, rổ)","Wordset Dictionary (wordset.org, WordNet-based, community-edited)",chưa dịch lại theo định nghĩa Wordset mới - vẫn là công thức ghép cũ,
bread+board,breadboard,[bread+board],0-2-0,noun,/bɹˈɛdbɔːd/,real,a wooden or plastic board on which dough is kneaded or bread is sliced,"bread+board(bánh mì + ban, bảng, tấm ván)","Wordset Dictionary (wordset.org, WordNet-based, community-edited)",chưa dịch lại theo định nghĩa Wordset mới - vẫn là công thức ghép cũ,
bread+fruit,breadfruit,[bread+fruit],0-2-0,noun,/ˈbɹɛdˌfɹut/,real,a large round seedless or seeded fruit with a texture like bread,bread+fruit(bánh mì + trái cây),"Wordset Dictionary (wordset.org, WordNet-based, community-edited)",chưa dịch lại theo định nghĩa Wordset mới - vẫn là công thức ghép cũ,
bread+line,breadline,[bread+line],0-2-0,noun,/bɹˈɛdlaɪn/,real,a queue of people waiting for free food,bread+line(bánh mì + đường kẻ),"Wordset Dictionary (wordset.org, WordNet-based, community-edited)",chưa dịch lại theo định nghĩa Wordset mới - vẫn là công thức ghép cũ,
bread+win,breadwinner,[bread+win]-er,0-2-1,noun,/ˈbɹɛdˌwɪnɝ/,real,one whose earnings are the primary source of support for their dependents,bread+win(bánh mì + chiến thắng) + -er(người làm việc gì; so sánh hơn),"Wordset Dictionary (wordset.org, WordNet-based, community-edited)",chưa dịch lại theo định nghĩa Wordset mới - vẫn là công thức ghép cũ,
break+away,breakaway,[break+away],0-2-0,adjective,/ˈbɹeɪkəˌweɪ/,real,having separated or advocating separation from another entity or policy or attitude,"break+away(phá vỡ, nghỉ giải lao + xa, đi xa)","Wordset Dictionary (wordset.org, WordNet-based, community-edited)",chưa dịch lại theo định nghĩa Wordset mới - vẫn là công thức ghép cũ,
break+down,breakdown,[break+down],0-2-0,noun,/ˈbɹeɪkˌdaʊn/,real,an occasion when a vehicle or machine stops working,"break+down(phá vỡ, nghỉ giải lao + xuống)",Oxford 5000 (verified),,
break+fast,breakfast,[break+fast],0-2-0,noun,/ˈbɹɛkfəst/,real,the first meal of the day,"break+fast(phá vỡ, nghỉ giải lao + nhanh, nhịn ăn)",Oxford 5000 (verified),,
break+in,breakin,[break+in],0-2-0,noun,/bɹˈeɪkɪn/,"generated (espeak-ng G2P, algorithmic)","break+in(a short period of time when you stop what you are doing and rest, eat, etc. + into an object, an area or a substance)","break+in(phá vỡ, nghỉ giải lao + trong, vào)","compositional (generated, unverified)",công thức ghép (chưa xác thực),"dạng liền không gạch nối của ""break-in"" (đột nhập)"
break+neck,breakneck,[break+neck],0-2-0,adjective,/ˈbɹeɪkˌnɛk/,real,moving at very high speed,"break+neck(phá vỡ, nghỉ giải lao + cổ)","Wordset Dictionary (wordset.org, WordNet-based, community-edited)",chưa dịch lại theo định nghĩa Wordset mới - vẫn là công thức ghép cũ,
break+off,breakoff,[break+off],0-2-0,noun,/bɹˈeɪkɔf/,"generated (espeak-ng G2P, algorithmic)","break+off(a short period of time when you stop what you are doing and rest, eat, etc. + used to say that something has been removed or become separated)","break+off(phá vỡ, nghỉ giải lao + tắt, xa khỏi)","compositional (generated, unverified)",công thức ghép (chưa xác thực),
break+out,breakout,[break+out],0-2-0,noun,/ˈbɹeɪˌkaʊt/,real,an escape from jail,"break+out(phá vỡ, nghỉ giải lao + ra ngoài)","Wordset Dictionary (wordset.org, WordNet-based, community-edited)",chưa dịch lại theo định nghĩa Wordset mới - vẫn là công thức ghép cũ,
break+through,breakthrough,[break+through],0-2-0,noun,/ˈbɹeɪkˌθɹu/,real,an important development that may lead to an agreement or achievement,"break+through(phá vỡ, nghỉ giải lao + xuyên qua)",Oxford 5000 (verified),,
break+up,breakup,[break+up],0-2-0,noun,/ˈbɹeɪˌkəp/,real,coming apart,"break+up(phá vỡ, nghỉ giải lao + lên trên)","Wordset Dictionary (wordset.org, WordNet-based, community-edited)",chưa dịch lại theo định nghĩa Wordset mới - vẫn là công thức ghép cũ,
break+water,breakwater,[break+water],0-2-0,noun,/ˈbɹeɪˌkwɔtɝ/,real,a protective structure of stone or concrete,"break+water(phá vỡ, nghỉ giải lao + nước)","Wordset Dictionary (wordset.org, WordNet-based, community-edited)",chưa dịch lại theo định nghĩa Wordset mới - vẫn là công thức ghép cũ,
breast+bone,breastbone,[breast+bone],0-2-0,noun,/bɹˈɛstbəʊn/,real,the flat bone that articulates with the clavicles and the first seven pairs of ribs,breast+bone(ngực + xương),"Wordset Dictionary (wordset.org, WordNet-based, community-edited)",chưa dịch lại theo định nghĩa Wordset mới - vẫn là công thức ghép cũ,
breast+feed,breastfeed,[breast+feed],0-2-0,verb,/ˈbɹɛstfid/,real,to give milk to directly from a breast,breast+feed(ngực + cho ăn),"Wordset Dictionary (wordset.org, WordNet-based, community-edited)",chưa dịch lại theo định nghĩa Wordset mới - vẫn là công thức ghép cũ,
breast+plate,breastplate,[breast+plate],0-2-0,noun,/ˈbɹɛstˌpɫeɪt/,real,armor plate that protects the chest,breast+plate(ngực + đĩa),"Wordset Dictionary (wordset.org, WordNet-based, community-edited)",chưa dịch lại theo định nghĩa Wordset mới - vẫn là công thức ghép cũ,
breast+stroke,breaststroke,[breast+stroke],0-2-0,noun,/bɹˈɛststɹəʊk/,real,a swimming stroke,"breast+stroke(ngực + cú đánh, đột quỵ)","Wordset Dictionary (wordset.org, WordNet-based, community-edited)",chưa dịch lại theo định nghĩa Wordset mới - vẫn là công thức ghép cũ,
breast+work,breastwork,[breast+work],0-2-0,noun,/bɹˈɛstwɜːk/,"generated (espeak-ng G2P, algorithmic)",fortification consisting of a low wall,breast+work(ngực + công việc),"Wordset Dictionary (wordset.org, WordNet-based, community-edited)",chưa dịch lại theo định nghĩa Wordset mới - vẫn là công thức ghép cũ,
breath+take,breathtakingly,[breath+take]-ly,0-2-1,adverb,/ˈbɹɛθˌteɪkɪŋɫi/,real,breath+take(the air that you take into your lungs and send out again + to carry or move something from one place to another) + -ly(adverb of manner / adjective (like)),"breath+take(hơi thở + lấy, cầm) + -ly(trạng từ chỉ cách thức / tính từ (giống như))","compositional (generated, unverified)",công thức ghép (chưa xác thực),
breath+take,breathtaking,[breath+take],0-2-0,adjective,/ˈbɹɛθˌteɪkɪŋ/,real,tending to cause suspension of regular breathing,"breath+take(hơi thở + lấy, cầm)","Wordset Dictionary (wordset.org, WordNet-based, community-edited)",chưa dịch lại theo định nghĩa Wordset mới - vẫn là công thức ghép cũ,
brick+bat,brickbat,[brick+bat],0-2-0,noun,/ˈbɹɪkˌbæt/,real,blunt criticism,"brick+bat(gạch + con dơi, gậy đánh bóng)","Wordset Dictionary (wordset.org, WordNet-based, community-edited)",chưa dịch lại theo định nghĩa Wordset mới - vẫn là công thức ghép cũ,
brick+lay,bricklayer,[brick+lay]-er,0-2-1,noun,/ˈbɹɪˌkɫeɪɝ/,real,a craftsman skilled in building with bricks,"brick+lay(gạch + đặt xuống, đẻ trứng) + -er(người làm việc gì; so sánh hơn)","Wordset Dictionary (wordset.org, WordNet-based, community-edited)",chưa dịch lại theo định nghĩa Wordset mới - vẫn là công thức ghép cũ,
brick+lay,bricklaying,[brick+lay],0-2-0,noun,/bɹˈɪkleɪɪŋ/,real,the craft of laying bricks,"brick+lay(gạch + đặt xuống, đẻ trứng)","Wordset Dictionary (wordset.org, WordNet-based, community-edited)",chưa dịch lại theo định nghĩa Wordset mới - vẫn là công thức ghép cũ,
brick+top,bricktop,[brick+top],0-2-0,noun,/bɹˈɪktɑːp/,"generated (espeak-ng G2P, algorithmic)","brick+top(baked clay used for building walls, houses and other buildings; an individual block of this + highest in position)","brick+top(gạch + đỉnh, trên cùng)","compositional (generated, unverified)",công thức ghép (chưa xác thực),
brick+work,brickwork,[brick+work],0-2-0,noun,/bɹˈɪkwɜːk/,real,masonry done with bricks and mortar,brick+work(gạch + công việc),"Wordset Dictionary (wordset.org, WordNet-based, community-edited)",chưa dịch lại theo định nghĩa Wordset mới - vẫn là công thức ghép cũ,
brick+yard,brickyard,[brick+yard],0-2-0,noun,/ˈbɹɪkˌjɑɹd/,real,a place where bricks are made and sold,"brick+yard(gạch + sân, yard (đơn vị))","Wordset Dictionary (wordset.org, WordNet-based, community-edited)",chưa dịch lại theo định nghĩa Wordset mới - vẫn là công thức ghép cũ,
bride+cake,bridecake,[bride+cake],0-2-0,noun,/bɹˈaɪdkeɪk/,"generated (espeak-ng G2P, algorithmic)",a rich cake with two or more tiers and covered with frosting and decorations,bride+cake(cô dâu + bánh ngọt),"Wordset Dictionary (wordset.org, WordNet-based, community-edited)",chưa dịch lại theo định nghĩa Wordset mới - vẫn là công thức ghép cũ,
bridge+head,bridgehead,[bridge+head],0-2-0,noun,/ˈbɹɪdʒˌhɛd/,real,a defensive post at the end of a bridge nearest to the enemy,"bridge+head(cây cầu + đầu, người đứng đầu)","Wordset Dictionary (wordset.org, WordNet-based, community-edited)",chưa dịch lại theo định nghĩa Wordset mới - vẫn là công thức ghép cũ,
bridge+port,bridgeport,[bridge+port],0-2-0,noun,/ˈbɹɪdʒˌpɔɹt/,real,"bridge+port(a structure that is built over a road, railway, river, etc. so that people, vehicles, etc. can cross from one side to the other + a town or city with a harbour, especially one where ships load and unload goods)",bridge+port(cây cầu + cảng),"compositional (generated, unverified)",công thức ghép (chưa xác thực),
bridge+water,bridgewater,[bridge+water],0-2-0,noun,/ˈbɹɪdʒˌwɔtɝ/,real,"bridge+water(a structure that is built over a road, railway, river, etc. so that people, vehicles, etc. can cross from one side to the other + a liquid without colour, smell or taste that falls as rain, is in lakes, rivers and seas, and is used for drinking, washing, etc.)",bridge+water(cây cầu + nước),"compositional (generated, unverified)",công thức ghép (chưa xác thực),
bridge+work,bridgework,[bridge+work],0-2-0,noun,/bɹˈɪdʒwɜːk/,"generated (espeak-ng G2P, algorithmic)",a denture anchored to teeth on either side of missing teeth,bridge+work(cây cầu + công việc),"Wordset Dictionary (wordset.org, WordNet-based, community-edited)",chưa dịch lại theo định nghĩa Wordset mới - vẫn là công thức ghép cũ,
brief+case,briefcase,[brief+case],0-2-0,noun,/ˈbɹifˌkeɪs/,real,a case with a handle,"brief+case(ngắn gọn + trường hợp, vali)","Wordset Dictionary (wordset.org, WordNet-based, community-edited)",chưa dịch lại theo định nghĩa Wordset mới - vẫn là công thức ghép cũ,
broad+cast,broadcast,[broad+cast],0-2-0,noun,/ˈbɹɔdˌkæst/,real,a radio or television programme,"broad+cast(rộng lớn + phân vai, đúc khuôn)",Oxford 5000 (verified),,
broad+cast,broadcaster,[broad+cast]-er,0-2-1,noun,/ˈbɹɔdˌkæstɝ/,real,a person whose job is presenting or talking on television or radio programmes,"broad+cast(rộng lớn + phân vai, đúc khuôn) + -er(người làm việc gì; so sánh hơn)",Oxford 5000 (verified),,
broad+cloth,broadcloth,[broad+cloth],0-2-0,noun,/bɹˈɔːdklɒθ/,real,a closely woven silk or synthetic fabric with a narrow crosswise rib,broad+cloth(rộng lớn + vải),"Wordset Dictionary (wordset.org, WordNet-based, community-edited)",chưa dịch lại theo định nghĩa Wordset mới - vẫn là công thức ghép cũ,
broad+loom,broadloom,[broad+loom],0-2-0,adjective,/bɹˈɔːdluːm/,"generated (espeak-ng G2P, algorithmic)",(of rugs or carpets) woven full width,"broad+loom(rộng lớn + khung dệt, hiện ra)","Wordset Dictionary (wordset.org, WordNet-based, community-edited)",chưa dịch lại theo định nghĩa Wordset mới - vẫn là công thức ghép cũ,
broad+mind,broadmindedly,[broad+mind]-ly,0-2-1,adverb,/bɹˈɔːdmaɪndᵻdli/,"generated (espeak-ng G2P, algorithmic)","broad+mind(wide + the part of a person that makes them able to be aware of things, to think and to feel) + -ly(adverb of manner / adjective (like))",broad+mind(rộng lớn + tâm trí) + -ly(trạng từ chỉ cách thức / tính từ (giống như)),"compositional (generated, unverified)",công thức ghép (chưa xác thực),
broad+mind,broadmindedness,[broad+mind]-ness,0-2-1,noun,/bɹˈɔːdmaɪndᵻdnəs/,"generated (espeak-ng G2P, algorithmic)","broad+mind(wide + the part of a person that makes them able to be aware of things, to think and to feel) + -ness(state or quality of (noun))","broad+mind(rộng lớn + tâm trí) + -ness(trạng thái, tính chất (danh từ))","compositional (generated, unverified)",công thức ghép (chưa xác thực),từ thật (broad-mindedness/broadmindedness - sự khoáng đạt)
broad+mind,broadminded,[broad+mind],0-2-0,adjective,/bɹˈɔːdmaɪndɪd/,real,"broad+mind(wide + the part of a person that makes them able to be aware of things, to think and to feel)",broad+mind(rộng lớn + tâm trí),"compositional (generated, unverified)",công thức ghép (chưa xác thực),
broad+sheet,broadsheet,[broad+sheet],0-2-0,noun,/bɹˈɔːdʃiːt/,real,an advertisement (usually printed on a page or in a leaflet) intended for wide distribution,"broad+sheet(rộng lớn + tấm, tờ)","Wordset Dictionary (wordset.org, WordNet-based, community-edited)",chưa dịch lại theo định nghĩa Wordset mới - vẫn là công thức ghép cũ,
broad+side,broadside,[broad+side],0-2-0,adverb,/ˈbɹɔdˌsaɪd/,real,with a side facing an object,broad+side(rộng lớn + bên cạnh),"Wordset Dictionary (wordset.org, WordNet-based, community-edited)",chưa dịch lại theo định nghĩa Wordset mới - vẫn là công thức ghép cũ,
broad+sword,broadsword,[broad+sword],0-2-0,noun,/ˈbɹɔdˌsɔɹd/,real,a sword with a broad blade and usually two cutting edges,broad+sword(rộng lớn + thanh kiếm),"Wordset Dictionary (wordset.org, WordNet-based, community-edited)",chưa dịch lại theo định nghĩa Wordset mới - vẫn là công thức ghép cũ,
broad+way,broadways,[broad+way],0-2-0,adjective,/bɹˈɔːdweɪz/,"generated (espeak-ng G2P, algorithmic)",broad+way(wide + very far; by a large amount),"broad+way(rộng lớn + con đường, cách thức)","compositional (generated, unverified)",công thức ghép (chưa xác thực),
broad+wise,broadwise,[broad+wise],0-2-0,adverb,/bɹˈɔːdwaɪz/,"generated (espeak-ng G2P, algorithmic)",in the direction of the breadth,broad+wise(rộng lớn + khôn ngoan),"Wordset Dictionary (wordset.org, WordNet-based, community-edited)",chưa dịch lại theo định nghĩa Wordset mới - vẫn là công thức ghép cũ,
brown+stone,brownstone,[brown+stone],0-2-0,noun,/ˈbɹaʊnˌstoʊn/,real,a row house built of brownstone,brown+stone(màu nâu + đá),"Wordset Dictionary (wordset.org, WordNet-based, community-edited)",chưa dịch lại theo định nghĩa Wordset mới - vẫn là công thức ghép cũ,
brush+fire,brushfire,[brush+fire],0-2-0,noun,/ˈbɹəʃˌfaɪɹ/,real,"brush+fire(an object made of short stiff hairs (called bristles) or wires set in a block of wood or plastic, usually attached to a handle. Brushes are used for many different jobs, such as cleaning, painting and tidying your hair. + the flames, light and heat, and often smoke, that are produced when something burns)","brush+fire(bàn chải, chải + lửa, sa thải)","compositional (generated, unverified)",công thức ghép (chưa xác thực),
brush+like,brushlike,[brush+like],0-2-0,adjective,/bɹˈʌʃlaɪk/,"generated (espeak-ng G2P, algorithmic)",resembling a brush,"brush+like(bàn chải, chải + thích, giống như)","Wordset Dictionary (wordset.org, WordNet-based, community-edited)",chưa dịch lại theo định nghĩa Wordset mới - vẫn là công thức ghép cũ,
brush+wood,brushwood,[brush+wood],0-2-0,noun,/bɹˈʌʃwʊd/,real,a dense growth of bushes,"brush+wood(bàn chải, chải + gỗ)","Wordset Dictionary (wordset.org, WordNet-based, community-edited)",chưa dịch lại theo định nghĩa Wordset mới - vẫn là công thức ghép cũ,
brush+work,brushwork,[brush+work],0-2-0,noun,/ˈbɹəʃˌwɝk/,real,an artist's distinctive technique of applying paint with a brush,"brush+work(bàn chải, chải + công việc)","Wordset Dictionary (wordset.org, WordNet-based, community-edited)",chưa dịch lại theo định nghĩa Wordset mới - vẫn là công thức ghép cũ,
buck+board,buckboard,[buck+board],0-2-0,noun,/bˈʌkbɔːd/,real,an open horse-drawn carriage with four wheels,"buck+board(đô la (tiếng lóng), con nai + ban, bảng, tấm ván)","Wordset Dictionary (wordset.org, WordNet-based, community-edited)",chưa dịch lại theo định nghĩa Wordset mới - vẫn là công thức ghép cũ,
buck+shot,buckshot,[buck+shot],0-2-0,noun,/ˈbəkˌʃɑt/,real,small lead shot for shotgun shells,"buck+shot(đô la (tiếng lóng), con nai + phát súng, cú đánh)","Wordset Dictionary (wordset.org, WordNet-based, community-edited)",chưa dịch lại theo định nghĩa Wordset mới - vẫn là công thức ghép cũ,
buck+skin,buckskin,[buck+skin],0-2-0,noun,/ˈbəkˌskɪn/,real,horse of a light yellowish dun color with dark mane and tail,"buck+skin(đô la (tiếng lóng), con nai + làn da)","Wordset Dictionary (wordset.org, WordNet-based, community-edited)",chưa dịch lại theo định nghĩa Wordset mới - vẫn là công thức ghép cũ,
buck+tooth,bucktooth,[buck+tooth],0-2-0,noun,/bˈʌktuːθ/,"generated (espeak-ng G2P, algorithmic)",a large projecting front tooth,"buck+tooth(đô la (tiếng lóng), con nai + răng)","Wordset Dictionary (wordset.org, WordNet-based, community-edited)",chưa dịch lại theo định nghĩa Wordset mới - vẫn là công thức ghép cũ,
buck+wheat,buckwheat,[buck+wheat],0-2-0,noun,/ˈbəˌkwit/,real,grain ground into flour,"buck+wheat(đô la (tiếng lóng), con nai + lúa mì)","Wordset Dictionary (wordset.org, WordNet-based, community-edited)",chưa dịch lại theo định nghĩa Wordset mới - vẫn là công thức ghép cũ,
bug+bear,bugbear,[bug+bear],0-2-0,noun,/bˈʌɡbeə/,real,an object of dread or apprehension,"bug+bear(côn trùng, lỗi phần mềm + gấu, chịu đựng)","Wordset Dictionary (wordset.org, WordNet-based, community-edited)",chưa dịch lại theo định nghĩa Wordset mới - vẫn là công thức ghép cũ,
bug+eye,bugeyed,[bug+eye],0-2-0,noun,/ˈbəˌɡaɪd/,real,bug+eye(any small insect + either of the two organs on the face that you see with),"bug+eye(côn trùng, lỗi phần mềm + mắt)","compositional (generated, unverified)",công thức ghép (chưa xác thực),
build+up,buildup,[build+up],0-2-0,noun,/ˈbɪɫˌdəp/,real,the act of building up an accumulation,build+up(xây dựng + lên trên),"Wordset Dictionary (wordset.org, WordNet-based, community-edited)",chưa dịch lại theo định nghĩa Wordset mới - vẫn là công thức ghép cũ,
bulk+head,bulkhead,[bulk+head],0-2-0,noun,/ˈbəɫkˌhɛd/,real,a partition that divides a ship or plane into compartments,"bulk+head(khối lượng lớn + đầu, người đứng đầu)","Wordset Dictionary (wordset.org, WordNet-based, community-edited)",chưa dịch lại theo định nghĩa Wordset mới - vẫn là công thức ghép cũ,
bullet+proof,bulletproof,[bullet+proof],0-2-0,adjective,/ˈbʊɫətˌpɹuf/,real,not penetrable by bullets,bullet+proof(viên đạn + bằng chứng),"Wordset Dictionary (wordset.org, WordNet-based, community-edited)",chưa dịch lại theo định nghĩa Wordset mới - vẫn là công thức ghép cũ,
burn+side,burnside,[burn+side],0-2-0,noun,/ˈbɝnˌsaɪd/,real,"facial hair that has grown down the side of the face in front of the ears, especially when the rest of the beard is shaved off",burn+side(đốt cháy + bên cạnh),"Wordset Dictionary (wordset.org, WordNet-based, community-edited)",chưa dịch lại theo định nghĩa Wordset mới - vẫn là công thức ghép cũ,
bus+man,busman,[bus+man],0-2-0,noun,/bˈʌsmən/,real,someone who drives a bus,bus+man(xe buýt + đàn ông),"Wordset Dictionary (wordset.org, WordNet-based, community-edited)",chưa dịch lại theo định nghĩa Wordset mới - vẫn là công thức ghép cũ,
bush+man,bushman,[bush+man],0-2-0,noun,/ˈbʊʃmən/,real,a dweller in the Australian bush country,bush+man(bụi cây + đàn ông),"Wordset Dictionary (wordset.org, WordNet-based, community-edited)",chưa dịch lại theo định nghĩa Wordset mới - vẫn là công thức ghép cũ,
business+like,businesslike,[business+like],0-2-0,adjective,/ˈbɪznɪˌsɫaɪk/,real,exhibiting methodical and systematic characteristics that would be useful in business,"business+like(kinh doanh + thích, giống như)","Wordset Dictionary (wordset.org, WordNet-based, community-edited)",chưa dịch lại theo định nghĩa Wordset mới - vẫn là công thức ghép cũ,
business+man,businessman,[business+man],0-2-0,noun,/ˈbɪznəsˌmæn/,real,"a man who works in business, especially at a high level",business+man(kinh doanh + đàn ông),Oxford 5000 (verified),,
business+woman,businesswoman,[business+woman],0-2-0,noun,/ˈbɪznɪˌswʊmən/,real,a female businessperson,business+woman(kinh doanh + phụ nữ),"Wordset Dictionary (wordset.org, WordNet-based, community-edited)",chưa dịch lại theo định nghĩa Wordset mới - vẫn là công thức ghép cũ,
busy+body,busybody,[busy+body],0-2-0,noun,/bˈɪzɪbˌɒdi/,real,a person who meddles in the affairs of others,busy+body(bận rộn + cơ thể),"Wordset Dictionary (wordset.org, WordNet-based, community-edited)",chưa dịch lại theo định nghĩa Wordset mới - vẫn là công thức ghép cũ,
butter+cup,buttercup,[butter+cup],0-2-0,noun,/ˈbətɝˌkəp/,real,any of various plants of the genus Ranunculus,butter+cup(bơ + cốc),"Wordset Dictionary (wordset.org, WordNet-based, community-edited)",chưa dịch lại theo định nghĩa Wordset mới - vẫn là công thức ghép cũ,
butter+fat,butterfat,[butter+fat],0-2-0,noun,/ˈbətɝˌfæt/,real,the fatty substance of milk from which butter is made,"butter+fat(bơ + béo, mỡ)","Wordset Dictionary (wordset.org, WordNet-based, community-edited)",chưa dịch lại theo định nghĩa Wordset mới - vẫn là công thức ghép cũ,
butter+finger,butterfingers,[butter+finger],0-2-0,noun,/bˈʌtəfˌɪŋɡəz/,real,"someone who drops things, especially one who cannot catch a ball",butter+finger(bơ + ngón tay),"Wordset Dictionary (wordset.org, WordNet-based, community-edited)",chưa dịch lại theo định nghĩa Wordset mới - vẫn là công thức ghép cũ,
butter+fly,butterfly,[butter+fly],0-2-0,noun,/ˈbətɝˌfɫaɪ/,real,a swimming stroke in which the arms are thrown forward together out of the water while the feet kick up and down,"butter+fly(bơ + bay, ruồi)","Wordset Dictionary (wordset.org, WordNet-based, community-edited)",chưa dịch lại theo định nghĩa Wordset mới - vẫn là công thức ghép cũ,
butter+milk,buttermilk,[butter+milk],0-2-0,noun,/ˈbətɝˌmɪɫk/,real,residue from making butter from sour raw milk,butter+milk(bơ + sữa),"Wordset Dictionary (wordset.org, WordNet-based, community-edited)",chưa dịch lại theo định nghĩa Wordset mới - vẫn là công thức ghép cũ,
butter+nut,butternut,[butter+nut],0-2-0,noun,/bˈʌtənˌʌt/,real,oily egg-shaped nut of an American tree of the walnut family,"butter+nut(bơ + hạt, đai ốc)","Wordset Dictionary (wordset.org, WordNet-based, community-edited)",chưa dịch lại theo định nghĩa Wordset mới - vẫn là công thức ghép cũ,
button+hole,buttonhole,[button+hole],0-2-0,noun,/ˈbətənˌhoʊɫ/,real,a hole through which buttons are pushed,"button+hole(cúc áo, nút bấm + lỗ hổng)","Wordset Dictionary (wordset.org, WordNet-based, community-edited)",chưa dịch lại theo định nghĩa Wordset mới - vẫn là công thức ghép cũ,
button+hook,buttonhook,[button+hook],0-2-0,noun,/bˈʌʔn̩hˌʊk/,"generated (espeak-ng G2P, algorithmic)",a hook for pulling a button through a buttonhole,"button+hook(cúc áo, nút bấm + móc câu)","Wordset Dictionary (wordset.org, WordNet-based, community-edited)",chưa dịch lại theo định nghĩa Wordset mới - vẫn là công thức ghép cũ,
cabinet+make,cabinetmakers,[cabinet+make]-er,0-2-1,noun,/kˈæbaɪntmˌeɪkəz/,real,"cabinet+make(a group of senior members of a government that is responsible for advising and deciding on government policy + the name or type of a machine, piece of equipment, etc. that is made by a particular company) + -er(person who does; comparative)","cabinet+make(tủ, nội các + làm) + -er(người làm việc gì; so sánh hơn)","compositional (generated, unverified)",công thức ghép (chưa xác thực),
camera+man,cameraman,[camera+man],0-2-0,noun,/ˈkæmɝəmən/,real,a photographer who operates a movie camera,camera+man(máy ảnh + đàn ông),"Wordset Dictionary (wordset.org, WordNet-based, community-edited)",chưa dịch lại theo định nghĩa Wordset mới - vẫn là công thức ghép cũ,
camp+fire,campfire,[camp+fire],0-2-0,noun,/ˈkæmpˌfaɪɝ/,real,a small outdoor fire for warmth or cooking (as at a camp),"camp+fire(trại + lửa, sa thải)","Wordset Dictionary (wordset.org, WordNet-based, community-edited)",chưa dịch lại theo định nghĩa Wordset mới - vẫn là công thức ghép cũ,
camp+ground,campground,[camp+ground],0-2-0,noun,/ˈkæmpˌɡɹaʊnd/,real,a site where people on holiday can pitch a tent,camp+ground(trại + mặt đất),"Wordset Dictionary (wordset.org, WordNet-based, community-edited)",chưa dịch lại theo định nghĩa Wordset mới - vẫn là công thức ghép cũ,
camp+mate,campmate,[camp+mate],0-2-0,noun,/kˈæmpmeɪt/,"generated (espeak-ng G2P, algorithmic)",someone who lives in the same camp you do,"camp+mate(trại + bạn đời, bạn bè)","Wordset Dictionary (wordset.org, WordNet-based, community-edited)",chưa dịch lại theo định nghĩa Wordset mới - vẫn là công thức ghép cũ,
camp+site,campsite,[camp+site],0-2-0,noun,/ˈkæmpˌsaɪt/,real,a site where people on holiday can pitch a tent,camp+site(trại + địa điểm),"Wordset Dictionary (wordset.org, WordNet-based, community-edited)",chưa dịch lại theo định nghĩa Wordset mới - vẫn là công thức ghép cũ,
can+not,cannot,[can+not],0-2-0,modal verb,/ˈkænɑt/,real,the negative of can; can not,"can+not(có thể, lon + không)",Oxford 5000 (verified),,
candle+light,candlelight,[candle+light],0-2-0,noun,/ˈkændəɫˌɫaɪt/,real,the light provided by a burning candle,"candle+light(nến + ánh sáng, nhẹ)","Wordset Dictionary (wordset.org, WordNet-based, community-edited)",chưa dịch lại theo định nghĩa Wordset mới - vẫn là công thức ghép cũ,
candle+power,candlepower,[candle+power],0-2-0,noun,/kˈændəlpˌaʊɚ/,"generated (espeak-ng G2P, algorithmic)",luminous intensity measured in candelas,"candle+power(nến + quyền lực, sức mạnh)","Wordset Dictionary (wordset.org, WordNet-based, community-edited)",chưa dịch lại theo định nghĩa Wordset mới - vẫn là công thức ghép cũ,
candle+stick,candlestick,[candle+stick],0-2-0,noun,/ˈkændəɫˌstɪk/,real,a holder with sockets for candles,"candle+stick(nến + que, dính chặt)","Wordset Dictionary (wordset.org, WordNet-based, community-edited)",chưa dịch lại theo định nghĩa Wordset mới - vẫn là công thức ghép cũ,
car+bone,carbones,[car+bone],0-2-0,noun,/kˈɑːɹboʊnz/,"generated (espeak-ng G2P, algorithmic)",car+bone(a road vehicle with an engine and four wheels that can carry a small number of passengers + any of the hard parts that form the skeleton of the body of a human or an animal),car+bone(xe ô tô + xương),"compositional (generated, unverified)",công thức ghép (chưa xác thực),
car+load,carload,[car+load],0-2-0,noun,/ˈkɑɹˌɫoʊd/,real,a gathering of passengers sufficient to fill an automobile,car+load(xe ô tô + tải trọng),"Wordset Dictionary (wordset.org, WordNet-based, community-edited)",chưa dịch lại theo định nghĩa Wordset mới - vẫn là công thức ghép cũ,
car+port,carport,[car+port],0-2-0,noun,/ˈkɑɹˌpɔɹt/,real,garage for one or two cars consisting of a flat roof supported on poles,car+port(xe ô tô + cảng),"Wordset Dictionary (wordset.org, WordNet-based, community-edited)",chưa dịch lại theo định nghĩa Wordset mới - vẫn là công thức ghép cũ,
car+sick,carsick,[car+sick],0-2-0,adjective,/ˈkɑɹsɪk/,real,experiencing motion sickness,car+sick(xe ô tô + ốm đau),"Wordset Dictionary (wordset.org, WordNet-based, community-edited)",chưa dịch lại theo định nghĩa Wordset mới - vẫn là công thức ghép cũ,
car+sono,carson,[car+sono],0-2-0,noun,/ˈkɑɹsən/,real,car+sono(a road vehicle with an engine and four wheels that can carry a small number of passengers + (không có định nghĩa trong Oxford 5000 - root này không phải headword độc lập)),car+sono(xe ô tô + âm thanh (gốc từ)),"compositional (generated, unverified)",công thức ghép (chưa xác thực),
card+board,cardboard,[card+board],0-2-0,adjective,/ˈkɑɹdˌbɔɹd/,real,without substance,"card+board(thẻ, thiệp + ban, bảng, tấm ván)","Wordset Dictionary (wordset.org, WordNet-based, community-edited)",chưa dịch lại theo định nghĩa Wordset mới - vẫn là công thức ghép cũ,
card+punch,cardpunch,[card+punch],0-2-0,noun,/kˈɑːɹdpʌntʃ/,"generated (espeak-ng G2P, algorithmic)","card+punch(thick, stiff paper; a piece of this for writing on + a hard hit made with the fist (= closed hand))","card+punch(thẻ, thiệp + đấm)","compositional (generated, unverified)",công thức ghép (chưa xác thực),thuật ngữ máy tính cổ điển (đục lỗ thẻ)
card+sharp,cardsharpers,[card+sharp]-er,0-2-1,noun,/kˈɑːɹdʃɑːɹpɚz/,"generated (espeak-ng G2P, algorithmic)","card+sharp(thick, stiff paper; a piece of this for writing on + having a fine edge or point, especially of something that can cut or make a hole in something) + -er(person who does; comparative)","card+sharp(thẻ, thiệp + sắc bén) + -er(người làm việc gì; so sánh hơn)","compositional (generated, unverified)",công thức ghép (chưa xác thực),"số nhiều của ""cardsharper"" (kẻ bịp bợm trong bài bạc), từ thật"
care+free,carefree,[care+free],0-2-0,adjective,/ˈkɛɹˌfɹi/,real,cheerfully irresponsible,"care+free(quan tâm, chăm sóc + tự do, miễn phí)","Wordset Dictionary (wordset.org, WordNet-based, community-edited)",chưa dịch lại theo định nghĩa Wordset mới - vẫn là công thức ghép cũ,
care+take,caretaker,[care+take]-er,0-2-1,noun,/ˈkɛɹˌteɪkɝ/,real,a custodian who is hired to take care of something (property or a person),"care+take(quan tâm, chăm sóc + lấy, cầm) + -er(người làm việc gì; so sánh hơn)","Wordset Dictionary (wordset.org, WordNet-based, community-edited)",chưa dịch lại theo định nghĩa Wordset mới - vẫn là công thức ghép cũ,
carpet+bag,carpetbag,[carpet+bag],0-2-0,adjective,/kˈɑːɹpɪtbˌæɡ/,"generated (espeak-ng G2P, algorithmic)",presumptuously seeking success or a position in a new locality,carpet+bag(thảm + túi),"Wordset Dictionary (wordset.org, WordNet-based, community-edited)",chưa dịch lại theo định nghĩa Wordset mới - vẫn là công thức ghép cũ,
carpet+bag,carpetbagger,[carpet+bag]-er,0-2-1,noun,/ˈkɑɹpətˌbæɡɝ/,real,an outsider who seeks power or success presumptuously,carpet+bag(thảm + túi) + -er(người làm việc gì; so sánh hơn),"Wordset Dictionary (wordset.org, WordNet-based, community-edited)",chưa dịch lại theo định nghĩa Wordset mới - vẫn là công thức ghép cũ,
carry+out,carryout,[carry+out],0-2-0,verb,/kˈæɹɪˌaʊt/,"generated (espeak-ng G2P, algorithmic)",carry+out(to support the weight of somebody/something and take them or it from place to place; to take somebody/something from one place to another + away from the inside of a place or thing),carry+out(mang theo + ra ngoài),"compositional (generated, unverified)",công thức ghép (chưa xác thực),
carry+over,carryover,[carry+over],0-2-0,verb,/ˈkɛɹˌjoʊvɝ/,real,"carry+over(to support the weight of somebody/something and take them or it from place to place; to take somebody/something from one place to another + across a street, an open space, etc.)","carry+over(mang theo + ở trên, hơn)","compositional (generated, unverified)",công thức ghép (chưa xác thực),
carry+way,carriageway,[carry+way]-age,0-2-1,noun,/kˈæɹɪdʒwˌeɪ/,real,one of the two sides of a motorway where traffic travels in one direction only usually in two or three lanes,"carry+way(mang theo + con đường, cách thức) + -age(hành động, kết quả, tập hợp (danh từ))","Wordset Dictionary (wordset.org, WordNet-based, community-edited)",chưa dịch lại theo định nghĩa Wordset mới - vẫn là công thức ghép cũ,
case+book,casebook,[case+book],0-2-0,adjective,/kˈeɪsbʊk/,real,according to or characteristic of a casebook or textbook,"case+book(trường hợp, vali + sách)","Wordset Dictionary (wordset.org, WordNet-based, community-edited)",chưa dịch lại theo định nghĩa Wordset mới - vẫn là công thức ghép cũ,
case+work,caseworker,[case+work]-er,0-2-1,noun,/ˈkeɪˌswɝkɝ/,real,someone employed to provide social services (especially to the disadvantaged),"case+work(trường hợp, vali + công việc) + -er(người làm việc gì; so sánh hơn)","Wordset Dictionary (wordset.org, WordNet-based, community-edited)",chưa dịch lại theo định nghĩa Wordset mới - vẫn là công thức ghép cũ,
case+work,casework,[case+work],0-2-0,noun,/ˈkeɪˌswɝk/,real,close sociological study of a maladjusted person or family for diagnosis and treatment,"case+work(trường hợp, vali + công việc)","Wordset Dictionary (wordset.org, WordNet-based, community-edited)",chưa dịch lại theo định nghĩa Wordset mới - vẫn là công thức ghép cũ,
cast+away,castaway,[cast+away],0-2-0,noun,/ˈkæstəˌweɪ/,real,a shipwrecked person,"cast+away(phân vai, đúc khuôn + xa, đi xa)","Wordset Dictionary (wordset.org, WordNet-based, community-edited)",chưa dịch lại theo định nghĩa Wordset mới - vẫn là công thức ghép cũ,
cast+off,castoffs,[cast+off],0-2-0,noun,/ˈkæsˌtɔfs/,real,cast+off(all the people who act in a play or film + used to say that something has been removed or become separated),"cast+off(phân vai, đúc khuôn + tắt, xa khỏi)","compositional (generated, unverified)",công thức ghép (chưa xác thực),
cat+call,catcall,[cat+call],0-2-0,noun,/ˈkætˌkɔɫ/,real,a cry expressing disapproval,cat+call(con mèo + gọi),"Wordset Dictionary (wordset.org, WordNet-based, community-edited)",chưa dịch lại theo định nghĩa Wordset mới - vẫn là công thức ghép cũ,
cat+fish,catfish,[cat+fish],0-2-0,noun,/ˈkætˌfɪʃ/,real,any of numerous mostly freshwater bottom-living fishes of Eurasia and North America with barbels like whiskers around the mouth,cat+fish(con mèo + cá),"Wordset Dictionary (wordset.org, WordNet-based, community-edited)",chưa dịch lại theo định nghĩa Wordset mới - vẫn là công thức ghép cũ,
cat+gut,catgut,[cat+gut],0-2-0,noun,/kˈætɡʌt/,real,a strong cord made from the intestines of sheep and used in surgery,"cat+gut(con mèo + ruột, bản năng)","Wordset Dictionary (wordset.org, WordNet-based, community-edited)",chưa dịch lại theo định nghĩa Wordset mới - vẫn là công thức ghép cũ,
cat+like,catlike,[cat+like],0-2-0,noun,/ˈkætˌɫaɪk/,real,Like a cat; stealthily; noiselessly.,"cat+like(con mèo + thích, giống như)","Webster's Unabridged Dictionary (1913, public domain)",công thức ghép (chưa xác thực),
cat+walk,catwalk,[cat+walk],0-2-0,noun,/ˈkætˌwɑk/,real,narrow pathway high in the air (as above a stage or between parts of a building or along a bridge),cat+walk(con mèo + đi bộ),"Wordset Dictionary (wordset.org, WordNet-based, community-edited)",chưa dịch lại theo định nghĩa Wordset mới - vẫn là công thức ghép cũ,
catch+phrase,catchphrase,[catch+phrase],0-2-0,noun,/kˈætʃfɹeɪz/,real,a phrase that has become a catchword,catch+phrase(bắt lấy + cụm từ),"Wordset Dictionary (wordset.org, WordNet-based, community-edited)",chưa dịch lại theo định nghĩa Wordset mới - vẫn là công thức ghép cũ,
catch+up,catchup,[catch+up],0-2-0,noun,/ˈkætʃəp/,real,"catch+up(an act of catching something, for example a ball + towards or in a higher position)",catch+up(bắt lấy + lên trên),"compositional (generated, unverified)",công thức ghép (chưa xác thực),
catch+word,catchword,[catch+word],0-2-0,noun,/ˈkætʃˌwɝd/,real,a word printed at the top of the page of a dictionary or other reference book to indicate the first or last item on that page,catch+word(bắt lấy + từ ngữ),"Wordset Dictionary (wordset.org, WordNet-based, community-edited)",chưa dịch lại theo định nghĩa Wordset mới - vẫn là công thức ghép cũ,
cause+way,causeway,[cause+way],0-2-0,noun,/ˈkɑzˌweɪ/,real,a road that is raised above water or marshland or sand,"cause+way(nguyên nhân, gây ra + con đường, cách thức)","Wordset Dictionary (wordset.org, WordNet-based, community-edited)",chưa dịch lại theo định nghĩa Wordset mới - vẫn là công thức ghép cũ,
cave+man,caveman,[cave+man],0-2-0,noun,/ˈkeɪvˌmæn/,real,someone who lives in a cave,cave+man(hang động + đàn ông),"Wordset Dictionary (wordset.org, WordNet-based, community-edited)",chưa dịch lại theo định nghĩa Wordset mới - vẫn là công thức ghép cũ,
centre+piece,centrepiece,[centre+piece],0-2-0,noun,/sˈɛntəpˌiːs/,real,something placed at the center of something else (as on a table),"centre+piece(trung tâm + mảnh, miếng)","Wordset Dictionary (wordset.org, WordNet-based, community-edited)",chưa dịch lại theo định nghĩa Wordset mới - vẫn là công thức ghép cũ,
chain+like,chainlike,[chain+like],0-2-0,adjective,/tʃˈeɪnlaɪk/,"generated (espeak-ng G2P, algorithmic)",having a chainlike form,"chain+like(dây xích, chuỗi + thích, giống như)","Wordset Dictionary (wordset.org, WordNet-based, community-edited)",chưa dịch lại theo định nghĩa Wordset mới - vẫn là công thức ghép cũ,
chair+man,chairman,[chair+man],0-2-0,noun,/ˈtʃɛɹmən/,real,"the person in charge of a meeting, who tells people when they can speak, etc.",chair+man(ghế + đàn ông),Oxford 5000 (verified),,
chair+man,chairmanship,[chair+man]-ship,0-2-1,noun,/ˈtʃɛɹmənˌʃɪp/,real,the position of chairman,"chair+man(ghế + đàn ông) + -ship(trạng thái, điều kiện, kỹ năng (danh từ))","Wordset Dictionary (wordset.org, WordNet-based, community-edited)",chưa dịch lại theo định nghĩa Wordset mới - vẫn là công thức ghép cũ,
chair+person,chairperson,[chair+person],0-2-0,noun,/ˈtʃɛɹˌpɝsən/,real,the officer who presides at the meetings of an organization,chair+person(ghế + con người),"Wordset Dictionary (wordset.org, WordNet-based, community-edited)",chưa dịch lại theo định nghĩa Wordset mới - vẫn là công thức ghép cũ,
chair+woman,chairwoman,[chair+woman],0-2-0,noun,/ˈtʃɛɹˌwʊmən/,real,the officer who presides at the meetings of an organization,chair+woman(ghế + phụ nữ),"Wordset Dictionary (wordset.org, WordNet-based, community-edited)",chưa dịch lại theo định nghĩa Wordset mới - vẫn là công thức ghép cũ,
chamber+pot,chamberpot,[chamber+pot],0-2-0,noun,/tʃˈeɪmbəpˌɒt/,real,a receptacle for urination or defecation in the bedroom,"chamber+pot(phòng, buồng + nồi)","Wordset Dictionary (wordset.org, WordNet-based, community-edited)",chưa dịch lại theo định nghĩa Wordset mới - vẫn là công thức ghép cũ,
check+board,checkerboard,[check+board]-er,0-2-1,noun,/ˈtʃɛkɝˌbɔɹd/,real,a board having 64 squares of two alternating colors,"check+board(kiểm tra + ban, bảng, tấm ván) + -er(người làm việc gì; so sánh hơn)","Wordset Dictionary (wordset.org, WordNet-based, community-edited)",chưa dịch lại theo định nghĩa Wordset mới - vẫn là công thức ghép cũ,
check+book,checkbook,[check+book],0-2-0,noun,/ˈtʃɛkˌbʊk/,real,a book issued to holders of checking accounts,check+book(kiểm tra + sách),"Wordset Dictionary (wordset.org, WordNet-based, community-edited)",chưa dịch lại theo định nghĩa Wordset mới - vẫn là công thức ghép cũ,
check+in,checkin,[check+in],0-2-0,noun,/tʃˈɛkɪn/,"generated (espeak-ng G2P, algorithmic)","check+in(an act of making sure that something is safe, correct or in good condition by examining it + into an object, an area or a substance)","check+in(kiểm tra + trong, vào)","compositional (generated, unverified)",công thức ghép (chưa xác thực),"dạng liền không gạch nối của ""check-in"""
check+list,checklist,[check+list],0-2-0,noun,/ˈtʃɛˌkɫɪst/,real,a list of items (names or tasks etc.) to be checked or consulted,check+list(kiểm tra + danh sách),"Wordset Dictionary (wordset.org, WordNet-based, community-edited)",chưa dịch lại theo định nghĩa Wordset mới - vẫn là công thức ghép cũ,
check+mate,checkmate,[check+mate],0-2-0,noun,/ˈtʃɛkˌmeɪt/,real,a chess move constituting an inescapable and indefensible attack on the opponent's king,"check+mate(kiểm tra + bạn đời, bạn bè)","Wordset Dictionary (wordset.org, WordNet-based, community-edited)",chưa dịch lại theo định nghĩa Wordset mới - vẫn là công thức ghép cũ,
check+off,checkoff,[check+off],0-2-0,noun,/ˈtʃɛˌkɔf/,real,"check+off(an act of making sure that something is safe, correct or in good condition by examining it + used to say that something has been removed or become separated)","check+off(kiểm tra + tắt, xa khỏi)","compositional (generated, unverified)",công thức ghép (chưa xác thực),
check+out,checkout,[check+out],0-2-0,noun,/ˈtʃɛˌkaʊt/,real,the act of inspecting or verifying,check+out(kiểm tra + ra ngoài),"Wordset Dictionary (wordset.org, WordNet-based, community-edited)",chưa dịch lại theo định nghĩa Wordset mới - vẫn là công thức ghép cũ,
check+point,checkpoint,[check+point],0-2-0,noun,/ˈtʃɛkˌpɔɪnt/,real,a place (as at a frontier) where travellers are stopped for inspection and clearance,"check+point(kiểm tra + điểm, chỉ ra)","Wordset Dictionary (wordset.org, WordNet-based, community-edited)",chưa dịch lại theo định nghĩa Wordset mới - vẫn là công thức ghép cũ,
check+up,checkup,[check+up],0-2-0,noun,/ˈtʃɛˌkəp/,real,a thorough physical examination,check+up(kiểm tra + lên trên),"Wordset Dictionary (wordset.org, WordNet-based, community-edited)",chưa dịch lại theo định nghĩa Wordset mới - vẫn là công thức ghép cũ,
cheek+bone,cheekbone,[cheek+bone],0-2-0,noun,/ˈtʃikˌboʊn/,real,the arch of bone beneath the eye that forms the prominence of the cheek,cheek+bone(má + xương),"Wordset Dictionary (wordset.org, WordNet-based, community-edited)",chưa dịch lại theo định nghĩa Wordset mới - vẫn là công thức ghép cũ,
cheer+lead,cheerleader,[cheer+lead]-er,0-2-1,noun,/ˈtʃɪɹˌɫidɝ/,real,someone who leads the cheers by spectators at a sporting event,"cheer+lead(reo hò, cổ vũ + dẫn dắt, chì) + -er(người làm việc gì; so sánh hơn)","Wordset Dictionary (wordset.org, WordNet-based, community-edited)",chưa dịch lại theo định nghĩa Wordset mới - vẫn là công thức ghép cũ,
cheese+cake,cheesecake,[cheese+cake],0-2-0,noun,/ˈtʃizˌkeɪk/,real,a photograph of an attractive woman in minimal attire,cheese+cake(phô mai + bánh ngọt),"Wordset Dictionary (wordset.org, WordNet-based, community-edited)",chưa dịch lại theo định nghĩa Wordset mới - vẫn là công thức ghép cũ,
cheese+cloth,cheesecloth,[cheese+cloth],0-2-0,noun,/tʃˈiːzklɒθ/,real,a coarse loosely woven cotton gauze,cheese+cloth(phô mai + vải),"Wordset Dictionary (wordset.org, WordNet-based, community-edited)",chưa dịch lại theo định nghĩa Wordset mới - vẫn là công thức ghép cũ,
chest+nut,chestnut,[chest+nut],0-2-0,adjective,/ˈtʃɛsˌnət/,real,of a golden brown to reddish brown color,"chest+nut(ngực, rương + hạt, đai ốc)","Wordset Dictionary (wordset.org, WordNet-based, community-edited)",chưa dịch lại theo định nghĩa Wordset mới - vẫn là công thức ghép cũ,
child+bear,childbearing,[child+bear],0-2-0,adjective,/ˈtʃaɪɫdˌbɛɹɪŋ/,real,relating to or suitable for childbirth,"child+bear(trẻ em + gấu, chịu đựng)","Wordset Dictionary (wordset.org, WordNet-based, community-edited)",chưa dịch lại theo định nghĩa Wordset mới - vẫn là công thức ghép cũ,
child+birth,childbirth,[child+birth],0-2-0,noun,/ˈtʃaɪɫdˌbɝθ/,real,the parturition process in human beings,child+birth(trẻ em + sự sinh ra),"Wordset Dictionary (wordset.org, WordNet-based, community-edited)",chưa dịch lại theo định nghĩa Wordset mới - vẫn là công thức ghép cũ,
child+like,childlike,[child+like],0-2-0,adjective,/ˈtʃaɪɫdˌɫaɪk/,real,befitting a young child,"child+like(trẻ em + thích, giống như)","Wordset Dictionary (wordset.org, WordNet-based, community-edited)",chưa dịch lại theo định nghĩa Wordset mới - vẫn là công thức ghép cũ,
chip+board,chipboard,[chip+board],0-2-0,noun,/ˈtʃɪpˌbɔɹd/,real,a cheap hard material made from wood chips that are pressed together and bound with synthetic resin,"chip+board(mảnh vụn, chip + ban, bảng, tấm ván)","Wordset Dictionary (wordset.org, WordNet-based, community-edited)",chưa dịch lại theo định nghĩa Wordset mới - vẫn là công thức ghép cũ,
choir+boy,choirboy,[choir+boy],0-2-0,noun,/kwˈaɪəbɔɪ/,real,a boy who sings in a choir,choir+boy(dàn hợp xướng + con trai),"Wordset Dictionary (wordset.org, WordNet-based, community-edited)",chưa dịch lại theo định nghĩa Wordset mới - vẫn là công thức ghép cũ,
choir+master,choirmaster,[choir+master],0-2-0,noun,/kwˈaɪəmɑːstɐ/,real,the musical director of a choir,choir+master(dàn hợp xướng + bậc thầy),"Wordset Dictionary (wordset.org, WordNet-based, community-edited)",chưa dịch lại theo định nghĩa Wordset mới - vẫn là công thức ghép cũ,
chop+fall,chopfallen,[chop+fall]-en,0-2-1,adjective,/tʃˈɑːpfɔːlən/,"generated (espeak-ng G2P, algorithmic)",brought low in spirit,"chop+fall(chặt, băm + rơi, mùa thu) + -en(làm cho (động từ); làm bằng (tính từ))","Wordset Dictionary (wordset.org, WordNet-based, community-edited)",chưa dịch lại theo định nghĩa Wordset mới - vẫn là công thức ghép cũ,
chop+stick,chopstick,[chop+stick],0-2-0,noun,/ˈtʃɑpˌstɪk/,real,one of a pair of slender sticks used as oriental tableware to eat food with,"chop+stick(chặt, băm + que, dính chặt)","Wordset Dictionary (wordset.org, WordNet-based, community-edited)",chưa dịch lại theo định nghĩa Wordset mới - vẫn là công thức ghép cũ,
church+go,churchgoing,[church+go],0-2-0,adjective,/ˈtʃɝtʃˌɡoʊɪŋ/,real,actively practicing a religion,church+go(nhà thờ + đi),"Wordset Dictionary (wordset.org, WordNet-based, community-edited)",chưa dịch lại theo định nghĩa Wordset mới - vẫn là công thức ghép cũ,
church+go,churchgoer,[church+go]-er,0-2-1,noun,/ˈtʃɝtʃˌɡoʊɝ/,real,a religious person who goes to church regularly,church+go(nhà thờ + đi) + -er(người làm việc gì; so sánh hơn),"Wordset Dictionary (wordset.org, WordNet-based, community-edited)",chưa dịch lại theo định nghĩa Wordset mới - vẫn là công thức ghép cũ,
church+go,nonchurchgoing,non-[church+go],1-2-0,adjective,/nˌɑːntʃˈɜːtʃɡoʊɪŋ/,"generated (espeak-ng G2P, algorithmic)",no longer active or practicing,non-(không) + church+go(nhà thờ + đi),"Wordset Dictionary (wordset.org, WordNet-based, community-edited)",chưa dịch lại theo định nghĩa Wordset mới - vẫn là công thức ghép cũ,
church+ward,churchwarden,[church+ward]-en,0-2-1,noun,/tʃˈɜːtʃwɔːdən/,real,an officer in the Episcopal church who helps a parish priest with secular matters,"church+ward(nhà thờ + khu bệnh viện, phường) + -en(làm cho (động từ); làm bằng (tính từ))","Wordset Dictionary (wordset.org, WordNet-based, community-edited)",chưa dịch lại theo định nghĩa Wordset mới - vẫn là công thức ghép cũ,
church+yard,churchyard,[church+yard],0-2-0,noun,/ˈtʃɝtʃˌjɑɹd/,real,the yard associated with a church,"church+yard(nhà thờ + sân, yard (đơn vị))","Wordset Dictionary (wordset.org, WordNet-based, community-edited)",chưa dịch lại theo định nghĩa Wordset mới - vẫn là công thức ghép cũ,
city+wide,citywide,[city+wide],0-2-0,adjective,/ˈsɪtiˌwaɪd/,real,occurring or extending throughout a city,city+wide(thành phố + rộng lớn),"Wordset Dictionary (wordset.org, WordNet-based, community-edited)",chưa dịch lại theo định nghĩa Wordset mới - vẫn là công thức ghép cũ,
class+man,underclassman,under-[class+man],1-2-0,noun,/ˌʌndɚklˈæsmən/,"generated (espeak-ng G2P, algorithmic)",an undergraduate who is not yet a senior,"under-(dưới, không đủ) + class+man(lớp học, giai cấp + đàn ông)","Wordset Dictionary (wordset.org, WordNet-based, community-edited)",chưa dịch lại theo định nghĩa Wordset mới - vẫn là công thức ghép cũ,
class+mate,classmate,[class+mate],0-2-0,noun,/ˈkɫæsˌmeɪt/,real,an acquaintance that you go to school with,"class+mate(lớp học, giai cấp + bạn đời, bạn bè)","Wordset Dictionary (wordset.org, WordNet-based, community-edited)",chưa dịch lại theo định nghĩa Wordset mới - vẫn là công thức ghép cũ,
class+room,classroom,[class+room],0-2-0,noun,/ˈkɫæsˌɹum/,real,a room where a class of children or students is taught,"class+room(lớp học, giai cấp + căn phòng)",Oxford 5000 (verified),,
clean+up,cleanup,[clean+up],0-2-0,noun,/ˈkɫiˌnəp/,real,the act of making something clean,clean+up(sạch sẽ + lên trên),"Wordset Dictionary (wordset.org, WordNet-based, community-edited)",chưa dịch lại theo định nghĩa Wordset mới - vẫn là công thức ghép cũ,
clear+house,clearinghouse,[clear+house],0-2-0,adjective,/ˈkɫɪɹɪŋˌhaʊs/,real,"clear+house(easy to understand and not confusing + a building for people to live in, usually for one family)",clear+house(rõ ràng + ngôi nhà),"compositional (generated, unverified)",công thức ghép (chưa xác thực),
clear+water,clearwater,[clear+water],0-2-0,adjective,/ˈkɫɪɹˌwɔtɝ/,real,"clear+water(easy to understand and not confusing + a liquid without colour, smell or taste that falls as rain, is in lakes, rivers and seas, and is used for drinking, washing, etc.)",clear+water(rõ ràng + nước),"compositional (generated, unverified)",công thức ghép (chưa xác thực),
clear+way,clearway,[clear+way],0-2-0,noun,/klˈiəweɪ/,real,a road on which you are not allowed to stop (unless you have a breakdown),"clear+way(rõ ràng + con đường, cách thức)","Wordset Dictionary (wordset.org, WordNet-based, community-edited)",chưa dịch lại theo định nghĩa Wordset mới - vẫn là công thức ghép cũ,
cliff+hang,cliffhanger,[cliff+hang]-er,0-2-1,noun,/ˈkɫɪfˌhæŋɝ/,real,an episode that ends in suspense,cliff+hang(vách đá + treo) + -er(người làm việc gì; so sánh hơn),"Wordset Dictionary (wordset.org, WordNet-based, community-edited)",chưa dịch lại theo định nghĩa Wordset mới - vẫn là công thức ghép cũ,
cliff+hang,cliffhanging,[cliff+hang],0-2-0,noun,/klˈɪfhæŋɪŋ/,real,"cliff+hang(a high area of rock with a very steep side, often at the edge of the sea or ocean + to attach something, or to be attached, at the top so that the lower part is free or loose)",cliff+hang(vách đá + treo),"compositional (generated, unverified)",công thức ghép (chưa xác thực),
climate+log,climatology,[climate+log]-y,0-2-1,noun,/klˌaɪmɐtˈɑːlədʒi/,"generated (espeak-ng G2P, algorithmic)",meteorology of climates and their phenomena,"climate+log(khí hậu + khúc gỗ, nhật ký) + -y(có tính chất; danh từ/tính từ)","Wordset Dictionary (wordset.org, WordNet-based, community-edited)",chưa dịch lại theo định nghĩa Wordset mới - vẫn là công thức ghép cũ,
clip+board,clipboard,[clip+board],0-2-0,noun,/ˈkɫɪpˌbɔɹd/,real,a small writing board with a clip at the top for holding papers,"clip+board(kẹp giấy, kẹp + ban, bảng, tấm ván)","Wordset Dictionary (wordset.org, WordNet-based, community-edited)",chưa dịch lại theo định nghĩa Wordset mới - vẫn là công thức ghép cũ,
clock+work,clockwork,[clock+work],0-2-0,noun,/ˈkɫɑˌkwɝk/,real,any mechanism of geared wheels that is driven by a coiled spring,clock+work(đồng hồ + công việc),"Wordset Dictionary (wordset.org, WordNet-based, community-edited)",chưa dịch lại theo định nghĩa Wordset mới - vẫn là công thức ghép cũ,
close+down,closedown,[close+down],0-2-0,noun,/ˈkɫoʊzˌdaʊn/,real,termination of operations,"close+down(đóng lại, gần + xuống)","Wordset Dictionary (wordset.org, WordNet-based, community-edited)",chưa dịch lại theo định nghĩa Wordset mới - vẫn là công thức ghép cũ,
close+up,closeup,[close+up],0-2-0,noun,/ˈkɫoʊˈsəp/,real,a photograph taken at close range,"close+up(đóng lại, gần + lên trên)","Wordset Dictionary (wordset.org, WordNet-based, community-edited)",chưa dịch lại theo định nghĩa Wordset mới - vẫn là công thức ghép cũ,
cloth+bound,clothbound,[cloth+bound],0-2-0,noun,/klˈɔθbaʊnd/,"generated (espeak-ng G2P, algorithmic)","cloth+bound(material made by weaving or knitting cotton, wool, silk, etc. + certain or likely to happen, or to do or be something)","cloth+bound(vải + ràng buộc, giới hạn)","compositional (generated, unverified)",công thức ghép (chưa xác thực),
cloth+brush,clothesbrush,[cloth+brush],0-2-0,noun,/klˈoʊðsbɹʌʃ/,"generated (espeak-ng G2P, algorithmic)",a brush used for cleaning clothing,"cloth+brush(vải + bàn chải, chải)","Wordset Dictionary (wordset.org, WordNet-based, community-edited)",chưa dịch lại theo định nghĩa Wordset mới - vẫn là công thức ghép cũ,
cloth+horse,clotheshorse,[cloth+horse],0-2-0,noun,/ˈkɫoʊzˌhɔɹs/,real,a framework on which to hang clothes (as for drying),cloth+horse(vải + ngựa),"Wordset Dictionary (wordset.org, WordNet-based, community-edited)",chưa dịch lại theo định nghĩa Wordset mới - vẫn là công thức ghép cũ,
cloth+line,clothesline,[cloth+line],0-2-0,noun,/klˈəʊðslaɪn/,real,a cord on which clothes are hung to dry,cloth+line(vải + đường kẻ),"Wordset Dictionary (wordset.org, WordNet-based, community-edited)",chưa dịch lại theo định nghĩa Wordset mới - vẫn là công thức ghép cũ,
cloth+pin,clothespin,[cloth+pin],0-2-0,noun,/klˈoʊðspɪn/,"generated (espeak-ng G2P, algorithmic)",wood or plastic clip used to hold laundry to a clothesline,cloth+pin(vải + ghim),"Wordset Dictionary (wordset.org, WordNet-based, community-edited)",chưa dịch lại theo định nghĩa Wordset mới - vẫn là công thức ghép cũ,
cloud+burst,cloudburst,[cloud+burst],0-2-0,noun,/ˈkɫaʊdˌbɝst/,real,a heavy rain,cloud+burst(đám mây + nổ tung),"Wordset Dictionary (wordset.org, WordNet-based, community-edited)",chưa dịch lại theo định nghĩa Wordset mới - vẫn là công thức ghép cũ,
club+foot,clubfoot,[club+foot],0-2-0,noun,/klˈʌbfʊt/,real,congenital deformity of the foot usually marked by a curled shape or twisted position of the ankle and heel and toes,"club+foot(câu lạc bộ, gậy + bàn chân)","Wordset Dictionary (wordset.org, WordNet-based, community-edited)",chưa dịch lại theo định nghĩa Wordset mới - vẫn là công thức ghép cũ,
club+house,clubhouse,[club+house],0-2-0,noun,/ˈkɫəbˌhaʊs/,real,a building that is occupied by a social club,"club+house(câu lạc bộ, gậy + ngôi nhà)","Wordset Dictionary (wordset.org, WordNet-based, community-edited)",chưa dịch lại theo định nghĩa Wordset mới - vẫn là công thức ghép cũ,
club+room,clubrooms,[club+room],0-2-0,noun,/klˈʌbɹuːmz/,"generated (espeak-ng G2P, algorithmic)","club+room(an organization for people who share an interest or do a sport or activity together + a part of a building that has its own walls, floor and ceiling and is usually used for a particular purpose)","club+room(câu lạc bộ, gậy + căn phòng)","compositional (generated, unverified)",công thức ghép (chưa xác thực),
coach+build,coachbuilder,[coach+build]-er,0-2-1,noun,/kˈoʊtʃbɪldɚ/,"generated (espeak-ng G2P, algorithmic)",a craftsman who makes the bodies of motor vehicles,"coach+build(huấn luyện viên, xe khách + xây dựng) + -er(người làm việc gì; so sánh hơn)","Wordset Dictionary (wordset.org, WordNet-based, community-edited)",chưa dịch lại theo định nghĩa Wordset mới - vẫn là công thức ghép cũ,
coach+man,coachman,[coach+man],0-2-0,noun,/ˈkoʊtʃmən/,real,a man who drives a coach (or carriage),"coach+man(huấn luyện viên, xe khách + đàn ông)","Wordset Dictionary (wordset.org, WordNet-based, community-edited)",chưa dịch lại theo định nghĩa Wordset mới - vẫn là công thức ghép cũ,
coach+work,coachwork,[coach+work],0-2-0,noun,/kˈəʊtʃwɜːk/,real,coach+work(a person who trains a person or team in sport + the job that a person does especially in order to earn money),"coach+work(huấn luyện viên, xe khách + công việc)","compositional (generated, unverified)",công thức ghép (chưa xác thực),
coal+face,coalface,[coal+face],0-2-0,noun,/kˈəʊlfeɪs/,real,the part of a coal seam that is being cut,"coal+face(than đá + khuôn mặt, đối mặt)","Wordset Dictionary (wordset.org, WordNet-based, community-edited)",chưa dịch lại theo định nghĩa Wordset mới - vẫn là công thức ghép cũ,
coal+field,coalfield,[coal+field],0-2-0,noun,/kˈəʊlfiːld/,real,a region where there is coal underground,"coal+field(than đá + cánh đồng, lĩnh vực)","Wordset Dictionary (wordset.org, WordNet-based, community-edited)",chưa dịch lại theo định nghĩa Wordset mới - vẫn là công thức ghép cũ,
coal+hole,coalhole,[coal+hole],0-2-0,noun,/kˈoʊlhoʊl/,"generated (espeak-ng G2P, algorithmic)",a bin for holding coal,coal+hole(than đá + lỗ hổng),"Wordset Dictionary (wordset.org, WordNet-based, community-edited)",chưa dịch lại theo định nghĩa Wordset mới - vẫn là công thức ghép cũ,
coal+mine,coalmine,[coal+mine],0-2-0,noun,/kˈəʊlmaɪn/,real,"coal+mine(a hard black mineral that is found below the ground and burnt to produce heat + a deep hole or holes under the ground where minerals such as coal, gold, etc. are dug)","coal+mine(than đá + của tôi, mỏ)","compositional (generated, unverified)",công thức ghép (chưa xác thực),
coast+guard,coastguard,[coast+guard],0-2-0,noun,/kˈəʊstɡɑːd/,real,a military service responsible for the safety of maritime traffic in coastal waters,coast+guard(bờ biển + bảo vệ),"Wordset Dictionary (wordset.org, WordNet-based, community-edited)",chưa dịch lại theo định nghĩa Wordset mới - vẫn là công thức ghép cũ,
coast+guard+man,coastguardsman,[coast+guard+man],0-3-0,noun,/kˈoʊstɡɑːɹdzmən/,"generated (espeak-ng G2P, algorithmic)",a member of a coastguard,coast+guard+man(bờ biển + bảo vệ + đàn ông),"Wordset Dictionary (wordset.org, WordNet-based, community-edited)",chưa dịch lại theo định nghĩa Wordset mới - vẫn là công thức ghép cũ,
coast+line,coastline,[coast+line],0-2-0,noun,/ˈkoʊstˌɫaɪn/,real,the outline of a coast,coast+line(bờ biển + đường kẻ),"Wordset Dictionary (wordset.org, WordNet-based, community-edited)",chưa dịch lại theo định nghĩa Wordset mới - vẫn là công thức ghép cũ,
coat+tail,coattails,[coat+tail],0-2-0,noun,/ˈkoʊtˌteɪɫz/,real,"coat+tail(a piece of outdoor clothing that is worn over other clothes to keep warm or dry. Coats have sleeves (= parts covering the arms) and may be long or short. + the part that sticks out at the back of the body of a bird, an animal or a fish, which the animal can move from side to side or up and down)",coat+tail(áo khoác + đuôi),"compositional (generated, unverified)",công thức ghép (chưa xác thực),
coffee+cup,coffeecup,[coffee+cup],0-2-0,noun,/kˈɔfikˌʌp/,"generated (espeak-ng G2P, algorithmic)","coffee+cup(the roasted seeds (called coffee beans) of a tropical bush; a powder made from them + a small container that is like a bowl in shape, usually with a handle, used for drinking tea, coffee, etc.)",coffee+cup(cà phê + cốc),"compositional (generated, unverified)",công thức ghép (chưa xác thực),
coffee+pot,coffeepot,[coffee+pot],0-2-0,noun,/kˈɒfɪpˌɒt/,real,tall pot in which coffee is brewed,coffee+pot(cà phê + nồi),"Wordset Dictionary (wordset.org, WordNet-based, community-edited)",chưa dịch lại theo định nghĩa Wordset mới - vẫn là công thức ghép cũ,
color+fast,colourfast,[color+fast],0-2-0,unknown,/kˈʌlɚfˌæst/,"generated (espeak-ng G2P, algorithmic)",color+fast((không có định nghĩa trong Oxford 5000 - root này không phải headword độc lập) + moving or able to move quickly),"color+fast(màu sắc + nhanh, nhịn ăn)","compositional (generated, unverified)",công thức ghép (chưa xác thực),
color+fast,colourfastness,[color+fast]-ness,0-2-1,noun,/kˈʌlɚfˌæstnəs/,"generated (espeak-ng G2P, algorithmic)",color+fast((không có định nghĩa trong Oxford 5000 - root này không phải headword độc lập) + moving or able to move quickly) + -ness(state or quality of (noun)),"color+fast(màu sắc + nhanh, nhịn ăn) + -ness(trạng thái, tính chất (danh từ))","compositional (generated, unverified)",công thức ghép (chưa xác thực),"tính từ ""colourfast/colorfast"" + ness, thuật ngữ dệt may có thật"
come+back,comeback,[come+back],0-2-0,noun,/ˈkəmˌbæk/,real,return by a celebrity to some previously successful activity,"come+back(đến + lưng, phía sau)","Wordset Dictionary (wordset.org, WordNet-based, community-edited)",chưa dịch lại theo định nghĩa Wordset mới - vẫn là công thức ghép cũ,
come+down,comedown,[come+down],0-2-0,noun,/ˈkəmˌdaʊn/,real,decline to a lower status or level,come+down(đến + xuống),"Wordset Dictionary (wordset.org, WordNet-based, community-edited)",chưa dịch lại theo định nghĩa Wordset mới - vẫn là công thức ghép cũ,
common+place,commonplace,[common+place],0-2-0,adjective,/ˈkɑmənˌpɫeɪs/,real,not challenging,"common+place(phổ biến, chung + địa điểm)","Wordset Dictionary (wordset.org, WordNet-based, community-edited)",chưa dịch lại theo định nghĩa Wordset mới - vẫn là công thức ghép cũ,
common+wealth,commonwealth,[common+wealth],0-2-0,noun,/ˈkɑmənˌwɛɫθ/,real,a politically organized body of people under a single government,"common+wealth(phổ biến, chung + sự giàu có)","Wordset Dictionary (wordset.org, WordNet-based, community-edited)",chưa dịch lại theo định nghĩa Wordset mới - vẫn là công thức ghép cũ,
concert+go,concertgoer,[concert+go]-er,0-2-1,noun,/kənsˈɜːtɡoʊɚ/,"generated (espeak-ng G2P, algorithmic)",concert+go(a public performance of music + a person’s turn to move or play in a game or an activity) + -er(person who does; comparative),concert+go(buổi hòa nhạc + đi) + -er(người làm việc gì; so sánh hơn),"compositional (generated, unverified)",công thức ghép (chưa xác thực),
concert+master,concertmaster,[concert+master],0-2-0,noun,/ˈkɑnsɝtˌmæstɝ/,real,"concert+master(a public performance of music + a man who has people working for him, often as servants in his home)",concert+master(buổi hòa nhạc + bậc thầy),"compositional (generated, unverified)",công thức ghép (chưa xác thực),
cook+book,cookbook,[cook+book],0-2-0,noun,/ˈkʊkˌbʊk/,real,a book of recipes and cooking directions,cook+book(nấu ăn + sách),"Wordset Dictionary (wordset.org, WordNet-based, community-edited)",chưa dịch lại theo định nghĩa Wordset mới - vẫn là công thức ghép cũ,
cook+fire,cookfire,[cook+fire],0-2-0,noun,/kˈʊkfaɪɚ/,"generated (espeak-ng G2P, algorithmic)",a fire for cooking,"cook+fire(nấu ăn + lửa, sa thải)","Wordset Dictionary (wordset.org, WordNet-based, community-edited)",chưa dịch lại theo định nghĩa Wordset mới - vẫn là công thức ghép cũ,
cook+house,cookhouse,[cook+house],0-2-0,noun,/kˈʊkhaʊs/,real,a detached or outdoor shelter for cooking,cook+house(nấu ăn + ngôi nhà),"Wordset Dictionary (wordset.org, WordNet-based, community-edited)",chưa dịch lại theo định nghĩa Wordset mới - vẫn là công thức ghép cũ,
cool+head,coolheaded,[cool+head],0-2-0,adjective,/kˈuːlhɛdᵻd/,"generated (espeak-ng G2P, algorithmic)",marked by calm self-control (especially in trying circumstances),"cool+head(mát mẻ, ngầu + đầu, người đứng đầu)","Wordset Dictionary (wordset.org, WordNet-based, community-edited)",chưa dịch lại theo định nghĩa Wordset mới - vẫn là công thức ghép cũ,
cope+stone,copestone,[cope+stone],0-2-0,noun,/kˈoʊpstoʊn/,"generated (espeak-ng G2P, algorithmic)",a stone that forms the top of wall or building,cope+stone(đối phó + đá),"Wordset Dictionary (wordset.org, WordNet-based, community-edited)",chưa dịch lại theo định nghĩa Wordset mới - vẫn là công thức ghép cũ,
copper+head,copperhead,[copper+head],0-2-0,noun,/ˈkɑpɝˌhɛd/,real,venomous but sluggish reddish-brown snake of Australia,"copper+head(đồng (kim loại) + đầu, người đứng đầu)","Wordset Dictionary (wordset.org, WordNet-based, community-edited)",chưa dịch lại theo định nghĩa Wordset mới - vẫn là công thức ghép cũ,
copper+plate,copperplate,[copper+plate],0-2-0,noun,/kˈɒpəplˌeɪt/,real,an engraving consisting of a smooth plate of copper that has been etched or engraved,copper+plate(đồng (kim loại) + đĩa),"Wordset Dictionary (wordset.org, WordNet-based, community-edited)",chưa dịch lại theo định nghĩa Wordset mới - vẫn là công thức ghép cũ,
copy+book,copybook,[copy+book],0-2-0,noun,/kˈɒpɪbˌʊk/,real,a book containing models of good penmanship,copy+book(sao chép + sách),"Wordset Dictionary (wordset.org, WordNet-based, community-edited)",chưa dịch lại theo định nghĩa Wordset mới - vẫn là công thức ghép cũ,
copy+cat,copycat,[copy+cat],0-2-0,noun,/ˈkɑpiˌkæt/,real,someone who copies the words or behavior of another,copy+cat(sao chép + con mèo),"Wordset Dictionary (wordset.org, WordNet-based, community-edited)",chưa dịch lại theo định nghĩa Wordset mới - vẫn là công thức ghép cũ,
copy+girl,copygirl,[copy+girl],0-2-0,noun,/kˈɑːpɪɡˌɜːl/,"generated (espeak-ng G2P, algorithmic)","copy+girl(a thing that is made to be the same as something else, especially a document or a work of art + a female child)",copy+girl(sao chép + con gái),"compositional (generated, unverified)",công thức ghép (chưa xác thực),"từ lịch sử có thật (đối lập với ""copy boy"" trong tòa soạn báo)"
copy+hold,copyhold,[copy+hold],0-2-0,noun,/kˈɑːpɪhˌoʊld/,"generated (espeak-ng G2P, algorithmic)",a medieval form of land tenure in England,copy+hold(sao chép + giữ),"Wordset Dictionary (wordset.org, WordNet-based, community-edited)",chưa dịch lại theo định nghĩa Wordset mới - vẫn là công thức ghép cũ,
copy+hold,copyholder,[copy+hold]-er,0-2-1,noun,/kˈɑːpɪhˌoʊldɚ/,"generated (espeak-ng G2P, algorithmic)",mechanical device used in printing,copy+hold(sao chép + giữ) + -er(người làm việc gì; so sánh hơn),"Wordset Dictionary (wordset.org, WordNet-based, community-edited)",chưa dịch lại theo định nghĩa Wordset mới - vẫn là công thức ghép cũ,
copy+right,copyright,[copy+right],0-2-0,noun,/ˈkɑpiˌɹaɪt/,real,"if a person or an organization holds the copyright on a piece of writing, music, etc., they are the only people who have the legal right to publish, broadcast, perform it, etc., and other people must ask their permission to use it or any part of it","copy+right(sao chép + đúng, quyền lợi)",Oxford 5000 (verified),,
copy+write,copywriter,[copy+write]-er,0-2-1,noun,/ˈkɑpiˌɹaɪtɝ/,real,a person employed to write advertising or publicity copy,copy+write(sao chép + viết) + -er(người làm việc gì; so sánh hơn),"Wordset Dictionary (wordset.org, WordNet-based, community-edited)",chưa dịch lại theo định nghĩa Wordset mới - vẫn là công thức ghép cũ,
corner+stone,cornerstone,[corner+stone],0-2-0,noun,/ˈkɔɹnɝˌstoʊn/,real,a stone at the outer corner of two intersecting masonry walls,corner+stone(góc + đá),"Wordset Dictionary (wordset.org, WordNet-based, community-edited)",chưa dịch lại theo định nghĩa Wordset mới - vẫn là công thức ghép cũ,
cotton+mouth,cottonmouth,[cotton+mouth],0-2-0,noun,/ˈkɑtənˌmaʊθ/,real,venomous semiaquatic snake of swamps in southern United States,cotton+mouth(bông + miệng),"Wordset Dictionary (wordset.org, WordNet-based, community-edited)",chưa dịch lại theo định nghĩa Wordset mới - vẫn là công thức ghép cũ,
cotton+seed,cottonseed,[cotton+seed],0-2-0,noun,/ˈkɑtənˌsid/,real,seed of cotton plants,cotton+seed(bông + hạt giống),"Wordset Dictionary (wordset.org, WordNet-based, community-edited)",chưa dịch lại theo định nghĩa Wordset mới - vẫn là công thức ghép cũ,
cotton+tail,cottontail,[cotton+tail],0-2-0,noun,/kˈɒtəntˌeɪl/,real,common small rabbit of North America having greyish or brownish fur and a tail with a white underside,cotton+tail(bông + đuôi),"Wordset Dictionary (wordset.org, WordNet-based, community-edited)",chưa dịch lại theo định nghĩa Wordset mới - vẫn là công thức ghép cũ,
counsel+man,councilman,[counsel+man],0-2-0,noun,/ˈkaʊnsəɫmən/,real,a man who is a council member,"counsel+man(lời khuyên, luật sư + đàn ông)","Wordset Dictionary (wordset.org, WordNet-based, community-edited)",chưa dịch lại theo định nghĩa Wordset mới - vẫn là công thức ghép cũ,
counsel+woman,councilwoman,[counsel+woman],0-2-0,noun,/ˈkaʊnsəɫˌwʊmən/,real,a woman who is a council member,"counsel+woman(lời khuyên, luật sư + phụ nữ)","Wordset Dictionary (wordset.org, WordNet-based, community-edited)",chưa dịch lại theo định nghĩa Wordset mới - vẫn là công thức ghép cũ,
count+down,countdown,[count+down],0-2-0,noun,/ˈkaʊntˌdaʊn/,real,counting backward from an arbitrary number to indicate the time remaining before some event (such as launching a space vehicle),count+down(đếm + xuống),"Wordset Dictionary (wordset.org, WordNet-based, community-edited)",chưa dịch lại theo định nghĩa Wordset mới - vẫn là công thức ghép cũ,
count+house,countinghouse,[count+house],0-2-0,noun,/kˈaʊntɪŋhˌaʊs/,"generated (espeak-ng G2P, algorithmic)",office used by the accountants of a business,count+house(đếm + ngôi nhà),"Wordset Dictionary (wordset.org, WordNet-based, community-edited)",chưa dịch lại theo định nghĩa Wordset mới - vẫn là công thức ghép cũ,
counter+act,counteraction,[counter+act]-ion,0-2-1,noun,/kˌaʊntɚɹˈækʃən/,"generated (espeak-ng G2P, algorithmic)",action intended to nullify the effects of some previous action,"counter+act(quầy, đối kháng + hành động, đạo luật) + -ion(hành động, quá trình, trạng thái (danh từ))","Wordset Dictionary (wordset.org, WordNet-based, community-edited)",chưa dịch lại theo định nghĩa Wordset mới - vẫn là công thức ghép cũ,
counter+act,counteract,[counter+act],0-2-0,verb,/ˈkaʊntɝˌækt/,real,to destroy property or hinder normal operations,"counter+act(quầy, đối kháng + hành động, đạo luật)","Wordset Dictionary (wordset.org, WordNet-based, community-edited)",chưa dịch lại theo định nghĩa Wordset mới - vẫn là công thức ghép cũ,
counter+attack,counterattack,[counter+attack],0-2-0,noun,/ˈkaʊntɝəˌtæk/,real,"in chess, an attack that is intended to counter the opponent's advantage in another part of the board","counter+attack(quầy, đối kháng + tấn công)","Wordset Dictionary (wordset.org, WordNet-based, community-edited)",chưa dịch lại theo định nghĩa Wordset mới - vẫn là công thức ghép cũ,
counter+attack,counterattacker,[counter+attack]-er,0-2-1,noun,/kˈaʊntɚɹɐtˌækɚ/,"generated (espeak-ng G2P, algorithmic)","counter+attack(a long flat surface over which goods are sold or business is done in a shop, bank, etc. + an act of using violence to try to hurt or kill somebody) + -er(person who does; comparative)","counter+attack(quầy, đối kháng + tấn công) + -er(người làm việc gì; so sánh hơn)","compositional (generated, unverified)",công thức ghép (chưa xác thực),
counter+attract,counterattraction,[counter+attract]-ion,0-2-1,noun,/kˌaʊntɚɹɐtɹˈækʃən/,"generated (espeak-ng G2P, algorithmic)",a rival attraction,"counter+attract(quầy, đối kháng + thu hút) + -ion(hành động, quá trình, trạng thái (danh từ))","Wordset Dictionary (wordset.org, WordNet-based, community-edited)",chưa dịch lại theo định nghĩa Wordset mới - vẫn là công thức ghép cũ,
counter+balance,counterbalance,[counter+balance],0-2-0,noun,/ˈkaʊntɝˌbæɫəns/,real,a weight that balances another weight,"counter+balance(quầy, đối kháng + thăng bằng, cân đối)","Wordset Dictionary (wordset.org, WordNet-based, community-edited)",chưa dịch lại theo định nghĩa Wordset mới - vẫn là công thức ghép cũ,
counter+blast,counterblast,[counter+blast],0-2-0,noun,/kˈaʊntəblˌɑːst/,real,a vigorous and unrestrained response,"counter+blast(quầy, đối kháng + vụ nổ)","Wordset Dictionary (wordset.org, WordNet-based, community-edited)",chưa dịch lại theo định nghĩa Wordset mới - vẫn là công thức ghép cũ,
counter+claim,counterclaim,[counter+claim],0-2-0,noun,/ˈkaʊntɝˌkɫeɪm/,real,a claim filed in opposition to another claim in a legal action,"counter+claim(quầy, đối kháng + yêu cầu, tuyên bố)","Wordset Dictionary (wordset.org, WordNet-based, community-edited)",chưa dịch lại theo định nghĩa Wordset mới - vẫn là công thức ghép cũ,
counter+clock,counterclockwise,[counter+clock]-wise,0-2-1,adverb,/ˌkaʊnɝˈkɫɔkwaɪz/,real,in a direction opposite to the direction in which the hands of a clock move,"counter+clock(quầy, đối kháng + đồng hồ) + -wise(theo cách thức; hướng)","Wordset Dictionary (wordset.org, WordNet-based, community-edited)",chưa dịch lại theo định nghĩa Wordset mới - vẫn là công thức ghép cũ,
counter+flow,counterflow,[counter+flow],0-2-0,noun,/kˈaʊntɚflˌoʊ/,"generated (espeak-ng G2P, algorithmic)","counter+flow(a long flat surface over which goods are sold or business is done in a shop, bank, etc. + the steady and continuous movement of something/somebody in one direction)","counter+flow(quầy, đối kháng + dòng chảy)","compositional (generated, unverified)",công thức ghép (chưa xác thực),
counter+man,counterman,[counter+man],0-2-0,noun,/ˈkaʊntɝˌmæn/,real,someone who attends a counter (as in a diner),"counter+man(quầy, đối kháng + đàn ông)","Wordset Dictionary (wordset.org, WordNet-based, community-edited)",chưa dịch lại theo định nghĩa Wordset mới - vẫn là công thức ghép cũ,
counter+measure,countermeasure,[counter+measure],0-2-0,noun,/ˈkaʊntɝˌmɛʒɝ/,real,an action taken to offset another action,"counter+measure(quầy, đối kháng + đo lường)","Wordset Dictionary (wordset.org, WordNet-based, community-edited)",chưa dịch lại theo định nghĩa Wordset mới - vẫn là công thức ghép cũ,
counter+move,countermove,[counter+move],0-2-0,noun,/ˈkaʊntɝˌmuv/,real,an attack by a defending force against an attacking enemy force in order to regain lost ground or cut off enemy advance units etc.,"counter+move(quầy, đối kháng + di chuyển)","Wordset Dictionary (wordset.org, WordNet-based, community-edited)",chưa dịch lại theo định nghĩa Wordset mới - vẫn là công thức ghép cũ,
counter+part,counterpart,[counter+part],0-2-0,noun,/ˈkaʊntɝˌpɑɹt/,real,a person or thing that has the same position or function as somebody/something else in a different place or situation,"counter+part(quầy, đối kháng + phần)",Oxford 5000 (verified),,
counter+plot,counterplot,[counter+plot],0-2-0,noun,/kˈaʊntɚplˌɑːt/,"generated (espeak-ng G2P, algorithmic)",a plot intended to subvert another plot,"counter+plot(quầy, đối kháng + âm mưu, cốt truyện)","Wordset Dictionary (wordset.org, WordNet-based, community-edited)",chưa dịch lại theo định nghĩa Wordset mới - vẫn là công thức ghép cũ,
counter+point,counterpoint,[counter+point],0-2-0,noun,/ˈkaʊntɝˌpɔɪnt/,real,a musical form involving the simultaneous sound of two or more melodies,"counter+point(quầy, đối kháng + điểm, chỉ ra)","Wordset Dictionary (wordset.org, WordNet-based, community-edited)",chưa dịch lại theo định nghĩa Wordset mới - vẫn là công thức ghép cũ,
counter+pose,counterproposal,pro-[counter+pose]-al,1-2-1,noun,/ˈkaʊntɝpɹəˌpoʊzəɫ/,real,a proposal offered as an alternative to an earlier proposal,"pro-(về phía trước, ủng hộ) + counter+pose(quầy, đối kháng + tạo dáng, đặt ra) + -al(thuộc về (tính từ); hành động (danh từ))","Wordset Dictionary (wordset.org, WordNet-based, community-edited)",chưa dịch lại theo định nghĩa Wordset mới - vẫn là công thức ghép cũ,
counter+sign,countersign,[counter+sign],0-2-0,noun,/kˈaʊntəsˌaɪn/,real,a second confirming signature endorsing a document already signed,"counter+sign(quầy, đối kháng + dấu hiệu, ký tên)","Wordset Dictionary (wordset.org, WordNet-based, community-edited)",chưa dịch lại theo định nghĩa Wordset mới - vẫn là công thức ghép cũ,
counter+sink,countersink,[counter+sink],0-2-0,noun,/kˈaʊntɚsˌɪŋk/,"generated (espeak-ng G2P, algorithmic)",a bit for enlarging the upper part of a hole,"counter+sink(quầy, đối kháng + chìm, bồn rửa)","Wordset Dictionary (wordset.org, WordNet-based, community-edited)",chưa dịch lại theo định nghĩa Wordset mới - vẫn là công thức ghép cũ,
country+man,countryman,[country+man],0-2-0,noun,/ˈkəntɹimən/,real,a man from your own country,country+man(đất nước + đàn ông),"Wordset Dictionary (wordset.org, WordNet-based, community-edited)",chưa dịch lại theo định nghĩa Wordset mới - vẫn là công thức ghép cũ,
country+side,countryside,[country+side],0-2-0,noun,/ˈkəntɹiˌsaɪd/,real,"land outside towns and cities, with fields, woods, etc.",country+side(đất nước + bên cạnh),Oxford 5000 (verified),,
country+wide,countrywide,[country+wide],0-2-0,adjective,/ˈkəntɹiˌwaɪd/,real,occurring or extending throughout a country or nation,country+wide(đất nước + rộng lớn),"Wordset Dictionary (wordset.org, WordNet-based, community-edited)",chưa dịch lại theo định nghĩa Wordset mới - vẫn là công thức ghép cũ,
country+woman,countrywoman,[country+woman],0-2-0,noun,/kˈʌntɹɪwˌʊmən/,real,a woman from your own country,country+woman(đất nước + phụ nữ),"Wordset Dictionary (wordset.org, WordNet-based, community-edited)",chưa dịch lại theo định nghĩa Wordset mới - vẫn là công thức ghép cũ,
court+house,courthouse,[court+house],0-2-0,noun,/ˈkɔɹtˌhaʊs/,real,a building that houses judicial courts,"court+house(tòa án, sân + ngôi nhà)","Wordset Dictionary (wordset.org, WordNet-based, community-edited)",chưa dịch lại theo định nghĩa Wordset mới - vẫn là công thức ghép cũ,
court+room,courtroom,[court+room],0-2-0,noun,/ˈkɔɹˌtɹum/,real,a room in which a lawcourt sits,"court+room(tòa án, sân + căn phòng)","Wordset Dictionary (wordset.org, WordNet-based, community-edited)",chưa dịch lại theo định nghĩa Wordset mới - vẫn là công thức ghép cũ,
court+yard,courtyard,[court+yard],0-2-0,noun,/ˈkɔɹtˌjɑɹd/,real,an area wholly or partly surrounded by walls or buildings,"court+yard(tòa án, sân + sân, yard (đơn vị))","Wordset Dictionary (wordset.org, WordNet-based, community-edited)",chưa dịch lại theo định nghĩa Wordset mới - vẫn là công thức ghép cũ,
cover+all,coverall,[cover+all],0-2-0,noun,/ˈkəvɝˌɔɫ/,real,a loose-fitting protective garment that is worn over other clothing,"cover+all(che phủ, bìa + tất cả)","Wordset Dictionary (wordset.org, WordNet-based, community-edited)",chưa dịch lại theo định nghĩa Wordset mới - vẫn là công thức ghép cũ,
cow+bell,cowbell,[cow+bell],0-2-0,noun,/ˈkaʊˌbɛɫ/,real,a bell hung around the neck of cow so that the cow can be easily located,cow+bell(con bò + chuông),"Wordset Dictionary (wordset.org, WordNet-based, community-edited)",chưa dịch lại theo định nghĩa Wordset mới - vẫn là công thức ghép cũ,
cow+bird,cowbird,[cow+bird],0-2-0,noun,/kˈaʊbɜːd/,"generated (espeak-ng G2P, algorithmic)",North American blackbird that follows cattle and lays eggs in other birds' nests,cow+bird(con bò + chim),"Wordset Dictionary (wordset.org, WordNet-based, community-edited)",chưa dịch lại theo định nghĩa Wordset mới - vẫn là công thức ghép cũ,
cow+boy,cowboy,[cow+boy],0-2-0,noun,/ˈkaʊˌbɔɪ/,real,a hired hand who tends cattle and performs other duties on horseback,cow+boy(con bò + con trai),"Wordset Dictionary (wordset.org, WordNet-based, community-edited)",chưa dịch lại theo định nghĩa Wordset mới - vẫn là công thức ghép cũ,
cow+catch,cowcatcher,[cow+catch]-er,0-2-1,noun,/kˈaʊkætʃɐ/,real,an inclined metal frame at the front of a locomotive to clear the track,cow+catch(con bò + bắt lấy) + -er(người làm việc gì; so sánh hơn),"Wordset Dictionary (wordset.org, WordNet-based, community-edited)",chưa dịch lại theo định nghĩa Wordset mới - vẫn là công thức ghép cũ,
cow+girl,cowgirl,[cow+girl],0-2-0,noun,/ˈkaʊˌɡɝɫ/,real,a woman cowboy,cow+girl(con bò + con gái),"Wordset Dictionary (wordset.org, WordNet-based, community-edited)",chưa dịch lại theo định nghĩa Wordset mới - vẫn là công thức ghép cũ,
cow+hand,cowhand,[cow+hand],0-2-0,noun,/kˈaʊhænd/,real,a hired hand who tends cattle and performs other duties on horseback,cow+hand(con bò + bàn tay),"Wordset Dictionary (wordset.org, WordNet-based, community-edited)",chưa dịch lại theo định nghĩa Wordset mới - vẫn là công thức ghép cũ,
cow+heel,cowheel,[cow+heel],0-2-0,noun,/kˈaʊhiːl/,"generated (espeak-ng G2P, algorithmic)",cow+heel(a large animal kept on farms to produce milk or beef + the back part of the foot below the ankle),cow+heel(con bò + gót chân),"compositional (generated, unverified)",công thức ghép (chưa xác thực),
cow+hide,cowhide,[cow+hide],0-2-0,noun,/kˈaʊhaɪd/,real,a heavy flexible whip braided from leather made from the hide of a cow,cow+hide(con bò + giấu),"Wordset Dictionary (wordset.org, WordNet-based, community-edited)",chưa dịch lại theo định nghĩa Wordset mới - vẫn là công thức ghép cũ,
cow+house,cowhouse,[cow+house],0-2-0,noun,/kˈaʊhaʊs/,"generated (espeak-ng G2P, algorithmic)",a barn for cows,cow+house(con bò + ngôi nhà),"Wordset Dictionary (wordset.org, WordNet-based, community-edited)",chưa dịch lại theo định nghĩa Wordset mới - vẫn là công thức ghép cũ,
cow+man,cowman,[cow+man],0-2-0,noun,/ˈkaʊmən/,real,a hired hand who tends cattle and performs other duties on horseback,cow+man(con bò + đàn ông),"Wordset Dictionary (wordset.org, WordNet-based, community-edited)",chưa dịch lại theo định nghĩa Wordset mới - vẫn là công thức ghép cũ,
cow+shed,cowshed,[cow+shed],0-2-0,noun,/kˈaʊʃɛd/,real,a barn for cows,"cow+shed(con bò + nhà kho, đổ (nước mắt))","Wordset Dictionary (wordset.org, WordNet-based, community-edited)",chưa dịch lại theo định nghĩa Wordset mới - vẫn là công thức ghép cũ,
cow+skin,cowskin,[cow+skin],0-2-0,noun,/kˈaʊskɪn/,"generated (espeak-ng G2P, algorithmic)",leather made from the hide of a cow,cow+skin(con bò + làn da),"Wordset Dictionary (wordset.org, WordNet-based, community-edited)",chưa dịch lại theo định nghĩa Wordset mới - vẫn là công thức ghép cũ,
cow+slip,cowslip,[cow+slip],0-2-0,noun,/ˈkaʊsɫɪp/,real,swamp plant of Europe and North America having bright yellow flowers resembling buttercups,cow+slip(con bò + trượt ngã),"Wordset Dictionary (wordset.org, WordNet-based, community-edited)",chưa dịch lại theo định nghĩa Wordset mới - vẫn là công thức ghép cũ,
crack+brain,crackbrained,[crack+brain],0-2-0,adjective,/kɹˈækbɹeɪnd/,"generated (espeak-ng G2P, algorithmic)",insanely irresponsible,"crack+brain(vết nứt, bẻ + não bộ)","Wordset Dictionary (wordset.org, WordNet-based, community-edited)",chưa dịch lại theo định nghĩa Wordset mới - vẫn là công thức ghép cũ,
crack+down,crackdown,[crack+down],0-2-0,noun,/ˈkɹækˌdaʊn/,real,severely repressive actions,"crack+down(vết nứt, bẻ + xuống)","Wordset Dictionary (wordset.org, WordNet-based, community-edited)",chưa dịch lại theo định nghĩa Wordset mới - vẫn là công thức ghép cũ,
crack+man,cracksman,[crack+man],0-2-0,noun,/kɹˈæksmən/,"generated (espeak-ng G2P, algorithmic)",a thief who breaks open safes to steal valuable contents,"crack+man(vết nứt, bẻ + đàn ông)","Wordset Dictionary (wordset.org, WordNet-based, community-edited)",chưa dịch lại theo định nghĩa Wordset mới - vẫn là công thức ghép cũ,
crack+pot,crackpot,[crack+pot],0-2-0,noun,/ˈkɹækˌpɑt/,real,a whimsically eccentric person,"crack+pot(vết nứt, bẻ + nồi)","Wordset Dictionary (wordset.org, WordNet-based, community-edited)",chưa dịch lại theo định nghĩa Wordset mới - vẫn là công thức ghép cũ,
craft+man,craftsman,[craft+man],0-2-0,noun,/ˈkɹæfsmən/,real,a skilled worker who practices some trade or handicraft,"craft+man(thủ công, chế tạo + đàn ông)","Wordset Dictionary (wordset.org, WordNet-based, community-edited)",chưa dịch lại theo định nghĩa Wordset mới - vẫn là công thức ghép cũ,
craft+man,craftsmanship,[craft+man]-ship,0-2-1,noun,/ˈkɹæfsmənˌʃɪp/,real,skill in an occupation or trade,"craft+man(thủ công, chế tạo + đàn ông) + -ship(trạng thái, điều kiện, kỹ năng (danh từ))","Wordset Dictionary (wordset.org, WordNet-based, community-edited)",chưa dịch lại theo định nghĩa Wordset mới - vẫn là công thức ghép cũ,
crawl+space,crawlspace,[crawl+space],0-2-0,noun,/kɹˈɔːlspeɪs/,"generated (espeak-ng G2P, algorithmic)",low space beneath a floor of a building,crawl+space(bò trườn + không gian),"Wordset Dictionary (wordset.org, WordNet-based, community-edited)",chưa dịch lại theo định nghĩa Wordset mới - vẫn là công thức ghép cũ,
crew+cut,crewcut,[crew+cut],0-2-0,noun,/kɹˈuːkʌt/,"generated (espeak-ng G2P, algorithmic)","crew+cut(all the people working on a ship, plane, etc. + a wound caused by something sharp)",crew+cut(phi hành đoàn + cắt),"compositional (generated, unverified)",công thức ghép (chưa xác thực),
crew+man,crewman,[crew+man],0-2-0,noun,/ˈkɹumən/,real,a member of a work crew,crew+man(phi hành đoàn + đàn ông),"Wordset Dictionary (wordset.org, WordNet-based, community-edited)",chưa dịch lại theo định nghĩa Wordset mới - vẫn là công thức ghép cũ,
crew+member,crewmember,[crew+member],0-2-0,noun,/kɹuːmˈɛmbɚ/,"generated (espeak-ng G2P, algorithmic)","crew+member(all the people working on a ship, plane, etc. + a person, an animal or a plant that belongs to a particular group)",crew+member(phi hành đoàn + thành viên),"compositional (generated, unverified)",công thức ghép (chưa xác thực),"dạng liền của ""crew member"", rất phổ biến"
crimin+log,criminology,[crimin+log]-y,0-2-1,noun,/ˌkɹɪmɪˈnɑɫədʒi/,real,the scientific study of crime and criminal behavior and law enforcement,"crimin+log(tội phạm (gốc từ) + khúc gỗ, nhật ký) + -y(có tính chất; danh từ/tính từ)","Wordset Dictionary (wordset.org, WordNet-based, community-edited)",chưa dịch lại theo định nghĩa Wordset mới - vẫn là công thức ghép cũ,
crimin+log,criminologist,[crimin+log]-ist,0-2-1,noun,/ˌkɹɪmɪˈnɑɫədʒɪst/,real,a specialist in criminology,"crimin+log(tội phạm (gốc từ) + khúc gỗ, nhật ký) + -ist(người theo/thực hành (danh từ))","Wordset Dictionary (wordset.org, WordNet-based, community-edited)",chưa dịch lại theo định nghĩa Wordset mới - vẫn là công thức ghép cũ,
cry+baby,crybaby,[cry+baby],0-2-0,noun,/ˈkɹaɪˈbeɪbi/,real,a person given to excessive complaints and crying and whining,"cry+baby(khóc, kêu la + em bé)","Wordset Dictionary (wordset.org, WordNet-based, community-edited)",chưa dịch lại theo định nghĩa Wordset mới - vẫn là công thức ghép cũ,
cup+cake,cupcake,[cup+cake],0-2-0,noun,/ˈkəpˌkeɪk/,real,small cake baked in a muffin tin,cup+cake(cốc + bánh ngọt),"Wordset Dictionary (wordset.org, WordNet-based, community-edited)",chưa dịch lại theo định nghĩa Wordset mới - vẫn là công thức ghép cũ,
custom+house,customhouse,[custom+house],0-2-0,noun,/kˈʌstəmhˌaʊs/,"generated (espeak-ng G2P, algorithmic)",a government building where customs are collected and where ships are cleared to enter or leave the country,custom+house(phong tục + ngôi nhà),"Wordset Dictionary (wordset.org, WordNet-based, community-edited)",chưa dịch lại theo định nghĩa Wordset mới - vẫn là công thức ghép cũ,
cut+back,cutback,[cut+back],0-2-0,noun,/ˈkətˌbæk/,real,a reduction in quantity or rate,"cut+back(cắt + lưng, phía sau)","Wordset Dictionary (wordset.org, WordNet-based, community-edited)",chưa dịch lại theo định nghĩa Wordset mới - vẫn là công thức ghép cũ,
cut+off,cutoff,[cut+off],0-2-0,noun,/ˈkəˌtɔf/,real,a device that terminates the flow in a pipe,"cut+off(cắt + tắt, xa khỏi)","Wordset Dictionary (wordset.org, WordNet-based, community-edited)",chưa dịch lại theo định nghĩa Wordset mới - vẫn là công thức ghép cũ,
cut+out,cutout,[cut+out],0-2-0,noun,/ˈkəˌtaʊt/,real,a part that is cut out or is intended to be cut out,cut+out(cắt + ra ngoài),"Wordset Dictionary (wordset.org, WordNet-based, community-edited)",chưa dịch lại theo định nghĩa Wordset mới - vẫn là công thức ghép cũ,
cut+throat,cutthroat,[cut+throat],0-2-0,adjective,/ˈkətˌθɹoʊt/,real,ruthless in competition,cut+throat(cắt + cổ họng),"Wordset Dictionary (wordset.org, WordNet-based, community-edited)",chưa dịch lại theo định nghĩa Wordset mới - vẫn là công thức ghép cũ,
cut+worm,cutworm,[cut+worm],0-2-0,noun,/ˈkətˌwɝm/,real,North American moth whose larvae feed on young plant stems cutting them off at the ground,cut+worm(cắt + con giun),"Wordset Dictionary (wordset.org, WordNet-based, community-edited)",chưa dịch lại theo định nghĩa Wordset mới - vẫn là công thức ghép cũ,
dairy+man,dairyman,[dairy+man],0-2-0,noun,/dˈeəɹɪmən/,real,a person who works in the dairy business,dairy+man(sản phẩm sữa + đàn ông),"Wordset Dictionary (wordset.org, WordNet-based, community-edited)",chưa dịch lại theo định nghĩa Wordset mới - vẫn là công thức ghép cũ,
dance+like,dancelike,[dance+like],0-2-0,noun,/dˈænslaɪk/,"generated (espeak-ng G2P, algorithmic)",dance+like(a series of movements and steps that are usually performed to music; a particular example of these movements and steps + the things that you like),"dance+like(nhảy múa + thích, giống như)","compositional (generated, unverified)",công thức ghép (chưa xác thực),tính từ ghép hợp lệ (giống như khiêu vũ)
dare+devil,daredevil,[dare+devil],0-2-0,adjective,/ˈdɛɹˌdɛvəɫ/,real,presumptuously daring,dare+devil(dám + ác quỷ),"Wordset Dictionary (wordset.org, WordNet-based, community-edited)",chưa dịch lại theo định nghĩa Wordset mới - vẫn là công thức ghép cũ,
dark+hair,darkhaired,[dark+hair],0-2-0,adjective,/dɑːɹkhˈɛɹd/,"generated (espeak-ng G2P, algorithmic)","dark+hair(with no or very little light, especially because it is night + the substance that looks like a mass of fine threads growing on a person's head)",dark+hair(tối tăm + tóc),"compositional (generated, unverified)",công thức ghép (chưa xác thực),
dark+room,darkroom,[dark+room],0-2-0,noun,/ˈdɑɹˌkɹum/,real,a room in which photographs are developed,dark+room(tối tăm + căn phòng),"Wordset Dictionary (wordset.org, WordNet-based, community-edited)",chưa dịch lại theo định nghĩa Wordset mới - vẫn là công thức ghép cũ,
date+line,dateline,[date+line],0-2-0,noun,/ˈdeɪtˌɫaɪn/,real,a line at the beginning of a news article giving the date and place of origin of the news dispatch,"date+line(ngày tháng, hẹn hò + đường kẻ)","Wordset Dictionary (wordset.org, WordNet-based, community-edited)",chưa dịch lại theo định nghĩa Wordset mới - vẫn là công thức ghép cũ,
day+bed,daybed,[day+bed],0-2-0,noun,/dˈeɪbd/,real,a long chair,day+bed(ngày + giường),"Wordset Dictionary (wordset.org, WordNet-based, community-edited)",chưa dịch lại theo định nghĩa Wordset mới - vẫn là công thức ghép cũ,
day+break,daybreak,[day+break],0-2-0,noun,/ˈdeɪˌbɹeɪk/,real,the first light of day,"day+break(ngày + phá vỡ, nghỉ giải lao)","Wordset Dictionary (wordset.org, WordNet-based, community-edited)",chưa dịch lại theo định nghĩa Wordset mới - vẫn là công thức ghép cũ,
day+dream,daydreamer,[day+dream]-er,0-2-1,noun,/dˈeɪdɹiːmɐ/,real,someone who indulges in idle or absentminded daydreaming,day+dream(ngày + giấc mơ) + -er(người làm việc gì; so sánh hơn),"Wordset Dictionary (wordset.org, WordNet-based, community-edited)",chưa dịch lại theo định nghĩa Wordset mới - vẫn là công thức ghép cũ,
day+dream,daydream,[day+dream],0-2-0,noun,/ˈdeɪˌdɹim/,real,absentminded dreaming while awake,day+dream(ngày + giấc mơ),"Wordset Dictionary (wordset.org, WordNet-based, community-edited)",chưa dịch lại theo định nghĩa Wordset mới - vẫn là công thức ghép cũ,
day+girl,daygirl,[day+girl],0-2-0,noun,/dˈeɪɡɜːl/,"generated (espeak-ng G2P, algorithmic)",a day boarder who is a girl,day+girl(ngày + con gái),"Wordset Dictionary (wordset.org, WordNet-based, community-edited)",chưa dịch lại theo định nghĩa Wordset mới - vẫn là công thức ghép cũ,
day+light,daylight,[day+light],0-2-0,noun,/ˈdeɪˌɫaɪt/,real,light during the daytime,"day+light(ngày + ánh sáng, nhẹ)","Wordset Dictionary (wordset.org, WordNet-based, community-edited)",chưa dịch lại theo định nghĩa Wordset mới - vẫn là công thức ghép cũ,
day+time,daytime,[day+time],0-2-0,noun,/ˈdeɪˌtaɪm/,real,the time after sunrise and before sunset while it is light outside,day+time(ngày + thời gian),"Wordset Dictionary (wordset.org, WordNet-based, community-edited)",chưa dịch lại theo định nghĩa Wordset mới - vẫn là công thức ghép cũ,
dead+head,deadheads,[dead+head],0-2-0,adjective,/ˈdɛdˌhɛdz/,real,"dead+head(no longer alive + the part of the body on top of the neck containing the eyes, nose, mouth and brain)","dead+head(chết + đầu, người đứng đầu)","compositional (generated, unverified)",công thức ghép (chưa xác thực),
dead+line,deadline,[dead+line],0-2-0,noun,/ˈdɛdˌɫaɪn/,real,a point in time by which something must be done,dead+line(chết + đường kẻ),Oxford 5000 (verified),,
dead+lock,deadlock,[dead+lock],0-2-0,noun,/ˈdɛdˌɫɑk/,real,a situation in which no progress can be made or no advancement is possible,dead+lock(chết + khóa),"Wordset Dictionary (wordset.org, WordNet-based, community-edited)",chưa dịch lại theo định nghĩa Wordset mới - vẫn là công thức ghép cũ,
dead+pan,deadpan,[dead+pan],0-2-0,adverb,/ˈdɛdˌpæn/,real,without betraying any feeling,dead+pan(chết + chảo),"Wordset Dictionary (wordset.org, WordNet-based, community-edited)",chưa dịch lại theo định nghĩa Wordset mới - vẫn là công thức ghép cũ,
dead+wood,deadwood,[dead+wood],0-2-0,noun,/ˈdɛdˌwʊd/,real,someone or something that is unwanted and unneeded,dead+wood(chết + gỗ),"Wordset Dictionary (wordset.org, WordNet-based, community-edited)",chưa dịch lại theo định nghĩa Wordset mới - vẫn là công thức ghép cũ,
dear+born,dearborn,[dear+born],0-2-0,adjective,/ˈdɪɹˌbɔɹn/,real,"A four-wheeled carriage, with curtained sides.",dear+born(thân yêu + sinh ra),"Webster's Unabridged Dictionary (1913, public domain)",công thức ghép (chưa xác thực),
death+bed,deathbed,[death+bed],0-2-0,noun,/ˈdɛθˌbɛd/,real,the bed on which a person dies,death+bed(cái chết + giường),"Wordset Dictionary (wordset.org, WordNet-based, community-edited)",chưa dịch lại theo định nghĩa Wordset mới - vẫn là công thức ghép cũ,
death+blow,deathblow,[death+blow],0-2-0,noun,/dˈɛθbloʊ/,"generated (espeak-ng G2P, algorithmic)",the blow that kills (usually mercifully),"death+blow(cái chết + thổi, đòn đánh)","Wordset Dictionary (wordset.org, WordNet-based, community-edited)",chưa dịch lại theo định nghĩa Wordset mới - vẫn là công thức ghép cũ,
death+like,deathlike,[death+like],0-2-0,adjective,/dˈɛθlaɪk/,"generated (espeak-ng G2P, algorithmic)",having the physical appearance of death,"death+like(cái chết + thích, giống như)","Wordset Dictionary (wordset.org, WordNet-based, community-edited)",chưa dịch lại theo định nghĩa Wordset mới - vẫn là công thức ghép cũ,
death+ward,deathward,[death+ward],0-2-0,noun,/dˈɛθwɚd/,"generated (espeak-ng G2P, algorithmic)",Toward death.,"death+ward(cái chết + khu bệnh viện, phường)","Webster's Unabridged Dictionary (1913, public domain)",công thức ghép (chưa xác thực),
deed+poll,deedpoll,[deed+poll],0-2-0,noun,/dˈiːdpɑːl/,"generated (espeak-ng G2P, algorithmic)",deed+poll(a thing that somebody does that is usually very good or very bad + the process of questioning people who are representative of a larger group in order to get information about the general opinion),"deed+poll(hành động, việc làm + thăm dò ý kiến)","compositional (generated, unverified)",công thức ghép (chưa xác thực),thuật ngữ pháp lý Anh có thật (văn bản đổi tên)
deliver+man,deliveryman,[deliver+man]-y,0-2-1,noun,/dᵻlˈɪvɚɹˌɪmən/,"generated (espeak-ng G2P, algorithmic)",someone employed to make deliveries,"deliver+man(giao hàng, phân phát + đàn ông) + -y(có tính chất; danh từ/tính từ)","Wordset Dictionary (wordset.org, WordNet-based, community-edited)",chưa dịch lại theo định nghĩa Wordset mới - vẫn là công thức ghép cũ,
desk+work,deskwork,[desk+work],0-2-0,noun,/dˈɛskwɜːk/,"generated (espeak-ng G2P, algorithmic)","Work done at a desk, as by a clerk or writer. Tennyson.",desk+work(bàn làm việc + công việc),"Webster's Unabridged Dictionary (1913, public domain)",công thức ghép (chưa xác thực),từ thật (công việc bàn giấy)
die+hard,diehard,[die+hard],0-2-0,noun,/ˈdaɪˌhɑɹd/,real,one who adheres to traditional views,"die+hard(chết + cứng, khó khăn)","Wordset Dictionary (wordset.org, WordNet-based, community-edited)",chưa dịch lại theo định nghĩa Wordset mới - vẫn là công thức ghép cũ,
dinner+time,dinnertime,[dinner+time],0-2-0,noun,/ˈdɪnɝˌtaɪm/,real,the customary or habitual hour for the evening meal,dinner+time(bữa tối + thời gian),"Wordset Dictionary (wordset.org, WordNet-based, community-edited)",chưa dịch lại theo định nghĩa Wordset mới - vẫn là công thức ghép cũ,
dip+stick,dipstick,[dip+stick],0-2-0,noun,/ˈdɪpˌstɪk/,real,a graduated rod dipped into a container to indicate the fluid level,"dip+stick(nhúng vào + que, dính chặt)","Wordset Dictionary (wordset.org, WordNet-based, community-edited)",chưa dịch lại theo định nghĩa Wordset mới - vẫn là công thức ghép cũ,
dip+switch,dipswitch,[dip+switch],0-2-0,verb,/dˈɪpswɪtʃ/,"generated (espeak-ng G2P, algorithmic)",dip+switch(to put something quickly into a liquid and take it out again + a small device that you press or move up and down in order to turn a light or piece of electrical equipment on and off),"dip+switch(nhúng vào + công tắc, chuyển đổi)","compositional (generated, unverified)",công thức ghép (chưa xác thực),thuật ngữ điện tử có thật (công tắc DIP)
dish+cloth,dishcloth,[dish+cloth],0-2-0,noun,/dˈɪʃklɒθ/,real,a cloth for washing dishes,"dish+cloth(món ăn, đĩa + vải)","Wordset Dictionary (wordset.org, WordNet-based, community-edited)",chưa dịch lại theo định nghĩa Wordset mới - vẫn là công thức ghép cũ,
dish+wash,dishwasher,[dish+wash]-er,0-2-1,noun,/ˈdɪʃˌwɑʃɝ/,real,a machine for washing dishes,"dish+wash(món ăn, đĩa + rửa) + -er(người làm việc gì; so sánh hơn)","Wordset Dictionary (wordset.org, WordNet-based, community-edited)",chưa dịch lại theo định nghĩa Wordset mới - vẫn là công thức ghép cũ,
dish+water,dishwater,[dish+water],0-2-0,noun,/dˈɪʃwɔːtɐ/,real,water in which dishes and cooking utensils are washed,"dish+water(món ăn, đĩa + nước)","Wordset Dictionary (wordset.org, WordNet-based, community-edited)",chưa dịch lại theo định nghĩa Wordset mới - vẫn là công thức ghép cũ,
dive+board,divingboard,[dive+board],0-2-0,noun,/dᵻvɪŋbˈoːɹd/,"generated (espeak-ng G2P, algorithmic)","dive+board(a jump into deep water with your head first and your arms in front of you + a long thin piece of strong hard material, especially wood, used, for example, for making floors, building walls and roofs and making boats)","dive+board(lặn + ban, bảng, tấm ván)","compositional (generated, unverified)",công thức ghép (chưa xác thực),"dạng liền của ""diving board"" (ván nhảy cầu)"
dog+body,dogsbody,[dog+body],0-2-0,noun,/dˈɒɡsbɒdi/,real,a worker who has to do all the unpleasant or boring jobs that no one else wants to do,dog+body(con chó + cơ thể),"Wordset Dictionary (wordset.org, WordNet-based, community-edited)",chưa dịch lại theo định nghĩa Wordset mới - vẫn là công thức ghép cũ,
dog+fight,dogfight,[dog+fight],0-2-0,verb,/ˈdɑɡˌfaɪt/,real,engage in an aerial battle with another fighter plane,dog+fight(con chó + chiến đấu),"Wordset Dictionary (wordset.org, WordNet-based, community-edited)",chưa dịch lại theo định nghĩa Wordset mới - vẫn là công thức ghép cũ,
dog+fish,dogfish,[dog+fish],0-2-0,noun,/ˈdɔɡˌfɪʃ/,real,any of several small sharks,dog+fish(con chó + cá),"Wordset Dictionary (wordset.org, WordNet-based, community-edited)",chưa dịch lại theo định nghĩa Wordset mới - vẫn là công thức ghép cũ,
dog+house,doghouse,[dog+house],0-2-0,noun,/ˈdɔɡˌhaʊs/,real,outbuilding that serves as a shelter for a dog,dog+house(con chó + ngôi nhà),"Wordset Dictionary (wordset.org, WordNet-based, community-edited)",chưa dịch lại theo định nghĩa Wordset mới - vẫn là công thức ghép cũ,
dog+leg,dogleg,[dog+leg],0-2-0,noun,/dˈɒɡlɛɡ/,real,a golf hole with a sharp angle in the fairway,dog+leg(con chó + chân),"Wordset Dictionary (wordset.org, WordNet-based, community-edited)",chưa dịch lại theo định nghĩa Wordset mới - vẫn là công thức ghép cũ,
dog+tooth,dogtooth,[dog+tooth],0-2-0,noun,/dˈɒɡtuːθ/,real,a carved pyramidal ornament,dog+tooth(con chó + răng),"Wordset Dictionary (wordset.org, WordNet-based, community-edited)",chưa dịch lại theo định nghĩa Wordset mới - vẫn là công thức ghép cũ,
dog+wood,dogwood,[dog+wood],0-2-0,noun,/ˈdɔˌɡwʊd/,real,a tree of shrub of the genus Cornus often having showy bracts resembling flowers,dog+wood(con chó + gỗ),"Wordset Dictionary (wordset.org, WordNet-based, community-edited)",chưa dịch lại theo định nghĩa Wordset mới - vẫn là công thức ghép cũ,
door+bell,doorbell,[door+bell],0-2-0,noun,/ˈdɔɹˌbɛɫ/,real,a push button at an outer door that gives a ringing or buzzing signal when pushed,door+bell(cửa + chuông),"Wordset Dictionary (wordset.org, WordNet-based, community-edited)",chưa dịch lại theo định nghĩa Wordset mới - vẫn là công thức ghép cũ,
door+frame,doorframe,[door+frame],0-2-0,noun,/dˈɔːfɹeɪm/,real,the frame that supports a door,door+frame(cửa + khung),"Wordset Dictionary (wordset.org, WordNet-based, community-edited)",chưa dịch lại theo định nghĩa Wordset mới - vẫn là công thức ghép cũ,
door+handle,doorhandle,[door+handle],0-2-0,noun,/dˈoːɹhændəl/,"generated (espeak-ng G2P, algorithmic)",a knob used to release the catch when opening a door (often called `doorhandle' in Great Britain),"door+handle(cửa + xử lý, tay cầm)","Wordset Dictionary (wordset.org, WordNet-based, community-edited)",chưa dịch lại theo định nghĩa Wordset mới - vẫn là công thức ghép cũ,
door+keep,doorkeeper,[door+keep]-er,0-2-1,noun,/ˈdɔɹˌkipɝ/,real,someone who guards an entrance,door+keep(cửa + giữ) + -er(người làm việc gì; so sánh hơn),"Wordset Dictionary (wordset.org, WordNet-based, community-edited)",chưa dịch lại theo định nghĩa Wordset mới - vẫn là công thức ghép cũ,
door+knock,doorknocker,[door+knock]-er,0-2-1,noun,/dˈɔːknɒkɐ/,real,"a device, usually metal and ornamental, attached by a hinge to a door, used to alert the presence of guests",door+knock(cửa + gõ cửa) + -er(người làm việc gì; so sánh hơn),"Wordset Dictionary (wordset.org, WordNet-based, community-edited)",chưa dịch lại theo định nghĩa Wordset mới - vẫn là công thức ghép cũ,
door+man,doorman,[door+man],0-2-0,noun,/ˈdɔɹˌmæn/,real,someone who guards an entrance,door+man(cửa + đàn ông),"Wordset Dictionary (wordset.org, WordNet-based, community-edited)",chưa dịch lại theo định nghĩa Wordset mới - vẫn là công thức ghép cũ,
door+nail,doornail,[door+nail],0-2-0,noun,/ˈdɔɹˌneɪɫ/,real,a nail with a large head,"door+nail(cửa + móng tay, đinh)","Wordset Dictionary (wordset.org, WordNet-based, community-edited)",chưa dịch lại theo định nghĩa Wordset mới - vẫn là công thức ghép cũ,
door+plate,doorplate,[door+plate],0-2-0,noun,/dˈoːɹpleɪt/,"generated (espeak-ng G2P, algorithmic)",a nameplate fastened to a door,door+plate(cửa + đĩa),"Wordset Dictionary (wordset.org, WordNet-based, community-edited)",chưa dịch lại theo định nghĩa Wordset mới - vẫn là công thức ghép cũ,
door+step,doorstep,[door+step],0-2-0,noun,/ˈdɔɹˌstɛp/,real,the sill of a door,door+step(cửa + bước chân),"Wordset Dictionary (wordset.org, WordNet-based, community-edited)",chưa dịch lại theo định nghĩa Wordset mới - vẫn là công thức ghép cũ,
door+stop,doorstop,[door+stop],0-2-0,noun,/dˈɔːstɒp/,real,a stop that keeps open doors from moving,door+stop(cửa + dừng lại),"Wordset Dictionary (wordset.org, WordNet-based, community-edited)",chưa dịch lại theo định nghĩa Wordset mới - vẫn là công thức ghép cũ,
door+way,doorway,[door+way],0-2-0,noun,/ˈdɔɹˌweɪ/,real,the entrance (the space in a wall) through which you enter or leave a room or building,"door+way(cửa + con đường, cách thức)","Wordset Dictionary (wordset.org, WordNet-based, community-edited)",chưa dịch lại theo định nghĩa Wordset mới - vẫn là công thức ghép cũ,
double+head,doubleheader,[double+head]-er,0-2-1,noun,/dˈʌbəlhˌɛdɚ/,"generated (espeak-ng G2P, algorithmic)",two games instead of one (especially in baseball when the same two teams play two games on the same day),"double+head(gấp đôi + đầu, người đứng đầu) + -er(người làm việc gì; so sánh hơn)","Wordset Dictionary (wordset.org, WordNet-based, community-edited)",chưa dịch lại theo định nghĩa Wordset mới - vẫn là công thức ghép cũ,
drag+net,dragnet,[drag+net],0-2-0,noun,/ˈdɹæɡˌnɛt/,real,a system of coordinated measures for apprehending (criminals or other individuals),"drag+net(kéo lê + lưới, mạng)","Wordset Dictionary (wordset.org, WordNet-based, community-edited)",chưa dịch lại theo định nghĩa Wordset mới - vẫn là công thức ghép cũ,
drain+pipe,drainpipe,[drain+pipe],0-2-0,noun,/dɹˈeɪnpaɪp/,real,a pipe through which liquid is carried away,drain+pipe(thoát nước + ống dẫn),"Wordset Dictionary (wordset.org, WordNet-based, community-edited)",chưa dịch lại theo định nghĩa Wordset mới - vẫn là công thức ghép cũ,
draw+back,drawback,[draw+back],0-2-0,noun,/ˈdɹɔˌbæk/,real,the quality of being a hindrance,"draw+back(vẽ, kéo + lưng, phía sau)","Wordset Dictionary (wordset.org, WordNet-based, community-edited)",chưa dịch lại theo định nghĩa Wordset mới - vẫn là công thức ghép cũ,
draw+bridge,drawbridge,[draw+bridge],0-2-0,noun,/ˈdɹɔˌbɹɪdʒ/,real,a bridge that can be raised to block passage or to allow boats or ships to pass beneath it,"draw+bridge(vẽ, kéo + cây cầu)","Wordset Dictionary (wordset.org, WordNet-based, community-edited)",chưa dịch lại theo định nghĩa Wordset mới - vẫn là công thức ghép cũ,
dream+boat,dreamboat,[dream+boat],0-2-0,noun,/dɹˈiːmbəʊt/,real,"dream+boat(a series of images, events and feelings that happen in your mind while you are asleep + a vehicle (smaller than a ship) that travels on water, moved by oars, sails or a motor)",dream+boat(giấc mơ + thuyền),"compositional (generated, unverified)",công thức ghép (chưa xác thực),
dream+land,dreamland,[dream+land],0-2-0,noun,/ˈdɹimˌɫænd/,real,a pleasing country existing only in dreams or imagination,dream+land(giấc mơ + đất đai),"Wordset Dictionary (wordset.org, WordNet-based, community-edited)",chưa dịch lại theo định nghĩa Wordset mới - vẫn là công thức ghép cũ,
dream+like,dreamlike,[dream+like],0-2-0,adjective,/ˈdɹimˌɫaɪk/,real,resembling a dream,"dream+like(giấc mơ + thích, giống như)","Wordset Dictionary (wordset.org, WordNet-based, community-edited)",chưa dịch lại theo định nghĩa Wordset mới - vẫn là công thức ghép cũ,
dream+world,dreamworld,[dream+world],0-2-0,noun,/ˈdɹimˌwɝɫd/,real,a pleasing country existing only in dreams or imagination,dream+world(giấc mơ + thế giới),"Wordset Dictionary (wordset.org, WordNet-based, community-edited)",chưa dịch lại theo định nghĩa Wordset mới - vẫn là công thức ghép cũ,
dress+make,dressmaker,[dress+make]-er,0-2-1,noun,/ˈdɹɛsˌmeɪkɝ/,real,someone who makes or mends dresses,"dress+make(váy, mặc quần áo + làm) + -er(người làm việc gì; so sánh hơn)","Wordset Dictionary (wordset.org, WordNet-based, community-edited)",chưa dịch lại theo định nghĩa Wordset mới - vẫn là công thức ghép cũ,
dress+make,dressmaking,[dress+make],0-2-0,noun,/ˈdɹɛsˌmeɪkɪŋ/,real,the craft of making dresses,"dress+make(váy, mặc quần áo + làm)","Wordset Dictionary (wordset.org, WordNet-based, community-edited)",chưa dịch lại theo định nghĩa Wordset mới - vẫn là công thức ghép cũ,
drift+net,driftnet,[drift+net],0-2-0,verb,/ˈdɹɪftˌnɛt/,real,drift+net(to move along smoothly and slowly in water or air + a net amount of money is the amount that remains when nothing more is to be taken away),"drift+net(trôi dạt + lưới, mạng)","compositional (generated, unverified)",công thức ghép (chưa xác thực),
drift+wood,driftwood,[drift+wood],0-2-0,noun,/ˈdɹɪftˌwʊd/,real,wood that is floating or that has been washed ashore,drift+wood(trôi dạt + gỗ),"Wordset Dictionary (wordset.org, WordNet-based, community-edited)",chưa dịch lại theo định nghĩa Wordset mới - vẫn là công thức ghép cũ,
drive+way,driveway,[drive+way],0-2-0,noun,/ˈdɹaɪvˌweɪ/,real,a road leading up to a private house,"drive+way(lái xe + con đường, cách thức)","Wordset Dictionary (wordset.org, WordNet-based, community-edited)",chưa dịch lại theo định nghĩa Wordset mới - vẫn là công thức ghép cũ,
drop+out,dropout,[drop+out],0-2-0,noun,/ˈdɹɑˌpaʊt/,real,someone who quits school before graduation,"drop+out(rơi, giọt + ra ngoài)","Wordset Dictionary (wordset.org, WordNet-based, community-edited)",chưa dịch lại theo định nghĩa Wordset mới - vẫn là công thức ghép cũ,
drug+store,drugstore,[drug+store],0-2-0,noun,/ˈdɹəɡˌstɔɹ/,real,a retail shop where medicine and other articles are sold,"drug+store(thuốc, ma túy + cửa hàng, lưu trữ)","Wordset Dictionary (wordset.org, WordNet-based, community-edited)",chưa dịch lại theo định nghĩa Wordset mới - vẫn là công thức ghép cũ,
drum+beat,drumbeat,[drum+beat],0-2-0,noun,/ˈdɹəmˌbit/,real,a vehement and vociferous advocacy of a cause,"drum+beat(trống + đánh, nhịp đập)","Wordset Dictionary (wordset.org, WordNet-based, community-edited)",chưa dịch lại theo định nghĩa Wordset mới - vẫn là công thức ghép cũ,
drum+head,drumhead,[drum+head],0-2-0,adjective,/ˈdɹəmˌhɛd/,real,performed speedily and without formality,"drum+head(trống + đầu, người đứng đầu)","Wordset Dictionary (wordset.org, WordNet-based, community-edited)",chưa dịch lại theo định nghĩa Wordset mới - vẫn là công thức ghép cũ,
drum+stick,drumstick,[drum+stick],0-2-0,noun,/ˈdɹəmstɪk/,real,a stick used for playing a drum,"drum+stick(trống + que, dính chặt)","Wordset Dictionary (wordset.org, WordNet-based, community-edited)",chưa dịch lại theo định nghĩa Wordset mới - vẫn là công thức ghép cũ,
dumb+bell,dumbbell,[dumb+bell],0-2-0,noun,/ˈdəmˌbɛɫ/,real,an exercising weight,"dumb+bell(câm, ngu ngốc + chuông)","Wordset Dictionary (wordset.org, WordNet-based, community-edited)",chưa dịch lại theo định nghĩa Wordset mới - vẫn là công thức ghép cũ,
dumb+found,dumbfound,[dumb+found],0-2-0,verb,/ˈdəmfaʊnd/,real,be a mystery or bewildering to,"dumb+found(câm, ngu ngốc + thành lập, tìm thấy)","Wordset Dictionary (wordset.org, WordNet-based, community-edited)",chưa dịch lại theo định nghĩa Wordset mới - vẫn là công thức ghép cũ,
dumb+wait,dumbwaiter,[dumb+wait]-er,0-2-1,noun,/dˈʌmweɪtɐ/,real,a small elevator used to convey food (or other goods) from one floor of a building to another,"dumb+wait(câm, ngu ngốc + chờ đợi) + -er(người làm việc gì; so sánh hơn)","Wordset Dictionary (wordset.org, WordNet-based, community-edited)",chưa dịch lại theo định nghĩa Wordset mới - vẫn là công thức ghép cũ,
dust+bin,dustbin,[dust+bin],0-2-0,noun,/ˈdəstbɪn/,real,a bin that holds rubbish until it is collected,dust+bin(bụi + thùng rác),"Wordset Dictionary (wordset.org, WordNet-based, community-edited)",chưa dịch lại theo định nghĩa Wordset mới - vẫn là công thức ghép cũ,
dust+coat,dustcoat,[dust+coat],0-2-0,noun,/dˈʌstkoʊt/,"generated (espeak-ng G2P, algorithmic)","dust+coat(a fine powder that consists of very small pieces of sand, earth, etc. + a piece of outdoor clothing that is worn over other clothes to keep warm or dry. Coats have sleeves (= parts covering the arms) and may be long or short.)",dust+coat(bụi + áo khoác),"compositional (generated, unverified)",công thức ghép (chưa xác thực),
dust+man,dustman,[dust+man],0-2-0,noun,/ˈdəstmən/,real,someone employed to collect and dispose of refuse,dust+man(bụi + đàn ông),"Wordset Dictionary (wordset.org, WordNet-based, community-edited)",chưa dịch lại theo định nghĩa Wordset mới - vẫn là công thức ghép cũ,
dust+pan,dustpan,[dust+pan],0-2-0,noun,/dˈʌstpæn/,real,a short-handled receptacle into which dust can be swept,dust+pan(bụi + chảo),"Wordset Dictionary (wordset.org, WordNet-based, community-edited)",chưa dịch lại theo định nghĩa Wordset mới - vẫn là công thức ghép cũ,
dust+sheet,dustsheet,[dust+sheet],0-2-0,noun,/dˈʌstʃiːt/,"generated (espeak-ng G2P, algorithmic)","dust+sheet(a fine powder that consists of very small pieces of sand, earth, etc. + a large piece of thin cloth used on a bed to lie on or lie under)","dust+sheet(bụi + tấm, tờ)","compositional (generated, unverified)",công thức ghép (chưa xác thực),
dust+up,dustup,[dust+up],0-2-0,noun,/dˈʌstʌp/,"generated (espeak-ng G2P, algorithmic)",an angry dispute,dust+up(bụi + lên trên),"Wordset Dictionary (wordset.org, WordNet-based, community-edited)",chưa dịch lại theo định nghĩa Wordset mới - vẫn là công thức ghép cũ,
ear+drum,eardrum,[ear+drum],0-2-0,noun,/ˈiədɹəm/,real,the membrane in the ear that vibrates to sound,ear+drum(tai + trống),"Wordset Dictionary (wordset.org, WordNet-based, community-edited)",chưa dịch lại theo định nghĩa Wordset mới - vẫn là công thức ghép cũ,
ear+mark,earmark,[ear+mark],0-2-0,noun,/ˈiɹˌmɑɹk/,real,a distinctive characteristic or attribute,"ear+mark(tai + dấu, đánh dấu)","Wordset Dictionary (wordset.org, WordNet-based, community-edited)",chưa dịch lại theo định nghĩa Wordset mới - vẫn là công thức ghép cũ,
ear+phon,earphone,[ear+phon],0-2-0,noun,/ˈiɹˌfoʊn/,real,electro-acoustic transducer for converting electric signals into sounds,ear+phon(tai + âm thanh (gốc từ)),"Wordset Dictionary (wordset.org, WordNet-based, community-edited)",chưa dịch lại theo định nghĩa Wordset mới - vẫn là công thức ghép cũ,
ear+piece,earpiece,[ear+piece],0-2-0,noun,/ˈiɹpis/,real,electro-acoustic transducer for converting electric signals into sounds,"ear+piece(tai + mảnh, miếng)","Wordset Dictionary (wordset.org, WordNet-based, community-edited)",chưa dịch lại theo định nghĩa Wordset mới - vẫn là công thức ghép cũ,
ear+plug,earplug,[ear+plug],0-2-0,noun,/ˈiɹˌpɫəɡ/,real,"a plug of cotton, wax, or rubber that is fitted into the ear canal for protection against the entry of water or loud noise",ear+plug(tai + phích cắm),"Wordset Dictionary (wordset.org, WordNet-based, community-edited)",chưa dịch lại theo định nghĩa Wordset mới - vẫn là công thức ghép cũ,
ear+ring,earring,[ear+ring],0-2-0,noun,/ˈiɹɪŋ/,real,jewelry to ornament the ear,"ear+ring(tai + chiếc nhẫn, tiếng chuông)","Wordset Dictionary (wordset.org, WordNet-based, community-edited)",chưa dịch lại theo định nghĩa Wordset mới - vẫn là công thức ghép cũ,
ear+shot,earshot,[ear+shot],0-2-0,noun,/ˈiɹˌʃɑt/,real,the range within which a voice can be heard,"ear+shot(tai + phát súng, cú đánh)","Wordset Dictionary (wordset.org, WordNet-based, community-edited)",chưa dịch lại theo định nghĩa Wordset mới - vẫn là công thức ghép cũ,
ear+split,earsplitting,[ear+split],0-2-0,adjective,/ˈɪɹsplɪɾɪŋ/,"generated (espeak-ng G2P, algorithmic)",loud enough to cause (temporary) hearing loss,ear+split(tai + chia tách),"Wordset Dictionary (wordset.org, WordNet-based, community-edited)",chưa dịch lại theo định nghĩa Wordset mới - vẫn là công thức ghép cũ,
earth+bound,earthbound,[earth+bound],0-2-0,adjective,/ˈɝθˌbaʊnd/,real,confined to the earth,"earth+bound(trái đất, đất + ràng buộc, giới hạn)","Wordset Dictionary (wordset.org, WordNet-based, community-edited)",chưa dịch lại theo định nghĩa Wordset mới - vẫn là công thức ghép cũ,
earth+move,earthmoving,[earth+move],0-2-0,noun,/ˈɝθˌmuvɪŋ/,real,earth+move(the world; the planet that we live on + a change of place or position),"earth+move(trái đất, đất + di chuyển)","compositional (generated, unverified)",công thức ghép (chưa xác thực),
earth+shake,earthshaking,[earth+shake],0-2-0,adjective,/ˈɝθˌʃeɪkɪŋ/,real,loud enough to shake the very earth,"earth+shake(trái đất, đất + lắc, rung)","Wordset Dictionary (wordset.org, WordNet-based, community-edited)",chưa dịch lại theo định nghĩa Wordset mới - vẫn là công thức ghép cũ,
earth+shake,earthshakingly,[earth+shake]-ly,0-2-1,adverb,/ˈɜːθʃeɪkɪŋli/,"generated (espeak-ng G2P, algorithmic)",earth+shake(the world; the planet that we live on + an act of shaking somebody/something) + -ly(adverb of manner / adjective (like)),"earth+shake(trái đất, đất + lắc, rung) + -ly(trạng từ chỉ cách thức / tính từ (giống như))","compositional (generated, unverified)",công thức ghép (chưa xác thực),
earth+work,earthwork,[earth+work],0-2-0,noun,/ˈɝθˌwɝk/,real,an earthen rampart,"earth+work(trái đất, đất + công việc)","Wordset Dictionary (wordset.org, WordNet-based, community-edited)",chưa dịch lại theo định nghĩa Wordset mới - vẫn là công thức ghép cũ,
earth+worm,earthworm,[earth+worm],0-2-0,noun,/ˈɝθˌwɝm/,real,terrestrial worm that burrows into and helps aerate soil,"earth+worm(trái đất, đất + con giun)","Wordset Dictionary (wordset.org, WordNet-based, community-edited)",chưa dịch lại theo định nghĩa Wordset mới - vẫn là công thức ghép cũ,
ease+go,easygoing,[ease+go]-y,0-2-1,adjective,/ˈiziˈɡoʊɪŋ/,real,relaxed and informal in attitude or standards,ease+go(sự dễ dàng + đi) + -y(có tính chất; danh từ/tính từ),"Wordset Dictionary (wordset.org, WordNet-based, community-edited)",chưa dịch lại theo định nghĩa Wordset mới - vẫn là công thức ghép cũ,
east+bound,eastbound,[east+bound],0-2-0,adjective,/ˈistˌbaʊnd/,real,moving toward the east,"east+bound(phía đông + ràng buộc, giới hạn)","Wordset Dictionary (wordset.org, WordNet-based, community-edited)",chưa dịch lại theo định nghĩa Wordset mới - vẫn là công thức ghép cũ,
east+most,easternmost,[east+most]-ern,0-2-1,adjective,/ˈiːstənmˌəʊst/,real,farthest to the east,"east+most(phía đông + nhiều nhất) + -ern(phương hướng (tính từ, VD southern))","Wordset Dictionary (wordset.org, WordNet-based, community-edited)",chưa dịch lại theo định nghĩa Wordset mới - vẫn là công thức ghép cũ,
egg+beat,eggbeater,[egg+beat]-er,0-2-1,noun,/ˈɛɡbiːtɐ/,real,a mixer for beating eggs or whipping cream,"egg+beat(quả trứng + đánh, nhịp đập) + -er(người làm việc gì; so sánh hơn)","Wordset Dictionary (wordset.org, WordNet-based, community-edited)",chưa dịch lại theo định nghĩa Wordset mới - vẫn là công thức ghép cũ,
egg+cup,eggcup,[egg+cup],0-2-0,noun,/ˈɛɡˌkəp/,real,dishware consisting of a small cup for serving a boiled egg,egg+cup(quả trứng + cốc),"Wordset Dictionary (wordset.org, WordNet-based, community-edited)",chưa dịch lại theo định nghĩa Wordset mới - vẫn là công thức ghép cũ,
egg+head,egghead,[egg+head],0-2-0,noun,/ˈɛɡˌhɛd/,real,an intellectual,"egg+head(quả trứng + đầu, người đứng đầu)","Wordset Dictionary (wordset.org, WordNet-based, community-edited)",chưa dịch lại theo định nghĩa Wordset mới - vẫn là công thức ghép cũ,
egg+plant,eggplant,[egg+plant],0-2-0,noun,/ˈɛɡˌpɫænt/,real,egg-shaped vegetable having a shiny skin typically dark purple but occasionally white or yellow,"egg+plant(quả trứng + cây trồng, nhà máy)","Wordset Dictionary (wordset.org, WordNet-based, community-edited)",chưa dịch lại theo định nghĩa Wordset mới - vẫn là công thức ghép cũ,
egg+shell,eggshell,[egg+shell],0-2-0,noun,/ˈɛɡˌʃɛɫ/,real,the exterior covering of a bird's egg,"egg+shell(quả trứng + vỏ sò, vỏ đạn)","Wordset Dictionary (wordset.org, WordNet-based, community-edited)",chưa dịch lại theo định nghĩa Wordset mới - vẫn là công thức ghép cũ,
ego+trip,egotrip,[ego+trip],0-2-0,verb,/ˈɛɡətɹˌɪp/,"generated (espeak-ng G2P, algorithmic)",act in a way that attracts attention,ego+trip(cái tôi + chuyến đi),"Wordset Dictionary (wordset.org, WordNet-based, community-edited)",chưa dịch lại theo định nghĩa Wordset mới - vẫn là công thức ghép cũ,
elbow+room,elbowroom,[elbow+room],0-2-0,noun,/ˈɛɫˌboʊˌɹum/,real,"Room to extend the elbows on each side; ample room for motionor action; free scope. ""My soul hath elbowroom."" Shak.Then came a stretch of grass and a little more elbowroom. W. G.Norris.",elbow+room(khuỷu tay + căn phòng),"Webster's Unabridged Dictionary (1913, public domain)",công thức ghép (chưa xác thực),
else+where,elsewhere,[else+where],0-2-0,adverb,/ˈɛɫˌswɛɹ/,real,"in, at or to another place or other places",else+where(khác + ở đâu),Oxford 5000 (verified),,
end+game,endgame,[end+game],0-2-0,noun,/ˈɛndɡeɪm/,real,the final stages of a chess game after most of the pieces have been removed from the board,end+game(kết thúc + trò chơi),"Wordset Dictionary (wordset.org, WordNet-based, community-edited)",chưa dịch lại theo định nghĩa Wordset mới - vẫn là công thức ghép cũ,
end+paper,endpaper,[end+paper],0-2-0,noun,/ɛndpˈeɪpɚ/,"generated (espeak-ng G2P, algorithmic)","end+paper(the final part of a period of time, an event, an activity or a story + the thin material that you write and draw on and that is also used for wrapping and packing things)",end+paper(kết thúc + giấy),"compositional (generated, unverified)",công thức ghép (chưa xác thực),
end+point,endpoints,[end+point],0-2-0,noun,/ˈɛndˌpɔɪnts/,real,"end+point(the final part of a period of time, an event, an activity or a story + a thing that somebody says or writes giving their opinion or stating a fact)","end+point(kết thúc + điểm, chỉ ra)","compositional (generated, unverified)",công thức ghép (chưa xác thực),
escape+log,escapology,[escape+log]-y,0-2-1,noun,/ˌɛskɐpˈɒlədʒi/,real,the study of methods of escaping (especially as a form of entertainment),"escape+log(trốn thoát + khúc gỗ, nhật ký) + -y(có tính chất; danh từ/tính từ)","Wordset Dictionary (wordset.org, WordNet-based, community-edited)",chưa dịch lại theo định nghĩa Wordset mới - vẫn là công thức ghép cũ,
escape+log,escapologist,[escape+log]-ist,0-2-1,noun,/ˌɛskɐpˈɒlədʒˌɪst/,real,an entertainer who is expert in the art of escaping,"escape+log(trốn thoát + khúc gỗ, nhật ký) + -ist(người theo/thực hành (danh từ))","Wordset Dictionary (wordset.org, WordNet-based, community-edited)",chưa dịch lại theo định nghĩa Wordset mới - vẫn là công thức ghép cũ,
even+song,evensong,[even+song],0-2-0,noun,/ˈiːvənsˌɒŋ/,real,a daily evening service with prayers prescribed in the Book of Common Prayer of the Anglican Church,"even+song(thậm chí, đều + bài hát)","Wordset Dictionary (wordset.org, WordNet-based, community-edited)",chưa dịch lại theo định nghĩa Wordset mới - vẫn là công thức ghép cũ,
ever+green,evergreen,[ever+green],0-2-0,adjective,/ˈɛvɝˌɡɹin/,real,(of plants and shrubs) bearing foliage throughout the year,"ever+green(từng, mãi mãi + màu xanh lá)","Wordset Dictionary (wordset.org, WordNet-based, community-edited)",chưa dịch lại theo định nghĩa Wordset mới - vẫn là công thức ghép cũ,
ever+last,everlasting,[ever+last],0-2-0,adjective,/ˌɛvɝˈɫæstɪŋ/,real,without qualification,"ever+last(từng, mãi mãi + cuối cùng, kéo dài)","Wordset Dictionary (wordset.org, WordNet-based, community-edited)",chưa dịch lại theo định nghĩa Wordset mới - vẫn là công thức ghép cũ,
ever+last,everlastingly,[ever+last]-ly,0-2-1,adverb,/ˌɛvəlˈɑːstɪŋli/,real,for a limitless time,"ever+last(từng, mãi mãi + cuối cùng, kéo dài) + -ly(trạng từ chỉ cách thức / tính từ (giống như))","Wordset Dictionary (wordset.org, WordNet-based, community-edited)",chưa dịch lại theo định nghĩa Wordset mới - vẫn là công thức ghép cũ,
ever+more,evermore,[ever+more],0-2-0,adverb,/ˈɛvɝˌmɔɹ/,real,for a limitless time,"ever+more(từng, mãi mãi + nhiều hơn)","Wordset Dictionary (wordset.org, WordNet-based, community-edited)",chưa dịch lại theo định nghĩa Wordset mới - vẫn là công thức ghép cũ,
every+body,everybody,[every+body],0-2-0,pronoun,/ˈɛvɹiˌbɑdi/,real,every person; all people,every+body(mỗi + cơ thể),Oxford 5000 (verified),,
every+day,everyday,[every+day],0-2-0,adjective,/ˈɛvɹiˈdeɪ/,real,used or happening every day or regularly; ordinary,every+day(mỗi + ngày),Oxford 5000 (verified),,
every+one,everyone,[every+one],0-2-0,pronoun,/ˈɛvɹiˌwən/,real,every person; all people,every+one(mỗi + một),Oxford 5000 (verified),,
every+thing,everything,[every+thing],0-2-0,pronoun,/ˈɛvɹiˌθɪŋ/,real,all things,"every+thing(mỗi + vật, thứ)",Oxford 5000 (verified),,
every+where,everywhere,[every+where],0-2-0,adverb,/ˈɛvɹiˌwɛɹ/,real,"in, to or at every place; all places",every+where(mỗi + ở đâu),Oxford 5000 (verified),,
evil+do,evildoer,[evil+do]-er,0-2-1,noun,/ˈivəɫˌduɝ/,real,a person who sins without repenting,evil+do(tà ác + làm) + -er(người làm việc gì; so sánh hơn),"Wordset Dictionary (wordset.org, WordNet-based, community-edited)",chưa dịch lại theo định nghĩa Wordset mới - vẫn là công thức ghép cũ,
eye+ball,eyeball,[eye+ball],0-2-0,noun,/ˈaɪˌbɔɫ/,real,the ball-shaped capsule containing the vertebrate eye,eye+ball(mắt + quả bóng),"Wordset Dictionary (wordset.org, WordNet-based, community-edited)",chưa dịch lại theo định nghĩa Wordset mới - vẫn là công thức ghép cũ,
eye+bath,eyebath,[eye+bath],0-2-0,noun,/ˈaɪbæθ/,"generated (espeak-ng G2P, algorithmic)",a small vessel with a rim curved to fit the orbit of the eye,eye+bath(mắt + bồn tắm),"Wordset Dictionary (wordset.org, WordNet-based, community-edited)",chưa dịch lại theo định nghĩa Wordset mới - vẫn là công thức ghép cũ,
eye+catch,eyecatching,[eye+catch],0-2-0,noun,/ˈaɪkætʃɪŋ/,"generated (espeak-ng G2P, algorithmic)","eye+catch(either of the two organs on the face that you see with + an act of catching something, for example a ball)",eye+catch(mắt + bắt lấy),"compositional (generated, unverified)",công thức ghép (chưa xác thực),"dạng liền không gạch nối của ""eye-catching"""
eye+drop,eyedrop,[eye+drop],0-2-0,noun,/ˈaɪˌdɹɑp/,real,a method of irrigating the eye used by ophthalmologists,"eye+drop(mắt + rơi, giọt)","Wordset Dictionary (wordset.org, WordNet-based, community-edited)",chưa dịch lại theo định nghĩa Wordset mới - vẫn là công thức ghép cũ,
eye+glass,eyeglass,[eye+glass],0-2-0,noun,/ˈaɪˌɡɫæs/,real,lens for correcting defective vision in one eye,"eye+glass(mắt + kính, ly)","Wordset Dictionary (wordset.org, WordNet-based, community-edited)",chưa dịch lại theo định nghĩa Wordset mới - vẫn là công thức ghép cũ,
eye+line,eyeliner,[eye+line]-er,0-2-1,noun,/ˈaɪˌɫaɪnɝ/,real,makeup applied to emphasize the shape of the eyes,eye+line(mắt + đường kẻ) + -er(người làm việc gì; so sánh hơn),"Wordset Dictionary (wordset.org, WordNet-based, community-edited)",chưa dịch lại theo định nghĩa Wordset mới - vẫn là công thức ghép cũ,
eye+piece,eyepiece,[eye+piece],0-2-0,noun,/ˈaɪˌpis/,real,combination of lenses at the viewing end of optical instruments,"eye+piece(mắt + mảnh, miếng)","Wordset Dictionary (wordset.org, WordNet-based, community-edited)",chưa dịch lại theo định nghĩa Wordset mới - vẫn là công thức ghép cũ,
eye+sight,eyesight,[eye+sight],0-2-0,noun,/ˈaɪˌsaɪt/,real,normal use of the faculty of vision,eye+sight(mắt + tầm nhìn),"Wordset Dictionary (wordset.org, WordNet-based, community-edited)",chưa dịch lại theo định nghĩa Wordset mới - vẫn là công thức ghép cũ,
eye+strain,eyestrain,[eye+strain],0-2-0,noun,/ˈaɪˌstɹeɪn/,real,a tiredness of the eyes caused by prolonged close work by a person with an uncorrected vision problem,eye+strain(mắt + căng thẳng),"Wordset Dictionary (wordset.org, WordNet-based, community-edited)",chưa dịch lại theo định nghĩa Wordset mới - vẫn là công thức ghép cũ,
eye+wash,eyewash,[eye+wash],0-2-0,noun,/ˈaɪwɒʃ/,real,lotion consisting of a solution used as a cleanser for the eyes,eye+wash(mắt + rửa),"Wordset Dictionary (wordset.org, WordNet-based, community-edited)",chưa dịch lại theo định nghĩa Wordset mới - vẫn là công thức ghép cũ,
eye+witness,eyewitness,[eye+witness],0-2-0,noun,/ˈaɪˈwɪtnəs/,real,a spectator who can describe what happened,eye+witness(mắt + nhân chứng),"Wordset Dictionary (wordset.org, WordNet-based, community-edited)",chưa dịch lại theo định nghĩa Wordset mới - vẫn là công thức ghép cũ,
face+cloth,facecloth,[face+cloth],0-2-0,noun,/fˈeɪsklɒθ/,real,"face+cloth(the front part of the head, where the eyes, nose and mouth are  + material made by weaving or knitting cotton, wool, silk, etc.)","face+cloth(khuôn mặt, đối mặt + vải)","compositional (generated, unverified)",công thức ghép (chưa xác thực),
fade+out,fadeout,[fade+out],0-2-0,noun,/fˈeɪdaʊt/,"generated (espeak-ng G2P, algorithmic)",a slow or gradual disappearance,fade+out(phai mờ + ra ngoài),"Wordset Dictionary (wordset.org, WordNet-based, community-edited)",chưa dịch lại theo định nghĩa Wordset mới - vẫn là công thức ghép cũ,
fair+child,fairchild,[fair+child],0-2-0,adjective,/ˈfɛɹˌtʃaɪɫd/,real,fair+child(acceptable and appropriate in a particular situation + a young human who is not yet an adult),"fair+child(công bằng, hội chợ + trẻ em)","compositional (generated, unverified)",công thức ghép (chưa xác thực),
fair+go,fairgoers,[fair+go]-er,0-2-1,noun,/fˈɛɹɡoʊɚz/,"generated (espeak-ng G2P, algorithmic)",fair+go(acceptable and appropriate in a particular situation + a person’s turn to move or play in a game or an activity) + -er(person who does; comparative),"fair+go(công bằng, hội chợ + đi) + -er(người làm việc gì; so sánh hơn)","compositional (generated, unverified)",công thức ghép (chưa xác thực),"""fairgoer"" - người đi hội chợ, từ hợp lệ"
fair+ground,fairground,[fair+ground],0-2-0,noun,/ˈfɛɹˌɡɹaʊnd/,real,an open area for holding fairs or exhibitions or circuses,"fair+ground(công bằng, hội chợ + mặt đất)","Wordset Dictionary (wordset.org, WordNet-based, community-edited)",chưa dịch lại theo định nghĩa Wordset mới - vẫn là công thức ghép cũ,
fair+view,fairview,[fair+view],0-2-0,adjective,/ˈfɛɹvˌju/,real,"fair+view(acceptable and appropriate in a particular situation + what you can see from a particular place or position, especially beautiful countryside)","fair+view(công bằng, hội chợ + quan điểm, tầm nhìn)","compositional (generated, unverified)",công thức ghép (chưa xác thực),
fair+way,fairway,[fair+way],0-2-0,noun,/ˈfɛɹˌweɪ/,real,the area between the tee and putting green where the grass is cut short,"fair+way(công bằng, hội chợ + con đường, cách thức)","Wordset Dictionary (wordset.org, WordNet-based, community-edited)",chưa dịch lại theo định nghĩa Wordset mới - vẫn là công thức ghép cũ,
fall+off,falloff,[fall+off],0-2-0,noun,/ˈfɔˌɫɔf/,real,a noticeable deterioration in performance or quality,"fall+off(rơi, mùa thu + tắt, xa khỏi)","Wordset Dictionary (wordset.org, WordNet-based, community-edited)",chưa dịch lại theo định nghĩa Wordset mới - vẫn là công thức ghép cũ,
fall+out,fallout,[fall+out],0-2-0,noun,/ˈfɔˌɫaʊt/,real,any adverse and unwanted secondary effect,"fall+out(rơi, mùa thu + ra ngoài)","Wordset Dictionary (wordset.org, WordNet-based, community-edited)",chưa dịch lại theo định nghĩa Wordset mới - vẫn là công thức ghép cũ,
fan+light,fanlight,[fan+light],0-2-0,noun,/fˈænlaɪt/,real,a semicircular window over a door or window,"fan+light(quạt, người hâm mộ + ánh sáng, nhẹ)","Wordset Dictionary (wordset.org, WordNet-based, community-edited)",chưa dịch lại theo định nghĩa Wordset mới - vẫn là công thức ghép cũ,
fancy+work,fancywork,[fancy+work],0-2-0,noun,/fˈænsiwˌɜːk/,"generated (espeak-ng G2P, algorithmic)",decorative needlework,"fancy+work(ưa thích, sang trọng + công việc)","Wordset Dictionary (wordset.org, WordNet-based, community-edited)",chưa dịch lại theo định nghĩa Wordset mới - vẫn là công thức ghép cũ,
far+away,faraway,[far+away],0-2-0,adjective,/ˈfɑɹəˈweɪ/,real,very far away in space or time,"far+away(xa + xa, đi xa)","Wordset Dictionary (wordset.org, WordNet-based, community-edited)",chưa dịch lại theo định nghĩa Wordset mới - vẫn là công thức ghép cũ,
far+sight,farsighted,[far+sight],0-2-0,adjective,/ˈfɑɹˈsaɪtəd/,real,planning prudently for the future,far+sight(xa + tầm nhìn),"Wordset Dictionary (wordset.org, WordNet-based, community-edited)",chưa dịch lại theo định nghĩa Wordset mới - vẫn là công thức ghép cũ,
farm+hand,farmhand,[farm+hand],0-2-0,noun,/ˈfɑɹmˌhænd/,real,a hired hand on a farm,farm+hand(trang trại + bàn tay),"Wordset Dictionary (wordset.org, WordNet-based, community-edited)",chưa dịch lại theo định nghĩa Wordset mới - vẫn là công thức ghép cũ,
farm+house,farmhouse,[farm+house],0-2-0,noun,/ˈfɑɹmˌhaʊs/,real,house for a farmer and family,farm+house(trang trại + ngôi nhà),"Wordset Dictionary (wordset.org, WordNet-based, community-edited)",chưa dịch lại theo định nghĩa Wordset mới - vẫn là công thức ghép cũ,
farm+land,farmland,[farm+land],0-2-0,noun,/ˈfɑɹmˌɫænd/,real,a rural area where farming is practiced,farm+land(trang trại + đất đai),"Wordset Dictionary (wordset.org, WordNet-based, community-edited)",chưa dịch lại theo định nghĩa Wordset mới - vẫn là công thức ghép cũ,
farm+yard,farmyard,[farm+yard],0-2-0,noun,/ˈfɑɹmˌjɑɹd/,real,an area adjacent to farm buildings,"farm+yard(trang trại + sân, yard (đơn vị))","Wordset Dictionary (wordset.org, WordNet-based, community-edited)",chưa dịch lại theo định nghĩa Wordset mới - vẫn là công thức ghép cũ,
fat+head,fathead,[fat+head],0-2-0,noun,/fˈæthɛd/,real,a man who is a stupid incompetent fool,"fat+head(béo, mỡ + đầu, người đứng đầu)","Wordset Dictionary (wordset.org, WordNet-based, community-edited)",chưa dịch lại theo định nghĩa Wordset mới - vẫn là công thức ghép cũ,
fat+less,fatless,[fat+less],0-2-0,adjective,/fˈætləs/,real,without fat or fat solids,"fat+less(béo, mỡ + ít hơn)","Wordset Dictionary (wordset.org, WordNet-based, community-edited)",chưa dịch lại theo định nghĩa Wordset mới - vẫn là công thức ghép cũ,
father+land,fatherland,[father+land],0-2-0,noun,/ˈfɑðɝˌɫænd/,real,the country where you were born,father+land(cha + đất đai),"Wordset Dictionary (wordset.org, WordNet-based, community-edited)",chưa dịch lại theo định nghĩa Wordset mới - vẫn là công thức ghép cũ,
fault+find,faultfinder,[fault+find]-er,0-2-1,noun,/fˈɔltfaɪndɚ/,"generated (espeak-ng G2P, algorithmic)",someone who is critical of the motives of others,fault+find(lỗi lầm + tìm thấy) + -er(người làm việc gì; so sánh hơn),"Wordset Dictionary (wordset.org, WordNet-based, community-edited)",chưa dịch lại theo định nghĩa Wordset mới - vẫn là công thức ghép cũ,
fault+find,faultfinding,[fault+find],0-2-0,adjective,/fˈɔltfaɪndɪŋ/,"generated (espeak-ng G2P, algorithmic)",tending to find and call attention to faults,fault+find(lỗi lầm + tìm thấy),"Wordset Dictionary (wordset.org, WordNet-based, community-edited)",chưa dịch lại theo định nghĩa Wordset mới - vẫn là công thức ghép cũ,
feather+bed,featherbed,[feather+bed],0-2-0,noun,/ˈfɛðɝˌbɛd/,real,a mattress stuffed with feathers,feather+bed(lông vũ + giường),"Wordset Dictionary (wordset.org, WordNet-based, community-edited)",chưa dịch lại theo định nghĩa Wordset mới - vẫn là công thức ghép cũ,
feather+brain,featherbrained,[feather+brain],0-2-0,adjective,/fˈɛðɚbɹˌeɪnd/,"generated (espeak-ng G2P, algorithmic)",lacking seriousness,feather+brain(lông vũ + não bộ),"Wordset Dictionary (wordset.org, WordNet-based, community-edited)",chưa dịch lại theo định nghĩa Wordset mới - vẫn là công thức ghép cũ,
feather+top,feathertop,[feather+top],0-2-0,noun,/fˈɛðɚtˌɑːp/,"generated (espeak-ng G2P, algorithmic)",a variety of reed grass,"feather+top(lông vũ + đỉnh, trên cùng)","Wordset Dictionary (wordset.org, WordNet-based, community-edited)",chưa dịch lại theo định nghĩa Wordset mới - vẫn là công thức ghép cũ,
feather+weigh,featherweight,[feather+weigh]-t,0-2-1,noun,/ˈfɛðɝˌweɪt/,real,a professional boxer who weighs between 123 and 126 pounds,"feather+weigh(lông vũ + cân nặng) + -t([NGỮ PHÁP] đuôi chia động từ bất quy tắc (VD burnt, dealt) — không mang nghĩa riêng)","Wordset Dictionary (wordset.org, WordNet-based, community-edited)",chưa dịch lại theo định nghĩa Wordset mới - vẫn là công thức ghép cũ,
feed+back,feedback,[feed+back],0-2-0,noun,/ˈfidˌbæk/,real,"advice, criticism or information about how good or useful something or somebody’s work is","feed+back(cho ăn + lưng, phía sau)",Oxford 5000 (verified),,
feed+bag,feedbag,[feed+bag],0-2-0,noun,/fˈiːdbæɡ/,real,a canvas bag that is used to feed an animal (such as a horse),feed+bag(cho ăn + túi),"Wordset Dictionary (wordset.org, WordNet-based, community-edited)",chưa dịch lại theo định nghĩa Wordset mới - vẫn là công thức ghép cũ,
fibre+board,fibreboard,[fibre+board],0-2-0,noun,/ˈfaɪbɝˌbɔɹd/,real,wallboard composed of wood chips or shavings bonded together with resin and compressed into rigid sheets,"fibre+board(sợi + ban, bảng, tấm ván)","Wordset Dictionary (wordset.org, WordNet-based, community-edited)",chưa dịch lại theo định nghĩa Wordset mới - vẫn là công thức ghép cũ,
fibre+glass,fibreglass,[fibre+glass],0-2-0,noun,/fˈaɪbɹɪɡlˌɑːs/,real,a covering material made of glass fibers in resins,"fibre+glass(sợi + kính, ly)","Wordset Dictionary (wordset.org, WordNet-based, community-edited)",chưa dịch lại theo định nghĩa Wordset mới - vẫn là công thức ghép cũ,
field+mouse,fieldmouse,[field+mouse],0-2-0,noun,/fˈiːldmaʊs/,"generated (espeak-ng G2P, algorithmic)",any nocturnal Old World mouse of the genus Apodemus inhabiting woods and fields and gardens,"field+mouse(cánh đồng, lĩnh vực + chuột)","Wordset Dictionary (wordset.org, WordNet-based, community-edited)",chưa dịch lại theo định nghĩa Wordset mới - vẫn là công thức ghép cũ,
field+stone,fieldstone,[field+stone],0-2-0,noun,/fˈiːldstoʊn/,"generated (espeak-ng G2P, algorithmic)",stone that occurs naturally in fields,"field+stone(cánh đồng, lĩnh vực + đá)","Wordset Dictionary (wordset.org, WordNet-based, community-edited)",chưa dịch lại theo định nghĩa Wordset mới - vẫn là công thức ghép cũ,
field+work,fieldwork,[field+work],0-2-0,noun,/ˈfiɫdˌwɝk/,real,a temporary fortification built by troops in the field,"field+work(cánh đồng, lĩnh vực + công việc)","Wordset Dictionary (wordset.org, WordNet-based, community-edited)",chưa dịch lại theo định nghĩa Wordset mới - vẫn là công thức ghép cũ,
figure+head,figurehead,[figure+head],0-2-0,noun,/ˈfɪɡjɝˌhɛd/,real,figure on the bow of some sailing vessels,"figure+head(con số, hình dáng + đầu, người đứng đầu)","Wordset Dictionary (wordset.org, WordNet-based, community-edited)",chưa dịch lại theo định nghĩa Wordset mới - vẫn là công thức ghép cũ,
film+strip,filmstrip,[film+strip],0-2-0,noun,/fˈɪlmstɹɪp/,"generated (espeak-ng G2P, algorithmic)","film+strip(a series of moving pictures recorded with sound that tells a story, watched at a cinema or on a television or other device + a long narrow piece of paper, metal, cloth, etc.)","film+strip(phim + dải, cởi bỏ)","compositional (generated, unverified)",công thức ghép (chưa xác thực),
finger+board,fingerboard,[finger+board],0-2-0,noun,/ˈfɪŋɡɝˌbɔɹd/,real,"a narrow strip of wood on the neck of some stringed instruments like violin or guitar, where the strings are held against the wood with the fingers","finger+board(ngón tay + ban, bảng, tấm ván)","Wordset Dictionary (wordset.org, WordNet-based, community-edited)",chưa dịch lại theo định nghĩa Wordset mới - vẫn là công thức ghép cũ,
finger+nail,fingernail,[finger+nail],0-2-0,noun,/ˈfɪŋɡɝˌneɪɫ/,real,the nail at the end of a finger,"finger+nail(ngón tay + móng tay, đinh)","Wordset Dictionary (wordset.org, WordNet-based, community-edited)",chưa dịch lại theo định nghĩa Wordset mới - vẫn là công thức ghép cũ,
finger+plate,fingerplate,[finger+plate],0-2-0,noun,/fˈɪŋɡɚplˌeɪt/,"generated (espeak-ng G2P, algorithmic)","finger+plate(one of the four long thin parts that stick out from the hand (or five, if the thumb is included) + a flat, usually round, dish that you put food on)",finger+plate(ngón tay + đĩa),"compositional (generated, unverified)",công thức ghép (chưa xác thực),thuật ngữ đồ nội thất có thật (tấm chắn tay nắm cửa)
finger+post,fingerpost,[finger+post],0-2-0,noun,/fˈɪŋɡɚpˌoʊst/,"generated (espeak-ng G2P, algorithmic)",a guidepost resembling a hand with a pointing index finger,"finger+post(ngón tay + bưu điện, đăng bài)","Wordset Dictionary (wordset.org, WordNet-based, community-edited)",chưa dịch lại theo định nghĩa Wordset mới - vẫn là công thức ghép cũ,
finger+print,fingerprint,[finger+print],0-2-0,verb,/ˈfɪŋɡɝˌpɹɪnt/,real,take an impression of a person's fingerprints,finger+print(ngón tay + in ấn),"Wordset Dictionary (wordset.org, WordNet-based, community-edited)",chưa dịch lại theo định nghĩa Wordset mới - vẫn là công thức ghép cũ,
finger+tip,fingertip,[finger+tip],0-2-0,noun,/ˈfɪŋɡɝˌtɪp/,real,the end (tip) of a finger,"finger+tip(ngón tay + lời khuyên, đầu mút)","Wordset Dictionary (wordset.org, WordNet-based, community-edited)",chưa dịch lại theo định nghĩa Wordset mới - vẫn là công thức ghép cũ,
fire+arm,firearm,[fire+arm],0-2-0,noun,/ˈfaɪˌɹɑɹm/,real,a gun that can be carried,"fire+arm(lửa, sa thải + cánh tay, vũ trang)",Oxford 5000 (verified),,
fire+ball,fireball,[fire+ball],0-2-0,noun,/ˈfaɪɝˌbɔɫ/,real,the luminous center of a nuclear explosion,"fire+ball(lửa, sa thải + quả bóng)","Wordset Dictionary (wordset.org, WordNet-based, community-edited)",chưa dịch lại theo định nghĩa Wordset mới - vẫn là công thức ghép cũ,
fire+bird,firebird,[fire+bird],0-2-0,noun,/ˈfaɪɝˌbɝd/,real,tropical American flycatcher found as far north as southern Texas and Arizona,"fire+bird(lửa, sa thải + chim)","Wordset Dictionary (wordset.org, WordNet-based, community-edited)",chưa dịch lại theo định nghĩa Wordset mới - vẫn là công thức ghép cũ,
fire+bomb,firebomb,[fire+bomb],0-2-0,noun,/ˈfaɪɝˌbɑm/,real,a bomb that is designed to start fires,"fire+bomb(lửa, sa thải + bom)","Wordset Dictionary (wordset.org, WordNet-based, community-edited)",chưa dịch lại theo định nghĩa Wordset mới - vẫn là công thức ghép cũ,
fire+brand,firebrand,[fire+brand],0-2-0,noun,/ˈfaɪɝˌbɹænd/,real,someone who deliberately foments trouble,"fire+brand(lửa, sa thải + thương hiệu)","Wordset Dictionary (wordset.org, WordNet-based, community-edited)",chưa dịch lại theo định nghĩa Wordset mới - vẫn là công thức ghép cũ,
fire+break,firebreak,[fire+break],0-2-0,noun,/fˈaɪəbɹeɪk/,real,a narrow field that has been cleared to check the spread of a prairie fire or forest fire,"fire+break(lửa, sa thải + phá vỡ, nghỉ giải lao)","Wordset Dictionary (wordset.org, WordNet-based, community-edited)",chưa dịch lại theo định nghĩa Wordset mới - vẫn là công thức ghép cũ,
fire+brick,firebrick,[fire+brick],0-2-0,noun,/ˈfaɪɝˌbɹɪk/,real,brick made of fire clay,"fire+brick(lửa, sa thải + gạch)","Wordset Dictionary (wordset.org, WordNet-based, community-edited)",chưa dịch lại theo định nghĩa Wordset mới - vẫn là công thức ghép cũ,
fire+bug,firebug,[fire+bug],0-2-0,noun,/ˈfaɪɝˌbəɡ/,real,a true bug: brightly colored bug that can exude a stain,"fire+bug(lửa, sa thải + côn trùng, lỗi phần mềm)","Wordset Dictionary (wordset.org, WordNet-based, community-edited)",chưa dịch lại theo định nghĩa Wordset mới - vẫn là công thức ghép cũ,
fire+crack,firecracker,[fire+crack]-er,0-2-1,noun,/ˈfaɪɝˌkɹækɝ/,real,firework consisting of a small explosive charge and fuse in a heavy paper casing,"fire+crack(lửa, sa thải + vết nứt, bẻ) + -er(người làm việc gì; so sánh hơn)","Wordset Dictionary (wordset.org, WordNet-based, community-edited)",chưa dịch lại theo định nghĩa Wordset mới - vẫn là công thức ghép cũ,
fire+dog,firedog,[fire+dog],0-2-0,noun,/fˈaɪədɒɡ/,real,metal supports for logs in a fireplace,"fire+dog(lửa, sa thải + con chó)","Wordset Dictionary (wordset.org, WordNet-based, community-edited)",chưa dịch lại theo định nghĩa Wordset mới - vẫn là công thức ghép cũ,
fire+fly,firefly,[fire+fly],0-2-0,noun,/ˈfaɪɝˌfɫaɪ/,real,nocturnal beetle common in warm regions having luminescent abdominal organs,"fire+fly(lửa, sa thải + bay, ruồi)","Wordset Dictionary (wordset.org, WordNet-based, community-edited)",chưa dịch lại theo định nghĩa Wordset mới - vẫn là công thức ghép cũ,
fire+guard,fireguard,[fire+guard],0-2-0,noun,/fˈaɪəɡɑːd/,real,"a metal screen before an open fire for protection, especially against flying sparks","fire+guard(lửa, sa thải + bảo vệ)","Wordset Dictionary (wordset.org, WordNet-based, community-edited)",chưa dịch lại theo định nghĩa Wordset mới - vẫn là công thức ghép cũ,
fire+house,firehouses,[fire+house],0-2-0,noun,/ˈfaɪɝˌhaʊsɪz/,real,"fire+house(the flames, light and heat, and often smoke, that are produced when something burns + a building for people to live in, usually for one family)","fire+house(lửa, sa thải + ngôi nhà)","compositional (generated, unverified)",công thức ghép (chưa xác thực),
fire+light,firelight,[fire+light],0-2-0,noun,/fˈaɪəlaɪt/,real,the light of a fire (especially in a fireplace),"fire+light(lửa, sa thải + ánh sáng, nhẹ)","Wordset Dictionary (wordset.org, WordNet-based, community-edited)",chưa dịch lại theo định nghĩa Wordset mới - vẫn là công thức ghép cũ,
fire+light,firelighter,[fire+light]-er,0-2-1,noun,/fˈaɪəlaɪtɐ/,real,(a piece of) a substance that burns easily and can be used to start a coal or coke fire,"fire+light(lửa, sa thải + ánh sáng, nhẹ) + -er(người làm việc gì; so sánh hơn)","Wordset Dictionary (wordset.org, WordNet-based, community-edited)",chưa dịch lại theo định nghĩa Wordset mới - vẫn là công thức ghép cũ,
fire+man,fireman,[fire+man],0-2-0,noun,/ˈfaɪɹmən/,real,play in which children pretend to put out a fire,"fire+man(lửa, sa thải + đàn ông)","Wordset Dictionary (wordset.org, WordNet-based, community-edited)",chưa dịch lại theo định nghĩa Wordset mới - vẫn là công thức ghép cũ,
fire+place,fireplace,[fire+place],0-2-0,noun,/ˈfaɪɝˌpɫeɪs/,real,an open recess in a wall at the base of a chimney where a fire can be built,"fire+place(lửa, sa thải + địa điểm)","Wordset Dictionary (wordset.org, WordNet-based, community-edited)",chưa dịch lại theo định nghĩa Wordset mới - vẫn là công thức ghép cũ,
fire+power,firepower,[fire+power],0-2-0,noun,/ˈfaɪɹˌpaʊɝ/,real,(military) the relative capacity for delivering fire on a target,"fire+power(lửa, sa thải + quyền lực, sức mạnh)","Wordset Dictionary (wordset.org, WordNet-based, community-edited)",chưa dịch lại theo định nghĩa Wordset mới - vẫn là công thức ghép cũ,
fire+proof,fireproof,[fire+proof],0-2-0,adjective,/ˈfaɪɝˌpɹuf/,real,impervious to damage by fire,"fire+proof(lửa, sa thải + bằng chứng)","Wordset Dictionary (wordset.org, WordNet-based, community-edited)",chưa dịch lại theo định nghĩa Wordset mới - vẫn là công thức ghép cũ,
fire+side,fireside,[fire+side],0-2-0,noun,/ˈfaɪɝˌsaɪd/,real,home symbolized as a part of the fireplace,"fire+side(lửa, sa thải + bên cạnh)","Wordset Dictionary (wordset.org, WordNet-based, community-edited)",chưa dịch lại theo định nghĩa Wordset mới - vẫn là công thức ghép cũ,
fire+stone,firestone,[fire+stone],0-2-0,noun,/ˈfaɪɹˌstoʊn/,real,a sandstone that withstands intense heat,"fire+stone(lửa, sa thải + đá)","Wordset Dictionary (wordset.org, WordNet-based, community-edited)",chưa dịch lại theo định nghĩa Wordset mới - vẫn là công thức ghép cũ,
fire+watch,firewatching,[fire+watch],0-2-0,noun,/fˈaɪɚwwɑːtʃɪŋ/,"generated (espeak-ng G2P, algorithmic)","fire+watch(the flames, light and heat, and often smoke, that are produced when something burns + a type of small clock that you wear on your wrist, or (in the past) carried in your pocket)","fire+watch(lửa, sa thải + xem, đồng hồ)","compositional (generated, unverified)",công thức ghép (chưa xác thực),từ lịch sử có thật (canh gác hỏa hoạn thời WWII Anh)
fire+watch,firewatcher,[fire+watch]-er,0-2-1,noun,/fˈaɪɚwɑːtʃɚ/,"generated (espeak-ng G2P, algorithmic)","fire+watch(the flames, light and heat, and often smoke, that are produced when something burns + a type of small clock that you wear on your wrist, or (in the past) carried in your pocket) + -er(person who does; comparative)","fire+watch(lửa, sa thải + xem, đồng hồ) + -er(người làm việc gì; so sánh hơn)","compositional (generated, unverified)",công thức ghép (chưa xác thực),"từ lịch sử có thật, tương tự trên"
fire+water,firewater,[fire+water],0-2-0,noun,/fˈaɪəwɔːtɐ/,real,"any strong spirits, such as strong whisky or rum","fire+water(lửa, sa thải + nước)","Wordset Dictionary (wordset.org, WordNet-based, community-edited)",chưa dịch lại theo định nghĩa Wordset mới - vẫn là công thức ghép cũ,
fire+wood,firewood,[fire+wood],0-2-0,noun,/ˈfaɪɝˌwʊd/,real,wood used for fuel,"fire+wood(lửa, sa thải + gỗ)","Wordset Dictionary (wordset.org, WordNet-based, community-edited)",chưa dịch lại theo định nghĩa Wordset mới - vẫn là công thức ghép cũ,
fire+work,firework,[fire+work],0-2-0,noun,/ˈfaɪɹˌwɝk/,real,"a small device containing powder that burns or explodes and produces bright coloured lights and loud noises, used especially at celebrations","fire+work(lửa, sa thải + công việc)",Oxford 5000 (verified),,
first+born,firstborn,[first+born],0-2-0,adjective,/ˈfɝstˈbɔɹn/,real,first in order of birth,first+born(đầu tiên + sinh ra),"Wordset Dictionary (wordset.org, WordNet-based, community-edited)",chưa dịch lại theo định nghĩa Wordset mới - vẫn là công thức ghép cũ,
first+fruit,firstfruits,[first+fruit],0-2-0,adverb,/fˈɜːstfɹuːts/,"generated (espeak-ng G2P, algorithmic)","first+fruit(before anyone or anything else; at the beginning + the part of a plant that consists of one or more seeds and a soft inner part, can be eaten as food and usually tastes sweet)",first+fruit(đầu tiên + trái cây),"compositional (generated, unverified)",công thức ghép (chưa xác thực),
first+hand,firsthand,[first+hand],0-2-0,adverb,/ˈfɝshænd/,real,from the original source,first+hand(đầu tiên + bàn tay),"Wordset Dictionary (wordset.org, WordNet-based, community-edited)",chưa dịch lại theo định nghĩa Wordset mới - vẫn là công thức ghép cũ,
fish+bone,fishbone,[fish+bone],0-2-0,noun,/fˈɪʃboʊn/,"generated (espeak-ng G2P, algorithmic)",a bone of a fish,fish+bone(cá + xương),"Wordset Dictionary (wordset.org, WordNet-based, community-edited)",chưa dịch lại theo định nghĩa Wordset mới - vẫn là công thức ghép cũ,
fish+cake,fishcake,[fish+cake],0-2-0,noun,/fˈɪʃkeɪk/,real,"fish+cake(a creature that lives in water, breathes through gills, and uses fins and a tail for swimming + a sweet food made from a mixture of flour, eggs, butter, sugar, etc. that is baked in an oven. Cakes are made in various shapes and sizes and are often decorated, for example with cream or icing.)",fish+cake(cá + bánh ngọt),"compositional (generated, unverified)",công thức ghép (chưa xác thực),
fish+man,fisherman,[fish+man]-er,0-2-1,noun,/ˈfɪʃɝˌmæn/,real,someone whose occupation is catching fish,fish+man(cá + đàn ông) + -er(người làm việc gì; so sánh hơn),"Wordset Dictionary (wordset.org, WordNet-based, community-edited)",chưa dịch lại theo định nghĩa Wordset mới - vẫn là công thức ghép cũ,
fish+pond,fishpond,[fish+pond],0-2-0,noun,/fˈɪʃpɒnd/,real,a freshwater pond with fish,fish+pond(cá + ao hồ),"Wordset Dictionary (wordset.org, WordNet-based, community-edited)",chưa dịch lại theo định nghĩa Wordset mới - vẫn là công thức ghép cũ,
fish+wife,fishwife,[fish+wife],0-2-0,noun,/fˈɪʃwaɪf/,real,someone who sells fish,fish+wife(cá + vợ),"Wordset Dictionary (wordset.org, WordNet-based, community-edited)",chưa dịch lại theo định nghĩa Wordset mới - vẫn là công thức ghép cũ,
five+teen,fifteenths,[five+teen]-th,0-2-1,noun,/fˈɪftiːnθs/,"generated (espeak-ng G2P, algorithmic)","five+teen(5 + (không có định nghĩa trong Oxford 5000 - root này không phải headword độc lập)) + -th(ordinal number / state (noun, VD: eighth, warmth))","five+teen(số năm + tuổi teen) + -th(số thứ tự / trạng thái (danh từ, VD eighth, warmth))","compositional (generated, unverified)",công thức ghép (chưa xác thực),
five+teen,fifteens,[five+teen],0-2-0,number,/fɪfˈtinz/,real,five+teen(5 + (không có định nghĩa trong Oxford 5000 - root này không phải headword độc lập)),five+teen(số năm + tuổi teen),"compositional (generated, unverified)",công thức ghép (chưa xác thực),
flag+pole,flagpole,[flag+pole],0-2-0,noun,/ˈfɫæɡˌpoʊɫ/,real,a tall staff or pole on which a flag is raised,"flag+pole(lá cờ + cực, cột)","Wordset Dictionary (wordset.org, WordNet-based, community-edited)",chưa dịch lại theo định nghĩa Wordset mới - vẫn là công thức ghép cũ,
flag+ship,flagship,[flag+ship],0-2-0,noun,/ˈfɫæɡˌʃɪp/,real,the ship that carries the commander of a fleet and flies his flag,flag+ship(lá cờ + con tàu),"Wordset Dictionary (wordset.org, WordNet-based, community-edited)",chưa dịch lại theo định nghĩa Wordset mới - vẫn là công thức ghép cũ,
flag+staff,flagstaff,[flag+staff],0-2-0,noun,/ˈfɫæɡˌstæf/,real,a tall staff or pole on which a flag is raised,flag+staff(lá cờ + nhân viên),"Wordset Dictionary (wordset.org, WordNet-based, community-edited)",chưa dịch lại theo định nghĩa Wordset mới - vẫn là công thức ghép cũ,
flag+stone,flagstone,[flag+stone],0-2-0,noun,/ˈfɫæɡˌstoʊn/,real,stratified stone that splits into pieces suitable as paving stones,flag+stone(lá cờ + đá),"Wordset Dictionary (wordset.org, WordNet-based, community-edited)",chưa dịch lại theo định nghĩa Wordset mới - vẫn là công thức ghép cũ,
flame+throw,flamethrower,[flame+throw]-er,0-2-1,noun,/flˈeɪmθɹəʊɐ/,real,a weapon that squirts ignited fuel for several yards,flame+throw(ngọn lửa + ném) + -er(người làm việc gì; so sánh hơn),"Wordset Dictionary (wordset.org, WordNet-based, community-edited)",chưa dịch lại theo định nghĩa Wordset mới - vẫn là công thức ghép cũ,
flash+back,flashback,[flash+back],0-2-0,noun,/ˈfɫæʃˌbæk/,real,a transition (in literary or theatrical works or films) to an earlier event or scene that interrupts the normal chronological development of the story,"flash+back(ánh sáng lóe lên + lưng, phía sau)","Wordset Dictionary (wordset.org, WordNet-based, community-edited)",chưa dịch lại theo định nghĩa Wordset mới - vẫn là công thức ghép cũ,
flash+light,flashlight,[flash+light],0-2-0,noun,/ˈfɫæʃˌɫaɪt/,real,a small portable battery-powered electric lamp,"flash+light(ánh sáng lóe lên + ánh sáng, nhẹ)","Wordset Dictionary (wordset.org, WordNet-based, community-edited)",chưa dịch lại theo định nghĩa Wordset mới - vẫn là công thức ghép cũ,
flash+point,flashpoint,[flash+point],0-2-0,noun,/ˈfɫæʃˌpɔɪnt/,real,the lowest temperature at which the vapor of a combustible liquid can be ignited in air,"flash+point(ánh sáng lóe lên + điểm, chỉ ra)","Wordset Dictionary (wordset.org, WordNet-based, community-edited)",chưa dịch lại theo định nghĩa Wordset mới - vẫn là công thức ghép cũ,
flat+fish,flatfish,[flat+fish],0-2-0,noun,/ˈfɫætˌfɪʃ/,real,any of several families of fishes having flattened bodies that swim along the sea floor on one side of the body with both eyes on the upper side,"flat+fish(phẳng, căn hộ + cá)","Wordset Dictionary (wordset.org, WordNet-based, community-edited)",chưa dịch lại theo định nghĩa Wordset mới - vẫn là công thức ghép cũ,
flat+foot,flatfoot,[flat+foot],0-2-0,noun,/flˈætfʊt/,real,a foot afflicted with a fallen arch,"flat+foot(phẳng, căn hộ + bàn chân)","Wordset Dictionary (wordset.org, WordNet-based, community-edited)",chưa dịch lại theo định nghĩa Wordset mới - vẫn là công thức ghép cũ,
flat+head,flathead,[flat+head],0-2-0,noun,/ˈfɫætˌhɛd/,real,pallid bottom-dwelling flat-headed fish with large eyes and a duck-like snout,"flat+head(phẳng, căn hộ + đầu, người đứng đầu)","Wordset Dictionary (wordset.org, WordNet-based, community-edited)",chưa dịch lại theo định nghĩa Wordset mới - vẫn là công thức ghép cũ,
flat+iron,flatiron,[flat+iron],0-2-0,noun,/flˈætaɪən/,real,an iron that was heated by placing it on a stove,"flat+iron(phẳng, căn hộ + sắt, bàn ủi)","Wordset Dictionary (wordset.org, WordNet-based, community-edited)",chưa dịch lại theo định nghĩa Wordset mới - vẫn là công thức ghép cũ,
flat+land,flatland,[flat+land],0-2-0,adjective,/ˈfɫætˌɫænd/,real,"flat+land(having a level surface, not curved or sloping, and without holes or any bits sticking out + the surface of the earth that is not sea)","flat+land(phẳng, căn hộ + đất đai)","compositional (generated, unverified)",công thức ghép (chưa xác thực),
flat+let,flatlet,[flat+let],0-2-0,noun,/flˈætlət/,real,a tiny flat,"flat+let(phẳng, căn hộ + để cho, cho thuê)","Wordset Dictionary (wordset.org, WordNet-based, community-edited)",chưa dịch lại theo định nghĩa Wordset mới - vẫn là công thức ghép cũ,
flesh+pot,fleshpot,[flesh+pot],0-2-0,noun,/flˈɛʃpɑːt/,"generated (espeak-ng G2P, algorithmic)","A pot or vessel in which flesh is cooked; hence (pl.),",flesh+pot(thịt (cơ thể) + nồi),"Webster's Unabridged Dictionary (1913, public domain)",công thức ghép (chưa xác thực),
flood+gate,floodgate,[flood+gate],0-2-0,noun,/ˈfɫədˌɡeɪt/,real,regulator consisting of a valve or gate that controls the rate of water flow through a sluice,flood+gate(lũ lụt + cổng),"Wordset Dictionary (wordset.org, WordNet-based, community-edited)",chưa dịch lại theo định nghĩa Wordset mới - vẫn là công thức ghép cũ,
flood+light,floodlight,[flood+light],0-2-0,noun,/ˈfɫədˌɫaɪt/,real,light that is a source of artificial illumination having a broad beam,"flood+light(lũ lụt + ánh sáng, nhẹ)","Wordset Dictionary (wordset.org, WordNet-based, community-edited)",chưa dịch lại theo định nghĩa Wordset mới - vẫn là công thức ghép cũ,
floor+board,floorboard,[floor+board],0-2-0,noun,/ˈfɫɔɹˌbɔɹd/,real,a board in the floor,"floor+board(sàn nhà + ban, bảng, tấm ván)","Wordset Dictionary (wordset.org, WordNet-based, community-edited)",chưa dịch lại theo định nghĩa Wordset mới - vẫn là công thức ghép cũ,
floor+walk,floorwalker,[floor+walk]-er,0-2-1,noun,/flˈɔːwɔːkɐ/,real,an employee of a retail store who supervises sales personnel and helps with customer problems,floor+walk(sàn nhà + đi bộ) + -er(người làm việc gì; so sánh hơn),"Wordset Dictionary (wordset.org, WordNet-based, community-edited)",chưa dịch lại theo định nghĩa Wordset mới - vẫn là công thức ghép cũ,
flour+mill,flourmill,[flour+mill],0-2-0,noun,/flˈaʊɚmˌɪl/,"generated (espeak-ng G2P, algorithmic)","flour+mill(a fine white or brown powder made from grain, especially wheat, and used in cooking for making bread, cakes, etc. + a building fitted with equipment for grinding grain into flour; a machine for grinding grain)",flour+mill(bột mì + nhà máy),"compositional (generated, unverified)",công thức ghép (chưa xác thực),"dạng liền của ""flour mill"" (nhà máy xay bột)"
flow+chart,flowchart,[flow+chart],0-2-0,noun,/ˈfɫoʊˌtʃɑɹt/,real,a diagram of the sequence of operations in a computer program or an accounting system,flow+chart(dòng chảy + biểu đồ),"Wordset Dictionary (wordset.org, WordNet-based, community-edited)",chưa dịch lại theo định nghĩa Wordset mới - vẫn là công thức ghép cũ,
flower+bed,flowerbed,[flower+bed],0-2-0,noun,/flˈaʊəbˌɛd/,real,a bed in which flowers are growing,flower+bed(hoa + giường),"Wordset Dictionary (wordset.org, WordNet-based, community-edited)",chưa dịch lại theo định nghĩa Wordset mới - vẫn là công thức ghép cũ,
flower+pot,flowerpot,[flower+pot],0-2-0,noun,/ˈfɫaʊɝˌpɑt/,real,a container in which plants are cultivated,flower+pot(hoa + nồi),"Wordset Dictionary (wordset.org, WordNet-based, community-edited)",chưa dịch lại theo định nghĩa Wordset mới - vẫn là công thức ghép cũ,
fly+away,flyaway,[fly+away],0-2-0,adjective,/flˈaɪəwˌeɪ/,real,"worn loose, usually referring to hair or clothing","fly+away(bay, ruồi + xa, đi xa)","Wordset Dictionary (wordset.org, WordNet-based, community-edited)",chưa dịch lại theo định nghĩa Wordset mới - vẫn là công thức ghép cũ,
fly+blow,flyblew,[fly+blow],0-2-0,noun,/flˈaɪbluː/,"generated (espeak-ng G2P, algorithmic)","fly+blow(a small flying insect with two wings. There are many different types of fly and many of them spread disease. + a hard hit with the hand, a weapon, etc.)","fly+blow(bay, ruồi + thổi, đòn đánh)","compositional (generated, unverified)",công thức ghép (chưa xác thực),
fly+by,flybys,[fly+by],0-2-0,noun,/flˈaɪbaɪz/,"generated (espeak-ng G2P, algorithmic)",fly+by(a small flying insect with two wings. There are many different types of fly and many of them spread disease. + past),"fly+by(bay, ruồi + bởi, bằng)","compositional (generated, unverified)",công thức ghép (chưa xác thực),
fly+catch,flycatcher,[fly+catch]-er,0-2-1,noun,/ˈfɫaɪˌkætʃɝ/,real,large American birds that characteristically catch insects on the wing,"fly+catch(bay, ruồi + bắt lấy) + -er(người làm việc gì; so sánh hơn)","Wordset Dictionary (wordset.org, WordNet-based, community-edited)",chưa dịch lại theo định nghĩa Wordset mới - vẫn là công thức ghép cũ,
fly+leaf,flyleaf,[fly+leaf],0-2-0,noun,/flˈaɪliːf/,real,a blank leaf in the front or back of a book,"fly+leaf(bay, ruồi + lá cây)","Wordset Dictionary (wordset.org, WordNet-based, community-edited)",chưa dịch lại theo định nghĩa Wordset mới - vẫn là công thức ghép cũ,
fly+over,flyover,[fly+over],0-2-0,noun,/flˈaɪəʊvɐ/,real,a flight at a low altitude (usually of military aircraft) over spectators on the ground,"fly+over(bay, ruồi + ở trên, hơn)","Wordset Dictionary (wordset.org, WordNet-based, community-edited)",chưa dịch lại theo định nghĩa Wordset mới - vẫn là công thức ghép cũ,
fly+paper,flypaper,[fly+paper],0-2-0,noun,/ˈfɫaɪˌpeɪpɝ/,real,paper that is poisoned or coated with a sticky substance to kill flies,"fly+paper(bay, ruồi + giấy)","Wordset Dictionary (wordset.org, WordNet-based, community-edited)",chưa dịch lại theo định nghĩa Wordset mới - vẫn là công thức ghép cũ,
fly+past,flypast,[fly+past],0-2-0,noun,/flˈaɪpɑːst/,real,a flight at a low altitude (usually of military aircraft) over spectators on the ground,"fly+past(bay, ruồi + quá khứ)","Wordset Dictionary (wordset.org, WordNet-based, community-edited)",chưa dịch lại theo định nghĩa Wordset mới - vẫn là công thức ghép cũ,
fly+way,flyways,[fly+way],0-2-0,noun,/flˈaɪweɪz/,real,fly+way(a small flying insect with two wings. There are many different types of fly and many of them spread disease. + very far; by a large amount),"fly+way(bay, ruồi + con đường, cách thức)","compositional (generated, unverified)",công thức ghép (chưa xác thực),
fly+weigh,flyweight,[fly+weigh]-t,0-2-1,noun,/flˈaɪweɪt/,real,an amateur boxer who weighs no more than 112 pounds,"fly+weigh(bay, ruồi + cân nặng) + -t([NGỮ PHÁP] đuôi chia động từ bất quy tắc (VD burnt, dealt) — không mang nghĩa riêng)","Wordset Dictionary (wordset.org, WordNet-based, community-edited)",chưa dịch lại theo định nghĩa Wordset mới - vẫn là công thức ghép cũ,
fly+wheel,flywheel,[fly+wheel],0-2-0,noun,/ˈfɫaɪˌwiɫ/,real,regulator consisting of a heavy wheel that stores kinetic energy and smooths the operation of a reciprocating engine,"fly+wheel(bay, ruồi + bánh xe)","Wordset Dictionary (wordset.org, WordNet-based, community-edited)",chưa dịch lại theo định nghĩa Wordset mới - vẫn là công thức ghép cũ,
fold+away,foldaway,[fold+away],0-2-0,adjective,/fˈəʊldəwˌeɪ/,real,capable of being folded up and stored,"fold+away(gấp lại + xa, đi xa)","Wordset Dictionary (wordset.org, WordNet-based, community-edited)",chưa dịch lại theo định nghĩa Wordset mới - vẫn là công thức ghép cũ,
folk+like,folklike,[folk+like],0-2-0,adjective,/fˈoʊklaɪk/,"generated (espeak-ng G2P, algorithmic)",folk+like(traditional and typical of the ordinary people of a country or community + the things that you like),"folk+like(người dân, dân gian + thích, giống như)","compositional (generated, unverified)",công thức ghép (chưa xác thực),
folk+song,folksongs,[folk+song],0-2-0,adjective,/fˈoʊksɔŋz/,"generated (espeak-ng G2P, algorithmic)",folk+song(traditional and typical of the ordinary people of a country or community + a short piece of music with words that you sing),"folk+song(người dân, dân gian + bài hát)","compositional (generated, unverified)",công thức ghép (chưa xác thực),
folk+tale,folktale,[folk+tale],0-2-0,noun,/ˈfoʊkˌteɪɫ/,real,a tale circulated by word of mouth among the common folk,"folk+tale(người dân, dân gian + câu chuyện kể)","Wordset Dictionary (wordset.org, WordNet-based, community-edited)",chưa dịch lại theo định nghĩa Wordset mới - vẫn là công thức ghép cũ,
food+stuff,foodstuff,[food+stuff],0-2-0,noun,/ˈfudˌstəf/,real,(usually plural) consumer goods sold by a grocer,food+stuff(thức ăn + đồ đạc),"Wordset Dictionary (wordset.org, WordNet-based, community-edited)",chưa dịch lại theo định nghĩa Wordset mới - vẫn là công thức ghép cũ,
fool+hard,foolhardy,[fool+hard]-y,0-2-1,adjective,/ˈfuɫˌhɑɹdi/,real,marked by defiant disregard for danger or consequences,"fool+hard(kẻ ngốc + cứng, khó khăn) + -y(có tính chất; danh từ/tính từ)","Wordset Dictionary (wordset.org, WordNet-based, community-edited)",chưa dịch lại theo định nghĩa Wordset mới - vẫn là công thức ghép cũ,
fool+hard,foolhardiness,[fool+hard]-y-ness,0-2-2,noun,/fˈuːlhɑːdɪnəs/,real,the trait of giving little thought to danger,"fool+hard(kẻ ngốc + cứng, khó khăn) + -y(có tính chất; danh từ/tính từ) + -ness(trạng thái, tính chất (danh từ))","Wordset Dictionary (wordset.org, WordNet-based, community-edited)",chưa dịch lại theo định nghĩa Wordset mới - vẫn là công thức ghép cũ,
fool+proof,foolproof,[fool+proof],0-2-0,adjective,/ˈfuɫˌpɹuf/,real,not liable to failure,fool+proof(kẻ ngốc + bằng chứng),"Wordset Dictionary (wordset.org, WordNet-based, community-edited)",chưa dịch lại theo định nghĩa Wordset mới - vẫn là công thức ghép cũ,
foot+ball,footballer,[foot+ball]-er,0-2-1,adjective,/fˈʊtbɔːlɐ/,real,an athlete who plays football,foot+ball(bàn chân + quả bóng) + -er(người làm việc gì; so sánh hơn),"Wordset Dictionary (wordset.org, WordNet-based, community-edited)",chưa dịch lại theo định nghĩa Wordset mới - vẫn là công thức ghép cũ,
foot+ball,football,[foot+ball],0-2-0,noun,/ˈfʊtˌbɔɫ/,real,"a game played by two teams of 11 players, using a round ball that players kick up and down the playing field. Teams try to kick the ball into the other team’s goal.",foot+ball(bàn chân + quả bóng),Oxford 5000 (verified),,
foot+board,footboard,[foot+board],0-2-0,noun,/fˈʊtbɔːd/,real,a vertical board or panel forming the foot of a bedstead,"foot+board(bàn chân + ban, bảng, tấm ván)","Wordset Dictionary (wordset.org, WordNet-based, community-edited)",chưa dịch lại theo định nghĩa Wordset mới - vẫn là công thức ghép cũ,
foot+bridge,footbridge,[foot+bridge],0-2-0,noun,/fˈʊtbɹɪdʒ/,real,a bridge designed for pedestrians,foot+bridge(bàn chân + cây cầu),"Wordset Dictionary (wordset.org, WordNet-based, community-edited)",chưa dịch lại theo định nghĩa Wordset mới - vẫn là công thức ghép cũ,
foot+fall,footfall,[foot+fall],0-2-0,noun,/ˈfʊtˌfɔɫ/,real,the sound of a step of someone walking,"foot+fall(bàn chân + rơi, mùa thu)","Wordset Dictionary (wordset.org, WordNet-based, community-edited)",chưa dịch lại theo định nghĩa Wordset mới - vẫn là công thức ghép cũ,
foot+fault,footfault,[foot+fault],0-2-0,noun,/fˈʊtfɔlt/,"generated (espeak-ng G2P, algorithmic)",a fault that occurs when the server in tennis fails to keep both feet behind the baseline,foot+fault(bàn chân + lỗi lầm),"Wordset Dictionary (wordset.org, WordNet-based, community-edited)",chưa dịch lại theo định nghĩa Wordset mới - vẫn là công thức ghép cũ,
foot+hill,foothill,[foot+hill],0-2-0,noun,/ˈfʊtˌhɪɫ/,real,a relatively low hill on the lower slope of a mountain,foot+hill(bàn chân + đồi),"Wordset Dictionary (wordset.org, WordNet-based, community-edited)",chưa dịch lại theo định nghĩa Wordset mới - vẫn là công thức ghép cũ,
foot+hold,foothold,[foot+hold],0-2-0,noun,/ˈfʊtˌhoʊɫd/,real,an initial accomplishment that opens the way for further developments,foot+hold(bàn chân + giữ),"Wordset Dictionary (wordset.org, WordNet-based, community-edited)",chưa dịch lại theo định nghĩa Wordset mới - vẫn là công thức ghép cũ,
foot+light,footlight,[foot+light],0-2-0,noun,/ˈfʊtˌɫaɪt/,real,"One of a row of lights in the front of the stage in a theater,etc., and on a level therewith. Before the footlights, upon thestage; -- hence, in the capacity of an actor.","foot+light(bàn chân + ánh sáng, nhẹ)","Webster's Unabridged Dictionary (1913, public domain)",công thức ghép (chưa xác thực),
foot+loose,footloose,[foot+loose],0-2-0,adjective,/ˈfʊtˌɫus/,real,free to go or do as one pleases,foot+loose(bàn chân + lỏng lẻo),"Wordset Dictionary (wordset.org, WordNet-based, community-edited)",chưa dịch lại theo định nghĩa Wordset mới - vẫn là công thức ghép cũ,
foot+man,footman,[foot+man],0-2-0,noun,/ˈfʊtmən/,real,a man employed as a servant in a large establishment (as a palace) to run errands and do chores,foot+man(bàn chân + đàn ông),"Wordset Dictionary (wordset.org, WordNet-based, community-edited)",chưa dịch lại theo định nghĩa Wordset mới - vẫn là công thức ghép cũ,
foot+mark,footmark,[foot+mark],0-2-0,noun,/fˈʊtmɑːk/,real,a mark of a foot or shoe on a surface,"foot+mark(bàn chân + dấu, đánh dấu)","Wordset Dictionary (wordset.org, WordNet-based, community-edited)",chưa dịch lại theo định nghĩa Wordset mới - vẫn là công thức ghép cũ,
foot+note,footnote,[foot+note],0-2-0,noun,/ˈfʊtˌnoʊt/,real,a printed note placed below the text on a printed page,foot+note(bàn chân + ghi chú),"Wordset Dictionary (wordset.org, WordNet-based, community-edited)",chưa dịch lại theo định nghĩa Wordset mới - vẫn là công thức ghép cũ,
foot+pad,footpad,[foot+pad],0-2-0,noun,/fˈʊtpæd/,"generated (espeak-ng G2P, algorithmic)",a highwayman who robs on foot,foot+pad(bàn chân + miếng đệm),"Wordset Dictionary (wordset.org, WordNet-based, community-edited)",chưa dịch lại theo định nghĩa Wordset mới - vẫn là công thức ghép cũ,
foot+patho,footpath,[foot+patho],0-2-0,noun,/ˈfʊtˌpæθ/,real,a trodden path,foot+patho(bàn chân + bệnh lý (gốc từ)),"Wordset Dictionary (wordset.org, WordNet-based, community-edited)",chưa dịch lại theo định nghĩa Wordset mới - vẫn là công thức ghép cũ,
foot+plate,footplate,[foot+plate],0-2-0,noun,/fˈʊtpleɪt/,real,the platform in the cab of a locomotive on which the engineer stands to operate the controls,foot+plate(bàn chân + đĩa),"Wordset Dictionary (wordset.org, WordNet-based, community-edited)",chưa dịch lại theo định nghĩa Wordset mới - vẫn là công thức ghép cũ,
foot+print,footprint,[foot+print],0-2-0,noun,/ˈfʊtˌpɹɪnt/,real,the area taken up by some object,foot+print(bàn chân + in ấn),"Wordset Dictionary (wordset.org, WordNet-based, community-edited)",chưa dịch lại theo định nghĩa Wordset mới - vẫn là công thức ghép cũ,
foot+step,footstep,[foot+step],0-2-0,noun,/ˈfʊtˌstɛp/,real,the act of taking a step in walking,foot+step(bàn chân + bước chân),"Wordset Dictionary (wordset.org, WordNet-based, community-edited)",chưa dịch lại theo định nghĩa Wordset mới - vẫn là công thức ghép cũ,
foot+sure,footsure,[foot+sure],0-2-0,adjective,/fˈʊtʒɚ/,"generated (espeak-ng G2P, algorithmic)",not liable to stumble or fall,foot+sure(bàn chân + chắc chắn),"Wordset Dictionary (wordset.org, WordNet-based, community-edited)",chưa dịch lại theo định nghĩa Wordset mới - vẫn là công thức ghép cũ,
foot+wear,footwear,[foot+wear],0-2-0,noun,/ˈfʊtˌwɛɹ/,real,covering for a person's feet,foot+wear(bàn chân + mặc quần áo),"Wordset Dictionary (wordset.org, WordNet-based, community-edited)",chưa dịch lại theo định nghĩa Wordset mới - vẫn là công thức ghép cũ,
foot+work,footwork,[foot+work],0-2-0,noun,/ˈfʊtˌwɝk/,real,skillful maneuvering or dealing,foot+work(bàn chân + công việc),"Wordset Dictionary (wordset.org, WordNet-based, community-edited)",chưa dịch lại theo định nghĩa Wordset mới - vẫn là công thức ghép cũ,
force+meat,forcemeat,[force+meat],0-2-0,noun,/fˈɔːsɪmˌiːt/,real,mixture of ground raw chicken and mushrooms with pistachios and truffles and onions and parsley and lots of butter and bound with eggs,"force+meat(lực lượng, ép buộc + thịt)","Wordset Dictionary (wordset.org, WordNet-based, community-edited)",chưa dịch lại theo định nghĩa Wordset mới - vẫn là công thức ghép cũ,
fork+lift,forklift,[fork+lift],0-2-0,noun,/ˈfɔɹˌkɫɪft/,real,a small industrial vehicle with a power operated forked platform in front that can be inserted under loads to lift and move them,fork+lift(cái nĩa + nâng lên),"Wordset Dictionary (wordset.org, WordNet-based, community-edited)",chưa dịch lại theo định nghĩa Wordset mới - vẫn là công thức ghép cũ,
form+book,formbook,[form+book],0-2-0,noun,/fˈɔːɹmbʊk/,"generated (espeak-ng G2P, algorithmic)",form+book(a type or variety of something + a set of printed pages that are fastened inside a cover so that you can turn them and read them),"form+book(hình dạng, biểu mẫu + sách)","compositional (generated, unverified)",công thức ghép (chưa xác thực),thuật ngữ đua ngựa có thật (sổ ghi phong độ)
forth+come,forthcoming,[forth+come],0-2-0,adjective,/ˈfɔɹθˈkəmɪŋ/,real,"going to happen, be published, etc. very soon",forth+come(về phía trước + đến),Oxford 5000 (verified),,
forth+right,forthrightly,[forth+right]-ly,0-2-1,adverb,/ˈfɔɹˈθɹaɪtɫi/,real,directly and without evasion,"forth+right(về phía trước + đúng, quyền lợi) + -ly(trạng từ chỉ cách thức / tính từ (giống như))","Wordset Dictionary (wordset.org, WordNet-based, community-edited)",chưa dịch lại theo định nghĩa Wordset mới - vẫn là công thức ghép cũ,
forth+right,forthrightness,[forth+right]-ness,0-2-1,noun,/ˈfɔɹˈθɹaɪtnəs/,real,the quality of being honest and straightforward in attitude and speech,"forth+right(về phía trước + đúng, quyền lợi) + -ness(trạng thái, tính chất (danh từ))","Wordset Dictionary (wordset.org, WordNet-based, community-edited)",chưa dịch lại theo định nghĩa Wordset mới - vẫn là công thức ghép cũ,
forth+right,forthright,[forth+right],0-2-0,adverb,/ˈfɔɹˈθɹaɪt/,real,directly and without evasion,"forth+right(về phía trước + đúng, quyền lợi)","Wordset Dictionary (wordset.org, WordNet-based, community-edited)",chưa dịch lại theo định nghĩa Wordset mới - vẫn là công thức ghép cũ,
four+square,foursquare,[four+square],0-2-0,adverb,/ˈfɔɹsˈkwɛɹ/,real,with firmness and conviction,"four+square(số bốn + hình vuông, quảng trường)","Wordset Dictionary (wordset.org, WordNet-based, community-edited)",chưa dịch lại theo định nghĩa Wordset mới - vẫn là công thức ghép cũ,
four+teen,fourteenths,[four+teen]-th,0-2-1,noun,/fˈoːɹtiːnθs/,"generated (espeak-ng G2P, algorithmic)","four+teen((không có định nghĩa trong Oxford 5000 - root này không phải headword độc lập) + (không có định nghĩa trong Oxford 5000 - root này không phải headword độc lập)) + -th(ordinal number / state (noun, VD: eighth, warmth))","four+teen(số bốn + tuổi teen) + -th(số thứ tự / trạng thái (danh từ, VD eighth, warmth))","compositional (generated, unverified)",công thức ghép (chưa xác thực),
frame+work,framework,[frame+work],0-2-0,noun,/ˈfɹeɪmˌwɝk/,real,the parts of a building or an object that support its weight and give it shape,frame+work(khung + công việc),Oxford 5000 (verified),,
free+boot,freebooter,[free+boot]-er,0-2-1,noun,/fɹˈiːbuːtɐ/,real,someone who takes spoils or plunder (as in war),"free+boot(tự do, miễn phí + ủng, cốp xe) + -er(người làm việc gì; so sánh hơn)","Wordset Dictionary (wordset.org, WordNet-based, community-edited)",chưa dịch lại theo định nghĩa Wordset mới - vẫn là công thức ghép cũ,
free+born,freeborn,[free+born],0-2-0,adjective,/ˈfɹibɝn/,real,born free of free parents,"free+born(tự do, miễn phí + sinh ra)","Wordset Dictionary (wordset.org, WordNet-based, community-edited)",chưa dịch lại theo định nghĩa Wordset mới - vẫn là công thức ghép cũ,
free+hand,freehand,[free+hand],0-2-0,adjective,/ˈfɹiˌhænd/,real,done by hand without mechanical aids or devices,"free+hand(tự do, miễn phí + bàn tay)","Wordset Dictionary (wordset.org, WordNet-based, community-edited)",chưa dịch lại theo định nghĩa Wordset mới - vẫn là công thức ghép cũ,
free+hold,freeholder,[free+hold]-er,0-2-1,noun,/ˈfɹiˌhoʊɫdɝ/,real,the owner of a freehold,"free+hold(tự do, miễn phí + giữ) + -er(người làm việc gì; so sánh hơn)","Wordset Dictionary (wordset.org, WordNet-based, community-edited)",chưa dịch lại theo định nghĩa Wordset mới - vẫn là công thức ghép cũ,
free+hold,freehold,[free+hold],0-2-0,noun,/ˈfɹiˌhoʊɫd/,real,tenure by which land is held in fee simple or for life,"free+hold(tự do, miễn phí + giữ)","Wordset Dictionary (wordset.org, WordNet-based, community-edited)",chưa dịch lại theo định nghĩa Wordset mới - vẫn là công thức ghép cũ,
free+load,freeloader,[free+load]-er,0-2-1,noun,/ˈfɹiˌɫoʊdɝ/,real,someone who takes advantage of the generosity of others,"free+load(tự do, miễn phí + tải trọng) + -er(người làm việc gì; so sánh hơn)","Wordset Dictionary (wordset.org, WordNet-based, community-edited)",chưa dịch lại theo định nghĩa Wordset mới - vẫn là công thức ghép cũ,
free+load,freeload,[free+load],0-2-0,verb,/fɹˈiːləʊd/,real,live off somebody's generosity,"free+load(tự do, miễn phí + tải trọng)","Wordset Dictionary (wordset.org, WordNet-based, community-edited)",chưa dịch lại theo định nghĩa Wordset mới - vẫn là công thức ghép cũ,
free+stand,freestanding,[free+stand],0-2-0,adjective,/ˈfɹiˌstændɪŋ/,real,standing apart,"free+stand(tự do, miễn phí + đứng)","Wordset Dictionary (wordset.org, WordNet-based, community-edited)",chưa dịch lại theo định nghĩa Wordset mới - vẫn là công thức ghép cũ,
free+stone,freestone,[free+stone],0-2-0,noun,/ˈfɹiˌstoʊn/,real,fruit (especially peach) whose flesh does not adhere to the pit,"free+stone(tự do, miễn phí + đá)","Wordset Dictionary (wordset.org, WordNet-based, community-edited)",chưa dịch lại theo định nghĩa Wordset mới - vẫn là công thức ghép cũ,
free+style,freestyle,[free+style],0-2-0,noun,/ˈfɹiˌstaɪɫ/,real,a race (as in swimming) in which each contestant has a free choice of the style to use,"free+style(tự do, miễn phí + phong cách)","Wordset Dictionary (wordset.org, WordNet-based, community-edited)",chưa dịch lại theo định nghĩa Wordset mới - vẫn là công thức ghép cũ,
free+think,freethinker,[free+think]-er,0-2-1,noun,/ˈfɹiˈθɪŋkɝ/,real,a person who believes that God created the universe and then abandoned it,"free+think(tự do, miễn phí + suy nghĩ) + -er(người làm việc gì; so sánh hơn)","Wordset Dictionary (wordset.org, WordNet-based, community-edited)",chưa dịch lại theo định nghĩa Wordset mới - vẫn là công thức ghép cũ,
free+think,freethinking,[free+think],0-2-0,noun,/fɹˈiːθɪŋkɪŋ/,"generated (espeak-ng G2P, algorithmic)",the doctrine that reason is the right basis for regulating conduct,"free+think(tự do, miễn phí + suy nghĩ)","Wordset Dictionary (wordset.org, WordNet-based, community-edited)",chưa dịch lại theo định nghĩa Wordset mới - vẫn là công thức ghép cũ,
free+way,freeway,[free+way],0-2-0,noun,/ˈfɹiˌweɪ/,real,a broad highway designed for high-speed traffic,"free+way(tự do, miễn phí + con đường, cách thức)","Wordset Dictionary (wordset.org, WordNet-based, community-edited)",chưa dịch lại theo định nghĩa Wordset mới - vẫn là công thức ghép cũ,
free+wheel,freewheel,[free+wheel],0-2-0,noun,/fɹˈiːwiːl/,real,a clutch (as on the rear wheel of a bicycle) that allows wheels to turn freely (as in coasting),"free+wheel(tự do, miễn phí + bánh xe)","Wordset Dictionary (wordset.org, WordNet-based, community-edited)",chưa dịch lại theo định nghĩa Wordset mới - vẫn là công thức ghép cũ,
free+wheel,freewheelers,[free+wheel]-er,0-2-1,noun,/fɹˈiːwiːlɚz/,"generated (espeak-ng G2P, algorithmic)","free+wheel(without particular plans or arrangements; not busy + one of the round objects under a car, bicycle, bus, etc. that turns when it moves) + -er(person who does; comparative)","free+wheel(tự do, miễn phí + bánh xe) + -er(người làm việc gì; so sánh hơn)","compositional (generated, unverified)",công thức ghép (chưa xác thực),
fresh+man,freshman,[fresh+man],0-2-0,adjective,/ˈfɹɛʃmən/,real,used of a person in the first year of an experience (especially in United States high school or college),fresh+man(tươi mới + đàn ông),"Wordset Dictionary (wordset.org, WordNet-based, community-edited)",chưa dịch lại theo định nghĩa Wordset mới - vẫn là công thức ghép cũ,
fresh+water,freshwater,[fresh+water],0-2-0,noun,/ˈfɹɛʃˌwɔtɝ/,real,water that is not salty,fresh+water(tươi mới + nước),"Wordset Dictionary (wordset.org, WordNet-based, community-edited)",chưa dịch lại theo định nghĩa Wordset mới - vẫn là công thức ghép cũ,
frog+man,frogman,[frog+man],0-2-0,noun,/ˈfɹɑɡˌmæn/,real,someone who works underwater,frog+man(con ếch + đàn ông),"Wordset Dictionary (wordset.org, WordNet-based, community-edited)",chưa dịch lại theo định nghĩa Wordset mới - vẫn là công thức ghép cũ,
frog+march,frogmarch,[frog+march],0-2-0,verb,/fɹˈɑːɡmɑːɹk/,"generated (espeak-ng G2P, algorithmic)",carry someone against his will upside down such that each limb is held by one person,"frog+march(con ếch + diễu hành, tháng Ba)","Wordset Dictionary (wordset.org, WordNet-based, community-edited)",chưa dịch lại theo định nghĩa Wordset mới - vẫn là công thức ghép cũ,
front+man,frontiersman,[front+man]-er,0-2-1,noun,/fɹˈʌntiəzmən/,real,a man who lives on the frontier,front+man(phía trước + đàn ông) + -er(người làm việc gì; so sánh hơn),"Wordset Dictionary (wordset.org, WordNet-based, community-edited)",chưa dịch lại theo định nghĩa Wordset mới - vẫn là công thức ghép cũ,
fruit+cake,fruitcake,[fruit+cake],0-2-0,noun,/ˈfɹutˌkeɪk/,real,a rich cake containing dried fruit and nuts and citrus peel and so on,fruit+cake(trái cây + bánh ngọt),"Wordset Dictionary (wordset.org, WordNet-based, community-edited)",chưa dịch lại theo định nghĩa Wordset mới - vẫn là công thức ghép cũ,
full+back,fullback,[full+back],0-2-0,noun,/ˈfʊɫˌbæk/,real,the position of a back on an American football team,"full+back(đầy đủ + lưng, phía sau)","Wordset Dictionary (wordset.org, WordNet-based, community-edited)",chưa dịch lại theo định nghĩa Wordset mới - vẫn là công thức ghép cũ,
fun+fair,funfair,[fun+fair],0-2-0,noun,/fˈʌnfeə/,real,a traveling show,"fun+fair(vui vẻ + công bằng, hội chợ)","Wordset Dictionary (wordset.org, WordNet-based, community-edited)",chưa dịch lại theo định nghĩa Wordset mới - vẫn là công thức ghép cũ,
further+more,furthermore,[further+more],0-2-0,adverb,/ˈfɝðɝˌmɔɹ/,real,in addition to what has just been stated. Furthermore is used especially to add a point to an argument.,"further+more(xa hơn, hơn nữa + nhiều hơn)",Oxford 5000 (verified),,
further+most,furthermost,[further+most],0-2-0,adjective,/fˈɜːðəmˌəʊst/,real,(comparatives of `far') most remote in space or time or order,"further+most(xa hơn, hơn nữa + nhiều nhất)","Wordset Dictionary (wordset.org, WordNet-based, community-edited)",chưa dịch lại theo định nghĩa Wordset mới - vẫn là công thức ghép cũ,
gain+say,gainsay,[gain+say],0-2-0,verb,/ˈɡeɪnˌseɪ/,real,take exception to,gain+say(đạt được + nói),"Wordset Dictionary (wordset.org, WordNet-based, community-edited)",chưa dịch lại theo định nghĩa Wordset mới - vẫn là công thức ghép cũ,
game+keep,gamekeeper,[game+keep]-er,0-2-1,noun,/ˈɡeɪmˌkipɝ/,real,a person employed to take care of game and wildlife,game+keep(trò chơi + giữ) + -er(người làm việc gì; so sánh hơn),"Wordset Dictionary (wordset.org, WordNet-based, community-edited)",chưa dịch lại theo định nghĩa Wordset mới - vẫn là công thức ghép cũ,
game+man,gamesmanship,[game+man]-ship,0-2-1,noun,/ˈɡeɪmzmənˌʃɪp/,real,the use of dubious (although not technically illegal) methods to win a game,"game+man(trò chơi + đàn ông) + -ship(trạng thái, điều kiện, kỹ năng (danh từ))","Wordset Dictionary (wordset.org, WordNet-based, community-edited)",chưa dịch lại theo định nghĩa Wordset mới - vẫn là công thức ghép cũ,
gang+land,gangland,[gang+land],0-2-0,noun,/ɡˈæŋɡlənd/,real,underworld organizations,gang+land(băng nhóm + đất đai),"Wordset Dictionary (wordset.org, WordNet-based, community-edited)",chưa dịch lại theo định nghĩa Wordset mới - vẫn là công thức ghép cũ,
gang+way,gangway,[gang+way],0-2-0,noun,/ɡˈæŋweɪ/,real,passageway between seating areas as in an auditorium or passenger vehicle or between areas of shelves of goods as in stores,"gang+way(băng nhóm + con đường, cách thức)","Wordset Dictionary (wordset.org, WordNet-based, community-edited)",chưa dịch lại theo định nghĩa Wordset mới - vẫn là công thức ghép cũ,
gas+light,gaslight,[gas+light],0-2-0,noun,/ˈɡæsɫaɪt/,real,light yielded by the combustion of illuminating gas,"gas+light(khí ga + ánh sáng, nhẹ)","Wordset Dictionary (wordset.org, WordNet-based, community-edited)",chưa dịch lại theo định nghĩa Wordset mới - vẫn là công thức ghép cũ,
gas+man,gasman,[gas+man],0-2-0,noun,/ɡˈæzmən/,real,someone employed by a gas company,gas+man(khí ga + đàn ông),"Wordset Dictionary (wordset.org, WordNet-based, community-edited)",chưa dịch lại theo định nghĩa Wordset mới - vẫn là công thức ghép cũ,
gas+mask,gasmask,[gas+mask],0-2-0,noun,/ɡˈæzmæsk/,"generated (espeak-ng G2P, algorithmic)",a protective mask with a filter,gas+mask(khí ga + mặt nạ),"Wordset Dictionary (wordset.org, WordNet-based, community-edited)",chưa dịch lại theo định nghĩa Wordset mới - vẫn là công thức ghép cũ,
gas+work,gasworks,[gas+work],0-2-0,noun,/ɡˈæswɜːks/,real,the workplace where coal gas is manufactured,gas+work(khí ga + công việc),"Wordset Dictionary (wordset.org, WordNet-based, community-edited)",chưa dịch lại theo định nghĩa Wordset mới - vẫn là công thức ghép cũ,
gate+crash,gatecrash,[gate+crash],0-2-0,noun,/ɡˈeɪtkɹæʃ/,real,"gate+crash(a barrier like a door that is used to close an opening in a fence or a wall outside a building + an accident in which a vehicle hits something, for example another vehicle, usually causing damage and often injuring or killing the passengers)","gate+crash(cổng + va chạm, sập)","compositional (generated, unverified)",công thức ghép (chưa xác thực),
gate+crash,gatecrasher,[gate+crash]-er,0-2-1,noun,/ɡˈeɪtkɹæʃɐ/,real,someone who gets in (to a party) without an invitation or without paying,"gate+crash(cổng + va chạm, sập) + -er(người làm việc gì; so sánh hơn)","Wordset Dictionary (wordset.org, WordNet-based, community-edited)",chưa dịch lại theo định nghĩa Wordset mới - vẫn là công thức ghép cũ,
gate+house,gatehouse,[gate+house],0-2-0,noun,/ɡˈeɪthaʊs/,real,a house built at a gateway,gate+house(cổng + ngôi nhà),"Wordset Dictionary (wordset.org, WordNet-based, community-edited)",chưa dịch lại theo định nghĩa Wordset mới - vẫn là công thức ghép cũ,
gate+keep,gatekeeper,[gate+keep]-er,0-2-1,noun,/ˈɡeɪtˌkipɝ/,real,someone who guards an entrance,gate+keep(cổng + giữ) + -er(người làm việc gì; so sánh hơn),"Wordset Dictionary (wordset.org, WordNet-based, community-edited)",chưa dịch lại theo định nghĩa Wordset mới - vẫn là công thức ghép cũ,
gate+post,gatepost,[gate+post],0-2-0,noun,/ɡˈeɪtpəʊst/,real,either of two posts that bound a gate,"gate+post(cổng + bưu điện, đăng bài)","Wordset Dictionary (wordset.org, WordNet-based, community-edited)",chưa dịch lại theo định nghĩa Wordset mới - vẫn là công thức ghép cũ,
gate+way,gateway,[gate+way],0-2-0,noun,/ˈɡeɪtˌweɪ/,real,an entrance that can be closed by a gate,"gate+way(cổng + con đường, cách thức)","Wordset Dictionary (wordset.org, WordNet-based, community-edited)",chưa dịch lại theo định nghĩa Wordset mới - vẫn là công thức ghép cũ,
gear+box,gearbox,[gear+box],0-2-0,noun,/ˈɡɪɹˌbɑks/,real,the shell (metal casing) in which a train of gears is sealed,"gear+box(bánh răng, trang thiết bị + hộp)","Wordset Dictionary (wordset.org, WordNet-based, community-edited)",chưa dịch lại theo định nghĩa Wordset mới - vẫn là công thức ghép cũ,
gen+log,genealogically,[gen+log]-ic-al-ly,0-2-3,adverb,/dʒˌiːnɪˈælˈɑːdʒɪkli/,"generated (espeak-ng G2P, algorithmic)",in a genealogical manner,"gen+log(gen (di truyền) + khúc gỗ, nhật ký) + -ic(thuộc về (tính từ)) + -al(thuộc về (tính từ); hành động (danh từ)) + -ly(trạng từ chỉ cách thức / tính từ (giống như))","Wordset Dictionary (wordset.org, WordNet-based, community-edited)",chưa dịch lại theo định nghĩa Wordset mới - vẫn là công thức ghép cũ,
gen+log,genealogical,[gen+log]-ic-al,0-2-2,adjective,/ˌdʒiniɑˈɫɔdʒɪkəɫ/,real,of or relating to genealogy,"gen+log(gen (di truyền) + khúc gỗ, nhật ký) + -ic(thuộc về (tính từ)) + -al(thuộc về (tính từ); hành động (danh từ))","Wordset Dictionary (wordset.org, WordNet-based, community-edited)",chưa dịch lại theo định nghĩa Wordset mới - vẫn là công thức ghép cũ,
gen+log,genealogist,[gen+log]-ist,0-2-1,noun,/dʒˌiːnɪˈælədʒˌɪst/,real,an expert in genealogy,"gen+log(gen (di truyền) + khúc gỗ, nhật ký) + -ist(người theo/thực hành (danh từ))","Wordset Dictionary (wordset.org, WordNet-based, community-edited)",chưa dịch lại theo định nghĩa Wordset mới - vẫn là công thức ghép cũ,
gen+log,genealogy,[gen+log]-y,0-2-1,noun,/ˌdʒiniˈɑɫədʒi/,real,the study or investigation of ancestry and family history,"gen+log(gen (di truyền) + khúc gỗ, nhật ký) + -y(có tính chất; danh từ/tính từ)","Wordset Dictionary (wordset.org, WordNet-based, community-edited)",chưa dịch lại theo định nghĩa Wordset mới - vẫn là công thức ghép cũ,
gentle+folk,gentlefolk,[gentle+folk],0-2-0,noun,/dʒˈɛntəlfˌəʊk/,real,people of good family and breeding and high social status,"gentle+folk(dịu dàng + người dân, dân gian)","Wordset Dictionary (wordset.org, WordNet-based, community-edited)",chưa dịch lại theo định nghĩa Wordset mới - vẫn là công thức ghép cũ,
gentle+man,gentleman,[gentle+man],0-2-0,noun,/ˈdʒɛnəɫmən/,real,"a man who is polite and well educated, who has excellent manners and always behaves well",gentle+man(dịu dàng + đàn ông),Oxford 5000 (verified),,
gentle+man,gentlemanly,[gentle+man]-ly,0-2-1,adjective,/ˈdʒɛnəɫmənɫi/,real,befitting a man of good breeding,gentle+man(dịu dàng + đàn ông) + -ly(trạng từ chỉ cách thức / tính từ (giống như)),"Wordset Dictionary (wordset.org, WordNet-based, community-edited)",chưa dịch lại theo định nghĩa Wordset mới - vẫn là công thức ghép cũ,
gentle+woman,gentlewoman,[gentle+woman],0-2-0,noun,/ˈdʒɛnəɫˌwʊmən/,real,a woman of refinement,gentle+woman(dịu dàng + phụ nữ),"Wordset Dictionary (wordset.org, WordNet-based, community-edited)",chưa dịch lại theo định nghĩa Wordset mới - vẫn là công thức ghép cũ,
get+away,getaway,[get+away],0-2-0,noun,/ˈɡɛtəˌweɪ/,real,a rapid escape (as by criminals),"get+away(nhận được + xa, đi xa)","Wordset Dictionary (wordset.org, WordNet-based, community-edited)",chưa dịch lại theo định nghĩa Wordset mới - vẫn là công thức ghép cũ,
get+up,getup,[get+up],0-2-0,noun,/ɡˈɛtʌp/,real,a set of clothing with accessories,get+up(nhận được + lên trên),"Wordset Dictionary (wordset.org, WordNet-based, community-edited)",chưa dịch lại theo định nghĩa Wordset mới - vẫn là công thức ghép cũ,
ghost+like,ghostlike,[ghost+like],0-2-0,adjective,/ˈɡoʊstˌɫaɪk/,real,resembling or characteristic of a phantom,"ghost+like(ma + thích, giống như)","Wordset Dictionary (wordset.org, WordNet-based, community-edited)",chưa dịch lại theo định nghĩa Wordset mới - vẫn là công thức ghép cũ,
girl+friend,girlfriend,[girl+friend],0-2-0,noun,/ˈɡɝɫˌfɹɛnd/,real,a girl or a woman that somebody is having a romantic relationship with,girl+friend(con gái + bạn bè),Oxford 5000 (verified),,
give+away,giveaway,[give+away],0-2-0,noun,/ˈɡɪvəˌweɪ/,real,a television or radio program in which contestants compete for awards,"give+away(cho, tặng + xa, đi xa)","Wordset Dictionary (wordset.org, WordNet-based, community-edited)",chưa dịch lại theo định nghĩa Wordset mới - vẫn là công thức ghép cũ,
glass+blow,glassblower,[glass+blow]-er,0-2-1,noun,/ˈɡɫæsˌbɫoʊɝ/,real,someone skilled in blowing bottles from molten glass,"glass+blow(kính, ly + thổi, đòn đánh) + -er(người làm việc gì; so sánh hơn)","Wordset Dictionary (wordset.org, WordNet-based, community-edited)",chưa dịch lại theo định nghĩa Wordset mới - vẫn là công thức ghép cũ,
glass+house,glasshouse,[glass+house],0-2-0,noun,/ɡlˈɑːshaʊs/,real,a building with glass walls and roof,"glass+house(kính, ly + ngôi nhà)","Wordset Dictionary (wordset.org, WordNet-based, community-edited)",chưa dịch lại theo định nghĩa Wordset mới - vẫn là công thức ghép cũ,
glass+work,glassworks,[glass+work],0-2-0,noun,/ɡlˈɑːswɜːks/,real,a workplace where glass is made,"glass+work(kính, ly + công việc)","Wordset Dictionary (wordset.org, WordNet-based, community-edited)",chưa dịch lại theo định nghĩa Wordset mới - vẫn là công thức ghép cũ,
go+down,godowns,[go+down],0-2-0,noun,/ɡˈɒdaʊnz/,real,go+down(a person’s turn to move or play in a game or an activity + to or at a lower place or position),go+down(đi + xuống),"compositional (generated, unverified)",công thức ghép (chưa xác thực),
goal+keep,goalkeeper,[goal+keep]-er,0-2-1,noun,/ˈɡoʊɫˌkipɝ/,real,the defensive position on an ice hockey or soccer or lacrosse team who stands in front of the goal and tries to prevent opposing players from scoring,goal+keep(mục tiêu + giữ) + -er(người làm việc gì; so sánh hơn),"Wordset Dictionary (wordset.org, WordNet-based, community-edited)",chưa dịch lại theo định nghĩa Wordset mới - vẫn là công thức ghép cũ,
goal+mouth,goalmouth,[goal+mouth],0-2-0,noun,/ɡˈəʊlmaʊθ/,real,the area immediately in front of the goal,goal+mouth(mục tiêu + miệng),"Wordset Dictionary (wordset.org, WordNet-based, community-edited)",chưa dịch lại theo định nghĩa Wordset mới - vẫn là công thức ghép cũ,
goal+post,goalpost,[goal+post],0-2-0,noun,/ˈɡoʊɫˌpoʊst/,real,one of a pair of posts (usually joined by a crossbar) that are set up as a goal at each end of a playing field,"goal+post(mục tiêu + bưu điện, đăng bài)","Wordset Dictionary (wordset.org, WordNet-based, community-edited)",chưa dịch lại theo định nghĩa Wordset mới - vẫn là công thức ghép cũ,
god+child,godchild,[god+child],0-2-0,noun,/ɡˈɒdtʃaɪld/,real,an infant who is sponsored by an adult (the godparent) at baptism,"god+child(thần, chúa + trẻ em)","Wordset Dictionary (wordset.org, WordNet-based, community-edited)",chưa dịch lại theo định nghĩa Wordset mới - vẫn là công thức ghép cũ,
god+daughter,goddaughter,[god+daughter],0-2-0,noun,/ɡˈɒdɔːtɐ/,real,a female godchild,"god+daughter(thần, chúa + con gái)","Wordset Dictionary (wordset.org, WordNet-based, community-edited)",chưa dịch lại theo định nghĩa Wordset mới - vẫn là công thức ghép cũ,
god+father,godfather,[god+father],0-2-0,noun,/ˈɡɑdˌfɑðɝ/,real,someone having a relation analogous to that of a male sponsor to his godchild,"god+father(thần, chúa + cha)","Wordset Dictionary (wordset.org, WordNet-based, community-edited)",chưa dịch lại theo định nghĩa Wordset mới - vẫn là công thức ghép cũ,
god+fear,godfearing,[god+fear],0-2-0,noun,/ɡˈɑːdfɪɹɪŋ/,"generated (espeak-ng G2P, algorithmic)",god+fear(the being or spirit that is worshipped and is believed to have created the universe + the bad feeling that you have when you are in danger or when a particular thing frightens you),"god+fear(thần, chúa + sợ hãi)","compositional (generated, unverified)",công thức ghép (chưa xác thực),"dạng liền không gạch nối của ""god-fearing"""
god+head,godhead,[god+head],0-2-0,noun,/ˈɡɑdˌhɛd/,real,"god+head(the being or spirit that is worshipped and is believed to have created the universe + the part of the body on top of the neck containing the eyes, nose, mouth and brain)","god+head(thần, chúa + đầu, người đứng đầu)","compositional (generated, unverified)",công thức ghép (chưa xác thực),
god+like,godlike,[god+like],0-2-0,adjective,/ɡˈɒdlaɪk/,real,being or having the nature of a god,"god+like(thần, chúa + thích, giống như)","Wordset Dictionary (wordset.org, WordNet-based, community-edited)",chưa dịch lại theo định nghĩa Wordset mới - vẫn là công thức ghép cũ,
god+mother,godmother,[god+mother],0-2-0,noun,/ˈɡɑdˌməðɝ/,real,any woman who serves as a sponsor for a child at baptism,"god+mother(thần, chúa + mẹ)","Wordset Dictionary (wordset.org, WordNet-based, community-edited)",chưa dịch lại theo định nghĩa Wordset mới - vẫn là công thức ghép cũ,
god+parent,godparent,[god+parent],0-2-0,noun,/ɡˈɒdpeəɹənt/,real,a person who sponsors someone (the godchild) at baptism,"god+parent(thần, chúa + cha mẹ)","Wordset Dictionary (wordset.org, WordNet-based, community-edited)",chưa dịch lại theo định nghĩa Wordset mới - vẫn là công thức ghép cũ,
god+sake,godforsaken,fore-[god+sake]-en,1-2-1,adjective,/ɡˈɒdfɔːsˌeɪkən/,real,located in a dismal or remote area,"fore-(trước, phía trước) + god+sake(thần, chúa + lợi ích, mục đích) + -en(làm cho (động từ); làm bằng (tính từ))","Wordset Dictionary (wordset.org, WordNet-based, community-edited)",chưa dịch lại theo định nghĩa Wordset mới - vẫn là công thức ghép cũ,
god+send,godsend,[god+send],0-2-0,noun,/ˈɡɑdˌsɛnd/,real,a sudden happening that brings good fortune (as a sudden opportunity to make money),"god+send(thần, chúa + gửi đi)","Wordset Dictionary (wordset.org, WordNet-based, community-edited)",chưa dịch lại theo định nghĩa Wordset mới - vẫn là công thức ghép cũ,
god+sono,godson,[god+sono],0-2-0,noun,/ɡˈɒdsən/,real,a male godchild,"god+sono(thần, chúa + âm thanh (gốc từ))","Wordset Dictionary (wordset.org, WordNet-based, community-edited)",chưa dịch lại theo định nghĩa Wordset mới - vẫn là công thức ghép cũ,
god+speed,godspeed,[god+speed],0-2-0,noun,/ˈɡɑdspid/,real,a successful journey,"god+speed(thần, chúa + tốc độ)","Wordset Dictionary (wordset.org, WordNet-based, community-edited)",chưa dịch lại theo định nghĩa Wordset mới - vẫn là công thức ghép cũ,
gold+fish,goldfish,[gold+fish],0-2-0,noun,/ˈɡoʊɫdˌfɪʃ/,real,small golden or orange-red freshwater fishes of Eurasia used as pond or aquarium fishes,gold+fish(vàng + cá),"Wordset Dictionary (wordset.org, WordNet-based, community-edited)",chưa dịch lại theo định nghĩa Wordset mới - vẫn là công thức ghép cũ,
gold+mine,goldmine,[gold+mine],0-2-0,noun,/ˈɡoʊɫdˌmaɪn/,real,a mine where gold ore is found,"gold+mine(vàng + của tôi, mỏ)","Wordset Dictionary (wordset.org, WordNet-based, community-edited)",chưa dịch lại theo định nghĩa Wordset mới - vẫn là công thức ghép cũ,
gold+water,goldwater,[gold+water],0-2-0,adjective,/ˈɡoʊɫdˌwɔtɝ/,real,"gold+water(bright yellow in colour, like gold + a liquid without colour, smell or taste that falls as rain, is in lakes, rivers and seas, and is used for drinking, washing, etc.)",gold+water(vàng + nước),"compositional (generated, unverified)",công thức ghép (chưa xác thực),
good+bye,goodbye,[good+bye],0-2-0,exclamation,/ˌɡʊdˈbaɪ/,real,used when you are leaving somebody or when somebody else is leaving,good+bye(tốt + tạm biệt),Oxford 5000 (verified),,
good+man,goodman,[good+man],0-2-0,adjective,/ˈɡʊdmən/,real,good+man(of high quality or an acceptable standard + an adult male human),good+man(tốt + đàn ông),"compositional (generated, unverified)",công thức ghép (chưa xác thực),
good+night,goodnight,[good+night],0-2-0,adjective,/ˈɡʊdˌnaɪt/,real,"good+night(of high quality or an acceptable standard + the time between one day and the next when it is dark, when people usually sleep)",good+night(tốt + ban đêm),"compositional (generated, unverified)",công thức ghép (chưa xác thực),
good+will,goodwill,[good+will],0-2-0,noun,/ˈɡʊdˈwɪɫ/,real,a disposition to kindness and compassion,"good+will(tốt + sẽ, ý chí)","Wordset Dictionary (wordset.org, WordNet-based, community-edited)",chưa dịch lại theo định nghĩa Wordset mới - vẫn là công thức ghép cũ,
good+win,goodwin,[good+win],0-2-0,adjective,/ˈɡʊdwɪn/,real,"good+win(of high quality or an acceptable standard + a victory in a game, contest, etc.)",good+win(tốt + chiến thắng),"compositional (generated, unverified)",công thức ghép (chưa xác thực),
grand+aunt,grandaunt,[grand+aunt],0-2-0,noun,/ɡɹˈændɔːnt/,"generated (espeak-ng G2P, algorithmic)",an aunt of your father or mother,"grand+aunt(lớn lao + cô, dì, bác gái)","Wordset Dictionary (wordset.org, WordNet-based, community-edited)",chưa dịch lại theo định nghĩa Wordset mới - vẫn là công thức ghép cũ,
grand+child,grandchild,[grand+child],0-2-0,noun,/ˈɡɹænˌtʃaɪɫd/,real,a child of your son or daughter,grand+child(lớn lao + trẻ em),"Wordset Dictionary (wordset.org, WordNet-based, community-edited)",chưa dịch lại theo định nghĩa Wordset mới - vẫn là công thức ghép cũ,
grand+daughter,granddaughter,[grand+daughter],0-2-0,noun,/ˈɡɹænˌdɔtɝ/,real,a female grandchild,grand+daughter(lớn lao + con gái),"Wordset Dictionary (wordset.org, WordNet-based, community-edited)",chưa dịch lại theo định nghĩa Wordset mới - vẫn là công thức ghép cũ,
grand+father,grandfather,[grand+father],0-2-0,noun,/ˈɡɹænˌfɑðɝ/,real,the father of your father or mother,grand+father(lớn lao + cha),Oxford 5000 (verified),,
grand+mother,grandmother,[grand+mother],0-2-0,noun,/ˈɡɹændˌməðɝ/,real,the mother of your father or mother,grand+mother(lớn lao + mẹ),Oxford 5000 (verified),,
grand+parent,grandparent,[grand+parent],0-2-0,noun,/ˈɡɹændˌpɛɹənt/,real,the father or mother of your father or mother,grand+parent(lớn lao + cha mẹ),Oxford 5000 (verified),,
grand+sono,grandson,[grand+sono],0-2-0,noun,/ˈɡɹændˌsən/,real,a male grandchild,grand+sono(lớn lao + âm thanh (gốc từ)),"Wordset Dictionary (wordset.org, WordNet-based, community-edited)",chưa dịch lại theo định nghĩa Wordset mới - vẫn là công thức ghép cũ,
grand+stand,grandstand,[grand+stand],0-2-0,noun,/ˈɡɹændˌstænd/,real,a stand at a racecourse or stadium consisting of tiers with rows of individual seats that are under a protective roof,grand+stand(lớn lao + đứng),"Wordset Dictionary (wordset.org, WordNet-based, community-edited)",chưa dịch lại theo định nghĩa Wordset mới - vẫn là công thức ghép cũ,
grand+uncle,granduncle,[grand+uncle],0-2-0,noun,/ˈɡɹænˈdəŋkəɫ/,real,an uncle of your father or mother,"grand+uncle(lớn lao + chú, bác)","Wordset Dictionary (wordset.org, WordNet-based, community-edited)",chưa dịch lại theo định nghĩa Wordset mới - vẫn là công thức ghép cũ,
grass+fire,grassfire,[grass+fire],0-2-0,noun,/ɡɹˈæsfaɪɚ/,"generated (espeak-ng G2P, algorithmic)",an uncontrolled fire in a grassy area,"grass+fire(cỏ + lửa, sa thải)","Wordset Dictionary (wordset.org, WordNet-based, community-edited)",chưa dịch lại theo định nghĩa Wordset mới - vẫn là công thức ghép cũ,
grass+land,grassland,[grass+land],0-2-0,noun,/ˈɡɹæsˌɫænd/,real,land where grass or grasslike vegetation grows and is the dominant form of plant life,grass+land(cỏ + đất đai),"Wordset Dictionary (wordset.org, WordNet-based, community-edited)",chưa dịch lại theo định nghĩa Wordset mới - vẫn là công thức ghép cũ,
grass+root,grassroots,[grass+root],0-2-0,adjective,/ˈɡɹæsˈɹuts/,real,of or involving the common people as constituting a fundamental political and economic group,"grass+root(cỏ + rễ cây, gốc rễ)","Wordset Dictionary (wordset.org, WordNet-based, community-edited)",chưa dịch lại theo định nghĩa Wordset mới - vẫn là công thức ghép cũ,
grave+stone,gravestone,[grave+stone],0-2-0,noun,/ˈɡɹeɪvˌstoʊn/,real,a stone that is used to mark a grave,"grave+stone(ngôi mộ, nghiêm trọng + đá)","Wordset Dictionary (wordset.org, WordNet-based, community-edited)",chưa dịch lại theo định nghĩa Wordset mới - vẫn là công thức ghép cũ,
grave+yard,graveyard,[grave+yard],0-2-0,noun,/ˈɡɹeɪvˌjɑɹd/,real,a tract of land used for burials,"grave+yard(ngôi mộ, nghiêm trọng + sân, yard (đơn vị))","Wordset Dictionary (wordset.org, WordNet-based, community-edited)",chưa dịch lại theo định nghĩa Wordset mới - vẫn là công thức ghép cũ,
great+coat,greatcoat,[great+coat],0-2-0,noun,/ɡɹˈeɪtkəʊt/,real,a heavy coat worn over clothes in winter,great+coat(tuyệt vời + áo khoác),"Wordset Dictionary (wordset.org, WordNet-based, community-edited)",chưa dịch lại theo định nghĩa Wordset mới - vẫn là công thức ghép cũ,
green+back,greenback,[green+back],0-2-0,noun,/ˈɡɹinˌbæk/,real,a piece of paper money (especially one issued by a central bank),"green+back(màu xanh lá + lưng, phía sau)","Wordset Dictionary (wordset.org, WordNet-based, community-edited)",chưa dịch lại theo định nghĩa Wordset mới - vẫn là công thức ghép cũ,
green+fly,greenfly,[green+fly],0-2-0,noun,/ɡɹˈiːnflaɪ/,real,greenish aphid,"green+fly(màu xanh lá + bay, ruồi)","Wordset Dictionary (wordset.org, WordNet-based, community-edited)",chưa dịch lại theo định nghĩa Wordset mới - vẫn là công thức ghép cũ,
green+horn,greenhorn,[green+horn],0-2-0,noun,/ɡɹˈiːnhɔːn/,real,an awkward and inexperienced youth,"green+horn(màu xanh lá + sừng, còi xe)","Wordset Dictionary (wordset.org, WordNet-based, community-edited)",chưa dịch lại theo định nghĩa Wordset mới - vẫn là công thức ghép cũ,
green+house,greenhouse,[green+house],0-2-0,noun,/ˈɡɹinˌhaʊs/,real,,green+house(màu xanh lá + ngôi nhà),Oxford 5000 (verified),,
grid+iron,gridiron,[grid+iron],0-2-0,noun,/ˈɡɹɪˌdaɪɝn/,real,the playing field on which football is played,"grid+iron(lưới điện + sắt, bàn ủi)","Wordset Dictionary (wordset.org, WordNet-based, community-edited)",chưa dịch lại theo định nghĩa Wordset mới - vẫn là công thức ghép cũ,
grind+lay,grindlay,[grind+lay],0-2-0,verb,/ˈɡɹaɪndˌɫeɪ/,real,"grind+lay(to break or press something into very small pieces between two hard surfaces or using a special machine + to put somebody/something in a particular position, especially when it is done gently or carefully)","grind+lay(nghiền, mài + đặt xuống, đẻ trứng)","compositional (generated, unverified)",công thức ghép (chưa xác thực),
grind+stone,grindstone,[grind+stone],0-2-0,noun,/ˈɡɹaɪndˌstoʊn/,real,a revolving stone shaped like a disk,"grind+stone(nghiền, mài + đá)","Wordset Dictionary (wordset.org, WordNet-based, community-edited)",chưa dịch lại theo định nghĩa Wordset mới - vẫn là công thức ghép cũ,
ground+man,groundsman,[ground+man],0-2-0,noun,/ɡɹˈaʊndzmən/,real,someone who maintains the grounds (of an estate or park or athletic field),ground+man(mặt đất + đàn ông),"Wordset Dictionary (wordset.org, WordNet-based, community-edited)",chưa dịch lại theo định nghĩa Wordset mới - vẫn là công thức ghép cũ,
ground+nut,groundnut,[ground+nut],0-2-0,noun,/ˈɡɹaʊndˌnət/,real,pod of the peanut vine containing usually 2 nuts or seeds,"ground+nut(mặt đất + hạt, đai ốc)","Wordset Dictionary (wordset.org, WordNet-based, community-edited)",chưa dịch lại theo định nghĩa Wordset mới - vẫn là công thức ghép cũ,
ground+sheet,groundsheet,[ground+sheet],0-2-0,noun,/ɡɹˈaʊndʃiːt/,real,a waterproofed piece of cloth spread on the ground (as under a tent) to protect from moisture,"ground+sheet(mặt đất + tấm, tờ)","Wordset Dictionary (wordset.org, WordNet-based, community-edited)",chưa dịch lại theo định nghĩa Wordset mới - vẫn là công thức ghép cũ,
ground+work,groundwork,[ground+work],0-2-0,noun,/ˈɡɹaʊndˌwɝk/,real,preliminary preparation as a basis or foundation,ground+work(mặt đất + công việc),"Wordset Dictionary (wordset.org, WordNet-based, community-edited)",chưa dịch lại theo định nghĩa Wordset mới - vẫn là công thức ghép cũ,
grow+up,grownups,[grow+up]-n,0-2-1,unknown,/ˈɡɹoʊˌnəps/,real,"grow+up(to increase in size, number, strength or quality + towards or in a higher position) + -n([INFLECTION] past-participle ending (VD: blown, drawn))","grow+up(phát triển + lên trên) + -n([NGỮ PHÁP] đuôi phân từ quá khứ (VD blown, drawn))","compositional (generated, unverified)",công thức ghép (chưa xác thực),
guard+house,guardhouse,[guard+house],0-2-0,noun,/ɡˈɑːdhaʊs/,real,a military facility that serves as the headquarters for military police and in which military prisoners can be detained,guard+house(bảo vệ + ngôi nhà),"Wordset Dictionary (wordset.org, WordNet-based, community-edited)",chưa dịch lại theo định nghĩa Wordset mới - vẫn là công thức ghép cũ,
guard+man,guardsman,[guard+man],0-2-0,noun,/ˈɡɑɹdzˌmæn/,real,a soldier who is a member of a unit called `the guard' or `guards',guard+man(bảo vệ + đàn ông),"Wordset Dictionary (wordset.org, WordNet-based, community-edited)",chưa dịch lại theo định nghĩa Wordset mới - vẫn là công thức ghép cũ,
guard+rail,guardrail,[guard+rail],0-2-0,noun,/ˈɡɑɹˌdɹeɪɫ/,real,a railing placed alongside a stairway or road for safety,guard+rail(bảo vệ + đường ray),"Wordset Dictionary (wordset.org, WordNet-based, community-edited)",chưa dịch lại theo định nghĩa Wordset mới - vẫn là công thức ghép cũ,
guard+room,guardroom,[guard+room],0-2-0,noun,/ɡˈɑːdɹuːm/,real,a room used by soldiers on guard,guard+room(bảo vệ + căn phòng),"Wordset Dictionary (wordset.org, WordNet-based, community-edited)",chưa dịch lại theo định nghĩa Wordset mới - vẫn là công thức ghép cũ,
guess+work,guesswork,[guess+work],0-2-0,noun,/ˈɡɛsˌwɝk/,real,an estimate based on little or no information,guess+work(đoán + công việc),"Wordset Dictionary (wordset.org, WordNet-based, community-edited)",chưa dịch lại theo định nghĩa Wordset mới - vẫn là công thức ghép cũ,
guest+house,guesthouse,[guest+house],0-2-0,noun,/ˈɡɛstˌhaʊs/,real,a smaller house separate from the main house,guest+house(khách mời + ngôi nhà),"Wordset Dictionary (wordset.org, WordNet-based, community-edited)",chưa dịch lại theo định nghĩa Wordset mới - vẫn là công thức ghép cũ,
guest+room,guestroom,[guest+room],0-2-0,noun,/ɡˈɛstɹuːm/,real,a bedroom that is kept for the use of guests,guest+room(khách mời + căn phòng),"Wordset Dictionary (wordset.org, WordNet-based, community-edited)",chưa dịch lại theo định nghĩa Wordset mới - vẫn là công thức ghép cũ,
guide+book,guidebook,[guide+book],0-2-0,noun,/ˈɡaɪdˌbʊk/,real,something that offers basic information or instruction,guide+book(hướng dẫn + sách),"Wordset Dictionary (wordset.org, WordNet-based, community-edited)",chưa dịch lại theo định nghĩa Wordset mới - vẫn là công thức ghép cũ,
guide+line,guidelines,[guide+line],0-2-0,noun,/ˈɡaɪdˌɫaɪnz/,real,"guide+line(a person who shows other people the way to a place, especially somebody employed to show tourists around interesting places + a long, thin mark on a surface)",guide+line(hướng dẫn + đường kẻ),"compositional (generated, unverified)",công thức ghép (chưa xác thực),
guide+post,guideposts,[guide+post],0-2-0,noun,/ˈɡaɪdˌpoʊsts/,real,"guide+post(a person who shows other people the way to a place, especially somebody employed to show tourists around interesting places + the official system used for sending and delivering letters, packages, etc.)","guide+post(hướng dẫn + bưu điện, đăng bài)","compositional (generated, unverified)",công thức ghép (chưa xác thực),
gun+boat,gunboat,[gun+boat],0-2-0,noun,/ˈɡənˌboʊt/,real,a small shallow-draft boat carrying mounted guns,gun+boat(súng + thuyền),"Wordset Dictionary (wordset.org, WordNet-based, community-edited)",chưa dịch lại theo định nghĩa Wordset mới - vẫn là công thức ghép cũ,
gun+dog,gundog,[gun+dog],0-2-0,noun,/ˈɡənˌdɔɡ/,real,"gun+dog(a weapon that is used for firing bullets or shells + an animal with four legs and a tail, often kept as a pet or trained for work, for example hunting or guarding buildings. There are many types of dog, some of which are wild.)",gun+dog(súng + con chó),"compositional (generated, unverified)",công thức ghép (chưa xác thực),
gun+fight,gunfighter,[gun+fight]-er,0-2-1,noun,/ˈɡənˌfaɪtɝ/,real,gun+fight(a weapon that is used for firing bullets or shells + a struggle against somebody/something using physical force) + -er(person who does; comparative),gun+fight(súng + chiến đấu) + -er(người làm việc gì; so sánh hơn),"compositional (generated, unverified)",công thức ghép (chưa xác thực),
gun+fight,gunfights,[gun+fight],0-2-0,noun,/ˈɡənˌfaɪts/,real,gun+fight(a weapon that is used for firing bullets or shells + a struggle against somebody/something using physical force),gun+fight(súng + chiến đấu),"compositional (generated, unverified)",công thức ghép (chưa xác thực),
gun+fire,gunfire,[gun+fire],0-2-0,noun,/ˈɡənˌfaɪɝ/,real,the act of shooting a gun,"gun+fire(súng + lửa, sa thải)","Wordset Dictionary (wordset.org, WordNet-based, community-edited)",chưa dịch lại theo định nghĩa Wordset mới - vẫn là công thức ghép cũ,
gun+man,gunman,[gun+man],0-2-0,noun,/ˈɡənmən/,real,a professional killer who uses a gun,gun+man(súng + đàn ông),"Wordset Dictionary (wordset.org, WordNet-based, community-edited)",chưa dịch lại theo định nghĩa Wordset mới - vẫn là công thức ghép cũ,
gun+metal,gunmetal,[gun+metal],0-2-0,noun,/ɡˈʌnmɛtəl/,real,a type of bronze used for parts subject to wear or corrosion (especially corrosion by sea water),gun+metal(súng + kim loại),"Wordset Dictionary (wordset.org, WordNet-based, community-edited)",chưa dịch lại theo định nghĩa Wordset mới - vẫn là công thức ghép cũ,
gun+play,gunplay,[gun+play],0-2-0,noun,/ɡˈʌnpleɪ/,real,a fight involving shooting small arms with the intent to kill or frighten,gun+play(súng + chơi),"Wordset Dictionary (wordset.org, WordNet-based, community-edited)",chưa dịch lại theo định nghĩa Wordset mới - vẫn là công thức ghép cũ,
gun+point,gunpoint,[gun+point],0-2-0,noun,/ˈɡənˌpɔɪnt/,real,the gun muzzle's direction,"gun+point(súng + điểm, chỉ ra)","Wordset Dictionary (wordset.org, WordNet-based, community-edited)",chưa dịch lại theo định nghĩa Wordset mới - vẫn là công thức ghép cũ,
gun+powder,gunpowder,[gun+powder],0-2-0,noun,/ˈɡənˌpaʊdɝ/,real,"a mixture of potassium nitrate, charcoal, and sulfur in a 75:15:10 ratio which is used in gunnery, time fuses, and fireworks",gun+powder(súng + bột),"Wordset Dictionary (wordset.org, WordNet-based, community-edited)",chưa dịch lại theo định nghĩa Wordset mới - vẫn là công thức ghép cũ,
gun+room,gunroom,[gun+room],0-2-0,noun,/ɡˈʌnɹuːm/,"generated (espeak-ng G2P, algorithmic)","An apartment on the after end of the lower gun deck of a shipof war, usually occupied as a messroom by the commissioned officers,except the captain; -- called wardroom in the United States navy.",gun+room(súng + căn phòng),"Webster's Unabridged Dictionary (1913, public domain)",công thức ghép (chưa xác thực),
gun+run,gunrunning,[gun+run],0-2-0,noun,/ɡˈʌnɹʌnɪŋ/,real,the smuggling of guns and ammunition into a country secretly and illegally,gun+run(súng + chạy),"Wordset Dictionary (wordset.org, WordNet-based, community-edited)",chưa dịch lại theo định nghĩa Wordset mới - vẫn là công thức ghép cũ,
gun+run,gunrunner,[gun+run]-er,0-2-1,noun,/ˈɡənˌɹənɝ/,real,a smuggler of guns,gun+run(súng + chạy) + -er(người làm việc gì; so sánh hơn),"Wordset Dictionary (wordset.org, WordNet-based, community-edited)",chưa dịch lại theo định nghĩa Wordset mới - vẫn là công thức ghép cũ,
gun+shot,gunshot,[gun+shot],0-2-0,noun,/ˈɡənˌʃɑt/,real,the act of shooting a gun,"gun+shot(súng + phát súng, cú đánh)","Wordset Dictionary (wordset.org, WordNet-based, community-edited)",chưa dịch lại theo định nghĩa Wordset mới - vẫn là công thức ghép cũ,
gym+slip,gymslip,[gym+slip],0-2-0,noun,/dʒˈɪmslɪp/,real,a sleeveless tunic worn by English girls as part of a school uniform,gym+slip(phòng gym + trượt ngã),"Wordset Dictionary (wordset.org, WordNet-based, community-edited)",chưa dịch lại theo định nghĩa Wordset mới - vẫn là công thức ghép cũ,
hail+stone,hailstone,[hail+stone],0-2-0,noun,/ˈheɪɫˌstoʊn/,real,small pellet of ice that falls during a hailstorm,"hail+stone(mưa đá, ca ngợi + đá)","Wordset Dictionary (wordset.org, WordNet-based, community-edited)",chưa dịch lại theo định nghĩa Wordset mới - vẫn là công thức ghép cũ,
hail+storm,hailstorm,[hail+storm],0-2-0,noun,/ˈheɪɫˌstɔɹm/,real,a storm during which hail falls,"hail+storm(mưa đá, ca ngợi + cơn bão)","Wordset Dictionary (wordset.org, WordNet-based, community-edited)",chưa dịch lại theo định nghĩa Wordset mới - vẫn là công thức ghép cũ,
hair+brush,hairbrush,[hair+brush],0-2-0,noun,/hˈeəbɹʌʃ/,real,a brush used to groom a person's hair,"hair+brush(tóc + bàn chải, chải)","Wordset Dictionary (wordset.org, WordNet-based, community-edited)",chưa dịch lại theo định nghĩa Wordset mới - vẫn là công thức ghép cũ,
hair+cloth,haircloth,[hair+cloth],0-2-0,noun,/hˈɛɹklɔθ/,"generated (espeak-ng G2P, algorithmic)",cloth woven from horsehair or camelhair,hair+cloth(tóc + vải),"Wordset Dictionary (wordset.org, WordNet-based, community-edited)",chưa dịch lại theo định nghĩa Wordset mới - vẫn là công thức ghép cũ,
hair+cut,haircut,[hair+cut],0-2-0,noun,/ˈhɛɹˌkət/,real,the act of cutting the hair,hair+cut(tóc + cắt),"Wordset Dictionary (wordset.org, WordNet-based, community-edited)",chưa dịch lại theo định nghĩa Wordset mới - vẫn là công thức ghép cũ,
hair+do,hairdo,[hair+do],0-2-0,noun,/ˈhɛɹˌdu/,real,the arrangement of the hair,hair+do(tóc + làm),"Wordset Dictionary (wordset.org, WordNet-based, community-edited)",chưa dịch lại theo định nghĩa Wordset mới - vẫn là công thức ghép cũ,
hair+dress,hairdresser,[hair+dress]-er,0-2-1,noun,/ˈhɛɹˌdɹɛsɝ/,real,someone who cuts or beautifies hair,"hair+dress(tóc + váy, mặc quần áo) + -er(người làm việc gì; so sánh hơn)","Wordset Dictionary (wordset.org, WordNet-based, community-edited)",chưa dịch lại theo định nghĩa Wordset mới - vẫn là công thức ghép cũ,
hair+dress,hairdressing,[hair+dress],0-2-0,noun,/ˈhɛɹˌdɹɛsɪŋ/,real,care for the hair: the activity of washing or cutting or curling or arranging the hair,"hair+dress(tóc + váy, mặc quần áo)","Wordset Dictionary (wordset.org, WordNet-based, community-edited)",chưa dịch lại theo định nghĩa Wordset mới - vẫn là công thức ghép cũ,
hair+like,hairlike,[hair+like],0-2-0,adjective,/hˈɛɹlaɪk/,"generated (espeak-ng G2P, algorithmic)",long and slender with a very small internal diameter,"hair+like(tóc + thích, giống như)","Wordset Dictionary (wordset.org, WordNet-based, community-edited)",chưa dịch lại theo định nghĩa Wordset mới - vẫn là công thức ghép cũ,
hair+line,hairline,[hair+line],0-2-0,noun,/ˈhɛɹˌɫaɪn/,real,the natural margin formed by hair on the head,hair+line(tóc + đường kẻ),"Wordset Dictionary (wordset.org, WordNet-based, community-edited)",chưa dịch lại theo định nghĩa Wordset mới - vẫn là công thức ghép cũ,
hair+net,hairnet,[hair+net],0-2-0,noun,/hˈeənɛt/,real,a small net that some women wear over their hair to keep it in place,"hair+net(tóc + lưới, mạng)","Wordset Dictionary (wordset.org, WordNet-based, community-edited)",chưa dịch lại theo định nghĩa Wordset mới - vẫn là công thức ghép cũ,
hair+piece,hairpiece,[hair+piece],0-2-0,noun,/hˈeəpiːs/,real,a covering or bunch of human or artificial hair used for disguise or adornment,"hair+piece(tóc + mảnh, miếng)","Wordset Dictionary (wordset.org, WordNet-based, community-edited)",chưa dịch lại theo định nghĩa Wordset mới - vẫn là công thức ghép cũ,
hair+pin,hairpin,[hair+pin],0-2-0,noun,/hˈeəpɪn/,real,a double pronged pin used to hold women's hair in place,hair+pin(tóc + ghim),"Wordset Dictionary (wordset.org, WordNet-based, community-edited)",chưa dịch lại theo định nghĩa Wordset mới - vẫn là công thức ghép cũ,
hair+shirt,hairshirt,[hair+shirt],0-2-0,noun,/hˈɛɹʃɜːt/,"generated (espeak-ng G2P, algorithmic)","hair+shirt(the substance that looks like a mass of fine threads growing on a person's head + a piece of clothing worn on the upper part of the body, made of light cloth, with sleeves and usually with a collar and buttons down the front)",hair+shirt(tóc + áo sơ mi),"compositional (generated, unverified)",công thức ghép (chưa xác thực),"dạng liền của ""hair shirt"" (áo lông gai - vật khổ hạnh)"
hair+spring,hairspring,[hair+spring],0-2-0,noun,/hˈɛɹspɹɪŋ/,"generated (espeak-ng G2P, algorithmic)",a fine spiral spring that regulates the movement of the balance wheel in a timepiece,"hair+spring(tóc + mùa xuân, lò xo)","Wordset Dictionary (wordset.org, WordNet-based, community-edited)",chưa dịch lại theo định nghĩa Wordset mới - vẫn là công thức ghép cũ,
hair+style,hairstylist,[hair+style]-ist,0-2-1,noun,/hˈeəstɪlˌɪst/,real,someone who cuts or beautifies hair,hair+style(tóc + phong cách) + -ist(người theo/thực hành (danh từ)),"Wordset Dictionary (wordset.org, WordNet-based, community-edited)",chưa dịch lại theo định nghĩa Wordset mới - vẫn là công thức ghép cũ,
hair+style,hairstyle,[hair+style],0-2-0,noun,/ˈhɛɹˌstaɪɫ/,real,the arrangement of the hair (especially a woman's hair),hair+style(tóc + phong cách),"Wordset Dictionary (wordset.org, WordNet-based, community-edited)",chưa dịch lại theo định nghĩa Wordset mới - vẫn là công thức ghép cũ,
hall+mark,hallmark,[hall+mark],0-2-0,noun,/ˈhɑɫˌmɑɹk/,real,a distinctive characteristic or attribute,"hall+mark(sảnh, hội trường + dấu, đánh dấu)","Wordset Dictionary (wordset.org, WordNet-based, community-edited)",chưa dịch lại theo định nghĩa Wordset mới - vẫn là công thức ghép cũ,
hall+stand,hallstand,[hall+stand],0-2-0,noun,/hˈɔːlstænd/,"generated (espeak-ng G2P, algorithmic)",a piece of furniture where coats and hats and umbrellas can be hung,"hall+stand(sảnh, hội trường + đứng)","Wordset Dictionary (wordset.org, WordNet-based, community-edited)",chưa dịch lại theo định nghĩa Wordset mới - vẫn là công thức ghép cũ,
hall+way,hallway,[hall+way],0-2-0,noun,/ˈhɔɫˌweɪ/,real,an interior passage or corridor onto which rooms open,"hall+way(sảnh, hội trường + con đường, cách thức)","Wordset Dictionary (wordset.org, WordNet-based, community-edited)",chưa dịch lại theo định nghĩa Wordset mới - vẫn là công thức ghép cũ,
hand+bag,handbag,[hand+bag],0-2-0,noun,/ˈhændˌbæɡ/,real,a container used for carrying money and small personal items or accessories (especially by women),hand+bag(bàn tay + túi),"Wordset Dictionary (wordset.org, WordNet-based, community-edited)",chưa dịch lại theo định nghĩa Wordset mới - vẫn là công thức ghép cũ,
hand+ball,handball,[hand+ball],0-2-0,noun,/ˈhændˌbɔɫ/,real,a game played in a walled court or against a single wall by two or four players who strike a rubber ball with their hands,hand+ball(bàn tay + quả bóng),"Wordset Dictionary (wordset.org, WordNet-based, community-edited)",chưa dịch lại theo định nghĩa Wordset mới - vẫn là công thức ghép cũ,
hand+bill,handbill,[hand+bill],0-2-0,noun,/ˈhændˌbɪɫ/,real,an advertisement (usually printed on a page or in a leaflet) intended for wide distribution,"hand+bill(bàn tay + hóa đơn, dự luật)","Wordset Dictionary (wordset.org, WordNet-based, community-edited)",chưa dịch lại theo định nghĩa Wordset mới - vẫn là công thức ghép cũ,
hand+book,handbook,[hand+book],0-2-0,noun,/ˈhændˌbʊk/,real,a concise reference book providing specific information about a subject or location,hand+book(bàn tay + sách),"Wordset Dictionary (wordset.org, WordNet-based, community-edited)",chưa dịch lại theo định nghĩa Wordset mới - vẫn là công thức ghép cũ,
hand+craft,handicraft,[hand+craft]-y,0-2-1,noun,/ˈhændiˌkɹæft/,real,a craft that requires skillful hands,"hand+craft(bàn tay + thủ công, chế tạo) + -y(có tính chất; danh từ/tính từ)","Wordset Dictionary (wordset.org, WordNet-based, community-edited)",chưa dịch lại theo định nghĩa Wordset mới - vẫn là công thức ghép cũ,
hand+craft+man,handicraftsman,[hand+craft+man]-y,0-3-1,adjective,/hˈændɪkɹˌæftsmən/,"generated (espeak-ng G2P, algorithmic)",A man skilled or employed in handcraft. Bacon.,"hand+craft+man(bàn tay + thủ công, chế tạo + đàn ông) + -y(có tính chất; danh từ/tính từ)","Webster's Unabridged Dictionary (1913, public domain)",công thức ghép (chưa xác thực),
hand+gun,handgun,[hand+gun],0-2-0,noun,/ˈhændˌɡən/,real,a firearm that is held and fired with one hand,hand+gun(bàn tay + súng),"Wordset Dictionary (wordset.org, WordNet-based, community-edited)",chưa dịch lại theo định nghĩa Wordset mới - vẫn là công thức ghép cũ,
hand+hold,handhold,[hand+hold],0-2-0,noun,/ˈhændˌhoʊɫd/,real,an appendage to hold onto,hand+hold(bàn tay + giữ),"Wordset Dictionary (wordset.org, WordNet-based, community-edited)",chưa dịch lại theo định nghĩa Wordset mới - vẫn là công thức ghép cũ,
hand+make,handmade,[hand+make],0-2-0,adjective,/ˈhænˈmeɪd/,real,made by hand or a hand process,hand+make(bàn tay + làm),"Wordset Dictionary (wordset.org, WordNet-based, community-edited)",chưa dịch lại theo định nghĩa Wordset mới - vẫn là công thức ghép cũ,
hand+man,handyman,[hand+man]-y,0-2-1,noun,/ˈhændiˌmæn/,real,a man skilled in various odd jobs and other small tasks,hand+man(bàn tay + đàn ông) + -y(có tính chất; danh từ/tính từ),"Wordset Dictionary (wordset.org, WordNet-based, community-edited)",chưa dịch lại theo định nghĩa Wordset mới - vẫn là công thức ghép cũ,
hand+out,handout,[hand+out],0-2-0,noun,/ˈhænˌdaʊt/,real,giving money or food or clothing to a needy person,hand+out(bàn tay + ra ngoài),"Wordset Dictionary (wordset.org, WordNet-based, community-edited)",chưa dịch lại theo định nghĩa Wordset mới - vẫn là công thức ghép cũ,
hand+pick,handpicked,[hand+pick],0-2-0,noun,/ˈhændˈpɪkt/,real,"hand+pick(the part of the body at the end of the arm, including the fingers and thumb + an act of choosing something)","hand+pick(bàn tay + chọn lựa, nhặt)","compositional (generated, unverified)",công thức ghép (chưa xác thực),
hand+rail,handrail,[hand+rail],0-2-0,noun,/ˈhænˌdɹeɪɫ/,real,a railing at the side of a staircase or balcony to prevent people from falling,hand+rail(bàn tay + đường ray),"Wordset Dictionary (wordset.org, WordNet-based, community-edited)",chưa dịch lại theo định nghĩa Wordset mới - vẫn là công thức ghép cũ,
hand+shake,handshake,[hand+shake],0-2-0,noun,/ˈhændˌʃeɪk/,real,grasping and shaking a person's hand (as to acknowledge an introduction or to agree on a contract),"hand+shake(bàn tay + lắc, rung)","Wordset Dictionary (wordset.org, WordNet-based, community-edited)",chưa dịch lại theo định nghĩa Wordset mới - vẫn là công thức ghép cũ,
hand+stand,handstand,[hand+stand],0-2-0,noun,/ˈhændˌstænd/,real,the act of supporting yourself by your hands alone in an upside down position,hand+stand(bàn tay + đứng),"Wordset Dictionary (wordset.org, WordNet-based, community-edited)",chưa dịch lại theo định nghĩa Wordset mới - vẫn là công thức ghép cũ,
hand+work,handiwork,[hand+work]-y,0-2-1,noun,/ˈhændiˌwɝk/,real,a work produced by hand labor,hand+work(bàn tay + công việc) + -y(có tính chất; danh từ/tính từ),"Wordset Dictionary (wordset.org, WordNet-based, community-edited)",chưa dịch lại theo định nghĩa Wordset mới - vẫn là công thức ghép cũ,
hand+work,handwork,[hand+work],0-2-0,noun,/hˈændwɜːk/,real,a work produced by hand labor,hand+work(bàn tay + công việc),"Wordset Dictionary (wordset.org, WordNet-based, community-edited)",chưa dịch lại theo định nghĩa Wordset mới - vẫn là công thức ghép cũ,
hand+write,handwriting,[hand+write],0-2-0,noun,/ˈhænˌdɹaɪtɪŋ/,real,the activity of writing by hand,hand+write(bàn tay + viết),"Wordset Dictionary (wordset.org, WordNet-based, community-edited)",chưa dịch lại theo định nghĩa Wordset mới - vẫn là công thức ghép cũ,
handle+bar,handlebar,[handle+bar],0-2-0,noun,/ˈhændəɫˌbɑɹ/,real,the shaped bar used to steer a bicycle,"handle+bar(xử lý, tay cầm + quán bar, thanh chắn)","Wordset Dictionary (wordset.org, WordNet-based, community-edited)",chưa dịch lại theo định nghĩa Wordset mới - vẫn là công thức ghép cũ,
hang+dog,hangdog,[hang+dog],0-2-0,adjective,/hˈæŋdɒɡ/,real,frightened into submission or compliance,hang+dog(treo + con chó),"Wordset Dictionary (wordset.org, WordNet-based, community-edited)",chưa dịch lại theo định nghĩa Wordset mới - vẫn là công thức ghép cũ,
hang+man,hangman,[hang+man],0-2-0,noun,/ˈhæŋmən/,real,an executioner who hangs the condemned person,hang+man(treo + đàn ông),"Wordset Dictionary (wordset.org, WordNet-based, community-edited)",chưa dịch lại theo định nghĩa Wordset mới - vẫn là công thức ghép cũ,
hang+nail,hangnail,[hang+nail],0-2-0,noun,/hˈæŋneɪl/,"generated (espeak-ng G2P, algorithmic)",a loose narrow strip of skin near the base of a fingernail,"hang+nail(treo + móng tay, đinh)","Wordset Dictionary (wordset.org, WordNet-based, community-edited)",chưa dịch lại theo định nghĩa Wordset mới - vẫn là công thức ghép cũ,
hang+out,hangout,[hang+out],0-2-0,noun,/ˈhæˌŋaʊt/,real,a frequently visited place,hang+out(treo + ra ngoài),"Wordset Dictionary (wordset.org, WordNet-based, community-edited)",chưa dịch lại theo định nghĩa Wordset mới - vẫn là công thức ghép cũ,
hang+over,hangover,[hang+over],0-2-0,noun,/ˈhæˌŋoʊvɝ/,real,something that has survived from the past,"hang+over(treo + ở trên, hơn)","Wordset Dictionary (wordset.org, WordNet-based, community-edited)",chưa dịch lại theo định nghĩa Wordset mới - vẫn là công thức ghép cũ,
hang+up,hangup,[hang+up],0-2-0,verb,/ˈhæŋˌɡəp/,real,"hang+up(to attach something, or to be attached, at the top so that the lower part is free or loose + towards or in a higher position)",hang+up(treo + lên trên),"compositional (generated, unverified)",công thức ghép (chưa xác thực),
hard+back,hardback,[hard+back],0-2-0,adjective,/ˈhɑɹdˌbæk/,real,having a hard back or cover,"hard+back(cứng, khó khăn + lưng, phía sau)","Wordset Dictionary (wordset.org, WordNet-based, community-edited)",chưa dịch lại theo định nghĩa Wordset mới - vẫn là công thức ghép cũ,
hard+bake,hardbake,[hard+bake],0-2-0,noun,/hˈɑːɹdbeɪk/,"generated (espeak-ng G2P, algorithmic)",a British sweet made with molasses and butter and almonds,"hard+bake(cứng, khó khăn + nướng bánh)","Wordset Dictionary (wordset.org, WordNet-based, community-edited)",chưa dịch lại theo định nghĩa Wordset mới - vẫn là công thức ghép cũ,
hard+board,hardboard,[hard+board],0-2-0,noun,/ˈhɑɹdˌbɔɹd/,real,a cheap hard material made from wood chips that are pressed together and bound with synthetic resin,"hard+board(cứng, khó khăn + ban, bảng, tấm ván)","Wordset Dictionary (wordset.org, WordNet-based, community-edited)",chưa dịch lại theo định nghĩa Wordset mới - vẫn là công thức ghép cũ,
hard+boil,hardboiled,[hard+boil],0-2-0,adjective,/hˈɑːɹdbɔɪld/,"generated (espeak-ng G2P, algorithmic)","hard+boil(difficult to do, understand or answer + when a liquid boils or when you boil it, it is heated to the point where it forms bubbles and turns to steam or vapour)","hard+boil(cứng, khó khăn + đun sôi)","compositional (generated, unverified)",công thức ghép (chưa xác thực),
hard+bound,hardbound,[hard+bound],0-2-0,adjective,/hˈɑːɹdbaʊnd/,"generated (espeak-ng G2P, algorithmic)",having a hard back or cover,"hard+bound(cứng, khó khăn + ràng buộc, giới hạn)","Wordset Dictionary (wordset.org, WordNet-based, community-edited)",chưa dịch lại theo định nghĩa Wordset mới - vẫn là công thức ghép cũ,
hard+cover,hardcover,[hard+cover],0-2-0,adjective,/ˈhɑɹdˌkəvɝ/,real,having a hard back or cover,"hard+cover(cứng, khó khăn + che phủ, bìa)","Wordset Dictionary (wordset.org, WordNet-based, community-edited)",chưa dịch lại theo định nghĩa Wordset mới - vẫn là công thức ghép cũ,
hard+head,hardheaded,[hard+head],0-2-0,adjective,/ˈhɑɹdˌhɛdɪd/,real,guided by practical experience and observation rather than theory,"hard+head(cứng, khó khăn + đầu, người đứng đầu)","Wordset Dictionary (wordset.org, WordNet-based, community-edited)",chưa dịch lại theo định nghĩa Wordset mới - vẫn là công thức ghép cũ,
hard+top,hardtop,[hard+top],0-2-0,noun,/hˈɑːdtɒp/,real,a car that resembles a convertible but has a fixed rigid top,"hard+top(cứng, khó khăn + đỉnh, trên cùng)","Wordset Dictionary (wordset.org, WordNet-based, community-edited)",chưa dịch lại theo định nghĩa Wordset mới - vẫn là công thức ghép cũ,
hard+wear,hardwearing,[hard+wear],0-2-0,adjective,/hˈɑːɹdwɛɹɪŋ/,"generated (espeak-ng G2P, algorithmic)","hard+wear(difficult to do, understand or answer + to have something on your body as a piece of clothing, a decoration, etc.)","hard+wear(cứng, khó khăn + mặc quần áo)","compositional (generated, unverified)",công thức ghép (chưa xác thực),"từ thật trong tiếng Anh Anh (bền, chịu mài mòn)"
hard+wood,hardwood,[hard+wood],0-2-0,noun,/ˈhɑɹdˌwʊd/,real,the wood of broad-leaved dicotyledonous trees (as distinguished from the wood of conifers),"hard+wood(cứng, khó khăn + gỗ)","Wordset Dictionary (wordset.org, WordNet-based, community-edited)",chưa dịch lại theo định nghĩa Wordset mới - vẫn là công thức ghép cũ,
hard+work,hardworking,[hard+work],0-2-0,adjective,/ˈhɑɹdˌwɝkɪŋ/,real,characterized by hard work and perseverance,"hard+work(cứng, khó khăn + công việc)","Wordset Dictionary (wordset.org, WordNet-based, community-edited)",chưa dịch lại theo định nghĩa Wordset mới - vẫn là công thức ghép cũ,
hat+band,hatband,[hat+band],0-2-0,noun,/hˈætbænd/,real,a band around the crown of a hat just above the brim,"hat+band(mũ + ban nhạc, dải băng)","Wordset Dictionary (wordset.org, WordNet-based, community-edited)",chưa dịch lại theo định nghĩa Wordset mới - vẫn là công thức ghép cũ,
hat+pin,hatpin,[hat+pin],0-2-0,noun,/hˈætpɪn/,real,a long sturdy pin used by women to secure a hat to their hair,hat+pin(mũ + ghim),"Wordset Dictionary (wordset.org, WordNet-based, community-edited)",chưa dịch lại theo định nghĩa Wordset mới - vẫn là công thức ghép cũ,
head+band,headband,[head+band],0-2-0,noun,/ˈhɛdˌbænd/,real,a band worn around or over the head,"head+band(đầu, người đứng đầu + ban nhạc, dải băng)","Wordset Dictionary (wordset.org, WordNet-based, community-edited)",chưa dịch lại theo định nghĩa Wordset mới - vẫn là công thức ghép cũ,
head+board,headboard,[head+board],0-2-0,noun,/ˈhɛdˌbɔɹd/,real,a vertical board or panel forming the head of a bedstead,"head+board(đầu, người đứng đầu + ban, bảng, tấm ván)","Wordset Dictionary (wordset.org, WordNet-based, community-edited)",chưa dịch lại theo định nghĩa Wordset mới - vẫn là công thức ghép cũ,
head+dress,headdress,[head+dress],0-2-0,noun,/ˈhɛˌdɹɛs/,real,clothing for the head,"head+dress(đầu, người đứng đầu + váy, mặc quần áo)","Wordset Dictionary (wordset.org, WordNet-based, community-edited)",chưa dịch lại theo định nghĩa Wordset mới - vẫn là công thức ghép cũ,
head+gear,headgear,[head+gear],0-2-0,noun,/ˈhɛdˌɡɪɹ/,real,clothing for the head,"head+gear(đầu, người đứng đầu + bánh răng, trang thiết bị)","Wordset Dictionary (wordset.org, WordNet-based, community-edited)",chưa dịch lại theo định nghĩa Wordset mới - vẫn là công thức ghép cũ,
head+hunt,headhunter,[head+hunt]-er,0-2-1,noun,/ˈhɛdˌhəntɝ/,real,a savage who cuts off and preserves the heads of enemies as trophies,"head+hunt(đầu, người đứng đầu + săn bắn) + -er(người làm việc gì; so sánh hơn)","Wordset Dictionary (wordset.org, WordNet-based, community-edited)",chưa dịch lại theo định nghĩa Wordset mới - vẫn là công thức ghép cũ,
head+lamp,headlamp,[head+lamp],0-2-0,noun,/hˈɛdlæmp/,real,a powerful light with reflector,"head+lamp(đầu, người đứng đầu + đèn)","Wordset Dictionary (wordset.org, WordNet-based, community-edited)",chưa dịch lại theo định nghĩa Wordset mới - vẫn là công thức ghép cũ,
head+land,headland,[head+land],0-2-0,noun,/hˈɛdlənd/,real,a natural elevation (especially a rocky one that juts out into the sea),"head+land(đầu, người đứng đầu + đất đai)","Wordset Dictionary (wordset.org, WordNet-based, community-edited)",chưa dịch lại theo định nghĩa Wordset mới - vẫn là công thức ghép cũ,
head+light,headlight,[head+light],0-2-0,noun,/ˈhɛdˌɫaɪt/,real,a powerful light with reflector,"head+light(đầu, người đứng đầu + ánh sáng, nhẹ)","Wordset Dictionary (wordset.org, WordNet-based, community-edited)",chưa dịch lại theo định nghĩa Wordset mới - vẫn là công thức ghép cũ,
head+line,headline,[head+line],0-2-0,noun,/ˈhɛdˌɫaɪn/,real,"the title of a news article printed in large letters, especially at the top of the front page on a newspaper or the home page on a news website","head+line(đầu, người đứng đầu + đường kẻ)",Oxford 5000 (verified),,
head+long,headlong,[head+long],0-2-0,adverb,/ˈhɛdˌɫɔŋ/,real,with the head foremost,"head+long(đầu, người đứng đầu + dài)","Wordset Dictionary (wordset.org, WordNet-based, community-edited)",chưa dịch lại theo định nghĩa Wordset mới - vẫn là công thức ghép cũ,
head+man,headman,[head+man],0-2-0,noun,/ˈhɛdmən/,real,the head of a tribe or clan,"head+man(đầu, người đứng đầu + đàn ông)","Wordset Dictionary (wordset.org, WordNet-based, community-edited)",chưa dịch lại theo định nghĩa Wordset mới - vẫn là công thức ghép cũ,
head+master,headmaster,[head+master],0-2-0,noun,/ˈhɛdˈmæstɝ/,real,presiding officer of a school,"head+master(đầu, người đứng đầu + bậc thầy)","Wordset Dictionary (wordset.org, WordNet-based, community-edited)",chưa dịch lại theo định nghĩa Wordset mới - vẫn là công thức ghép cũ,
head+phon,headphones,[head+phon],0-2-0,noun,/ˈhɛdˌfoʊnz/,real,"head+phon(the part of the body on top of the neck containing the eyes, nose, mouth and brain + (không có định nghĩa trong Oxford 5000 - root này không phải headword độc lập))","head+phon(đầu, người đứng đầu + âm thanh (gốc từ))","compositional (generated, unverified)",công thức ghép (chưa xác thực),
head+piece,headpiece,[head+piece],0-2-0,noun,/hˈɛdpiːs/,real,a protective helmet for the head,"head+piece(đầu, người đứng đầu + mảnh, miếng)","Wordset Dictionary (wordset.org, WordNet-based, community-edited)",chưa dịch lại theo định nghĩa Wordset mới - vẫn là công thức ghép cũ,
head+quarter,headquarter,[head+quarter],0-2-0,verb,/ˈhɛdˌkɔɹtɝ/,real,to provide with headquarters,"head+quarter(đầu, người đứng đầu + một phần tư)","Wordset Dictionary (wordset.org, WordNet-based, community-edited)",chưa dịch lại theo định nghĩa Wordset mới - vẫn là công thức ghép cũ,
head+rest,headrest,[head+rest],0-2-0,noun,/ˈhɛˌdɹɛst/,real,a rest for the head,"head+rest(đầu, người đứng đầu + nghỉ ngơi, phần còn lại)","Wordset Dictionary (wordset.org, WordNet-based, community-edited)",chưa dịch lại theo định nghĩa Wordset mới - vẫn là công thức ghép cũ,
head+room,headroom,[head+room],0-2-0,noun,/ˈhɛˌdɹum/,real,the capacity of a system to reproduce loud sounds without distortion,"head+room(đầu, người đứng đầu + căn phòng)","Wordset Dictionary (wordset.org, WordNet-based, community-edited)",chưa dịch lại theo định nghĩa Wordset mới - vẫn là công thức ghép cũ,
head+set,headset,[head+set],0-2-0,noun,/ˈhɛdˌsɛt/,real,receiver consisting of a pair of headphones,"head+set(đầu, người đứng đầu + đặt, bộ)","Wordset Dictionary (wordset.org, WordNet-based, community-edited)",chưa dịch lại theo định nghĩa Wordset mới - vẫn là công thức ghép cũ,
head+stand,headstand,[head+stand],0-2-0,noun,/hˈɛdstænd/,real,an acrobatic feat in which a person balances on the head (usually with the help of the hands),"head+stand(đầu, người đứng đầu + đứng)","Wordset Dictionary (wordset.org, WordNet-based, community-edited)",chưa dịch lại theo định nghĩa Wordset mới - vẫn là công thức ghép cũ,
head+stone,headstone,[head+stone],0-2-0,noun,/ˈhɛdˌstoʊn/,real,a stone that is used to mark a grave,"head+stone(đầu, người đứng đầu + đá)","Wordset Dictionary (wordset.org, WordNet-based, community-edited)",chưa dịch lại theo định nghĩa Wordset mới - vẫn là công thức ghép cũ,
head+strong,headstrong,[head+strong],0-2-0,adjective,/ˈhɛdˌstɹɔŋ/,real,habitually disposed to disobedience and opposition,"head+strong(đầu, người đứng đầu + mạnh mẽ)","Wordset Dictionary (wordset.org, WordNet-based, community-edited)",chưa dịch lại theo định nghĩa Wordset mới - vẫn là công thức ghép cũ,
head+wall,headwalls,[head+wall],0-2-0,noun,/hˈɛdwɔːlz/,"generated (espeak-ng G2P, algorithmic)","head+wall(the part of the body on top of the neck containing the eyes, nose, mouth and brain + a long, solid structure that rises straight up from the ground, made of stone, brick or concrete, that surrounds, divides or protects an area of land)","head+wall(đầu, người đứng đầu + bức tường)","compositional (generated, unverified)",công thức ghép (chưa xác thực),"số nhiều của ""headwall"", thuật ngữ kỹ thuật/địa lý có thật"
head+water,headwaters,[head+water],0-2-0,noun,/ˈhɛdˌwɔtɝz/,real,"head+water(the part of the body on top of the neck containing the eyes, nose, mouth and brain + a liquid without colour, smell or taste that falls as rain, is in lakes, rivers and seas, and is used for drinking, washing, etc.)","head+water(đầu, người đứng đầu + nước)","compositional (generated, unverified)",công thức ghép (chưa xác thực),
head+way,headway,[head+way],0-2-0,noun,/ˈhɛdˌweɪ/,real,forward movement,"head+way(đầu, người đứng đầu + con đường, cách thức)","Wordset Dictionary (wordset.org, WordNet-based, community-edited)",chưa dịch lại theo định nghĩa Wordset mới - vẫn là công thức ghép cũ,
head+wind,headwind,[head+wind],0-2-0,noun,/ˈhɛdˌwɪnd/,real,wind blowing opposite to the path of a ship or aircraft,"head+wind(đầu, người đứng đầu + gió)","Wordset Dictionary (wordset.org, WordNet-based, community-edited)",chưa dịch lại theo định nghĩa Wordset mới - vẫn là công thức ghép cũ,
head+word,headword,[head+word],0-2-0,noun,/hˈɛdwɜːd/,"generated (espeak-ng G2P, algorithmic)",a word placed at the beginning of a line or paragraph (as in a dictionary entry),"head+word(đầu, người đứng đầu + từ ngữ)","Wordset Dictionary (wordset.org, WordNet-based, community-edited)",chưa dịch lại theo định nghĩa Wordset mới - vẫn là công thức ghép cũ,
hear+say,hearsay,[hear+say],0-2-0,adjective,/ˈhiɹˌseɪ/,real,heard through another rather than directly,hear+say(nghe + nói),"Wordset Dictionary (wordset.org, WordNet-based, community-edited)",chưa dịch lại theo định nghĩa Wordset mới - vẫn là công thức ghép cũ,
heart+beat,heartbeat,[heart+beat],0-2-0,noun,/ˈhɑɹtˌbit/,real,an animating or vital unifying force,"heart+beat(trái tim + đánh, nhịp đập)","Wordset Dictionary (wordset.org, WordNet-based, community-edited)",chưa dịch lại theo định nghĩa Wordset mới - vẫn là công thức ghép cũ,
heart+break,heartbreak,[heart+break],0-2-0,noun,/ˈhɑɹtˌbɹeɪk/,real,intense sorrow caused by loss of a loved one (especially by death),"heart+break(trái tim + phá vỡ, nghỉ giải lao)","Wordset Dictionary (wordset.org, WordNet-based, community-edited)",chưa dịch lại theo định nghĩa Wordset mới - vẫn là công thức ghép cũ,
heart+break,heartbreakingly,[heart+break]-ly,0-2-1,adverb,/hˈɑːtbɹeɪkɪŋli/,real,"heart+break(the organ in the chest that sends blood around the body, usually on the left in humans + a short period of time when you stop what you are doing and rest, eat, etc.) + -ly(adverb of manner / adjective (like))","heart+break(trái tim + phá vỡ, nghỉ giải lao) + -ly(trạng từ chỉ cách thức / tính từ (giống như))","compositional (generated, unverified)",công thức ghép (chưa xác thực),
heart+burn,heartburn,[heart+burn],0-2-0,noun,/ˈhɑɹtˌbɝn/,real,a painful burning sensation in the chest caused by backflow from the stomach irritating the esophagus,heart+burn(trái tim + đốt cháy),"Wordset Dictionary (wordset.org, WordNet-based, community-edited)",chưa dịch lại theo định nghĩa Wordset mới - vẫn là công thức ghép cũ,
heart+sick,heartsick,[heart+sick],0-2-0,adjective,/hˈɑːtsɪk/,real,without or almost without hope,heart+sick(trái tim + ốm đau),"Wordset Dictionary (wordset.org, WordNet-based, community-edited)",chưa dịch lại theo định nghĩa Wordset mới - vẫn là công thức ghép cũ,
heart+string,heartstrings,[heart+string],0-2-0,noun,/hˈɑːtstɹɪŋz/,real,your deepest feelings of love and compassion,"heart+string(trái tim + dây, chuỗi)","Wordset Dictionary (wordset.org, WordNet-based, community-edited)",chưa dịch lại theo định nghĩa Wordset mới - vẫn là công thức ghép cũ,
heart+warm,heartwarmingly,[heart+warm]-ly,0-2-1,adverb,/hˈɑːɹtwɔːɹmɪŋli/,"generated (espeak-ng G2P, algorithmic)","heart+warm(the organ in the chest that sends blood around the body, usually on the left in humans + at a fairly high temperature in a way that is pleasant, rather than being hot or cold) + -ly(adverb of manner / adjective (like))",heart+warm(trái tim + ấm áp) + -ly(trạng từ chỉ cách thức / tính từ (giống như)),"compositional (generated, unverified)",công thức ghép (chưa xác thực),"trạng từ từ ""heartwarming"""
heart+warm,heartwarming,[heart+warm],0-2-0,adjective,/ˈhɑɹtˌwɔɹmɪŋ/,real,causing gladness and pleasure,heart+warm(trái tim + ấm áp),"Wordset Dictionary (wordset.org, WordNet-based, community-edited)",chưa dịch lại theo định nghĩa Wordset mới - vẫn là công thức ghép cũ,
heart+wood,heartwood,[heart+wood],0-2-0,noun,/ˈhɑɹtˌwʊd/,real,the older inactive central wood of a tree or woody plant,heart+wood(trái tim + gỗ),"Wordset Dictionary (wordset.org, WordNet-based, community-edited)",chưa dịch lại theo định nghĩa Wordset mới - vẫn là công thức ghép cũ,
heat+stroke,heatstroke,[heat+stroke],0-2-0,noun,/hˈiːtstɹəʊk/,real,collapse caused by exposure to excessive heat,"heat+stroke(nhiệt, sức nóng + cú đánh, đột quỵ)","Wordset Dictionary (wordset.org, WordNet-based, community-edited)",chưa dịch lại theo định nghĩa Wordset mới - vẫn là công thức ghép cũ,
heat+wave,heatwave,[heat+wave],0-2-0,noun,/hˈiːtweɪv/,real,"heat+wave(the quality of being hot + a raised line of water that moves across the surface of the sea, ocean, etc.)","heat+wave(nhiệt, sức nóng + sóng, vẫy tay)","compositional (generated, unverified)",công thức ghép (chưa xác thực),
heavy+weigh,heavyweight,[heavy+weigh]-t,0-2-1,noun,/ˈhɛviˌweɪt/,real,a person of exceptional importance and reputation,"heavy+weigh(nặng nề + cân nặng) + -t([NGỮ PHÁP] đuôi chia động từ bất quy tắc (VD burnt, dealt) — không mang nghĩa riêng)","Wordset Dictionary (wordset.org, WordNet-based, community-edited)",chưa dịch lại theo định nghĩa Wordset mới - vẫn là công thức ghép cũ,
hell+cat,hellcat,[hell+cat],0-2-0,noun,/hˈɛlkæt/,real,a malicious woman with a fierce temper,hell+cat(địa ngục + con mèo),"Wordset Dictionary (wordset.org, WordNet-based, community-edited)",chưa dịch lại theo định nghĩa Wordset mới - vẫn là công thức ghép cũ,
hell+fire,hellfire,[hell+fire],0-2-0,noun,/ˈhɛɫˌfaɪɹ/,real,a place of eternal fire envisaged as punishment for the damned,"hell+fire(địa ngục + lửa, sa thải)","Wordset Dictionary (wordset.org, WordNet-based, community-edited)",chưa dịch lại theo định nghĩa Wordset mới - vẫn là công thức ghép cũ,
help+mate,helpmate,[help+mate],0-2-0,noun,/hˈɛlpmeɪt/,"generated (espeak-ng G2P, algorithmic)",a helpful partner,"help+mate(giúp đỡ + bạn đời, bạn bè)","Wordset Dictionary (wordset.org, WordNet-based, community-edited)",chưa dịch lại theo định nghĩa Wordset mới - vẫn là công thức ghép cũ,
help+meet,helpmeet,[help+meet],0-2-0,noun,/hˈɛlpmiːt/,real,a helpful partner,help+meet(giúp đỡ + gặp gỡ),"Wordset Dictionary (wordset.org, WordNet-based, community-edited)",chưa dịch lại theo định nghĩa Wordset mới - vẫn là công thức ghép cũ,
hence+forth,henceforth,[hence+forth],0-2-0,adverb,/ˈhɛnsˈfɔɹθ/,real,from this time forth,hence+forth(do đó + về phía trước),"Wordset Dictionary (wordset.org, WordNet-based, community-edited)",chưa dịch lại theo định nghĩa Wordset mới - vẫn là công thức ghép cũ,
hence+forward,henceforward,[hence+forward],0-2-0,adverb,/hˌɛnsɪfˈɔːwəd/,real,from this time forth,hence+forward(do đó + về phía trước),"Wordset Dictionary (wordset.org, WordNet-based, community-edited)",chưa dịch lại theo định nghĩa Wordset mới - vẫn là công thức ghép cũ,
her+self,herself,[her+self],0-2-0,pronoun,/hɝˈsɛɫf/,real,used when the woman or girl who performs an action is also affected by it,her+self(của cô ấy + bản thân),Oxford 5000 (verified),,
here+about,hereabout,[here+about],0-2-0,adverb,/ˈhɪɹəˌbaʊt/,real,in this general vicinity,"here+about(ở đây + về, khoảng)","Wordset Dictionary (wordset.org, WordNet-based, community-edited)",chưa dịch lại theo định nghĩa Wordset mới - vẫn là công thức ghép cũ,
here+after,hereafter,[here+after],0-2-0,adverb,/hɪˈɹæftɝ/,real,following this in time or order or place,"here+after(ở đây + sau, phía sau)","Wordset Dictionary (wordset.org, WordNet-based, community-edited)",chưa dịch lại theo định nghĩa Wordset mới - vẫn là công thức ghép cũ,
here+by,hereby,[here+by],0-2-0,adverb,/hɪɹˈbaɪ/,real,by means of this,"here+by(ở đây + bởi, bằng)","Wordset Dictionary (wordset.org, WordNet-based, community-edited)",chưa dịch lại theo định nghĩa Wordset mới - vẫn là công thức ghép cũ,
here+in,herein,[here+in],0-2-0,adverb,/hɪˈɹɪn/,real,in this place or thing or document,"here+in(ở đây + trong, vào)","Wordset Dictionary (wordset.org, WordNet-based, community-edited)",chưa dịch lại theo định nghĩa Wordset mới - vẫn là công thức ghép cũ,
here+in+after,hereinafter,[here+in+after],0-3-0,adverb,/hˈɪɹɪnˌæftɚ/,"generated (espeak-ng G2P, algorithmic)",in a subsequent part of this document or statement or matter etc.,"here+in+after(ở đây + trong, vào + sau, phía sau)","Wordset Dictionary (wordset.org, WordNet-based, community-edited)",chưa dịch lại theo định nghĩa Wordset mới - vẫn là công thức ghép cũ,
here+of,hereof,[here+of],0-2-0,adverb,/hˈiəɹɒf/,real,of or concerning this,here+of(ở đây + của),"Wordset Dictionary (wordset.org, WordNet-based, community-edited)",chưa dịch lại theo định nghĩa Wordset mới - vẫn là công thức ghép cũ,
here+to,hereto,[here+to],0-2-0,adverb,/hiətˈuː/,real,to this writing or document,here+to(ở đây + đến),"Wordset Dictionary (wordset.org, WordNet-based, community-edited)",chưa dịch lại theo định nghĩa Wordset mới - vẫn là công thức ghép cũ,
here+under,hereunder,[here+under],0-2-0,adverb,/hˈiəɹʌndɐ/,real,under the terms of this agreement,here+under(ở đây + ở dưới),"Wordset Dictionary (wordset.org, WordNet-based, community-edited)",chưa dịch lại theo định nghĩa Wordset mới - vẫn là công thức ghép cũ,
here+upon,hereupon,[here+upon],0-2-0,adverb,/hˈɪɹəpˌɑːn/,"generated (espeak-ng G2P, algorithmic)",immediately after this,here+upon(ở đây + trên (trang trọng)),"Wordset Dictionary (wordset.org, WordNet-based, community-edited)",chưa dịch lại theo định nghĩa Wordset mới - vẫn là công thức ghép cũ,
here+with,herewith,[here+with],0-2-0,adverb,/ˈhɪɹˈwɪθ/,real,(formal) by means of this,here+with(ở đây + với),"Wordset Dictionary (wordset.org, WordNet-based, community-edited)",chưa dịch lại theo định nghĩa Wordset mới - vẫn là công thức ghép cũ,
hide+away,hideaway,[hide+away],0-2-0,noun,/ˈhaɪdəˌweɪ/,real,an area where you can be alone,"hide+away(giấu + xa, đi xa)","Wordset Dictionary (wordset.org, WordNet-based, community-edited)",chưa dịch lại theo định nghĩa Wordset mới - vẫn là công thức ghép cũ,
hide+bound,hidebound,[hide+bound],0-2-0,adjective,/ˈhaɪdˌbaʊnd/,real,stubbornly conservative and narrow-minded,"hide+bound(giấu + ràng buộc, giới hạn)","Wordset Dictionary (wordset.org, WordNet-based, community-edited)",chưa dịch lại theo định nghĩa Wordset mới - vẫn là công thức ghép cũ,
hide+out,hideout,[hide+out],0-2-0,noun,/ˈhaɪˌdaʊt/,real,a hiding place,hide+out(giấu + ra ngoài),"Wordset Dictionary (wordset.org, WordNet-based, community-edited)",chưa dịch lại theo định nghĩa Wordset mới - vẫn là công thức ghép cũ,
high+ball,highball,[high+ball],0-2-0,noun,/hˈaɪbɔːl/,real,a mixed drink made of alcoholic liquor mixed with water or a carbonated beverage and served in a tall glass,high+ball(cao + quả bóng),"Wordset Dictionary (wordset.org, WordNet-based, community-edited)",chưa dịch lại theo định nghĩa Wordset mới - vẫn là công thức ghép cũ,
high+board,highboard,[high+board],0-2-0,noun,/hˈaɪboːɹd/,"generated (espeak-ng G2P, algorithmic)",a high diving board,"high+board(cao + ban, bảng, tấm ván)","Wordset Dictionary (wordset.org, WordNet-based, community-edited)",chưa dịch lại theo định nghĩa Wordset mới - vẫn là công thức ghép cũ,
high+born,highborn,[high+born],0-2-0,adjective,/hˈaɪbɔːn/,real,belonging to the peerage,high+born(cao + sinh ra),"Wordset Dictionary (wordset.org, WordNet-based, community-edited)",chưa dịch lại theo định nghĩa Wordset mới - vẫn là công thức ghép cũ,
high+boy,highboy,[high+boy],0-2-0,noun,/ˈhaɪˌbɔɪ/,real,a tall chest of drawers divided into two sections and supported on four legs,high+boy(cao + con trai),"Wordset Dictionary (wordset.org, WordNet-based, community-edited)",chưa dịch lại theo định nghĩa Wordset mới - vẫn là công thức ghép cũ,
high+flow,highflown,[high+flow]-n,0-2-1,unknown,/hˈaɪfloʊn/,"generated (espeak-ng G2P, algorithmic)","high+flow(measuring a long distance from the bottom to the top + the steady and continuous movement of something/somebody in one direction) + -n([INFLECTION] past-participle ending (VD: blown, drawn))","high+flow(cao + dòng chảy) + -n([NGỮ PHÁP] đuôi phân từ quá khứ (VD blown, drawn))","compositional (generated, unverified)",công thức ghép (chưa xác thực),"dạng liền của ""high-flown"" (khoa trương)"
high+fly,highflyer,[high+fly]-er,0-2-1,noun,/hˈaɪflaɪɚ/,"generated (espeak-ng G2P, algorithmic)",a person of great ability and ambition,"high+fly(cao + bay, ruồi) + -er(người làm việc gì; so sánh hơn)","Wordset Dictionary (wordset.org, WordNet-based, community-edited)",chưa dịch lại theo định nghĩa Wordset mới - vẫn là công thức ghép cũ,
high+fly,highflying,[high+fly],0-2-0,adjective,/ˈhaɪˌfɫaɪɪŋ/,real,extravagant or ambitious or extreme in aims or opinions,"high+fly(cao + bay, ruồi)","Wordset Dictionary (wordset.org, WordNet-based, community-edited)",chưa dịch lại theo định nghĩa Wordset mới - vẫn là công thức ghép cũ,
high+land,highland,[high+land],0-2-0,adjective,/ˈhaɪɫənd/,real,used of high or hilly country,high+land(cao + đất đai),"Wordset Dictionary (wordset.org, WordNet-based, community-edited)",chưa dịch lại theo định nghĩa Wordset mới - vẫn là công thức ghép cũ,
high+land,highlander,[high+land]-er,0-2-1,noun,/ˈhaɪˌɫændɝ/,real,"An inhabitant of highlands, especially of the Highlands ofScotland.",high+land(cao + đất đai) + -er(người làm việc gì; so sánh hơn),"Webster's Unabridged Dictionary (1913, public domain)",công thức ghép (chưa xác thực),
high+light,highlight,[high+light],0-2-0,noun,/ˈhaɪˌɫaɪt/,real,"the best, most interesting or most exciting part of something","high+light(cao + ánh sáng, nhẹ)",Oxford 5000 (verified),,
high+pitch,highpitched,[high+pitch],0-2-0,adjective,/hˈaɪpɪtʃt/,"generated (espeak-ng G2P, algorithmic)",high+pitch(measuring a long distance from the bottom to the top + an area of ground specially prepared and marked for playing a sports game),"high+pitch(cao + sân bóng, cao độ)","compositional (generated, unverified)",công thức ghép (chưa xác thực),"dạng liền của ""high-pitched"" (âm cao)"
high+point,highpoint,[high+point],0-2-0,adjective,/hˈaɪpɔɪnt/,real,high+point(measuring a long distance from the bottom to the top + a thing that somebody says or writes giving their opinion or stating a fact),"high+point(cao + điểm, chỉ ra)","compositional (generated, unverified)",công thức ghép (chưa xác thực),
high+road,highroad,[high+road],0-2-0,noun,/hˈaɪɹəʊd/,real,a highway,high+road(cao + con đường),"Wordset Dictionary (wordset.org, WordNet-based, community-edited)",chưa dịch lại theo định nghĩa Wordset mới - vẫn là công thức ghép cũ,
high+school,highschool,[high+school],0-2-0,noun,/ˈhaɪˌskuɫ/,real,a public secondary school usually including grades 9 through 12,high+school(cao + trường học),"Wordset Dictionary (wordset.org, WordNet-based, community-edited)",chưa dịch lại theo định nghĩa Wordset mới - vẫn là công thức ghép cũ,
high+way,superhighways,super-[high+way],1-2-0,adjective,/ˌsupɝˈhaɪˌweɪz/,real,"super-(above, beyond, extremely) + high+way(measuring a long distance from the bottom to the top + very far; by a large amount)","super-(trên, vượt trội, cực kỳ) + high+way(cao + con đường, cách thức)","compositional (generated, unverified)",công thức ghép (chưa xác thực),
high+way,highway,[high+way],0-2-0,noun,/ˈhaɪˌweɪ/,real,"a main road for travelling long distances, especially one connecting and going through cities and towns","high+way(cao + con đường, cách thức)",Oxford 5000 (verified),,
high+way+man,highwayman,[high+way+man],0-3-0,noun,/hˈaɪweɪmən/,real,a holdup man who stops a vehicle and steals from it,"high+way+man(cao + con đường, cách thức + đàn ông)","Wordset Dictionary (wordset.org, WordNet-based, community-edited)",chưa dịch lại theo định nghĩa Wordset mới - vẫn là công thức ghép cũ,
hill+bill,hillbilly,[hill+bill]-y,0-2-1,noun,/ˈhɪɫbɪɫi/,real,a disparaging term for an unsophisticated person,"hill+bill(đồi + hóa đơn, dự luật) + -y(có tính chất; danh từ/tính từ)","Wordset Dictionary (wordset.org, WordNet-based, community-edited)",chưa dịch lại theo định nghĩa Wordset mới - vẫn là công thức ghép cũ,
hill+side,hillside,[hill+side],0-2-0,noun,/ˈhɪɫˌsaɪd/,real,the side or slope of a hill,hill+side(đồi + bên cạnh),"Wordset Dictionary (wordset.org, WordNet-based, community-edited)",chưa dịch lại theo định nghĩa Wordset mới - vẫn là công thức ghép cũ,
hill+top,hilltops,[hill+top],0-2-0,noun,/ˈhɪɫˌtɑps/,real,"hill+top(an area of land that is higher than the land around it, but not as high as a mountain + highest in position)","hill+top(đồi + đỉnh, trên cùng)","compositional (generated, unverified)",công thức ghép (chưa xác thực),
him+self,himself,[him+self],0-2-0,pronoun,/hɪmˈsɛɫf/,real,used when the man or boy who performs an action is also affected by it,him+self(anh ấy + bản thân),Oxford 5000 (verified),,
hip+line,hipline,[hip+line],0-2-0,noun,/hˈɪplaɪn/,"generated (espeak-ng G2P, algorithmic)",the line formed by the lower edge of hip-length garment,hip+line(hông + đường kẻ),"Wordset Dictionary (wordset.org, WordNet-based, community-edited)",chưa dịch lại theo định nghĩa Wordset mới - vẫn là công thức ghép cũ,
his+self,hisself,[his+self],0-2-0,determiner,/ˌhɪˈsɛɫf/,real,"his+self(of or belonging to a man or boy who has already been mentioned or is easily identified + the type of person you are, especially the way you normally behave, look or feel)",his+self(của anh ấy + bản thân),"compositional (generated, unverified)",công thức ghép (chưa xác thực),
hobby+horse,hobbyhorse,[hobby+horse],0-2-0,noun,/hˈɒbɪhˌɔːs/,real,a child's plaything consisting of an imitation horse mounted on rockers,hobby+horse(sở thích + ngựa),"Wordset Dictionary (wordset.org, WordNet-based, community-edited)",chưa dịch lại theo định nghĩa Wordset mới - vẫn là công thức ghép cũ,
hold+over,holdover,[hold+over],0-2-0,noun,/ˈhoʊɫˌdoʊvɝ/,real,something that has survived from the past,"hold+over(giữ + ở trên, hơn)","Wordset Dictionary (wordset.org, WordNet-based, community-edited)",chưa dịch lại theo định nghĩa Wordset mới - vẫn là công thức ghép cũ,
hold+up,holdup,[hold+up],0-2-0,noun,/ˈhoʊɫˌdəp/,real,robbery at gunpoint,hold+up(giữ + lên trên),"Wordset Dictionary (wordset.org, WordNet-based, community-edited)",chưa dịch lại theo định nghĩa Wordset mới - vẫn là công thức ghép cũ,
holy+day,holiday,[holy+day],0-2-0,noun,/ˈhɑɫəˌdeɪ/,real,a period of time when you are not at work or school,holy+day(thần thánh + ngày),Oxford 5000 (verified),,
holy+day+make,holidaymaker,[holy+day+make]-er,0-3-1,noun,/hˈɒlɪdˌeɪmeɪkɐ/,real,someone who travels for pleasure,holy+day+make(thần thánh + ngày + làm) + -er(người làm việc gì; so sánh hơn),"Wordset Dictionary (wordset.org, WordNet-based, community-edited)",chưa dịch lại theo định nghĩa Wordset mới - vẫn là công thức ghép cũ,
holy+stone,holystone,[holy+stone],0-2-0,noun,/hˈɑːlɪstˌoʊn/,"generated (espeak-ng G2P, algorithmic)",a soft sandstone used for scrubbing the decks of a ship,holy+stone(thần thánh + đá),"Wordset Dictionary (wordset.org, WordNet-based, community-edited)",chưa dịch lại theo định nghĩa Wordset mới - vẫn là công thức ghép cũ,
home+bound,homebound,[home+bound],0-2-0,adjective,/ˈhoʊmˌbaʊnd/,real,confined usually by illness,"home+bound(nhà + ràng buộc, giới hạn)","Wordset Dictionary (wordset.org, WordNet-based, community-edited)",chưa dịch lại theo định nghĩa Wordset mới - vẫn là công thức ghép cũ,
home+build,homebuilders,[home+build]-er,0-2-1,noun,/ˈhoʊmˌbɪɫdɝz/,real,"home+build(connected with the place where you live + to make something, especially a building, by putting parts together) + -er(person who does; comparative)",home+build(nhà + xây dựng) + -er(người làm việc gì; so sánh hơn),"compositional (generated, unverified)",công thức ghép (chưa xác thực),
home+build,homebuilding,[home+build],0-2-0,adjective,/ˈhoʊmˌbɪɫdɪŋ/,real,"home+build(connected with the place where you live + to make something, especially a building, by putting parts together)",home+build(nhà + xây dựng),"compositional (generated, unverified)",công thức ghép (chưa xác thực),
home+come,homecoming,[home+come],0-2-0,noun,/ˈhoʊmˌkəmɪŋ/,real,a coming to or returning home,home+come(nhà + đến),"Wordset Dictionary (wordset.org, WordNet-based, community-edited)",chưa dịch lại theo định nghĩa Wordset mới - vẫn là công thức ghép cũ,
home+folk,homefolk,[home+folk],0-2-0,noun,/hˈoʊmfoʊk/,"generated (espeak-ng G2P, algorithmic)","the people of your home locality, especially your own family","home+folk(nhà + người dân, dân gian)","Wordset Dictionary (wordset.org, WordNet-based, community-edited)",chưa dịch lại theo định nghĩa Wordset mới - vẫn là công thức ghép cũ,
home+grow,homegrown,[home+grow]-n,0-2-1,adjective,/ˈhoʊmˈɡɹoʊn/,real,grown or originating in a particular place,"home+grow(nhà + phát triển) + -n([NGỮ PHÁP] đuôi phân từ quá khứ (VD blown, drawn))","Wordset Dictionary (wordset.org, WordNet-based, community-edited)",chưa dịch lại theo định nghĩa Wordset mới - vẫn là công thức ghép cũ,
home+land,homeland,[home+land],0-2-0,noun,/ˈhoʊmˌɫænd/,real,the country where a person was born,home+land(nhà + đất đai),Oxford 5000 (verified),,
home+like,homelike,[home+like],0-2-0,adjective,/ˈhoʊmˌɫaɪk/,real,having a feeling of home,"home+like(nhà + thích, giống như)","Wordset Dictionary (wordset.org, WordNet-based, community-edited)",chưa dịch lại theo định nghĩa Wordset mới - vẫn là công thức ghép cũ,
home+make,homemade,[home+make],0-2-0,adjective,/ˈhoʊˈmeɪd/,real,made or produced in the home or by yourself,home+make(nhà + làm),"Wordset Dictionary (wordset.org, WordNet-based, community-edited)",chưa dịch lại theo định nghĩa Wordset mới - vẫn là công thức ghép cũ,
home+make,homemaker,[home+make]-er,0-2-1,noun,/ˈhoʊmˌmeɪkɝ/,real,a wife who manages a household while her husband earns the family income,home+make(nhà + làm) + -er(người làm việc gì; so sánh hơn),"Wordset Dictionary (wordset.org, WordNet-based, community-edited)",chưa dịch lại theo định nghĩa Wordset mới - vẫn là công thức ghép cũ,
home+own,homeowners,[home+own]-er,0-2-1,noun,/ˈhoʊˌmoʊnɝz/,real,home+own(connected with the place where you live + used to emphasize that something belongs to or is connected with somebody) + -er(person who does; comparative),home+own(nhà + sở hữu) + -er(người làm việc gì; so sánh hơn),"compositional (generated, unverified)",công thức ghép (chưa xác thực),
home+sick,homesick,[home+sick],0-2-0,adjective,/ˈhoʊmˌsɪk/,real,longing to return home,home+sick(nhà + ốm đau),"Wordset Dictionary (wordset.org, WordNet-based, community-edited)",chưa dịch lại theo định nghĩa Wordset mới - vẫn là công thức ghép cũ,
home+sick,homesickness,[home+sick]-ness,0-2-1,noun,/ˈhoʊmˌsɪknəs/,real,a longing to return home,"home+sick(nhà + ốm đau) + -ness(trạng thái, tính chất (danh từ))","Wordset Dictionary (wordset.org, WordNet-based, community-edited)",chưa dịch lại theo định nghĩa Wordset mới - vẫn là công thức ghép cũ,
home+town,hometown,[home+town],0-2-0,noun,/ˈhoʊmˌtaʊn/,real,the town or city where a person grew up or has their principal residence,home+town(nhà + thị trấn),"Wordset Dictionary (wordset.org, WordNet-based, community-edited)",chưa dịch lại theo định nghĩa Wordset mới - vẫn là công thức ghép cũ,
home+work,homework,[home+work],0-2-0,noun,/ˈhoʊmˌwɝk/,real,work that is given by teachers for students to do at home,home+work(nhà + công việc),Oxford 5000 (verified),,
hook+up,hookup,[hook+up],0-2-0,noun,/ˈhʊˌkəp/,real,a system of components assembled together for a particular purpose,hook+up(móc câu + lên trên),"Wordset Dictionary (wordset.org, WordNet-based, community-edited)",chưa dịch lại theo định nghĩa Wordset mới - vẫn là công thức ghép cũ,
hook+worm,hookworm,[hook+worm],0-2-0,noun,/ˈhʊkwɝm/,real,parasitic bloodsucking roundworms having hooked mouth parts to fasten to the intestinal wall of human and other hosts,hook+worm(móc câu + con giun),"Wordset Dictionary (wordset.org, WordNet-based, community-edited)",chưa dịch lại theo định nghĩa Wordset mới - vẫn là công thức ghép cũ,
horn+beam,hornbeam,[horn+beam],0-2-0,noun,/hˈɔːnbiːm/,real,any of several trees or shrubs of the genus Carpinus,"horn+beam(sừng, còi xe + chùm tia, dầm)","Wordset Dictionary (wordset.org, WordNet-based, community-edited)",chưa dịch lại theo định nghĩa Wordset mới - vẫn là công thức ghép cũ,
horn+bill,hornbill,[horn+bill],0-2-0,noun,/ˈhɔɹnˌbɪɫ/,real,bird of tropical Africa and Asia having a very large bill surmounted by a bony protuberance,"horn+bill(sừng, còi xe + hóa đơn, dự luật)","Wordset Dictionary (wordset.org, WordNet-based, community-edited)",chưa dịch lại theo định nghĩa Wordset mới - vẫn là công thức ghép cũ,
horn+like,hornlike,[horn+like],0-2-0,adjective,/ˈhɔɹnˌɫaɪk/,real,made of horn (or of a substance resembling horn),"horn+like(sừng, còi xe + thích, giống như)","Wordset Dictionary (wordset.org, WordNet-based, community-edited)",chưa dịch lại theo định nghĩa Wordset mới - vẫn là công thức ghép cũ,
horn+pipe,hornpipe,[horn+pipe],0-2-0,noun,/ˈhɔɹnpaɪp/,real,a British solo dance performed by sailors,"horn+pipe(sừng, còi xe + ống dẫn)","Wordset Dictionary (wordset.org, WordNet-based, community-edited)",chưa dịch lại theo định nghĩa Wordset mới - vẫn là công thức ghép cũ,
horse+back,horseback,[horse+back],0-2-0,adverb,/ˈhɔɹsˌbæk/,real,on the back of a horse,"horse+back(ngựa + lưng, phía sau)","Wordset Dictionary (wordset.org, WordNet-based, community-edited)",chưa dịch lại theo định nghĩa Wordset mới - vẫn là công thức ghép cũ,
horse+box,horsebox,[horse+box],0-2-0,noun,/hˈɔːsbɒks/,real,"a conveyance, railroad car or trailer, for transporting racehorses",horse+box(ngựa + hộp),"Wordset Dictionary (wordset.org, WordNet-based, community-edited)",chưa dịch lại theo định nghĩa Wordset mới - vẫn là công thức ghép cũ,
horse+flesh,horseflesh,[horse+flesh],0-2-0,noun,/ˈhɔɹsˌfɫɛʃ/,real,the flesh of horses as food,horse+flesh(ngựa + thịt (cơ thể)),"Wordset Dictionary (wordset.org, WordNet-based, community-edited)",chưa dịch lại theo định nghĩa Wordset mới - vẫn là công thức ghép cũ,
horse+fly,horsefly,[horse+fly],0-2-0,noun,/hˈɔːsflaɪ/,real,large swift fly the female of which sucks blood of various animals,"horse+fly(ngựa + bay, ruồi)","Wordset Dictionary (wordset.org, WordNet-based, community-edited)",chưa dịch lại theo định nghĩa Wordset mới - vẫn là công thức ghép cũ,
horse+hair,horsehair,[horse+hair],0-2-0,noun,/hˈɔːsheə/,real,a fabric made from fibers taken from the mane or tail of horses,horse+hair(ngựa + tóc),"Wordset Dictionary (wordset.org, WordNet-based, community-edited)",chưa dịch lại theo định nghĩa Wordset mới - vẫn là công thức ghép cũ,
horse+laugh,horselaugh,[horse+laugh],0-2-0,noun,/hˈɔːɹslæf/,"generated (espeak-ng G2P, algorithmic)",a loud laugh that sounds like a horse neighing,horse+laugh(ngựa + cười),"Wordset Dictionary (wordset.org, WordNet-based, community-edited)",chưa dịch lại theo định nghĩa Wordset mới - vẫn là công thức ghép cũ,
horse+like,horselike,[horse+like],0-2-0,noun,/hˈɔːɹslaɪk/,"generated (espeak-ng G2P, algorithmic)","horse+like(a large animal with four legs, a mane (= long thick hair on its neck) and a tail. Horses are used for riding on, pulling carriages, etc. + the things that you like)","horse+like(ngựa + thích, giống như)","compositional (generated, unverified)",công thức ghép (chưa xác thực),
horse+man,horseman,[horse+man],0-2-0,noun,/ˈhɔɹsmən/,real,a person who breeds and cares for horses,horse+man(ngựa + đàn ông),"Wordset Dictionary (wordset.org, WordNet-based, community-edited)",chưa dịch lại theo định nghĩa Wordset mới - vẫn là công thức ghép cũ,
horse+man,horsemanship,[horse+man]-ship,0-2-1,noun,/ˈhɔɹsmənʃɪp/,real,skill in handling and riding horses,"horse+man(ngựa + đàn ông) + -ship(trạng thái, điều kiện, kỹ năng (danh từ))","Wordset Dictionary (wordset.org, WordNet-based, community-edited)",chưa dịch lại theo định nghĩa Wordset mới - vẫn là công thức ghép cũ,
horse+meat,horsemeat,[horse+meat],0-2-0,noun,/hˈɔːɹsmiːt/,"generated (espeak-ng G2P, algorithmic)",the flesh of horses as food,horse+meat(ngựa + thịt),"Wordset Dictionary (wordset.org, WordNet-based, community-edited)",chưa dịch lại theo định nghĩa Wordset mới - vẫn là công thức ghép cũ,
horse+play,horseplay,[horse+play],0-2-0,noun,/ˈhɔɹsˌpɫeɪ/,real,rowdy or boisterous play,horse+play(ngựa + chơi),"Wordset Dictionary (wordset.org, WordNet-based, community-edited)",chưa dịch lại theo định nghĩa Wordset mới - vẫn là công thức ghép cũ,
horse+power,horsepower,[horse+power],0-2-0,noun,/ˈhɔɹˌspaʊɝ/,real,a unit of power equal to 746 watts,"horse+power(ngựa + quyền lực, sức mạnh)","Wordset Dictionary (wordset.org, WordNet-based, community-edited)",chưa dịch lại theo định nghĩa Wordset mới - vẫn là công thức ghép cũ,
horse+race,horseracing,[horse+race],0-2-0,noun,/hˈɔːsɹeɪsɪŋ/,real,"horse+race(a large animal with four legs, a mane (= long thick hair on its neck) and a tail. Horses are used for riding on, pulling carriages, etc. + a competition between people, animals, vehicles, etc. to see which one is the faster or fastest)","horse+race(ngựa + cuộc đua, chủng tộc)","compositional (generated, unverified)",công thức ghép (chưa xác thực),
horse+shoe,horseshoe,[horse+shoe],0-2-0,noun,/ˈhɔɹsˌʃu/,real,U-shaped plate nailed to underside of horse's hoof,horse+shoe(ngựa + giày),"Wordset Dictionary (wordset.org, WordNet-based, community-edited)",chưa dịch lại theo định nghĩa Wordset mới - vẫn là công thức ghép cũ,
horse+whip,horsewhip,[horse+whip],0-2-0,noun,/hˈɔːswɪp/,real,a whip for controlling horses,horse+whip(ngựa + roi da),"Wordset Dictionary (wordset.org, WordNet-based, community-edited)",chưa dịch lại theo định nghĩa Wordset mới - vẫn là công thức ghép cũ,
horse+woman,horsewoman,[horse+woman],0-2-0,noun,/hˈɔːswʊmən/,real,a woman horseman,horse+woman(ngựa + phụ nữ),"Wordset Dictionary (wordset.org, WordNet-based, community-edited)",chưa dịch lại theo định nghĩa Wordset mới - vẫn là công thức ghép cũ,
hot+bed,hotbed,[hot+bed],0-2-0,noun,/ˈhɑtˌbɛd/,real,a bed of earth covered with glass and heated by rotting manure to promote the growth of plants,hot+bed(nóng + giường),"Wordset Dictionary (wordset.org, WordNet-based, community-edited)",chưa dịch lại theo định nghĩa Wordset mới - vẫn là công thức ghép cũ,
hot+dog,hotdogs,[hot+dog],0-2-0,adjective,/ˈhɑtˌdɔɡz/,real,"hot+dog(having a high temperature; producing heat + an animal with four legs and a tail, often kept as a pet or trained for work, for example hunting or guarding buildings. There are many types of dog, some of which are wild.)",hot+dog(nóng + con chó),"compositional (generated, unverified)",công thức ghép (chưa xác thực),
hot+foot,hotfoot,[hot+foot],0-2-0,adverb,/hˈɒtfʊt/,real,without delay,hot+foot(nóng + bàn chân),"Wordset Dictionary (wordset.org, WordNet-based, community-edited)",chưa dịch lại theo định nghĩa Wordset mới - vẫn là công thức ghép cũ,
hot+head,hotheadedly,[hot+head]-ly,0-2-1,adverb,/hˈɑːthɪdᵻdli/,"generated (espeak-ng G2P, algorithmic)","hot+head(having a high temperature; producing heat + the part of the body on top of the neck containing the eyes, nose, mouth and brain) + -ly(adverb of manner / adjective (like))","hot+head(nóng + đầu, người đứng đầu) + -ly(trạng từ chỉ cách thức / tính từ (giống như))","compositional (generated, unverified)",công thức ghép (chưa xác thực),
hot+head,hothead,[hot+head],0-2-0,noun,/hˈɒthɛd/,real,a reckless impetuous irresponsible person,"hot+head(nóng + đầu, người đứng đầu)","Wordset Dictionary (wordset.org, WordNet-based, community-edited)",chưa dịch lại theo định nghĩa Wordset mới - vẫn là công thức ghép cũ,
hot+house,hothouse,[hot+house],0-2-0,noun,/ˈhɑtˌhaʊs/,real,a greenhouse in which plants are arranged in a pleasing manner,hot+house(nóng + ngôi nhà),"Wordset Dictionary (wordset.org, WordNet-based, community-edited)",chưa dịch lại theo định nghĩa Wordset mới - vẫn là công thức ghép cũ,
hot+plate,hotplate,[hot+plate],0-2-0,noun,/hˈɒtpleɪt/,real,a portable electric appliance for heating or cooking or keeping food warm,hot+plate(nóng + đĩa),"Wordset Dictionary (wordset.org, WordNet-based, community-edited)",chưa dịch lại theo định nghĩa Wordset mới - vẫn là công thức ghép cũ,
hot+pot,hotpot,[hot+pot],0-2-0,noun,/ˈhɑtˌpɔt/,real,a stew of meat and potatoes cooked in a tightly covered pot,hot+pot(nóng + nồi),"Wordset Dictionary (wordset.org, WordNet-based, community-edited)",chưa dịch lại theo định nghĩa Wordset mới - vẫn là công thức ghép cũ,
hot+rod,hotrod,[hot+rod],0-2-0,adjective,/hˈɑːtɹɑːd/,"generated (espeak-ng G2P, algorithmic)","hot+rod(having a high temperature; producing heat + a long straight piece of wood, metal or glass)","hot+rod(nóng + que, cần)","compositional (generated, unverified)",công thức ghép (chưa xác thực),
hotel+man,hotelman's,[hotel+man],0-2-0,noun,/hoʊtˈɛlmənz/,"generated (espeak-ng G2P, algorithmic)","hotel+man(a building where people stay, usually for a short time, paying for their rooms and meals + an adult male human)",hotel+man(khách sạn + đàn ông),"compositional (generated, unverified)",công thức ghép (chưa xác thực),
hour+glass,hourglass,[hour+glass],0-2-0,noun,/ˈaʊɝˌɡɫæs/,real,a sandglass that runs for sixty minutes,"hour+glass(giờ + kính, ly)","Wordset Dictionary (wordset.org, WordNet-based, community-edited)",chưa dịch lại theo định nghĩa Wordset mới - vẫn là công thức ghép cũ,
hour+log,horology,[hour+log]-y,0-2-1,noun,/hɒɹˈɒlədʒi/,real,the art of designing and making clocks,"hour+log(giờ + khúc gỗ, nhật ký) + -y(có tính chất; danh từ/tính từ)","Wordset Dictionary (wordset.org, WordNet-based, community-edited)",chưa dịch lại theo định nghĩa Wordset mới - vẫn là công thức ghép cũ,
hour+scope,horoscope,[hour+scope],0-2-0,noun,/ˈhɔɹəˌskoʊp/,real,a diagram of the positions of the planets and signs of the zodiac at a particular time and place,hour+scope(giờ + phạm vi),"Wordset Dictionary (wordset.org, WordNet-based, community-edited)",chưa dịch lại theo định nghĩa Wordset mới - vẫn là công thức ghép cũ,
house+boat,houseboat,[house+boat],0-2-0,noun,/ˈhaʊsˌboʊt/,real,a barge that is designed and equipped for use as a dwelling,house+boat(ngôi nhà + thuyền),"Wordset Dictionary (wordset.org, WordNet-based, community-edited)",chưa dịch lại theo định nghĩa Wordset mới - vẫn là công thức ghép cũ,
house+bound,housebound,[house+bound],0-2-0,adjective,/hˈaʊsbaʊnd/,real,confined usually by illness,"house+bound(ngôi nhà + ràng buộc, giới hạn)","Wordset Dictionary (wordset.org, WordNet-based, community-edited)",chưa dịch lại theo định nghĩa Wordset mới - vẫn là công thức ghép cũ,
house+boy,houseboy,[house+boy],0-2-0,noun,/hˈaʊsbɔɪ/,real,"house+boy(a building for people to live in, usually for one family + a male child or a young male person)",house+boy(ngôi nhà + con trai),"compositional (generated, unverified)",công thức ghép (chưa xác thực),
house+break,housebreaker,[house+break]-er,0-2-1,noun,/hˈaʊsbɹeɪkɐ/,real,a burglar who unlawfully breaks into and enters another person's house,"house+break(ngôi nhà + phá vỡ, nghỉ giải lao) + -er(người làm việc gì; so sánh hơn)","Wordset Dictionary (wordset.org, WordNet-based, community-edited)",chưa dịch lại theo định nghĩa Wordset mới - vẫn là công thức ghép cũ,
house+break,housebreaking,[house+break],0-2-0,noun,/hˈaʊsbɹeɪkɪŋ/,real,trespassing for an unlawful purpose,"house+break(ngôi nhà + phá vỡ, nghỉ giải lao)","Wordset Dictionary (wordset.org, WordNet-based, community-edited)",chưa dịch lại theo định nghĩa Wordset mới - vẫn là công thức ghép cũ,
house+coat,housecoat,[house+coat],0-2-0,noun,/hˈaʊskəʊt/,real,a loose dressing gown for women,house+coat(ngôi nhà + áo khoác),"Wordset Dictionary (wordset.org, WordNet-based, community-edited)",chưa dịch lại theo định nghĩa Wordset mới - vẫn là công thức ghép cũ,
house+craft,housecraft,[house+craft],0-2-0,noun,/hˈaʊskɹæft/,"generated (espeak-ng G2P, algorithmic)",skill in domestic management,"house+craft(ngôi nhà + thủ công, chế tạo)","Wordset Dictionary (wordset.org, WordNet-based, community-edited)",chưa dịch lại theo định nghĩa Wordset mới - vẫn là công thức ghép cũ,
house+dog,housedog,[house+dog],0-2-0,noun,/hˈaʊsdɑːɡ/,"generated (espeak-ng G2P, algorithmic)",a dog trained to guard a house,house+dog(ngôi nhà + con chó),"Wordset Dictionary (wordset.org, WordNet-based, community-edited)",chưa dịch lại theo định nghĩa Wordset mới - vẫn là công thức ghép cũ,
house+father,housefather,[house+father],0-2-0,noun,/hˈaʊsfɑːðɚ/,"generated (espeak-ng G2P, algorithmic)",a man in charge of children in an institution,house+father(ngôi nhà + cha),"Wordset Dictionary (wordset.org, WordNet-based, community-edited)",chưa dịch lại theo định nghĩa Wordset mới - vẫn là công thức ghép cũ,
house+fly,housefly,[house+fly],0-2-0,noun,/hˈaʊsflaɪ/,real,common fly that frequents human habitations and spreads many diseases,"house+fly(ngôi nhà + bay, ruồi)","Wordset Dictionary (wordset.org, WordNet-based, community-edited)",chưa dịch lại theo định nghĩa Wordset mới - vẫn là công thức ghép cũ,
house+hold,householder,[house+hold]-er,0-2-1,noun,/ˈhaʊsˌhoʊɫdɝ/,real,someone who owns a home,house+hold(ngôi nhà + giữ) + -er(người làm việc gì; so sánh hơn),"Wordset Dictionary (wordset.org, WordNet-based, community-edited)",chưa dịch lại theo định nghĩa Wordset mới - vẫn là công thức ghép cũ,
house+hold,household,[house+hold],0-2-0,noun,/ˈhaʊsˌhoʊɫd/,real,all the people living together in a house or flat,house+hold(ngôi nhà + giữ),Oxford 5000 (verified),,
house+keep,housekeeping,[house+keep],0-2-0,noun,/ˈhaʊˌskipɪŋ/,real,the work of cleaning and running a house,house+keep(ngôi nhà + giữ),"Wordset Dictionary (wordset.org, WordNet-based, community-edited)",chưa dịch lại theo định nghĩa Wordset mới - vẫn là công thức ghép cũ,
house+keep,housekeeper,[house+keep]-er,0-2-1,noun,/ˈhaʊˌskipɝ/,real,a servant who is employed to perform domestic task in a household,house+keep(ngôi nhà + giữ) + -er(người làm việc gì; so sánh hơn),"Wordset Dictionary (wordset.org, WordNet-based, community-edited)",chưa dịch lại theo định nghĩa Wordset mới - vẫn là công thức ghép cũ,
house+light,houselights,[house+light],0-2-0,noun,/hˈaʊslaɪts/,"generated (espeak-ng G2P, algorithmic)",lights that illuminate the audience's part of a theater or other auditorium,"house+light(ngôi nhà + ánh sáng, nhẹ)","Wordset Dictionary (wordset.org, WordNet-based, community-edited)",chưa dịch lại theo định nghĩa Wordset mới - vẫn là công thức ghép cũ,
house+man,houseman,[house+man],0-2-0,noun,/ˈhaʊsmən/,real,an advanced student or graduate in medicine gaining supervised practical experience,house+man(ngôi nhà + đàn ông),"Wordset Dictionary (wordset.org, WordNet-based, community-edited)",chưa dịch lại theo định nghĩa Wordset mới - vẫn là công thức ghép cũ,
house+master,housemaster,[house+master],0-2-0,noun,/hˈaʊsmɑːstɐ/,real,teacher in charge of a school boardinghouse,house+master(ngôi nhà + bậc thầy),"Wordset Dictionary (wordset.org, WordNet-based, community-edited)",chưa dịch lại theo định nghĩa Wordset mới - vẫn là công thức ghép cũ,
house+mother,housemother,[house+mother],0-2-0,noun,/hˈaʊsmʌðɚ/,"generated (espeak-ng G2P, algorithmic)",a woman employed as a chaperon in a residence for young people,house+mother(ngôi nhà + mẹ),"Wordset Dictionary (wordset.org, WordNet-based, community-edited)",chưa dịch lại theo định nghĩa Wordset mới - vẫn là công thức ghép cũ,
house+paint,housepaint,[house+paint],0-2-0,noun,/hˈaʊspeɪnt/,"generated (espeak-ng G2P, algorithmic)",paint used to cover the exterior woodwork of a house,"house+paint(ngôi nhà + sơn, vẽ)","Wordset Dictionary (wordset.org, WordNet-based, community-edited)",chưa dịch lại theo định nghĩa Wordset mới - vẫn là công thức ghép cũ,
house+proud,houseproud,[house+proud],0-2-0,noun,/hˈaʊspɹaʊd/,real,"house+proud(a building for people to live in, usually for one family + feeling pleased and satisfied about something that you own or have done, or are connected with)",house+proud(ngôi nhà + tự hào),"compositional (generated, unverified)",công thức ghép (chưa xác thực),
house+room,houseroom,[house+room],0-2-0,noun,/hˈaʊsɹuːm/,real,space for accommodation in a house,house+room(ngôi nhà + căn phòng),"Wordset Dictionary (wordset.org, WordNet-based, community-edited)",chưa dịch lại theo định nghĩa Wordset mới - vẫn là công thức ghép cũ,
house+top,housetops,[house+top],0-2-0,noun,/hˈaʊstɒps/,real,"house+top(a building for people to live in, usually for one family + highest in position)","house+top(ngôi nhà + đỉnh, trên cùng)","compositional (generated, unverified)",công thức ghép (chưa xác thực),
house+train,housetrained,[house+train],0-2-0,noun,/hˈaʊstɹeɪnd/,"generated (espeak-ng G2P, algorithmic)","house+train(a building for people to live in, usually for one family + a number of connected coaches or trucks, pulled by an engine or powered by a motor in each one, taking people and goods from one place to another)","house+train(ngôi nhà + tàu hỏa, huấn luyện)","compositional (generated, unverified)",công thức ghép (chưa xác thực),"dạng liền của ""house-trained"" (huấn luyện đi vệ sinh đúng chỗ)"
house+warm,housewarming,[house+warm],0-2-0,noun,/ˈhaʊˌswɑmɪŋ/,real,a party of people assembled to celebrate moving into a new home,house+warm(ngôi nhà + ấm áp),"Wordset Dictionary (wordset.org, WordNet-based, community-edited)",chưa dịch lại theo định nghĩa Wordset mới - vẫn là công thức ghép cũ,
house+wife,housewife,[house+wife],0-2-0,noun,/ˈhaʊˌswaɪf/,real,a wife who manages a household while her husband earns the family income,house+wife(ngôi nhà + vợ),"Wordset Dictionary (wordset.org, WordNet-based, community-edited)",chưa dịch lại theo định nghĩa Wordset mới - vẫn là công thức ghép cũ,
house+wife,housewifely,[house+wife]-ly,0-2-1,adjective,/hˈaʊswaɪfli/,real,related or suited to a housewife,house+wife(ngôi nhà + vợ) + -ly(trạng từ chỉ cách thức / tính từ (giống như)),"Wordset Dictionary (wordset.org, WordNet-based, community-edited)",chưa dịch lại theo định nghĩa Wordset mới - vẫn là công thức ghép cũ,
house+wife,housewifery,[house+wife]-ory,0-2-1,noun,/hˈaʊswɪfəɹi/,real,the work of a housewife,"house+wife(ngôi nhà + vợ) + -ory(thuộc về, nơi chốn (tính từ/danh từ))","Wordset Dictionary (wordset.org, WordNet-based, community-edited)",chưa dịch lại theo định nghĩa Wordset mới - vẫn là công thức ghép cũ,
house+work,housework,[house+work],0-2-0,noun,/ˈhaʊˌswɝk/,real,the work of cleaning and running a house,house+work(ngôi nhà + công việc),"Wordset Dictionary (wordset.org, WordNet-based, community-edited)",chưa dịch lại theo định nghĩa Wordset mới - vẫn là công thức ghép cũ,
how+ever,however,[how+ever],0-2-0,adverb,/ˌhaʊˈɛvɝ/,real,used to introduce a statement that contrasts with something that has just been said,"how+ever(như thế nào + từng, mãi mãi)",Oxford 5000 (verified),,
how+so+ever,howsoever,[how+so+ever],0-3-0,adverb,/haʊsˌəʊˈɛvɐ/,real,"how+so+ever(in what way or manner + to such a great degree + used in negative sentences and questions, or sentences with if to mean ‘at any time’)","how+so+ever(như thế nào + vì vậy + từng, mãi mãi)","compositional (generated, unverified)",công thức ghép (chưa xác thực),
how+some+ever,howsomever,[how+some+ever],0-3-0,adverb,/hˈaʊsoʊmvɚ/,"generated (espeak-ng G2P, algorithmic)","how+some+ever(in what way or manner + used with uncountable nouns or plural countable nouns to mean ‘an amount of’ or ‘a number of’, when the amount or number is not given + used in negative sentences and questions, or sentences with if to mean ‘at any time’)","how+some+ever(như thế nào + một vài + từng, mãi mãi)","compositional (generated, unverified)",công thức ghép (chưa xác thực),
human+kind,humankind,[human+kind],0-2-0,noun,/ˈhjumənˌkaɪnd/,real,all of the living human inhabitants of the earth,"human+kind(con người + tử tế, loại)","Wordset Dictionary (wordset.org, WordNet-based, community-edited)",chưa dịch lại theo định nghĩa Wordset mới - vẫn là công thức ghép cũ,
hundred+weigh,hundredweight,[hundred+weigh]-t,0-2-1,noun,/ˈhəndɹədˌweɪt/,real,a British unit of weight equivalent to 112 pounds,"hundred+weigh(trăm + cân nặng) + -t([NGỮ PHÁP] đuôi chia động từ bất quy tắc (VD burnt, dealt) — không mang nghĩa riêng)","Wordset Dictionary (wordset.org, WordNet-based, community-edited)",chưa dịch lại theo định nghĩa Wordset mới - vẫn là công thức ghép cũ,
hunt+man,huntsman,[hunt+man],0-2-0,noun,/ˈhəntsmən/,real,someone who hunts game,hunt+man(săn bắn + đàn ông),"Wordset Dictionary (wordset.org, WordNet-based, community-edited)",chưa dịch lại theo định nghĩa Wordset mới - vẫn là công thức ghép cũ,
husband+man,husbandman,[husband+man],0-2-0,noun,/hˈʌsbəndmən/,real,a person who operates a farm,husband+man(chồng + đàn ông),"Wordset Dictionary (wordset.org, WordNet-based, community-edited)",chưa dịch lại theo định nghĩa Wordset mới - vẫn là công thức ghép cũ,
ice+bound,icebound,[ice+bound],0-2-0,adjective,/ˈaɪsbaʊnd/,real,locked in by ice,"ice+bound(băng + ràng buộc, giới hạn)","Wordset Dictionary (wordset.org, WordNet-based, community-edited)",chưa dịch lại theo định nghĩa Wordset mới - vẫn là công thức ghép cũ,
ice+box,icebox,[ice+box],0-2-0,noun,/ˈaɪsˌbɑks/,real,white goods in which food can be stored at low temperatures,ice+box(băng + hộp),"Wordset Dictionary (wordset.org, WordNet-based, community-edited)",chưa dịch lại theo định nghĩa Wordset mới - vẫn là công thức ghép cũ,
ice+break,icebreaker,[ice+break]-er,0-2-1,noun,/ˈaɪsˌbɹeɪkɝ/,real,a beginning that relaxes a tense or formal atmosphere,"ice+break(băng + phá vỡ, nghỉ giải lao) + -er(người làm việc gì; so sánh hơn)","Wordset Dictionary (wordset.org, WordNet-based, community-edited)",chưa dịch lại theo định nghĩa Wordset mới - vẫn là công thức ghép cũ,
ice+cap,icecap,[ice+cap],0-2-0,noun,/ˈaɪskæp/,real,"a mass of ice and snow that permanently covers a large area of land (e.g., the polar regions or a mountain peak)",ice+cap(băng + mũ lưỡi trai),"Wordset Dictionary (wordset.org, WordNet-based, community-edited)",chưa dịch lại theo định nghĩa Wordset mới - vẫn là công thức ghép cũ,
ice+free,icefree,[ice+free],0-2-0,noun,/ˈaɪsfɹiː/,"generated (espeak-ng G2P, algorithmic)",ice+free(water that has frozen and become solid + without particular plans or arrangements; not busy),"ice+free(băng + tự do, miễn phí)","compositional (generated, unverified)",công thức ghép (chưa xác thực),"dạng liền của ""ice-free"" (không đóng băng)"
ice+house,icehouse,[ice+house],0-2-0,noun,/ˈaɪshaʊs/,real,a house for storing ice,ice+house(băng + ngôi nhà),"Wordset Dictionary (wordset.org, WordNet-based, community-edited)",chưa dịch lại theo định nghĩa Wordset mới - vẫn là công thức ghép cũ,
ice+man,iceman,[ice+man],0-2-0,noun,/ˈaɪsmæn/,real,a professional killer,ice+man(băng + đàn ông),"Wordset Dictionary (wordset.org, WordNet-based, community-edited)",chưa dịch lại theo định nghĩa Wordset mới - vẫn là công thức ghép cũ,
ice+pack,icepack,[ice+pack],0-2-0,noun,/ˈaɪspæk/,real,"ice+pack(water that has frozen and become solid + a container, usually made of paper, that holds a number of the same thing or an amount of something, ready to be sold)","ice+pack(băng + đóng gói, gói)","compositional (generated, unverified)",công thức ghép (chưa xác thực),
ice+pick,icepick,[ice+pick],0-2-0,noun,/ˈaɪspɪk/,real,pick consisting of a steel rod with a sharp point,"ice+pick(băng + chọn lựa, nhặt)","Wordset Dictionary (wordset.org, WordNet-based, community-edited)",chưa dịch lại theo định nghĩa Wordset mới - vẫn là công thức ghép cũ,
idea+logic,idealogical,[idea+logic]-al,0-2-1,adjective,/aɪdˈiəlˈɑːdʒɪkəl/,"generated (espeak-ng G2P, algorithmic)","idea+logic(a plan, thought or suggestion, especially about what to do in a particular situation + a way of thinking or explaining something) + -al(relating to (adjective); action (noun))",idea+logic(ý tưởng + logic) + -al(thuộc về (tính từ); hành động (danh từ)),"compositional (generated, unverified)",công thức ghép (chưa xác thực),
immune+log,immunology,[immune+log]-y,0-2-1,noun,/ˌɪmjuˈnɑɫədʒi/,real,the branch of medical science that studies the body's immune system,"immune+log(miễn dịch + khúc gỗ, nhật ký) + -y(có tính chất; danh từ/tính từ)","Wordset Dictionary (wordset.org, WordNet-based, community-edited)",chưa dịch lại theo định nghĩa Wordset mới - vẫn là công thức ghép cũ,
in+so+far,insofar,[in+so+far],0-3-0,adverb,/ˈɪnsəfɑɹ/,real,to the degree or extent that,"in+so+far(trong, vào + vì vậy + xa)","Wordset Dictionary (wordset.org, WordNet-based, community-edited)",chưa dịch lại theo định nghĩa Wordset mới - vẫn là công thức ghép cũ,
ink+bottle,inkbottle,[ink+bottle],0-2-0,noun,/ɪŋkbˈɑːɾəl/,"generated (espeak-ng G2P, algorithmic)","ink+bottle(coloured liquid for writing, drawing and printing + a glass or plastic container, usually round with straight sides and a narrow neck, used especially for storing liquids)",ink+bottle(mực + chai),"compositional (generated, unverified)",công thức ghép (chưa xác thực),"dạng liền của ""ink bottle"" (lọ mực)"
ink+pad,inkpad,[ink+pad],0-2-0,noun,/ɪŋkpˈæd/,"generated (espeak-ng G2P, algorithmic)",a block of absorbent material saturated with ink,ink+pad(mực + miếng đệm),"Wordset Dictionary (wordset.org, WordNet-based, community-edited)",chưa dịch lại theo định nghĩa Wordset mới - vẫn là công thức ghép cũ,
ink+stand,inkstand,[ink+stand],0-2-0,noun,/ˈɪŋkstænd/,real,a tray or stand for writing implements and containers for ink,ink+stand(mực + đứng),"Wordset Dictionary (wordset.org, WordNet-based, community-edited)",chưa dịch lại theo định nghĩa Wordset mới - vẫn là công thức ghép cũ,
ink+well,inkwell,[ink+well],0-2-0,noun,/ˈɪŋkwɛl/,real,a small well holding writing ink into which a pen can be dipped,"ink+well(mực + tốt, giếng nước)","Wordset Dictionary (wordset.org, WordNet-based, community-edited)",chưa dịch lại theo định nghĩa Wordset mới - vẫn là công thức ghép cũ,
iron+side,ironside,[iron+side],0-2-0,noun,/ˈaɪɝnˌsaɪd/,real,a man of great strength or bravery,"iron+side(sắt, bàn ủi + bên cạnh)","Wordset Dictionary (wordset.org, WordNet-based, community-edited)",chưa dịch lại theo định nghĩa Wordset mới - vẫn là công thức ghép cũ,
iron+work,ironwork,[iron+work],0-2-0,noun,/ˈaɪənwɜːk/,real,work made of iron (gratings or rails or railings etc),"iron+work(sắt, bàn ủi + công việc)","Wordset Dictionary (wordset.org, WordNet-based, community-edited)",chưa dịch lại theo định nghĩa Wordset mới - vẫn là công thức ghép cũ,
it+self,itself,[it+self],0-2-0,pronoun,/ˌɪtˈsɛɫf/,real,used when the animal or thing that does an action is also affected by it,it+self(nó + bản thân),Oxford 5000 (verified),,
jail+bird,jailbird,[jail+bird],0-2-0,noun,/dʒˈeɪlbɜːd/,real,a criminal who has been jailed repeatedly,jail+bird(nhà tù + chim),"Wordset Dictionary (wordset.org, WordNet-based, community-edited)",chưa dịch lại theo định nghĩa Wordset mới - vẫn là công thức ghép cũ,
jet+line,jetliners,[jet+line]-er,0-2-1,noun,/ˈdʒɛtˌɫaɪnɝz/,real,"jet+line(a plane driven by jet engines + a long, thin mark on a surface) + -er(person who does; comparative)",jet+line(máy bay phản lực + đường kẻ) + -er(người làm việc gì; so sánh hơn),"compositional (generated, unverified)",công thức ghép (chưa xác thực),
journey+man,journeyman,[journey+man],0-2-0,noun,/ˈdʒɝniˌmæn/,real,a skilled worker who practices some trade or handicraft,journey+man(hành trình + đàn ông),"Wordset Dictionary (wordset.org, WordNet-based, community-edited)",chưa dịch lại theo định nghĩa Wordset mới - vẫn là công thức ghép cũ,
joy+ride,joyride,[joy+ride],0-2-0,noun,/ˈdʒɔɪˌɹaɪd/,real,a ride in a car taken solely for pleasure,"joy+ride(niềm vui + cưỡi, đi xe)","Wordset Dictionary (wordset.org, WordNet-based, community-edited)",chưa dịch lại theo định nghĩa Wordset mới - vẫn là công thức ghép cũ,
joy+stick,joystick,[joy+stick],0-2-0,noun,/ˈdʒɔɪˌstɪk/,real,"a vertical lever that can move freely in many directions along a single axis, used to control movement in computer and video games","joy+stick(niềm vui + que, dính chặt)","Wordset Dictionary (wordset.org, WordNet-based, community-edited)",chưa dịch lại theo định nghĩa Wordset mới - vẫn là công thức ghép cũ,
keep+sake,keepsake,[keep+sake],0-2-0,noun,/ˈkipˌseɪk/,real,something of sentimental value,"keep+sake(giữ + lợi ích, mục đích)","Wordset Dictionary (wordset.org, WordNet-based, community-edited)",chưa dịch lại theo định nghĩa Wordset mới - vẫn là công thức ghép cũ,
key+board,keyboard,[key+board],0-2-0,noun,/ˈkiˌbɔɹd/,real,"the set of keys for operating a computer or typewriter, or the set of letters that you can touch to write on a smartphone or tablet ","key+board(chìa khóa + ban, bảng, tấm ván)",Oxford 5000 (verified),,
key+board,keyboarder,[key+board]-er,0-2-1,noun,/kˈiːboːɹdɚ/,"generated (espeak-ng G2P, algorithmic)","key+board(most important; essential + a long thin piece of strong hard material, especially wood, used, for example, for making floors, building walls and roofs and making boats) + -er(person who does; comparative)","key+board(chìa khóa + ban, bảng, tấm ván) + -er(người làm việc gì; so sánh hơn)","compositional (generated, unverified)",công thức ghép (chưa xác thực),
key+hole,keyhole,[key+hole],0-2-0,noun,/ˈkiˌhoʊɫ/,real,the hole where a key is inserted,key+hole(chìa khóa + lỗ hổng),"Wordset Dictionary (wordset.org, WordNet-based, community-edited)",chưa dịch lại theo định nghĩa Wordset mới - vẫn là công thức ghép cũ,
key+note,keynote,[key+note],0-2-0,noun,/ˈkiˌnoʊt/,real,a fundamental or central idea,key+note(chìa khóa + ghi chú),"Wordset Dictionary (wordset.org, WordNet-based, community-edited)",chưa dịch lại theo định nghĩa Wordset mới - vẫn là công thức ghép cũ,
key+punch,keypunch,[key+punch],0-2-0,adjective,/kˈiːpʌntʃ/,"generated (espeak-ng G2P, algorithmic)",key+punch(most important; essential + a hard hit made with the fist (= closed hand)),key+punch(chìa khóa + đấm),"compositional (generated, unverified)",công thức ghép (chưa xác thực),
key+stone,keystone,[key+stone],0-2-0,noun,/ˈkiˌstoʊn/,real,the central building block at the top of an arch or vault,key+stone(chìa khóa + đá),"Wordset Dictionary (wordset.org, WordNet-based, community-edited)",chưa dịch lại theo định nghĩa Wordset mới - vẫn là công thức ghép cũ,
kick+back,kickback,[kick+back],0-2-0,noun,/ˈkɪkˌbæk/,real,a commercial bribe paid by a seller to a purchasing agent in order to induce the agent to enter into the transaction,"kick+back(đá + lưng, phía sau)","Wordset Dictionary (wordset.org, WordNet-based, community-edited)",chưa dịch lại theo định nghĩa Wordset mới - vẫn là công thức ghép cũ,
kick+off,kickoff,[kick+off],0-2-0,noun,/ˈkɪˌkɔf/,real,(football) a kick from the center of the field to start a football game or to resume it after a score,"kick+off(đá + tắt, xa khỏi)","Wordset Dictionary (wordset.org, WordNet-based, community-edited)",chưa dịch lại theo định nghĩa Wordset mới - vẫn là công thức ghép cũ,
kill+joy,killjoy,[kill+joy],0-2-0,noun,/ˈkɪɫdʒɔɪ/,real,someone who spoils the pleasure of others,kill+joy(giết + niềm vui),"Wordset Dictionary (wordset.org, WordNet-based, community-edited)",chưa dịch lại theo định nghĩa Wordset mới - vẫn là công thức ghép cũ,
king+fish,kingfisher,[king+fish]-er,0-2-1,noun,/ˈkɪŋˌfɪʃɝ/,real,a nonpasserine large-headed bird with a short tail and long sharp bill,king+fish(vua + cá) + -er(người làm việc gì; so sánh hơn),"Wordset Dictionary (wordset.org, WordNet-based, community-edited)",chưa dịch lại theo định nghĩa Wordset mới - vẫn là công thức ghép cũ,
king+like,kinglike,[king+like],0-2-0,adjective,/kˈɪŋlaɪk/,"generated (espeak-ng G2P, algorithmic)",having the rank of or resembling or befitting a king,"king+like(vua + thích, giống như)","Wordset Dictionary (wordset.org, WordNet-based, community-edited)",chưa dịch lại theo định nghĩa Wordset mới - vẫn là công thức ghép cũ,
king+make,kingmaker,[king+make]-er,0-2-1,noun,/ˈkɪŋˌmeɪkɝ/,real,an important person who can bring leaders to power through the exercise of political influence,king+make(vua + làm) + -er(người làm việc gì; so sánh hơn),"Wordset Dictionary (wordset.org, WordNet-based, community-edited)",chưa dịch lại theo định nghĩa Wordset mới - vẫn là công thức ghép cũ,
king+pin,kingpin,[king+pin],0-2-0,noun,/ˈkɪŋˌpɪn/,real,the front bowling pin in the triangular arrangement of ten pins,king+pin(vua + ghim),"Wordset Dictionary (wordset.org, WordNet-based, community-edited)",chưa dịch lại theo định nghĩa Wordset mới - vẫn là công thức ghép cũ,
knee+cap,kneecap,[knee+cap],0-2-0,noun,/ˈniˌkæp/,real,a small flat triangular bone in front of the knee that protects the knee joint,knee+cap(đầu gối + mũ lưỡi trai),"Wordset Dictionary (wordset.org, WordNet-based, community-edited)",chưa dịch lại theo định nghĩa Wordset mới - vẫn là công thức ghép cũ,
knife+like,knifelike,[knife+like],0-2-0,adjective,/ˈnaɪˌfɫaɪk/,real,having a sharp or distinct edge,"knife+like(con dao + thích, giống như)","Wordset Dictionary (wordset.org, WordNet-based, community-edited)",chưa dịch lại theo định nghĩa Wordset mới - vẫn là công thức ghép cũ,
knock+about,knockabout,[knock+about],0-2-0,adjective,/nˈɒkɐbˌaʊt/,real,suitable for rough use,"knock+about(gõ cửa + về, khoảng)","Wordset Dictionary (wordset.org, WordNet-based, community-edited)",chưa dịch lại theo định nghĩa Wordset mới - vẫn là công thức ghép cũ,
knock+down,knockdown,[knock+down],0-2-0,adjective,/ˈnɑkˌdaʊn/,real,furniture that is easily assembled and dismantled,knock+down(gõ cửa + xuống),"Wordset Dictionary (wordset.org, WordNet-based, community-edited)",chưa dịch lại theo định nghĩa Wordset mới - vẫn là công thức ghép cũ,
knock+out,knockout,[knock+out],0-2-0,adjective,/ˈnɑˌkaʊt/,real,very strong or vigorous,knock+out(gõ cửa + ra ngoài),"Wordset Dictionary (wordset.org, WordNet-based, community-edited)",chưa dịch lại theo định nghĩa Wordset mới - vẫn là công thức ghép cũ,
lady+bird,ladybird,[lady+bird],0-2-0,noun,/ˈɫeɪdiˌbɝd/,real,small round bright-colored and spotted beetle that usually feeds on aphids and other insect pests,lady+bird(quý bà + chim),"Wordset Dictionary (wordset.org, WordNet-based, community-edited)",chưa dịch lại theo định nghĩa Wordset mới - vẫn là công thức ghép cũ,
lady+bug,ladybug,[lady+bug],0-2-0,noun,/ˈɫeɪdiˌbəɡ/,real,small round bright-colored and spotted beetle that usually feeds on aphids and other insect pests,"lady+bug(quý bà + côn trùng, lỗi phần mềm)","Wordset Dictionary (wordset.org, WordNet-based, community-edited)",chưa dịch lại theo định nghĩa Wordset mới - vẫn là công thức ghép cũ,
lady+like,ladylike,[lady+like],0-2-0,adjective,/ˈɫeɪdiˌɫaɪk/,real,befitting a woman of good breeding,"lady+like(quý bà + thích, giống như)","Wordset Dictionary (wordset.org, WordNet-based, community-edited)",chưa dịch lại theo định nghĩa Wordset mới - vẫn là công thức ghép cũ,
lamp+light,lamplight,[lamp+light],0-2-0,noun,/lˈæmplaɪt/,real,light from a lamp,"lamp+light(đèn + ánh sáng, nhẹ)","Wordset Dictionary (wordset.org, WordNet-based, community-edited)",chưa dịch lại theo định nghĩa Wordset mới - vẫn là công thức ghép cũ,
lamp+light,lamplighter,[lamp+light]-er,0-2-1,noun,/ˈɫæmˌpɫaɪtɝ/,real,(when gas was used for streetlights) a person who lights and extinguishes streetlights,"lamp+light(đèn + ánh sáng, nhẹ) + -er(người làm việc gì; so sánh hơn)","Wordset Dictionary (wordset.org, WordNet-based, community-edited)",chưa dịch lại theo định nghĩa Wordset mới - vẫn là công thức ghép cũ,
lamp+post,lamppost,[lamp+post],0-2-0,noun,/ˈɫæmˌpoʊst/,real,a metal post supporting an outdoor lamp (such as a streetlight),"lamp+post(đèn + bưu điện, đăng bài)","Wordset Dictionary (wordset.org, WordNet-based, community-edited)",chưa dịch lại theo định nghĩa Wordset mới - vẫn là công thức ghép cũ,
lamp+shade,lampshade,[lamp+shade],0-2-0,noun,/lˈæmpʃeɪd/,real,a protective ornamental shade used to screen a light bulb from direct view,lamp+shade(đèn + bóng râm),"Wordset Dictionary (wordset.org, WordNet-based, community-edited)",chưa dịch lại theo định nghĩa Wordset mới - vẫn là công thức ghép cũ,
land+fall,landfall,[land+fall],0-2-0,noun,/ˈɫændˌfɔɫ/,real,the first sighting of land from the sea after a voyage (or flight over water),"land+fall(đất đai + rơi, mùa thu)","Wordset Dictionary (wordset.org, WordNet-based, community-edited)",chưa dịch lại theo định nghĩa Wordset mới - vẫn là công thức ghép cũ,
land+hold,landholder,[land+hold]-er,0-2-1,noun,/ˈɫændˌhoʊɫdɝ/,real,a holder or proprietor of land,land+hold(đất đai + giữ) + -er(người làm việc gì; so sánh hơn),"Wordset Dictionary (wordset.org, WordNet-based, community-edited)",chưa dịch lại theo định nghĩa Wordset mới - vẫn là công thức ghép cũ,
land+lady,landlady,[land+lady],0-2-0,noun,/ˈɫændˌɫeɪdi/,real,a landlord who is a woman,land+lady(đất đai + quý bà),"Wordset Dictionary (wordset.org, WordNet-based, community-edited)",chưa dịch lại theo định nghĩa Wordset mới - vẫn là công thức ghép cũ,
land+lock,landlocked,[land+lock],0-2-0,adjective,/ˈɫændˌɫɑkt/,real,surrounded entirely or almost entirely by land,land+lock(đất đai + khóa),"Wordset Dictionary (wordset.org, WordNet-based, community-edited)",chưa dịch lại theo định nghĩa Wordset mới - vẫn là công thức ghép cũ,
land+lord,landlord,[land+lord],0-2-0,noun,/ˈɫændˌɫɔɹd/,real,"a person or company from whom you rent a room, a house, an office, etc.",land+lord(đất đai + lãnh chúa),Oxford 5000 (verified),,
land+man,landsman,[land+man],0-2-0,noun,/ˈɫændzmən/,real,an inexperienced sailor,land+man(đất đai + đàn ông),"Wordset Dictionary (wordset.org, WordNet-based, community-edited)",chưa dịch lại theo định nghĩa Wordset mới - vẫn là công thức ghép cũ,
land+mark,landmark,[land+mark],0-2-0,noun,/ˈɫændˌmɑɹk/,real,"something, such as a large building, that you can see clearly from a distance and that will help you to know where you are","land+mark(đất đai + dấu, đánh dấu)",Oxford 5000 (verified),,
land+mine,landmine,[land+mine],0-2-0,noun,/ˈɫændˌmaɪn/,real,"land+mine(the surface of the earth that is not sea + a deep hole or holes under the ground where minerals such as coal, gold, etc. are dug)","land+mine(đất đai + của tôi, mỏ)","compositional (generated, unverified)",công thức ghép (chưa xác thực),
land+own,landowner,[land+own]-er,0-2-1,noun,/ˈɫænˌdoʊnɝ/,real,a holder or proprietor of land,land+own(đất đai + sở hữu) + -er(người làm việc gì; so sánh hơn),"Wordset Dictionary (wordset.org, WordNet-based, community-edited)",chưa dịch lại theo định nghĩa Wordset mới - vẫn là công thức ghép cũ,
land+slide,landslide,[land+slide],0-2-0,noun,/ˈɫænˌsɫaɪd/,real,a slide of a large mass of dirt and rock down a mountain or cliff,land+slide(đất đai + trượt),"Wordset Dictionary (wordset.org, WordNet-based, community-edited)",chưa dịch lại theo định nghĩa Wordset mới - vẫn là công thức ghép cũ,
lap+wing,lapwing,[lap+wing],0-2-0,noun,/lˈæpwɪŋ/,real,large crested Old World plover having wattles and spurs,"lap+wing(vòng đua, đùi + cánh)","Wordset Dictionary (wordset.org, WordNet-based, community-edited)",chưa dịch lại theo định nghĩa Wordset mới - vẫn là công thức ghép cũ,
late+come,latecomer,[late+come]-er,0-2-1,noun,/ˈɫeɪtkəmɝ/,real,someone who arrives late,late+come(muộn + đến) + -er(người làm việc gì; so sánh hơn),"Wordset Dictionary (wordset.org, WordNet-based, community-edited)",chưa dịch lại theo định nghĩa Wordset mới - vẫn là công thức ghép cũ,
laugh+stock,laughingstock,[laugh+stock],0-2-0,noun,/ˈɫæfɪŋˌstɑk/,real,a victim of ridicule or pranks,"laugh+stock(cười + cổ phiếu, hàng tồn kho)","Wordset Dictionary (wordset.org, WordNet-based, community-edited)",chưa dịch lại theo định nghĩa Wordset mới - vẫn là công thức ghép cũ,
law+make,lawmaking,[law+make],0-2-0,noun,/ˈɫɔˌmeɪkɪŋ/,real,the act of making or enacting laws,law+make(luật pháp + làm),"Wordset Dictionary (wordset.org, WordNet-based, community-edited)",chưa dịch lại theo định nghĩa Wordset mới - vẫn là công thức ghép cũ,
law+make,lawmakers,[law+make]-er,0-2-1,noun,/ˈɫɔˌmeɪkɝz/,real,"law+make(a rule that deals with a particular crime, agreement, etc. + the name or type of a machine, piece of equipment, etc. that is made by a particular company) + -er(person who does; comparative)",law+make(luật pháp + làm) + -er(người làm việc gì; so sánh hơn),"compositional (generated, unverified)",công thức ghép (chưa xác thực),
law+man,lawman,[law+man],0-2-0,noun,/ˈɫɔmən/,real,an officer of the law,law+man(luật pháp + đàn ông),"Wordset Dictionary (wordset.org, WordNet-based, community-edited)",chưa dịch lại theo định nghĩa Wordset mới - vẫn là công thức ghép cũ,
law+suit,lawsuit,[law+suit],0-2-0,noun,/ˈɫɔˌsut/,real,a claim or complaint against somebody that a person or an organization can make in court,"law+suit(luật pháp + bộ vest, phù hợp)",Oxford 5000 (verified),,
lay+about,layabout,[lay+about],0-2-0,noun,/lˈeɪɐbˌaʊt/,real,person who does no work,"lay+about(đặt xuống, đẻ trứng + về, khoảng)","Wordset Dictionary (wordset.org, WordNet-based, community-edited)",chưa dịch lại theo định nghĩa Wordset mới - vẫn là công thức ghép cũ,
lay+by,layby,[lay+by],0-2-0,noun,/lˈeɪbi/,"generated (espeak-ng G2P, algorithmic)",designated paved area beside a main road where cars can stop temporarily,"lay+by(đặt xuống, đẻ trứng + bởi, bằng)","Wordset Dictionary (wordset.org, WordNet-based, community-edited)",chưa dịch lại theo định nghĩa Wordset mới - vẫn là công thức ghép cũ,
lay+man,layman,[lay+man],0-2-0,noun,/ˈɫeɪmən/,real,someone who is not a clergyman or a professional person,"lay+man(đặt xuống, đẻ trứng + đàn ông)","Wordset Dictionary (wordset.org, WordNet-based, community-edited)",chưa dịch lại theo định nghĩa Wordset mới - vẫn là công thức ghép cũ,
lay+off,layoff,[lay+off],0-2-0,noun,/ˈɫeɪˌɔf/,real,the act of laying off an employee or a work force,"lay+off(đặt xuống, đẻ trứng + tắt, xa khỏi)","Wordset Dictionary (wordset.org, WordNet-based, community-edited)",chưa dịch lại theo định nghĩa Wordset mới - vẫn là công thức ghép cũ,
lay+out,layout,[lay+out],0-2-0,noun,/ˈɫeɪˌaʊt/,real,"the way in which the parts of something such as the page of a book, a website, a garden or a building are arranged","lay+out(đặt xuống, đẻ trứng + ra ngoài)",Oxford 5000 (verified),,
lay+over,layover,[lay+over],0-2-0,noun,/ˈɫeɪˌoʊvɝ/,real,a brief stay in the course of a journey,"lay+over(đặt xuống, đẻ trứng + ở trên, hơn)","Wordset Dictionary (wordset.org, WordNet-based, community-edited)",chưa dịch lại theo định nghĩa Wordset mới - vẫn là công thức ghép cũ,
lazy+bone,lazybones,[lazy+bone],0-2-0,noun,/lˈeɪzɪbˌəʊnz/,real,a lazy person,lazy+bone(lười biếng + xương),"Wordset Dictionary (wordset.org, WordNet-based, community-edited)",chưa dịch lại theo định nghĩa Wordset mới - vẫn là công thức ghép cũ,
lead+man,leadsman,[lead+man],0-2-0,noun,/lˈiːdzmən/,"generated (espeak-ng G2P, algorithmic)",The man who heaves the lead. Totten.,"lead+man(dẫn dắt, chì + đàn ông)","Webster's Unabridged Dictionary (1913, public domain)",công thức ghép (chưa xác thực),
leap+frog,leapfrog,[leap+frog],0-2-0,noun,/ˈɫipˌfɹɔɡ/,real,a game in which one child bends down and another leaps over,leap+frog(nhảy vọt + con ếch),"Wordset Dictionary (wordset.org, WordNet-based, community-edited)",chưa dịch lại theo định nghĩa Wordset mới - vẫn là công thức ghép cũ,
leather+neck,leatherneck,[leather+neck],0-2-0,noun,/lˈɛðənˌɛk/,real,a member of the United States Marine Corps,leather+neck(da thuộc + cổ),"Wordset Dictionary (wordset.org, WordNet-based, community-edited)",chưa dịch lại theo định nghĩa Wordset mới - vẫn là công thức ghép cũ,
left+hand,lefthander,[left+hand]-er,0-2-1,noun,/lˈɛfthændɚ/,"generated (espeak-ng G2P, algorithmic)",a baseball pitcher who throws the ball with the left hand,"left+hand(trái, còn lại + bàn tay) + -er(người làm việc gì; so sánh hơn)","Wordset Dictionary (wordset.org, WordNet-based, community-edited)",chưa dịch lại theo định nghĩa Wordset mới - vẫn là công thức ghép cũ,
left+over,leftovers,[left+over],0-2-0,noun,/ˈɫɛfˌtoʊvɝz/,real,food remaining from a previous meal,"left+over(trái, còn lại + ở trên, hơn)","Wordset Dictionary (wordset.org, WordNet-based, community-edited)",chưa dịch lại theo định nghĩa Wordset mới - vẫn là công thức ghép cũ,
leg+horn,leghorn,[leg+horn],0-2-0,noun,/ˈɫɛɡhɔɹn/,real,a stiff hat made of straw with a flat crown,"leg+horn(chân + sừng, còi xe)","Wordset Dictionary (wordset.org, WordNet-based, community-edited)",chưa dịch lại theo định nghĩa Wordset mới - vẫn là công thức ghép cũ,
let+down,letdown,[let+down],0-2-0,noun,/ˈɫɛtˌdaʊn/,real,a feeling of dissatisfaction that results when your expectations are not realized,"let+down(để cho, cho thuê + xuống)","Wordset Dictionary (wordset.org, WordNet-based, community-edited)",chưa dịch lại theo định nghĩa Wordset mới - vẫn là công thức ghép cũ,
let+up,letup,[let+up],0-2-0,noun,/ˈɫɛˌtəp/,real,a pause during which things are calm or activities are diminished,"let+up(để cho, cho thuê + lên trên)","Wordset Dictionary (wordset.org, WordNet-based, community-edited)",chưa dịch lại theo định nghĩa Wordset mới - vẫn là công thức ghép cũ,
letter+box,letterbox,[letter+box],0-2-0,noun,/lˈɛtəbˌɒks/,real,"letter+box(a written, typed or printed message that is put in an envelope or attached to an email and sent to somebody + a container made of wood, thick card, metal, etc. with a flat stiff base and sides and often a lid (= cover), used especially for holding solid things)","letter+box(thư từ, chữ cái + hộp)","compositional (generated, unverified)",công thức ghép (chưa xác thực),
letter+head,letterhead,[letter+head],0-2-0,noun,/ˈɫɛtɝˌhɛd/,real,a sheet of stationery with name and address of the organization printed at the top,"letter+head(thư từ, chữ cái + đầu, người đứng đầu)","Wordset Dictionary (wordset.org, WordNet-based, community-edited)",chưa dịch lại theo định nghĩa Wordset mới - vẫn là công thức ghép cũ,
letter+man,letterman,[letter+man],0-2-0,noun,/ˈɫɛtɝmən/,real,an athlete who has earned a letter in a school sport,"letter+man(thư từ, chữ cái + đàn ông)","Wordset Dictionary (wordset.org, WordNet-based, community-edited)",chưa dịch lại theo định nghĩa Wordset mới - vẫn là công thức ghép cũ,
letter+press,letterpress,[letter+press],0-2-0,noun,/ˈɫɛtɝˌpɹɛs/,real,printing from a plate with raised characters,"letter+press(thư từ, chữ cái + nhấn, báo chí)","Wordset Dictionary (wordset.org, WordNet-based, community-edited)",chưa dịch lại theo định nghĩa Wordset mới - vẫn là công thức ghép cũ,
life+belt,lifebelt,[life+belt],0-2-0,noun,/lˈaɪfbɛlt/,real,"life+belt(the ability to breathe, grow, produce young, etc. that people, animals and plants have before they die and that objects do not have + a long narrow piece of leather, cloth, etc. that you wear around the middle part of your body)",life+belt(cuộc sống + thắt lưng),"compositional (generated, unverified)",công thức ghép (chưa xác thực),
life+blood,lifeblood,[life+blood],0-2-0,noun,/ˈɫaɪfˌbɫəd/,real,an essential or life-giving force,life+blood(cuộc sống + máu),"Wordset Dictionary (wordset.org, WordNet-based, community-edited)",chưa dịch lại theo định nghĩa Wordset mới - vẫn là công thức ghép cũ,
life+boat,lifeboat,[life+boat],0-2-0,noun,/ˈɫaɪfˌboʊt/,real,a strong sea boat designed to rescue people from a sinking ship,life+boat(cuộc sống + thuyền),"Wordset Dictionary (wordset.org, WordNet-based, community-edited)",chưa dịch lại theo định nghĩa Wordset mới - vẫn là công thức ghép cũ,
life+guard,lifeguard,[life+guard],0-2-0,noun,/ˈɫaɪfˌɡɑɹd/,real,an attendant employed at a beach or pool to protect swimmers from accidents,life+guard(cuộc sống + bảo vệ),"Wordset Dictionary (wordset.org, WordNet-based, community-edited)",chưa dịch lại theo định nghĩa Wordset mới - vẫn là công thức ghép cũ,
life+like,lifelike,[life+like],0-2-0,adjective,/ˈɫaɪˌfɫaɪk/,real,free from artificiality,"life+like(cuộc sống + thích, giống như)","Wordset Dictionary (wordset.org, WordNet-based, community-edited)",chưa dịch lại theo định nghĩa Wordset mới - vẫn là công thức ghép cũ,
life+line,lifeline,[life+line],0-2-0,noun,/ˈɫaɪˌfɫaɪn/,real,line thrown from a vessel that people can cling to in order to save themselves from drowning,life+line(cuộc sống + đường kẻ),"Wordset Dictionary (wordset.org, WordNet-based, community-edited)",chưa dịch lại theo định nghĩa Wordset mới - vẫn là công thức ghép cũ,
life+long,lifelong,[life+long],0-2-0,adjective,/ˈɫaɪˈfɫɔŋ/,real,lasting or existing all through your life,life+long(cuộc sống + dài),Oxford 5000 (verified),,
life+time,lifetime,[life+time],0-2-0,noun,/ˈɫaɪfˌtaɪm/,real,the length of time that somebody lives or that something lasts,life+time(cuộc sống + thời gian),Oxford 5000 (verified),,
lift+boy,liftboy,[lift+boy],0-2-0,noun,/lˈɪftbɔɪ/,"generated (espeak-ng G2P, algorithmic)",lift+boy(a machine that carries people or goods up and down to different levels in a building or a mine + a male child or a young male person),lift+boy(nâng lên + con trai),"compositional (generated, unverified)",công thức ghép (chưa xác thực),
lift+man,liftman,[lift+man],0-2-0,noun,/lˈɪftmən/,"generated (espeak-ng G2P, algorithmic)",a man employed to operate an elevator,lift+man(nâng lên + đàn ông),"Wordset Dictionary (wordset.org, WordNet-based, community-edited)",chưa dịch lại theo định nghĩa Wordset mới - vẫn là công thức ghép cũ,
light+heart,lighthearted,[light+heart],0-2-0,adjective,/ˈɫaɪtˌhɑɹtɪd/,real,carefree and happy and lighthearted,"light+heart(ánh sáng, nhẹ + trái tim)","Wordset Dictionary (wordset.org, WordNet-based, community-edited)",chưa dịch lại theo định nghĩa Wordset mới - vẫn là công thức ghép cũ,
light+house,lighthouse,[light+house],0-2-0,noun,/ˈɫaɪtˌhaʊs/,real,a tower with a light that gives warning of shoals to passing ships,"light+house(ánh sáng, nhẹ + ngôi nhà)","Wordset Dictionary (wordset.org, WordNet-based, community-edited)",chưa dịch lại theo định nghĩa Wordset mới - vẫn là công thức ghép cũ,
light+ship,lightship,[light+ship],0-2-0,noun,/ˈɫaɪtˌʃɪp/,real,a ship equipped like a lighthouse and anchored where a permanent lighthouse would be impracticable,"light+ship(ánh sáng, nhẹ + con tàu)","Wordset Dictionary (wordset.org, WordNet-based, community-edited)",chưa dịch lại theo định nghĩa Wordset mới - vẫn là công thức ghép cũ,
light+weigh,lightweight,[light+weigh]-t,0-2-1,adjective,/ˈɫaɪtˈweɪt/,real,weighing relatively little compared with another item or object of similar use,"light+weigh(ánh sáng, nhẹ + cân nặng) + -t([NGỮ PHÁP] đuôi chia động từ bất quy tắc (VD burnt, dealt) — không mang nghĩa riêng)","Wordset Dictionary (wordset.org, WordNet-based, community-edited)",chưa dịch lại theo định nghĩa Wordset mới - vẫn là công thức ghép cũ,
light+year,lightyears,[light+year],0-2-0,adjective,/lˈaɪtjɪɹz/,"generated (espeak-ng G2P, algorithmic)","light+year(pale in colour + the period from 1 January to 31 December, that is 365 or 366 days, divided into 12 months)","light+year(ánh sáng, nhẹ + năm)","compositional (generated, unverified)",công thức ghép (chưa xác thực),
line+back,linebackers,[line+back]-er,0-2-1,noun,/ˈɫaɪnˌbækɝz/,real,"line+back(a long, thin mark on a surface + located behind or at the back of something) + -er(person who does; comparative)","line+back(đường kẻ + lưng, phía sau) + -er(người làm việc gì; so sánh hơn)","compositional (generated, unverified)",công thức ghép (chưa xác thực),
line+man,lineman,[line+man],0-2-0,noun,/ˈɫaɪnmən/,real,"in American football, the position of a player on a football team who is stationed on the line of scrimmage",line+man(đường kẻ + đàn ông),"Wordset Dictionary (wordset.org, WordNet-based, community-edited)",chưa dịch lại theo định nghĩa Wordset mới - vẫn là công thức ghép cũ,
line+train,linertrain,[line+train]-er,0-2-1,noun,/lˈaɪnɚtɹˌeɪn/,"generated (espeak-ng G2P, algorithmic)","line+train(a long, thin mark on a surface + a number of connected coaches or trucks, pulled by an engine or powered by a motor in each one, taking people and goods from one place to another) + -er(person who does; comparative)","line+train(đường kẻ + tàu hỏa, huấn luyện) + -er(người làm việc gì; so sánh hơn)","compositional (generated, unverified)",công thức ghép (chưa xác thực),thuật ngữ đường sắt hàng hóa có thật (tàu container)
line+up,lineup,[line+up],0-2-0,noun,/ˈɫaɪˌnəp/,real,(baseball) a list of batters in the order in which they will bat,line+up(đường kẻ + lên trên),"Wordset Dictionary (wordset.org, WordNet-based, community-edited)",chưa dịch lại theo định nghĩa Wordset mới - vẫn là công thức ghép cũ,
link+up,linkup,[link+up],0-2-0,noun,/ˈɫɪŋˌkəp/,real,a fastener that serves to join or connect,link+up(liên kết + lên trên),"Wordset Dictionary (wordset.org, WordNet-based, community-edited)",chưa dịch lại theo định nghĩa Wordset mới - vẫn là công thức ghép cũ,
lip+stick,lipstick,[lip+stick],0-2-0,noun,/ˈɫɪpˌstɪk/,real,makeup that is used to color the lips,"lip+stick(môi + que, dính chặt)","Wordset Dictionary (wordset.org, WordNet-based, community-edited)",chưa dịch lại theo định nghĩa Wordset mới - vẫn là công thức ghép cũ,
litter+bag,litterbag,[litter+bag],0-2-0,noun,/lˈɪɾɚbˌæɡ/,"generated (espeak-ng G2P, algorithmic)","litter+bag(small pieces of rubbish such as paper, cans and bottles, that people have left lying in a public place + a container made of cloth, leather, plastic or paper, used to carry things in, especially when shopping or travelling)","litter+bag(rác, đàn con + túi)","compositional (generated, unverified)",công thức ghép (chưa xác thực),
litter+bin,litterbin,[litter+bin],0-2-0,noun,/lˈɪɾɚbˌɪn/,"generated (espeak-ng G2P, algorithmic)",bin (usually in or outside a public building) into which the public can put rubbish,"litter+bin(rác, đàn con + thùng rác)","Wordset Dictionary (wordset.org, WordNet-based, community-edited)",chưa dịch lại theo định nghĩa Wordset mới - vẫn là công thức ghép cũ,
litter+bug,litterbug,[litter+bug],0-2-0,noun,/lˈɪtəbˌʌɡ/,real,a person who litters public places with refuse,"litter+bug(rác, đàn con + côn trùng, lỗi phần mềm)","Wordset Dictionary (wordset.org, WordNet-based, community-edited)",chưa dịch lại theo định nghĩa Wordset mới - vẫn là công thức ghép cũ,
live+long,livelong,[live+long],0-2-0,adjective,/lˈaɪvlɒŋ/,real,(of time) constituting the full extent or duration,live+long(sống + dài),"Wordset Dictionary (wordset.org, WordNet-based, community-edited)",chưa dịch lại theo định nghĩa Wordset mới - vẫn là công thức ghép cũ,
live+stock,livestock,[live+stock],0-2-0,noun,/ˈɫaɪvˌstɑk/,real,any animals kept for use or profit,"live+stock(sống + cổ phiếu, hàng tồn kho)","Wordset Dictionary (wordset.org, WordNet-based, community-edited)",chưa dịch lại theo định nghĩa Wordset mới - vẫn là công thức ghép cũ,
loan+word,loanword,[loan+word],0-2-0,noun,/lˈoʊnwɜːd/,"generated (espeak-ng G2P, algorithmic)",a word borrowed from another language,loan+word(khoản vay + từ ngữ),"Wordset Dictionary (wordset.org, WordNet-based, community-edited)",chưa dịch lại theo định nghĩa Wordset mới - vẫn là công thức ghép cũ,
lock+nut,locknut,[lock+nut],0-2-0,noun,/lˈɑːknʌt/,"generated (espeak-ng G2P, algorithmic)",supplementary nut that is screwed down on a primary nut to prevent it from loosening,"lock+nut(khóa + hạt, đai ốc)","Wordset Dictionary (wordset.org, WordNet-based, community-edited)",chưa dịch lại theo định nghĩa Wordset mới - vẫn là công thức ghép cũ,
lock+out,lockout,[lock+out],0-2-0,noun,/ˈɫɑˌkaʊt/,real,a management action resisting employee's demands,lock+out(khóa + ra ngoài),"Wordset Dictionary (wordset.org, WordNet-based, community-edited)",chưa dịch lại theo định nghĩa Wordset mới - vẫn là công thức ghép cũ,
lock+up,lockup,[lock+up],0-2-0,noun,/ˈɫɑˌkəp/,real,the act of locking something up to protect it,lock+up(khóa + lên trên),"Wordset Dictionary (wordset.org, WordNet-based, community-edited)",chưa dịch lại theo định nghĩa Wordset mới - vẫn là công thức ghép cũ,
log+book,logbook,[log+book],0-2-0,noun,/ˈɫɔɡˌbʊk/,real,a book in which the log is written,"log+book(khúc gỗ, nhật ký + sách)","Wordset Dictionary (wordset.org, WordNet-based, community-edited)",chưa dịch lại theo định nghĩa Wordset mới - vẫn là công thức ghép cũ,
log+head,loggerheads,[log+head]-er,0-2-1,noun,/ˈɫɑɡɝˌhɛdz/,real,The knapweed.,"log+head(khúc gỗ, nhật ký + đầu, người đứng đầu) + -er(người làm việc gì; so sánh hơn)","Webster's Unabridged Dictionary (1913, public domain)",công thức ghép (chưa xác thực),
log+jam,logjams,[log+jam],0-2-0,noun,/ˈɫɑɡˌdʒæmz/,real,"log+jam(a thick piece of wood that is cut from or has fallen from a tree + a thick sweet substance made by boiling fruit with sugar, often sold in jars and spread on bread)","log+jam(khúc gỗ, nhật ký + mứt, kẹt xe)","compositional (generated, unverified)",công thức ghép (chưa xác thực),
long+boat,longboat,[long+boat],0-2-0,noun,/lˈɒŋbəʊt/,real,the largest boat carried by a merchant sailing vessel,long+boat(dài + thuyền),"Wordset Dictionary (wordset.org, WordNet-based, community-edited)",chưa dịch lại theo định nghĩa Wordset mới - vẫn là công thức ghép cũ,
long+bow,longbow,[long+bow],0-2-0,noun,/ˈɫɔŋˌboʊ/,real,a powerful wooden bow drawn by hand,"long+bow(dài + cúi chào, cây cung)","Wordset Dictionary (wordset.org, WordNet-based, community-edited)",chưa dịch lại theo định nghĩa Wordset mới - vẫn là công thức ghép cũ,
long+fellow,longfellow,[long+fellow],0-2-0,adjective,/ˈɫɔŋˌfɛɫoʊ/,real,"long+fellow(measuring or covering a great length or distance, or a greater length or distance than usual + used to describe somebody who is the same as you in some way, or in the same situation)","long+fellow(dài + đồng nghiệp, gã)","compositional (generated, unverified)",công thức ghép (chưa xác thực),
long+hair,longhaired,[long+hair],0-2-0,adjective,/ləŋhˈeəd/,real,"long+hair(measuring or covering a great length or distance, or a greater length or distance than usual + the substance that looks like a mass of fine threads growing on a person's head)",long+hair(dài + tóc),"compositional (generated, unverified)",công thức ghép (chưa xác thực),
long+hand,longhand,[long+hand],0-2-0,adjective,/ˈɫɔŋˌhænd/,real,having words written out in full by hand,long+hand(dài + bàn tay),"Wordset Dictionary (wordset.org, WordNet-based, community-edited)",chưa dịch lại theo định nghĩa Wordset mới - vẫn là công thức ghép cũ,
long+horn,longhorn,[long+horn],0-2-0,noun,/ˈɫɔŋˌhɔɹn/,real,long-horned beef cattle formerly common in southwestern United States,"long+horn(dài + sừng, còi xe)","Wordset Dictionary (wordset.org, WordNet-based, community-edited)",chưa dịch lại theo định nghĩa Wordset mới - vẫn là công thức ghép cũ,
long+run,longrun,[long+run],0-2-0,adjective,/lˈɔŋɡɹʌn/,"generated (espeak-ng G2P, algorithmic)","long+run(measuring or covering a great length or distance, or a greater length or distance than usual + an act of running; a period of time spent running or the distance that somebody runs)",long+run(dài + chạy),"compositional (generated, unverified)",công thức ghép (chưa xác thực),
long+ship,longship,[long+ship],0-2-0,adjective,/lˈɒŋʃɪp/,real,"long+ship(measuring or covering a great length or distance, or a greater length or distance than usual + a large boat that carries people or goods by sea)",long+ship(dài + con tàu),"compositional (generated, unverified)",công thức ghép (chưa xác thực),
long+shot,longshot,[long+shot],0-2-0,noun,/ˈɫɔŋˌʃɑt/,real,a photograph taken from a distance,"long+shot(dài + phát súng, cú đánh)","Wordset Dictionary (wordset.org, WordNet-based, community-edited)",chưa dịch lại theo định nghĩa Wordset mới - vẫn là công thức ghép cũ,
long+stand,longstanding,[long+stand],0-2-0,adjective,/ˈɫɔŋˌstændɪŋ/,real,having existed for a long time,long+stand(dài + đứng),"Wordset Dictionary (wordset.org, WordNet-based, community-edited)",chưa dịch lại theo định nghĩa Wordset mới - vẫn là công thức ghép cũ,
long+suffer,longsuffering,[long+suffer],0-2-0,adjective,/lˈɔŋsəfɚɹɪŋ/,"generated (espeak-ng G2P, algorithmic)","long+suffer(measuring or covering a great length or distance, or a greater length or distance than usual + to be badly affected by a disease, pain, sad feelings, a lack of something, etc.)",long+suffer(dài + chịu đựng),"compositional (generated, unverified)",công thức ghép (chưa xác thực),
long+time,longtime,[long+time],0-2-0,adjective,/ˈɫɔŋˌtaɪm/,real,of long duration,long+time(dài + thời gian),"Wordset Dictionary (wordset.org, WordNet-based, community-edited)",chưa dịch lại theo định nghĩa Wordset mới - vẫn là công thức ghép cũ,
long+wear,longwearing,[long+wear],0-2-0,adjective,/lˈɔŋwɛɹɪŋ/,"generated (espeak-ng G2P, algorithmic)","long+wear(measuring or covering a great length or distance, or a greater length or distance than usual + to have something on your body as a piece of clothing, a decoration, etc.)",long+wear(dài + mặc quần áo),"compositional (generated, unverified)",công thức ghép (chưa xác thực),"""long-wearing"" - bền, chịu mài mòn"
long+wind,longwinded,[long+wind],0-2-0,adjective,/lˈɔŋwɪndᵻd/,"generated (espeak-ng G2P, algorithmic)","long+wind(measuring or covering a great length or distance, or a greater length or distance than usual + (không có định nghĩa trong Oxford 5000 - root này không phải headword độc lập))",long+wind(dài + gió),"compositional (generated, unverified)",công thức ghép (chưa xác thực),"""long-winded"" - dài dòng, rất phổ biến"
long+wind,longwindedly,[long+wind]-ly,0-2-1,adverb,/lˈɔŋwɪndᵻdli/,"generated (espeak-ng G2P, algorithmic)","long+wind(measuring or covering a great length or distance, or a greater length or distance than usual + (không có định nghĩa trong Oxford 5000 - root này không phải headword độc lập)) + -ly(adverb of manner / adjective (like))",long+wind(dài + gió) + -ly(trạng từ chỉ cách thức / tính từ (giống như)),"compositional (generated, unverified)",công thức ghép (chưa xác thực),"trạng từ của ""long-winded"""
long+wind,longwindedness,[long+wind]-ness,0-2-1,noun,/lˈɔŋwɪndᵻdnəs/,"generated (espeak-ng G2P, algorithmic)","long+wind(measuring or covering a great length or distance, or a greater length or distance than usual + (không có định nghĩa trong Oxford 5000 - root này không phải headword độc lập)) + -ness(state or quality of (noun))","long+wind(dài + gió) + -ness(trạng thái, tính chất (danh từ))","compositional (generated, unverified)",công thức ghép (chưa xác thực),"danh từ của ""long-winded"""
look+out,lookout,[look+out],0-2-0,noun,/ˈɫʊˌkaʊt/,real,the act of looking out,look+out(nhìn + ra ngoài),"Wordset Dictionary (wordset.org, WordNet-based, community-edited)",chưa dịch lại theo định nghĩa Wordset mới - vẫn là công thức ghép cũ,
look+up,lookup,[look+up],0-2-0,noun,/ˈɫʊkəp/,real,an operation that determines whether one or more of a set of items has a specified property,look+up(nhìn + lên trên),"Wordset Dictionary (wordset.org, WordNet-based, community-edited)",chưa dịch lại theo định nghĩa Wordset mới - vẫn là công thức ghép cũ,
loop+hole,loophole,[loop+hole],0-2-0,noun,/ˈɫupˌhoʊɫ/,real,a small hole in a fortified wall,loop+hole(vòng lặp + lỗ hổng),"Wordset Dictionary (wordset.org, WordNet-based, community-edited)",chưa dịch lại theo định nghĩa Wordset mới - vẫn là công thức ghép cũ,
loose+box,loosebox,[loose+box],0-2-0,adjective,/lˈuːsbɑːks/,"generated (espeak-ng G2P, algorithmic)","loose+box(not securely fixed where it should be; able to become separated from something + a container made of wood, thick card, metal, etc. with a flat stiff base and sides and often a lid (= cover), used especially for holding solid things)",loose+box(lỏng lẻo + hộp),"compositional (generated, unverified)",công thức ghép (chưa xác thực),
loud+hail,loudhailer,[loud+hail]-er,0-2-1,noun,/lˈaʊdheɪlɐ/,real,"loud+hail(making a lot of noise + to describe somebody/something as being very good or special, especially in newspapers, etc.) + -er(person who does; comparative)","loud+hail(ồn ào + mưa đá, ca ngợi) + -er(người làm việc gì; so sánh hơn)","compositional (generated, unverified)",công thức ghép (chưa xác thực),
loud+mouth,loudmouth,[loud+mouth],0-2-0,noun,/lˈaʊdmaʊθ/,real,a person who causes trouble by speaking indiscreetly,loud+mouth(ồn ào + miệng),"Wordset Dictionary (wordset.org, WordNet-based, community-edited)",chưa dịch lại theo định nghĩa Wordset mới - vẫn là công thức ghép cũ,
loud+speak,loudspeaker,[loud+speak]-er,0-2-1,noun,/ˈɫaʊdˌspikɝ/,real,electro-acoustic transducer that converts electrical signals into sounds loud enough to be heard at a distance,loud+speak(ồn ào + nói chuyện) + -er(người làm việc gì; so sánh hơn),"Wordset Dictionary (wordset.org, WordNet-based, community-edited)",chưa dịch lại theo định nghĩa Wordset mới - vẫn là công thức ghép cũ,
love+bird,lovebird,[love+bird],0-2-0,noun,/lˈʌvbɜːd/,real,small African parrot noted for showing affection for their mates,love+bird(tình yêu + chim),"Wordset Dictionary (wordset.org, WordNet-based, community-edited)",chưa dịch lại theo định nghĩa Wordset mới - vẫn là công thức ghép cũ,
love+child,lovechildren,[love+child],0-2-0,noun,/lˈʌvtʃɪldɹən/,"generated (espeak-ng G2P, algorithmic)","love+child(a very strong feeling of liking and caring for somebody/something, especially a member of your family or a friend + a young human who is not yet an adult)",love+child(tình yêu + trẻ em),"compositional (generated, unverified)",công thức ghép (chưa xác thực),"số nhiều không chuẩn của ""love child"" nhưng có thể hiểu, giữ với ghi chú hiếm"
love+joy,lovejoy,[love+joy],0-2-0,noun,/ˈɫəvˌdʒɔɪ/,real,"love+joy(a very strong feeling of liking and caring for somebody/something, especially a member of your family or a friend + a feeling of great happiness)",love+joy(tình yêu + niềm vui),"compositional (generated, unverified)",công thức ghép (chưa xác thực),
love+like,loverlike,[love+like]-er,0-2-1,adjective,/lˈʌvɚlˌaɪk/,"generated (espeak-ng G2P, algorithmic)",like or in the manner of a lover,"love+like(tình yêu + thích, giống như) + -er(người làm việc gì; so sánh hơn)","Wordset Dictionary (wordset.org, WordNet-based, community-edited)",chưa dịch lại theo định nghĩa Wordset mới - vẫn là công thức ghép cũ,
love+make,lovemaking,[love+make],0-2-0,noun,/ˈɫəvmeɪkɪŋ/,real,"sexual activities, often including sexual intercourse between two people",love+make(tình yêu + làm),"Wordset Dictionary (wordset.org, WordNet-based, community-edited)",chưa dịch lại theo định nghĩa Wordset mới - vẫn là công thức ghép cũ,
love+sick,lovesick,[love+sick],0-2-0,adjective,/lˈʌvsɪk/,real,languishing because of love,love+sick(tình yêu + ốm đau),"Wordset Dictionary (wordset.org, WordNet-based, community-edited)",chưa dịch lại theo định nghĩa Wordset mới - vẫn là công thức ghép cũ,
low+down,lowdown,[low+down],0-2-0,adjective,/ˈɫoʊˌdaʊn/,real,low+down(not high or tall; not far above the ground + to or at a lower place or position),low+down(thấp + xuống),"compositional (generated, unverified)",công thức ghép (chưa xác thực),
low+land,lowland,[low+land],0-2-0,adjective,/ˈɫoʊˌɫænd/,real,of relatively low or level country,low+land(thấp + đất đai),"Wordset Dictionary (wordset.org, WordNet-based, community-edited)",chưa dịch lại theo định nghĩa Wordset mới - vẫn là công thức ghép cũ,
low+land,lowlander,[low+land]-er,0-2-1,noun,/lˈəʊləndɐ/,real,"A native or inhabitant of the Lowlands, especially of theLowlands of Scotland, as distinguished from Highlander.",low+land(thấp + đất đai) + -er(người làm việc gì; so sánh hơn),"Webster's Unabridged Dictionary (1913, public domain)",công thức ghép (chưa xác thực),
low+most,lowermost,[low+most]-er,0-2-1,adjective,/lˈoʊɚmˌoʊst/,"generated (espeak-ng G2P, algorithmic)",farthest down,low+most(thấp + nhiều nhất) + -er(người làm việc gì; so sánh hơn),"Wordset Dictionary (wordset.org, WordNet-based, community-edited)",chưa dịch lại theo định nghĩa Wordset mới - vẫn là công thức ghép cũ,
lunch+room,lunchroom,[lunch+room],0-2-0,noun,/ˈɫəntʃˌɹum/,real,a restaurant (in a facility) where lunch can be purchased,lunch+room(bữa trưa + căn phòng),"Wordset Dictionary (wordset.org, WordNet-based, community-edited)",chưa dịch lại theo định nghĩa Wordset mới - vẫn là công thức ghép cũ,
lunch+time,lunchtime,[lunch+time],0-2-0,noun,/ˈɫəntʃˌtaɪm/,real,the customary or habitual hour for eating lunch,lunch+time(bữa trưa + thời gian),"Wordset Dictionary (wordset.org, WordNet-based, community-edited)",chưa dịch lại theo định nghĩa Wordset mới - vẫn là công thức ghép cũ,
machine+gun,machinegun,[machine+gun],0-2-0,noun,/məˈʃinɡən/,real,"machine+gun(a piece of equipment with many parts that work together to do a particular task. The power used to work a machine may be electricity, steam, gas, etc. or human power. + a weapon that is used for firing bullets or shells)",machine+gun(máy móc + súng),"compositional (generated, unverified)",công thức ghép (chưa xác thực),
machine+like,machinelike,[machine+like],0-2-0,adjective,/məʃˈiːnlaɪk/,"generated (espeak-ng G2P, algorithmic)",resembling the unthinking functioning of a machine,"machine+like(máy móc + thích, giống như)","Wordset Dictionary (wordset.org, WordNet-based, community-edited)",chưa dịch lại theo định nghĩa Wordset mới - vẫn là công thức ghép cũ,
mad+cap,madcap,[mad+cap],0-2-0,noun,/ˈmædˌkæp/,real,a reckless impetuous irresponsible person,"mad+cap(điên, tức giận + mũ lưỡi trai)","Wordset Dictionary (wordset.org, WordNet-based, community-edited)",chưa dịch lại theo định nghĩa Wordset mới - vẫn là công thức ghép cũ,
mad+house,madhouse,[mad+house],0-2-0,noun,/ˈmædˌhaʊs/,real,pejorative terms for an insane asylum,"mad+house(điên, tức giận + ngôi nhà)","Wordset Dictionary (wordset.org, WordNet-based, community-edited)",chưa dịch lại theo định nghĩa Wordset mới - vẫn là công thức ghép cũ,
mad+man,madman,[mad+man],0-2-0,noun,/ˈmædˌmæn/,real,an insane person,"mad+man(điên, tức giận + đàn ông)","Wordset Dictionary (wordset.org, WordNet-based, community-edited)",chưa dịch lại theo định nghĩa Wordset mới - vẫn là công thức ghép cũ,
mad+woman,madwoman,[mad+woman],0-2-0,noun,/mˈædwʊmən/,real,a woman lunatic,"mad+woman(điên, tức giận + phụ nữ)","Wordset Dictionary (wordset.org, WordNet-based, community-edited)",chưa dịch lại theo định nghĩa Wordset mới - vẫn là công thức ghép cũ,
mail+bag,mailbag,[mail+bag],0-2-0,noun,/ˈmeɪɫˌbæɡ/,real,letter carrier's shoulder bag,mail+bag(thư từ + túi),"Wordset Dictionary (wordset.org, WordNet-based, community-edited)",chưa dịch lại theo định nghĩa Wordset mới - vẫn là công thức ghép cũ,
mail+boat,mailboat,[mail+boat],0-2-0,noun,/mˈeɪlboʊt/,"generated (espeak-ng G2P, algorithmic)",a boat for carrying mail,mail+boat(thư từ + thuyền),"Wordset Dictionary (wordset.org, WordNet-based, community-edited)",chưa dịch lại theo định nghĩa Wordset mới - vẫn là công thức ghép cũ,
mail+box,mailbox,[mail+box],0-2-0,noun,/ˈmeɪɫˌbɑks/,real,a private box for delivery of mail,mail+box(thư từ + hộp),"Wordset Dictionary (wordset.org, WordNet-based, community-edited)",chưa dịch lại theo định nghĩa Wordset mới - vẫn là công thức ghép cũ,
mail+man,mailman,[mail+man],0-2-0,noun,/ˈmeɪɫˌmæn/,real,a man who delivers the mail,mail+man(thư từ + đàn ông),"Wordset Dictionary (wordset.org, WordNet-based, community-edited)",chưa dịch lại theo định nghĩa Wordset mới - vẫn là công thức ghép cũ,
main+land,mainland,[main+land],0-2-0,noun,/ˈmeɪnˌɫænd/,real,"the main area of land of a country or region, not including any islands near to it","main+land(chính, chủ yếu + đất đai)",Oxford 5000 (verified),,
main+line,mainline,[main+line],0-2-0,verb,/ˈmeɪnˌɫaɪn/,real,inject into the vein,"main+line(chính, chủ yếu + đường kẻ)","Wordset Dictionary (wordset.org, WordNet-based, community-edited)",chưa dịch lại theo định nghĩa Wordset mới - vẫn là công thức ghép cũ,
main+sail,mainsail,[main+sail],0-2-0,noun,/mˈeɪnseɪl/,real,the lowermost sail on the mainmast,"main+sail(chính, chủ yếu + buồm, đi thuyền)","Wordset Dictionary (wordset.org, WordNet-based, community-edited)",chưa dịch lại theo định nghĩa Wordset mới - vẫn là công thức ghép cũ,
main+spring,mainspring,[main+spring],0-2-0,noun,/mˈeɪnspɹɪŋ/,real,the most important spring in a mechanical device (especially a clock or watch),"main+spring(chính, chủ yếu + mùa xuân, lò xo)","Wordset Dictionary (wordset.org, WordNet-based, community-edited)",chưa dịch lại theo định nghĩa Wordset mới - vẫn là công thức ghép cũ,
main+stay,mainstay,[main+stay],0-2-0,noun,/ˈmeɪnˌsteɪ/,real,the forestay that braces the mainmast,"main+stay(chính, chủ yếu + ở lại)","Wordset Dictionary (wordset.org, WordNet-based, community-edited)",chưa dịch lại theo định nghĩa Wordset mới - vẫn là công thức ghép cũ,
main+stream,mainstream,[main+stream],0-2-0,adjective,/ˈmeɪnˌstɹim/,real,considered normal because it reflects what is done or accepted by most people ,"main+stream(chính, chủ yếu + dòng suối)",Oxford 5000 (verified),,
make+peace,makepeace,[make+peace],0-2-0,noun,/ˈmækpis/,real,"make+peace(the name or type of a machine, piece of equipment, etc. that is made by a particular company + a situation or a period of time in which there is no war or violence in a country or an area)",make+peace(làm + hòa bình),"compositional (generated, unverified)",công thức ghép (chưa xác thực),
make+shift,makeshift,[make+shift],0-2-0,adjective,/ˈmeɪkˌʃɪft/,real,done or made using whatever is available,"make+shift(làm + ca làm việc, thay đổi)","Wordset Dictionary (wordset.org, WordNet-based, community-edited)",chưa dịch lại theo định nghĩa Wordset mới - vẫn là công thức ghép cũ,
make+up,makeup,[make+up],0-2-0,noun,/ˈmeɪˌkəp/,real,cosmetics applied to the face to improve or change your appearance,make+up(làm + lên trên),"Wordset Dictionary (wordset.org, WordNet-based, community-edited)",chưa dịch lại theo định nghĩa Wordset mới - vẫn là công thức ghép cũ,
male+fact,malefactor,[male+fact]-or,0-2-1,noun,/ˈmæɫˌfæktɝ/,real,someone who has committed a crime or has been legally convicted of a crime,male+fact(nam giới + sự thật) + -or(người/vật thực hiện (danh từ)),"Wordset Dictionary (wordset.org, WordNet-based, community-edited)",chưa dịch lại theo định nghĩa Wordset mới - vẫn là công thức ghép cũ,
man+handle,manhandle,[man+handle],0-2-0,verb,/ˈmænˌhændəɫ/,real,handle roughly,"man+handle(đàn ông + xử lý, tay cầm)","Wordset Dictionary (wordset.org, WordNet-based, community-edited)",chưa dịch lại theo định nghĩa Wordset mới - vẫn là công thức ghép cũ,
man+hole,manhole,[man+hole],0-2-0,noun,/ˈmænˌhoʊɫ/,real,a hole (usually with a flush cover) through which a person can gain access to an underground structure,man+hole(đàn ông + lỗ hổng),"Wordset Dictionary (wordset.org, WordNet-based, community-edited)",chưa dịch lại theo định nghĩa Wordset mới - vẫn là công thức ghép cũ,
man+hour,manhour,[man+hour],0-2-0,noun,/mˈænaʊɚ/,"generated (espeak-ng G2P, algorithmic)",man+hour(an adult male human + 60 minutes; one of the 24 parts that a day is divided into),man+hour(đàn ông + giờ),"compositional (generated, unverified)",công thức ghép (chưa xác thực),"""man-hour"" - đơn vị đo công việc, rất phổ biến"
man+kind,mankind,[man+kind],0-2-0,noun,/ˈmænˈkaɪnd/,real,all of the living human inhabitants of the earth,"man+kind(đàn ông + tử tế, loại)","Wordset Dictionary (wordset.org, WordNet-based, community-edited)",chưa dịch lại theo định nghĩa Wordset mới - vẫn là công thức ghép cũ,
man+like,manlike,[man+like],0-2-0,adjective,/mˈænlaɪk/,"generated (espeak-ng G2P, algorithmic)",resembling human beings,"man+like(đàn ông + thích, giống như)","Wordset Dictionary (wordset.org, WordNet-based, community-edited)",chưa dịch lại theo định nghĩa Wordset mới - vẫn là công thức ghép cũ,
man+make,manmade,[man+make],0-2-0,noun,/ˈmænˈmeɪd/,real,"man+make(an adult male human + the name or type of a machine, piece of equipment, etc. that is made by a particular company)",man+make(đàn ông + làm),"compositional (generated, unverified)",công thức ghép (chưa xác thực),
man+power,manpower,[man+power],0-2-0,noun,/ˈmænˌpaʊɝ/,real,the force of workers available,"man+power(đàn ông + quyền lực, sức mạnh)","Wordset Dictionary (wordset.org, WordNet-based, community-edited)",chưa dịch lại theo định nghĩa Wordset mới - vẫn là công thức ghép cũ,
man+serve,manservant,[man+serve]-ant,0-2-1,noun,/mˈænsɜːvənt/,real,a man servant,man+serve(đàn ông + phục vụ) + -ant(người/vật thực hiện; có tính chất (danh từ/tính từ)),"Wordset Dictionary (wordset.org, WordNet-based, community-edited)",chưa dịch lại theo định nghĩa Wordset mới - vẫn là công thức ghép cũ,
man+trap,mantrap,[man+trap],0-2-0,noun,/mˈɑːntɹæp/,real,a trap for catching trespassers,man+trap(đàn ông + cái bẫy),"Wordset Dictionary (wordset.org, WordNet-based, community-edited)",chưa dịch lại theo định nghĩa Wordset mới - vẫn là công thức ghép cũ,
mark+down,markdown,[mark+down],0-2-0,noun,/ˈmɑɹkˌdaʊn/,real,"mark+down(a written or printed symbol that is used as a sign of something, for example the quality of something or who made or owns it + to or at a lower place or position)","mark+down(dấu, đánh dấu + xuống)","compositional (generated, unverified)",công thức ghép (chưa xác thực),
mark+man,marksmanship,[mark+man]-ship,0-2-1,noun,/ˈmɑɹksmənʃɪp/,real,skill in shooting,"mark+man(dấu, đánh dấu + đàn ông) + -ship(trạng thái, điều kiện, kỹ năng (danh từ))","Wordset Dictionary (wordset.org, WordNet-based, community-edited)",chưa dịch lại theo định nghĩa Wordset mới - vẫn là công thức ghép cũ,
mark+man,marksman,[mark+man],0-2-0,noun,/ˈmɑɹksmən/,real,someone skilled in shooting,"mark+man(dấu, đánh dấu + đàn ông)","Wordset Dictionary (wordset.org, WordNet-based, community-edited)",chưa dịch lại theo định nghĩa Wordset mới - vẫn là công thức ghép cũ,
mark+up,markup,[mark+up],0-2-0,noun,/ˈmɑɹˌkəp/,real,detailed stylistic instructions for typesetting something that is to be printed,"mark+up(dấu, đánh dấu + lên trên)","Wordset Dictionary (wordset.org, WordNet-based, community-edited)",chưa dịch lại theo định nghĩa Wordset mới - vẫn là công thức ghép cũ,
mark+woman,markswoman,[mark+woman],0-2-0,noun,/mˈɑːkswʊmən/,real,"mark+woman(a written or printed symbol that is used as a sign of something, for example the quality of something or who made or owns it + an adult female human)","mark+woman(dấu, đánh dấu + phụ nữ)","compositional (generated, unverified)",công thức ghép (chưa xác thực),
market+place,marketplace,[market+place],0-2-0,noun,/ˈmɑɹkətˌpɫeɪs/,real,"the activity of competing with other companies to buy and sell goods, services, etc.",market+place(thị trường + địa điểm),Oxford 5000 (verified),,
master+mind,mastermind,[master+mind],0-2-0,noun,/ˈmæstɝˌmaɪnd/,real,someone who has exceptional intellectual ability and originality,master+mind(bậc thầy + tâm trí),"Wordset Dictionary (wordset.org, WordNet-based, community-edited)",chưa dịch lại theo định nghĩa Wordset mới - vẫn là công thức ghép cũ,
master+piece,masterpiece,[master+piece],0-2-0,noun,/ˈmæstɝˌpis/,real,an outstanding achievement,"master+piece(bậc thầy + mảnh, miếng)","Wordset Dictionary (wordset.org, WordNet-based, community-edited)",chưa dịch lại theo định nghĩa Wordset mới - vẫn là công thức ghép cũ,
master+stroke,masterstroke,[master+stroke],0-2-0,noun,/ˈmæstɝˌstɹoʊk/,real,an achievement demonstrating great skill or mastery,"master+stroke(bậc thầy + cú đánh, đột quỵ)","Wordset Dictionary (wordset.org, WordNet-based, community-edited)",chưa dịch lại theo định nghĩa Wordset mới - vẫn là công thức ghép cũ,
master+work,masterwork,[master+work],0-2-0,noun,/ˈmæstɝˌwɝk/,real,"master+work(a man who has people working for him, often as servants in his home + the job that a person does especially in order to earn money)",master+work(bậc thầy + công việc),"compositional (generated, unverified)",công thức ghép (chưa xác thực),
match+box,matchbox,[match+box],0-2-0,noun,/ˈmætʃˌbɑks/,real,a box for holding matches,"match+box(trận đấu, phù hợp + hộp)","Wordset Dictionary (wordset.org, WordNet-based, community-edited)",chưa dịch lại theo định nghĩa Wordset mới - vẫn là công thức ghép cũ,
match+lock,matchlock,[match+lock],0-2-0,noun,/ˈmætʃˌɫɑk/,real,an early style of musket,"match+lock(trận đấu, phù hợp + khóa)","Wordset Dictionary (wordset.org, WordNet-based, community-edited)",chưa dịch lại theo định nghĩa Wordset mới - vẫn là công thức ghép cũ,
match+make,matchmaking,[match+make],0-2-0,noun,/ˈmætʃˌmeɪkɪŋ/,real,mediation in order to bring about a marriage between others,"match+make(trận đấu, phù hợp + làm)","Wordset Dictionary (wordset.org, WordNet-based, community-edited)",chưa dịch lại theo định nghĩa Wordset mới - vẫn là công thức ghép cũ,
match+make,matchmaker,[match+make]-er,0-2-1,noun,/ˈmætʃˌmeɪkɝ/,real,someone who arranges (or tries to arrange) marriages for others,"match+make(trận đấu, phù hợp + làm) + -er(người làm việc gì; so sánh hơn)","Wordset Dictionary (wordset.org, WordNet-based, community-edited)",chưa dịch lại theo định nghĩa Wordset mới - vẫn là công thức ghép cũ,
match+stick,matchstick,[match+stick],0-2-0,noun,/mˈætʃstɪk/,real,a short thin stick of wood used in making matches,"match+stick(trận đấu, phù hợp + que, dính chặt)","Wordset Dictionary (wordset.org, WordNet-based, community-edited)",chưa dịch lại theo định nghĩa Wordset mới - vẫn là công thức ghép cũ,
match+wood,matchwood,[match+wood],0-2-0,noun,/mˈætʃwʊd/,real,fragments of wood,"match+wood(trận đấu, phù hợp + gỗ)","Wordset Dictionary (wordset.org, WordNet-based, community-edited)",chưa dịch lại theo định nghĩa Wordset mới - vẫn là công thức ghép cũ,
may+bug,maybug,[may+bug],0-2-0,noun,/mˈeɪbʌɡ/,"generated (espeak-ng G2P, algorithmic)","may+bug(the fifth month of the year, between April and June + any small insect)","may+bug(có thể + côn trùng, lỗi phần mềm)","compositional (generated, unverified)",công thức ghép (chưa xác thực),"""maybug"" - tên loài bọ hung (tiếng Anh Anh), có thật"
may+day,mayday,[may+day],0-2-0,noun,/ˈmeɪdeɪ/,real,an internationally recognized distress signal via radiotelephone (from the French m'aider),may+day(có thể + ngày),"Wordset Dictionary (wordset.org, WordNet-based, community-edited)",chưa dịch lại theo định nghĩa Wordset mới - vẫn là công thức ghép cũ,
may+fair,mayfair,[may+fair],0-2-0,noun,/ˈmeɪˌfɛɹ/,real,"may+fair(the fifth month of the year, between April and June + acceptable and appropriate in a particular situation)","may+fair(có thể + công bằng, hội chợ)","compositional (generated, unverified)",công thức ghép (chưa xác thực),
may+flower,mayflower,[may+flower],0-2-0,noun,/ˈmeɪˌfɫaʊɝ/,real,low-growing evergreen shrub of eastern North America with leathery leaves and clusters of fragrant pink or white flowers,may+flower(có thể + hoa),"Wordset Dictionary (wordset.org, WordNet-based, community-edited)",chưa dịch lại theo định nghĩa Wordset mới - vẫn là công thức ghép cũ,
may+fly,mayfly,[may+fly],0-2-0,noun,/mˈeɪflaɪ/,real,slender insect with delicate membranous wings having an aquatic larval stage and terrestrial adult stage usually lasting less than two days,"may+fly(có thể + bay, ruồi)","Wordset Dictionary (wordset.org, WordNet-based, community-edited)",chưa dịch lại theo định nghĩa Wordset mới - vẫn là công thức ghép cũ,
may+pole,maypole,[may+pole],0-2-0,noun,/mˈeɪpəʊl/,real,a vertical pole or post decorated with streamers that can be held by dancers celebrating May Day,"may+pole(có thể + cực, cột)","Wordset Dictionary (wordset.org, WordNet-based, community-edited)",chưa dịch lại theo định nghĩa Wordset mới - vẫn là công thức ghép cũ,
mayor+ship,mayorship,[mayor+ship],0-2-0,noun,/mˈeəʃɪp/,real,The office of a mayor.,mayor+ship(thị trưởng + con tàu),"Webster's Unabridged Dictionary (1913, public domain)",công thức ghép (chưa xác thực),
meal+bug,mealybug,[meal+bug]-y,0-2-1,noun,/mˈiːlɪbˌʌɡ/,"generated (espeak-ng G2P, algorithmic)",scalelike plant-eating insect coated with a powdery waxy secretion,"meal+bug(bữa ăn + côn trùng, lỗi phần mềm) + -y(có tính chất; danh từ/tính từ)","Wordset Dictionary (wordset.org, WordNet-based, community-edited)",chưa dịch lại theo định nghĩa Wordset mới - vẫn là công thức ghép cũ,
meal+time,mealtime,[meal+time],0-2-0,noun,/ˈmiɫˌtaɪm/,real,the hour at which a meal is habitually or customarily eaten,meal+time(bữa ăn + thời gian),"Wordset Dictionary (wordset.org, WordNet-based, community-edited)",chưa dịch lại theo định nghĩa Wordset mới - vẫn là công thức ghép cũ,
mean+time,meantime,[mean+time],0-2-0,noun,/ˈminˌtaɪm/,real,for a short period of time but not permanently,mean+time(có nghĩa là + thời gian),Oxford 5000 (verified),,
mean+while,meanwhile,[mean+while],0-2-0,adverb,/ˈminˌwaɪɫ/,real,while something else is happening,mean+while(có nghĩa là + trong khi),Oxford 5000 (verified),,
meat+ball,meatball,[meat+ball],0-2-0,noun,/ˈmitˌbɔɫ/,real,ground meat formed into a ball and fried or simmered in broth,meat+ball(thịt + quả bóng),"Wordset Dictionary (wordset.org, WordNet-based, community-edited)",chưa dịch lại theo định nghĩa Wordset mới - vẫn là công thức ghép cũ,
medium+ship,mediumship,[medium+ship],0-2-0,adjective,/mˈiːdiəmʃˌɪp/,real,"medium+ship(in the middle between a larger and smaller size, amount, length, temperature, etc. + a large boat that carries people or goods by sea)","medium+ship(trung bình, phương tiện + con tàu)","compositional (generated, unverified)",công thức ghép (chưa xác thực),
meet+house,meetinghouse,[meet+house],0-2-0,noun,/mˈiːɾɪŋhˌaʊs/,"generated (espeak-ng G2P, algorithmic)","a building for religious assembly (especially Nonconformists, e.g., Quakers)",meet+house(gặp gỡ + ngôi nhà),"Wordset Dictionary (wordset.org, WordNet-based, community-edited)",chưa dịch lại theo định nghĩa Wordset mới - vẫn là công thức ghép cũ,
merchant+man,merchantman,[merchant+man],0-2-0,noun,/mˈɜːtʃɑːntmən/,real,a cargo ship,merchant+man(thương gia + đàn ông),"Wordset Dictionary (wordset.org, WordNet-based, community-edited)",chưa dịch lại theo định nghĩa Wordset mới - vẫn là công thức ghép cũ,
metal+urge,metallurgical,[metal+urge]-ic-al,0-2-2,adjective,/ˌmɛtəˈɫɝdʒɪkəɫ/,real,of or relating to metallurgy,metal+urge(kim loại + thúc giục) + -ic(thuộc về (tính từ)) + -al(thuộc về (tính từ); hành động (danh từ)),"Wordset Dictionary (wordset.org, WordNet-based, community-edited)",chưa dịch lại theo định nghĩa Wordset mới - vẫn là công thức ghép cũ,
metal+urge,metallurgy,[metal+urge]-y,0-2-1,noun,/ˈmɛtəɫɝdʒi/,real,the science and technology of metals,metal+urge(kim loại + thúc giục) + -y(có tính chất; danh từ/tính từ),"Wordset Dictionary (wordset.org, WordNet-based, community-edited)",chưa dịch lại theo định nghĩa Wordset mới - vẫn là công thức ghép cũ,
metal+urge,metallurgist,[metal+urge]-ist,0-2-1,noun,/mɛtˈælədʒˌɪst/,real,an engineer trained in the extraction and refining and alloying and fabrication of metals,metal+urge(kim loại + thúc giục) + -ist(người theo/thực hành (danh từ)),"Wordset Dictionary (wordset.org, WordNet-based, community-edited)",chưa dịch lại theo định nghĩa Wordset mới - vẫn là công thức ghép cũ,
metal+work,metalworker,[metal+work]-er,0-2-1,noun,/ˈmɛtəɫˌwɝkɝ/,real,someone who works metal (especially by hammering it when it is hot and malleable),metal+work(kim loại + công việc) + -er(người làm việc gì; so sánh hơn),"Wordset Dictionary (wordset.org, WordNet-based, community-edited)",chưa dịch lại theo định nghĩa Wordset mới - vẫn là công thức ghép cũ,
metal+work,metalwork,[metal+work],0-2-0,noun,/ˈmɛtəɫˌwɝk/,real,the activity of making things out of metal in a skillful manner,metal+work(kim loại + công việc),"Wordset Dictionary (wordset.org, WordNet-based, community-edited)",chưa dịch lại theo định nghĩa Wordset mới - vẫn là công thức ghép cũ,
method+log,methodology,[method+log]-y,0-2-1,noun,/ˌmɛθəˈdɑɫədʒi/,real,a set of methods and principles used to perform a particular activity,"method+log(phương pháp + khúc gỗ, nhật ký) + -y(có tính chất; danh từ/tính từ)",Oxford 5000 (verified),,
method+log,methodologically,[method+log]-ic-al-ly,0-2-3,adverb,/mˌɛθədəlˈɑːdʒɪkli/,"generated (espeak-ng G2P, algorithmic)",in a methodical manner,"method+log(phương pháp + khúc gỗ, nhật ký) + -ic(thuộc về (tính từ)) + -al(thuộc về (tính từ); hành động (danh từ)) + -ly(trạng từ chỉ cách thức / tính từ (giống như))","Wordset Dictionary (wordset.org, WordNet-based, community-edited)",chưa dịch lại theo định nghĩa Wordset mới - vẫn là công thức ghép cũ,
method+log,methodological,[method+log]-ic-al,0-2-2,adjective,/ˌmɛθədəˈɫɑdʒɪkəɫ/,real,relating to the methodology of some discipline,"method+log(phương pháp + khúc gỗ, nhật ký) + -ic(thuộc về (tính từ)) + -al(thuộc về (tính từ); hành động (danh từ))","Wordset Dictionary (wordset.org, WordNet-based, community-edited)",chưa dịch lại theo định nghĩa Wordset mới - vẫn là công thức ghép cũ,
middle+man,middleman,[middle+man],0-2-0,noun,/ˈmɪdəɫˌmæn/,real,a person who is in a position to give you special assistance,middle+man(ở giữa + đàn ông),"Wordset Dictionary (wordset.org, WordNet-based, community-edited)",chưa dịch lại theo định nghĩa Wordset mới - vẫn là công thức ghép cũ,
middle+town,middletown,[middle+town],0-2-0,adjective,/ˈmɪdəɫˌtaʊn/,real,"middle+town(in a position in the middle of an object, group of objects, people, etc.; between the beginning and the end of something + a place with many houses, shops, etc. where people live and work. It is larger than a village but smaller than a city.)",middle+town(ở giữa + thị trấn),"compositional (generated, unverified)",công thức ghép (chưa xác thực),
middle+weigh,middleweight,[middle+weigh]-t,0-2-1,noun,/ˈmɪdəɫˌweɪt/,real,a professional boxer who weighs between 155 and 160 pounds,"middle+weigh(ở giữa + cân nặng) + -t([NGỮ PHÁP] đuôi chia động từ bất quy tắc (VD burnt, dealt) — không mang nghĩa riêng)","Wordset Dictionary (wordset.org, WordNet-based, community-edited)",chưa dịch lại theo định nghĩa Wordset mới - vẫn là công thức ghép cũ,
mile+stone,milestone,[mile+stone],0-2-0,noun,/ˈmaɪɫˌstoʊn/,real,stone post at side of a road to show distances,mile+stone(dặm + đá),"Wordset Dictionary (wordset.org, WordNet-based, community-edited)",chưa dịch lại theo định nghĩa Wordset mới - vẫn là công thức ghép cũ,
militia+man,militiaman,[militia+man],0-2-0,noun,/mˈɪlɪʃˌiəmən/,real,a member of the militia,militia+man(dân quân + đàn ông),"Wordset Dictionary (wordset.org, WordNet-based, community-edited)",chưa dịch lại theo định nghĩa Wordset mới - vẫn là công thức ghép cũ,
milk+man,milkman,[milk+man],0-2-0,noun,/ˈmɪɫkˌmæn/,real,someone who delivers milk,milk+man(sữa + đàn ông),"Wordset Dictionary (wordset.org, WordNet-based, community-edited)",chưa dịch lại theo định nghĩa Wordset mới - vẫn là công thức ghép cũ,
milk+shake,milkshake,[milk+shake],0-2-0,noun,/ˈmɪɫkˌʃeɪk/,real,frothy drink of milk and flavoring and sometimes fruit or ice cream,"milk+shake(sữa + lắc, rung)","Wordset Dictionary (wordset.org, WordNet-based, community-edited)",chưa dịch lại theo định nghĩa Wordset mới - vẫn là công thức ghép cũ,
milk+weed,milkweed,[milk+weed],0-2-0,noun,/ˈmɪɫˌkwid/,real,annual Eurasian sow thistle with soft spiny leaves and rayed yellow flower heads,milk+weed(sữa + cỏ dại),"Wordset Dictionary (wordset.org, WordNet-based, community-edited)",chưa dịch lại theo định nghĩa Wordset mới - vẫn là công thức ghép cũ,
mill+board,millboard,[mill+board],0-2-0,noun,/mˈɪlboːɹd/,"generated (espeak-ng G2P, algorithmic)",stout pasteboard used to bind books,"mill+board(nhà máy + ban, bảng, tấm ván)","Wordset Dictionary (wordset.org, WordNet-based, community-edited)",chưa dịch lại theo định nghĩa Wordset mới - vẫn là công thức ghép cũ,
mill+pond,millpond,[mill+pond],0-2-0,noun,/mˈɪlpɒnd/,real,a pond formed by damming a stream to provide a head of water to turn a mill wheel,mill+pond(nhà máy + ao hồ),"Wordset Dictionary (wordset.org, WordNet-based, community-edited)",chưa dịch lại theo định nghĩa Wordset mới - vẫn là công thức ghép cũ,
mill+stone,millstone,[mill+stone],0-2-0,noun,/ˈmɪɫˌstoʊn/,real,one of a pair of heavy flat disk-shaped stones that are rotated against one another to grind the grain,mill+stone(nhà máy + đá),"Wordset Dictionary (wordset.org, WordNet-based, community-edited)",chưa dịch lại theo định nghĩa Wordset mới - vẫn là công thức ghép cũ,
mill+wheel,millwheel,[mill+wheel],0-2-0,noun,/mˈɪlwiːl/,"generated (espeak-ng G2P, algorithmic)",water wheel that is used to drive machinery in a mill,mill+wheel(nhà máy + bánh xe),"Wordset Dictionary (wordset.org, WordNet-based, community-edited)",chưa dịch lại theo định nghĩa Wordset mới - vẫn là công thức ghép cũ,
mine+field,minefield,[mine+field],0-2-0,noun,/ˈmaɪnˌfiɫd/,real,a region in which explosives mines have been placed,"mine+field(của tôi, mỏ + cánh đồng, lĩnh vực)","Wordset Dictionary (wordset.org, WordNet-based, community-edited)",chưa dịch lại theo định nghĩa Wordset mới - vẫn là công thức ghép cũ,
mine+lay,minelaying,[mine+lay],0-2-0,noun,/mˈaɪnleɪɪŋ/,"generated (espeak-ng G2P, algorithmic)",laying explosive mines in concealed places to destroy enemy personnel and equipment,"mine+lay(của tôi, mỏ + đặt xuống, đẻ trứng)","Wordset Dictionary (wordset.org, WordNet-based, community-edited)",chưa dịch lại theo định nghĩa Wordset mới - vẫn là công thức ghép cũ,
mine+sweep,minesweeper,[mine+sweep]-er,0-2-1,noun,/ˈmaɪnˌswipɝ/,real,ship equipped to detect and then destroy or neutralize or remove marine mines,"mine+sweep(của tôi, mỏ + quét dọn) + -er(người làm việc gì; so sánh hơn)","Wordset Dictionary (wordset.org, WordNet-based, community-edited)",chưa dịch lại theo định nghĩa Wordset mới - vẫn là công thức ghép cũ,
mine+sweep,minesweeping,[mine+sweep],0-2-0,noun,/mˈaɪnswiːpɪŋ/,"generated (espeak-ng G2P, algorithmic)",the activity of detecting and disposing of marine mines,"mine+sweep(của tôi, mỏ + quét dọn)","Wordset Dictionary (wordset.org, WordNet-based, community-edited)",chưa dịch lại theo định nghĩa Wordset mới - vẫn là công thức ghép cũ,
minute+man,minuteman,[minute+man],0-2-0,adjective,/ˈmɪnətˌmæn/,real,A militiaman who was to be ready to march at a moment's notice;-- a term used in the American Revolution.,minute+man(phút + đàn ông),"Webster's Unabridged Dictionary (1913, public domain)",công thức ghép (chưa xác thực),
mob+cap,mobcaps,[mob+cap],0-2-0,noun,/mˈɑːbkæps/,"generated (espeak-ng G2P, algorithmic)","mob+cap(a large crowd of people, especially one that may become violent or cause trouble + a type of soft flat hat with a peak (= a hard curved part sticking out in front). Caps are worn especially by men and boys, often as part of a uniform)",mob+cap(đám đông + mũ lưỡi trai),"compositional (generated, unverified)",công thức ghép (chưa xác thực),
money+bag,moneybags,[money+bag],0-2-0,noun,/mˈʌnɪbˌæɡz/,real,"money+bag(what you earn by working or selling things, and use to buy things + a container made of cloth, leather, plastic or paper, used to carry things in, especially when shopping or travelling)",money+bag(tiền bạc + túi),"compositional (generated, unverified)",công thức ghép (chưa xác thực),
money+box,moneybox,[money+box],0-2-0,noun,/mˈʌnɪbˌɒks/,real,"money+box(what you earn by working or selling things, and use to buy things + a container made of wood, thick card, metal, etc. with a flat stiff base and sides and often a lid (= cover), used especially for holding solid things)",money+box(tiền bạc + hộp),"compositional (generated, unverified)",công thức ghép (chưa xác thực),
money+change,moneychanger,[money+change]-er,0-2-1,noun,/mˈʌnɪtʃˌæŋɚ/,"generated (espeak-ng G2P, algorithmic)","money+change(what you earn by working or selling things, and use to buy things + the act or result of something becoming different) + -er(person who does; comparative)",money+change(tiền bạc + thay đổi) + -er(người làm việc gì; so sánh hơn),"compositional (generated, unverified)",công thức ghép (chưa xác thực),
money+lend,moneylender,[money+lend]-er,0-2-1,noun,/mˈʌnɪləndɐ/,real,someone who lends money at excessive rates of interest,money+lend(tiền bạc + cho vay) + -er(người làm việc gì; so sánh hơn),"Wordset Dictionary (wordset.org, WordNet-based, community-edited)",chưa dịch lại theo định nghĩa Wordset mới - vẫn là công thức ghép cũ,
money+make,moneymaking,[money+make],0-2-0,adjective,/ˈməniˌmeɪkɪŋ/,real,profit oriented,money+make(tiền bạc + làm),"Wordset Dictionary (wordset.org, WordNet-based, community-edited)",chưa dịch lại theo định nghĩa Wordset mới - vẫn là công thức ghép cũ,
money+make,moneymaker,[money+make]-er,0-2-1,noun,/ˈməniˌmeɪkɝ/,real,a project that generates a continuous flow of money,money+make(tiền bạc + làm) + -er(người làm việc gì; so sánh hơn),"Wordset Dictionary (wordset.org, WordNet-based, community-edited)",chưa dịch lại theo định nghĩa Wordset mới - vẫn là công thức ghép cũ,
moon+beam,moonbeam,[moon+beam],0-2-0,noun,/ˈmunˌbim/,real,a ray of moonlight,"moon+beam(mặt trăng + chùm tia, dầm)","Wordset Dictionary (wordset.org, WordNet-based, community-edited)",chưa dịch lại theo định nghĩa Wordset mới - vẫn là công thức ghép cũ,
moon+flower,moonflower,[moon+flower],0-2-0,noun,/mˈuːnflaʊɚ/,"generated (espeak-ng G2P, algorithmic)",pantropical climber having white fragrant nocturnal flowers,moon+flower(mặt trăng + hoa),"Wordset Dictionary (wordset.org, WordNet-based, community-edited)",chưa dịch lại theo định nghĩa Wordset mới - vẫn là công thức ghép cũ,
moon+light,moonlighter,[moon+light]-er,0-2-1,noun,/mˈuːnlaɪɾɚ/,"generated (espeak-ng G2P, algorithmic)",a person who holds a second job (usually after hours),"moon+light(mặt trăng + ánh sáng, nhẹ) + -er(người làm việc gì; so sánh hơn)","Wordset Dictionary (wordset.org, WordNet-based, community-edited)",chưa dịch lại theo định nghĩa Wordset mới - vẫn là công thức ghép cũ,
moon+light,moonlight,[moon+light],0-2-0,noun,/ˈmunˌɫaɪt/,real,the light of the Moon,"moon+light(mặt trăng + ánh sáng, nhẹ)","Wordset Dictionary (wordset.org, WordNet-based, community-edited)",chưa dịch lại theo định nghĩa Wordset mới - vẫn là công thức ghép cũ,
moon+shine,moonshine,[moon+shine],0-2-0,noun,/ˈmunˌʃaɪn/,real,whiskey illegally distilled from a corn mash,moon+shine(mặt trăng + tỏa sáng),"Wordset Dictionary (wordset.org, WordNet-based, community-edited)",chưa dịch lại theo định nghĩa Wordset mới - vẫn là công thức ghép cũ,
moon+stone,moonstone,[moon+stone],0-2-0,noun,/ˈmunˌstoʊn/,real,a transparent or translucent gemstone with a pearly luster,moon+stone(mặt trăng + đá),"Wordset Dictionary (wordset.org, WordNet-based, community-edited)",chưa dịch lại theo định nghĩa Wordset mới - vẫn là công thức ghép cũ,
more+house,morehouse,[more+house],0-2-0,adverb,/ˈmɔɹˌhaʊs/,real,"more+house(used to form the comparative of most adjectives and adverbs with two or more syllables + a building for people to live in, usually for one family)",more+house(nhiều hơn + ngôi nhà),"compositional (generated, unverified)",công thức ghép (chưa xác thực),
more+over,moreover,[more+over],0-2-0,adverb,/mɔˈɹoʊvɝ/,real,used to introduce some new information that adds to or supports what you have said previously,"more+over(nhiều hơn + ở trên, hơn)",Oxford 5000 (verified),,
mother+land,motherland,[mother+land],0-2-0,noun,/ˈməðɝˌɫænd/,real,the country where you were born,mother+land(mẹ + đất đai),"Wordset Dictionary (wordset.org, WordNet-based, community-edited)",chưa dịch lại theo định nghĩa Wordset mới - vẫn là công thức ghép cũ,
mother+like,motherlike,[mother+like],0-2-0,adjective,/mˈʌðɚlˌaɪk/,"generated (espeak-ng G2P, algorithmic)",suggestive of or acting like a mother,"mother+like(mẹ + thích, giống như)","Wordset Dictionary (wordset.org, WordNet-based, community-edited)",chưa dịch lại theo định nghĩa Wordset mới - vẫn là công thức ghép cũ,
motor+bike,pushbike,[motor+bike],0-2-0,adjective,/pˈʊʃbaɪk/,real,motor+bike(having an engine; using the power of an engine + a bicycle),"motor+bike(động cơ, mô tơ + xe đạp)","compositional (generated, unverified)",công thức ghép (chưa xác thực),
motor+boat,motorboat,[motor+boat],0-2-0,noun,/ˈmoʊtɝˌboʊt/,real,a boat propelled by an internal-combustion engine,"motor+boat(động cơ, mô tơ + thuyền)","Wordset Dictionary (wordset.org, WordNet-based, community-edited)",chưa dịch lại theo định nghĩa Wordset mới - vẫn là công thức ghép cũ,
motor+car,motorcar,[motor+car],0-2-0,noun,/ˈmoʊtɝˌkɑɹ/,real,a motor vehicle with four wheels,"motor+car(động cơ, mô tơ + xe ô tô)","Wordset Dictionary (wordset.org, WordNet-based, community-edited)",chưa dịch lại theo định nghĩa Wordset mới - vẫn là công thức ghép cũ,
motor+cycle,motorcycle,[motor+cycle],0-2-0,noun,/ˈmoʊtɝˌsaɪkəɫ/,real,"a road vehicle with two wheels, driven by an engine, with one seat for the driver and often a seat for a passenger behind the driver","motor+cycle(động cơ, mô tơ + chu kỳ, xe đạp)",Oxford 5000 (verified),,
motor+cycle,motorcyclist,[motor+cycle]-ist,0-2-1,noun,/ˈmoʊtɝˌsaɪkəɫɪst/,real,a traveler who rides a motorcycle,"motor+cycle(động cơ, mô tơ + chu kỳ, xe đạp) + -ist(người theo/thực hành (danh từ))","Wordset Dictionary (wordset.org, WordNet-based, community-edited)",chưa dịch lại theo định nghĩa Wordset mới - vẫn là công thức ghép cũ,
motor+way,motorway,[motor+way],0-2-0,noun,/mˈəʊtəwˌeɪ/,real,a broad highway designed for high-speed traffic,"motor+way(động cơ, mô tơ + con đường, cách thức)","Wordset Dictionary (wordset.org, WordNet-based, community-edited)",chưa dịch lại theo định nghĩa Wordset mới - vẫn là công thức ghép cũ,
mountain+side,mountainside,[mountain+side],0-2-0,noun,/ˈmaʊntənˌsaɪd/,real,the side or slope of a mountain,mountain+side(núi + bên cạnh),"Wordset Dictionary (wordset.org, WordNet-based, community-edited)",chưa dịch lại theo định nghĩa Wordset mới - vẫn là công thức ghép cũ,
mountain+top,mountaintop,[mountain+top],0-2-0,noun,/ˈmaʊntənˌtɑp/,real,"mountain+top(a very high hill, often with rocks near the top + highest in position)","mountain+top(núi + đỉnh, trên cùng)","compositional (generated, unverified)",công thức ghép (chưa xác thực),
mouse+trap,mousetrap,[mouse+trap],0-2-0,noun,/ˈmaʊˌstɹæp/,real,a play in American football by which a defensive player is allowed to cross the line of scrimmage and then blocked off as the runner goes through the place the lineman vacated,mouse+trap(chuột + cái bẫy),"Wordset Dictionary (wordset.org, WordNet-based, community-edited)",chưa dịch lại theo định nghĩa Wordset mới - vẫn là công thức ghép cũ,
mouth+organ,mouthorgan,[mouth+organ],0-2-0,noun,/mˈaʊθoːɹɡən/,"generated (espeak-ng G2P, algorithmic)","mouth+organ(the opening in the face used for speaking, eating, etc.; the area inside the head behind this opening + a part of the body that has a particular purpose, such as the heart or the brain; part of a plant with a particular purpose)","mouth+organ(miệng + cơ quan, đàn organ)","compositional (generated, unverified)",công thức ghép (chưa xác thực),"""mouth organ"" - đàn harmonica, có thật"
mouth+piece,mouthpiece,[mouth+piece],0-2-0,noun,/ˈmaʊθˌpis/,real,the aperture of a wind instrument into which the player blows directly,"mouth+piece(miệng + mảnh, miếng)","Wordset Dictionary (wordset.org, WordNet-based, community-edited)",chưa dịch lại theo định nghĩa Wordset mới - vẫn là công thức ghép cũ,
mouth+wash,mouthwash,[mouth+wash],0-2-0,noun,/ˈmaʊθˌwɑʃ/,real,a medicated solution used for gargling and rinsing the mouth,mouth+wash(miệng + rửa),"Wordset Dictionary (wordset.org, WordNet-based, community-edited)",chưa dịch lại theo định nghĩa Wordset mới - vẫn là công thức ghép cũ,
mud+flat,mudflat,[mud+flat],0-2-0,noun,/mˈʌdflæt/,real,"mud+flat(wet earth that is soft and sticky + having a level surface, not curved or sloping, and without holes or any bits sticking out)","mud+flat(bùn + phẳng, căn hộ)","compositional (generated, unverified)",công thức ghép (chưa xác thực),
mud+guard,mudguard,[mud+guard],0-2-0,noun,/mˈʌdɡɑːd/,real,a curved piece above the wheel of a bicycle or motorcycle to protect the rider from water or mud thrown up by the wheels,mud+guard(bùn + bảo vệ),"Wordset Dictionary (wordset.org, WordNet-based, community-edited)",chưa dịch lại theo định nghĩa Wordset mới - vẫn là công thức ghép cũ,
mud+pack,mudpack,[mud+pack],0-2-0,noun,/mˈʌdpæk/,real,"mud+pack(wet earth that is soft and sticky + a container, usually made of paper, that holds a number of the same thing or an amount of something, ready to be sold)","mud+pack(bùn + đóng gói, gói)","compositional (generated, unverified)",công thức ghép (chưa xác thực),
muscle+man,muscleman,[muscle+man],0-2-0,noun,/mˈʌslɛmən/,real,someone who does special exercises to develop a brawny musculature,muscle+man(cơ bắp + đàn ông),"Wordset Dictionary (wordset.org, WordNet-based, community-edited)",chưa dịch lại theo định nghĩa Wordset mới - vẫn là công thức ghép cũ,
my+lord,milord,[my+lord],0-2-0,noun,/mˈaɪlɔːd/,real,a term of address for an English lord,my+lord(của tôi + lãnh chúa),"Wordset Dictionary (wordset.org, WordNet-based, community-edited)",chưa dịch lại theo định nghĩa Wordset mới - vẫn là công thức ghép cũ,
my+self,myself,[my+self],0-2-0,pronoun,/ˌmaɪˈsɛɫf/,real,used when the speaker or writer is also the person affected by an action,my+self(của tôi + bản thân),Oxford 5000 (verified),,
myth+log,demythologization,de-[myth+log]-iz-ion,1-2-2,noun,/dˌiːmɪθˌɑːlədʒᵻzˈeɪʃən/,"generated (espeak-ng G2P, algorithmic)","the restatement of a message, for example a religious one, in rational terms","de-(xuống, loại bỏ, đảo ngược) + myth+log(thần thoại + khúc gỗ, nhật ký) + -iz([BIẾN THỂ] mảnh của -ize (VD demythologization)) + -ion(hành động, quá trình, trạng thái (danh từ))","Wordset Dictionary (wordset.org, WordNet-based, community-edited)",chưa dịch lại theo định nghĩa Wordset mới - vẫn là công thức ghép cũ,
myth+log,nonmythological,non-[myth+log]-ic-al,1-2-2,adjective,/nˌɑːnmˌɪθəlˈɑːdʒɪkəl/,"generated (espeak-ng G2P, algorithmic)","non-(not) + myth+log(a story from ancient times, especially one that was told to explain natural events or to describe the early history of a people; this type of story + a thick piece of wood that is cut from or has fallen from a tree) + -ic(relating to (adjective)) + -al(relating to (adjective); action (noun))","non-(không) + myth+log(thần thoại + khúc gỗ, nhật ký) + -ic(thuộc về (tính từ)) + -al(thuộc về (tính từ); hành động (danh từ))","compositional (generated, unverified)",công thức ghép (chưa xác thực),
myth+log,mythological,[myth+log]-ic-al,0-2-2,adjective,/ˌmɪθəˈɫɑdʒɪkəɫ/,real,based on or told of in traditional stories,"myth+log(thần thoại + khúc gỗ, nhật ký) + -ic(thuộc về (tính từ)) + -al(thuộc về (tính từ); hành động (danh từ))","Wordset Dictionary (wordset.org, WordNet-based, community-edited)",chưa dịch lại theo định nghĩa Wordset mới - vẫn là công thức ghép cũ,
myth+log,demythologize,de-[myth+log]-ize,1-2-1,verb,/dˌiːmɪθˈɑːlədʒˌaɪz/,"generated (espeak-ng G2P, algorithmic)",remove the mythical element from (writings),"de-(xuống, loại bỏ, đảo ngược) + myth+log(thần thoại + khúc gỗ, nhật ký) + -ize(làm cho, biến thành (động từ))","Wordset Dictionary (wordset.org, WordNet-based, community-edited)",chưa dịch lại theo định nghĩa Wordset mới - vẫn là công thức ghép cũ,
myth+log,mythology,[myth+log]-y,0-2-1,noun,/məˈθɑɫəˌdʒi/,real,the study of myths,"myth+log(thần thoại + khúc gỗ, nhật ký) + -y(có tính chất; danh từ/tính từ)","Wordset Dictionary (wordset.org, WordNet-based, community-edited)",chưa dịch lại theo định nghĩa Wordset mới - vẫn là công thức ghép cũ,
myth+log,mythologist,[myth+log]-ist,0-2-1,noun,/mɪθˈɑːlədʒˌɪst/,"generated (espeak-ng G2P, algorithmic)",an expert on mythology,"myth+log(thần thoại + khúc gỗ, nhật ký) + -ist(người theo/thực hành (danh từ))","Wordset Dictionary (wordset.org, WordNet-based, community-edited)",chưa dịch lại theo định nghĩa Wordset mới - vẫn là công thức ghép cũ,
nail+brush,nailbrush,[nail+brush],0-2-0,noun,/nˈeɪlbɹʌʃ/,real,a brush used to clean a person's fingernails,"nail+brush(móng tay, đinh + bàn chải, chải)","Wordset Dictionary (wordset.org, WordNet-based, community-edited)",chưa dịch lại theo định nghĩa Wordset mới - vẫn là công thức ghép cũ,
name+plate,nameplate,[name+plate],0-2-0,noun,/ˈneɪmˌpɫeɪt/,real,a plate bearing a name,name+plate(tên + đĩa),"Wordset Dictionary (wordset.org, WordNet-based, community-edited)",chưa dịch lại theo định nghĩa Wordset mới - vẫn là công thức ghép cũ,
name+sake,namesake,[name+sake],0-2-0,noun,/ˈneɪmˌseɪk/,real,a person with the same name as another,"name+sake(tên + lợi ích, mục đích)","Wordset Dictionary (wordset.org, WordNet-based, community-edited)",chưa dịch lại theo định nghĩa Wordset mới - vẫn là công thức ghép cũ,
nation+wide,nationwide,[nation+wide],0-2-0,adjective,/ˈneɪʃənˈwaɪd/,real,happening or existing in all parts of a particular country,nation+wide(quốc gia + rộng lớn),Oxford 5000 (verified),,
near+by,nearby,[near+by],0-2-0,adjective,/ˈnɪɹˈbaɪ/,real,near in position; not far away,"near+by(gần + bởi, bằng)",Oxford 5000 (verified),,
near+side,nearside,[near+side],0-2-0,noun,/nˈiəsaɪd/,real,the side of a vehicle nearest the kerb,near+side(gần + bên cạnh),"Wordset Dictionary (wordset.org, WordNet-based, community-edited)",chưa dịch lại theo định nghĩa Wordset mới - vẫn là công thức ghép cũ,
near+sight,nearsightedness,[near+sight]-ness,0-2-1,noun,/ˈniɹˌsaɪtɪdnəs/,real,(ophthalmology) eyesight abnormality resulting from the eye's faulty refractive ability,"near+sight(gần + tầm nhìn) + -ness(trạng thái, tính chất (danh từ))","Wordset Dictionary (wordset.org, WordNet-based, community-edited)",chưa dịch lại theo định nghĩa Wordset mới - vẫn là công thức ghép cũ,
near+sight,nearsighted,[near+sight],0-2-0,adjective,/ˈniɹˌsaɪtɪd/,real,unable to see distant objects clearly,near+sight(gần + tầm nhìn),"Wordset Dictionary (wordset.org, WordNet-based, community-edited)",chưa dịch lại theo định nghĩa Wordset mới - vẫn là công thức ghép cũ,
near+sight,nearsightedly,[near+sight]-ly,0-2-1,adverb,/nˈɪɹsaɪɾᵻdli/,"generated (espeak-ng G2P, algorithmic)",near+sight(a short distance away + the ability to see) + -ly(adverb of manner / adjective (like)),near+sight(gần + tầm nhìn) + -ly(trạng từ chỉ cách thức / tính từ (giống như)),"compositional (generated, unverified)",công thức ghép (chưa xác thực),
neck+band,neckband,[neck+band],0-2-0,noun,/nˈɛkbænd/,real,necklace that fits tightly around a woman's neck,"neck+band(cổ + ban nhạc, dải băng)","Wordset Dictionary (wordset.org, WordNet-based, community-edited)",chưa dịch lại theo định nghĩa Wordset mới - vẫn là công thức ghép cũ,
neck+cloth,neckcloth,[neck+cloth],0-2-0,noun,/nˈɛkklɔθ/,"generated (espeak-ng G2P, algorithmic)",an ornamental white cravat,neck+cloth(cổ + vải),"Wordset Dictionary (wordset.org, WordNet-based, community-edited)",chưa dịch lại theo định nghĩa Wordset mới - vẫn là công thức ghép cũ,
neck+line,neckline,[neck+line],0-2-0,noun,/nˈɛklaɪn/,real,the line formed by the edge of a garment around the neck,neck+line(cổ + đường kẻ),"Wordset Dictionary (wordset.org, WordNet-based, community-edited)",chưa dịch lại theo định nghĩa Wordset mới - vẫn là công thức ghép cũ,
neck+tie,necktie,[neck+tie],0-2-0,noun,/ˈnɛkˌtaɪ/,real,neckwear consisting of a long narrow piece of material worn under a collar and tied in knot at the front,"neck+tie(cổ + cà vạt, buộc)","Wordset Dictionary (wordset.org, WordNet-based, community-edited)",chưa dịch lại theo định nghĩa Wordset mới - vẫn là công thức ghép cũ,
neck+wear,neckwear,[neck+wear],0-2-0,noun,/ˈnɛˌkwɛɹ/,real,articles of clothing worn about the neck,neck+wear(cổ + mặc quần áo),"Wordset Dictionary (wordset.org, WordNet-based, community-edited)",chưa dịch lại theo định nghĩa Wordset mới - vẫn là công thức ghép cũ,
needle+craft,needlecraft,[needle+craft],0-2-0,noun,/nˈiːdəlkɹˌɑːft/,real,"work, such as sewing or embroidery, that is done with a needle","needle+craft(kim khâu + thủ công, chế tạo)","Wordset Dictionary (wordset.org, WordNet-based, community-edited)",chưa dịch lại theo định nghĩa Wordset mới - vẫn là công thức ghép cũ,
needle+point,needlepoint,[needle+point],0-2-0,noun,/ˈnidəɫˌpɔɪnt/,real,embroidery consisting of allover embroidered canvas resembling tapestry,"needle+point(kim khâu + điểm, chỉ ra)","Wordset Dictionary (wordset.org, WordNet-based, community-edited)",chưa dịch lại theo định nghĩa Wordset mới - vẫn là công thức ghép cũ,
needle+woman,needlewoman,[needle+woman],0-2-0,noun,/nˈiːdəlwˌʊmən/,real,someone who makes or mends dresses,needle+woman(kim khâu + phụ nữ),"Wordset Dictionary (wordset.org, WordNet-based, community-edited)",chưa dịch lại theo định nghĩa Wordset mới - vẫn là công thức ghép cũ,
needle+work,needlework,[needle+work],0-2-0,noun,/ˈnidəɫˌwɝk/,real,work (such as sewing or embroidery) that is done with a needle,needle+work(kim khâu + công việc),"Wordset Dictionary (wordset.org, WordNet-based, community-edited)",chưa dịch lại theo định nghĩa Wordset mới - vẫn là công thức ghép cũ,
net+ball,netball,[net+ball],0-2-0,noun,/nˈɛtbɔːl/,real,a team game that resembles basketball,"net+ball(lưới, mạng + quả bóng)","Wordset Dictionary (wordset.org, WordNet-based, community-edited)",chưa dịch lại theo định nghĩa Wordset mới - vẫn là công thức ghép cũ,
net+work,network,[net+work],0-2-0,noun,/ˈnɛtˌwɝk/,real,"a complicated system of roads, lines, tubes, nerves, etc. that are connected to each other and operate together","net+work(lưới, mạng + công việc)",Oxford 5000 (verified),,
new+agent,newsagent,[new+agent],0-2-0,noun,/njˈuːzeɪdʒənt/,real,someone who sells newspapers,"new+agent(mới + đại lý, tác nhân)","Wordset Dictionary (wordset.org, WordNet-based, community-edited)",chưa dịch lại theo định nghĩa Wordset mới - vẫn là công thức ghép cũ,
new+bold,newbold,[new+bold],0-2-0,adjective,/ˈnuˌboʊɫd/,real,"new+bold(not existing before; recently made, invented, introduced, etc. + brave and confident; not afraid to say what you feel or to take risks)","new+bold(mới + táo bạo, đậm)","compositional (generated, unverified)",công thức ghép (chưa xác thực),
new+born,newborn,[new+born],0-2-0,adjective,/ˈnubɔɹn/,real,having just or recently arisen or come into existence,new+born(mới + sinh ra),"Wordset Dictionary (wordset.org, WordNet-based, community-edited)",chưa dịch lại theo định nghĩa Wordset mới - vẫn là công thức ghép cũ,
new+boy,newsboy,[new+boy],0-2-0,noun,/njˈuːzbɔɪ/,real,a boy who delivers newspapers,new+boy(mới + con trai),"Wordset Dictionary (wordset.org, WordNet-based, community-edited)",chưa dịch lại theo định nghĩa Wordset mới - vẫn là công thức ghép cũ,
new+bury,newbury,[new+bury],0-2-0,adjective,/ˈnuˌbɛɹi/,real,"new+bury(not existing before; recently made, invented, introduced, etc. + to place a dead body in the ground)",new+bury(mới + chôn cất),"compositional (generated, unverified)",công thức ghép (chưa xác thực),
new+cast,newscaster,[new+cast]-er,0-2-1,noun,/ˈnuzˌkæstɝ/,real,someone who broadcasts the news,"new+cast(mới + phân vai, đúc khuôn) + -er(người làm việc gì; so sánh hơn)","Wordset Dictionary (wordset.org, WordNet-based, community-edited)",chưa dịch lại theo định nghĩa Wordset mới - vẫn là công thức ghép cũ,
new+cast,newscast,[new+cast],0-2-0,noun,/ˈnuzˌkæst/,real,a broadcast of news or commentary on the news,"new+cast(mới + phân vai, đúc khuôn)","Wordset Dictionary (wordset.org, WordNet-based, community-edited)",chưa dịch lại theo định nghĩa Wordset mới - vẫn là công thức ghép cũ,
new+castle,newcastle,[new+castle],0-2-0,adjective,/ˈnuˌkæsəɫ/,real,"new+castle(not existing before; recently made, invented, introduced, etc. + a large strong building with thick, high walls and towers, built in the past by kings or queens, or other important people, to defend themselves against attack)",new+castle(mới + lâu đài),"compositional (generated, unverified)",công thức ghép (chưa xác thực),
new+come,newcomer,[new+come]-er,0-2-1,noun,/ˈnuˌkəmɝ/,real,any new participant in some activity,new+come(mới + đến) + -er(người làm việc gì; so sánh hơn),"Wordset Dictionary (wordset.org, WordNet-based, community-edited)",chưa dịch lại theo định nghĩa Wordset mới - vẫn là công thức ghép cũ,
new+deal,newsdealer,[new+deal]-er,0-2-1,noun,/nˈuːzdiːlɚ/,"generated (espeak-ng G2P, algorithmic)",someone who sells newspapers,"new+deal(mới + thỏa thuận, đối phó) + -er(người làm việc gì; so sánh hơn)","Wordset Dictionary (wordset.org, WordNet-based, community-edited)",chưa dịch lại theo định nghĩa Wordset mới - vẫn là công thức ghép cũ,
new+flash,newsflash,[new+flash],0-2-0,noun,/ˈnusfɫæʃ/,real,a short news announcement concerning some on-going news story,new+flash(mới + ánh sáng lóe lên),"Wordset Dictionary (wordset.org, WordNet-based, community-edited)",chưa dịch lại theo định nghĩa Wordset mới - vẫn là công thức ghép cũ,
new+found,newfound,[new+found],0-2-0,adjective,/ˈnuˈfaʊnd/,real,newly discovered,"new+found(mới + thành lập, tìm thấy)","Wordset Dictionary (wordset.org, WordNet-based, community-edited)",chưa dịch lại theo định nghĩa Wordset mới - vẫn là công thức ghép cũ,
new+letter,newsletter,[new+letter],0-2-0,noun,/ˈnuzˌɫɛtɝ/,real,a report containing news of the activities of a club or organization that is sent regularly to all its members,"new+letter(mới + thư từ, chữ cái)",Oxford 5000 (verified),,
new+man,newsman,[new+man],0-2-0,noun,/ˈnuzˌmæn/,real,a person who investigates and reports or edits news stories,new+man(mới + đàn ông),"Wordset Dictionary (wordset.org, WordNet-based, community-edited)",chưa dịch lại theo định nghĩa Wordset mới - vẫn là công thức ghép cũ,
new+market,newmarket,[new+market],0-2-0,noun,/ˈnuˌmɑɹkət/,real,a long close-fitting coat worn for riding in the 19th century,new+market(mới + thị trường),"Wordset Dictionary (wordset.org, WordNet-based, community-edited)",chưa dịch lại theo định nghĩa Wordset mới - vẫn là công thức ghép cũ,
new+paper,newspaper,[new+paper],0-2-0,noun,/ˈnuzˌpeɪpɝ/,real,"a set of large printed sheets of paper, or a website, containing news, articles, advertisements, etc. and published every day or every week; the organization responsible for producing this",new+paper(mới + giấy),Oxford 5000 (verified),,
new+paper+man,newspaperman,[new+paper+man],0-3-0,noun,/ˈnuzˌpeɪpɝˌmæn/,real,a journalist employed to provide news stories for newspapers or broadcast media,new+paper+man(mới + giấy + đàn ông),"Wordset Dictionary (wordset.org, WordNet-based, community-edited)",chưa dịch lại theo định nghĩa Wordset mới - vẫn là công thức ghép cũ,
new+print,newsprint,[new+print],0-2-0,noun,/ˈnuzˌpɹɪnt/,real,cheap paper made from wood pulp and used for printing newspapers,new+print(mới + in ấn),"Wordset Dictionary (wordset.org, WordNet-based, community-edited)",chưa dịch lại theo định nghĩa Wordset mới - vẫn là công thức ghép cũ,
new+read,newsreader,[new+read]-er,0-2-1,noun,/njˈuːzɹiːdɐ/,real,someone who reads out broadcast news bulletin,new+read(mới + đọc) + -er(người làm việc gì; so sánh hơn),"Wordset Dictionary (wordset.org, WordNet-based, community-edited)",chưa dịch lại theo định nghĩa Wordset mới - vẫn là công thức ghép cũ,
new+room,newsroom,[new+room],0-2-0,noun,/ˈnuzˌɹum/,real,a reading room (in a library or club) where newspapers and other periodicals can be read,new+room(mới + căn phòng),"Wordset Dictionary (wordset.org, WordNet-based, community-edited)",chưa dịch lại theo định nghĩa Wordset mới - vẫn là công thức ghép cũ,
new+sheet,newssheet,[new+sheet],0-2-0,noun,/nˈuːzʃiːt/,"generated (espeak-ng G2P, algorithmic)",report or open letter giving informal or confidential news of interest to a special group,"new+sheet(mới + tấm, tờ)","Wordset Dictionary (wordset.org, WordNet-based, community-edited)",chưa dịch lại theo định nghĩa Wordset mới - vẫn là công thức ghép cũ,
new+stand,newsstand,[new+stand],0-2-0,noun,/ˈnuzˌstænd/,real,a stall where newspapers and other periodicals are sold,new+stand(mới + đứng),"Wordset Dictionary (wordset.org, WordNet-based, community-edited)",chưa dịch lại theo định nghĩa Wordset mới - vẫn là công thức ghép cũ,
new+town,newtown,[new+town],0-2-0,adjective,/ˈnuˌtaʊn/,real,"new+town(not existing before; recently made, invented, introduced, etc. + a place with many houses, shops, etc. where people live and work. It is larger than a village but smaller than a city.)",new+town(mới + thị trấn),"compositional (generated, unverified)",công thức ghép (chưa xác thực),
new+wed,newlywed,[new+wed]-ly,0-2-1,noun,/ˈnuɫiˌwɛd/,real,someone recently married,new+wed(mới + kết hôn) + -ly(trạng từ chỉ cách thức / tính từ (giống như)),"Wordset Dictionary (wordset.org, WordNet-based, community-edited)",chưa dịch lại theo định nghĩa Wordset mới - vẫn là công thức ghép cũ,
new+week,newsweek,[new+week],0-2-0,adjective,/ˈnuzˌwik/,real,"new+week(not existing before; recently made, invented, introduced, etc. + a period of seven days, either from Monday to Sunday or from Sunday to Saturday)",new+week(mới + tuần lễ),"compositional (generated, unverified)",công thức ghép (chưa xác thực),
new+worth,newsworthy,[new+worth]-y,0-2-1,adjective,/ˈnuzˌwɝði/,real,sufficiently interesting to be reported in a newspaper,new+worth(mới + đáng giá) + -y(có tính chất; danh từ/tính từ),"Wordset Dictionary (wordset.org, WordNet-based, community-edited)",chưa dịch lại theo định nghĩa Wordset mới - vẫn là công thức ghép cũ,
night+cap,nightcap,[night+cap],0-2-0,noun,/nˈaɪtkæp/,real,the final game of a double header,night+cap(ban đêm + mũ lưỡi trai),"Wordset Dictionary (wordset.org, WordNet-based, community-edited)",chưa dịch lại theo định nghĩa Wordset mới - vẫn là công thức ghép cũ,
night+club,nightclub,[night+club],0-2-0,noun,/ˈnaɪtˌkɫəb/,real,a spot that is open late at night and that provides entertainment (as singers or dancers) as well as dancing and food and drink,"night+club(ban đêm + câu lạc bộ, gậy)","Wordset Dictionary (wordset.org, WordNet-based, community-edited)",chưa dịch lại theo định nghĩa Wordset mới - vẫn là công thức ghép cũ,
night+dress,nightdress,[night+dress],0-2-0,noun,/nˈaɪtdɹɛs/,real,lingerie consisting of a loose dress designed to be worn in bed by women,"night+dress(ban đêm + váy, mặc quần áo)","Wordset Dictionary (wordset.org, WordNet-based, community-edited)",chưa dịch lại theo định nghĩa Wordset mới - vẫn là công thức ghép cũ,
night+fall,nightfall,[night+fall],0-2-0,noun,/ˈnaɪtˌfɔɫ/,real,the time of day immediately following sunset,"night+fall(ban đêm + rơi, mùa thu)","Wordset Dictionary (wordset.org, WordNet-based, community-edited)",chưa dịch lại theo định nghĩa Wordset mới - vẫn là công thức ghép cũ,
night+life,nightlife,[night+life],0-2-0,noun,/ˈnaɪtˌɫaɪf/,real,"the activity of people seeking nighttime diversion (as at the theater, a nightclub, etc.)",night+life(ban đêm + cuộc sống),"Wordset Dictionary (wordset.org, WordNet-based, community-edited)",chưa dịch lại theo định nghĩa Wordset mới - vẫn là công thức ghép cũ,
night+light,nightlights,[night+light],0-2-0,noun,/nˈaɪtlaɪts/,"generated (espeak-ng G2P, algorithmic)","night+light(the time between one day and the next when it is dark, when people usually sleep + pale in colour)","night+light(ban đêm + ánh sáng, nhẹ)","compositional (generated, unverified)",công thức ghép (chưa xác thực),"số nhiều của ""night light"" (đèn ngủ)"
night+line,nightline,[night+line],0-2-0,noun,/ˈnaɪtˌɫaɪn/,real,"night+line(the time between one day and the next when it is dark, when people usually sleep + a long, thin mark on a surface)",night+line(ban đêm + đường kẻ),"compositional (generated, unverified)",công thức ghép (chưa xác thực),
night+shade,nightshade,[night+shade],0-2-0,noun,/ˈnaɪˌtʃeɪd/,real,any of numerous shrubs or herbs or vines of the genus Solanum,night+shade(ban đêm + bóng râm),"Wordset Dictionary (wordset.org, WordNet-based, community-edited)",chưa dịch lại theo định nghĩa Wordset mới - vẫn là công thức ghép cũ,
night+shirt,nightshirt,[night+shirt],0-2-0,noun,/ˈnaɪˌtʃɝt/,real,nightclothes worn by men,night+shirt(ban đêm + áo sơ mi),"Wordset Dictionary (wordset.org, WordNet-based, community-edited)",chưa dịch lại theo định nghĩa Wordset mới - vẫn là công thức ghép cũ,
night+time,nighttime,[night+time],0-2-0,noun,/ˈnaɪtˌtaɪm/,real,the time after sunset and before sunrise while it is dark outside,night+time(ban đêm + thời gian),"Wordset Dictionary (wordset.org, WordNet-based, community-edited)",chưa dịch lại theo định nghĩa Wordset mới - vẫn là công thức ghép cũ,
night+work,nightwork,[night+work],0-2-0,noun,/nˈaɪtwɜːk/,"generated (espeak-ng G2P, algorithmic)",work to be done at night,night+work(ban đêm + công việc),"Wordset Dictionary (wordset.org, WordNet-based, community-edited)",chưa dịch lại theo định nghĩa Wordset mới - vẫn là công thức ghép cũ,
nine+penny,ninepenny,[nine+penny],0-2-0,adjective,/nˈaɪnpɛni/,"generated (espeak-ng G2P, algorithmic)",used of nail size,nine+penny(số chín + xu Anh),"Wordset Dictionary (wordset.org, WordNet-based, community-edited)",chưa dịch lại theo định nghĩa Wordset mới - vẫn là công thức ghép cũ,
nine+pin,ninepin,[nine+pin],0-2-0,noun,/nˈaɪnpɪn/,"generated (espeak-ng G2P, algorithmic)",a bowling pin of the type used in playing ninepins or (in England) skittles,nine+pin(số chín + ghim),"Wordset Dictionary (wordset.org, WordNet-based, community-edited)",chưa dịch lại theo định nghĩa Wordset mới - vẫn là công thức ghép cũ,
nine+teen,nineteenths,[nine+teen]-th,0-2-1,noun,/nˈaɪntiːnθs/,"generated (espeak-ng G2P, algorithmic)","nine+teen(9 + (không có định nghĩa trong Oxford 5000 - root này không phải headword độc lập)) + -th(ordinal number / state (noun, VD: eighth, warmth))","nine+teen(số chín + tuổi teen) + -th(số thứ tự / trạng thái (danh từ, VD eighth, warmth))","compositional (generated, unverified)",công thức ghép (chưa xác thực),
nine+teen,nineteens,[nine+teen],0-2-0,number,/nˈaɪntiːnz/,"generated (espeak-ng G2P, algorithmic)",nine+teen(9 + (không có định nghĩa trong Oxford 5000 - root này không phải headword độc lập)),nine+teen(số chín + tuổi teen),"compositional (generated, unverified)",công thức ghép (chưa xác thực),
no+body,nobody,[no+body],0-2-0,pronoun,/ˈnoʊˌbɑˌdi/,real,not anyone; no person,no+body(không + cơ thể),Oxford 5000 (verified),,
no+thing,nothing,[no+thing],0-2-0,pronoun,/ˈnəθɪŋ/,real,not anything; no single thing,"no+thing(không + vật, thứ)",Oxford 5000 (verified),,
no+thing,nothingness,[no+thing]-ness,0-2-1,noun,/ˈnəθɪŋnəs/,real,empty rhetoric or insincere or exaggerated talk,"no+thing(không + vật, thứ) + -ness(trạng thái, tính chất (danh từ))","Wordset Dictionary (wordset.org, WordNet-based, community-edited)",chưa dịch lại theo định nghĩa Wordset mới - vẫn là công thức ghép cũ,
no+where,nowhere,[no+where],0-2-0,adverb,/ˈnoʊˌwɛɹ/,real,not in or to any place,no+where(không + ở đâu),Oxford 5000 (verified),,
noble+man,nobleman,[noble+man],0-2-0,noun,/ˈnoʊbəɫmən/,real,a titled peer of the realm,noble+man(cao quý + đàn ông),"Wordset Dictionary (wordset.org, WordNet-based, community-edited)",chưa dịch lại theo định nghĩa Wordset mới - vẫn là công thức ghép cũ,
noble+woman,noblewoman,[noble+woman],0-2-0,noun,/ˈnoʊbəɫˌwʊmən/,real,a woman of the peerage in Britain,noble+woman(cao quý + phụ nữ),"Wordset Dictionary (wordset.org, WordNet-based, community-edited)",chưa dịch lại theo định nghĩa Wordset mới - vẫn là công thức ghép cũ,
noon+day,noonday,[noon+day],0-2-0,noun,/nˈuːndeɪ/,real,the middle of the day,noon+day(buổi trưa + ngày),"Wordset Dictionary (wordset.org, WordNet-based, community-edited)",chưa dịch lại theo định nghĩa Wordset mới - vẫn là công thức ghép cũ,
noon+time,noontime,[noon+time],0-2-0,noun,/ˈnunˌtaɪm/,real,"noon+time(12 o’clock in the middle of the day + what is measured in minutes, hours, days, etc.)",noon+time(buổi trưa + thời gian),"compositional (generated, unverified)",công thức ghép (chưa xác thực),
nor+folk,norfolk,[nor+folk],0-2-0,adverb,/ˈnɔɹfək/,real,Short for Norfolk Jacket.,"nor+folk(cũng không + người dân, dân gian)","Webster's Unabridged Dictionary (1913, public domain)",công thức ghép (chưa xác thực),
north+east,northeastern,[north+east]-ern,0-2-1,adjective,/ˌnɔɹˈθistɝn/,real,of a region of the United States generally including the New England states,"north+east(phía bắc + phía đông) + -ern(phương hướng (tính từ, VD southern))","Wordset Dictionary (wordset.org, WordNet-based, community-edited)",chưa dịch lại theo định nghĩa Wordset mới - vẫn là công thức ghép cũ,
north+east,northeast,[north+east],0-2-0,adverb,/ˌnɔɹˈθist/,real,"to, toward, or in the northeast",north+east(phía bắc + phía đông),"Wordset Dictionary (wordset.org, WordNet-based, community-edited)",chưa dịch lại theo định nghĩa Wordset mới - vẫn là công thức ghép cũ,
north+east,northeastward,[north+east]-ward,0-2-1,adverb,/ˌnɔɹˈθistwɝd/,real,in a northeastward direction,north+east(phía bắc + phía đông) + -ward(theo hướng (tính từ/trạng từ)),"Wordset Dictionary (wordset.org, WordNet-based, community-edited)",chưa dịch lại theo định nghĩa Wordset mới - vẫn là công thức ghép cũ,
north+east,northeasterly,[north+east]-er-ly,0-2-2,adjective,/ˌnɔɹˈθistɝɫi/,real,situated in or oriented toward the northeast,north+east(phía bắc + phía đông) + -er(người làm việc gì; so sánh hơn) + -ly(trạng từ chỉ cách thức / tính từ (giống như)),"Wordset Dictionary (wordset.org, WordNet-based, community-edited)",chưa dịch lại theo định nghĩa Wordset mới - vẫn là công thức ghép cũ,
north+east,northeaster,[north+east]-er,0-2-1,noun,/nˈɔːɹθiːstɚ/,"generated (espeak-ng G2P, algorithmic)",a storm blowing from the northeast,north+east(phía bắc + phía đông) + -er(người làm việc gì; so sánh hơn),"Wordset Dictionary (wordset.org, WordNet-based, community-edited)",chưa dịch lại theo định nghĩa Wordset mới - vẫn là công thức ghép cũ,
north+most,northernmost,[north+most]-ern,0-2-1,adjective,/ˈnɔɹðɝnˌmoʊst/,real,situated farthest north,"north+most(phía bắc + nhiều nhất) + -ern(phương hướng (tính từ, VD southern))","Wordset Dictionary (wordset.org, WordNet-based, community-edited)",chưa dịch lại theo định nghĩa Wordset mới - vẫn là công thức ghép cũ,
north+west,northwest,[north+west],0-2-0,adverb,/ˌnɔɹθˈwɛst/,real,"to, toward, or in the northwest",north+west(phía bắc + phía tây),"Wordset Dictionary (wordset.org, WordNet-based, community-edited)",chưa dịch lại theo định nghĩa Wordset mới - vẫn là công thức ghép cũ,
north+west,northwestward,[north+west]-ward,0-2-1,adverb,/nɔːɹθwˈɛstwɚd/,"generated (espeak-ng G2P, algorithmic)",in a northwestward direction,north+west(phía bắc + phía tây) + -ward(theo hướng (tính từ/trạng từ)),"Wordset Dictionary (wordset.org, WordNet-based, community-edited)",chưa dịch lại theo định nghĩa Wordset mới - vẫn là công thức ghép cũ,
north+west,northwestern,[north+west]-ern,0-2-1,adjective,/ˌnɔɹθˈwɛstɝn/,real,of a region of the United States generally including Washington,"north+west(phía bắc + phía tây) + -ern(phương hướng (tính từ, VD southern))","Wordset Dictionary (wordset.org, WordNet-based, community-edited)",chưa dịch lại theo định nghĩa Wordset mới - vẫn là công thức ghép cũ,
north+west,northwesterly,[north+west]-er-ly,0-2-2,adjective,/ˌnɔɹθˈwɛstɝɫi/,real,situated in or oriented toward the northwest,north+west(phía bắc + phía tây) + -er(người làm việc gì; so sánh hơn) + -ly(trạng từ chỉ cách thức / tính từ (giống như)),"Wordset Dictionary (wordset.org, WordNet-based, community-edited)",chưa dịch lại theo định nghĩa Wordset mới - vẫn là công thức ghép cũ,
north+west,northwester,[north+west]-er,0-2-1,noun,/nɔːɹθwˈɛstɚ/,"generated (espeak-ng G2P, algorithmic)",a wind from the northwest,north+west(phía bắc + phía tây) + -er(người làm việc gì; so sánh hơn),"Wordset Dictionary (wordset.org, WordNet-based, community-edited)",chưa dịch lại theo định nghĩa Wordset mới - vẫn là công thức ghép cũ,
nose+bag,nosebag,[nose+bag],0-2-0,noun,/nˈəʊsbæɡ/,real,a canvas bag that is used to feed an animal (such as a horse),nose+bag(mũi + túi),"Wordset Dictionary (wordset.org, WordNet-based, community-edited)",chưa dịch lại theo định nghĩa Wordset mới - vẫn là công thức ghép cũ,
nose+bleed,nosebleed,[nose+bleed],0-2-0,noun,/ˈnoʊzˌbɫid/,real,bleeding from the nose,nose+bleed(mũi + chảy máu),"Wordset Dictionary (wordset.org, WordNet-based, community-edited)",chưa dịch lại theo định nghĩa Wordset mới - vẫn là công thức ghép cũ,
nose+dive,nosedive,[nose+dive],0-2-0,noun,/ˈnoʊzˌdaɪv/,real,a steep nose-down descent by an aircraft,nose+dive(mũi + lặn),"Wordset Dictionary (wordset.org, WordNet-based, community-edited)",chưa dịch lại theo định nghĩa Wordset mới - vẫn là công thức ghép cũ,
nose+gay,nosegay,[nose+gay],0-2-0,noun,/nˈəʊsɡeɪ/,real,an arrangement of flowers that is usually given as a present,nose+gay(mũi + đồng tính nam),"Wordset Dictionary (wordset.org, WordNet-based, community-edited)",chưa dịch lại theo định nghĩa Wordset mới - vẫn là công thức ghép cũ,
not+with+stand,notwithstanding,[not+with+stand],0-3-0,adverb,/ˌnɑtwɪθˈstændɪŋ/,real,despite anything to the contrary (usually following a concession),not+with+stand(không + với + đứng),"Wordset Dictionary (wordset.org, WordNet-based, community-edited)",chưa dịch lại theo định nghĩa Wordset mới - vẫn là công thức ghép cũ,
note+book,notebook,[note+book],0-2-0,noun,/ˈnoʊtˌbʊk/,real,a small book of plain paper for writing notes in,note+book(ghi chú + sách),Oxford 5000 (verified),,
note+case,notecase,[note+case],0-2-0,noun,/nˈoʊtkeɪs/,"generated (espeak-ng G2P, algorithmic)",a pocket-size case for holding papers and paper money,"note+case(ghi chú + trường hợp, vali)","Wordset Dictionary (wordset.org, WordNet-based, community-edited)",chưa dịch lại theo định nghĩa Wordset mới - vẫn là công thức ghép cũ,
note+paper,notepaper,[note+paper],0-2-0,noun,/nˈəʊtpeɪpɐ/,real,writing paper intended for writing short notes or letters,note+paper(ghi chú + giấy),"Wordset Dictionary (wordset.org, WordNet-based, community-edited)",chưa dịch lại theo định nghĩa Wordset mới - vẫn là công thức ghép cũ,
note+worth,noteworthy,[note+worth]-y,0-2-1,adjective,/ˈnoʊtˌwɝði/,real,worthy of notice,note+worth(ghi chú + đáng giá) + -y(có tính chất; danh từ/tính từ),"Wordset Dictionary (wordset.org, WordNet-based, community-edited)",chưa dịch lại theo định nghĩa Wordset mới - vẫn là công thức ghép cũ,
now+a+day,nowadays,[now+a+day],0-3-0,adverb,/ˈnaʊəˌdeɪz/,real,"at the present time, in contrast with the past",now+a+day(bây giờ + một (mạo từ) + ngày),Oxford 5000 (verified),,
number+plate,numberplate,[number+plate],0-2-0,noun,/nˈʌmbəplˌeɪt/,real,a plate mounted on the front and back of car and bearing the car's registration number,number+plate(số lượng + đĩa),"Wordset Dictionary (wordset.org, WordNet-based, community-edited)",chưa dịch lại theo định nghĩa Wordset mới - vẫn là công thức ghép cũ,
nurse+man,nurseryman,[nurse+man]-ory,0-2-1,noun,/ˈnɝsɝiˌmæn/,real,someone who takes care of a garden,"nurse+man(y tá + đàn ông) + -ory(thuộc về, nơi chốn (tính từ/danh từ))","Wordset Dictionary (wordset.org, WordNet-based, community-edited)",chưa dịch lại theo định nghĩa Wordset mới - vẫn là công thức ghép cũ,
nut+case,nutcase,[nut+case],0-2-0,noun,/nˈʌtkeɪs/,real,someone deranged and possibly dangerous,"nut+case(hạt, đai ốc + trường hợp, vali)","Wordset Dictionary (wordset.org, WordNet-based, community-edited)",chưa dịch lại theo định nghĩa Wordset mới - vẫn là công thức ghép cũ,
nut+crack,nutcracker,[nut+crack]-er,0-2-1,noun,/ˈnətˌkɹækɝ/,real,speckled birds that feed on nuts,"nut+crack(hạt, đai ốc + vết nứt, bẻ) + -er(người làm việc gì; so sánh hơn)","Wordset Dictionary (wordset.org, WordNet-based, community-edited)",chưa dịch lại theo định nghĩa Wordset mới - vẫn là công thức ghép cũ,
nut+house,nuthouse,[nut+house],0-2-0,noun,/nˈʌthaʊs/,real,pejorative terms for an insane asylum,"nut+house(hạt, đai ốc + ngôi nhà)","Wordset Dictionary (wordset.org, WordNet-based, community-edited)",chưa dịch lại theo định nghĩa Wordset mới - vẫn là công thức ghép cũ,
nut+shell,nutshell,[nut+shell],0-2-0,noun,/ˈnətˌʃɛɫ/,real,the shell around the kernel of a nut,"nut+shell(hạt, đai ốc + vỏ sò, vỏ đạn)","Wordset Dictionary (wordset.org, WordNet-based, community-edited)",chưa dịch lại theo định nghĩa Wordset mới - vẫn là công thức ghép cũ,
ocean+go,oceangoing,[ocean+go],0-2-0,adjective,/ˈoʊʃənˌɡoʊɪŋ/,real,used on the high seas,ocean+go(đại dương + đi),"Wordset Dictionary (wordset.org, WordNet-based, community-edited)",chưa dịch lại theo định nghĩa Wordset mới - vẫn là công thức ghép cũ,
ocean+side,oceanside,[ocean+side],0-2-0,noun,/ˈoʊʃənˌsaɪd/,real,"ocean+side(the mass of salt water that covers most of the earth’s surface + either of the two halves of a surface, an object or an area that is divided by an imaginary central line)",ocean+side(đại dương + bên cạnh),"compositional (generated, unverified)",công thức ghép (chưa xác thực),
odd+ball,oddball,[odd+ball],0-2-0,noun,/ˈɑdˌbɔɫ/,real,a person with an unusual or odd personality,"odd+ball(kỳ lạ, lẻ + quả bóng)","Wordset Dictionary (wordset.org, WordNet-based, community-edited)",chưa dịch lại theo định nghĩa Wordset mới - vẫn là công thức ghép cũ,
offence+less,offenceless,[offence+less],0-2-0,adjective,/əfˈɛnsləs/,"generated (espeak-ng G2P, algorithmic)",incapable of offending or attacking,"offence+less(sự xúc phạm, tội phạm + ít hơn)","Wordset Dictionary (wordset.org, WordNet-based, community-edited)",chưa dịch lại theo định nghĩa Wordset mới - vẫn là công thức ghép cũ,
office+hold,officeholder,[office+hold]-er,0-2-1,noun,/ˈɔfəsˌhoʊɫdɝ/,real,the official who holds an office,office+hold(văn phòng + giữ) + -er(người làm việc gì; so sánh hơn),"Wordset Dictionary (wordset.org, WordNet-based, community-edited)",chưa dịch lại theo định nghĩa Wordset mới - vẫn là công thức ghép cũ,
often+time,oftentimes,[often+time],0-2-0,adverb,/ˈɔfənˌtaɪmz/,real,many times at short intervals,often+time(thường xuyên + thời gian),"Wordset Dictionary (wordset.org, WordNet-based, community-edited)",chưa dịch lại theo định nghĩa Wordset mới - vẫn là công thức ghép cũ,
oil+can,oilcan,[oil+can],0-2-0,noun,/ˈɔɪlkæn/,"generated (espeak-ng G2P, algorithmic)",a can with a long nozzle to apply oil to machinery,"oil+can(dầu + có thể, lon)","Wordset Dictionary (wordset.org, WordNet-based, community-edited)",chưa dịch lại theo định nghĩa Wordset mới - vẫn là công thức ghép cũ,
oil+cloth,oilcloth,[oil+cloth],0-2-0,noun,/ˈɔɪlklɒθ/,real,cloth treated on one side with a drying oil or synthetic resin,oil+cloth(dầu + vải),"Wordset Dictionary (wordset.org, WordNet-based, community-edited)",chưa dịch lại theo định nghĩa Wordset mới - vẫn là công thức ghép cũ,
oil+field,oilfield,[oil+field],0-2-0,noun,/ˈɔɪɫˌfiɫd/,real,a region rich in petroleum deposits (especially one with producing oil wells),"oil+field(dầu + cánh đồng, lĩnh vực)","Wordset Dictionary (wordset.org, WordNet-based, community-edited)",chưa dịch lại theo định nghĩa Wordset mới - vẫn là công thức ghép cũ,
oil+heat,oilheating,[oil+heat],0-2-0,noun,/ˈɔɪlhiːˌeɪɾɪŋ/,"generated (espeak-ng G2P, algorithmic)",oil+heat(a thick liquid that is found in rock underground  + the quality of being hot),"oil+heat(dầu + nhiệt, sức nóng)","compositional (generated, unverified)",công thức ghép (chưa xác thực),
oil+man,oilman,[oil+man],0-2-0,noun,/ˈɔɪɫˌmæn/,real,a worker who produces or sells petroleum,oil+man(dầu + đàn ông),"Wordset Dictionary (wordset.org, WordNet-based, community-edited)",chưa dịch lại theo định nghĩa Wordset mới - vẫn là công thức ghép cũ,
oil+seed,oilseed,[oil+seed],0-2-0,noun,/ˈɔɪɫˌsid/,real,any of several seeds that yield oil,oil+seed(dầu + hạt giống),"Wordset Dictionary (wordset.org, WordNet-based, community-edited)",chưa dịch lại theo định nghĩa Wordset mới - vẫn là công thức ghép cũ,
oil+skin,oilskin,[oil+skin],0-2-0,noun,/ˈɔɪlskɪn/,real,a macintosh made from cotton fabric treated with oil and pigment to make it waterproof,oil+skin(dầu + làn da),"Wordset Dictionary (wordset.org, WordNet-based, community-edited)",chưa dịch lại theo định nghĩa Wordset mới - vẫn là công thức ghép cũ,
one+man,oneupmanship,up-[one+man]-ship,1-2-1,noun,/wˈʌnəpmənʃˌɪp/,"generated (espeak-ng G2P, algorithmic)","up-(upward, higher) + one+man(the number 1 + an adult male human) + -ship(state, condition, skill (noun))","up-(lên trên) + one+man(một + đàn ông) + -ship(trạng thái, điều kiện, kỹ năng (danh từ))","compositional (generated, unverified)",công thức ghép (chưa xác thực),
one+self,oneself,[one+self],0-2-0,determiner,/ˌwənˈsɛɫf/,real,"A reflexive form of the indefinite pronoun one. Commonly writenas two words, one's self.One's self (or more properly oneself), is quite a modern form. InElizabethan English we find a man's self=one's self. Morris.",one+self(một + bản thân),"Webster's Unabridged Dictionary (1913, public domain)",công thức ghép (chưa xác thực),
one+time,onetime,[one+time],0-2-0,adjective,/ˈwənˈtaɪm/,real,belonging to some prior time,one+time(một + thời gian),"Wordset Dictionary (wordset.org, WordNet-based, community-edited)",chưa dịch lại theo định nghĩa Wordset mới - vẫn là công thức ghép cũ,
open+cast,opencast,[open+cast],0-2-0,adjective,/ˈəʊpənkˌɑːst/,real,(of mines and mining) worked from the exposed surface,"open+cast(mở + phân vai, đúc khuôn)","Wordset Dictionary (wordset.org, WordNet-based, community-edited)",chưa dịch lại theo định nghĩa Wordset mới - vẫn là công thức ghép cũ,
open+heart,openhearted,[open+heart],0-2-0,adjective,/oʊpənhˈɑːɹɾᵻd/,"generated (espeak-ng G2P, algorithmic)",freely communicative,open+heart(mở + trái tim),"Wordset Dictionary (wordset.org, WordNet-based, community-edited)",chưa dịch lại theo định nghĩa Wordset mới - vẫn là công thức ghép cũ,
open+heart,openheartedness,[open+heart]-ness,0-2-1,noun,/oʊpənhˈɑːɹɾᵻdnəs/,"generated (espeak-ng G2P, algorithmic)","open+heart(allowing things or people to go through; not closed or blocked  + the organ in the chest that sends blood around the body, usually on the left in humans) + -ness(state or quality of (noun))","open+heart(mở + trái tim) + -ness(trạng thái, tính chất (danh từ))","compositional (generated, unverified)",công thức ghép (chưa xác thực),
open+work,openwork,[open+work],0-2-0,noun,/ˈoʊpənˌwɝk/,real,"ornamental work, such as embroidery or latticework, having a pattern of openings",open+work(mở + công việc),"Wordset Dictionary (wordset.org, WordNet-based, community-edited)",chưa dịch lại theo định nghĩa Wordset mới - vẫn là công thức ghép cũ,
opera+go,operagoers,[opera+go]-er,0-2-1,noun,/ˈɑːpɚɹˌæɡoʊɚz/,"generated (espeak-ng G2P, algorithmic)",opera+go(a dramatic work in which all or most of the words are sung to music; works of this type as an art form or entertainment + a person’s turn to move or play in a game or an activity) + -er(person who does; comparative),opera+go(nhạc kịch opera + đi) + -er(người làm việc gì; so sánh hơn),"compositional (generated, unverified)",công thức ghép (chưa xác thực),"""operagoer"" - người thường xem opera"
orange+man,orangeman,[orange+man],0-2-0,adjective,/ˈɔɹɪndʒˌɛmən/,"generated (espeak-ng G2P, algorithmic)","One of a secret society, organized in the north of Ireland in1795, the professed objects of which are the defense of the regningsovereign of Great Britain, the support of the Protestant religion,the maintenance of the laws of the kingdom, etc.; -- so called inhonor of William, Prince of Orange, who became William III. ofEngland.",orange+man(cam + đàn ông),"Webster's Unabridged Dictionary (1913, public domain)",công thức ghép (chưa xác thực),
other+world,otherworldly,[other+world]-ly,0-2-1,adjective,/ˈəðɝˈwɝɫdɫi/,real,existing outside of or not in accordance with nature,other+world(khác + thế giới) + -ly(trạng từ chỉ cách thức / tính từ (giống như)),"Wordset Dictionary (wordset.org, WordNet-based, community-edited)",chưa dịch lại theo định nghĩa Wordset mới - vẫn là công thức ghép cũ,
our+self,ourselves,[our+self],0-2-0,pronoun,/aʊɝˈsɛɫvz/,real,the reflexive form of we; used when you and another person or other people together cause and are affected by an action,our+self(của chúng ta + bản thân),Oxford 5000 (verified),,
out+most,outermost,[out+most]-er,0-2-1,adjective,/ˈaʊtɝˌmoʊst/,real,situated at the farthest possible point from a center,out+most(ra ngoài + nhiều nhất) + -er(người làm việc gì; so sánh hơn),"Wordset Dictionary (wordset.org, WordNet-based, community-edited)",chưa dịch lại theo định nghĩa Wordset mới - vẫn là công thức ghép cũ,
own+self,ownself,[own+self],0-2-0,adjective,/oʊnsˈɛlf/,"generated (espeak-ng G2P, algorithmic)","own+self(used to emphasize that something belongs to or is connected with somebody + the type of person you are, especially the way you normally behave, look or feel)",own+self(sở hữu + bản thân),"compositional (generated, unverified)",công thức ghép (chưa xác thực),
pace+make,pacemaker,[pace+make]-er,0-2-1,noun,/ˈpeɪsˌmeɪkɝ/,real,a horse used to set the pace in racing,pace+make(nhịp độ + làm) + -er(người làm việc gì; so sánh hơn),"Wordset Dictionary (wordset.org, WordNet-based, community-edited)",chưa dịch lại theo định nghĩa Wordset mới - vẫn là công thức ghép cũ,
pace+set,pacesetter,[pace+set]-er,0-2-1,noun,/ˈpeɪˌsɛtɝ/,real,a horse used to set the pace in racing,"pace+set(nhịp độ + đặt, bộ) + -er(người làm việc gì; so sánh hơn)","Wordset Dictionary (wordset.org, WordNet-based, community-edited)",chưa dịch lại theo định nghĩa Wordset mới - vẫn là công thức ghép cũ,
pack+horse,packhorse,[pack+horse],0-2-0,noun,/pˈækhɔːs/,real,a workhorse used as a pack animal,"pack+horse(đóng gói, gói + ngựa)","Wordset Dictionary (wordset.org, WordNet-based, community-edited)",chưa dịch lại theo định nghĩa Wordset mới - vẫn là công thức ghép cũ,
pad+lock,padlock,[pad+lock],0-2-0,noun,/ˈpædˌɫɑk/,real,a detachable lock,pad+lock(miếng đệm + khóa),"Wordset Dictionary (wordset.org, WordNet-based, community-edited)",chưa dịch lại theo định nghĩa Wordset mới - vẫn là công thức ghép cũ,
pain+kill,painkiller,[pain+kill]-er,0-2-1,noun,/ˈpeɪnˌkɪɫɝ/,real,a medicine used to relieve pain,pain+kill(đau đớn + giết) + -er(người làm việc gì; so sánh hơn),"Wordset Dictionary (wordset.org, WordNet-based, community-edited)",chưa dịch lại theo định nghĩa Wordset mới - vẫn là công thức ghép cũ,
pain+take,painstaking,[pain+take],0-2-0,adjective,/ˈpeɪnˌsteɪkɪŋ/,real,characterized by extreme care and great effort,"pain+take(đau đớn + lấy, cầm)","Wordset Dictionary (wordset.org, WordNet-based, community-edited)",chưa dịch lại theo định nghĩa Wordset mới - vẫn là công thức ghép cũ,
pain+take,painstakingly,[pain+take]-ly,0-2-1,adverb,/ˈpeɪnˌsteɪkɪŋɫi/,real,in a fastidious and painstaking manner,"pain+take(đau đớn + lấy, cầm) + -ly(trạng từ chỉ cách thức / tính từ (giống như))","Wordset Dictionary (wordset.org, WordNet-based, community-edited)",chưa dịch lại theo định nghĩa Wordset mới - vẫn là công thức ghép cũ,
paint+box,paintbox,[paint+box],0-2-0,noun,/pˈeɪntbɒks/,real,a box containing a collection of cubes or tubes of artists' paint,"paint+box(sơn, vẽ + hộp)","Wordset Dictionary (wordset.org, WordNet-based, community-edited)",chưa dịch lại theo định nghĩa Wordset mới - vẫn là công thức ghép cũ,
paint+brush,paintbrush,[paint+brush],0-2-0,noun,/ˈpeɪntˌbɹəʃ/,real,a brush used as an applicator (to apply paint),"paint+brush(sơn, vẽ + bàn chải, chải)","Wordset Dictionary (wordset.org, WordNet-based, community-edited)",chưa dịch lại theo định nghĩa Wordset mới - vẫn là công thức ghép cũ,
paint+work,paintwork,[paint+work],0-2-0,noun,/pˈeɪntwɜːk/,real,paint+work(a liquid that is put on surfaces to give them a particular colour; a layer of this liquid when it has dried on a surface + the job that a person does especially in order to earn money),"paint+work(sơn, vẽ + công việc)","compositional (generated, unverified)",công thức ghép (chưa xác thực),
pale+face,paleface,[pale+face],0-2-0,noun,/pˈeɪlfeɪs/,"generated (espeak-ng G2P, algorithmic)","a derogatory term for a white person, supposedly used by North American Indians","pale+face(nhợt nhạt + khuôn mặt, đối mặt)","Wordset Dictionary (wordset.org, WordNet-based, community-edited)",chưa dịch lại theo định nghĩa Wordset mới - vẫn là công thức ghép cũ,
pan+cake,pancake,[pan+cake],0-2-0,noun,/ˈpænˌkeɪk/,real,a flat cake of thin batter fried on both sides on a griddle,pan+cake(chảo + bánh ngọt),"Wordset Dictionary (wordset.org, WordNet-based, community-edited)",chưa dịch lại theo định nghĩa Wordset mới - vẫn là công thức ghép cũ,
pan+handle,panhandle,[pan+handle],0-2-0,noun,/ˈpænˌhændəɫ/,real,the handle of a pan,"pan+handle(chảo + xử lý, tay cầm)","Wordset Dictionary (wordset.org, WordNet-based, community-edited)",chưa dịch lại theo định nghĩa Wordset mới - vẫn là công thức ghép cũ,
pan+handle,panhandler,[pan+handle]-er,0-2-1,noun,/ˈpænˌhændɫɝ/,real,a beggar who approaches strangers asking for money,"pan+handle(chảo + xử lý, tay cầm) + -er(người làm việc gì; so sánh hơn)","Wordset Dictionary (wordset.org, WordNet-based, community-edited)",chưa dịch lại theo định nghĩa Wordset mới - vẫn là công thức ghép cũ,
paper+back,paperback,[paper+back],0-2-0,adjective,/ˈpeɪpɝˌbæk/,real,books having a flexible binding,"paper+back(giấy + lưng, phía sau)","Wordset Dictionary (wordset.org, WordNet-based, community-edited)",chưa dịch lại theo định nghĩa Wordset mới - vẫn là công thức ghép cũ,
paper+boy,paperboy,[paper+boy],0-2-0,noun,/ˈpeɪpɝˌbɔj/,real,a boy who sells or delivers newspapers,paper+boy(giấy + con trai),"Wordset Dictionary (wordset.org, WordNet-based, community-edited)",chưa dịch lại theo định nghĩa Wordset mới - vẫn là công thức ghép cũ,
paper+hang,paperhanger,[paper+hang]-er,0-2-1,noun,/pˈeɪpɚhˌæŋɚ/,"generated (espeak-ng G2P, algorithmic)",one whose occupation is decorating walls with wallpaper,paper+hang(giấy + treo) + -er(người làm việc gì; so sánh hơn),"Wordset Dictionary (wordset.org, WordNet-based, community-edited)",chưa dịch lại theo định nghĩa Wordset mới - vẫn là công thức ghép cũ,
paper+weigh,paperweight,[paper+weigh]-t,0-2-1,noun,/ˈpeɪpɝˌweɪt/,real,a weight used to hold down a stack of papers,"paper+weigh(giấy + cân nặng) + -t([NGỮ PHÁP] đuôi chia động từ bất quy tắc (VD burnt, dealt) — không mang nghĩa riêng)","Wordset Dictionary (wordset.org, WordNet-based, community-edited)",chưa dịch lại theo định nghĩa Wordset mới - vẫn là công thức ghép cũ,
paper+work,paperwork,[paper+work],0-2-0,noun,/ˈpeɪpɝˌwɝk/,real,work that involves handling papers: forms or letters or reports etc.,paper+work(giấy + công việc),"Wordset Dictionary (wordset.org, WordNet-based, community-edited)",chưa dịch lại theo định nghĩa Wordset mới - vẫn là công thức ghép cũ,
park+land,parkland,[park+land],0-2-0,noun,/ˈpɑɹˌkɫænd/,real,a large area of land preserved in its natural state as public property,"park+land(công viên, đỗ xe + đất đai)","Wordset Dictionary (wordset.org, WordNet-based, community-edited)",chưa dịch lại theo định nghĩa Wordset mới - vẫn là công thức ghép cũ,
park+like,parklike,[park+like],0-2-0,noun,/pˈɑːɹklaɪk/,"generated (espeak-ng G2P, algorithmic)","park+like(an area of public land in a town or a city where people go to walk, play and relax + the things that you like)","park+like(công viên, đỗ xe + thích, giống như)","compositional (generated, unverified)",công thức ghép (chưa xác thực),
park+way,parkway,[park+way],0-2-0,noun,/ˈpɑɹˌkweɪ/,real,a wide scenic road planted with trees,"park+way(công viên, đỗ xe + con đường, cách thức)","Wordset Dictionary (wordset.org, WordNet-based, community-edited)",chưa dịch lại theo định nghĩa Wordset mới - vẫn là công thức ghép cũ,
pass+book,passbook,[pass+book],0-2-0,noun,/ˈpæsˌbʊk/,real,a record of deposits and withdrawals and interest held by depositors at certain banks,pass+book(vượt qua + sách),"Wordset Dictionary (wordset.org, WordNet-based, community-edited)",chưa dịch lại theo định nghĩa Wordset mới - vẫn là công thức ghép cũ,
pass+by,passerby,[pass+by]-er,0-2-1,noun,/ˈpæsɝbi/,real,a person who passes by casually or by chance,"pass+by(vượt qua + bởi, bằng) + -er(người làm việc gì; so sánh hơn)","Wordset Dictionary (wordset.org, WordNet-based, community-edited)",chưa dịch lại theo định nghĩa Wordset mới - vẫn là công thức ghép cũ,
pass+key,passkey,[pass+key],0-2-0,noun,/pˈɑːski/,real,key that secures entrance everywhere,pass+key(vượt qua + chìa khóa),"Wordset Dictionary (wordset.org, WordNet-based, community-edited)",chưa dịch lại theo định nghĩa Wordset mới - vẫn là công thức ghép cũ,
pass+over,passover,[pass+over],0-2-0,noun,/ˈpæˌsoʊvɝ/,real,"pass+over(an official document or ticket that shows that you have the right to enter or leave a place, to travel on a bus or train, etc. + across a street, an open space, etc.)","pass+over(vượt qua + ở trên, hơn)","compositional (generated, unverified)",công thức ghép (chưa xác thực),
pass+port,passport,[pass+port],0-2-0,noun,/ˈpæsˌpɔɹt/,real,"an official document that identifies you as a citizen of a particular country, and that you may have to show when you enter or leave a country",pass+port(vượt qua + cảng),Oxford 5000 (verified),,
pass+way,passageway,[pass+way]-age,0-2-1,noun,/ˈpæsədʒˌweɪ/,real,a passage between rooms or between buildings,"pass+way(vượt qua + con đường, cách thức) + -age(hành động, kết quả, tập hợp (danh từ))","Wordset Dictionary (wordset.org, WordNet-based, community-edited)",chưa dịch lại theo định nghĩa Wordset mới - vẫn là công thức ghép cũ,
pass+word,password,[pass+word],0-2-0,noun,/ˈpæsˌwɝd/,real,"a series of letters, numbers, etc. that you must type into a computer or computer system in order to be able to use it",pass+word(vượt qua + từ ngữ),Oxford 5000 (verified),,
past+time,pastime,[past+time],0-2-0,noun,/ˈpæsˌtaɪm/,real,a diversion that occupies one's time and thoughts: usually pleasantly,past+time(quá khứ + thời gian),"Wordset Dictionary (wordset.org, WordNet-based, community-edited)",chưa dịch lại theo định nghĩa Wordset mới - vẫn là công thức ghép cũ,
patch+work,patchwork,[patch+work],0-2-0,noun,/ˈpætʃˌwɝk/,real,sewing consisting of pieces of different materials sewn together in a pattern,patch+work(miếng vá + công việc),"Wordset Dictionary (wordset.org, WordNet-based, community-edited)",chưa dịch lại theo định nghĩa Wordset mới - vẫn là công thức ghép cũ,
patho+find,pathfinder,[patho+find]-er,0-2-1,noun,/ˈpæθˌfaɪndɝ/,real,someone who can find paths through unexplored territory,patho+find(bệnh lý (gốc từ) + tìm thấy) + -er(người làm việc gì; so sánh hơn),"Wordset Dictionary (wordset.org, WordNet-based, community-edited)",chưa dịch lại theo định nghĩa Wordset mới - vẫn là công thức ghép cũ,
patho+gen,pathogenic,[patho+gen]-ic,0-2-1,adjective,/ˌpæθəˈdʒɛnɪk/,real,able to cause disease,patho+gen(bệnh lý (gốc từ) + gen (di truyền)) + -ic(thuộc về (tính từ)),"Wordset Dictionary (wordset.org, WordNet-based, community-edited)",chưa dịch lại theo định nghĩa Wordset mới - vẫn là công thức ghép cũ,
patho+gen,pathogenesis,[patho+gen]-sis,0-2-1,noun,/ˌpæθəˈdʒɛnəsɪs/,real,the origination and development of a disease,"patho+gen(bệnh lý (gốc từ) + gen (di truyền)) + -sis(quá trình, tình trạng (danh từ, Hy Lạp))","Wordset Dictionary (wordset.org, WordNet-based, community-edited)",chưa dịch lại theo định nghĩa Wordset mới - vẫn là công thức ghép cũ,
patho+log,pathologist,[patho+log]-ist,0-2-1,noun,/pəˈθɑɫədʒəst/,real,a doctor who specializes in medical diagnosis,"patho+log(bệnh lý (gốc từ) + khúc gỗ, nhật ký) + -ist(người theo/thực hành (danh từ))","Wordset Dictionary (wordset.org, WordNet-based, community-edited)",chưa dịch lại theo định nghĩa Wordset mới - vẫn là công thức ghép cũ,
patho+log,pathological,[patho+log]-ic-al,0-2-2,adjective,/ˌpæθəˈɫɑdʒɪkəɫ/,real,caused by or altered by or manifesting disease or pathology,"patho+log(bệnh lý (gốc từ) + khúc gỗ, nhật ký) + -ic(thuộc về (tính từ)) + -al(thuộc về (tính từ); hành động (danh từ))","Wordset Dictionary (wordset.org, WordNet-based, community-edited)",chưa dịch lại theo định nghĩa Wordset mới - vẫn là công thức ghép cũ,
patho+log,pathologically,[patho+log]-ic-al-ly,0-2-3,adverb,/ˌpæθəˈɫɑdʒɪkɫi/,real,with respect to pathology,"patho+log(bệnh lý (gốc từ) + khúc gỗ, nhật ký) + -ic(thuộc về (tính từ)) + -al(thuộc về (tính từ); hành động (danh từ)) + -ly(trạng từ chỉ cách thức / tính từ (giống như))","Wordset Dictionary (wordset.org, WordNet-based, community-edited)",chưa dịch lại theo định nghĩa Wordset mới - vẫn là công thức ghép cũ,
patho+log,pathology,[patho+log]-y,0-2-1,noun,/pəˈθɑɫədʒi/,real,the branch of medical science that studies the causes and nature and effects of diseases,"patho+log(bệnh lý (gốc từ) + khúc gỗ, nhật ký) + -y(có tính chất; danh từ/tính từ)","Wordset Dictionary (wordset.org, WordNet-based, community-edited)",chưa dịch lại theo định nghĩa Wordset mới - vẫn là công thức ghép cũ,
patho+log,pathologic,[patho+log]-ic,0-2-1,adjective,/ˌpæθəˈɫɑdʒɪk/,real,caused by or altered by or manifesting disease or pathology,"patho+log(bệnh lý (gốc từ) + khúc gỗ, nhật ký) + -ic(thuộc về (tính từ))","Wordset Dictionary (wordset.org, WordNet-based, community-edited)",chưa dịch lại theo định nghĩa Wordset mới - vẫn là công thức ghép cũ,
patho+way,pathway,[patho+way],0-2-0,noun,/ˈpæθˌweɪ/,real,a track that serves as a path,"patho+way(bệnh lý (gốc từ) + con đường, cách thức)",Oxford 5000 (verified),,
patrol+man,patrolman,[patrol+man],0-2-0,noun,/pəˈtɹoʊɫˌmæn/,real,a policeman who patrols a given region,patrol+man(tuần tra + đàn ông),"Wordset Dictionary (wordset.org, WordNet-based, community-edited)",chưa dịch lại theo định nghĩa Wordset mới - vẫn là công thức ghép cũ,
pay+check,paycheck,[pay+check],0-2-0,noun,/ˈpeɪˌtʃɛk/,real,a check issued in payment of wages or salary,pay+check(trả tiền + kiểm tra),"Wordset Dictionary (wordset.org, WordNet-based, community-edited)",chưa dịch lại theo định nghĩa Wordset mới - vẫn là công thức ghép cũ,
pay+day,payday,[pay+day],0-2-0,noun,/ˈpeɪˌdeɪ/,real,the day on which you receive pay for your work,pay+day(trả tiền + ngày),"Wordset Dictionary (wordset.org, WordNet-based, community-edited)",chưa dịch lại theo định nghĩa Wordset mới - vẫn là công thức ghép cũ,
pay+load,payload,[pay+load],0-2-0,noun,/ˈpeɪˌɫoʊd/,real,goods carried by a large vehicle,pay+load(trả tiền + tải trọng),"Wordset Dictionary (wordset.org, WordNet-based, community-edited)",chưa dịch lại theo định nghĩa Wordset mới - vẫn là công thức ghép cũ,
pay+master,paymaster,[pay+master],0-2-0,noun,/pˈeɪmɑːstɐ/,real,a person in charge of paying wages,pay+master(trả tiền + bậc thầy),"Wordset Dictionary (wordset.org, WordNet-based, community-edited)",chưa dịch lại theo định nghĩa Wordset mới - vẫn là công thức ghép cũ,
pay+off,payoff,[pay+off],0-2-0,noun,/ˈpeɪˌɔf/,real,a recompense for worthy acts or retribution for wrongdoing,"pay+off(trả tiền + tắt, xa khỏi)","Wordset Dictionary (wordset.org, WordNet-based, community-edited)",chưa dịch lại theo định nghĩa Wordset mới - vẫn là công thức ghép cũ,
pay+roll,payroll,[pay+roll],0-2-0,noun,/ˈpeɪˌɹoʊɫ/,real,the department that determines the amounts of wage or salary due to each employee,"pay+roll(trả tiền + cuộn lại, lăn)","Wordset Dictionary (wordset.org, WordNet-based, community-edited)",chưa dịch lại theo định nghĩa Wordset mới - vẫn là công thức ghép cũ,
peace+make,peacemaker,[peace+make]-er,0-2-1,noun,/ˈpisˌmeɪkɝ/,real,someone who tries to bring peace,peace+make(hòa bình + làm) + -er(người làm việc gì; so sánh hơn),"Wordset Dictionary (wordset.org, WordNet-based, community-edited)",chưa dịch lại theo định nghĩa Wordset mới - vẫn là công thức ghép cũ,
peace+make,peacemaking,[peace+make],0-2-0,noun,/ˈpisˌmeɪkɪŋ/,real,"peace+make(a situation or a period of time in which there is no war or violence in a country or an area + the name or type of a machine, piece of equipment, etc. that is made by a particular company)",peace+make(hòa bình + làm),"compositional (generated, unverified)",công thức ghép (chưa xác thực),
peace+time,peacetime,[peace+time],0-2-0,noun,/ˈpiˌstaɪm/,real,a period of time during which there is no war,peace+time(hòa bình + thời gian),"Wordset Dictionary (wordset.org, WordNet-based, community-edited)",chưa dịch lại theo định nghĩa Wordset mới - vẫn là công thức ghép cũ,
pen+knife,penknife,[pen+knife],0-2-0,noun,/pˈɛnnaɪf/,real,a small pocketknife,pen+knife(bút + con dao),"Wordset Dictionary (wordset.org, WordNet-based, community-edited)",chưa dịch lại theo định nghĩa Wordset mới - vẫn là công thức ghép cũ,
pen+log,penology,[pen+log]-y,0-2-1,noun,/piˈnɑɫədʒi/,real,the branch of criminology concerned with prison management and prisoner rehabilitation,"pen+log(bút + khúc gỗ, nhật ký) + -y(có tính chất; danh từ/tính từ)","Wordset Dictionary (wordset.org, WordNet-based, community-edited)",chưa dịch lại theo định nghĩa Wordset mới - vẫn là công thức ghép cũ,
pen+man,penmanship,[pen+man]-ship,0-2-1,noun,/pˈɛnmənʃˌɪp/,real,beautiful handwriting,"pen+man(bút + đàn ông) + -ship(trạng thái, điều kiện, kỹ năng (danh từ))","Wordset Dictionary (wordset.org, WordNet-based, community-edited)",chưa dịch lại theo định nghĩa Wordset mới - vẫn là công thức ghép cũ,
pen+man,penman,[pen+man],0-2-0,noun,/ˈpɛnmən/,real,informal terms for journalists,pen+man(bút + đàn ông),"Wordset Dictionary (wordset.org, WordNet-based, community-edited)",chưa dịch lại theo định nghĩa Wordset mới - vẫn là công thức ghép cũ,
penny+weigh,pennyweight,[penny+weigh]-t,0-2-1,noun,/pˈɛnɪwˌeɪt/,real,a unit of apothecary weight equal to 24 grains,"penny+weigh(xu Anh + cân nặng) + -t([NGỮ PHÁP] đuôi chia động từ bất quy tắc (VD burnt, dealt) — không mang nghĩa riêng)","Wordset Dictionary (wordset.org, WordNet-based, community-edited)",chưa dịch lại theo định nghĩa Wordset mới - vẫn là công thức ghép cũ,
penny+worth,halfpennyworth,half-[penny+worth],1-2-0,noun,/hˈæfpənˌɪwɜːθ/,"generated (espeak-ng G2P, algorithmic)",the amount that can be bought for a halfpenny,"half-(một nửa, không hoàn chỉnh) + penny+worth(xu Anh + đáng giá)","Wordset Dictionary (wordset.org, WordNet-based, community-edited)",chưa dịch lại theo định nghĩa Wordset mới - vẫn là công thức ghép cũ,
penny+worth,pennyworth,[penny+worth],0-2-0,noun,/pˈɛnɪwˌɜːθ/,real,the amount that can be bought for a penny,penny+worth(xu Anh + đáng giá),"Wordset Dictionary (wordset.org, WordNet-based, community-edited)",chưa dịch lại theo định nghĩa Wordset mới - vẫn là công thức ghép cũ,
phon+call,phonecall,[phon+call],0-2-0,unknown,/fˈoʊŋkɔːl/,"generated (espeak-ng G2P, algorithmic)",phon+call((không có định nghĩa trong Oxford 5000 - root này không phải headword độc lập) + the act of speaking to somebody on the phone),phon+call(âm thanh (gốc từ) + gọi),"compositional (generated, unverified)",công thức ghép (chưa xác thực),"dạng liền thông dụng của ""phone call"""
phon+log,phonological,[phon+log]-ic-al,0-2-2,adjective,/ˌfoʊnəˈɫɑdʒɪkəɫ/,real,of or relating to phonology,"phon+log(âm thanh (gốc từ) + khúc gỗ, nhật ký) + -ic(thuộc về (tính từ)) + -al(thuộc về (tính từ); hành động (danh từ))","Wordset Dictionary (wordset.org, WordNet-based, community-edited)",chưa dịch lại theo định nghĩa Wordset mới - vẫn là công thức ghép cũ,
phon+log,phonologist,[phon+log]-ist,0-2-1,noun,/fənˈɑːlədʒˌɪst/,"generated (espeak-ng G2P, algorithmic)",a specialist in phonology,"phon+log(âm thanh (gốc từ) + khúc gỗ, nhật ký) + -ist(người theo/thực hành (danh từ))","Wordset Dictionary (wordset.org, WordNet-based, community-edited)",chưa dịch lại theo định nghĩa Wordset mới - vẫn là công thức ghép cũ,
phon+log,phonologically,[phon+log]-ic-al-ly,0-2-3,adverb,/fˌɑːnəlˈɑːdʒɪkli/,"generated (espeak-ng G2P, algorithmic)",phon+log((không có định nghĩa trong Oxford 5000 - root này không phải headword độc lập) + a thick piece of wood that is cut from or has fallen from a tree) + -ic(relating to (adjective)) + -al(relating to (adjective); action (noun)) + -ly(adverb of manner / adjective (like)),"phon+log(âm thanh (gốc từ) + khúc gỗ, nhật ký) + -ic(thuộc về (tính từ)) + -al(thuộc về (tính từ); hành động (danh từ)) + -ly(trạng từ chỉ cách thức / tính từ (giống như))","compositional (generated, unverified)",công thức ghép (chưa xác thực),
phon+log,phonology,[phon+log]-y,0-2-1,noun,/fəˈnɑɫəˌdʒi/,real,the study of the sound system of a given language and the analysis and classification of its phonemes,"phon+log(âm thanh (gốc từ) + khúc gỗ, nhật ký) + -y(có tính chất; danh từ/tính từ)","Wordset Dictionary (wordset.org, WordNet-based, community-edited)",chưa dịch lại theo định nghĩa Wordset mới - vẫn là công thức ghép cũ,
photo+copy,photocopy,[photo+copy],0-2-0,noun,/ˈfoʊtoʊˌkɑpi/,real,a photographic copy of written or printed or graphic work,photo+copy(ảnh chụp + sao chép),"Wordset Dictionary (wordset.org, WordNet-based, community-edited)",chưa dịch lại theo định nghĩa Wordset mới - vẫn là công thức ghép cũ,
photo+copy,photocopier,[photo+copy]-er,0-2-1,noun,/ˈfoʊtoʊˌkɑpiɝ/,real,a copier that uses photographic methods of making copies,photo+copy(ảnh chụp + sao chép) + -er(người làm việc gì; so sánh hơn),"Wordset Dictionary (wordset.org, WordNet-based, community-edited)",chưa dịch lại theo định nghĩa Wordset mới - vẫn là công thức ghép cũ,
photo+electr,photoelectric,[photo+electr]-ic,0-2-1,adjective,/ˌfoʊtoʊɪˈɫɛktɹɪk/,real,of or pertaining to photoelectricity,photo+electr(ảnh chụp + điện (gốc từ)) + -ic(thuộc về (tính từ)),"Wordset Dictionary (wordset.org, WordNet-based, community-edited)",chưa dịch lại theo định nghĩa Wordset mới - vẫn là công thức ghép cũ,
photo+electr,photoelectronic,[photo+electr]-on-ic,0-2-2,adjective,/fˌoʊɾoʊᵻlɛktɹˈɑːnɪk/,"generated (espeak-ng G2P, algorithmic)","photo+electr(a picture that is made by using a camera that stores images in digital form or that has a film sensitive to light inside it + (không có định nghĩa trong Oxford 5000 - root này không phải headword độc lập)) + -on([VARIANT] noun ending (unit/particle, Greek/French loanword)) + -ic(relating to (adjective))","photo+electr(ảnh chụp + điện (gốc từ)) + -on([BIẾN THỂ] đuôi danh từ (đơn vị/hạt, từ mượn Hy Lạp/Pháp)) + -ic(thuộc về (tính từ))","compositional (generated, unverified)",công thức ghép (chưa xác thực),
photo+flash,photoflash,[photo+flash],0-2-0,noun,/fˈoʊɾoʊflˌæʃ/,"generated (espeak-ng G2P, algorithmic)",a lamp for providing momentary light to take a photograph,photo+flash(ảnh chụp + ánh sáng lóe lên),"Wordset Dictionary (wordset.org, WordNet-based, community-edited)",chưa dịch lại theo định nghĩa Wordset mới - vẫn là công thức ghép cũ,
photo+flood+light,photofloodlights,[photo+flood+light],0-3-0,noun,/fˌoʊɾoʊflˈʌdlaɪts/,"generated (espeak-ng G2P, algorithmic)",photo+flood+light(a picture that is made by using a camera that stores images in digital form or that has a film sensitive to light inside it + a large amount of water covering an area that is usually dry + pale in colour),"photo+flood+light(ảnh chụp + lũ lụt + ánh sáng, nhẹ)","compositional (generated, unverified)",công thức ghép (chưa xác thực),"liên quan ""photoflood"" - thuật ngữ nhiếp ảnh có thật"
photo+gen,photogenic,[photo+gen]-ic,0-2-1,adjective,/ˌfoʊtəˈdʒɛnɪk/,real,looking attractive in photographs,photo+gen(ảnh chụp + gen (di truyền)) + -ic(thuộc về (tính từ)),"Wordset Dictionary (wordset.org, WordNet-based, community-edited)",chưa dịch lại theo định nghĩa Wordset mới - vẫn là công thức ghép cũ,
photo+real,photorealism,[photo+real]-ism,0-2-1,noun,/fˌəʊtəʊɹˈiəlɪzəm/,real,"photo+real(a picture that is made by using a camera that stores images in digital form or that has a film sensitive to light inside it + actually existing or happening and not imagined or pretended) + -ism(belief, practice, condition (noun))","photo+real(ảnh chụp + thực tế) + -ism(niềm tin, học thuyết, tình trạng (danh từ))","compositional (generated, unverified)",công thức ghép (chưa xác thực),
photo+sense,photosensitization,[photo+sense]-itize-ion,0-2-2,noun,/fˌoʊɾoʊsˌɛnsɪɾᵻzˈeɪʃən/,"generated (espeak-ng G2P, algorithmic)","photo+sense(a picture that is made by using a camera that stores images in digital form or that has a film sensitive to light inside it + an understanding about something; an ability to judge something) + -itize(to make into, to convert (verb)) + -ion(action, process, state (noun))","photo+sense(ảnh chụp + giác quan, ý nghĩa) + -itize(làm cho thành, chuyển đổi (động từ)) + -ion(hành động, quá trình, trạng thái (danh từ))","compositional (generated, unverified)",công thức ghép (chưa xác thực),
photo+sense,photosensitive,[photo+sense]-ive,0-2-1,adjective,/fˌəʊtəʊsˈɛnsɪtˌɪv/,real,sensitive to visible light,"photo+sense(ảnh chụp + giác quan, ý nghĩa) + -ive(có xu hướng, có tính chất (tính từ))","Wordset Dictionary (wordset.org, WordNet-based, community-edited)",chưa dịch lại theo định nghĩa Wordset mới - vẫn là công thức ghép cũ,
photo+sense,photosensitize,[photo+sense]-itize,0-2-1,verb,/fˌoʊɾoʊsˈɛnsɪtˌaɪz/,"generated (espeak-ng G2P, algorithmic)",make (an organism or substance) sensitive to the influence of radiant energy and especially light,"photo+sense(ảnh chụp + giác quan, ý nghĩa) + -itize(làm cho thành, chuyển đổi (động từ))","Wordset Dictionary (wordset.org, WordNet-based, community-edited)",chưa dịch lại theo định nghĩa Wordset mới - vẫn là công thức ghép cũ,
phrase+book,phrasebook,[phrase+book],0-2-0,noun,/fɹˈeɪzbʊk/,real,phrase+book(a group of words that have a particular meaning when used together + a set of printed pages that are fastened inside a cover so that you can turn them and read them),phrase+book(cụm từ + sách),"compositional (generated, unverified)",công thức ghép (chưa xác thực),
phrase+log,phraseology,[phrase+log]-y,0-2-1,noun,/ˌfɹeɪziˈɔɫɔdʒi/,real,the manner in which something is expressed in words,"phrase+log(cụm từ + khúc gỗ, nhật ký) + -y(có tính chất; danh từ/tính từ)","Wordset Dictionary (wordset.org, WordNet-based, community-edited)",chưa dịch lại theo định nghĩa Wordset mới - vẫn là công thức ghép cũ,
phrase+make,phrasemaking,[phrase+make],0-2-0,noun,/fɹˈeɪsmeɪkɪŋ/,"generated (espeak-ng G2P, algorithmic)","phrase+make(a group of words that have a particular meaning when used together + the name or type of a machine, piece of equipment, etc. that is made by a particular company)",phrase+make(cụm từ + làm),"compositional (generated, unverified)",công thức ghép (chưa xác thực),
pick+man,pickman,[pick+man],0-2-0,noun,/pˈɪkmən/,"generated (espeak-ng G2P, algorithmic)",pick+man(an act of choosing something + an adult male human),"pick+man(chọn lựa, nhặt + đàn ông)","compositional (generated, unverified)",công thức ghép (chưa xác thực),
pick+pocket,pickpocket,[pick+pocket],0-2-0,noun,/ˈpɪkˌpɑkət/,real,a thief who steals from the pockets or purses of others in public places,"pick+pocket(chọn lựa, nhặt + túi áo)","Wordset Dictionary (wordset.org, WordNet-based, community-edited)",chưa dịch lại theo định nghĩa Wordset mới - vẫn là công thức ghép cũ,
pick+up,pickup,[pick+up],0-2-0,noun,/ˈpɪˌkəp/,real,the act of taking aboard passengers or freight,"pick+up(chọn lựa, nhặt + lên trên)","Wordset Dictionary (wordset.org, WordNet-based, community-edited)",chưa dịch lại theo định nghĩa Wordset mới - vẫn là công thức ghép cũ,
piece+meal,piecemeal,[piece+meal],0-2-0,adverb,/ˈpisˌmiɫ/,real,a little bit at a time,"piece+meal(mảnh, miếng + bữa ăn)","Wordset Dictionary (wordset.org, WordNet-based, community-edited)",chưa dịch lại theo định nghĩa Wordset mới - vẫn là công thức ghép cũ,
piece+wise,piecewise,[piece+wise],0-2-0,noun,/pˈiːswaɪz/,"generated (espeak-ng G2P, algorithmic)",piece+wise(an amount of something that has been cut or separated from the rest of it; a standard amount of something + able to make sensible decisions and give good advice because of the experience and knowledge that you have),"piece+wise(mảnh, miếng + khôn ngoan)","compositional (generated, unverified)",công thức ghép (chưa xác thực),
piece+work,piecework,[piece+work],0-2-0,noun,/ˈpiˌswɝk/,real,work paid for according to the quantity produced,"piece+work(mảnh, miếng + công việc)","Wordset Dictionary (wordset.org, WordNet-based, community-edited)",chưa dịch lại theo định nghĩa Wordset mới - vẫn là công thức ghép cũ,
pig+back,piggyback,[pig+back]-y,0-2-1,adverb,/ˈpɪɡiˌbæk/,real,on the back or shoulder or astraddle on the hip,"pig+back(con lợn + lưng, phía sau) + -y(có tính chất; danh từ/tính từ)","Wordset Dictionary (wordset.org, WordNet-based, community-edited)",chưa dịch lại theo định nghĩa Wordset mới - vẫn là công thức ghép cũ,
pig+head,pigheadedness,[pig+head]-ness,0-2-1,noun,/pɪɡhˈɛdᵻdnəs/,"generated (espeak-ng G2P, algorithmic)",resolute adherence to your own ideas or desires,"pig+head(con lợn + đầu, người đứng đầu) + -ness(trạng thái, tính chất (danh từ))","Wordset Dictionary (wordset.org, WordNet-based, community-edited)",chưa dịch lại theo định nghĩa Wordset mới - vẫn là công thức ghép cũ,
pig+head,pigheadedly,[pig+head]-ly,0-2-1,adverb,/pˈɪɡhɪdᵻdli/,"generated (espeak-ng G2P, algorithmic)","pig+head(an animal with pink, black or brown skin, short legs, a broad nose and a short curly tail. Pigs are kept on farms for their meat (called pork) or live in the wild. + the part of the body on top of the neck containing the eyes, nose, mouth and brain) + -ly(adverb of manner / adjective (like))","pig+head(con lợn + đầu, người đứng đầu) + -ly(trạng từ chỉ cách thức / tính từ (giống như))","compositional (generated, unverified)",công thức ghép (chưa xác thực),
pig+head,pigheaded,[pig+head],0-2-0,adjective,/pˈɪɡhɛdɪd/,real,obstinate and stupid,"pig+head(con lợn + đầu, người đứng đầu)","Wordset Dictionary (wordset.org, WordNet-based, community-edited)",chưa dịch lại theo định nghĩa Wordset mới - vẫn là công thức ghép cũ,
pig+nut,pignut,[pig+nut],0-2-0,noun,/pˈɪɡnʌt/,real,an American hickory tree having bitter nuts,"pig+nut(con lợn + hạt, đai ốc)","Wordset Dictionary (wordset.org, WordNet-based, community-edited)",chưa dịch lại theo định nghĩa Wordset mới - vẫn là công thức ghép cũ,
pig+pen,pigpen,[pig+pen],0-2-0,noun,/pˈɪɡpən/,real,a pen for swine,pig+pen(con lợn + bút),"Wordset Dictionary (wordset.org, WordNet-based, community-edited)",chưa dịch lại theo định nghĩa Wordset mới - vẫn là công thức ghép cũ,
pig+skin,pigskin,[pig+skin],0-2-0,noun,/ˈpɪɡˌskɪn/,real,leather from the skin of swine,pig+skin(con lợn + làn da),"Wordset Dictionary (wordset.org, WordNet-based, community-edited)",chưa dịch lại theo định nghĩa Wordset mới - vẫn là công thức ghép cũ,
pig+tail,pigtail,[pig+tail],0-2-0,noun,/pˈɪɡteɪl/,real,a plait of braided hair,pig+tail(con lợn + đuôi),"Wordset Dictionary (wordset.org, WordNet-based, community-edited)",chưa dịch lại theo định nghĩa Wordset mới - vẫn là công thức ghép cũ,
pill+box,pillbox,[pill+box],0-2-0,noun,/pˈɪlbɒks/,real,a small enclosed gun emplacement (usually of fortified concrete),pill+box(viên thuốc + hộp),"Wordset Dictionary (wordset.org, WordNet-based, community-edited)",chưa dịch lại theo định nghĩa Wordset mới - vẫn là công thức ghép cũ,
pin+ball,pinball,[pin+ball],0-2-0,noun,/ˈpɪnˌbɔɫ/,real,a game played on a sloping board,pin+ball(ghim + quả bóng),"Wordset Dictionary (wordset.org, WordNet-based, community-edited)",chưa dịch lại theo định nghĩa Wordset mới - vẫn là công thức ghép cũ,
pin+head,pinhead,[pin+head],0-2-0,noun,/pˈɪnhɛd/,real,the head of a pin,"pin+head(ghim + đầu, người đứng đầu)","Wordset Dictionary (wordset.org, WordNet-based, community-edited)",chưa dịch lại theo định nghĩa Wordset mới - vẫn là công thức ghép cũ,
pin+hole,pinholes,[pin+hole],0-2-0,noun,/ˈpɪnˌhoʊɫz/,real,"pin+hole(a short thin piece of stiff wire with a sharp point at one end and a round head at the other, used especially for fastening together pieces of cloth when sewing + a hollow space in something solid or in the surface of something)",pin+hole(ghim + lỗ hổng),"compositional (generated, unverified)",công thức ghép (chưa xác thực),
pin+point,pinpoint,[pin+point],0-2-0,noun,/ˈpɪnˌpɔɪnt/,real,the sharp point of a pin,"pin+point(ghim + điểm, chỉ ra)","Wordset Dictionary (wordset.org, WordNet-based, community-edited)",chưa dịch lại theo định nghĩa Wordset mới - vẫn là công thức ghép cũ,
pin+table,pintable,[pin+table],0-2-0,noun,/pˈaɪntəbəl/,"generated (espeak-ng G2P, algorithmic)","pin+table(a short thin piece of stiff wire with a sharp point at one end and a round head at the other, used especially for fastening together pieces of cloth when sewing + a piece of furniture that consists of a flat top supported by legs)",pin+table(ghim + cái bàn),"compositional (generated, unverified)",công thức ghép (chưa xác thực),thuật ngữ Anh cho bàn pinball
pin+up,pinup,[pin+up],0-2-0,noun,/pˈɪnʌp/,real,"pin+up(a short thin piece of stiff wire with a sharp point at one end and a round head at the other, used especially for fastening together pieces of cloth when sewing + towards or in a higher position)",pin+up(ghim + lên trên),"compositional (generated, unverified)",công thức ghép (chưa xác thực),
pipe+dream,pipedream,[pipe+dream],0-2-0,noun,/pˈaɪpdɹiːm/,"generated (espeak-ng G2P, algorithmic)","pipe+dream(a tube through which liquids and gases can flow + a series of images, events and feelings that happen in your mind while you are asleep)",pipe+dream(ống dẫn + giấc mơ),"compositional (generated, unverified)",công thức ghép (chưa xác thực),
pipe+line,pipeline,[pipe+line],0-2-0,noun,/ˈpaɪˌpɫaɪn/,real,"a series of pipes that are usually underground and are used for carrying oil, gas, etc. over long distances",pipe+line(ống dẫn + đường kẻ),Oxford 5000 (verified),,
pit+fall,pitfall,[pit+fall],0-2-0,noun,/ˈpɪtˌfɔɫ/,real,a trap in the form of a concealed hole,"pit+fall(hố, hầm + rơi, mùa thu)","Wordset Dictionary (wordset.org, WordNet-based, community-edited)",chưa dịch lại theo định nghĩa Wordset mới - vẫn là công thức ghép cũ,
pit+head,pithead,[pit+head],0-2-0,noun,/pˈɪthɛd/,real,the entrance to a coal mine,"pit+head(hố, hầm + đầu, người đứng đầu)","Wordset Dictionary (wordset.org, WordNet-based, community-edited)",chưa dịch lại theo định nghĩa Wordset mới - vẫn là công thức ghép cũ,
pit+man,pitman,[pit+man],0-2-0,noun,/ˈpɪtmən/,real,someone who works in a coal mine,"pit+man(hố, hầm + đàn ông)","Wordset Dictionary (wordset.org, WordNet-based, community-edited)",chưa dịch lại theo định nghĩa Wordset mới - vẫn là công thức ghép cũ,
pitch+fork,pitchfork,[pitch+fork],0-2-0,noun,/ˈpɪtʃˌfɔɹk/,real,a long-handled hand tool with sharp widely spaced prongs for lifting and pitching hay,"pitch+fork(sân bóng, cao độ + cái nĩa)","Wordset Dictionary (wordset.org, WordNet-based, community-edited)",chưa dịch lại theo định nghĩa Wordset mới - vẫn là công thức ghép cũ,
plain+cloth,plainclothes,[plain+cloth],0-2-0,adjective,/ˈpɫeɪnˈkɫoʊz/,real,"plain+cloth(not decorated or complicated; simple + material made by weaving or knitting cotton, wool, silk, etc.)","plain+cloth(đơn giản, đồng bằng + vải)","compositional (generated, unverified)",công thức ghép (chưa xác thực),
plain+field,plainfield,[plain+field],0-2-0,adjective,/ˈpɫeɪnˌfiɫd/,real,"plain+field(not decorated or complicated; simple + an area of land in the country used for growing crops or keeping animals in, usually surrounded by a fence, etc.)","plain+field(đơn giản, đồng bằng + cánh đồng, lĩnh vực)","compositional (generated, unverified)",công thức ghép (chưa xác thực),
plain+song,plainsong,[plain+song],0-2-0,noun,/ˈpɫeɪnˌsɔŋ/,real,a liturgical chant of the Roman Catholic Church,"plain+song(đơn giản, đồng bằng + bài hát)","Wordset Dictionary (wordset.org, WordNet-based, community-edited)",chưa dịch lại theo định nghĩa Wordset mới - vẫn là công thức ghép cũ,
plan+less,planless,[plan+less],0-2-0,adjective,/plˈænləs/,"generated (espeak-ng G2P, algorithmic)",aimlessly drifting,plan+less(kế hoạch + ít hơn),"Wordset Dictionary (wordset.org, WordNet-based, community-edited)",chưa dịch lại theo định nghĩa Wordset mới - vẫn là công thức ghép cũ,
plane+load,planeload,[plane+load],0-2-0,noun,/ˈpɫeɪnˌɫoʊd/,real,"plane+load(a flying vehicle with wings and one or more engines + something that is being carried (usually in large amounts) by a person, vehicle, etc.)","plane+load(máy bay, mặt phẳng + tải trọng)","compositional (generated, unverified)",công thức ghép (chưa xác thực),
play+back,playback,[play+back],0-2-0,noun,/ˈpɫeɪˌbæk/,real,the act of reproducing recorded sound,"play+back(chơi + lưng, phía sau)","Wordset Dictionary (wordset.org, WordNet-based, community-edited)",chưa dịch lại theo định nghĩa Wordset mới - vẫn là công thức ghép cũ,
play+bill,playbill,[play+bill],0-2-0,noun,/plˈeɪbɪl/,real,a theatrical program,"play+bill(chơi + hóa đơn, dự luật)","Wordset Dictionary (wordset.org, WordNet-based, community-edited)",chưa dịch lại theo định nghĩa Wordset mới - vẫn là công thức ghép cũ,
play+boy,playboy,[play+boy],0-2-0,noun,/ˈpɫeɪˌbɔɪ/,real,a man devoted to the pursuit of pleasure,play+boy(chơi + con trai),"Wordset Dictionary (wordset.org, WordNet-based, community-edited)",chưa dịch lại theo định nghĩa Wordset mới - vẫn là công thức ghép cũ,
play+fellow,playfellow,[play+fellow],0-2-0,noun,/plˈeɪfɪlˌoʊ/,"generated (espeak-ng G2P, algorithmic)",a companion at play,"play+fellow(chơi + đồng nghiệp, gã)","Wordset Dictionary (wordset.org, WordNet-based, community-edited)",chưa dịch lại theo định nghĩa Wordset mới - vẫn là công thức ghép cũ,
play+go,playgoer,[play+go]-er,0-2-1,noun,/plˈeɪɡoʊɚ/,"generated (espeak-ng G2P, algorithmic)",someone who attends the theater,play+go(chơi + đi) + -er(người làm việc gì; so sánh hơn),"Wordset Dictionary (wordset.org, WordNet-based, community-edited)",chưa dịch lại theo định nghĩa Wordset mới - vẫn là công thức ghép cũ,
play+ground,playground,[play+ground],0-2-0,noun,/ˈpɫeɪˌɡɹaʊn/,real,yard consisting of an outdoor area for children's play,play+ground(chơi + mặt đất),"Wordset Dictionary (wordset.org, WordNet-based, community-edited)",chưa dịch lại theo định nghĩa Wordset mới - vẫn là công thức ghép cũ,
play+group,playgroup,[play+group],0-2-0,noun,/plˈeɪɡɹuːp/,real,play+group(a piece of writing performed by actors in a theatre or on television or radio + a number of people or things that are together in the same place or that are connected in some way),play+group(chơi + nhóm),"compositional (generated, unverified)",công thức ghép (chưa xác thực),
play+house,playhouse,[play+house],0-2-0,noun,/ˈpɫeɪˌhaʊs/,real,plaything consisting of a small model of a house that children can play inside of,play+house(chơi + ngôi nhà),"Wordset Dictionary (wordset.org, WordNet-based, community-edited)",chưa dịch lại theo định nghĩa Wordset mới - vẫn là công thức ghép cũ,
play+mate,playmate,[play+mate],0-2-0,noun,/ˈpɫeɪˌmeɪt/,real,a companion at play,"play+mate(chơi + bạn đời, bạn bè)","Wordset Dictionary (wordset.org, WordNet-based, community-edited)",chưa dịch lại theo định nghĩa Wordset mới - vẫn là công thức ghép cũ,
play+off,playoff,[play+off],0-2-0,noun,/ˈpɫeɪˌɔf/,real,any final competition to determine a championship,"play+off(chơi + tắt, xa khỏi)","Wordset Dictionary (wordset.org, WordNet-based, community-edited)",chưa dịch lại theo định nghĩa Wordset mới - vẫn là công thức ghép cũ,
play+pen,playpen,[play+pen],0-2-0,noun,/ˈpɫeɪˌpɛn/,real,a portable enclosure in which babies may be left to play,play+pen(chơi + bút),"Wordset Dictionary (wordset.org, WordNet-based, community-edited)",chưa dịch lại theo định nghĩa Wordset mới - vẫn là công thức ghép cũ,
play+room,playroom,[play+room],0-2-0,noun,/ˈpɫeɪˌɹum/,real,"a recreation room for noisy activities, especially parties or children's play",play+room(chơi + căn phòng),"Wordset Dictionary (wordset.org, WordNet-based, community-edited)",chưa dịch lại theo định nghĩa Wordset mới - vẫn là công thức ghép cũ,
play+suit,playsuit,[play+suit],0-2-0,noun,/plˈeɪsuːt/,real,a sports outfit for women or children,"play+suit(chơi + bộ vest, phù hợp)","Wordset Dictionary (wordset.org, WordNet-based, community-edited)",chưa dịch lại theo định nghĩa Wordset mới - vẫn là công thức ghép cũ,
play+thing,plaything,[play+thing],0-2-0,noun,/ˈpɫeɪˌθɪŋ/,real,an artifact designed to be played with,"play+thing(chơi + vật, thứ)","Wordset Dictionary (wordset.org, WordNet-based, community-edited)",chưa dịch lại theo định nghĩa Wordset mới - vẫn là công thức ghép cũ,
play+time,playtime,[play+time],0-2-0,noun,/plˈeɪtaɪm/,real,time for play or diversion,play+time(chơi + thời gian),"Wordset Dictionary (wordset.org, WordNet-based, community-edited)",chưa dịch lại theo định nghĩa Wordset mới - vẫn là công thức ghép cũ,
play+write,playwriting,[play+write],0-2-0,noun,/plˈeɪɹaɪtɪŋ/,real,"play+write(a piece of writing performed by actors in a theatre or on television or radio + to make letters or numbers on a surface, especially using a pen or a pencil)",play+write(chơi + viết),"compositional (generated, unverified)",công thức ghép (chưa xác thực),
plug+hole,plughole,[plug+hole],0-2-0,noun,/plˈʌɡhəʊl/,real,a hole into which a plug fits (especially a hole where water drains away),plug+hole(phích cắm + lỗ hổng),"Wordset Dictionary (wordset.org, WordNet-based, community-edited)",chưa dịch lại theo định nghĩa Wordset mới - vẫn là công thức ghép cũ,
plug+ugly,plugugly,[plug+ugly],0-2-0,noun,/plˈʌɡʌɡli/,"generated (espeak-ng G2P, algorithmic)",plug+ugly(a small plastic object with two or three metal pins that connects a piece of electrical equipment to the main supply of electricity + unpleasant to look at),plug+ugly(phích cắm + xấu xí),"compositional (generated, unverified)",công thức ghép (chưa xác thực),
pocket+book,pocketbook,[pocket+book],0-2-0,noun,/ˈpɑkətˌbʊk/,real,a container used for carrying money and small personal items or accessories (especially by women),pocket+book(túi áo + sách),"Wordset Dictionary (wordset.org, WordNet-based, community-edited)",chưa dịch lại theo định nghĩa Wordset mới - vẫn là công thức ghép cũ,
pole+cat,polecat,[pole+cat],0-2-0,noun,/ˈpoʊɫˌkæt/,real,dark brown mustelid of woodlands of Eurasia that gives off an unpleasant odor when threatened,"pole+cat(cực, cột + con mèo)","Wordset Dictionary (wordset.org, WordNet-based, community-edited)",chưa dịch lại theo định nghĩa Wordset mới - vẫn là công thức ghép cũ,
police+man,policeman,[police+man],0-2-0,noun,/pəˈɫismən/,real,a male police officer,police+man(cảnh sát + đàn ông),Oxford 5000 (verified),,
police+woman,policewoman,[police+woman],0-2-0,noun,/pəˈɫiˌswʊmən/,real,a woman policeman,police+woman(cảnh sát + phụ nữ),"Wordset Dictionary (wordset.org, WordNet-based, community-edited)",chưa dịch lại theo định nghĩa Wordset mới - vẫn là công thức ghép cũ,
pool+room,poolroom,[pool+room],0-2-0,noun,/pˈuːlɹuːm/,"generated (espeak-ng G2P, algorithmic)",a room with pool tables where pool is played,pool+room(hồ bơi + căn phòng),"Wordset Dictionary (wordset.org, WordNet-based, community-edited)",chưa dịch lại theo định nghĩa Wordset mới - vẫn là công thức ghép cũ,
poor+house,poorhouse,[poor+house],0-2-0,noun,/ˈpuɹˌhaʊs/,real,an establishment maintained at public expense in order to provide housing for the poor and homeless,poor+house(nghèo + ngôi nhà),"Wordset Dictionary (wordset.org, WordNet-based, community-edited)",chưa dịch lại theo định nghĩa Wordset mới - vẫn là công thức ghép cũ,
pop+gun,popgun,[pop+gun],0-2-0,noun,/pˈɒpɡʌn/,real,plaything consisting of a toy gun that makes a popping sound,"pop+gun(nhạc pop, nổ + súng)","Wordset Dictionary (wordset.org, WordNet-based, community-edited)",chưa dịch lại theo định nghĩa Wordset mới - vẫn là công thức ghép cũ,
port+hole,porthole,[port+hole],0-2-0,noun,/pˈɔːthəʊl/,real,an opening (in a wall or ship or armored vehicle) for firing through,port+hole(cảng + lỗ hổng),"Wordset Dictionary (wordset.org, WordNet-based, community-edited)",chưa dịch lại theo định nghĩa Wordset mới - vẫn là công thức ghép cũ,
post+bag,postbag,[post+bag],0-2-0,noun,/pˈəʊstbæɡ/,real,letter carrier's shoulder bag,"post+bag(bưu điện, đăng bài + túi)","Wordset Dictionary (wordset.org, WordNet-based, community-edited)",chưa dịch lại theo định nghĩa Wordset mới - vẫn là công thức ghép cũ,
post+box,postbox,[post+box],0-2-0,noun,/pˈəʊstbɒks/,real,public box for deposit of mail,"post+box(bưu điện, đăng bài + hộp)","Wordset Dictionary (wordset.org, WordNet-based, community-edited)",chưa dịch lại theo định nghĩa Wordset mới - vẫn là công thức ghép cũ,
post+card,postcard,[post+card],0-2-0,noun,/ˈpoʊˌskɑɹd/,real,a card for sending messages by post without an envelope,"post+card(bưu điện, đăng bài + thẻ, thiệp)","Wordset Dictionary (wordset.org, WordNet-based, community-edited)",chưa dịch lại theo định nghĩa Wordset mới - vẫn là công thức ghép cũ,
post+code,postcode,[post+code],0-2-0,noun,/pˈəʊstkəʊd/,real,a code of letters and digits added to a postal address to aid in the sorting of mail,"post+code(bưu điện, đăng bài + mã, quy tắc)","Wordset Dictionary (wordset.org, WordNet-based, community-edited)",chưa dịch lại theo định nghĩa Wordset mới - vẫn là công thức ghép cũ,
post+man,postman,[post+man],0-2-0,noun,/ˈpoʊsmən/,real,a man who delivers the mail,"post+man(bưu điện, đăng bài + đàn ông)","Wordset Dictionary (wordset.org, WordNet-based, community-edited)",chưa dịch lại theo định nghĩa Wordset mới - vẫn là công thức ghép cũ,
post+mark,postmark,[post+mark],0-2-0,noun,/ˈpoʊstˌmɑɹk/,real,a cancellation mark stamped on mail by postal officials,"post+mark(bưu điện, đăng bài + dấu, đánh dấu)","Wordset Dictionary (wordset.org, WordNet-based, community-edited)",chưa dịch lại theo định nghĩa Wordset mới - vẫn là công thức ghép cũ,
post+master,postmaster,[post+master],0-2-0,noun,/ˈpoʊsˌmæstɝ/,real,the person in charge of a post office,"post+master(bưu điện, đăng bài + bậc thầy)","Wordset Dictionary (wordset.org, WordNet-based, community-edited)",chưa dịch lại theo định nghĩa Wordset mới - vẫn là công thức ghép cũ,
pot+ash,potash,[pot+ash],0-2-0,noun,/ˈpɑˌtæʃ/,real,a potassium compound often used in agriculture and industry,pot+ash(nồi + tro),"Wordset Dictionary (wordset.org, WordNet-based, community-edited)",chưa dịch lại theo định nghĩa Wordset mới - vẫn là công thức ghép cũ,
pot+boil,potboiler,[pot+boil]-er,0-2-1,noun,/ˌpɑˈbɔɪɫɝ/,real,a literary composition of poor quality that was written quickly to make money (to boil the pot),pot+boil(nồi + đun sôi) + -er(người làm việc gì; so sánh hơn),"Wordset Dictionary (wordset.org, WordNet-based, community-edited)",chưa dịch lại theo định nghĩa Wordset mới - vẫn là công thức ghép cũ,
pot+head,pothead,[pot+head],0-2-0,noun,/pˈɒthɛd/,real,someone who smokes marijuana habitually,"pot+head(nồi + đầu, người đứng đầu)","Wordset Dictionary (wordset.org, WordNet-based, community-edited)",chưa dịch lại theo định nghĩa Wordset mới - vẫn là công thức ghép cũ,
pot+hole,potholer,[pot+hole]-er,0-2-1,noun,/pˈɒthəʊlɐ/,real,a person who explores caves,pot+hole(nồi + lỗ hổng) + -er(người làm việc gì; so sánh hơn),"Wordset Dictionary (wordset.org, WordNet-based, community-edited)",chưa dịch lại theo định nghĩa Wordset mới - vẫn là công thức ghép cũ,
pot+hole,pothole,[pot+hole],0-2-0,noun,/ˈpɑtˌhoʊɫ/,real,a pit or hole produced by wear or weathering (especially in a road surface),pot+hole(nồi + lỗ hổng),"Wordset Dictionary (wordset.org, WordNet-based, community-edited)",chưa dịch lại theo định nghĩa Wordset mới - vẫn là công thức ghép cũ,
pot+hunt,pothunter,[pot+hunt]-er,0-2-1,noun,/pˈɑːθʌntɚ/,"generated (espeak-ng G2P, algorithmic)","someone who hunts for food, not for sport",pot+hunt(nồi + săn bắn) + -er(người làm việc gì; so sánh hơn),"Wordset Dictionary (wordset.org, WordNet-based, community-edited)",chưa dịch lại theo định nghĩa Wordset mới - vẫn là công thức ghép cũ,
pot+luck,potluck,[pot+luck],0-2-0,noun,/ˈpɑtˌɫək/,real,whatever happens to be available especially when offered to an unexpected guest or when brought by guests and shared by all,pot+luck(nồi + may mắn),"Wordset Dictionary (wordset.org, WordNet-based, community-edited)",chưa dịch lại theo định nghĩa Wordset mới - vẫn là công thức ghép cũ,
power+boat,powerboat,[power+boat],0-2-0,noun,/ˈpaʊɝˌboʊt/,real,a boat propelled by an internal-combustion engine,"power+boat(quyền lực, sức mạnh + thuyền)","Wordset Dictionary (wordset.org, WordNet-based, community-edited)",chưa dịch lại theo định nghĩa Wordset mới - vẫn là công thức ghép cũ,
power+house,powerhouse,[power+house],0-2-0,noun,/ˈpaʊɝˌhaʊs/,real,an electrical generating station,"power+house(quyền lực, sức mạnh + ngôi nhà)","Wordset Dictionary (wordset.org, WordNet-based, community-edited)",chưa dịch lại theo định nghĩa Wordset mới - vẫn là công thức ghép cũ,
power+plant,powerplants,[power+plant],0-2-0,noun,/pˈaʊɚplənts/,"generated (espeak-ng G2P, algorithmic)","power+plant(the ability to control people or things + a living thing that grows in the earth and usually has a stem, leaves and roots, especially one that is smaller than a tree or bush)","power+plant(quyền lực, sức mạnh + cây trồng, nhà máy)","compositional (generated, unverified)",công thức ghép (chưa xác thực),
praise+worth,praiseworthy,[praise+worth]-y,0-2-1,adjective,/ˈpɹeɪzˌwɝði/,real,worthy of high praise,praise+worth(khen ngợi + đáng giá) + -y(có tính chất; danh từ/tính từ),"Wordset Dictionary (wordset.org, WordNet-based, community-edited)",chưa dịch lại theo định nghĩa Wordset mới - vẫn là công thức ghép cũ,
praise+worth,praiseworthiness,[praise+worth]-y-ness,0-2-2,noun,/pɹˈeɪzwɚðinəs/,"generated (espeak-ng G2P, algorithmic)",the quality of being worthy of praise,"praise+worth(khen ngợi + đáng giá) + -y(có tính chất; danh từ/tính từ) + -ness(trạng thái, tính chất (danh từ))","Wordset Dictionary (wordset.org, WordNet-based, community-edited)",chưa dịch lại theo định nghĩa Wordset mới - vẫn là công thức ghép cũ,
praise+worth,praiseworthily,[praise+worth]-y-ly,0-2-2,adverb,/pɹˈeɪzwɚðili/,"generated (espeak-ng G2P, algorithmic)",in an admirable manner,praise+worth(khen ngợi + đáng giá) + -y(có tính chất; danh từ/tính từ) + -ly(trạng từ chỉ cách thức / tính từ (giống như)),"Wordset Dictionary (wordset.org, WordNet-based, community-edited)",chưa dịch lại theo định nghĩa Wordset mới - vẫn là công thức ghép cũ,
prayer+book,prayerbooks,[prayer+book],0-2-0,noun,/pɹˈɛɹbʊks/,"generated (espeak-ng G2P, algorithmic)",prayer+book(words that you say to God giving thanks or asking for help + a set of printed pages that are fastened inside a cover so that you can turn them and read them),prayer+book(lời cầu nguyện + sách),"compositional (generated, unverified)",công thức ghép (chưa xác thực),"số nhiều của ""prayer book"" (sách cầu nguyện)"
press+man,pressman,[press+man],0-2-0,noun,/ˈpɹɛsmən/,real,a journalist employed to provide news stories for newspapers or broadcast media,"press+man(nhấn, báo chí + đàn ông)","Wordset Dictionary (wordset.org, WordNet-based, community-edited)",chưa dịch lại theo định nghĩa Wordset mới - vẫn là công thức ghép cũ,
press+way,expressway,ex-[press+way],1-2-0,noun,/ɪksˈpɹɛsˌweɪ/,real,a broad highway designed for high-speed traffic,"ex-(ra khỏi, cựu, nguyên) + press+way(nhấn, báo chí + con đường, cách thức)","Wordset Dictionary (wordset.org, WordNet-based, community-edited)",chưa dịch lại theo định nghĩa Wordset mới - vẫn là công thức ghép cũ,
priest+craft,priestcraft,[priest+craft],0-2-0,noun,/pɹˈiːstkɹæft/,"generated (espeak-ng G2P, algorithmic)",the skills involved in the work of a priest,"priest+craft(linh mục + thủ công, chế tạo)","Wordset Dictionary (wordset.org, WordNet-based, community-edited)",chưa dịch lại theo định nghĩa Wordset mới - vẫn là công thức ghép cũ,
priest+like,priestlike,[priest+like],0-2-0,adjective,/pɹˈiːstlaɪk/,"generated (espeak-ng G2P, algorithmic)",befitting or characteristic of a priest or the priesthood,"priest+like(linh mục + thích, giống như)","Wordset Dictionary (wordset.org, WordNet-based, community-edited)",chưa dịch lại theo định nghĩa Wordset mới - vẫn là công thức ghép cũ,
print+make,printmaking,[print+make],0-2-0,noun,/ˈpɹɪntˌmeɪkɪŋ/,real,artistic design and manufacture of prints as woodcuts or silkscreens,print+make(in ấn + làm),"Wordset Dictionary (wordset.org, WordNet-based, community-edited)",chưa dịch lại theo định nghĩa Wordset mới - vẫn là công thức ghép cũ,
print+out,printout,[print+out],0-2-0,noun,/ˈpɹɪnˌtaʊt/,real,the output of a computer in printed form,print+out(in ấn + ra ngoài),"Wordset Dictionary (wordset.org, WordNet-based, community-edited)",chưa dịch lại theo định nghĩa Wordset mới - vẫn là công thức ghép cũ,
prize+fight,prizefighter,[prize+fight]-er,0-2-1,noun,/pɹˈaɪzfaɪtɐ/,real,a professional boxer,prize+fight(giải thưởng + chiến đấu) + -er(người làm việc gì; so sánh hơn),"Wordset Dictionary (wordset.org, WordNet-based, community-edited)",chưa dịch lại theo định nghĩa Wordset mới - vẫn là công thức ghép cũ,
prize+fight,prizefighting,[prize+fight],0-2-0,noun,/pɹˈaɪzfaɪɾɪŋ/,"generated (espeak-ng G2P, algorithmic)","prize+fight(an award that is given to a person who wins a competition, race, etc. or who does very good work + a struggle against somebody/something using physical force)",prize+fight(giải thưởng + chiến đấu),"compositional (generated, unverified)",công thức ghép (chưa xác thực),
proof+read,proofreader,[proof+read]-er,0-2-1,noun,/pɹˈuːfɹiːdɐ/,real,someone who reads proof in order to find errors and mark corrections,proof+read(bằng chứng + đọc) + -er(người làm việc gì; so sánh hơn),"Wordset Dictionary (wordset.org, WordNet-based, community-edited)",chưa dịch lại theo định nghĩa Wordset mới - vẫn là công thức ghép cũ,
proof+read,proofread,[proof+read],0-2-0,verb,/ˈpɹuˌfɹid/,real,read for errors,proof+read(bằng chứng + đọc),"Wordset Dictionary (wordset.org, WordNet-based, community-edited)",chưa dịch lại theo định nghĩa Wordset mới - vẫn là công thức ghép cũ,
pull+back,pullback,[pull+back],0-2-0,noun,/ˈpʊɫˌbæk/,real,(military) the act of pulling back (especially an orderly withdrawal of troops),"pull+back(kéo + lưng, phía sau)","Wordset Dictionary (wordset.org, WordNet-based, community-edited)",chưa dịch lại theo định nghĩa Wordset mới - vẫn là công thức ghép cũ,
pull+man,pullman,[pull+man],0-2-0,noun,/ˈpʊɫmən/,real,luxurious passenger car,pull+man(kéo + đàn ông),"Wordset Dictionary (wordset.org, WordNet-based, community-edited)",chưa dịch lại theo định nghĩa Wordset mới - vẫn là công thức ghép cũ,
pull+out,pullout,[pull+out],0-2-0,noun,/ˈpʊˌɫaʊt/,real,to break off a military action with an enemy,pull+out(kéo + ra ngoài),"Wordset Dictionary (wordset.org, WordNet-based, community-edited)",chưa dịch lại theo định nghĩa Wordset mới - vẫn là công thức ghép cũ,
pull+over,pullover,[pull+over],0-2-0,noun,/pˈʊləʊvɐ/,real,a sweater that is put on by pulling it over the head,"pull+over(kéo + ở trên, hơn)","Wordset Dictionary (wordset.org, WordNet-based, community-edited)",chưa dịch lại theo định nghĩa Wordset mới - vẫn là công thức ghép cũ,
punch+bowl,punchbowl,[punch+bowl],0-2-0,noun,/pˈʌntʃbəʊl/,real,"punch+bowl(a hard hit made with the fist (= closed hand) + a deep round dish with a wide open top, used especially for holding food or liquid)",punch+bowl(đấm + cái bát),"compositional (generated, unverified)",công thức ghép (chưa xác thực),
pure+blood,pureblood,[pure+blood],0-2-0,adjective,/pjˈʊɹblʌd/,"generated (espeak-ng G2P, algorithmic)",having a list of ancestors as proof of being a purebred animal,pure+blood(thuần khiết + máu),"Wordset Dictionary (wordset.org, WordNet-based, community-edited)",chưa dịch lại theo định nghĩa Wordset mới - vẫn là công thức ghép cũ,
push+chair,pushchair,[push+chair],0-2-0,noun,/pˈʊʃtʃeə/,real,a small vehicle with four wheels in which a baby or child is pushed around,push+chair(đẩy + ghế),"Wordset Dictionary (wordset.org, WordNet-based, community-edited)",chưa dịch lại theo định nghĩa Wordset mới - vẫn là công thức ghép cũ,
push+over,pushover,[push+over],0-2-0,noun,/ˈpʊˌʃoʊvɝ/,real,any undertaking that is easy to do,"push+over(đẩy + ở trên, hơn)","Wordset Dictionary (wordset.org, WordNet-based, community-edited)",chưa dịch lại theo định nghĩa Wordset mới - vẫn là công thức ghép cũ,
put+down,unputdownable,un-[put+down]-able,1-2-1,adjective,/ʌnpˈʌtdaʊnəbəl/,"generated (espeak-ng G2P, algorithmic)","un-(not, opposite of; reverse an action) + put+down(to move something into a particular place or position + to or at a lower place or position) + -able(capable of being (adjective))","un-(không, ngược lại (phủ định/đảo nghĩa)) + put+down(đặt + xuống) + -able(có thể được (tính từ))","compositional (generated, unverified)",công thức ghép (chưa xác thực),"từ thông tục có thật (sách ""không thể đặt xuống"")"
quarter+back,quarterback,[quarter+back],0-2-0,noun,/ˈkwɔɹtɝˌbæk/,real,(American football) the position of the football player in the backfield who directs the offensive play of his team,"quarter+back(một phần tư + lưng, phía sau)","Wordset Dictionary (wordset.org, WordNet-based, community-edited)",chưa dịch lại theo định nghĩa Wordset mới - vẫn là công thức ghép cũ,
quarter+deck,quarterdeck,[quarter+deck],0-2-0,noun,/ˈkwɔɹtɝˌdɛk/,real,the stern area of a ship's upper deck,"quarter+deck(một phần tư + boong tàu, sàn)","Wordset Dictionary (wordset.org, WordNet-based, community-edited)",chưa dịch lại theo định nghĩa Wordset mới - vẫn là công thức ghép cũ,
quarter+final,quarterfinal,[quarter+final],0-2-0,noun,/kwˈɔːtəfˌaɪnəl/,real,one of the four competitions in an elimination tournament whose winners go on to play in the semifinals,quarter+final(một phần tư + cuối cùng),"Wordset Dictionary (wordset.org, WordNet-based, community-edited)",chưa dịch lại theo định nghĩa Wordset mới - vẫn là công thức ghép cũ,
quarter+master,quartermaster,[quarter+master],0-2-0,noun,/ˈkwɔɹtɝˌmæstɝ/,real,an army officer who provides clothing and subsistence for troops,quarter+master(một phần tư + bậc thầy),"Wordset Dictionary (wordset.org, WordNet-based, community-edited)",chưa dịch lại theo định nghĩa Wordset mới - vẫn là công thức ghép cũ,
quick+sand,quicksand,[quick+sand],0-2-0,noun,/ˈkwɪkˌsænd/,real,a pit filled with loose wet sand into which objects are sucked down,quick+sand(nhanh chóng + cát),"Wordset Dictionary (wordset.org, WordNet-based, community-edited)",chưa dịch lại theo định nghĩa Wordset mới - vẫn là công thức ghép cũ,
quick+set,quickset,[quick+set],0-2-0,adjective,/kwˈɪksɛt/,"generated (espeak-ng G2P, algorithmic)",grown from cuttings planted directly in the ground,"quick+set(nhanh chóng + đặt, bộ)","Wordset Dictionary (wordset.org, WordNet-based, community-edited)",chưa dịch lại theo định nghĩa Wordset mới - vẫn là công thức ghép cũ,
quick+silver,quicksilver,[quick+silver],0-2-0,adjective,/ˈkwɪkˈsɪɫvɝ/,real,liable to sudden unpredictable change,quick+silver(nhanh chóng + bạc),"Wordset Dictionary (wordset.org, WordNet-based, community-edited)",chưa dịch lại theo định nghĩa Wordset mới - vẫn là công thức ghép cũ,
quick+step,quickstep,[quick+step],0-2-0,verb,/kwˈɪkstɛp/,real,to perform a quickstep dance,quick+step(nhanh chóng + bước chân),"Wordset Dictionary (wordset.org, WordNet-based, community-edited)",chưa dịch lại theo định nghĩa Wordset mới - vẫn là công thức ghép cũ,
race+course,racecourse,[race+course],0-2-0,noun,/ɹˈeɪskɔːs/,real,a course over which races are run,"race+course(cuộc đua, chủng tộc + khóa học, đường đi)","Wordset Dictionary (wordset.org, WordNet-based, community-edited)",chưa dịch lại theo định nghĩa Wordset mới - vẫn là công thức ghép cũ,
race+horse,racehorse,[race+horse],0-2-0,noun,/ˈɹeɪsˌhɔɹs/,real,a horse bred for racing,"race+horse(cuộc đua, chủng tộc + ngựa)","Wordset Dictionary (wordset.org, WordNet-based, community-edited)",chưa dịch lại theo định nghĩa Wordset mới - vẫn là công thức ghép cũ,
race+track,racetrack,[race+track],0-2-0,noun,/ˈɹeɪˌstɹæk/,real,a course over which races are run,"race+track(cuộc đua, chủng tộc + đường ray, theo dõi)","Wordset Dictionary (wordset.org, WordNet-based, community-edited)",chưa dịch lại theo định nghĩa Wordset mới - vẫn là công thức ghép cũ,
race+way,raceway,[race+way],0-2-0,noun,/ˈɹeɪˌsweɪ/,real,a course over which races are run,"race+way(cuộc đua, chủng tộc + con đường, cách thức)","Wordset Dictionary (wordset.org, WordNet-based, community-edited)",chưa dịch lại theo định nghĩa Wordset mới - vẫn là công thức ghép cũ,
radio+act,radioactivity,[radio+act]-ive-ity,0-2-2,noun,/ˈɹeɪdioʊˌækˌtɪvəˌti/,real,the spontaneous emission of a stream of particles or electromagnetic rays in nuclear decay,"radio+act(radio + hành động, đạo luật) + -ive(có xu hướng, có tính chất (tính từ)) + -ity(trạng thái, tính chất (danh từ))","Wordset Dictionary (wordset.org, WordNet-based, community-edited)",chưa dịch lại theo định nghĩa Wordset mới - vẫn là công thức ghép cũ,
radio+act,radioactive,[radio+act]-ive,0-2-1,adjective,/ˌɹeɪdioʊˈæktɪv/,real,exhibiting or caused by radioactivity,"radio+act(radio + hành động, đạo luật) + -ive(có xu hướng, có tính chất (tính từ))","Wordset Dictionary (wordset.org, WordNet-based, community-edited)",chưa dịch lại theo định nghĩa Wordset mới - vẫn là công thức ghép cũ,
radio+act,radioactively,[radio+act]-ive-ly,0-2-2,adverb,/ɹˌeɪdɪoʊˈæktɪvli/,"generated (espeak-ng G2P, algorithmic)",in a radioactive manner,"radio+act(radio + hành động, đạo luật) + -ive(có xu hướng, có tính chất (tính từ)) + -ly(trạng từ chỉ cách thức / tính từ (giống như))","Wordset Dictionary (wordset.org, WordNet-based, community-edited)",chưa dịch lại theo định nghĩa Wordset mới - vẫn là công thức ghép cũ,
radio+carbon,radiocarbon,[radio+carbon],0-2-0,noun,/ɹˌeɪdɪəʊkˈɑːbən/,real,a radioactive isotope of carbon,radio+carbon(radio + carbon),"Wordset Dictionary (wordset.org, WordNet-based, community-edited)",chưa dịch lại theo định nghĩa Wordset mới - vẫn là công thức ghép cũ,
radio+log,radiologist,[radio+log]-ist,0-2-1,noun,/ˌɹeɪdiˈɑɫədʒɪst/,real,a medical specialist who uses radioactive substances and X-rays in the treatment of disease,"radio+log(radio + khúc gỗ, nhật ký) + -ist(người theo/thực hành (danh từ))","Wordset Dictionary (wordset.org, WordNet-based, community-edited)",chưa dịch lại theo định nghĩa Wordset mới - vẫn là công thức ghép cũ,
radio+log,radiology,[radio+log]-y,0-2-1,noun,/ˌɹeɪdiˈɑɫədʒi/,real,(radiology) examination of the inner structure of opaque objects using X rays or other penetrating radiation,"radio+log(radio + khúc gỗ, nhật ký) + -y(có tính chất; danh từ/tính từ)","Wordset Dictionary (wordset.org, WordNet-based, community-edited)",chưa dịch lại theo định nghĩa Wordset mới - vẫn là công thức ghép cũ,
rail+bird,railbirds,[rail+bird],0-2-0,noun,/ɹˈeɪlbɜːdz/,"generated (espeak-ng G2P, algorithmic)",rail+bird(a wooden or metal bar placed around something as a barrier or to provide support + a creature that is covered with feathers and has two wings and two legs. Most birds can fly.),rail+bird(đường ray + chim),"compositional (generated, unverified)",công thức ghép (chưa xác thực),
rail+head,railhead,[rail+head],0-2-0,noun,/ɹˈeɪlhɛd/,real,a railroad depot in a theater of operations where military supplies are unloaded for distribution,"rail+head(đường ray + đầu, người đứng đầu)","Wordset Dictionary (wordset.org, WordNet-based, community-edited)",chưa dịch lại theo định nghĩa Wordset mới - vẫn là công thức ghép cũ,
rail+road,railroader,[rail+road]-er,0-2-1,noun,/ɹˈeɪlɹoʊdɚ/,"generated (espeak-ng G2P, algorithmic)",an employee of a railroad,rail+road(đường ray + con đường) + -er(người làm việc gì; so sánh hơn),"Wordset Dictionary (wordset.org, WordNet-based, community-edited)",chưa dịch lại theo định nghĩa Wordset mới - vẫn là công thức ghép cũ,
rail+road,railroad,[rail+road],0-2-0,noun,/ˈɹeɪɫˌɹoʊd/,real,a line of track providing a runway for wheels,rail+road(đường ray + con đường),"Wordset Dictionary (wordset.org, WordNet-based, community-edited)",chưa dịch lại theo định nghĩa Wordset mới - vẫn là công thức ghép cũ,
rail+way,railway,[rail+way],0-2-0,noun,/ˈɹeɪɫˌweɪ/,real,a track with rails on which trains run,"rail+way(đường ray + con đường, cách thức)",Oxford 5000 (verified),,
rain+bow,rainbow,[rain+bow],0-2-0,noun,/ˈɹeɪnˌboʊ/,real,an illusory hope,"rain+bow(mưa + cúi chào, cây cung)","Wordset Dictionary (wordset.org, WordNet-based, community-edited)",chưa dịch lại theo định nghĩa Wordset mới - vẫn là công thức ghép cũ,
rain+coat,raincoat,[rain+coat],0-2-0,noun,/ˈɹeɪnˌkoʊt/,real,a water-resistant coat,rain+coat(mưa + áo khoác),"Wordset Dictionary (wordset.org, WordNet-based, community-edited)",chưa dịch lại theo định nghĩa Wordset mới - vẫn là công thức ghép cũ,
rain+drop,raindrop,[rain+drop],0-2-0,noun,/ˈɹeɪnˌdɹɑp/,real,a drop of rain,"rain+drop(mưa + rơi, giọt)","Wordset Dictionary (wordset.org, WordNet-based, community-edited)",chưa dịch lại theo định nghĩa Wordset mới - vẫn là công thức ghép cũ,
rain+fall,rainfall,[rain+fall],0-2-0,noun,/ˈɹeɪnˌfɔɫ/,real,water falling in drops from vapor condensed in the atmosphere,"rain+fall(mưa + rơi, mùa thu)","Wordset Dictionary (wordset.org, WordNet-based, community-edited)",chưa dịch lại theo định nghĩa Wordset mới - vẫn là công thức ghép cũ,
rain+proof,rainproof,[rain+proof],0-2-0,adjective,/ɹˈeɪnpɹuːf/,real,not permitting the passage of water,rain+proof(mưa + bằng chứng),"Wordset Dictionary (wordset.org, WordNet-based, community-edited)",chưa dịch lại theo định nghĩa Wordset mới - vẫn là công thức ghép cũ,
rain+storm,rainstorm,[rain+storm],0-2-0,noun,/ˈɹeɪnˌstɔɹm/,real,a storm with rain,rain+storm(mưa + cơn bão),"Wordset Dictionary (wordset.org, WordNet-based, community-edited)",chưa dịch lại theo định nghĩa Wordset mới - vẫn là công thức ghép cũ,
rain+water,rainwater,[rain+water],0-2-0,noun,/ˈɹeɪnˌwɔtɝ/,real,drops of fresh water that fall as precipitation from clouds,rain+water(mưa + nước),"Wordset Dictionary (wordset.org, WordNet-based, community-edited)",chưa dịch lại theo định nghĩa Wordset mới - vẫn là công thức ghép cũ,
range+land,rangelands,[range+land],0-2-0,noun,/ɹˈeɪndʒɛləndz/,"generated (espeak-ng G2P, algorithmic)",range+land(a variety of things of a particular type + the surface of the earth that is not sea),"range+land(phạm vi, dãy + đất đai)","compositional (generated, unverified)",công thức ghép (chưa xác thực),
rat+tail,rattail,[rat+tail],0-2-0,noun,/ɹˈæɾeɪl/,"generated (espeak-ng G2P, algorithmic)",deep-sea fish with a large head and body and long tapering tail,rat+tail(chuột cống + đuôi),"Wordset Dictionary (wordset.org, WordNet-based, community-edited)",chưa dịch lại theo định nghĩa Wordset mới - vẫn là công thức ghép cũ,
rate+pay,ratepayer,[rate+pay]-er,0-2-1,noun,/ˈɹeɪtˌpeɪɝ/,real,a person who pays local rates (especially a householder),"rate+pay(tỷ lệ, đánh giá + trả tiền) + -er(người làm việc gì; so sánh hơn)","Wordset Dictionary (wordset.org, WordNet-based, community-edited)",chưa dịch lại theo định nghĩa Wordset mới - vẫn là công thức ghép cũ,
raw+bone,rawboned,[raw+bone],0-2-0,adjective,/ɹˈɔːbənd/,"generated (espeak-ng G2P, algorithmic)",having a lean and bony physique,"raw+bone(thô, sống + xương)","Wordset Dictionary (wordset.org, WordNet-based, community-edited)",chưa dịch lại theo định nghĩa Wordset mới - vẫn là công thức ghép cũ,
raw+hide,rawhide,[raw+hide],0-2-0,noun,/ˈɹɔˌhaɪd/,real,untanned hide especially of cattle,"raw+hide(thô, sống + giấu)","Wordset Dictionary (wordset.org, WordNet-based, community-edited)",chưa dịch lại theo định nghĩa Wordset mới - vẫn là công thức ghép cũ,
ray+burn,rayburn,[ray+burn],0-2-0,noun,/ˈɹeɪbɝn/,real,"ray+burn(a narrow line of light, heat or other energy + an injury or a mark caused by fire, heat or acid)",ray+burn(tia sáng + đốt cháy),"compositional (generated, unverified)",công thức ghép (chưa xác thực),
read+out,readout,[read+out],0-2-0,noun,/ˈɹiˌdaʊt/,real,an electronic device the displays information is a visual form,read+out(đọc + ra ngoài),"Wordset Dictionary (wordset.org, WordNet-based, community-edited)",chưa dịch lại theo định nghĩa Wordset mới - vẫn là công thức ghép cũ,
rear+guard,rearguard,[rear+guard],0-2-0,noun,/ɹˈiəɡɑːd/,real,a detachment assigned to protect the rear of a (retreating) military body,"rear+guard(phía sau, nuôi dạy + bảo vệ)","Wordset Dictionary (wordset.org, WordNet-based, community-edited)",chưa dịch lại theo định nghĩa Wordset mới - vẫn là công thức ghép cũ,
rear+most,rearmost,[rear+most],0-2-0,adjective,/ɹˈɪɹmoʊst/,"generated (espeak-ng G2P, algorithmic)",located farthest to the rear,"rear+most(phía sau, nuôi dạy + nhiều nhất)","Wordset Dictionary (wordset.org, WordNet-based, community-edited)",chưa dịch lại theo định nghĩa Wordset mới - vẫn là công thức ghép cũ,
red+breast,redbreast,[red+breast],0-2-0,noun,/ɹˈɛdbɹɛst/,real,small Old World songbird with a reddish breast,red+breast(màu đỏ + ngực),"Wordset Dictionary (wordset.org, WordNet-based, community-edited)",chưa dịch lại theo định nghĩa Wordset mới - vẫn là công thức ghép cũ,
red+brick,redbrick,[red+brick],0-2-0,adjective,/ɹˈɛdbɹɪk/,real,of or relating to British universities founded in the late 19th century or the 20th century,red+brick(màu đỏ + gạch),"Wordset Dictionary (wordset.org, WordNet-based, community-edited)",chưa dịch lại theo định nghĩa Wordset mới - vẫn là công thức ghép cũ,
red+cap,redcap,[red+cap],0-2-0,noun,/ɹˈɛdkæp/,"generated (espeak-ng G2P, algorithmic)",a porter who helps passengers with their baggage at a railroad station,red+cap(màu đỏ + mũ lưỡi trai),"Wordset Dictionary (wordset.org, WordNet-based, community-edited)",chưa dịch lại theo định nghĩa Wordset mới - vẫn là công thức ghép cũ,
red+coat,redcoat,[red+coat],0-2-0,noun,/ˈɹɛdˌkoʊt/,real,British soldier,red+coat(màu đỏ + áo khoác),"Wordset Dictionary (wordset.org, WordNet-based, community-edited)",chưa dịch lại theo định nghĩa Wordset mới - vẫn là công thức ghép cũ,
red+head,redhead,[red+head],0-2-0,noun,/ˈɹɛdˌhɛd/,real,black-and-white North American woodpecker having a red head and neck,"red+head(màu đỏ + đầu, người đứng đầu)","Wordset Dictionary (wordset.org, WordNet-based, community-edited)",chưa dịch lại theo định nghĩa Wordset mới - vẫn là công thức ghép cũ,
red+head,redheader,[red+head]-er,0-2-1,noun,/ɹˈɛdhɛdɚ/,"generated (espeak-ng G2P, algorithmic)",someone who has red hair,"red+head(màu đỏ + đầu, người đứng đầu) + -er(người làm việc gì; so sánh hơn)","Wordset Dictionary (wordset.org, WordNet-based, community-edited)",chưa dịch lại theo định nghĩa Wordset mới - vẫn là công thức ghép cũ,
red+neck,redneck,[red+neck],0-2-0,noun,/ˈɹɛdˌnɛk/,real,a poor White person in the southern United States,red+neck(màu đỏ + cổ),"Wordset Dictionary (wordset.org, WordNet-based, community-edited)",chưa dịch lại theo định nghĩa Wordset mới - vẫn là công thức ghép cũ,
red+skin,redskin,[red+skin],0-2-0,adjective,/ˈɹɛdˌskɪn/,real,A common appellation for a North American Indian; -- so calledfrom the color of the skin. Cooper.,red+skin(màu đỏ + làn da),"Webster's Unabridged Dictionary (1913, public domain)",công thức ghép (chưa xác thực),
red+wood,redwood,[red+wood],0-2-0,noun,/ˈɹɛdˌwʊd/,real,either of two huge coniferous California trees that reach a height of 300 feet,red+wood(màu đỏ + gỗ),"Wordset Dictionary (wordset.org, WordNet-based, community-edited)",chưa dịch lại theo định nghĩa Wordset mới - vẫn là công thức ghép cũ,
regret+full,regretfulness,[regret+full]-ness,0-2-1,noun,/ɹᵻɡɹˈɛtfəlnəs/,"generated (espeak-ng G2P, algorithmic)",regret+full(a sad feeling because of something that has happened or something that you have done or not done + containing or holding as much or as many as possible; having no empty space) + -ness(state or quality of (noun)),"regret+full(hối tiếc + đầy đủ) + -ness(trạng thái, tính chất (danh từ))","compositional (generated, unverified)",công thức ghép (chưa xác thực),
rifle+man,rifleman,[rifle+man],0-2-0,noun,/ˈɹaɪfəɫmən/,real,a soldier whose weapon is a rifle,rifle+man(súng trường + đàn ông),"Wordset Dictionary (wordset.org, WordNet-based, community-edited)",chưa dịch lại theo định nghĩa Wordset mới - vẫn là công thức ghép cũ,
right+hand,righthander,[right+hand]-er,0-2-1,noun,/ɹˈaɪthændɚ/,"generated (espeak-ng G2P, algorithmic)",a person who uses the right hand more skillfully than the left,"right+hand(đúng, quyền lợi + bàn tay) + -er(người làm việc gì; so sánh hơn)","Wordset Dictionary (wordset.org, WordNet-based, community-edited)",chưa dịch lại theo định nghĩa Wordset mới - vẫn là công thức ghép cũ,
ring+lead,ringleader,[ring+lead]-er,0-2-1,noun,/ˈɹɪŋˌɫidɝ/,real,a person who leads (especially in illicit activities),"ring+lead(chiếc nhẫn, tiếng chuông + dẫn dắt, chì) + -er(người làm việc gì; so sánh hơn)","Wordset Dictionary (wordset.org, WordNet-based, community-edited)",chưa dịch lại theo định nghĩa Wordset mới - vẫn là công thức ghép cũ,
ring+master,ringmaster,[ring+master],0-2-0,noun,/ˈɹɪŋˌmæstɝ/,real,the person in charge of performances in a circus ring,"ring+master(chiếc nhẫn, tiếng chuông + bậc thầy)","Wordset Dictionary (wordset.org, WordNet-based, community-edited)",chưa dịch lại theo định nghĩa Wordset mới - vẫn là công thức ghép cũ,
ring+side,ringside,[ring+side],0-2-0,noun,/ˈɹɪŋˌsaɪd/,real,first row of seating,"ring+side(chiếc nhẫn, tiếng chuông + bên cạnh)","Wordset Dictionary (wordset.org, WordNet-based, community-edited)",chưa dịch lại theo định nghĩa Wordset mới - vẫn là công thức ghép cũ,
ring+worm,ringworm,[ring+worm],0-2-0,noun,/ɹˈɪŋwɜːm/,real,infections of the skin or nails caused by fungi and appearing as itching circular patches,"ring+worm(chiếc nhẫn, tiếng chuông + con giun)","Wordset Dictionary (wordset.org, WordNet-based, community-edited)",chưa dịch lại theo định nghĩa Wordset mới - vẫn là công thức ghép cũ,
river+bank,riverbank,[river+bank],0-2-0,noun,/ˈɹɪvɝˌbæŋk/,real,the bank of a river,"river+bank(con sông + ngân hàng, bờ sông)","Wordset Dictionary (wordset.org, WordNet-based, community-edited)",chưa dịch lại theo định nghĩa Wordset mới - vẫn là công thức ghép cũ,
river+bed,riverbed,[river+bed],0-2-0,noun,/ˈɹɪvɝˌbɛd/,real,a channel occupied (or formerly occupied) by a river,river+bed(con sông + giường),"Wordset Dictionary (wordset.org, WordNet-based, community-edited)",chưa dịch lại theo định nghĩa Wordset mới - vẫn là công thức ghép cũ,
river+boat,riverboat,[river+boat],0-2-0,noun,/ˈɹɪvɝˌboʊt/,real,"river+boat(a natural flow of water that continues in a long line across land to the sea + a vehicle (smaller than a ship) that travels on water, moved by oars, sails or a motor)",river+boat(con sông + thuyền),"compositional (generated, unverified)",công thức ghép (chưa xác thực),
river+side,riverside,[river+side],0-2-0,noun,/ˈɹɪvɝˌsaɪd/,real,the bank of a river,river+side(con sông + bên cạnh),"Wordset Dictionary (wordset.org, WordNet-based, community-edited)",chưa dịch lại theo định nghĩa Wordset mới - vẫn là công thức ghép cũ,
road+bed,roadbed,[road+bed],0-2-0,noun,/ɹˈoʊdbɛd/,"generated (espeak-ng G2P, algorithmic)",a bed supporting a road,road+bed(con đường + giường),"Wordset Dictionary (wordset.org, WordNet-based, community-edited)",chưa dịch lại theo định nghĩa Wordset mới - vẫn là công thức ghép cũ,
road+block,roadblock,[road+block],0-2-0,noun,/ˈɹoʊdˌbɫɑk/,real,a barrier set up by police to stop traffic on a street or road in order to catch a fugitive or inspect traffic etc.,"road+block(con đường + khối, chặn lại)","Wordset Dictionary (wordset.org, WordNet-based, community-edited)",chưa dịch lại theo định nghĩa Wordset mới - vẫn là công thức ghép cũ,
road+build,roadbuilding,[road+build],0-2-0,noun,/ɹˈoʊdbɪldɪŋ/,"generated (espeak-ng G2P, algorithmic)","road+build(a hard surface built for vehicles to travel on + to make something, especially a building, by putting parts together)",road+build(con đường + xây dựng),"compositional (generated, unverified)",công thức ghép (chưa xác thực),"dạng liền của ""road building"" (xây dựng đường)"
road+house,roadhouse,[road+house],0-2-0,noun,/ˈɹoʊdˌhaʊs/,real,an inn (usually outside city limits on a main road) providing meals and liquor and dancing and (sometimes) gambling,road+house(con đường + ngôi nhà),"Wordset Dictionary (wordset.org, WordNet-based, community-edited)",chưa dịch lại theo định nghĩa Wordset mới - vẫn là công thức ghép cũ,
road+side,roadside,[road+side],0-2-0,noun,/ˈɹoʊdˌsaɪd/,real,edge of a way or road or path,road+side(con đường + bên cạnh),"Wordset Dictionary (wordset.org, WordNet-based, community-edited)",chưa dịch lại theo định nghĩa Wordset mới - vẫn là công thức ghép cũ,
road+way,roadway,[road+way],0-2-0,noun,/ˈɹoʊdˌweɪ/,real,a path made for vehicular travel,"road+way(con đường + con đường, cách thức)","Wordset Dictionary (wordset.org, WordNet-based, community-edited)",chưa dịch lại theo định nghĩa Wordset mới - vẫn là công thức ghép cũ,
road+worth,roadworthy,[road+worth]-y,0-2-1,adjective,/ɹˈəʊdwɜːði/,real,"road+worth(a hard surface built for vehicles to travel on + having a value in money, etc.) + -y(having quality of; noun/adjective)",road+worth(con đường + đáng giá) + -y(có tính chất; danh từ/tính từ),"compositional (generated, unverified)",công thức ghép (chưa xác thực),
road+worth,roadworthiness,[road+worth]-y-ness,0-2-2,noun,/ɹˈoʊdwɚðinəs/,"generated (espeak-ng G2P, algorithmic)",(of motor vehicles) the quality of being fit to drive on the open road,"road+worth(con đường + đáng giá) + -y(có tính chất; danh từ/tính từ) + -ness(trạng thái, tính chất (danh từ))","Wordset Dictionary (wordset.org, WordNet-based, community-edited)",chưa dịch lại theo định nghĩa Wordset mới - vẫn là công thức ghép cũ,
rock+away,rockaways,[rock+away],0-2-0,noun,/ɹˈɑːkəwˌeɪz/,"generated (espeak-ng G2P, algorithmic)",rock+away(the hard solid material that forms part of the surface of the earth and some other planets + to or at a distance from somebody/something in space or time),"rock+away(đá, nhạc rock + xa, đi xa)","compositional (generated, unverified)",công thức ghép (chưa xác thực),
rock+bound,rockbound,[rock+bound],0-2-0,adjective,/ɹˈɑːkbaʊnd/,"generated (espeak-ng G2P, algorithmic)",abounding in or bordered by rocky cliffs or scarps,"rock+bound(đá, nhạc rock + ràng buộc, giới hạn)","Wordset Dictionary (wordset.org, WordNet-based, community-edited)",chưa dịch lại theo định nghĩa Wordset mới - vẫn là công thức ghép cũ,
rock+like,rocklike,[rock+like],0-2-0,adjective,/ɹˈɑːklaɪk/,"generated (espeak-ng G2P, algorithmic)",hard as granite,"rock+like(đá, nhạc rock + thích, giống như)","Wordset Dictionary (wordset.org, WordNet-based, community-edited)",chưa dịch lại theo định nghĩa Wordset mới - vẫn là công thức ghép cũ,
rock+roll,rock'n'roll,[rock+roll],0-2-0,noun,/ˈɹɑkənˈɹoʊɫ/,real,a genre of popular music originating in the 1950s,"rock+roll(đá, nhạc rock + cuộn lại, lăn)","Wordset Dictionary (wordset.org, WordNet-based, community-edited)",chưa dịch lại theo định nghĩa Wordset mới - vẫn là công thức ghép cũ,
role+play,roleplayed,[role+play],0-2-0,noun,/ɹˈoʊlpleɪd/,"generated (espeak-ng G2P, algorithmic)","role+play(an actor’s part in a play, film, etc. + a piece of writing performed by actors in a theatre or on television or radio)",role+play(vai trò + chơi),"compositional (generated, unverified)",công thức ghép (chưa xác thực),
roof+top,rooftop,[roof+top],0-2-0,noun,/ˈɹufˌtɑp/,real,the top of a usually flat roof,"roof+top(mái nhà + đỉnh, trên cùng)","Wordset Dictionary (wordset.org, WordNet-based, community-edited)",chưa dịch lại theo định nghĩa Wordset mới - vẫn là công thức ghép cũ,
roof+tree,rooftree,[roof+tree],0-2-0,noun,/ˈɹufˌtɹi/,real,a beam laid along the edge where two sloping sides of a roof meet at the top,roof+tree(mái nhà + cây cối),"Wordset Dictionary (wordset.org, WordNet-based, community-edited)",chưa dịch lại theo định nghĩa Wordset mới - vẫn là công thức ghép cũ,
room+mate,roommate,[room+mate],0-2-0,noun,/ˈɹuˌmeɪt/,real,an associate who shares a room with you,"room+mate(căn phòng + bạn đời, bạn bè)","Wordset Dictionary (wordset.org, WordNet-based, community-edited)",chưa dịch lại theo định nghĩa Wordset mới - vẫn là công thức ghép cũ,
rope+walk,ropewalker,[rope+walk]-er,0-2-1,noun,/ɹˈoʊpwɔːkɚ/,"generated (espeak-ng G2P, algorithmic)",an acrobat who performs on a rope stretched at some height above the ground,rope+walk(dây thừng + đi bộ) + -er(người làm việc gì; so sánh hơn),"Wordset Dictionary (wordset.org, WordNet-based, community-edited)",chưa dịch lại theo định nghĩa Wordset mới - vẫn là công thức ghép cũ,
rope+walk,ropewalk,[rope+walk],0-2-0,noun,/ɹˈoʊpwɔːk/,"generated (espeak-ng G2P, algorithmic)",workplace consisting of a long narrow path or shed where rope is made,rope+walk(dây thừng + đi bộ),"Wordset Dictionary (wordset.org, WordNet-based, community-edited)",chưa dịch lại theo định nghĩa Wordset mới - vẫn là công thức ghép cũ,
rope+way,ropeway,[rope+way],0-2-0,noun,/ɹˈoʊpweɪ/,"generated (espeak-ng G2P, algorithmic)",a conveyance that transports passengers or freight in carriers suspended from cables and supported by a series of towers,"rope+way(dây thừng + con đường, cách thức)","Wordset Dictionary (wordset.org, WordNet-based, community-edited)",chưa dịch lại theo định nghĩa Wordset mới - vẫn là công thức ghép cũ,
rose+bush,rosebush,[rose+bush],0-2-0,noun,/ˈɹoʊzˌbʊʃ/,real,any of many shrubs of the genus Rosa that bear roses,rose+bush(hoa hồng + bụi cây),"Wordset Dictionary (wordset.org, WordNet-based, community-edited)",chưa dịch lại theo định nghĩa Wordset mới - vẫn là công thức ghép cũ,
rose+leaf,roseleaf,[rose+leaf],0-2-0,noun,/ɹˈoʊzliːf/,"generated (espeak-ng G2P, algorithmic)","rose+leaf(a flower with a sweet smell that grows on a bush with thorns (= sharp points) on its stems + a flat green part of a plant, growing from a stem or branch or from the root)",rose+leaf(hoa hồng + lá cây),"compositional (generated, unverified)",công thức ghép (chưa xác thực),"""rose leaf"" - lá hoa hồng"
rose+leave,roseleaves,[rose+leave],0-2-0,noun,/ɹˈoʊzliːvz/,"generated (espeak-ng G2P, algorithmic)",rose+leave(a flower with a sweet smell that grows on a bush with thorns (= sharp points) on its stems + a period of time when you are allowed to be away from work for a holiday or for a special reason),rose+leave(hoa hồng + rời đi),"compositional (generated, unverified)",công thức ghép (chưa xác thực),"số nhiều của ""rose leaf"""
rose+water,rosewater,[rose+water],0-2-0,noun,/ɹˈəʊzwɔːtɐ/,real,"rose+water(a flower with a sweet smell that grows on a bush with thorns (= sharp points) on its stems + a liquid without colour, smell or taste that falls as rain, is in lakes, rivers and seas, and is used for drinking, washing, etc.)",rose+water(hoa hồng + nước),"compositional (generated, unverified)",công thức ghép (chưa xác thực),
rose+wood,rosewood,[rose+wood],0-2-0,noun,/ˈɹoʊzˌwʊd/,real,any of those hardwood trees of the genus Dalbergia that yield rosewood--valuable cabinet woods of a dark red or purplish color streaked and variegated with black,rose+wood(hoa hồng + gỗ),"Wordset Dictionary (wordset.org, WordNet-based, community-edited)",chưa dịch lại theo định nghĩa Wordset mới - vẫn là công thức ghép cũ,
rough+cast,roughcast,[rough+cast],0-2-0,noun,/ɹˈʌfkɑːst/,real,a rough preliminary model,"rough+cast(thô ráp, gồ ghề + phân vai, đúc khuôn)","Wordset Dictionary (wordset.org, WordNet-based, community-edited)",chưa dịch lại theo định nghĩa Wordset mới - vẫn là công thức ghép cũ,
rough+neck,roughneck,[rough+neck],0-2-0,noun,/ˈɹəfˌnɛk/,real,a cruel and brutal fellow,"rough+neck(thô ráp, gồ ghề + cổ)","Wordset Dictionary (wordset.org, WordNet-based, community-edited)",chưa dịch lại theo định nghĩa Wordset mới - vẫn là công thức ghép cũ,
rough+ride,roughrider,[rough+ride]-er,0-2-1,noun,/ɹˈʌfɹaɪdɚ/,"generated (espeak-ng G2P, algorithmic)",a horseman skilled at breaking wild horses to the saddle,"rough+ride(thô ráp, gồ ghề + cưỡi, đi xe) + -er(người làm việc gì; so sánh hơn)","Wordset Dictionary (wordset.org, WordNet-based, community-edited)",chưa dịch lại theo định nghĩa Wordset mới - vẫn là công thức ghép cũ,
round+about,roundabout,[round+about],0-2-0,adjective,/ˈɹaʊndəˌbaʊt/,real,deviating from a straight course,"round+about(tròn, vòng + về, khoảng)","Wordset Dictionary (wordset.org, WordNet-based, community-edited)",chưa dịch lại theo định nghĩa Wordset mới - vẫn là công thức ghép cũ,
round+head,roundhead,[round+head],0-2-0,noun,/ˈɹaʊndˌhɛd/,real,a brachycephalic person,"round+head(tròn, vòng + đầu, người đứng đầu)","Wordset Dictionary (wordset.org, WordNet-based, community-edited)",chưa dịch lại theo định nghĩa Wordset mới - vẫn là công thức ghép cũ,
round+house,roundhouse,[round+house],0-2-0,noun,/ˈɹaʊndˌhaʊs/,real,a hook delivered with an exaggerated swing,"round+house(tròn, vòng + ngôi nhà)","Wordset Dictionary (wordset.org, WordNet-based, community-edited)",chưa dịch lại theo định nghĩa Wordset mới - vẫn là công thức ghép cũ,
round+man,roundsman,[round+man],0-2-0,noun,/ɹˈaʊndzmən/,"generated (espeak-ng G2P, algorithmic)",a workman employed to make rounds (to deliver goods or make inspections or so on),"round+man(tròn, vòng + đàn ông)","Wordset Dictionary (wordset.org, WordNet-based, community-edited)",chưa dịch lại theo định nghĩa Wordset mới - vẫn là công thức ghép cũ,
round+up,roundup,[round+up],0-2-0,noun,/ˈɹaʊnˌdəp/,real,the systematic gathering up of suspects by the police,"round+up(tròn, vòng + lên trên)","Wordset Dictionary (wordset.org, WordNet-based, community-edited)",chưa dịch lại theo định nghĩa Wordset mới - vẫn là công thức ghép cũ,
row+boat,rowboat,[row+boat],0-2-0,noun,/ˈɹoʊˌboʊt/,real,a small boat of shallow draft with cross thwarts for seats and rowlocks for oars with which it is propelled,"row+boat(hàng, chèo thuyền + thuyền)","Wordset Dictionary (wordset.org, WordNet-based, community-edited)",chưa dịch lại theo định nghĩa Wordset mới - vẫn là công thức ghép cũ,
rub+down,rubdown,[rub+down],0-2-0,noun,/ɹˈʌbdaʊn/,real,"the act of rubbing down, usually for relaxation or medicinal purposes",rub+down(chà xát + xuống),"Wordset Dictionary (wordset.org, WordNet-based, community-edited)",chưa dịch lại theo định nghĩa Wordset mới - vẫn là công thức ghép cũ,
rub+neck,rubberneck,[rub+neck]-er,0-2-1,noun,/ɹˈʌbɚnˌɛk/,"generated (espeak-ng G2P, algorithmic)",a person who stares inquisitively,rub+neck(chà xát + cổ) + -er(người làm việc gì; so sánh hơn),"Wordset Dictionary (wordset.org, WordNet-based, community-edited)",chưa dịch lại theo định nghĩa Wordset mới - vẫn là công thức ghép cũ,
rule+book,rulebook,[rule+book],0-2-0,noun,/ˈɹuɫˌbʊk/,real,"rule+book(a statement of what may, must or must not be done in a particular situation or when playing a game + a set of printed pages that are fastened inside a cover so that you can turn them and read them)","rule+book(quy tắc, cai trị + sách)","compositional (generated, unverified)",công thức ghép (chưa xác thực),
run+about,runabout,[run+about],0-2-0,noun,/ˈɹənəˌbaʊt/,real,an open automobile having a front seat and a rumble seat,"run+about(chạy + về, khoảng)","Wordset Dictionary (wordset.org, WordNet-based, community-edited)",chưa dịch lại theo định nghĩa Wordset mới - vẫn là công thức ghép cũ,
run+away,runaway,[run+away],0-2-0,adjective,/ˈɹənəˌweɪ/,real,completely out of control,"run+away(chạy + xa, đi xa)","Wordset Dictionary (wordset.org, WordNet-based, community-edited)",chưa dịch lại theo định nghĩa Wordset mới - vẫn là công thức ghép cũ,
run+down,rundown,[run+down],0-2-0,noun,/ˈɹənˌdaʊn/,real,a concluding summary (as in presenting a case before a law court),run+down(chạy + xuống),"Wordset Dictionary (wordset.org, WordNet-based, community-edited)",chưa dịch lại theo định nghĩa Wordset mới - vẫn là công thức ghép cũ,
run+off,runoff,[run+off],0-2-0,noun,/ˈɹəˌnɔf/,real,a final election to resolve an earlier election that did not produce a winner,"run+off(chạy + tắt, xa khỏi)","Wordset Dictionary (wordset.org, WordNet-based, community-edited)",chưa dịch lại theo định nghĩa Wordset mới - vẫn là công thức ghép cũ,
run+way,runway,[run+way],0-2-0,noun,/ˈɹənˌweɪ/,real,a strip of level paved surface where planes can take off and land,"run+way(chạy + con đường, cách thức)","Wordset Dictionary (wordset.org, WordNet-based, community-edited)",chưa dịch lại theo định nghĩa Wordset mới - vẫn là công thức ghép cũ,
rush+light,rushlight,[rush+light],0-2-0,noun,/ɹˈʌʃlaɪt/,"generated (espeak-ng G2P, algorithmic)",a tallow candle with a rush stem as the wick,"rush+light(vội vàng + ánh sáng, nhẹ)","Wordset Dictionary (wordset.org, WordNet-based, community-edited)",chưa dịch lại theo định nghĩa Wordset mới - vẫn là công thức ghép cũ,
sack+cloth,sackcloth,[sack+cloth],0-2-0,noun,/sˈækklɒθ/,real,a coarse cloth resembling sacking,"sack+cloth(bao tải, sa thải + vải)","Wordset Dictionary (wordset.org, WordNet-based, community-edited)",chưa dịch lại theo định nghĩa Wordset mới - vẫn là công thức ghép cũ,
safe+break,safebreaker,[safe+break]-er,0-2-1,noun,/sˈeɪfbɹeɪkɚ/,"generated (espeak-ng G2P, algorithmic)",a thief who breaks open safes to steal valuable contents,"safe+break(an toàn + phá vỡ, nghỉ giải lao) + -er(người làm việc gì; so sánh hơn)","Wordset Dictionary (wordset.org, WordNet-based, community-edited)",chưa dịch lại theo định nghĩa Wordset mới - vẫn là công thức ghép cũ,
safe+crack,safecracker,[safe+crack]-er,0-2-1,noun,/sˈeɪfkɹækɐ/,real,a thief who breaks open safes to steal valuable contents,"safe+crack(an toàn + vết nứt, bẻ) + -er(người làm việc gì; so sánh hơn)","Wordset Dictionary (wordset.org, WordNet-based, community-edited)",chưa dịch lại theo định nghĩa Wordset mới - vẫn là công thức ghép cũ,
safe+guard,safeguard,[safe+guard],0-2-0,noun,/ˈseɪfˌɡɑɹd/,real,a precautionary measure warding off impending danger or damage or injury etc.,safe+guard(an toàn + bảo vệ),"Wordset Dictionary (wordset.org, WordNet-based, community-edited)",chưa dịch lại theo định nghĩa Wordset mới - vẫn là công thức ghép cũ,
safe+keep,safekeeping,[safe+keep],0-2-0,noun,/ˈseɪfˈkipɪŋ/,real,the responsibility of a guardian or keeper,safe+keep(an toàn + giữ),"Wordset Dictionary (wordset.org, WordNet-based, community-edited)",chưa dịch lại theo định nghĩa Wordset mới - vẫn là công thức ghép cũ,
sail+boat,sailboat,[sail+boat],0-2-0,noun,/ˈseɪɫˌboʊt/,real,a small sailing vessel,"sail+boat(buồm, đi thuyền + thuyền)","Wordset Dictionary (wordset.org, WordNet-based, community-edited)",chưa dịch lại theo định nghĩa Wordset mới - vẫn là công thức ghép cũ,
sail+cloth,sailcloth,[sail+cloth],0-2-0,noun,/sˈeɪlklɒθ/,real,a strong fabric (such as cotton canvas) used for making sails and tents,"sail+cloth(buồm, đi thuyền + vải)","Wordset Dictionary (wordset.org, WordNet-based, community-edited)",chưa dịch lại theo định nghĩa Wordset mới - vẫn là công thức ghép cũ,
sail+plane,sailplane,[sail+plane],0-2-0,noun,/sˈeɪlpleɪn/,"generated (espeak-ng G2P, algorithmic)",aircraft supported only by the dynamic action of air against its surfaces,"sail+plane(buồm, đi thuyền + máy bay, mặt phẳng)","Wordset Dictionary (wordset.org, WordNet-based, community-edited)",chưa dịch lại theo định nghĩa Wordset mới - vẫn là công thức ghép cũ,
saint+like,saintlike,[saint+like],0-2-0,adjective,/sˈeɪntlaɪk/,"generated (espeak-ng G2P, algorithmic)",marked by utter benignity,"saint+like(thánh + thích, giống như)","Wordset Dictionary (wordset.org, WordNet-based, community-edited)",chưa dịch lại theo định nghĩa Wordset mới - vẫn là công thức ghép cũ,
sale+girl,salesgirl,[sale+girl],0-2-0,noun,/sˈeɪlsɡɜːl/,real,a woman salesperson,sale+girl(bán hàng + con gái),"Wordset Dictionary (wordset.org, WordNet-based, community-edited)",chưa dịch lại theo định nghĩa Wordset mới - vẫn là công thức ghép cũ,
sale+lady,saleslady,[sale+lady],0-2-0,noun,/sˈeɪlsleɪdi/,real,a woman salesperson,sale+lady(bán hàng + quý bà),"Wordset Dictionary (wordset.org, WordNet-based, community-edited)",chưa dịch lại theo định nghĩa Wordset mới - vẫn là công thức ghép cũ,
sale+man,salesman,[sale+man],0-2-0,noun,/ˈseɪɫzmən/,real,a man salesperson,sale+man(bán hàng + đàn ông),"Wordset Dictionary (wordset.org, WordNet-based, community-edited)",chưa dịch lại theo định nghĩa Wordset mới - vẫn là công thức ghép cũ,
sale+man,salesmanship,[sale+man]-ship,0-2-1,noun,/ˈseɪɫzmənˌʃɪp/,real,skill in selling,"sale+man(bán hàng + đàn ông) + -ship(trạng thái, điều kiện, kỹ năng (danh từ))","Wordset Dictionary (wordset.org, WordNet-based, community-edited)",chưa dịch lại theo định nghĩa Wordset mới - vẫn là công thức ghép cũ,
sale+room,saleroom,[sale+room],0-2-0,noun,/sˈeɪlɹuːm/,real,an area where merchandise (such as cars) can be displayed,sale+room(bán hàng + căn phòng),"Wordset Dictionary (wordset.org, WordNet-based, community-edited)",chưa dịch lại theo định nghĩa Wordset mới - vẫn là công thức ghép cũ,
sale+woman,saleswoman,[sale+woman],0-2-0,noun,/ˈseɪɫzˌwʊmən/,real,a woman salesperson,sale+woman(bán hàng + phụ nữ),"Wordset Dictionary (wordset.org, WordNet-based, community-edited)",chưa dịch lại theo định nghĩa Wordset mới - vẫn là công thức ghép cũ,
salt+bush,saltbush,[salt+bush],0-2-0,noun,/sˈɔltbʊʃ/,"generated (espeak-ng G2P, algorithmic)",any of various shrubby plants of the genus Atriplex that thrive in dry alkaline soil,salt+bush(muối + bụi cây),"Wordset Dictionary (wordset.org, WordNet-based, community-edited)",chưa dịch lại theo định nghĩa Wordset mới - vẫn là công thức ghép cũ,
salt+water,saltwater,[salt+water],0-2-0,noun,/ˌsɔɫtˈwɑtɝ/,real,water containing salts,salt+water(muối + nước),"Wordset Dictionary (wordset.org, WordNet-based, community-edited)",chưa dịch lại theo định nghĩa Wordset mới - vẫn là công thức ghép cũ,
sand+bag,sandbag,[sand+bag],0-2-0,noun,/ˈsændˌbæɡ/,real,a bag filled with sand,sand+bag(cát + túi),"Wordset Dictionary (wordset.org, WordNet-based, community-edited)",chưa dịch lại theo định nghĩa Wordset mới - vẫn là công thức ghép cũ,
sand+bank,sandbank,[sand+bank],0-2-0,noun,/sˈændbæŋk/,real,a submerged bank of sand near a shore or in a river,"sand+bank(cát + ngân hàng, bờ sông)","Wordset Dictionary (wordset.org, WordNet-based, community-edited)",chưa dịch lại theo định nghĩa Wordset mới - vẫn là công thức ghép cũ,
sand+bar,sandbar,[sand+bar],0-2-0,noun,/ˈsændˌbɑɹ/,real,a bar of sand,"sand+bar(cát + quán bar, thanh chắn)","Wordset Dictionary (wordset.org, WordNet-based, community-edited)",chưa dịch lại theo định nghĩa Wordset mới - vẫn là công thức ghép cũ,
sand+blast,sandblast,[sand+blast],0-2-0,noun,/ˈsændˌbɫæst/,real,a blast of wind laden with sand,sand+blast(cát + vụ nổ),"Wordset Dictionary (wordset.org, WordNet-based, community-edited)",chưa dịch lại theo định nghĩa Wordset mới - vẫn là công thức ghép cũ,
sand+box,sandbox,[sand+box],0-2-0,noun,/ˈsændˌbɑks/,real,a plaything consisting of a pile of sand or a box filled with sand for children to play in,sand+box(cát + hộp),"Wordset Dictionary (wordset.org, WordNet-based, community-edited)",chưa dịch lại theo định nghĩa Wordset mới - vẫn là công thức ghép cũ,
sand+glass,sandglass,[sand+glass],0-2-0,noun,/sˈændʒlæs/,"generated (espeak-ng G2P, algorithmic)",timepiece in which the passage of time is indicated by the flow of sand from one transparent container to another through a narrow passage,"sand+glass(cát + kính, ly)","Wordset Dictionary (wordset.org, WordNet-based, community-edited)",chưa dịch lại theo định nghĩa Wordset mới - vẫn là công thức ghép cũ,
sand+man,sandman,[sand+man],0-2-0,noun,/ˈsændˌmæn/,real,an elf in fairy stories who sprinkles sand in children's eyes to make them sleepy,sand+man(cát + đàn ông),"Wordset Dictionary (wordset.org, WordNet-based, community-edited)",chưa dịch lại theo định nghĩa Wordset mới - vẫn là công thức ghép cũ,
sand+paper,sandpaper,[sand+paper],0-2-0,noun,/ˈsændˌpeɪpɝ/,real,stiff paper coated with powdered emery or sand,sand+paper(cát + giấy),"Wordset Dictionary (wordset.org, WordNet-based, community-edited)",chưa dịch lại theo định nghĩa Wordset mới - vẫn là công thức ghép cũ,
sand+pipe,sandpiper,[sand+pipe]-er,0-2-1,noun,/sˈændpɪpɐ/,real,any of numerous usually small wading birds having a slender bill and piping call,sand+pipe(cát + ống dẫn) + -er(người làm việc gì; so sánh hơn),"Wordset Dictionary (wordset.org, WordNet-based, community-edited)",chưa dịch lại theo định nghĩa Wordset mới - vẫn là công thức ghép cũ,
sand+pit,sandpit,[sand+pit],0-2-0,noun,/sˈændpɪt/,real,a plaything consisting of a pile of sand or a box filled with sand for children to play in,"sand+pit(cát + hố, hầm)","Wordset Dictionary (wordset.org, WordNet-based, community-edited)",chưa dịch lại theo định nghĩa Wordset mới - vẫn là công thức ghép cũ,
sand+shoe,sandshoe,[sand+shoe],0-2-0,noun,/sˈændʃuː/,"generated (espeak-ng G2P, algorithmic)","sand+shoe(a substance that consists of very small fine grains of rock. Sand is found on beaches, in deserts, etc. + one of a pair of objects usually made of leather or plastic that you wear on your feet)",sand+shoe(cát + giày),"compositional (generated, unverified)",công thức ghép (chưa xác thực),
sand+stone,sandstone,[sand+stone],0-2-0,noun,/ˈsænˌstoʊn/,real,a sedimentary rock consisting of sand consolidated with some cement (clay or quartz etc.),sand+stone(cát + đá),"Wordset Dictionary (wordset.org, WordNet-based, community-edited)",chưa dịch lại theo định nghĩa Wordset mới - vẫn là công thức ghép cũ,
sand+storm,sandstorm,[sand+storm],0-2-0,noun,/ˈsændˌstɔɹm/,real,a windstorm that lifts up clouds of dust or sand,sand+storm(cát + cơn bão),"Wordset Dictionary (wordset.org, WordNet-based, community-edited)",chưa dịch lại theo định nghĩa Wordset mới - vẫn là công thức ghép cũ,
sauce+pan,saucepan,[sauce+pan],0-2-0,noun,/ˈsɔˌspæn/,real,a deep pan with a handle,sauce+pan(nước sốt + chảo),"Wordset Dictionary (wordset.org, WordNet-based, community-edited)",chưa dịch lại theo định nghĩa Wordset mới - vẫn là công thức ghép cũ,
scatter+brain,scatterbrain,[scatter+brain],0-2-0,noun,/skˈætəbɹˌeɪn/,real,a flighty and disorganized person,scatter+brain(rải rác + não bộ),"Wordset Dictionary (wordset.org, WordNet-based, community-edited)",chưa dịch lại theo định nghĩa Wordset mới - vẫn là công thức ghép cũ,
scatter+gun,scattergun,[scatter+gun],0-2-0,noun,/skˈæɾɚɡˌʌn/,"generated (espeak-ng G2P, algorithmic)",firearm that is a double-barreled smoothbore shoulder weapon for firing shot at short ranges,scatter+gun(rải rác + súng),"Wordset Dictionary (wordset.org, WordNet-based, community-edited)",chưa dịch lại theo định nghĩa Wordset mới - vẫn là công thức ghép cũ,
scene+shift,sceneshifter,[scene+shift]-er,0-2-1,noun,/sˈiːnɪʃˌɪftɚ/,"generated (espeak-ng G2P, algorithmic)",a stagehand responsible for moving scenery,"scene+shift(cảnh tượng + ca làm việc, thay đổi) + -er(người làm việc gì; so sánh hơn)","Wordset Dictionary (wordset.org, WordNet-based, community-edited)",chưa dịch lại theo định nghĩa Wordset mới - vẫn là công thức ghép cũ,
school+book,schoolbooks,[school+book],0-2-0,noun,/ˈskuɫˌbʊks/,real,school+book(a place where children go to be educated + a set of printed pages that are fastened inside a cover so that you can turn them and read them),school+book(trường học + sách),"compositional (generated, unverified)",công thức ghép (chưa xác thực),
school+boy,schoolboy,[school+boy],0-2-0,noun,/ˈskuɫˌbɔɪ/,real,a boy attending school,school+boy(trường học + con trai),"Wordset Dictionary (wordset.org, WordNet-based, community-edited)",chưa dịch lại theo định nghĩa Wordset mới - vẫn là công thức ghép cũ,
school+child,schoolchildren,[school+child],0-2-0,noun,/ˈskuɫˌtʃɪɫdɹən/,real,school+child(a place where children go to be educated + a young human who is not yet an adult),school+child(trường học + trẻ em),"compositional (generated, unverified)",công thức ghép (chưa xác thực),
school+day,schooldays,[school+day],0-2-0,noun,/skˈuːldeɪz/,real,the time of life when you are going to school,school+day(trường học + ngày),"Wordset Dictionary (wordset.org, WordNet-based, community-edited)",chưa dịch lại theo định nghĩa Wordset mới - vẫn là công thức ghép cũ,
school+fellow,schoolfellow,[school+fellow],0-2-0,noun,/skˈuːlfɪlˌoʊ/,"generated (espeak-ng G2P, algorithmic)",an acquaintance that you go to school with,"school+fellow(trường học + đồng nghiệp, gã)","Wordset Dictionary (wordset.org, WordNet-based, community-edited)",chưa dịch lại theo định nghĩa Wordset mới - vẫn là công thức ghép cũ,
school+girl,schoolgirlish,[school+girl]-ish,0-2-1,adjective,/skˈuːlɡɜːlɪʃ/,"generated (espeak-ng G2P, algorithmic)",befitting or characteristic of a young girl,"school+girl(trường học + con gái) + -ish(hơi, có tính chất (tính từ))","Wordset Dictionary (wordset.org, WordNet-based, community-edited)",chưa dịch lại theo định nghĩa Wordset mới - vẫn là công thức ghép cũ,
school+girl,schoolgirl,[school+girl],0-2-0,noun,/ˈskuɫˌɡɝɫ/,real,a girl attending school,school+girl(trường học + con gái),"Wordset Dictionary (wordset.org, WordNet-based, community-edited)",chưa dịch lại theo định nghĩa Wordset mới - vẫn là công thức ghép cũ,
school+house,schoolhouse,[school+house],0-2-0,noun,/ˈskuɫˌhaʊs/,real,a building where young people receive education,school+house(trường học + ngôi nhà),"Wordset Dictionary (wordset.org, WordNet-based, community-edited)",chưa dịch lại theo định nghĩa Wordset mới - vẫn là công thức ghép cũ,
school+master,schoolmaster,[school+master],0-2-0,noun,/ˈskuɫˌmæstɝ/,real,food fish of warm Caribbean and Atlantic waters,school+master(trường học + bậc thầy),"Wordset Dictionary (wordset.org, WordNet-based, community-edited)",chưa dịch lại theo định nghĩa Wordset mới - vẫn là công thức ghép cũ,
school+mate,schoolmate,[school+mate],0-2-0,noun,/ˈskuɫˌmeɪt/,real,an acquaintance that you go to school with,"school+mate(trường học + bạn đời, bạn bè)","Wordset Dictionary (wordset.org, WordNet-based, community-edited)",chưa dịch lại theo định nghĩa Wordset mới - vẫn là công thức ghép cũ,
school+room,schoolroom,[school+room],0-2-0,noun,/ˈskuɫˌɹum/,real,a room in a school where lessons take place,school+room(trường học + căn phòng),"Wordset Dictionary (wordset.org, WordNet-based, community-edited)",chưa dịch lại theo định nghĩa Wordset mới - vẫn là công thức ghép cũ,
school+work,schoolwork,[school+work],0-2-0,noun,/ˈskuɫˌwɝk/,real,a school task performed by a student to satisfy the teacher,school+work(trường học + công việc),"Wordset Dictionary (wordset.org, WordNet-based, community-edited)",chưa dịch lại theo định nghĩa Wordset mới - vẫn là công thức ghép cũ,
score+board,scoreboard,[score+board],0-2-0,noun,/ˈskɔɹˌbɔɹd/,real,a large board for displaying the score of a contest (and some other information),"score+board(điểm số + ban, bảng, tấm ván)","Wordset Dictionary (wordset.org, WordNet-based, community-edited)",chưa dịch lại theo định nghĩa Wordset mới - vẫn là công thức ghép cũ,
score+book,scorebook,[score+book],0-2-0,noun,/skˈoːɹbʊk/,"generated (espeak-ng G2P, algorithmic)","score+book(the number of points, goals, etc. scored by each player or team in a game or competition + a set of printed pages that are fastened inside a cover so that you can turn them and read them)",score+book(điểm số + sách),"compositional (generated, unverified)",công thức ghép (chưa xác thực),
score+card,scorecard,[score+card],0-2-0,noun,/ˈskɔɹˌkɑɹd/,real,"a record of scores, as in golf","score+card(điểm số + thẻ, thiệp)","Wordset Dictionary (wordset.org, WordNet-based, community-edited)",chưa dịch lại theo định nghĩa Wordset mới - vẫn là công thức ghép cũ,
score+keep,scorekeeper,[score+keep]-er,0-2-1,noun,/ˈskɔɹˌkipɝ/,real,an official who records the score during the progress of a game,score+keep(điểm số + giữ) + -er(người làm việc gì; so sánh hơn),"Wordset Dictionary (wordset.org, WordNet-based, community-edited)",chưa dịch lại theo định nghĩa Wordset mới - vẫn là công thức ghép cũ,
scratch+pad,scratchpad,[scratch+pad],0-2-0,noun,/skɹˈætʃpæd/,"generated (espeak-ng G2P, algorithmic)",(computer science) a high-speed internal memory used for temporary storage of preliminary information,scratch+pad(trầy xước + miếng đệm),"Wordset Dictionary (wordset.org, WordNet-based, community-edited)",chưa dịch lại theo định nghĩa Wordset mới - vẫn là công thức ghép cũ,
screen+land,screenland,[screen+land],0-2-0,noun,/skɹˈiːnlənd/,"generated (espeak-ng G2P, algorithmic)",the personnel of the film industry,screen+land(màn hình + đất đai),"Wordset Dictionary (wordset.org, WordNet-based, community-edited)",chưa dịch lại theo định nghĩa Wordset mới - vẫn là công thức ghép cũ,
screen+play,screenplay,[screen+play],0-2-0,noun,/ˈskɹinˌpɫeɪ/,real,a script for a film including dialogue and descriptions of characters and sets,screen+play(màn hình + chơi),"Wordset Dictionary (wordset.org, WordNet-based, community-edited)",chưa dịch lại theo định nghĩa Wordset mới - vẫn là công thức ghép cũ,
screw+ball,screwball,[screw+ball],0-2-0,adjective,/ˈskɹuˌbɔɫ/,real,foolish,"screw+ball(ốc vít, vặn + quả bóng)","Wordset Dictionary (wordset.org, WordNet-based, community-edited)",chưa dịch lại theo định nghĩa Wordset mới - vẫn là công thức ghép cũ,
screw+drive,screwdriver,[screw+drive]-er,0-2-1,noun,/ˈskɹuˌdɹaɪvɝ/,real,a hand tool for driving screws,"screw+drive(ốc vít, vặn + lái xe) + -er(người làm việc gì; so sánh hơn)","Wordset Dictionary (wordset.org, WordNet-based, community-edited)",chưa dịch lại theo định nghĩa Wordset mới - vẫn là công thức ghép cũ,
script+write,scriptwriter,[script+write]-er,0-2-1,noun,/ˈskɹɪpˌtɹaɪtɝ/,real,someone who writes scripts for plays or movies or broadcast dramas,script+write(kịch bản + viết) + -er(người làm việc gì; so sánh hơn),"Wordset Dictionary (wordset.org, WordNet-based, community-edited)",chưa dịch lại theo định nghĩa Wordset mới - vẫn là công thức ghép cũ,
sea+bed,seabed,[sea+bed],0-2-0,noun,/ˈsiˌbɛd/,real,the bottom of a sea or ocean,sea+bed(biển + giường),"Wordset Dictionary (wordset.org, WordNet-based, community-edited)",chưa dịch lại theo định nghĩa Wordset mới - vẫn là công thức ghép cũ,
sea+bird,seabird,[sea+bird],0-2-0,noun,/sˈiːbɜːd/,real,a bird that frequents coastal waters and the open ocean: gulls,sea+bird(biển + chim),"Wordset Dictionary (wordset.org, WordNet-based, community-edited)",chưa dịch lại theo định nghĩa Wordset mới - vẫn là công thức ghép cũ,
sea+board,seaboard,[sea+board],0-2-0,noun,/ˈsiˌbɔɹd/,real,the shore of a sea or ocean regarded as a resort,"sea+board(biển + ban, bảng, tấm ván)","Wordset Dictionary (wordset.org, WordNet-based, community-edited)",chưa dịch lại theo định nghĩa Wordset mới - vẫn là công thức ghép cũ,
sea+coast,seacoast,[sea+coast],0-2-0,noun,/ˈsiˌkoʊst/,real,the shore of a sea or ocean,sea+coast(biển + bờ biển),"Wordset Dictionary (wordset.org, WordNet-based, community-edited)",chưa dịch lại theo định nghĩa Wordset mới - vẫn là công thức ghép cũ,
sea+fare,seafaring,[sea+fare],0-2-0,adjective,/sˈiːfeəɹɪŋ/,real,used on the high seas,sea+fare(biển + giá vé),"Wordset Dictionary (wordset.org, WordNet-based, community-edited)",chưa dịch lại theo định nghĩa Wordset mới - vẫn là công thức ghép cũ,
sea+fare,seafarers,[sea+fare]-er,0-2-1,noun,/ˈsiˌfɛɹɝz/,real,"sea+fare(the salt water that covers most of the earth’s surface and surrounds its continents and islands + the money that you pay to travel by bus, plane, taxi, etc.) + -er(person who does; comparative)",sea+fare(biển + giá vé) + -er(người làm việc gì; so sánh hơn),"compositional (generated, unverified)",công thức ghép (chưa xác thực),
sea+food,seafood,[sea+food],0-2-0,noun,/ˈsiˌfud/,real,edible fish (broadly including freshwater fish) or shellfish or roe etc,sea+food(biển + thức ăn),"Wordset Dictionary (wordset.org, WordNet-based, community-edited)",chưa dịch lại theo định nghĩa Wordset mới - vẫn là công thức ghép cũ,
sea+front,seafront,[sea+front],0-2-0,noun,/ˈsifɹənt/,real,the waterfront of a seaside town,sea+front(biển + phía trước),"Wordset Dictionary (wordset.org, WordNet-based, community-edited)",chưa dịch lại theo định nghĩa Wordset mới - vẫn là công thức ghép cũ,
sea+go,seagoing,[sea+go],0-2-0,adjective,/ˈsiˌɡoʊɪŋ/,real,used on the high seas,sea+go(biển + đi),"Wordset Dictionary (wordset.org, WordNet-based, community-edited)",chưa dịch lại theo định nghĩa Wordset mới - vẫn là công thức ghép cũ,
sea+horse,seahorse,[sea+horse],0-2-0,noun,/sˈiːhɔːs/,real,small fish with horse-like heads bent sharply downward and curled tails,sea+horse(biển + ngựa),"Wordset Dictionary (wordset.org, WordNet-based, community-edited)",chưa dịch lại theo định nghĩa Wordset mới - vẫn là công thức ghép cũ,
sea+man,seamanship,[sea+man]-ship,0-2-1,noun,/sˈiːmənʃˌɪp/,real,skill in sailing,"sea+man(biển + đàn ông) + -ship(trạng thái, điều kiện, kỹ năng (danh từ))","Wordset Dictionary (wordset.org, WordNet-based, community-edited)",chưa dịch lại theo định nghĩa Wordset mới - vẫn là công thức ghép cũ,
sea+man,seaman,[sea+man],0-2-0,noun,/ˈsimən/,real,a man who serves as a sailor,sea+man(biển + đàn ông),"Wordset Dictionary (wordset.org, WordNet-based, community-edited)",chưa dịch lại theo định nghĩa Wordset mới - vẫn là công thức ghép cũ,
sea+man+like,seamanlike,[sea+man+like],0-3-0,adjective,/sˈiːmənlˌaɪk/,"generated (espeak-ng G2P, algorithmic)",characteristic of or befitting a seaman,"sea+man+like(biển + đàn ông + thích, giống như)","Wordset Dictionary (wordset.org, WordNet-based, community-edited)",chưa dịch lại theo định nghĩa Wordset mới - vẫn là công thức ghép cũ,
sea+plane,seaplane,[sea+plane],0-2-0,noun,/sˈiːpleɪn/,real,an airplane that can land on or take off from water,"sea+plane(biển + máy bay, mặt phẳng)","Wordset Dictionary (wordset.org, WordNet-based, community-edited)",chưa dịch lại theo định nghĩa Wordset mới - vẫn là công thức ghép cũ,
sea+port,seaport,[sea+port],0-2-0,noun,/ˈsiˌpɔɹt/,real,a sheltered port where ships can take on or discharge cargo,sea+port(biển + cảng),"Wordset Dictionary (wordset.org, WordNet-based, community-edited)",chưa dịch lại theo định nghĩa Wordset mới - vẫn là công thức ghép cũ,
sea+shore,seashore,[sea+shore],0-2-0,noun,/ˈsiˌʃɔɹ/,real,the shore of a sea or ocean,sea+shore(biển + bờ biển),"Wordset Dictionary (wordset.org, WordNet-based, community-edited)",chưa dịch lại theo định nghĩa Wordset mới - vẫn là công thức ghép cũ,
sea+sick,seasickness,[sea+sick]-ness,0-2-1,noun,/sˈiːsɪknəs/,real,motion sickness experienced while traveling on water,"sea+sick(biển + ốm đau) + -ness(trạng thái, tính chất (danh từ))","Wordset Dictionary (wordset.org, WordNet-based, community-edited)",chưa dịch lại theo định nghĩa Wordset mới - vẫn là công thức ghép cũ,
sea+sick,seasick,[sea+sick],0-2-0,adjective,/ˈsiˌsɪk/,real,experiencing motion sickness,sea+sick(biển + ốm đau),"Wordset Dictionary (wordset.org, WordNet-based, community-edited)",chưa dịch lại theo định nghĩa Wordset mới - vẫn là công thức ghép cũ,
sea+side,seaside,[sea+side],0-2-0,noun,/ˈsiˌsaɪd/,real,the shore of a sea or ocean regarded as a resort,sea+side(biển + bên cạnh),"Wordset Dictionary (wordset.org, WordNet-based, community-edited)",chưa dịch lại theo định nghĩa Wordset mới - vẫn là công thức ghép cũ,
sea+wall,seawall,[sea+wall],0-2-0,noun,/sˈiːwɔːl/,real,a protective structure of stone or concrete,sea+wall(biển + bức tường),"Wordset Dictionary (wordset.org, WordNet-based, community-edited)",chưa dịch lại theo định nghĩa Wordset mới - vẫn là công thức ghép cũ,
sea+water,seawater,[sea+water],0-2-0,noun,/ˈsiˌwɑtɝ/,real,water containing salts,sea+water(biển + nước),"Wordset Dictionary (wordset.org, WordNet-based, community-edited)",chưa dịch lại theo định nghĩa Wordset mới - vẫn là công thức ghép cũ,
sea+weed,seaweed,[sea+weed],0-2-0,noun,/ˈsiˌwid/,real,"plant growing in the sea, especially marine algae",sea+weed(biển + cỏ dại),"Wordset Dictionary (wordset.org, WordNet-based, community-edited)",chưa dịch lại theo định nghĩa Wordset mới - vẫn là công thức ghép cũ,
sea+worth,seaworthy,[sea+worth]-y,0-2-1,adjective,/ˈsiˌwɔɹði/,real,fit for a sea voyage,sea+worth(biển + đáng giá) + -y(có tính chất; danh từ/tính từ),"Wordset Dictionary (wordset.org, WordNet-based, community-edited)",chưa dịch lại theo định nghĩa Wordset mới - vẫn là công thức ghép cũ,
seal+skin,sealskin,[seal+skin],0-2-0,noun,/sˈiːlskɪn/,real,a garment (as a jacket or coat or robe) made of sealskin,"seal+skin(con dấu, con hải cẩu + làn da)","Wordset Dictionary (wordset.org, WordNet-based, community-edited)",chưa dịch lại theo định nghĩa Wordset mới - vẫn là công thức ghép cũ,
search+light,searchlight,[search+light],0-2-0,noun,/ˈsɝtʃˌɫaɪt/,real,a light source with reflectors that projects a beam of light in a particular direction,"search+light(tìm kiếm + ánh sáng, nhẹ)","Wordset Dictionary (wordset.org, WordNet-based, community-edited)",chưa dịch lại theo định nghĩa Wordset mới - vẫn là công thức ghép cũ,
second+hand,secondhand,[second+hand],0-2-0,adverb,/ˈsɛkəndˌhænd/,real,by indirect means,"second+hand(thứ hai, giây + bàn tay)","Wordset Dictionary (wordset.org, WordNet-based, community-edited)",chưa dịch lại theo định nghĩa Wordset mới - vẫn là công thức ghép cũ,
seed+bed,seedbed,[seed+bed],0-2-0,noun,/sˈiːdbɛd/,real,a bed where seedlings are grown before transplanting,seed+bed(hạt giống + giường),"Wordset Dictionary (wordset.org, WordNet-based, community-edited)",chưa dịch lại theo định nghĩa Wordset mới - vẫn là công thức ghép cũ,
seed+cake,seedcake,[seed+cake],0-2-0,noun,/sˈiːdkeɪk/,"generated (espeak-ng G2P, algorithmic)",a sweet cake flavored with sesame or caraway seeds and lemon,seed+cake(hạt giống + bánh ngọt),"Wordset Dictionary (wordset.org, WordNet-based, community-edited)",chưa dịch lại theo định nghĩa Wordset mới - vẫn là công thức ghép cũ,
seed+coat,seedcoat,[seed+coat],0-2-0,noun,/sˈiːdkoʊt/,"generated (espeak-ng G2P, algorithmic)","seed+coat(the small hard part produced by a plant, from which a new plant can grow + a piece of outdoor clothing that is worn over other clothes to keep warm or dry. Coats have sleeves (= parts covering the arms) and may be long or short.)",seed+coat(hạt giống + áo khoác),"compositional (generated, unverified)",công thức ghép (chưa xác thực),thuật ngữ thực vật học có thật (vỏ hạt)
seed+time,seedtime,[seed+time],0-2-0,noun,/sˈiːdtaɪm/,"generated (espeak-ng G2P, algorithmic)",the time during which seeds should be planted,seed+time(hạt giống + thời gian),"Wordset Dictionary (wordset.org, WordNet-based, community-edited)",chưa dịch lại theo định nghĩa Wordset mới - vẫn là công thức ghép cũ,
seek+suck,seersucker,[seek+suck]-er,0-2-1,noun,/sˈiəsʌkɐ/,real,a light puckered fabric (usually striped),"seek+suck(tìm kiếm + bú, hút) + -er(người làm việc gì; so sánh hơn)","Wordset Dictionary (wordset.org, WordNet-based, community-edited)",chưa dịch lại theo định nghĩa Wordset mới - vẫn là công thức ghép cũ,
self+conscious,unselfconsciousness,un-[self+conscious]-ness,1-2-1,noun,/ʌnsɛlfkˈɑːnʃəsnəs/,"generated (espeak-ng G2P, algorithmic)",the quality of being not self-conscious,"un-(không, ngược lại (phủ định/đảo nghĩa)) + self+conscious(bản thân + có ý thức) + -ness(trạng thái, tính chất (danh từ))","Wordset Dictionary (wordset.org, WordNet-based, community-edited)",chưa dịch lại theo định nghĩa Wordset mới - vẫn là công thức ghép cũ,
self+face,selfeffacing,e-[self+face],1-2-0,noun,/sˈɛlfɪfˌeɪsɪŋ/,"generated (espeak-ng G2P, algorithmic)","e-(out of, from (variant of ex-)) + self+face(the type of person you are, especially the way you normally behave, look or feel + the front part of the head, where the eyes, nose and mouth are )","e-(ra khỏi (biến thể của ex-)) + self+face(bản thân + khuôn mặt, đối mặt)","compositional (generated, unverified)",công thức ghép (chưa xác thực),
self+same,selfsame,[self+same],0-2-0,adjective,/sˈɛlfseɪm/,real,being the exact same one,self+same(bản thân + giống nhau),"Wordset Dictionary (wordset.org, WordNet-based, community-edited)",chưa dịch lại theo định nghĩa Wordset mới - vẫn là công thức ghép cũ,
sell+out,sellout,[sell+out],0-2-0,noun,/ˈsɛˌɫaʊt/,real,an act of betrayal,sell+out(bán + ra ngoài),"Wordset Dictionary (wordset.org, WordNet-based, community-edited)",chưa dịch lại theo định nghĩa Wordset mới - vẫn là công thức ghép cũ,
serve+man,serviceman,[serve+man]-ice,0-2-1,noun,/ˈsɝvəsˌmæn/,real,someone who serves in the armed forces,"serve+man(phục vụ + đàn ông) + -ice(trạng thái, tính chất (danh từ, VD justice — đuôi Latin đông cứng))","Wordset Dictionary (wordset.org, WordNet-based, community-edited)",chưa dịch lại theo định nghĩa Wordset mới - vẫn là công thức ghép cũ,
set+back,setback,[set+back],0-2-0,noun,/ˈsɛtˌbæk/,real,an unfortunate happening that hinders or impedes,"set+back(đặt, bộ + lưng, phía sau)","Wordset Dictionary (wordset.org, WordNet-based, community-edited)",chưa dịch lại theo định nghĩa Wordset mới - vẫn là công thức ghép cũ,
set+up,setup,[set+up],0-2-0,noun,/ˈsɛˌtəp/,real,an act that incriminates someone on a false charge,"set+up(đặt, bộ + lên trên)","Wordset Dictionary (wordset.org, WordNet-based, community-edited)",chưa dịch lại theo định nghĩa Wordset mới - vẫn là công thức ghép cũ,
seven+teen,seventeenths,[seven+teen]-th,0-2-1,noun,/sˈɛvəntˌiːnθs/,"generated (espeak-ng G2P, algorithmic)","seven+teen(7 + (không có định nghĩa trong Oxford 5000 - root này không phải headword độc lập)) + -th(ordinal number / state (noun, VD: eighth, warmth))","seven+teen(số bảy + tuổi teen) + -th(số thứ tự / trạng thái (danh từ, VD eighth, warmth))","compositional (generated, unverified)",công thức ghép (chưa xác thực),
shadow+box,shadowbox,[shadow+box],0-2-0,verb,/ʃˈædoʊbˌɑːks/,"generated (espeak-ng G2P, algorithmic)",go through boxing motions without an opponent,shadow+box(cái bóng + hộp),"Wordset Dictionary (wordset.org, WordNet-based, community-edited)",chưa dịch lại theo định nghĩa Wordset mới - vẫn là công thức ghép cũ,
shake+down,shakedown,[shake+down],0-2-0,adjective,/ˈʃeɪkˌdaʊn/,real,intended to test a new system under operating conditions and to familiarize the operators with the system,"shake+down(lắc, rung + xuống)","Wordset Dictionary (wordset.org, WordNet-based, community-edited)",chưa dịch lại theo định nghĩa Wordset mới - vẫn là công thức ghép cũ,
shame+face,shamefacedly,[shame+face]-ly,0-2-1,adverb,/ʃˈeɪmfeɪsˌɪdli/,real,in a shamefaced manner,"shame+face(xấu hổ + khuôn mặt, đối mặt) + -ly(trạng từ chỉ cách thức / tính từ (giống như))","Wordset Dictionary (wordset.org, WordNet-based, community-edited)",chưa dịch lại theo định nghĩa Wordset mới - vẫn là công thức ghép cũ,
shame+face,shamefaced,[shame+face],0-2-0,adjective,/ʃˈeɪmfeɪst/,real,showing a sense of guilt,"shame+face(xấu hổ + khuôn mặt, đối mặt)","Wordset Dictionary (wordset.org, WordNet-based, community-edited)",chưa dịch lại theo định nghĩa Wordset mới - vẫn là công thức ghép cũ,
share+crop,sharecrop,[share+crop],0-2-0,noun,/ˈʃɛɹˌkɹɑp/,real,"share+crop(one part of something that is divided between two or more people + a plant that is grown in large quantities, especially as food)",share+crop(chia sẻ + mùa vụ),"compositional (generated, unverified)",công thức ghép (chưa xác thực),
share+crop,sharecropper,[share+crop]-er,0-2-1,noun,/ˈʃɛɹˌkɹɑpɝ/,real,small farmers and tenants,share+crop(chia sẻ + mùa vụ) + -er(người làm việc gì; so sánh hơn),"Wordset Dictionary (wordset.org, WordNet-based, community-edited)",chưa dịch lại theo định nghĩa Wordset mới - vẫn là công thức ghép cũ,
share+hold,shareholder,[share+hold]-er,0-2-1,noun,/ˈʃɛɹˌhoʊɫdɝ/,real,an owner of shares in a company or business,share+hold(chia sẻ + giữ) + -er(người làm việc gì; so sánh hơn),Oxford 5000 (verified),,
sharp+shoot,sharpshooter,[sharp+shoot]-er,0-2-1,noun,/ˈʃɑɹpˌʃutɝ/,real,a fast schooner once used by New England fisherman for illegal fishing in Canadian waters,sharp+shoot(sắc bén + bắn) + -er(người làm việc gì; so sánh hơn),"Wordset Dictionary (wordset.org, WordNet-based, community-edited)",chưa dịch lại theo định nghĩa Wordset mới - vẫn là công thức ghép cũ,
shatter+proof,shatterproof,[shatter+proof],0-2-0,adjective,/ˈʃætɝˌpɹuf/,real,resistant to shattering or splintering,shatter+proof(vỡ tan + bằng chứng),"Wordset Dictionary (wordset.org, WordNet-based, community-edited)",chưa dịch lại theo định nghĩa Wordset mới - vẫn là công thức ghép cũ,
sheep+dog,sheepdog,[sheep+dog],0-2-0,noun,/ʃˈiːpdɒɡ/,real,any of various usually long-haired breeds of dog reared to herd and guard sheep,sheep+dog(con cừu + con chó),"Wordset Dictionary (wordset.org, WordNet-based, community-edited)",chưa dịch lại theo định nghĩa Wordset mới - vẫn là công thức ghép cũ,
sheep+fold,sheepfold,[sheep+fold],0-2-0,noun,/ʃˈiːpfoʊld/,"generated (espeak-ng G2P, algorithmic)",a pen for sheep,sheep+fold(con cừu + gấp lại),"Wordset Dictionary (wordset.org, WordNet-based, community-edited)",chưa dịch lại theo định nghĩa Wordset mới - vẫn là công thức ghép cũ,
sheep+skin,sheepskin,[sheep+skin],0-2-0,noun,/ˈʃipˌskɪn/,real,a document certifying the successful completion of a course of study,sheep+skin(con cừu + làn da),"Wordset Dictionary (wordset.org, WordNet-based, community-edited)",chưa dịch lại theo định nghĩa Wordset mới - vẫn là công thức ghép cũ,
shell+fish,shellfish,[shell+fish],0-2-0,noun,/ˈʃɛɫˌfɪʃ/,real,invertebrate having a soft unsegmented body usually enclosed in a shell,"shell+fish(vỏ sò, vỏ đạn + cá)","Wordset Dictionary (wordset.org, WordNet-based, community-edited)",chưa dịch lại theo định nghĩa Wordset mới - vẫn là công thức ghép cũ,
shell+shock,shellshock,[shell+shock],0-2-0,noun,/ˈʃɛɫˌʃɑk/,real,"shell+shock(the hard outer part of eggs, nuts, some seeds, and some animals + a strong feeling of surprise as a result of something happening, especially something unpleasant; the event that causes this feeling)","shell+shock(vỏ sò, vỏ đạn + sốc)","compositional (generated, unverified)",công thức ghép (chưa xác thực),
ship+board,shipboard,[ship+board],0-2-0,adjective,/ˈʃɪpˌbɔɹd/,real,casual or ephemeral as if taking place on board a ship,"ship+board(con tàu + ban, bảng, tấm ván)","Wordset Dictionary (wordset.org, WordNet-based, community-edited)",chưa dịch lại theo định nghĩa Wordset mới - vẫn là công thức ghép cũ,
ship+build,shipbuilder,[ship+build]-er,0-2-1,noun,/ˈʃɪpˌbɪɫdɝ/,real,a business that builds and repairs ships,ship+build(con tàu + xây dựng) + -er(người làm việc gì; so sánh hơn),"Wordset Dictionary (wordset.org, WordNet-based, community-edited)",chưa dịch lại theo định nghĩa Wordset mới - vẫn là công thức ghép cũ,
ship+build,shipbuilding,[ship+build],0-2-0,noun,/ˈʃɪpˌbɪɫdɪŋ/,real,the construction of ships,ship+build(con tàu + xây dựng),"Wordset Dictionary (wordset.org, WordNet-based, community-edited)",chưa dịch lại theo định nghĩa Wordset mới - vẫn là công thức ghép cũ,
ship+load,shipload,[ship+load],0-2-0,noun,/ˈʃɪˌpɫoʊd/,real,the amount of cargo that can be held by a boat or ship or a freight car,ship+load(con tàu + tải trọng),"Wordset Dictionary (wordset.org, WordNet-based, community-edited)",chưa dịch lại theo định nghĩa Wordset mới - vẫn là công thức ghép cũ,
ship+man,midshipman,mid-[ship+man],1-2-0,noun,/ˈmɪdˈʃɪpmən/,real,a temporary rank held by young naval officers in training,mid-(giữa) + ship+man(con tàu + đàn ông),"Wordset Dictionary (wordset.org, WordNet-based, community-edited)",chưa dịch lại theo định nghĩa Wordset mới - vẫn là công thức ghép cũ,
ship+man,shipman,[ship+man],0-2-0,noun,/ˈʃɪpmən/,real,"A seaman, or sailor.  Chaucer. R. Browning.About midnight the shipmen deemed that they drew near to somecountry. Acts xxvii. 27.Shipman's card, the mariner's compass.  Shak.",ship+man(con tàu + đàn ông),"Webster's Unabridged Dictionary (1913, public domain)",công thức ghép (chưa xác thực),
ship+mate,shipmate,[ship+mate],0-2-0,noun,/ˈʃɪpˌmeɪt/,real,an associate on the same ship with you,"ship+mate(con tàu + bạn đời, bạn bè)","Wordset Dictionary (wordset.org, WordNet-based, community-edited)",chưa dịch lại theo định nghĩa Wordset mới - vẫn là công thức ghép cũ,
ship+own,shipowner,[ship+own]-er,0-2-1,noun,/ˈʃɪˌpoʊnɝ/,real,someone who owns a ship or a share in a ship,ship+own(con tàu + sở hữu) + -er(người làm việc gì; so sánh hơn),"Wordset Dictionary (wordset.org, WordNet-based, community-edited)",chưa dịch lại theo định nghĩa Wordset mới - vẫn là công thức ghép cũ,
ship+shape,shipshape,[ship+shape],0-2-0,adjective,/ˈʃɪpˌʃeɪp/,real,of places,ship+shape(con tàu + hình dạng),"Wordset Dictionary (wordset.org, WordNet-based, community-edited)",chưa dịch lại theo định nghĩa Wordset mới - vẫn là công thức ghép cũ,
ship+yard,shipyard,[ship+yard],0-2-0,noun,/ˈʃɪpˌjɑɹd/,real,a workplace where ships are built or repaired,"ship+yard(con tàu + sân, yard (đơn vị))","Wordset Dictionary (wordset.org, WordNet-based, community-edited)",chưa dịch lại theo định nghĩa Wordset mới - vẫn là công thức ghép cũ,
shirt+front,shirtfront,[shirt+front],0-2-0,noun,/ʃˈɜːtfɹʌnt/,"generated (espeak-ng G2P, algorithmic)",a man's detachable insert (usually starched) to simulate the front of a shirt,shirt+front(áo sơ mi + phía trước),"Wordset Dictionary (wordset.org, WordNet-based, community-edited)",chưa dịch lại theo định nghĩa Wordset mới - vẫn là công thức ghép cũ,
shirt+tail,shirttail,[shirt+tail],0-2-0,noun,/ʃˈɜːɾeɪl/,"generated (espeak-ng G2P, algorithmic)",fabric forming the tail of a shirt,shirt+tail(áo sơ mi + đuôi),"Wordset Dictionary (wordset.org, WordNet-based, community-edited)",chưa dịch lại theo định nghĩa Wordset mới - vẫn là công thức ghép cũ,
shock+wave,shockwave,[shock+wave],0-2-0,noun,/ˈʃɑˌkweɪv/,real,"shock+wave(a strong feeling of surprise as a result of something happening, especially something unpleasant; the event that causes this feeling + a raised line of water that moves across the surface of the sea, ocean, etc.)","shock+wave(sốc + sóng, vẫy tay)","compositional (generated, unverified)",công thức ghép (chưa xác thực),
shoe+black,shoeblack,[shoe+black],0-2-0,noun,/ʃˈuːblæk/,"generated (espeak-ng G2P, algorithmic)",a person who polishes shoes and boots,shoe+black(giày + màu đen),"Wordset Dictionary (wordset.org, WordNet-based, community-edited)",chưa dịch lại theo định nghĩa Wordset mới - vẫn là công thức ghép cũ,
shoe+horn,shoehorn,[shoe+horn],0-2-0,noun,/ˈʃuˌhɔɹn/,real,a device used for easing the foot into a shoe,"shoe+horn(giày + sừng, còi xe)","Wordset Dictionary (wordset.org, WordNet-based, community-edited)",chưa dịch lại theo định nghĩa Wordset mới - vẫn là công thức ghép cũ,
shoe+make,shoemaking,[shoe+make],0-2-0,noun,/ʃˈuːmeɪkɪŋ/,real,the shoemaker's trade,shoe+make(giày + làm),"Wordset Dictionary (wordset.org, WordNet-based, community-edited)",chưa dịch lại theo định nghĩa Wordset mới - vẫn là công thức ghép cũ,
shoe+make,shoemaker,[shoe+make]-er,0-2-1,noun,/ˈʃuˌmeɪkɝ/,real,a person who makes or repairs shoes,shoe+make(giày + làm) + -er(người làm việc gì; so sánh hơn),"Wordset Dictionary (wordset.org, WordNet-based, community-edited)",chưa dịch lại theo định nghĩa Wordset mới - vẫn là công thức ghép cũ,
shoe+shine,shoeshine,[shoe+shine],0-2-0,noun,/ˈʃuˌʃaɪn/,real,the act of shining shoes,shoe+shine(giày + tỏa sáng),"Wordset Dictionary (wordset.org, WordNet-based, community-edited)",chưa dịch lại theo định nghĩa Wordset mới - vẫn là công thức ghép cũ,
shoe+string,shoestring,[shoe+string],0-2-0,noun,/ˈʃuˌstɹɪŋ/,real,a lace used for fastening shoes,"shoe+string(giày + dây, chuỗi)","Wordset Dictionary (wordset.org, WordNet-based, community-edited)",chưa dịch lại theo định nghĩa Wordset mới - vẫn là công thức ghép cũ,
shop+keep,shopkeeper,[shop+keep]-er,0-2-1,noun,/ˈʃɑpˌkipɝ/,real,a merchant who owns or manages a shop,shop+keep(cửa hàng + giữ) + -er(người làm việc gì; so sánh hơn),"Wordset Dictionary (wordset.org, WordNet-based, community-edited)",chưa dịch lại theo định nghĩa Wordset mới - vẫn là công thức ghép cũ,
shop+lift,shoplifter,[shop+lift]-er,0-2-1,noun,/ˈʃɑˌpɫɪftɝ/,real,a thief who steals goods that are in a store,shop+lift(cửa hàng + nâng lên) + -er(người làm việc gì; so sánh hơn),"Wordset Dictionary (wordset.org, WordNet-based, community-edited)",chưa dịch lại theo định nghĩa Wordset mới - vẫn là công thức ghép cũ,
shop+lift,shoplift,[shop+lift],0-2-0,verb,/ˈʃɑˌpɫɪft/,real,steal in a store,shop+lift(cửa hàng + nâng lên),"Wordset Dictionary (wordset.org, WordNet-based, community-edited)",chưa dịch lại theo định nghĩa Wordset mới - vẫn là công thức ghép cũ,
shop+soil,shopsoiled,[shop+soil],0-2-0,adjective,/ʃˈɑːpsɔɪld/,"generated (espeak-ng G2P, algorithmic)",worn or faded from being on display in a store,shop+soil(cửa hàng + đất),"Wordset Dictionary (wordset.org, WordNet-based, community-edited)",chưa dịch lại theo định nghĩa Wordset mới - vẫn là công thức ghép cũ,
shore+line,shoreline,[shore+line],0-2-0,noun,/ˈʃɔɹˌɫaɪn/,real,a boundary line between land and water,shore+line(bờ biển + đường kẻ),"Wordset Dictionary (wordset.org, WordNet-based, community-edited)",chưa dịch lại theo định nghĩa Wordset mới - vẫn là công thức ghép cũ,
short+bread,shortbread,[short+bread],0-2-0,noun,/ʃˈɔːtbɹɛd/,real,very rich thick butter cookie,short+bread(ngắn + bánh mì),"Wordset Dictionary (wordset.org, WordNet-based, community-edited)",chưa dịch lại theo định nghĩa Wordset mới - vẫn là công thức ghép cũ,
short+cake,shortcake,[short+cake],0-2-0,noun,/ˈʃɔɹtˌkeɪk/,real,very short biscuit dough baked as individual biscuits or a round loaf,short+cake(ngắn + bánh ngọt),"Wordset Dictionary (wordset.org, WordNet-based, community-edited)",chưa dịch lại theo định nghĩa Wordset mới - vẫn là công thức ghép cũ,
short+come,shortcoming,[short+come],0-2-0,noun,/ˈʃɔɹtˌkəmɪŋ/,real,a failing or deficiency,short+come(ngắn + đến),"Wordset Dictionary (wordset.org, WordNet-based, community-edited)",chưa dịch lại theo định nghĩa Wordset mới - vẫn là công thức ghép cũ,
short+cut,shortcut,[short+cut],0-2-0,noun,/ˈʃɔɹtˌkət/,real,a route shorter than the usual one,short+cut(ngắn + cắt),"Wordset Dictionary (wordset.org, WordNet-based, community-edited)",chưa dịch lại theo định nghĩa Wordset mới - vẫn là công thức ghép cũ,
short+fall,shortfall,[short+fall],0-2-0,noun,/ˈʃɔɹtˌfɔɫ/,real,the property of being an amount by which something is less than expected or required,"short+fall(ngắn + rơi, mùa thu)","Wordset Dictionary (wordset.org, WordNet-based, community-edited)",chưa dịch lại theo định nghĩa Wordset mới - vẫn là công thức ghép cũ,
short+hand,shorthand,[short+hand],0-2-0,adjective,/ˈʃɔɹtˌhænd/,real,written in abbreviated or symbolic form,short+hand(ngắn + bàn tay),"Wordset Dictionary (wordset.org, WordNet-based, community-edited)",chưa dịch lại theo định nghĩa Wordset mới - vẫn là công thức ghép cũ,
short+horn,shorthorn,[short+horn],0-2-0,noun,/ʃˈɔːθɔːn/,real,English breed of short-horned cattle,"short+horn(ngắn + sừng, còi xe)","Wordset Dictionary (wordset.org, WordNet-based, community-edited)",chưa dịch lại theo định nghĩa Wordset mới - vẫn là công thức ghép cũ,
short+sight,shortsightedly,[short+sight]-ly,0-2-1,adverb,/ʃˈɔːɹtsaɪɾᵻdli/,"generated (espeak-ng G2P, algorithmic)","short+sight(measuring or covering a small length or distance, or a smaller length or distance than usual + the ability to see) + -ly(adverb of manner / adjective (like))",short+sight(ngắn + tầm nhìn) + -ly(trạng từ chỉ cách thức / tính từ (giống như)),"compositional (generated, unverified)",công thức ghép (chưa xác thực),
short+sight,shortsighted,[short+sight],0-2-0,adjective,/ˈʃɔɹtˈsaɪtɪd/,real,lacking foresight or scope,short+sight(ngắn + tầm nhìn),"Wordset Dictionary (wordset.org, WordNet-based, community-edited)",chưa dịch lại theo định nghĩa Wordset mới - vẫn là công thức ghép cũ,
short+sight,shortsightedness,[short+sight]-ness,0-2-1,noun,/ˈʃɔɹtˈsaɪtɪdnɪs/,real,a lack of prudence and care by someone in the management of resources,"short+sight(ngắn + tầm nhìn) + -ness(trạng thái, tính chất (danh từ))","Wordset Dictionary (wordset.org, WordNet-based, community-edited)",chưa dịch lại theo định nghĩa Wordset mới - vẫn là công thức ghép cũ,
short+stop,shortstop,[short+stop],0-2-0,noun,/ˈʃɔɹtˌstɑp/,real,the fielding position of the player on a baseball team who is stationed between second and third base,short+stop(ngắn + dừng lại),"Wordset Dictionary (wordset.org, WordNet-based, community-edited)",chưa dịch lại theo định nghĩa Wordset mới - vẫn là công thức ghép cũ,
shot+gun,shotgun,[shot+gun],0-2-0,noun,/ˈʃɑtˌɡən/,real,firearm that is a double-barreled smoothbore shoulder weapon for firing shot at short ranges,"shot+gun(phát súng, cú đánh + súng)","Wordset Dictionary (wordset.org, WordNet-based, community-edited)",chưa dịch lại theo định nghĩa Wordset mới - vẫn là công thức ghép cũ,
shot+shell,shotshells,[shot+shell],0-2-0,noun,/ʃˈɑːtʃɛlz/,"generated (espeak-ng G2P, algorithmic)","shot+shell(the act of firing a gun; the sound this makes + the hard outer part of eggs, nuts, some seeds, and some animals)","shot+shell(phát súng, cú đánh + vỏ sò, vỏ đạn)","compositional (generated, unverified)",công thức ghép (chưa xác thực),"""shotshell"" - thuật ngữ đạn súng săn có thật"
show+boat,showboat,[show+boat],0-2-0,noun,/ˈʃoʊˌboʊt/,real,a river steamboat on which theatrical performances could be given (especially on the Mississippi River),show+boat(trình diễn + thuyền),"Wordset Dictionary (wordset.org, WordNet-based, community-edited)",chưa dịch lại theo định nghĩa Wordset mới - vẫn là công thức ghép cũ,
show+case,showcase,[show+case],0-2-0,noun,/ˈʃoʊˌkeɪs/,real,a glass container used to store and display items in a shop or museum or home,"show+case(trình diễn + trường hợp, vali)","Wordset Dictionary (wordset.org, WordNet-based, community-edited)",chưa dịch lại theo định nghĩa Wordset mới - vẫn là công thức ghép cũ,
show+down,showdown,[show+down],0-2-0,noun,/ˈʃoʊˌdaʊn/,real,a hostile disagreement face-to-face,show+down(trình diễn + xuống),"Wordset Dictionary (wordset.org, WordNet-based, community-edited)",chưa dịch lại theo định nghĩa Wordset mới - vẫn là công thức ghép cũ,
show+girl,showgirl,[show+girl],0-2-0,noun,/ˈʃoʊˌɡɝɫ/,real,a woman who dances in a chorus line,show+girl(trình diễn + con gái),"Wordset Dictionary (wordset.org, WordNet-based, community-edited)",chưa dịch lại theo định nghĩa Wordset mới - vẫn là công thức ghép cũ,
show+man,showmanship,[show+man]-ship,0-2-1,noun,/ˈʃoʊmənˌʃɪp/,real,the ability to present something (especially theatrical shows) in an attractive manner,"show+man(trình diễn + đàn ông) + -ship(trạng thái, điều kiện, kỹ năng (danh từ))","Wordset Dictionary (wordset.org, WordNet-based, community-edited)",chưa dịch lại theo định nghĩa Wordset mới - vẫn là công thức ghép cũ,
show+man,showman,[show+man],0-2-0,noun,/ˈʃoʊmən/,real,a sponsor who books and stages public entertainments,show+man(trình diễn + đàn ông),"Wordset Dictionary (wordset.org, WordNet-based, community-edited)",chưa dịch lại theo định nghĩa Wordset mới - vẫn là công thức ghép cũ,
show+piece,showpiece,[show+piece],0-2-0,noun,/ˈʃoʊˌpis/,real,"the outstanding item in a collection, such as a prize piece or main exhibit","show+piece(trình diễn + mảnh, miếng)","Wordset Dictionary (wordset.org, WordNet-based, community-edited)",chưa dịch lại theo định nghĩa Wordset mới - vẫn là công thức ghép cũ,
show+place,showplace,[show+place],0-2-0,noun,/ˈʃoʊˌpɫeɪs/,real,a place that is frequently exhibited and visited for its historical interest or natural beauty,show+place(trình diễn + địa điểm),"Wordset Dictionary (wordset.org, WordNet-based, community-edited)",chưa dịch lại theo định nghĩa Wordset mới - vẫn là công thức ghép cũ,
show+room,showroom,[show+room],0-2-0,noun,/ˈʃoʊˌɹum/,real,"an area where merchandise, such as cars, can be displayed",show+room(trình diễn + căn phòng),"Wordset Dictionary (wordset.org, WordNet-based, community-edited)",chưa dịch lại theo định nghĩa Wordset mới - vẫn là công thức ghép cũ,
shut+down,shutdown,[shut+down],0-2-0,noun,/ˈʃətˌdaʊn/,real,termination of operations,shut+down(đóng lại + xuống),"Wordset Dictionary (wordset.org, WordNet-based, community-edited)",chưa dịch lại theo định nghĩa Wordset mới - vẫn là công thức ghép cũ,
shy+lock,shylock,[shy+lock],0-2-0,noun,/ˈʃaɪˌɫɑk/,real,someone who lends money at excessive rates of interest,shy+lock(nhút nhát + khóa),"Wordset Dictionary (wordset.org, WordNet-based, community-edited)",chưa dịch lại theo định nghĩa Wordset mới - vẫn là công thức ghép cũ,
sick+bay,sickbay,[sick+bay],0-2-0,noun,/sˈɪkbeɪ/,real,(nautical) a room for the treatment of the sick or injured (as on a ship),sick+bay(ốm đau + vịnh),"Wordset Dictionary (wordset.org, WordNet-based, community-edited)",chưa dịch lại theo định nghĩa Wordset mới - vẫn là công thức ghép cũ,
sick+bed,sickbed,[sick+bed],0-2-0,noun,/sˈɪkbd/,real,the bed on which a sick person lies,sick+bed(ốm đau + giường),"Wordset Dictionary (wordset.org, WordNet-based, community-edited)",chưa dịch lại theo định nghĩa Wordset mới - vẫn là công thức ghép cũ,
sick+room,sickroom,[sick+room],0-2-0,noun,/sˈɪkɹuːm/,real,a room to which a sick person is confined,sick+room(ốm đau + căn phòng),"Wordset Dictionary (wordset.org, WordNet-based, community-edited)",chưa dịch lại theo định nghĩa Wordset mới - vẫn là công thức ghép cũ,
side+arm,sidearms,[side+arm],0-2-0,noun,/ˈsaɪdɑɹmz/,real,"side+arm(either of the two halves of a surface, an object or an area that is divided by an imaginary central line + either of the two long parts that stick out from the top of the body and connect the shoulders to the hands)","side+arm(bên cạnh + cánh tay, vũ trang)","compositional (generated, unverified)",công thức ghép (chưa xác thực),
side+board,sideboard,[side+board],0-2-0,noun,/sˈaɪdbɔːd/,real,a piece of furniture that stands at the side of a dining room,"side+board(bên cạnh + ban, bảng, tấm ván)","Wordset Dictionary (wordset.org, WordNet-based, community-edited)",chưa dịch lại theo định nghĩa Wordset mới - vẫn là công thức ghép cũ,
side+burn,sideburns,[side+burn],0-2-0,noun,/sˈaɪdbɜːnz/,real,"side+burn(either of the two halves of a surface, an object or an area that is divided by an imaginary central line + an injury or a mark caused by fire, heat or acid)",side+burn(bên cạnh + đốt cháy),"compositional (generated, unverified)",công thức ghép (chưa xác thực),
side+car,sidecar,[side+car],0-2-0,noun,/sˈaɪdkɑː/,real,conveyance consisting of a small carrier attached to the side of a motorcycle,side+car(bên cạnh + xe ô tô),"Wordset Dictionary (wordset.org, WordNet-based, community-edited)",chưa dịch lại theo định nghĩa Wordset mới - vẫn là công thức ghép cũ,
side+kick,sidekick,[side+kick],0-2-0,noun,/ˈsaɪdˌkɪk/,real,a close friend who accompanies his buddies in their activities,side+kick(bên cạnh + đá),"Wordset Dictionary (wordset.org, WordNet-based, community-edited)",chưa dịch lại theo định nghĩa Wordset mới - vẫn là công thức ghép cũ,
side+light,sidelight,[side+light],0-2-0,noun,/sˈaɪdlaɪt/,"generated (espeak-ng G2P, algorithmic)",light carried by a boat that indicates the boat's direction,"side+light(bên cạnh + ánh sáng, nhẹ)","Wordset Dictionary (wordset.org, WordNet-based, community-edited)",chưa dịch lại theo định nghĩa Wordset mới - vẫn là công thức ghép cũ,
side+line,sideline,[side+line],0-2-0,noun,/ˈsaɪdˌɫaɪn/,real,an auxiliary activity,side+line(bên cạnh + đường kẻ),"Wordset Dictionary (wordset.org, WordNet-based, community-edited)",chưa dịch lại theo định nghĩa Wordset mới - vẫn là công thức ghép cũ,
side+long,sidelong,[side+long],0-2-0,adverb,/sˈaɪdlɒŋ/,real,"to, toward or at one side",side+long(bên cạnh + dài),"Wordset Dictionary (wordset.org, WordNet-based, community-edited)",chưa dịch lại theo định nghĩa Wordset mới - vẫn là công thức ghép cũ,
side+show,sideshow,[side+show],0-2-0,noun,/ˈsaɪdˌʃoʊ/,real,a minor show that is part of a larger one (as at the circus),side+show(bên cạnh + trình diễn),"Wordset Dictionary (wordset.org, WordNet-based, community-edited)",chưa dịch lại theo định nghĩa Wordset mới - vẫn là công thức ghép cũ,
side+slip,sideslip,[side+slip],0-2-0,noun,/sˈaɪdslɪp/,"generated (espeak-ng G2P, algorithmic)",a flight maneuver,side+slip(bên cạnh + trượt ngã),"Wordset Dictionary (wordset.org, WordNet-based, community-edited)",chưa dịch lại theo định nghĩa Wordset mới - vẫn là công thức ghép cũ,
side+split,sidesplitting,[side+split],0-2-0,adjective,/sˈaɪdsplɪɾɪŋ/,"generated (espeak-ng G2P, algorithmic)",very funny,side+split(bên cạnh + chia tách),"Wordset Dictionary (wordset.org, WordNet-based, community-edited)",chưa dịch lại theo định nghĩa Wordset mới - vẫn là công thức ghép cũ,
side+step,sidestep,[side+step],0-2-0,noun,/ˈsaɪdˌstɛp/,real,a step to one side (as in boxing or dancing),side+step(bên cạnh + bước chân),"Wordset Dictionary (wordset.org, WordNet-based, community-edited)",chưa dịch lại theo định nghĩa Wordset mới - vẫn là công thức ghép cũ,
side+track,sidetrack,[side+track],0-2-0,noun,/ˈsaɪdˌtɹæk/,real,a short stretch of railroad track used to store rolling stock or enable trains on the same line to pass,"side+track(bên cạnh + đường ray, theo dõi)","Wordset Dictionary (wordset.org, WordNet-based, community-edited)",chưa dịch lại theo định nghĩa Wordset mới - vẫn là công thức ghép cũ,
side+walk,sidewalk,[side+walk],0-2-0,noun,/ˈsaɪdˌwɔk/,real,walk consisting of a paved area for pedestrians,side+walk(bên cạnh + đi bộ),"Wordset Dictionary (wordset.org, WordNet-based, community-edited)",chưa dịch lại theo định nghĩa Wordset mới - vẫn là công thức ghép cũ,
side+way,sideways,[side+way],0-2-0,adverb,/ˈsaɪdˌweɪz/,real,"to, toward or at one side","side+way(bên cạnh + con đường, cách thức)","Wordset Dictionary (wordset.org, WordNet-based, community-edited)",chưa dịch lại theo định nghĩa Wordset mới - vẫn là công thức ghép cũ,
side+wind,sidewinder,[side+wind]-er,0-2-1,noun,/ˈsaɪdˌwaɪndɝ/,real,small pale-colored desert rattlesnake of southwestern United States,side+wind(bên cạnh + gió) + -er(người làm việc gì; so sánh hơn),"Wordset Dictionary (wordset.org, WordNet-based, community-edited)",chưa dịch lại theo định nghĩa Wordset mới - vẫn là công thức ghép cũ,
sight+see,sightseen,[sight+see]-n,0-2-1,unknown,/sˈaɪtsiːn/,"generated (espeak-ng G2P, algorithmic)","sight+see(the ability to see + to become aware of somebody/something by using your eyes) + -n([INFLECTION] past-participle ending (VD: blown, drawn))","sight+see(tầm nhìn + nhìn thấy) + -n([NGỮ PHÁP] đuôi phân từ quá khứ (VD blown, drawn))","compositional (generated, unverified)",công thức ghép (chưa xác thực),
sight+see,sightsee,[sight+see],0-2-0,verb,/ˈsaɪtˈsi/,real,visit famous or interesting sights,sight+see(tầm nhìn + nhìn thấy),"Wordset Dictionary (wordset.org, WordNet-based, community-edited)",chưa dịch lại theo định nghĩa Wordset mới - vẫn là công thức ghép cũ,
sight+see,sightseer,[sight+see]-er,0-2-1,noun,/ˈsaɪtˈsiɝ/,real,a tourist who is visiting sights of interest,sight+see(tầm nhìn + nhìn thấy) + -er(người làm việc gì; so sánh hơn),"Wordset Dictionary (wordset.org, WordNet-based, community-edited)",chưa dịch lại theo định nghĩa Wordset mới - vẫn là công thức ghép cũ,
sign+board,signboard,[sign+board],0-2-0,noun,/sˈaɪnboːɹd/,"generated (espeak-ng G2P, algorithmic)",structure displaying a board on which advertisements can be posted,"sign+board(dấu hiệu, ký tên + ban, bảng, tấm ván)","Wordset Dictionary (wordset.org, WordNet-based, community-edited)",chưa dịch lại theo định nghĩa Wordset mới - vẫn là công thức ghép cũ,
sign+man,signalman,[sign+man]-al,0-2-1,noun,/sˈɪɡnælmən/,real,a railroad employee in charge of signals and point in a railroad yard,"sign+man(dấu hiệu, ký tên + đàn ông) + -al(thuộc về (tính từ); hành động (danh từ))","Wordset Dictionary (wordset.org, WordNet-based, community-edited)",chưa dịch lại theo định nghĩa Wordset mới - vẫn là công thức ghép cũ,
sign+post,signpost,[sign+post],0-2-0,noun,/ˈsaɪnˌpoʊst/,real,a post bearing a sign that gives directions or shows the way,"sign+post(dấu hiệu, ký tên + bưu điện, đăng bài)","Wordset Dictionary (wordset.org, WordNet-based, community-edited)",chưa dịch lại theo định nghĩa Wordset mới - vẫn là công thức ghép cũ,
silk+worm,silkworm,[silk+worm],0-2-0,noun,/ˈsɪɫkwɝm/,real,the commercially bred hairless white caterpillar of the domestic silkworm moth which spins a cocoon that can be processed to yield silk fiber,silk+worm(lụa + con giun),"Wordset Dictionary (wordset.org, WordNet-based, community-edited)",chưa dịch lại theo định nghĩa Wordset mới - vẫn là công thức ghép cũ,
silver+side,silverside,[silver+side],0-2-0,noun,/ˈsɪɫvɝˌsaɪd/,real,small fishes having a silver stripe along each side,silver+side(bạc + bên cạnh),"Wordset Dictionary (wordset.org, WordNet-based, community-edited)",chưa dịch lại theo định nghĩa Wordset mới - vẫn là công thức ghép cũ,
sing+song,singsong,[sing+song],0-2-0,adjective,/sˈɪŋsɒŋ/,real,uttered in a monotonous cadence or rhythm as in chanting,sing+song(hát + bài hát),"Wordset Dictionary (wordset.org, WordNet-based, community-edited)",chưa dịch lại theo định nghĩa Wordset mới - vẫn là công thức ghép cũ,
single+hand,singlehandedly,[single+hand]-ly,0-2-1,adverb,/ˌsɪŋɡəɫˈhændɪdɫi/,real,"single+hand(only one + the part of the body at the end of the arm, including the fingers and thumb) + -ly(adverb of manner / adjective (like))","single+hand(độc thân, đơn lẻ + bàn tay) + -ly(trạng từ chỉ cách thức / tính từ (giống như))","compositional (generated, unverified)",công thức ghép (chưa xác thực),
sink+hole,sinkhole,[sink+hole],0-2-0,noun,/ˈsɪŋkˌhoʊɫ/,real,a depression in the ground communicating with a subterranean passage and formed by solution or by collapse of a cavern roof,"sink+hole(chìm, bồn rửa + lỗ hổng)","Wordset Dictionary (wordset.org, WordNet-based, community-edited)",chưa dịch lại theo định nghĩa Wordset mới - vẫn là công thức ghép cũ,
six+gun,sixgun,[six+gun],0-2-0,number,/sˈɪksɡʌn/,"generated (espeak-ng G2P, algorithmic)",six+gun(6 + a weapon that is used for firing bullets or shells),six+gun(số sáu + súng),"compositional (generated, unverified)",công thức ghép (chưa xác thực),
six+penny,sixpenny,[six+penny],0-2-0,adjective,/sˈɪkspənˌi/,real,of trifling worth,six+penny(số sáu + xu Anh),"Wordset Dictionary (wordset.org, WordNet-based, community-edited)",chưa dịch lại theo định nghĩa Wordset mới - vẫn là công thức ghép cũ,
six+teen,sixteenths,[six+teen]-th,0-2-1,noun,/ˈsɪkˈstinθs/,real,"six+teen(6 + (không có định nghĩa trong Oxford 5000 - root này không phải headword độc lập)) + -th(ordinal number / state (noun, VD: eighth, warmth))","six+teen(số sáu + tuổi teen) + -th(số thứ tự / trạng thái (danh từ, VD eighth, warmth))","compositional (generated, unverified)",công thức ghép (chưa xác thực),
sketch+book,sketchbook,[sketch+book],0-2-0,noun,/ˈskɛtʃˌbʊk/,real,a book containing sheets of paper on which sketches can be drawn,sketch+book(bản phác thảo + sách),"Wordset Dictionary (wordset.org, WordNet-based, community-edited)",chưa dịch lại theo định nghĩa Wordset mới - vẫn là công thức ghép cũ,
sketch+pad,sketchpad,[sketch+pad],0-2-0,noun,/skˈɛtʃpæd/,real,"sketch+pad(a simple picture that is drawn quickly and does not have many details + a thick piece of soft material that is used, for example, for cleaning or protecting something or for holding liquid)",sketch+pad(bản phác thảo + miếng đệm),"compositional (generated, unverified)",công thức ghép (chưa xác thực),
ski+lift,skilift,[ski+lift],0-2-0,adjective,/skˈɪlɪft/,"generated (espeak-ng G2P, algorithmic)",ski+lift(connected with the sport of skiing + a machine that carries people or goods up and down to different levels in a building or a mine),ski+lift(trượt tuyết + nâng lên),"compositional (generated, unverified)",công thức ghép (chưa xác thực),"dạng liền của ""ski lift"""
ski+way,skiway,[ski+way],0-2-0,adjective,/skˈɪweɪ/,"generated (espeak-ng G2P, algorithmic)",ski+way(connected with the sport of skiing + very far; by a large amount),"ski+way(trượt tuyết + con đường, cách thức)","compositional (generated, unverified)",công thức ghép (chưa xác thực),thuật ngữ có thật (đường trượt tuyết)
skill+full,skillfulness,[skill+full]-ness,0-2-1,noun,/skˈɪlfəlnəs/,"generated (espeak-ng G2P, algorithmic)",the state of being cognitively skillful,"skill+full(kỹ năng + đầy đủ) + -ness(trạng thái, tính chất (danh từ))","Wordset Dictionary (wordset.org, WordNet-based, community-edited)",chưa dịch lại theo định nghĩa Wordset mới - vẫn là công thức ghép cũ,
skin+dive,skindive,[skin+dive],0-2-0,noun,/skˈaɪndɪv/,"generated (espeak-ng G2P, algorithmic)",skin+dive(the layer of tissue that covers the body + a jump into deep water with your head first and your arms in front of you),skin+dive(làn da + lặn),"compositional (generated, unverified)",công thức ghép (chưa xác thực),
skin+fold,skinfolds,[skin+fold],0-2-0,noun,/skˈɪnfoʊldz/,"generated (espeak-ng G2P, algorithmic)","skin+fold(the layer of tissue that covers the body + a part of something, especially cloth, that is folded or hangs as if it had been folded)",skin+fold(làn da + gấp lại),"compositional (generated, unverified)",công thức ghép (chưa xác thực),thuật ngữ y học/nhân trắc học có thật (nếp gấp da)
skin+head,skinhead,[skin+head],0-2-0,noun,/ˈskɪnˌhɛd/,real,a young person who belongs to a British or American group that shave their heads and gather at rock concerts or engage in white supremacist demonstrations,"skin+head(làn da + đầu, người đứng đầu)","Wordset Dictionary (wordset.org, WordNet-based, community-edited)",chưa dịch lại theo định nghĩa Wordset mới - vẫn là công thức ghép cũ,
skull+cap,skullcap,[skull+cap],0-2-0,noun,/ˈskəɫˌkæp/,real,rounded brimless cap fitting the crown of the head,skull+cap(hộp sọ + mũ lưỡi trai),"Wordset Dictionary (wordset.org, WordNet-based, community-edited)",chưa dịch lại theo định nghĩa Wordset mới - vẫn là công thức ghép cũ,
sky+dive,skydiver,[sky+dive]-er,0-2-1,noun,/skˈaɪdaɪvɐ/,real,a person who jumps from a plane and may perform various gymnastic maneuvers before pulling the parachute cord,sky+dive(bầu trời + lặn) + -er(người làm việc gì; so sánh hơn),"Wordset Dictionary (wordset.org, WordNet-based, community-edited)",chưa dịch lại theo định nghĩa Wordset mới - vẫn là công thức ghép cũ,
sky+hook,skyhook,[sky+hook],0-2-0,noun,/skˈaɪhʊk/,real,a hook that is imagined to be suspended from the sky,sky+hook(bầu trời + móc câu),"Wordset Dictionary (wordset.org, WordNet-based, community-edited)",chưa dịch lại theo định nghĩa Wordset mới - vẫn là công thức ghép cũ,
sky+light,skylight,[sky+light],0-2-0,noun,/ˈskaɪˌɫaɪt/,real,a window in a roof to admit daylight,"sky+light(bầu trời + ánh sáng, nhẹ)","Wordset Dictionary (wordset.org, WordNet-based, community-edited)",chưa dịch lại theo định nghĩa Wordset mới - vẫn là công thức ghép cũ,
sky+line,skyline,[sky+line],0-2-0,noun,/ˈskaɪˌɫaɪn/,real,the line at which the sky and Earth appear to meet,sky+line(bầu trời + đường kẻ),"Wordset Dictionary (wordset.org, WordNet-based, community-edited)",chưa dịch lại theo định nghĩa Wordset mới - vẫn là công thức ghép cũ,
sky+rocket,skyrocket,[sky+rocket],0-2-0,noun,/ˈskaɪˌɹɑkət/,real,sends a firework display high into the sky,sky+rocket(bầu trời + tên lửa),"Wordset Dictionary (wordset.org, WordNet-based, community-edited)",chưa dịch lại theo định nghĩa Wordset mới - vẫn là công thức ghép cũ,
sky+wave,skywave,[sky+wave],0-2-0,noun,/ˈskaɪˌweɪv/,real,"sky+wave(the space above the earth that you can see when you look up, where clouds and the sun, moon and stars appear + a raised line of water that moves across the surface of the sea, ocean, etc.)","sky+wave(bầu trời + sóng, vẫy tay)","compositional (generated, unverified)",công thức ghép (chưa xác thực),
sky+write,skywriting,[sky+write],0-2-0,noun,/ˈskaɪˌɹaɪtɪŋ/,real,writing formed in the sky by smoke released from an airplane,sky+write(bầu trời + viết),"Wordset Dictionary (wordset.org, WordNet-based, community-edited)",chưa dịch lại theo định nghĩa Wordset mới - vẫn là công thức ghép cũ,
slap+happy,slaphappy,[slap+happy],0-2-0,adjective,/ˈsɫæpˌhæpi/,real,dazed from or as if from repeated blows,slap+happy(tát + hạnh phúc),"Wordset Dictionary (wordset.org, WordNet-based, community-edited)",chưa dịch lại theo định nghĩa Wordset mới - vẫn là công thức ghép cũ,
slap+stick,slapstick,[slap+stick],0-2-0,adjective,/ˈsɫæpˌstɪk/,real,characterized by horseplay and physical action,"slap+stick(tát + que, dính chặt)","Wordset Dictionary (wordset.org, WordNet-based, community-edited)",chưa dịch lại theo định nghĩa Wordset mới - vẫn là công thức ghép cũ,
sleep+head,sleepyhead,[sleep+head]-y,0-2-1,noun,/slˈiːpɪhˌɛd/,real,a sleepy person,"sleep+head(ngủ + đầu, người đứng đầu) + -y(có tính chất; danh từ/tính từ)","Wordset Dictionary (wordset.org, WordNet-based, community-edited)",chưa dịch lại theo định nghĩa Wordset mới - vẫn là công thức ghép cũ,
sleep+walk,sleepwalk,[sleep+walk],0-2-0,verb,/ˈsɫipˌwɔk/,real,walk in one's sleep,sleep+walk(ngủ + đi bộ),"Wordset Dictionary (wordset.org, WordNet-based, community-edited)",chưa dịch lại theo định nghĩa Wordset mới - vẫn là công thức ghép cũ,
sleep+walk,sleepwalker,[sleep+walk]-er,0-2-1,noun,/ˈsɫipˌwɔkɝ/,real,someone who walks about in their sleep,sleep+walk(ngủ + đi bộ) + -er(người làm việc gì; so sánh hơn),"Wordset Dictionary (wordset.org, WordNet-based, community-edited)",chưa dịch lại theo định nghĩa Wordset mới - vẫn là công thức ghép cũ,
slip+cover,slipcover,[slip+cover],0-2-0,noun,/slˈɪpkʌvɚ/,"generated (espeak-ng G2P, algorithmic)",a removable fitted cloth covering for upholstered furniture,"slip+cover(trượt ngã + che phủ, bìa)","Wordset Dictionary (wordset.org, WordNet-based, community-edited)",chưa dịch lại theo định nghĩa Wordset mới - vẫn là công thức ghép cũ,
slip+over,slipover,[slip+over],0-2-0,noun,/slˈɪpəʊvɐ/,real,a sweater that is put on by pulling it over the head,"slip+over(trượt ngã + ở trên, hơn)","Wordset Dictionary (wordset.org, WordNet-based, community-edited)",chưa dịch lại theo định nghĩa Wordset mới - vẫn là công thức ghép cũ,
slip+stream,slipstream,[slip+stream],0-2-0,noun,/slˈɪpstɹiːm/,real,the flow of air that is driven backwards by an aircraft propeller,slip+stream(trượt ngã + dòng suối),"Wordset Dictionary (wordset.org, WordNet-based, community-edited)",chưa dịch lại theo định nghĩa Wordset mới - vẫn là công thức ghép cũ,
slip+way,slipway,[slip+way],0-2-0,noun,/slˈɪpweɪ/,real,structure consisting of a sloping way down to the water from the place where ships are built or repaired,"slip+way(trượt ngã + con đường, cách thức)","Wordset Dictionary (wordset.org, WordNet-based, community-edited)",chưa dịch lại theo định nghĩa Wordset mới - vẫn là công thức ghép cũ,
slow+coach,slowcoach,[slow+coach],0-2-0,noun,/slˈəʊkəʊtʃ/,real,someone who moves slowly,"slow+coach(chậm chạp + huấn luyện viên, xe khách)","Wordset Dictionary (wordset.org, WordNet-based, community-edited)",chưa dịch lại theo định nghĩa Wordset mới - vẫn là công thức ghép cũ,
slow+worm,slowworm,[slow+worm],0-2-0,noun,/slˈəʊwɜːm/,real,small burrowing legless European lizard with tiny eyes,slow+worm(chậm chạp + con giun),"Wordset Dictionary (wordset.org, WordNet-based, community-edited)",chưa dịch lại theo định nghĩa Wordset mới - vẫn là công thức ghép cũ,
small+hold,smallholding,[small+hold],0-2-0,noun,/smˈɔːlhəʊldɪŋ/,real,a piece of land under 50 acres that is sold or let to someone for cultivation,small+hold(nhỏ bé + giữ),"Wordset Dictionary (wordset.org, WordNet-based, community-edited)",chưa dịch lại theo định nghĩa Wordset mới - vẫn là công thức ghép cũ,
small+hold,smallholder,[small+hold]-er,0-2-1,noun,/smˈɔːlhəʊldɐ/,real,a person owning or renting a smallholding,small+hold(nhỏ bé + giữ) + -er(người làm việc gì; so sánh hơn),"Wordset Dictionary (wordset.org, WordNet-based, community-edited)",chưa dịch lại theo định nghĩa Wordset mới - vẫn là công thức ghép cũ,
small+time,smalltime,[small+time],0-2-0,adjective,/smˈɔːltaɪm/,"generated (espeak-ng G2P, algorithmic)","small+time(not large in size, number, degree, amount, etc. + what is measured in minutes, hours, days, etc.)",small+time(nhỏ bé + thời gian),"compositional (generated, unverified)",công thức ghép (chưa xác thực),
smoke+house,smokehouse,[smoke+house],0-2-0,noun,/smˈəʊkhaʊs/,real,a small house where smoke is used to cure meat or fish,smoke+house(khói + ngôi nhà),"Wordset Dictionary (wordset.org, WordNet-based, community-edited)",chưa dịch lại theo định nghĩa Wordset mới - vẫn là công thức ghép cũ,
smoke+screen,smokescreen,[smoke+screen],0-2-0,noun,/ˈsmoʊksˌkɹin/,real,an action intended to conceal or confuse or obscure,smoke+screen(khói + màn hình),"Wordset Dictionary (wordset.org, WordNet-based, community-edited)",chưa dịch lại theo định nghĩa Wordset mới - vẫn là công thức ghép cũ,
smooth+bore,smoothbore,[smooth+bore],0-2-0,adjective,/smˈuːðboːɹ/,"generated (espeak-ng G2P, algorithmic)",of a firearm,"smooth+bore(mịn màng + làm chán, khoan lỗ)","Wordset Dictionary (wordset.org, WordNet-based, community-edited)",chưa dịch lại theo định nghĩa Wordset mới - vẫn là công thức ghép cũ,
snake+bite,snakebite,[snake+bite],0-2-0,noun,/ˈsneɪkˌbaɪt/,real,a bite inflicted by a (venomous) snake,snake+bite(con rắn + cắn),"Wordset Dictionary (wordset.org, WordNet-based, community-edited)",chưa dịch lại theo định nghĩa Wordset mới - vẫn là công thức ghép cũ,
snap+shot,snapshot,[snap+shot],0-2-0,noun,/ˈsnæpˌʃɑt/,real,an informal photograph,"snap+shot(chụp nhanh, gãy + phát súng, cú đánh)","Wordset Dictionary (wordset.org, WordNet-based, community-edited)",chưa dịch lại theo định nghĩa Wordset mới - vẫn là công thức ghép cũ,
snow+ball,snowball,[snow+ball],0-2-0,noun,/ˈsnoʊˌbɔɫ/,real,snow pressed into a ball for throwing,snow+ball(tuyết + quả bóng),"Wordset Dictionary (wordset.org, WordNet-based, community-edited)",chưa dịch lại theo định nghĩa Wordset mới - vẫn là công thức ghép cũ,
snow+blind,snowblind,[snow+blind],0-2-0,noun,/snˈoʊblaɪnd/,"generated (espeak-ng G2P, algorithmic)",snow+blind(small soft white pieces (called flakes) of frozen water that fall from the sky in cold weather; this substance when it is lying on the ground + not able to see),snow+blind(tuyết + mù lòa),"compositional (generated, unverified)",công thức ghép (chưa xác thực),"""snow-blind"" - mù tuyết, có thật"
snow+blind,snowblindness,[snow+blind]-ness,0-2-1,noun,/snˈoʊblaɪndnəs/,"generated (espeak-ng G2P, algorithmic)",temporary blindness caused by exposure to sunlight reflected from snow or ice,"snow+blind(tuyết + mù lòa) + -ness(trạng thái, tính chất (danh từ))","Wordset Dictionary (wordset.org, WordNet-based, community-edited)",chưa dịch lại theo định nghĩa Wordset mới - vẫn là công thức ghép cũ,
snow+bound,snowbound,[snow+bound],0-2-0,adjective,/ˈsnoʊˌbaʊnd/,real,confined or shut in by heavy snow,"snow+bound(tuyết + ràng buộc, giới hạn)","Wordset Dictionary (wordset.org, WordNet-based, community-edited)",chưa dịch lại theo định nghĩa Wordset mới - vẫn là công thức ghép cũ,
snow+drift,snowdrift,[snow+drift],0-2-0,noun,/snˈəʊdɹɪft/,real,a mass of snow heaped up by the wind,snow+drift(tuyết + trôi dạt),"Wordset Dictionary (wordset.org, WordNet-based, community-edited)",chưa dịch lại theo định nghĩa Wordset mới - vẫn là công thức ghép cũ,
snow+drop,snowdrop,[snow+drop],0-2-0,noun,/snˈəʊdɹɒp/,real,common anemone of eastern North America with solitary pink-tinged white flowers,"snow+drop(tuyết + rơi, giọt)","Wordset Dictionary (wordset.org, WordNet-based, community-edited)",chưa dịch lại theo định nghĩa Wordset mới - vẫn là công thức ghép cũ,
snow+fall,snowfall,[snow+fall],0-2-0,noun,/ˈsnoʊfɑɫ/,real,precipitation falling from clouds in the form of ice crystals,"snow+fall(tuyết + rơi, mùa thu)","Wordset Dictionary (wordset.org, WordNet-based, community-edited)",chưa dịch lại theo định nghĩa Wordset mới - vẫn là công thức ghép cũ,
snow+field,snowfield,[snow+field],0-2-0,noun,/snˈəʊfiːld/,real,a permanent wide expanse of snow,"snow+field(tuyết + cánh đồng, lĩnh vực)","Wordset Dictionary (wordset.org, WordNet-based, community-edited)",chưa dịch lại theo định nghĩa Wordset mới - vẫn là công thức ghép cũ,
snow+man,snowman,[snow+man],0-2-0,noun,/ˈsnoʊˌmæn/,real,a figure of a person made of packed snow,snow+man(tuyết + đàn ông),"Wordset Dictionary (wordset.org, WordNet-based, community-edited)",chưa dịch lại theo định nghĩa Wordset mới - vẫn là công thức ghép cũ,
snow+shoe,snowshoe,[snow+shoe],0-2-0,noun,/ˈsnoʊˌʃu/,real,a device to help you walk on deep snow,snow+shoe(tuyết + giày),"Wordset Dictionary (wordset.org, WordNet-based, community-edited)",chưa dịch lại theo định nghĩa Wordset mới - vẫn là công thức ghép cũ,
snow+storm,snowstorm,[snow+storm],0-2-0,noun,/ˈsnoʊˌstɔɹm/,real,a storm with widespread snowfall accompanied by strong winds,snow+storm(tuyết + cơn bão),"Wordset Dictionary (wordset.org, WordNet-based, community-edited)",chưa dịch lại theo định nghĩa Wordset mới - vẫn là công thức ghép cũ,
soap+box,soapbox,[soap+box],0-2-0,noun,/ˈsoʊpˌbɑks/,real,a platform raised above the surrounding level to give prominence to the person on it,soap+box(xà phòng + hộp),"Wordset Dictionary (wordset.org, WordNet-based, community-edited)",chưa dịch lại theo định nghĩa Wordset mới - vẫn là công thức ghép cũ,
soap+stone,soapstone,[soap+stone],0-2-0,noun,/sˈəʊpstəʊn/,real,a soft heavy compact variety of talc having a soapy feel,soap+stone(xà phòng + đá),"Wordset Dictionary (wordset.org, WordNet-based, community-edited)",chưa dịch lại theo định nghĩa Wordset mới - vẫn là công thức ghép cũ,
soft+ball,softball,[soft+ball],0-2-0,noun,/ˈsɔfˌbɔɫ/,real,a game closely resembling baseball that is played on a smaller diamond and with a ball that is larger and softer,soft+ball(mềm mại + quả bóng),"Wordset Dictionary (wordset.org, WordNet-based, community-edited)",chưa dịch lại theo định nghĩa Wordset mới - vẫn là công thức ghép cũ,
soft+heart,softhearted,[soft+heart],0-2-0,adjective,/sˈɔfthɑːɹɾᵻd/,"generated (espeak-ng G2P, algorithmic)",easily moved to pity or sorrow,soft+heart(mềm mại + trái tim),"Wordset Dictionary (wordset.org, WordNet-based, community-edited)",chưa dịch lại theo định nghĩa Wordset mới - vẫn là công thức ghép cũ,
soft+land,softland,[soft+land],0-2-0,adjective,/sˈɔftlənd/,"generated (espeak-ng G2P, algorithmic)",soft+land(changing shape easily when pressed; not stiff or hard + the surface of the earth that is not sea),soft+land(mềm mại + đất đai),"compositional (generated, unverified)",công thức ghép (chưa xác thực),"liên quan ""soft landing"" (hạ cánh mềm), động từ có thật trong ngành vũ trụ"
soft+wood,softwood,[soft+wood],0-2-0,noun,/ˈsɔftˌwʊd/,real,"wood that is easy to saw, from conifers such as pine or fir",soft+wood(mềm mại + gỗ),"Wordset Dictionary (wordset.org, WordNet-based, community-edited)",chưa dịch lại theo định nghĩa Wordset mới - vẫn là công thức ghép cũ,
soldier+like,soldierlike,[soldier+like],0-2-0,adjective,/sˈoʊldʒɚlˌaɪk/,"generated (espeak-ng G2P, algorithmic)",(of persons) befitting a warrior,"soldier+like(người lính + thích, giống như)","Wordset Dictionary (wordset.org, WordNet-based, community-edited)",chưa dịch lại theo định nghĩa Wordset mới - vẫn là công thức ghép cũ,
some+body,somebody,[some+body],0-2-0,pronoun,/ˈsəmˌbɑdi/,real,a person who is not known or mentioned by name,some+body(một vài + cơ thể),Oxford 5000 (verified),,
some+day,someday,[some+day],0-2-0,adverb,/ˈsəmˌdeɪ/,real,some unspecified time in the future,some+day(một vài + ngày),"Wordset Dictionary (wordset.org, WordNet-based, community-edited)",chưa dịch lại theo định nghĩa Wordset mới - vẫn là công thức ghép cũ,
some+how,somehow,[some+how],0-2-0,adverb,/ˈsəmˌhaʊ/,real,in a way that is not known or certain,some+how(một vài + như thế nào),Oxford 5000 (verified),,
some+one,someone,[some+one],0-2-0,pronoun,/ˈsəmˌwən/,real,a person who is not known or mentioned by name,some+one(một vài + một),Oxford 5000 (verified),,
some+place,someplace,[some+place],0-2-0,adverb,/ˈsəmˌpɫeɪs/,real,in or at or to some place,some+place(một vài + địa điểm),"Wordset Dictionary (wordset.org, WordNet-based, community-edited)",chưa dịch lại theo định nghĩa Wordset mới - vẫn là công thức ghép cũ,
some+thing,something,[some+thing],0-2-0,pronoun,/ˈsəmθɪŋ/,real,a thing that is not known or mentioned by name,"some+thing(một vài + vật, thứ)",Oxford 5000 (verified),,
some+time,sometime,[some+time],0-2-0,adverb,/ˈsəmˌtaɪm/,real,at a time that you do not know exactly or has not yet been decided,some+time(một vài + thời gian),Oxford 5000 (verified),,
some+what,somewhat,[some+what],0-2-0,adverb,/ˈsəmˈwət/,real,to some degree,some+what(một vài + cái gì),Oxford 5000 (verified),,
some+where,somewhere,[some+where],0-2-0,adverb,/ˈsəmˌwɛɹ/,real,"in, at or to a place that you do not know or do not mention by name",some+where(một vài + ở đâu),Oxford 5000 (verified),,
song+bag,songbag,[song+bag],0-2-0,noun,/sˈɔŋbæɡ/,"generated (espeak-ng G2P, algorithmic)","song+bag(a short piece of music with words that you sing + a container made of cloth, leather, plastic or paper, used to carry things in, especially when shopping or travelling)",song+bag(bài hát + túi),"compositional (generated, unverified)",công thức ghép (chưa xác thực),
song+bird,songbird,[song+bird],0-2-0,noun,/ˈsɔŋˌbɝd/,real,any bird having a musical call,song+bird(bài hát + chim),"Wordset Dictionary (wordset.org, WordNet-based, community-edited)",chưa dịch lại theo định nghĩa Wordset mới - vẫn là công thức ghép cũ,
song+book,songbook,[song+book],0-2-0,noun,/ˈsɔnɡˌbʊk/,real,a book containing a collection of songs,song+book(bài hát + sách),"Wordset Dictionary (wordset.org, WordNet-based, community-edited)",chưa dịch lại theo định nghĩa Wordset mới - vẫn là công thức ghép cũ,
song+stress,songstress,[song+stress],0-2-0,noun,/sˈɒŋstɹəs/,real,a woman songster (especially of popular songs),song+stress(bài hát + căng thẳng),"Wordset Dictionary (wordset.org, WordNet-based, community-edited)",chưa dịch lại theo định nghĩa Wordset mới - vẫn là công thức ghép cũ,
sound+proof,soundproof,[sound+proof],0-2-0,adjective,/sˈaʊndpɹuːf/,real,"impervious to, or not penetrable by, sound",sound+proof(âm thanh + bằng chứng),"Wordset Dictionary (wordset.org, WordNet-based, community-edited)",chưa dịch lại theo định nghĩa Wordset mới - vẫn là công thức ghép cũ,
sound+track,soundtrack,[sound+track],0-2-0,noun,/ˈsaʊnˌtɹæk/,real,sound recording on a narrow strip of a motion picture film,"sound+track(âm thanh + đường ray, theo dõi)","Wordset Dictionary (wordset.org, WordNet-based, community-edited)",chưa dịch lại theo định nghĩa Wordset mới - vẫn là công thức ghép cũ,
south+bound,southbound,[south+bound],0-2-0,adjective,/ˈsaʊθˌbaʊnd/,real,moving toward the south,"south+bound(phía nam + ràng buộc, giới hạn)","Wordset Dictionary (wordset.org, WordNet-based, community-edited)",chưa dịch lại theo định nghĩa Wordset mới - vẫn là công thức ghép cũ,
south+east,southeaster,[south+east]-er,0-2-1,noun,/sˈaʊθiːstɚ/,"generated (espeak-ng G2P, algorithmic)",a strong wind from the southeast,south+east(phía nam + phía đông) + -er(người làm việc gì; so sánh hơn),"Wordset Dictionary (wordset.org, WordNet-based, community-edited)",chưa dịch lại theo định nghĩa Wordset mới - vẫn là công thức ghép cũ,
south+east,southeast,[south+east],0-2-0,adverb,/ˌsaʊˈθist/,real,"to, toward, or in the southeast",south+east(phía nam + phía đông),"Wordset Dictionary (wordset.org, WordNet-based, community-edited)",chưa dịch lại theo định nghĩa Wordset mới - vẫn là công thức ghép cũ,
south+east,southeasterly,[south+east]-er-ly,0-2-2,adjective,/sˈaʊθiːstəli/,real,situated in or oriented toward the southeast,south+east(phía nam + phía đông) + -er(người làm việc gì; so sánh hơn) + -ly(trạng từ chỉ cách thức / tính từ (giống như)),"Wordset Dictionary (wordset.org, WordNet-based, community-edited)",chưa dịch lại theo định nghĩa Wordset mới - vẫn là công thức ghép cũ,
south+east,southeastward,[south+east]-ward,0-2-1,adverb,/sˈaʊθiːstwɚd/,"generated (espeak-ng G2P, algorithmic)",in a southeastward direction,south+east(phía nam + phía đông) + -ward(theo hướng (tính từ/trạng từ)),"Wordset Dictionary (wordset.org, WordNet-based, community-edited)",chưa dịch lại theo định nghĩa Wordset mới - vẫn là công thức ghép cũ,
south+east,southeastern,[south+east]-ern,0-2-1,adjective,/ˌsaʊˈθistɝn/,real,of a region of the United States generally including Alabama,"south+east(phía nam + phía đông) + -ern(phương hướng (tính từ, VD southern))","Wordset Dictionary (wordset.org, WordNet-based, community-edited)",chưa dịch lại theo định nghĩa Wordset mới - vẫn là công thức ghép cũ,
south+west,southwest,[south+west],0-2-0,adverb,/ˌsaʊθˈwɛst/,real,"to, toward, or in the southwest",south+west(phía nam + phía tây),"Wordset Dictionary (wordset.org, WordNet-based, community-edited)",chưa dịch lại theo định nghĩa Wordset mới - vẫn là công thức ghép cũ,
south+west,southwester,[south+west]-er,0-2-1,noun,/saʊθwˈɛstɚ/,"generated (espeak-ng G2P, algorithmic)",a strong wind from the southwest,south+west(phía nam + phía tây) + -er(người làm việc gì; so sánh hơn),"Wordset Dictionary (wordset.org, WordNet-based, community-edited)",chưa dịch lại theo định nghĩa Wordset mới - vẫn là công thức ghép cũ,
south+west,southwestwards,[south+west]-ward,0-2-1,adverb,/saʊθwˈɛstwɚdz/,"generated (espeak-ng G2P, algorithmic)",south+west(in or towards the south + in or towards the west) + -ward(in the direction of (adjective/adverb)),south+west(phía nam + phía tây) + -ward(theo hướng (tính từ/trạng từ)),"compositional (generated, unverified)",công thức ghép (chưa xác thực),
south+west,southwestern,[south+west]-ern,0-2-1,adjective,/ˌsaʊθˈwɛstɝn/,real,of a region of the United States generally including New Mexico,"south+west(phía nam + phía tây) + -ern(phương hướng (tính từ, VD southern))","Wordset Dictionary (wordset.org, WordNet-based, community-edited)",chưa dịch lại theo định nghĩa Wordset mới - vẫn là công thức ghép cũ,
south+west,southwesterly,[south+west]-er-ly,0-2-2,adjective,/saʊθwˈɛstəli/,real,situated in or oriented toward the southwest,south+west(phía nam + phía tây) + -er(người làm việc gì; so sánh hơn) + -ly(trạng từ chỉ cách thức / tính từ (giống như)),"Wordset Dictionary (wordset.org, WordNet-based, community-edited)",chưa dịch lại theo định nghĩa Wordset mới - vẫn là công thức ghép cũ,
space+craft,spacecraft,[space+craft],0-2-0,noun,/ˈspeɪsˌkɹæft/,real,a craft capable of traveling in outer space,"space+craft(không gian + thủ công, chế tạo)","Wordset Dictionary (wordset.org, WordNet-based, community-edited)",chưa dịch lại theo định nghĩa Wordset mới - vẫn là công thức ghép cũ,
space+ship,spaceship,[space+ship],0-2-0,noun,/ˈspeɪsˌʃɪp/,real,a spacecraft designed to carry a crew into interstellar space (especially in science fiction),space+ship(không gian + con tàu),"Wordset Dictionary (wordset.org, WordNet-based, community-edited)",chưa dịch lại theo định nghĩa Wordset mới - vẫn là công thức ghép cũ,
space+suit,spacesuit,[space+suit],0-2-0,noun,/ˈspeɪˌsut/,real,a pressure suit worn by astronauts while in outer space,"space+suit(không gian + bộ vest, phù hợp)","Wordset Dictionary (wordset.org, WordNet-based, community-edited)",chưa dịch lại theo định nghĩa Wordset mới - vẫn là công thức ghép cũ,
speak+ease,speakeasy,[speak+ease]-y,0-2-1,noun,/spˈiːkiːzi/,real,(during prohibition) an illegal barroom,speak+ease(nói chuyện + sự dễ dàng) + -y(có tính chất; danh từ/tính từ),"Wordset Dictionary (wordset.org, WordNet-based, community-edited)",chưa dịch lại theo định nghĩa Wordset mới - vẫn là công thức ghép cũ,
speed+boat,speedboat,[speed+boat],0-2-0,noun,/ˈspidˌboʊt/,real,a fast motorboat,speed+boat(tốc độ + thuyền),"Wordset Dictionary (wordset.org, WordNet-based, community-edited)",chưa dịch lại theo định nghĩa Wordset mới - vẫn là công thức ghép cũ,
speed+up,speedup,[speed+up],0-2-0,noun,/ˈspiˌdəp/,real,the act of accelerating,speed+up(tốc độ + lên trên),"Wordset Dictionary (wordset.org, WordNet-based, community-edited)",chưa dịch lại theo định nghĩa Wordset mới - vẫn là công thức ghép cũ,
speed+way,speedway,[speed+way],0-2-0,noun,/ˈspidˌweɪ/,real,a racetrack for racing automobiles or motorcycles,"speed+way(tốc độ + con đường, cách thức)","Wordset Dictionary (wordset.org, WordNet-based, community-edited)",chưa dịch lại theo định nghĩa Wordset mới - vẫn là công thức ghép cũ,
spell+bind,spellbind,[spell+bind],0-2-0,verb,/spˈɛlbaɪnd/,"generated (espeak-ng G2P, algorithmic)",put into a trance,"spell+bind(đánh vần, phép thuật + ràng buộc, buộc chặt)","Wordset Dictionary (wordset.org, WordNet-based, community-edited)",chưa dịch lại theo định nghĩa Wordset mới - vẫn là công thức ghép cũ,
spell+bind,spellbinder,[spell+bind]-er,0-2-1,noun,/spˈɛlbaɪndɚ/,"generated (espeak-ng G2P, algorithmic)",an orator who can hold his listeners spellbound,"spell+bind(đánh vần, phép thuật + ràng buộc, buộc chặt) + -er(người làm việc gì; so sánh hơn)","Wordset Dictionary (wordset.org, WordNet-based, community-edited)",chưa dịch lại theo định nghĩa Wordset mới - vẫn là công thức ghép cũ,
spell+bound,spellbound,[spell+bound],0-2-0,adjective,/ˈspɛɫˌbaʊnd/,real,having your attention fixated as though by a spell,"spell+bound(đánh vần, phép thuật + ràng buộc, giới hạn)","Wordset Dictionary (wordset.org, WordNet-based, community-edited)",chưa dịch lại theo định nghĩa Wordset mới - vẫn là công thức ghép cũ,
spill+over,spillover,[spill+over],0-2-0,noun,/ˈspɪˌɫoʊvɝ/,real,(economics) any indirect effect of public expenditure,"spill+over(làm đổ + ở trên, hơn)","Wordset Dictionary (wordset.org, WordNet-based, community-edited)",chưa dịch lại theo định nghĩa Wordset mới - vẫn là công thức ghép cũ,
spin+drift,spindrift,[spin+drift],0-2-0,noun,/spˈɪndɹɪft/,real,spray blown up from the surface of the sea,spin+drift(quay tròn + trôi dạt),"Wordset Dictionary (wordset.org, WordNet-based, community-edited)",chưa dịch lại theo định nghĩa Wordset mới - vẫn là công thức ghép cũ,
spoil+sport,spoilsport,[spoil+sport],0-2-0,noun,/spˈɔɪlspɔːt/,real,someone who spoils the pleasure of others,spoil+sport(làm hỏng + thể thao),"Wordset Dictionary (wordset.org, WordNet-based, community-edited)",chưa dịch lại theo định nghĩa Wordset mới - vẫn là công thức ghép cũ,
spoon+feed,spoonfeed,[spoon+feed],0-2-0,verb,/spˈuːnfiːd/,"generated (espeak-ng G2P, algorithmic)",teach without challenging the students,spoon+feed(thìa + cho ăn),"Wordset Dictionary (wordset.org, WordNet-based, community-edited)",chưa dịch lại theo định nghĩa Wordset mới - vẫn là công thức ghép cũ,
sport+man,sportsmanship,[sport+man]-ship,0-2-1,noun,/ˈspɔɹtsmənˌʃɪp/,real,fairness in following the rules of the game,"sport+man(thể thao + đàn ông) + -ship(trạng thái, điều kiện, kỹ năng (danh từ))","Wordset Dictionary (wordset.org, WordNet-based, community-edited)",chưa dịch lại theo định nghĩa Wordset mới - vẫn là công thức ghép cũ,
sport+man,sportsman,[sport+man],0-2-0,noun,/ˈspɔɹtsmən/,real,someone who engages in sports,sport+man(thể thao + đàn ông),"Wordset Dictionary (wordset.org, WordNet-based, community-edited)",chưa dịch lại theo định nghĩa Wordset mới - vẫn là công thức ghép cũ,
sport+man+like,sportsmanlike,[sport+man+like],0-3-0,adjective,/spˈɔːtsmənlˌaɪk/,real,exhibiting or calling for sportsmanship or fair play,"sport+man+like(thể thao + đàn ông + thích, giống như)","Wordset Dictionary (wordset.org, WordNet-based, community-edited)",chưa dịch lại theo định nghĩa Wordset mới - vẫn là công thức ghép cũ,
sport+woman,sportswoman,[sport+woman],0-2-0,noun,/spˈɔːtswʊmən/,real,someone who engages in sports,sport+woman(thể thao + phụ nữ),"Wordset Dictionary (wordset.org, WordNet-based, community-edited)",chưa dịch lại theo định nghĩa Wordset mới - vẫn là công thức ghép cũ,
sport+write,sportswriter,[sport+write]-er,0-2-1,noun,/ˈspɔɹtsˌɹaɪtɝ/,real,a journalist who writes about sports,sport+write(thể thao + viết) + -er(người làm việc gì; so sánh hơn),"Wordset Dictionary (wordset.org, WordNet-based, community-edited)",chưa dịch lại theo định nghĩa Wordset mới - vẫn là công thức ghép cũ,
spot+light,spotlight,[spot+light],0-2-0,noun,/ˈspɑtˌɫaɪt/,real,"a light with a single, very bright beam that can be directed at a particular place or person, especially a performer on the stage","spot+light(vết đốm, địa điểm + ánh sáng, nhẹ)",Oxford 5000 (verified),,
spring+board,springboard,[spring+board],0-2-0,noun,/ˈspɹɪŋˌbɔɹd/,real,a beginning from which an enterprise is launched,"spring+board(mùa xuân, lò xo + ban, bảng, tấm ván)","Wordset Dictionary (wordset.org, WordNet-based, community-edited)",chưa dịch lại theo định nghĩa Wordset mới - vẫn là công thức ghép cũ,
spring+like,springlike,[spring+like],0-2-0,adjective,/spɹˈɪŋlaɪk/,real,resembling a spring or the action of a spring,"spring+like(mùa xuân, lò xo + thích, giống như)","Wordset Dictionary (wordset.org, WordNet-based, community-edited)",chưa dịch lại theo định nghĩa Wordset mới - vẫn là công thức ghép cũ,
spring+time,springtime,[spring+time],0-2-0,noun,/ˈspɹɪŋˌtaɪm/,real,the season of growth,"spring+time(mùa xuân, lò xo + thời gian)","Wordset Dictionary (wordset.org, WordNet-based, community-edited)",chưa dịch lại theo định nghĩa Wordset mới - vẫn là công thức ghép cũ,
spy+glass,spyglass,[spy+glass],0-2-0,noun,/ˈspaɪˌɡɫæs/,real,a small refracting telescope,"spy+glass(gián điệp + kính, ly)","Wordset Dictionary (wordset.org, WordNet-based, community-edited)",chưa dịch lại theo định nghĩa Wordset mới - vẫn là công thức ghép cũ,
stable+man,stableman,[stable+man],0-2-0,noun,/stˈeɪbəlmən/,real,someone employed in a stable to take care of the horses,stable+man(ổn định + đàn ông),"Wordset Dictionary (wordset.org, WordNet-based, community-edited)",chưa dịch lại theo định nghĩa Wordset mới - vẫn là công thức ghép cũ,
stage+coach,stagecoach,[stage+coach],0-2-0,noun,/ˈsteɪdʒˌkoʊtʃ/,real,a large coach-and-four formerly used to carry passengers and mail on regular routes between towns,"stage+coach(sân khấu, giai đoạn + huấn luyện viên, xe khách)","Wordset Dictionary (wordset.org, WordNet-based, community-edited)",chưa dịch lại theo định nghĩa Wordset mới - vẫn là công thức ghép cũ,
stair+case,staircase,[stair+case],0-2-0,noun,/ˈstɛɹˌkeɪs/,real,"a way of access, upward and downward, consisting of a set of steps","stair+case(cầu thang + trường hợp, vali)","Wordset Dictionary (wordset.org, WordNet-based, community-edited)",chưa dịch lại theo định nghĩa Wordset mới - vẫn là công thức ghép cũ,
stair+way,stairway,[stair+way],0-2-0,noun,/ˈstɛɹˌweɪ/,real,a way of access (upward and downward) consisting of a set of steps,"stair+way(cầu thang + con đường, cách thức)","Wordset Dictionary (wordset.org, WordNet-based, community-edited)",chưa dịch lại theo định nghĩa Wordset mới - vẫn là công thức ghép cũ,
stair+well,stairwell,[stair+well],0-2-0,noun,/ˈstɛɹˌwɛɫ/,real,a vertical well around which there is a stairway,"stair+well(cầu thang + tốt, giếng nước)","Wordset Dictionary (wordset.org, WordNet-based, community-edited)",chưa dịch lại theo định nghĩa Wordset mới - vẫn là công thức ghép cũ,
stake+hold,stakeholder,[stake+hold]-er,0-2-1,noun,/ˈsteɪkˌhoʊɫdɝ/,real,someone entrusted to hold the stakes for two or more persons betting against one another,"stake+hold(cổ phần, cọc + giữ) + -er(người làm việc gì; so sánh hơn)","Wordset Dictionary (wordset.org, WordNet-based, community-edited)",chưa dịch lại theo định nghĩa Wordset mới - vẫn là công thức ghép cũ,
stake+out,stakeout,[stake+out],0-2-0,noun,/ˈsteɪˌkaʊt/,real,surveillance of some place or some person by the police (as in anticipation of a crime),"stake+out(cổ phần, cọc + ra ngoài)","Wordset Dictionary (wordset.org, WordNet-based, community-edited)",chưa dịch lại theo định nghĩa Wordset mới - vẫn là công thức ghép cũ,
stand+by,standby,[stand+by],0-2-0,adjective,/ˈstændˈbaɪ/,real,ready for emergency use,"stand+by(đứng + bởi, bằng)","Wordset Dictionary (wordset.org, WordNet-based, community-edited)",chưa dịch lại theo định nghĩa Wordset mới - vẫn là công thức ghép cũ,
stand+in,standin,[stand+in],0-2-0,noun,/stˈændɪn/,"generated (espeak-ng G2P, algorithmic)","stand+in(an attitude towards something or an opinion that you make clear to people + into an object, an area or a substance)","stand+in(đứng + trong, vào)","compositional (generated, unverified)",công thức ghép (chưa xác thực),"dạng liền của ""stand-in"" (người đóng thế)"
stand+off,standoffishness,[stand+off]-ish-ness,0-2-2,noun,/stˈændɔfɪʃnəs/,"generated (espeak-ng G2P, algorithmic)",a disposition to be distant and unsympathetic in manner,"stand+off(đứng + tắt, xa khỏi) + -ish(hơi, có tính chất (tính từ)) + -ness(trạng thái, tính chất (danh từ))","Wordset Dictionary (wordset.org, WordNet-based, community-edited)",chưa dịch lại theo định nghĩa Wordset mới - vẫn là công thức ghép cũ,
stand+off,standoffish,[stand+off]-ish,0-2-1,adjective,/stˈændɒfɪʃ/,real,lacking cordiality,"stand+off(đứng + tắt, xa khỏi) + -ish(hơi, có tính chất (tính từ))","Wordset Dictionary (wordset.org, WordNet-based, community-edited)",chưa dịch lại theo định nghĩa Wordset mới - vẫn là công thức ghép cũ,
stand+pipe,standpipe,[stand+pipe],0-2-0,noun,/stˈændpaɪp/,real,a vertical pipe,stand+pipe(đứng + ống dẫn),"Wordset Dictionary (wordset.org, WordNet-based, community-edited)",chưa dịch lại theo định nghĩa Wordset mới - vẫn là công thức ghép cũ,
stand+point,standpoint,[stand+point],0-2-0,noun,/ˈstændˌpɔɪnt/,real,a mental position from which things are viewed,"stand+point(đứng + điểm, chỉ ra)","Wordset Dictionary (wordset.org, WordNet-based, community-edited)",chưa dịch lại theo định nghĩa Wordset mới - vẫn là công thức ghép cũ,
stand+still,standstill,[stand+still],0-2-0,noun,/ˈstændˌstɪɫ/,real,an interruption of normal activity,"stand+still(đứng + vẫn còn, yên tĩnh)","Wordset Dictionary (wordset.org, WordNet-based, community-edited)",chưa dịch lại theo định nghĩa Wordset mới - vẫn là công thức ghép cũ,
star+board,starboard,[star+board],0-2-0,adjective,/ˈstɑɹbɝd/,real,located on the right side of a ship or aircraft,"star+board(ngôi sao + ban, bảng, tấm ván)","Wordset Dictionary (wordset.org, WordNet-based, community-edited)",chưa dịch lại theo định nghĩa Wordset mới - vẫn là công thức ghép cũ,
star+dust,stardust,[star+dust],0-2-0,noun,/ˈstɑɹˌdəst/,real,a dreamy romantic or sentimental quality,star+dust(ngôi sao + bụi),"Wordset Dictionary (wordset.org, WordNet-based, community-edited)",chưa dịch lại theo định nghĩa Wordset mới - vẫn là công thức ghép cũ,
star+fish,starfish,[star+fish],0-2-0,noun,/ˈstɑɹˌfɪʃ/,real,echinoderms characterized by five arms extending from a central disk,star+fish(ngôi sao + cá),"Wordset Dictionary (wordset.org, WordNet-based, community-edited)",chưa dịch lại theo định nghĩa Wordset mới - vẫn là công thức ghép cũ,
star+gaze,stargazing,[star+gaze],0-2-0,noun,/stˈɑːɡeɪzɪŋ/,real,observation of the stars,star+gaze(ngôi sao + nhìn chăm chú),"Wordset Dictionary (wordset.org, WordNet-based, community-edited)",chưa dịch lại theo định nghĩa Wordset mới - vẫn là công thức ghép cũ,
star+gaze,stargazer,[star+gaze]-er,0-2-1,noun,/ˈstɑɹˌɡeɪzɝ/,real,heavy-bodied marine bottom-lurkers with eyes on flattened top of the head,star+gaze(ngôi sao + nhìn chăm chú) + -er(người làm việc gì; so sánh hơn),"Wordset Dictionary (wordset.org, WordNet-based, community-edited)",chưa dịch lại theo định nghĩa Wordset mới - vẫn là công thức ghép cũ,
star+light,starlight,[star+light],0-2-0,noun,/ˈstɑɹˌɫaɪt/,real,the light of the stars,"star+light(ngôi sao + ánh sáng, nhẹ)","Wordset Dictionary (wordset.org, WordNet-based, community-edited)",chưa dịch lại theo định nghĩa Wordset mới - vẫn là công thức ghép cũ,
start+up,startups,[start+up],0-2-0,noun,/ˈstɑɹˌtəps/,real,start+up(the point at which something begins + towards or in a higher position),start+up(bắt đầu + lên trên),"compositional (generated, unverified)",công thức ghép (chưa xác thực),
state+man,statesman,[state+man],0-2-0,noun,/ˈsteɪtsmən/,real,a man who is a respected leader in national or international affairs,"state+man(nhà nước, trạng thái + đàn ông)","Wordset Dictionary (wordset.org, WordNet-based, community-edited)",chưa dịch lại theo định nghĩa Wordset mới - vẫn là công thức ghép cũ,
state+man,statesmanship,[state+man]-ship,0-2-1,noun,/ˈsteɪtsmənˌʃɪp/,real,wisdom in the management of public affairs,"state+man(nhà nước, trạng thái + đàn ông) + -ship(trạng thái, điều kiện, kỹ năng (danh từ))","Wordset Dictionary (wordset.org, WordNet-based, community-edited)",chưa dịch lại theo định nghĩa Wordset mới - vẫn là công thức ghép cũ,
state+man+like,statesmanlike,[state+man+like],0-3-0,adjective,/stəˈtɛsmənˌɫaɪk/,real,marked by the qualities of or befitting a statesman,"state+man+like(nhà nước, trạng thái + đàn ông + thích, giống như)","Wordset Dictionary (wordset.org, WordNet-based, community-edited)",chưa dịch lại theo định nghĩa Wordset mới - vẫn là công thức ghép cũ,
state+room,stateroom,[state+room],0-2-0,noun,/stˈeɪtɹuːm/,"generated (espeak-ng G2P, algorithmic)",a guest cabin,"state+room(nhà nước, trạng thái + căn phòng)","Wordset Dictionary (wordset.org, WordNet-based, community-edited)",chưa dịch lại theo định nghĩa Wordset mới - vẫn là công thức ghép cũ,
state+wide,statewide,[state+wide],0-2-0,adjective,/ˈsteɪtˌwaɪd/,real,occurring or extending throughout a state,"state+wide(nhà nước, trạng thái + rộng lớn)","Wordset Dictionary (wordset.org, WordNet-based, community-edited)",chưa dịch lại theo định nghĩa Wordset mới - vẫn là công thức ghép cũ,
steam+boat,steamboat,[steam+boat],0-2-0,noun,/ˈstimˌboʊt/,real,a boat propelled by a steam engine,steam+boat(hơi nước + thuyền),"Wordset Dictionary (wordset.org, WordNet-based, community-edited)",chưa dịch lại theo định nghĩa Wordset mới - vẫn là công thức ghép cũ,
steam+roll,steamroller,[steam+roll]-er,0-2-1,noun,/ˈstimˌɹoʊɫɝ/,real,vehicle equipped with heavy wide smooth rollers for compacting roads and pavements,"steam+roll(hơi nước + cuộn lại, lăn) + -er(người làm việc gì; so sánh hơn)","Wordset Dictionary (wordset.org, WordNet-based, community-edited)",chưa dịch lại theo định nghĩa Wordset mới - vẫn là công thức ghép cũ,
steam+ship,steamship,[steam+ship],0-2-0,noun,/ˈstimˌʃɪp/,real,a ship powered by one or more steam engines,steam+ship(hơi nước + con tàu),"Wordset Dictionary (wordset.org, WordNet-based, community-edited)",chưa dịch lại theo định nghĩa Wordset mới - vẫn là công thức ghép cũ,
steel+make,steelmaker,[steel+make]-er,0-2-1,noun,/ˈstiɫˌmeɪkɝ/,real,a worker engaged in making steel,steel+make(thép + làm) + -er(người làm việc gì; so sánh hơn),"Wordset Dictionary (wordset.org, WordNet-based, community-edited)",chưa dịch lại theo định nghĩa Wordset mới - vẫn là công thức ghép cũ,
steel+work,steelworks,[steel+work],0-2-0,noun,/ˈstiɫˌwɝks/,real,a factory where steel is made,steel+work(thép + công việc),"Wordset Dictionary (wordset.org, WordNet-based, community-edited)",chưa dịch lại theo định nghĩa Wordset mới - vẫn là công thức ghép cũ,
steel+work,steelworker,[steel+work]-er,0-2-1,noun,/ˈstiɫˌwɝkɝ/,real,a worker engaged in making steel,steel+work(thép + công việc) + -er(người làm việc gì; so sánh hơn),"Wordset Dictionary (wordset.org, WordNet-based, community-edited)",chưa dịch lại theo định nghĩa Wordset mới - vẫn là công thức ghép cũ,
steel+yard,steelyard,[steel+yard],0-2-0,noun,/stˈiːljɑːɹd/,"generated (espeak-ng G2P, algorithmic)",a portable balance consisting of a pivoted bar with arms of unequal length,"steel+yard(thép + sân, yard (đơn vị))","Wordset Dictionary (wordset.org, WordNet-based, community-edited)",chưa dịch lại theo định nghĩa Wordset mới - vẫn là công thức ghép cũ,
steer+man,steersman,[steer+man],0-2-0,noun,/stˈiəzmən/,real,the person who steers a ship,"steer+man(lái xe, điều khiển + đàn ông)","Wordset Dictionary (wordset.org, WordNet-based, community-edited)",chưa dịch lại theo định nghĩa Wordset mới - vẫn là công thức ghép cũ,
step+brother,stepbrother,[step+brother],0-2-0,noun,/stˈɛpbɹʌðɐ/,real,a brother who has only one parent in common with you,step+brother(bước chân + anh/em trai),"Wordset Dictionary (wordset.org, WordNet-based, community-edited)",chưa dịch lại theo định nghĩa Wordset mới - vẫn là công thức ghép cũ,
step+child,stepchild,[step+child],0-2-0,noun,/ˈstɛpˌtʃaɪɫd/,real,a child of your spouse by a former marriage,step+child(bước chân + trẻ em),"Wordset Dictionary (wordset.org, WordNet-based, community-edited)",chưa dịch lại theo định nghĩa Wordset mới - vẫn là công thức ghép cũ,
step+daughter,stepdaughter,[step+daughter],0-2-0,noun,/ˈstɛpˌdɔtɝ/,real,a daughter of your spouse by a former marriage,step+daughter(bước chân + con gái),"Wordset Dictionary (wordset.org, WordNet-based, community-edited)",chưa dịch lại theo định nghĩa Wordset mới - vẫn là công thức ghép cũ,
step+father,stepfather,[step+father],0-2-0,noun,/ˈstɛpˌfɑðɝ/,real,the husband of your mother by a subsequent marriage,step+father(bước chân + cha),"Wordset Dictionary (wordset.org, WordNet-based, community-edited)",chưa dịch lại theo định nghĩa Wordset mới - vẫn là công thức ghép cũ,
step+ladder,stepladder,[step+ladder],0-2-0,noun,/ˈstɛˌpɫædɝ/,real,a folding portable ladder hinged at the top,step+ladder(bước chân + cái thang),"Wordset Dictionary (wordset.org, WordNet-based, community-edited)",chưa dịch lại theo định nghĩa Wordset mới - vẫn là công thức ghép cũ,
step+mother,stepmother,[step+mother],0-2-0,noun,/ˈstɛpˌməðɝ/,real,the wife of your father by a subsequent marriage,step+mother(bước chân + mẹ),"Wordset Dictionary (wordset.org, WordNet-based, community-edited)",chưa dịch lại theo định nghĩa Wordset mới - vẫn là công thức ghép cũ,
step+relate,steprelationship,[step+relate]-ion-ship,0-2-2,noun,/stˌɛpɹɪlˈeɪʃənʃˌɪp/,"generated (espeak-ng G2P, algorithmic)",a family relationship by virtue of remarriage,"step+relate(bước chân + liên quan) + -ion(hành động, quá trình, trạng thái (danh từ)) + -ship(trạng thái, điều kiện, kỹ năng (danh từ))","Wordset Dictionary (wordset.org, WordNet-based, community-edited)",chưa dịch lại theo định nghĩa Wordset mới - vẫn là công thức ghép cũ,
step+sister,stepsister,[step+sister],0-2-0,noun,/ˈstɛpˌsɪstɝ/,real,a sister who has only one parent in common with you,step+sister(bước chân + chị/em gái),"Wordset Dictionary (wordset.org, WordNet-based, community-edited)",chưa dịch lại theo định nghĩa Wordset mới - vẫn là công thức ghép cũ,
step+sono,stepsons,[step+sono],0-2-0,noun,/stˈɛpsənz/,real,step+sono(one of a series of things that you do in order to achieve something + (không có định nghĩa trong Oxford 5000 - root này không phải headword độc lập)),step+sono(bước chân + âm thanh (gốc từ)),"compositional (generated, unverified)",công thức ghép (chưa xác thực),
stick+man,stickman,[stick+man],0-2-0,noun,/stˈɪkmən/,"generated (espeak-ng G2P, algorithmic)",stick+man(a thin piece of wood that has fallen or been broken from a tree + an adult male human),"stick+man(que, dính chặt + đàn ông)","compositional (generated, unverified)",công thức ghép (chưa xác thực),
stick+pin,stickpin,[stick+pin],0-2-0,noun,/stˈɪkpɪn/,real,a decorative pin that is worn in a necktie,"stick+pin(que, dính chặt + ghim)","Wordset Dictionary (wordset.org, WordNet-based, community-edited)",chưa dịch lại theo định nghĩa Wordset mới - vẫn là công thức ghép cũ,
still+birth,stillbirth,[still+birth],0-2-0,noun,/stˈɪlbɜːθ/,real,a natural loss of the products of conception,"still+birth(vẫn còn, yên tĩnh + sự sinh ra)","Wordset Dictionary (wordset.org, WordNet-based, community-edited)",chưa dịch lại theo định nghĩa Wordset mới - vẫn là công thức ghép cũ,
still+born,stillborn,[still+born],0-2-0,adjective,/ˈstɪɫˈbɔɹn/,real,(of newborn infant) showing no signs of life at birth,"still+born(vẫn còn, yên tĩnh + sinh ra)","Wordset Dictionary (wordset.org, WordNet-based, community-edited)",chưa dịch lại theo định nghĩa Wordset mới - vẫn là công thức ghép cũ,
still+room,stillroom,[still+room],0-2-0,noun,/stˈɪlɹuːm/,"generated (espeak-ng G2P, algorithmic)",a pantry or storeroom connected with the kitchen (especially in a large house) for preparing tea and beverages and for storing liquors and preserves and tea etc,"still+room(vẫn còn, yên tĩnh + căn phòng)","Wordset Dictionary (wordset.org, WordNet-based, community-edited)",chưa dịch lại theo định nghĩa Wordset mới - vẫn là công thức ghép cũ,
stock+breed,stockbreeder,[stock+breed]-er,0-2-1,noun,/stˈɑːkbɹiːdɚ/,"generated (espeak-ng G2P, algorithmic)","stock+breed(a supply of goods that is available for sale in a shop + a particular type of animal that has been developed by people in a certain way, especially a type of dog, cat or farm animal) + -er(person who does; comparative)","stock+breed(cổ phiếu, hàng tồn kho + nhân giống, giống loài) + -er(người làm việc gì; so sánh hơn)","compositional (generated, unverified)",công thức ghép (chưa xác thực),
stock+car,stockcar,[stock+car],0-2-0,noun,/stˈɑːkkɑːɹ/,"generated (espeak-ng G2P, algorithmic)",boxcar with latticed sides,"stock+car(cổ phiếu, hàng tồn kho + xe ô tô)","Wordset Dictionary (wordset.org, WordNet-based, community-edited)",chưa dịch lại theo định nghĩa Wordset mới - vẫn là công thức ghép cũ,
stock+hold,stockholder,[stock+hold]-er,0-2-1,noun,/ˈstɑkˌhoʊɫdɝ/,real,someone who holds shares of stock in a corporation,"stock+hold(cổ phiếu, hàng tồn kho + giữ) + -er(người làm việc gì; so sánh hơn)","Wordset Dictionary (wordset.org, WordNet-based, community-edited)",chưa dịch lại theo định nghĩa Wordset mới - vẫn là công thức ghép cũ,
stock+pile,stockpile,[stock+pile],0-2-0,noun,/ˈstɑkˌpaɪɫ/,real,goods accumulated for future use,"stock+pile(cổ phiếu, hàng tồn kho + đống, chồng)","Wordset Dictionary (wordset.org, WordNet-based, community-edited)",chưa dịch lại theo định nghĩa Wordset mới - vẫn là công thức ghép cũ,
stock+pot,stockpot,[stock+pot],0-2-0,noun,/stˈɒkpɒt/,real,a pot used for preparing soup stock,"stock+pot(cổ phiếu, hàng tồn kho + nồi)","Wordset Dictionary (wordset.org, WordNet-based, community-edited)",chưa dịch lại theo định nghĩa Wordset mới - vẫn là công thức ghép cũ,
stock+room,stockroom,[stock+room],0-2-0,noun,/ˈstɑˌkɹum/,real,storeroom for storing goods and supplies used in a business,"stock+room(cổ phiếu, hàng tồn kho + căn phòng)","Wordset Dictionary (wordset.org, WordNet-based, community-edited)",chưa dịch lại theo định nghĩa Wordset mới - vẫn là công thức ghép cũ,
stock+take,stocktaking,[stock+take],0-2-0,noun,/stˈɒkteɪkɪŋ/,real,making an itemized list of merchandise or supplies on hand,"stock+take(cổ phiếu, hàng tồn kho + lấy, cầm)","Wordset Dictionary (wordset.org, WordNet-based, community-edited)",chưa dịch lại theo định nghĩa Wordset mới - vẫn là công thức ghép cũ,
stock+yard,stockyard,[stock+yard],0-2-0,noun,/ˈstɑkˌjɑɹd/,real,"enclosed yard where cattle, pigs, horses, or sheep are kept temporarily","stock+yard(cổ phiếu, hàng tồn kho + sân, yard (đơn vị))","Wordset Dictionary (wordset.org, WordNet-based, community-edited)",chưa dịch lại theo định nghĩa Wordset mới - vẫn là công thức ghép cũ,
stone+break,stonebreaker,[stone+break]-er,0-2-1,noun,/stˈoʊnbɹeɪkɚ/,"generated (espeak-ng G2P, algorithmic)","stone+break(a hard solid mineral substance that is found in the ground, often used for building + a short period of time when you stop what you are doing and rest, eat, etc.) + -er(person who does; comparative)","stone+break(đá + phá vỡ, nghỉ giải lao) + -er(người làm việc gì; so sánh hơn)","compositional (generated, unverified)",công thức ghép (chưa xác thực),từ lịch sử có thật (người/máy đập đá)
stone+cut,stonecutter,[stone+cut]-er,0-2-1,noun,/ˈstoʊnˌkətɝ/,real,someone who cuts or carves stone,stone+cut(đá + cắt) + -er(người làm việc gì; so sánh hơn),"Wordset Dictionary (wordset.org, WordNet-based, community-edited)",chưa dịch lại theo định nghĩa Wordset mới - vẫn là công thức ghép cũ,
stone+less,stoneless,[stone+less],0-2-0,adjective,/stˈoʊnləs/,"generated (espeak-ng G2P, algorithmic)",(of fruits having stones) having the stone removed,stone+less(đá + ít hơn),"Wordset Dictionary (wordset.org, WordNet-based, community-edited)",chưa dịch lại theo định nghĩa Wordset mới - vẫn là công thức ghép cũ,
stone+wall,stonewall,[stone+wall],0-2-0,verb,/ˈstoʊnˌwɔɫ/,real,engage in delaying tactics or refuse to cooperate,stone+wall(đá + bức tường),"Wordset Dictionary (wordset.org, WordNet-based, community-edited)",chưa dịch lại theo định nghĩa Wordset mới - vẫn là công thức ghép cũ,
stone+wall,stonewaller,[stone+wall]-er,0-2-1,noun,/stˈoʊnwɔːlɚ/,"generated (espeak-ng G2P, algorithmic)",one who stonewalls or refuses to answer or cooperate,stone+wall(đá + bức tường) + -er(người làm việc gì; so sánh hơn),"Wordset Dictionary (wordset.org, WordNet-based, community-edited)",chưa dịch lại theo định nghĩa Wordset mới - vẫn là công thức ghép cũ,
stone+work,stonework,[stone+work],0-2-0,noun,/stˈəʊnwɜːk/,real,masonry done with stone,stone+work(đá + công việc),"Wordset Dictionary (wordset.org, WordNet-based, community-edited)",chưa dịch lại theo định nghĩa Wordset mới - vẫn là công thức ghép cũ,
stop+gap,stopgap,[stop+gap],0-2-0,noun,/ˈstɑpˌɡæp/,real,something contrived to meet an urgent need or emergency,stop+gap(dừng lại + khoảng trống),"Wordset Dictionary (wordset.org, WordNet-based, community-edited)",chưa dịch lại theo định nghĩa Wordset mới - vẫn là công thức ghép cũ,
stop+over,stopover,[stop+over],0-2-0,noun,/ˈstɑˌpoʊvɝ/,real,a brief stay in the course of a journey,"stop+over(dừng lại + ở trên, hơn)","Wordset Dictionary (wordset.org, WordNet-based, community-edited)",chưa dịch lại theo định nghĩa Wordset mới - vẫn là công thức ghép cũ,
stop+watch,stopwatch,[stop+watch],0-2-0,noun,/ˈstɑpˌwɑtʃ/,real,a timepiece that can be started or stopped for exact timing,"stop+watch(dừng lại + xem, đồng hồ)","Wordset Dictionary (wordset.org, WordNet-based, community-edited)",chưa dịch lại theo định nghĩa Wordset mới - vẫn là công thức ghép cũ,
store+front,storefront,[store+front],0-2-0,noun,/ˈstɔɹˌfɹɑnt/,real,the front side of a store facing the street,"store+front(cửa hàng, lưu trữ + phía trước)","Wordset Dictionary (wordset.org, WordNet-based, community-edited)",chưa dịch lại theo định nghĩa Wordset mới - vẫn là công thức ghép cũ,
store+house,storehouse,[store+house],0-2-0,noun,/ˈstɔɹˌhaʊs/,real,a depository for goods,"store+house(cửa hàng, lưu trữ + ngôi nhà)","Wordset Dictionary (wordset.org, WordNet-based, community-edited)",chưa dịch lại theo định nghĩa Wordset mới - vẫn là công thức ghép cũ,
store+keep,storekeeper,[store+keep]-er,0-2-1,noun,/ˈstɔɹˌkipɝ/,real,a merchant who owns or manages a shop,"store+keep(cửa hàng, lưu trữ + giữ) + -er(người làm việc gì; so sánh hơn)","Wordset Dictionary (wordset.org, WordNet-based, community-edited)",chưa dịch lại theo định nghĩa Wordset mới - vẫn là công thức ghép cũ,
store+room,storeroom,[store+room],0-2-0,noun,/ˈstɔɹˌɹum/,real,a room in which things are stored,"store+room(cửa hàng, lưu trữ + căn phòng)","Wordset Dictionary (wordset.org, WordNet-based, community-edited)",chưa dịch lại theo định nghĩa Wordset mới - vẫn là công thức ghép cũ,
storm+bound,stormbound,[storm+bound],0-2-0,adjective,/stˈoːɹmbaʊnd/,"generated (espeak-ng G2P, algorithmic)",delayed or confined or cut off by a storm,"storm+bound(cơn bão + ràng buộc, giới hạn)","Wordset Dictionary (wordset.org, WordNet-based, community-edited)",chưa dịch lại theo định nghĩa Wordset mới - vẫn là công thức ghép cũ,
story+book,storybook,[story+book],0-2-0,noun,/ˈstɔɹiˌbʊk/,real,a book containing a collection of stories (usually for children),story+book(câu chuyện + sách),"Wordset Dictionary (wordset.org, WordNet-based, community-edited)",chưa dịch lại theo định nghĩa Wordset mới - vẫn là công thức ghép cũ,
story+line,storyline,[story+line],0-2-0,noun,/ˈstɔɹiˌɫaɪn/,real,the plot of a book or play or film,story+line(câu chuyện + đường kẻ),"Wordset Dictionary (wordset.org, WordNet-based, community-edited)",chưa dịch lại theo định nghĩa Wordset mới - vẫn là công thức ghép cũ,
story+tell,storyteller,[story+tell]-er,0-2-1,noun,/ˈstɔɹiˌtɛɫɝ/,real,someone who tells a story,story+tell(câu chuyện + kể lại) + -er(người làm việc gì; so sánh hơn),"Wordset Dictionary (wordset.org, WordNet-based, community-edited)",chưa dịch lại theo định nghĩa Wordset mới - vẫn là công thức ghép cũ,
straight+away,straightaway,[straight+away],0-2-0,adverb,/ˈstɹeɪtəˌweɪ/,real,without delay or hesitation,"straight+away(thẳng + xa, đi xa)","Wordset Dictionary (wordset.org, WordNet-based, community-edited)",chưa dịch lại theo định nghĩa Wordset mới - vẫn là công thức ghép cũ,
straight+forward,straightforwardly,[straight+forward]-ly,0-2-1,adverb,/ˌstɹeɪtˈfɔɹwɝdɫi/,real,with firmness and conviction,straight+forward(thẳng + về phía trước) + -ly(trạng từ chỉ cách thức / tính từ (giống như)),"Wordset Dictionary (wordset.org, WordNet-based, community-edited)",chưa dịch lại theo định nghĩa Wordset mới - vẫn là công thức ghép cũ,
straight+forward,straightforward,[straight+forward],0-2-0,adjective,/ˈstɹeɪtˈfɔɹwɝd/,real,easy to do or to understand; not complicated,straight+forward(thẳng + về phía trước),Oxford 5000 (verified),,
straight+way,straightway,[straight+way],0-2-0,adverb,/stɹˈeɪtweɪ/,real,in a direct course,"straight+way(thẳng + con đường, cách thức)","Wordset Dictionary (wordset.org, WordNet-based, community-edited)",chưa dịch lại theo định nghĩa Wordset mới - vẫn là công thức ghép cũ,
stream+line,streamline,[stream+line],0-2-0,verb,/ˈstɹimˌɫaɪn/,real,contour economically or efficiently,stream+line(dòng suối + đường kẻ),"Wordset Dictionary (wordset.org, WordNet-based, community-edited)",chưa dịch lại theo định nghĩa Wordset mới - vẫn là công thức ghép cũ,
stream+side,streamside,[stream+side],0-2-0,noun,/stɹˈiːmzaɪd/,"generated (espeak-ng G2P, algorithmic)","stream+side(a small, narrow river + either of the two halves of a surface, an object or an area that is divided by an imaginary central line)",stream+side(dòng suối + bên cạnh),"compositional (generated, unverified)",công thức ghép (chưa xác thực),
street+car,streetcar,[street+car],0-2-0,noun,/ˈstɹitˌkɑɹ/,real,a wheeled vehicle that runs on rails and is propelled by electricity,street+car(đường phố + xe ô tô),"Wordset Dictionary (wordset.org, WordNet-based, community-edited)",chưa dịch lại theo định nghĩa Wordset mới - vẫn là công thức ghép cũ,
street+light,streetlight,[street+light],0-2-0,noun,/stɹˈiːtlaɪt/,real,a lamp supported on a lamppost,"street+light(đường phố + ánh sáng, nhẹ)","Wordset Dictionary (wordset.org, WordNet-based, community-edited)",chưa dịch lại theo định nghĩa Wordset mới - vẫn là công thức ghép cũ,
street+walk,streetwalker,[street+walk]-er,0-2-1,noun,/stɹˈiːtwɔːkɐ/,real,a prostitute who attracts customers by walking the streets,street+walk(đường phố + đi bộ) + -er(người làm việc gì; so sánh hơn),"Wordset Dictionary (wordset.org, WordNet-based, community-edited)",chưa dịch lại theo định nghĩa Wordset mới - vẫn là công thức ghép cũ,
strike+bound,strikebound,[strike+bound],0-2-0,adjective,/stɹˈaɪkbaʊnd/,"generated (espeak-ng G2P, algorithmic)",closed or immobilized by a strike,"strike+bound(đình công, đánh + ràng buộc, giới hạn)","Wordset Dictionary (wordset.org, WordNet-based, community-edited)",chưa dịch lại theo định nghĩa Wordset mới - vẫn là công thức ghép cũ,
strike+break,strikebreaker,[strike+break]-er,0-2-1,noun,/ˈstɹaɪkˌbɹeɪkɝ/,real,someone who works (or provides workers) during a strike,"strike+break(đình công, đánh + phá vỡ, nghỉ giải lao) + -er(người làm việc gì; so sánh hơn)","Wordset Dictionary (wordset.org, WordNet-based, community-edited)",chưa dịch lại theo định nghĩa Wordset mới - vẫn là công thức ghép cũ,
strike+break,strikebreaking,[strike+break],0-2-0,noun,/stɹˈaɪkbɹeɪkɪŋ/,"generated (espeak-ng G2P, algorithmic)",confrontational activities intended to break up a strike by workers,"strike+break(đình công, đánh + phá vỡ, nghỉ giải lao)","Wordset Dictionary (wordset.org, WordNet-based, community-edited)",chưa dịch lại theo định nghĩa Wordset mới - vẫn là công thức ghép cũ,
strong+arm,strongarm,[strong+arm],0-2-0,adjective,/stɹˈɔŋɡɑːɹm/,"generated (espeak-ng G2P, algorithmic)","strong+arm(having a lot of physical power so that you can lift heavy weights, do hard physical work, etc. + either of the two long parts that stick out from the top of the body and connect the shoulders to the hands)","strong+arm(mạnh mẽ + cánh tay, vũ trang)","compositional (generated, unverified)",công thức ghép (chưa xác thực),"""strong-arm"" - dùng vũ lực, rất phổ biến"
strong+box,strongbox,[strong+box],0-2-0,noun,/stɹˈɒŋbɒks/,real,a strongly made box for holding money or valuables,strong+box(mạnh mẽ + hộp),"Wordset Dictionary (wordset.org, WordNet-based, community-edited)",chưa dịch lại theo định nghĩa Wordset mới - vẫn là công thức ghép cũ,
strong+hold,stronghold,[strong+hold],0-2-0,noun,/ˈstɹɔŋˌhoʊɫd/,real,a strongly fortified defensive structure,strong+hold(mạnh mẽ + giữ),"Wordset Dictionary (wordset.org, WordNet-based, community-edited)",chưa dịch lại theo định nghĩa Wordset mới - vẫn là công thức ghép cũ,
strong+room,strongrooms,[strong+room],0-2-0,adjective,/stɹˈɔŋɡɹuːmz/,"generated (espeak-ng G2P, algorithmic)","strong+room(having a lot of physical power so that you can lift heavy weights, do hard physical work, etc. + a part of a building that has its own walls, floor and ceiling and is usually used for a particular purpose)",strong+room(mạnh mẽ + căn phòng),"compositional (generated, unverified)",công thức ghép (chưa xác thực),
style+mark,stylemark,[style+mark],0-2-0,noun,/stˈaɪlɪmˌɑːɹk/,"generated (espeak-ng G2P, algorithmic)",a distinctive characteristic or attribute,"style+mark(phong cách + dấu, đánh dấu)","Wordset Dictionary (wordset.org, WordNet-based, community-edited)",chưa dịch lại theo định nghĩa Wordset mới - vẫn là công thức ghép cũ,
such+like,suchlike,[such+like],0-2-0,adjective,/sˈʌtʃlaɪk/,real,of the same kind,"such+like(như vậy + thích, giống như)","Wordset Dictionary (wordset.org, WordNet-based, community-edited)",chưa dịch lại theo định nghĩa Wordset mới - vẫn là công thức ghép cũ,
suit+case,suitcase,[suit+case],0-2-0,noun,/ˈsutˌkeɪs/,real,a portable rectangular container for carrying clothes,"suit+case(bộ vest, phù hợp + trường hợp, vali)","Wordset Dictionary (wordset.org, WordNet-based, community-edited)",chưa dịch lại theo định nghĩa Wordset mới - vẫn là công thức ghép cũ,
sum+mate,summate,[sum+mate],0-2-0,verb,/sˈʌmeɪt/,"generated (espeak-ng G2P, algorithmic)",determine the sum of,"sum+mate(tổng số + bạn đời, bạn bè)","Wordset Dictionary (wordset.org, WordNet-based, community-edited)",chưa dịch lại theo định nghĩa Wordset mới - vẫn là công thức ghép cũ,
summer+house,summerhouse,[summer+house],0-2-0,noun,/sˈʌməhˌaʊs/,real,a small roofed building affording shade and rest,summer+house(mùa hè + ngôi nhà),"Wordset Dictionary (wordset.org, WordNet-based, community-edited)",chưa dịch lại theo định nghĩa Wordset mới - vẫn là công thức ghép cũ,
summer+time,summertime,[summer+time],0-2-0,noun,/ˈsəmɝˌtaɪm/,real,the warmest season of the year,summer+time(mùa hè + thời gian),"Wordset Dictionary (wordset.org, WordNet-based, community-edited)",chưa dịch lại theo định nghĩa Wordset mới - vẫn là công thức ghép cũ,
sun+bake,sunbaked,[sun+bake],0-2-0,adjective,/sˈʌnbeɪkt/,"generated (espeak-ng G2P, algorithmic)",baked or hardened by exposure to sunlight,sun+bake(mặt trời + nướng bánh),"Wordset Dictionary (wordset.org, WordNet-based, community-edited)",chưa dịch lại theo định nghĩa Wordset mới - vẫn là công thức ghép cũ,
sun+bath,sunbathe,[sun+bath],0-2-0,verb,/ˈsənˌbeɪð/,real,expose one's body to the sun,sun+bath(mặt trời + bồn tắm),"Wordset Dictionary (wordset.org, WordNet-based, community-edited)",chưa dịch lại theo định nghĩa Wordset mới - vẫn là công thức ghép cũ,
sun+bath,sunbather,[sun+bath]-er,0-2-1,noun,/sˈʌnbeɪðɐ/,real,someone who basks in the sunshine in order to get a suntan,sun+bath(mặt trời + bồn tắm) + -er(người làm việc gì; so sánh hơn),"Wordset Dictionary (wordset.org, WordNet-based, community-edited)",chưa dịch lại theo định nghĩa Wordset mới - vẫn là công thức ghép cũ,
sun+beam,sunbeam,[sun+beam],0-2-0,noun,/ˈsənˌbim/,real,a ray of sunlight,"sun+beam(mặt trời + chùm tia, dầm)","Wordset Dictionary (wordset.org, WordNet-based, community-edited)",chưa dịch lại theo định nghĩa Wordset mới - vẫn là công thức ghép cũ,
sun+blind,sunblind,[sun+blind],0-2-0,noun,/sˈʌnblaɪnd/,"generated (espeak-ng G2P, algorithmic)",a canopy made of canvas to shelter people or things from rain or sun,sun+blind(mặt trời + mù lòa),"Wordset Dictionary (wordset.org, WordNet-based, community-edited)",chưa dịch lại theo định nghĩa Wordset mới - vẫn là công thức ghép cũ,
sun+burn,sunburnt,[sun+burn]-t,0-2-1,adjective,/sˈʌnbɜːnt/,real,suffering from overexposure to direct sunlight,"sun+burn(mặt trời + đốt cháy) + -t([NGỮ PHÁP] đuôi chia động từ bất quy tắc (VD burnt, dealt) — không mang nghĩa riêng)","Wordset Dictionary (wordset.org, WordNet-based, community-edited)",chưa dịch lại theo định nghĩa Wordset mới - vẫn là công thức ghép cũ,
sun+burn,sunburn,[sun+burn],0-2-0,noun,/ˈsənˌbɝn/,real,redness of the skin caused by exposure to the rays of the sun,sun+burn(mặt trời + đốt cháy),"Wordset Dictionary (wordset.org, WordNet-based, community-edited)",chưa dịch lại theo định nghĩa Wordset mới - vẫn là công thức ghép cũ,
sun+burst,sunburst,[sun+burst],0-2-0,noun,/sˈʌnbɜːst/,real,a jeweled brooch with a pattern resembling the sun,sun+burst(mặt trời + nổ tung),"Wordset Dictionary (wordset.org, WordNet-based, community-edited)",chưa dịch lại theo định nghĩa Wordset mới - vẫn là công thức ghép cũ,
sun+day,sunday,[sun+day],0-2-0,noun,/ˈsənˌdeɪ/,real,"the day of the week after Saturday and before Monday, thought of as either the first or the last day of the week",sun+day(mặt trời + ngày),Oxford 5000 (verified),,
sun+deck,sundeck,[sun+deck],0-2-0,noun,/sˈʌndɛk/,real,sun+deck(the star that shines in the sky during the day and gives the earth heat and light + the top outside floor of a ship or boat),"sun+deck(mặt trời + boong tàu, sàn)","compositional (generated, unverified)",công thức ghép (chưa xác thực),
sun+down,sundown,[sun+down],0-2-0,noun,/ˈsənˌdaʊn/,real,the time in the evening at which the sun begins to fall below the horizon,sun+down(mặt trời + xuống),"Wordset Dictionary (wordset.org, WordNet-based, community-edited)",chưa dịch lại theo định nghĩa Wordset mới - vẫn là công thức ghép cũ,
sun+fish,sunfish,[sun+fish],0-2-0,noun,/ˈsənˌfɪʃ/,real,small carnivorous freshwater percoid fishes of North America usually having a laterally compressed body and metallic luster: crappies,sun+fish(mặt trời + cá),"Wordset Dictionary (wordset.org, WordNet-based, community-edited)",chưa dịch lại theo định nghĩa Wordset mới - vẫn là công thức ghép cũ,
sun+flower,sunflower,[sun+flower],0-2-0,noun,/ˈsənˌfɫaʊɝ/,real,any plant of the genus Helianthus having large flower heads with dark disk florets and showy yellow rays,sun+flower(mặt trời + hoa),"Wordset Dictionary (wordset.org, WordNet-based, community-edited)",chưa dịch lại theo định nghĩa Wordset mới - vẫn là công thức ghép cũ,
sun+glass,sunglasses,[sun+glass],0-2-0,noun,/ˈsənˌɡɫæsɪz/,real,spectacles that are darkened or polarized to protect the eyes from the glare of the sun,"sun+glass(mặt trời + kính, ly)","Wordset Dictionary (wordset.org, WordNet-based, community-edited)",chưa dịch lại theo định nghĩa Wordset mới - vẫn là công thức ghép cũ,
sun+lamp,sunlamp,[sun+lamp],0-2-0,noun,/sˈʌnlæmp/,real,a mercury-vapor lamp used in medical or cosmetic treatments,sun+lamp(mặt trời + đèn),"Wordset Dictionary (wordset.org, WordNet-based, community-edited)",chưa dịch lại theo định nghĩa Wordset mới - vẫn là công thức ghép cũ,
sun+light,sunlight,[sun+light],0-2-0,noun,/ˈsənˌɫaɪt/,real,the rays of the sun,"sun+light(mặt trời + ánh sáng, nhẹ)","Wordset Dictionary (wordset.org, WordNet-based, community-edited)",chưa dịch lại theo định nghĩa Wordset mới - vẫn là công thức ghép cũ,
sun+ray,sunray,[sun+ray],0-2-0,noun,/sˈʌnɹeɪ/,"generated (espeak-ng G2P, algorithmic)",a ray of sunlight,sun+ray(mặt trời + tia sáng),"Wordset Dictionary (wordset.org, WordNet-based, community-edited)",chưa dịch lại theo định nghĩa Wordset mới - vẫn là công thức ghép cũ,
sun+rise,sunrise,[sun+rise],0-2-0,adjective,/ˈsənˌɹaɪz/,real,of an industry or technology,sun+rise(mặt trời + tăng lên),"Wordset Dictionary (wordset.org, WordNet-based, community-edited)",chưa dịch lại theo định nghĩa Wordset mới - vẫn là công thức ghép cũ,
sun+roof,sunroof,[sun+roof],0-2-0,noun,/ˈsənˌɹuf/,real,an automobile roof having a sliding or raisable panel,sun+roof(mặt trời + mái nhà),"Wordset Dictionary (wordset.org, WordNet-based, community-edited)",chưa dịch lại theo định nghĩa Wordset mới - vẫn là công thức ghép cũ,
sun+set,sunset,[sun+set],0-2-0,adjective,/ˈsənˌsɛt/,real,providing for termination,"sun+set(mặt trời + đặt, bộ)","Wordset Dictionary (wordset.org, WordNet-based, community-edited)",chưa dịch lại theo định nghĩa Wordset mới - vẫn là công thức ghép cũ,
sun+shade,sunshade,[sun+shade],0-2-0,noun,/sˈʌnʃeɪd/,real,a canopy made of canvas to shelter people or things from rain or sun,sun+shade(mặt trời + bóng râm),"Wordset Dictionary (wordset.org, WordNet-based, community-edited)",chưa dịch lại theo định nghĩa Wordset mới - vẫn là công thức ghép cũ,
sun+shine,sunshiny,[sun+shine]-y,0-2-1,adjective,/ˈsənˌʃaɪni/,real,sun+shine(the star that shines in the sky during the day and gives the earth heat and light + to produce or reflect light; to be bright) + -y(having quality of; noun/adjective),sun+shine(mặt trời + tỏa sáng) + -y(có tính chất; danh từ/tính từ),"compositional (generated, unverified)",công thức ghép (chưa xác thực),
sun+shine,sunshine,[sun+shine],0-2-0,noun,/ˈsənˌʃaɪn/,real,moderate weather,sun+shine(mặt trời + tỏa sáng),"Wordset Dictionary (wordset.org, WordNet-based, community-edited)",chưa dịch lại theo định nghĩa Wordset mới - vẫn là công thức ghép cũ,
sun+spot,sunspot,[sun+spot],0-2-0,noun,/ˈsənˌspɑt/,real,a cooler darker spot appearing periodically on the sun's photosphere,"sun+spot(mặt trời + vết đốm, địa điểm)","Wordset Dictionary (wordset.org, WordNet-based, community-edited)",chưa dịch lại theo định nghĩa Wordset mới - vẫn là công thức ghép cũ,
sun+stroke,sunstroke,[sun+stroke],0-2-0,noun,/sˈʌnstɹəʊk/,real,sudden prostration due to exposure to the sun or excessive heat,"sun+stroke(mặt trời + cú đánh, đột quỵ)","Wordset Dictionary (wordset.org, WordNet-based, community-edited)",chưa dịch lại theo định nghĩa Wordset mới - vẫn là công thức ghép cũ,
sun+trap,suntrap,[sun+trap],0-2-0,noun,/sˈʌntɹæp/,real,a terrace or garden oriented to take advantage of the sun while protected from cold winds,sun+trap(mặt trời + cái bẫy),"Wordset Dictionary (wordset.org, WordNet-based, community-edited)",chưa dịch lại theo định nghĩa Wordset mới - vẫn là công thức ghép cũ,
sure+fire,surefire,[sure+fire],0-2-0,adjective,/ʃˈɔːfaɪə/,real,"sure+fire(confident that you know something or that you are right + the flames, light and heat, and often smoke, that are produced when something burns)","sure+fire(chắc chắn + lửa, sa thải)","compositional (generated, unverified)",công thức ghép (chưa xác thực),
sure+foot,surefooted,[sure+foot],0-2-0,adjective,/ʃˈɔːfʊtɪd/,real,not liable to error in judgment or action,sure+foot(chắc chắn + bàn chân),"Wordset Dictionary (wordset.org, WordNet-based, community-edited)",chưa dịch lại theo định nghĩa Wordset mới - vẫn là công thức ghép cũ,
sure+foot,surefootedly,[sure+foot]-ly,0-2-1,adverb,/ʃˈʊɹfʊɾᵻdli/,"generated (espeak-ng G2P, algorithmic)","sure+foot(confident that you know something or that you are right + the lowest part of the leg, below the ankle, on which a person or an animal stands) + -ly(adverb of manner / adjective (like))",sure+foot(chắc chắn + bàn chân) + -ly(trạng từ chỉ cách thức / tính từ (giống như)),"compositional (generated, unverified)",công thức ghép (chưa xác thực),
sure+foot,surefootedness,[sure+foot]-ness,0-2-1,noun,/ʃˈʊɹfʊɾᵻdnəs/,"generated (espeak-ng G2P, algorithmic)","sure+foot(confident that you know something or that you are right + the lowest part of the leg, below the ankle, on which a person or an animal stands) + -ness(state or quality of (noun))","sure+foot(chắc chắn + bàn chân) + -ness(trạng thái, tính chất (danh từ))","compositional (generated, unverified)",công thức ghép (chưa xác thực),
swear+word,swearword,[swear+word],0-2-0,noun,/swˈeəwɜːd/,real,profane or obscene expression usually of surprise or anger,"swear+word(thề, chửi thề + từ ngữ)","Wordset Dictionary (wordset.org, WordNet-based, community-edited)",chưa dịch lại theo định nghĩa Wordset mới - vẫn là công thức ghép cũ,
sweep+stake,sweepstake,[sweep+stake],0-2-0,verb,/ˈswipˌsteɪk/,real,"sweep+stake(to clean a room, surface, etc. using a broom (= a type of brush on a long handle) + money that somebody invests in a company)","sweep+stake(quét dọn + cổ phần, cọc)","compositional (generated, unverified)",công thức ghép (chưa xác thực),
sweet+bread,sweetbread,[sweet+bread],0-2-0,noun,/swˈiːtbɹɛd/,real,edible glands of an animal,sweet+bread(ngọt ngào + bánh mì),"Wordset Dictionary (wordset.org, WordNet-based, community-edited)",chưa dịch lại theo định nghĩa Wordset mới - vẫn là công thức ghép cũ,
sweet+heart,sweetheart,[sweet+heart],0-2-0,adjective,/ˈswitˌhɑɹt/,real,privileged treatment of a favored person or corporation (sometimes unethically),sweet+heart(ngọt ngào + trái tim),"Wordset Dictionary (wordset.org, WordNet-based, community-edited)",chưa dịch lại theo định nghĩa Wordset mới - vẫn là công thức ghép cũ,
sweet+meat,sweetmeat,[sweet+meat],0-2-0,noun,/swˈiːtmiːt/,real,a sweetened delicacy (as a preserve or pastry),sweet+meat(ngọt ngào + thịt),"Wordset Dictionary (wordset.org, WordNet-based, community-edited)",chưa dịch lại theo định nghĩa Wordset mới - vẫn là công thức ghép cũ,
swim+suit,swimsuit,[swim+suit],0-2-0,noun,/ˈswɪmˌsut/,real,tight fitting garment worn for swimming,"swim+suit(bơi lội + bộ vest, phù hợp)","Wordset Dictionary (wordset.org, WordNet-based, community-edited)",chưa dịch lại theo định nghĩa Wordset mới - vẫn là công thức ghép cũ,
switch+back,switchback,[switch+back],0-2-0,noun,/swˈɪtʃbæk/,real,switch+back(a small device that you press or move up and down in order to turn a light or piece of electrical equipment on and off + located behind or at the back of something),"switch+back(công tắc, chuyển đổi + lưng, phía sau)","compositional (generated, unverified)",công thức ghép (chưa xác thực),
switch+blade,switchblade,[switch+blade],0-2-0,noun,/ˈswɪtʃˌbɫeɪd/,real,a pocketknife with a blade that springs open at the press of a button,"switch+blade(công tắc, chuyển đổi + lưỡi dao)","Wordset Dictionary (wordset.org, WordNet-based, community-edited)",chưa dịch lại theo định nghĩa Wordset mới - vẫn là công thức ghép cũ,
switch+board,switchboard,[switch+board],0-2-0,noun,/ˈswɪtʃˌbɔɹd/,real,telephone central where circuits are completed with patchcords,"switch+board(công tắc, chuyển đổi + ban, bảng, tấm ván)","Wordset Dictionary (wordset.org, WordNet-based, community-edited)",chưa dịch lại theo định nghĩa Wordset mới - vẫn là công thức ghép cũ,
switch+gear,switchgear,[switch+gear],0-2-0,noun,/swˈɪtʃɡiə/,real,switch+gear(a small device that you press or move up and down in order to turn a light or piece of electrical equipment on and off + equipment in a vehicle that changes the relation between engine speed (or pedal speed on a bicycle) and the speed of the wheels moving forwards or backwards),"switch+gear(công tắc, chuyển đổi + bánh răng, trang thiết bị)","compositional (generated, unverified)",công thức ghép (chưa xác thực),
switch+man,switchman,[switch+man],0-2-0,noun,/swˈɪtʃmən/,"generated (espeak-ng G2P, algorithmic)",a man who operates railroad switches,"switch+man(công tắc, chuyển đổi + đàn ông)","Wordset Dictionary (wordset.org, WordNet-based, community-edited)",chưa dịch lại theo định nghĩa Wordset mới - vẫn là công thức ghép cũ,
switch+over,switchover,[switch+over],0-2-0,noun,/swˈɪtʃəʊvɐ/,real,"switch+over(a small device that you press or move up and down in order to turn a light or piece of electrical equipment on and off + across a street, an open space, etc.)","switch+over(công tắc, chuyển đổi + ở trên, hơn)","compositional (generated, unverified)",công thức ghép (chưa xác thực),
sword+fish,swordfish,[sword+fish],0-2-0,noun,/ˈsɔɹdˌfɪʃ/,real,large toothless marine food fish with a long swordlike upper jaw,sword+fish(thanh kiếm + cá),"Wordset Dictionary (wordset.org, WordNet-based, community-edited)",chưa dịch lại theo định nghĩa Wordset mới - vẫn là công thức ghép cũ,
sword+man,swordsman,[sword+man],0-2-0,noun,/sˈɔːdzmən/,real,someone skilled at fencing,sword+man(thanh kiếm + đàn ông),"Wordset Dictionary (wordset.org, WordNet-based, community-edited)",chưa dịch lại theo định nghĩa Wordset mới - vẫn là công thức ghép cũ,
sword+man,swordsmanship,[sword+man]-ship,0-2-1,noun,/sˈɔːdzmənʃˌɪp/,real,skill in fencing,"sword+man(thanh kiếm + đàn ông) + -ship(trạng thái, điều kiện, kỹ năng (danh từ))","Wordset Dictionary (wordset.org, WordNet-based, community-edited)",chưa dịch lại theo định nghĩa Wordset mới - vẫn là công thức ghép cũ,
sword+play,swordplay,[sword+play],0-2-0,noun,/ˈsɔɹdˌpɫeɪ/,real,the act using a sword or similar weapon vigorously and skillfully,sword+play(thanh kiếm + chơi),"Wordset Dictionary (wordset.org, WordNet-based, community-edited)",chưa dịch lại theo định nghĩa Wordset mới - vẫn là công thức ghép cũ,
sword+stick,swordstick,[sword+stick],0-2-0,noun,/sˈoːɹdstɪk/,"generated (espeak-ng G2P, algorithmic)",sword+stick(a weapon with a long metal blade (= sharp cutting part) and a handle + a thin piece of wood that has fallen or been broken from a tree),"sword+stick(thanh kiếm + que, dính chặt)","compositional (generated, unverified)",công thức ghép (chưa xác thực),
table+cloth,tablecloth,[table+cloth],0-2-0,noun,/ˈteɪbəɫˌkɫɔθ/,real,a covering spread over a dining table,table+cloth(cái bàn + vải),"Wordset Dictionary (wordset.org, WordNet-based, community-edited)",chưa dịch lại theo định nghĩa Wordset mới - vẫn là công thức ghép cũ,
table+land,tableland,[table+land],0-2-0,noun,/tˈeɪbəllənd/,real,a relatively flat highland,table+land(cái bàn + đất đai),"Wordset Dictionary (wordset.org, WordNet-based, community-edited)",chưa dịch lại theo định nghĩa Wordset mới - vẫn là công thức ghép cũ,
table+spoon,tablespoon,[table+spoon],0-2-0,noun,/ˈteɪbəɫˌspun/,real,a spoon larger than a dessert spoon,table+spoon(cái bàn + thìa),"Wordset Dictionary (wordset.org, WordNet-based, community-edited)",chưa dịch lại theo định nghĩa Wordset mới - vẫn là công thức ghép cũ,
table+spoon,tablespoonful,[table+spoon]-ful,0-2-1,noun,/tˈeɪbəlspˌuːnfəl/,real,as much as a tablespoon will hold,"table+spoon(cái bàn + thìa) + -ful(đầy, có nhiều (tính từ))","Wordset Dictionary (wordset.org, WordNet-based, community-edited)",chưa dịch lại theo định nghĩa Wordset mới - vẫn là công thức ghép cũ,
tail+back,tailback,[tail+back],0-2-0,noun,/tˈeɪlbæk/,real,(American football) the position of the offensive back on a football team who lines up farthest from the line of scrimmage,"tail+back(đuôi + lưng, phía sau)","Wordset Dictionary (wordset.org, WordNet-based, community-edited)",chưa dịch lại theo định nghĩa Wordset mới - vẫn là công thức ghép cũ,
tail+gate,tailgate,[tail+gate],0-2-0,noun,/ˈteɪɫˌɡeɪt/,real,a gate at the rear of a vehicle,tail+gate(đuôi + cổng),"Wordset Dictionary (wordset.org, WordNet-based, community-edited)",chưa dịch lại theo định nghĩa Wordset mới - vẫn là công thức ghép cũ,
tail+light,taillight,[tail+light],0-2-0,noun,/tˈeɪlaɪt/,"generated (espeak-ng G2P, algorithmic)",lamp (usually red) mounted at the rear of a motor vehicle,"tail+light(đuôi + ánh sáng, nhẹ)","Wordset Dictionary (wordset.org, WordNet-based, community-edited)",chưa dịch lại theo định nghĩa Wordset mới - vẫn là công thức ghép cũ,
tail+piece,tailpiece,[tail+piece],0-2-0,noun,/tˈeɪlpiːs/,real,appendage added to extend the length of something,"tail+piece(đuôi + mảnh, miếng)","Wordset Dictionary (wordset.org, WordNet-based, community-edited)",chưa dịch lại theo định nghĩa Wordset mới - vẫn là công thức ghép cũ,
tail+spin,tailspin,[tail+spin],0-2-0,noun,/ˈteɪɫˌspɪn/,real,rapid descent of an aircraft in a steep spiral,tail+spin(đuôi + quay tròn),"Wordset Dictionary (wordset.org, WordNet-based, community-edited)",chưa dịch lại theo định nghĩa Wordset mới - vẫn là công thức ghép cũ,
tail+wind,tailwind,[tail+wind],0-2-0,noun,/tˈeɪlwɪnd/,real,wind blowing in the same direction as the path of a ship or aircraft,tail+wind(đuôi + gió),"Wordset Dictionary (wordset.org, WordNet-based, community-edited)",chưa dịch lại theo định nghĩa Wordset mới - vẫn là công thức ghép cũ,
take+away,takeaway,[take+away],0-2-0,noun,/ˈteɪkəˌweɪ/,real,the act of taking the ball or puck away from the team on the offense (as by the interception of a pass),"take+away(lấy, cầm + xa, đi xa)","Wordset Dictionary (wordset.org, WordNet-based, community-edited)",chưa dịch lại theo định nghĩa Wordset mới - vẫn là công thức ghép cũ,
take+off,takeoff,[take+off],0-2-0,noun,/ˈteɪˌkɔf/,real,a departure,"take+off(lấy, cầm + tắt, xa khỏi)","Wordset Dictionary (wordset.org, WordNet-based, community-edited)",chưa dịch lại theo định nghĩa Wordset mới - vẫn là công thức ghép cũ,
take+over,takeover,[take+over],0-2-0,noun,/ˈteɪˌkoʊvɝ/,real,a change by sale or merger in the controlling interest of a corporation,"take+over(lấy, cầm + ở trên, hơn)","Wordset Dictionary (wordset.org, WordNet-based, community-edited)",chưa dịch lại theo định nghĩa Wordset mới - vẫn là công thức ghép cũ,
tap+room,taproom,[tap+room],0-2-0,noun,/tˈeɪpɹuːm/,real,a room or establishment where alcoholic drinks are served over a counter,"tap+room(vòi nước, chạm nhẹ + căn phòng)","Wordset Dictionary (wordset.org, WordNet-based, community-edited)",chưa dịch lại theo định nghĩa Wordset mới - vẫn là công thức ghép cũ,
tap+root,taproot,[tap+root],0-2-0,noun,/tˈeɪpɹuːt/,real,something that provides an important central source for growth or development,"tap+root(vòi nước, chạm nhẹ + rễ cây, gốc rễ)","Wordset Dictionary (wordset.org, WordNet-based, community-edited)",chưa dịch lại theo định nghĩa Wordset mới - vẫn là công thức ghép cũ,
tape+worm,tapeworm,[tape+worm],0-2-0,noun,/tˈeɪpwɜːm/,real,ribbonlike flatworms that are parasitic in the intestines of humans and other vertebrates,"tape+worm(băng dính, băng ghi âm + con giun)","Wordset Dictionary (wordset.org, WordNet-based, community-edited)",chưa dịch lại theo định nghĩa Wordset mới - vẫn là công thức ghép cũ,
task+master,taskmaster,[task+master],0-2-0,noun,/ˈtæskˌmæstɝ/,real,someone who imposes hard or continuous work,task+master(nhiệm vụ + bậc thầy),"Wordset Dictionary (wordset.org, WordNet-based, community-edited)",chưa dịch lại theo định nghĩa Wordset mới - vẫn là công thức ghép cũ,
tax+pay,taxpaying,[tax+pay],0-2-0,adjective,/ˈtækˌspeɪɪŋ/,real,not exempt from paying taxes,tax+pay(thuế + trả tiền),"Wordset Dictionary (wordset.org, WordNet-based, community-edited)",chưa dịch lại theo định nghĩa Wordset mới - vẫn là công thức ghép cũ,
tax+pay,taxpayer,[tax+pay]-er,0-2-1,noun,/ˈtækˌspeɪɝ/,real,"a person who pays tax to the government, especially on the money that they earn",tax+pay(thuế + trả tiền) + -er(người làm việc gì; so sánh hơn),Oxford 5000 (verified),,
tea+bag,teabags,[tea+bag]-z,0-2-1,unknown,/tˈiːbæɡz/,real,"tea+bag(the dried leaves (called tea leaves) of the tea bush + a container made of cloth, leather, plastic or paper, used to carry things in, especially when shopping or travelling) + -z(z)",tea+bag(trà + túi) + -z(z),"compositional (generated, unverified)",công thức ghép (chưa xác thực),
tea+bag,teabag,[tea+bag],0-2-0,noun,/tˈiːbæɡ/,real,"tea+bag(the dried leaves (called tea leaves) of the tea bush + a container made of cloth, leather, plastic or paper, used to carry things in, especially when shopping or travelling)",tea+bag(trà + túi),"compositional (generated, unverified)",công thức ghép (chưa xác thực),
tea+cake,teacake,[tea+cake],0-2-0,noun,/tˈiːkeɪk/,real,any of various small cakes or cookies often served with tea,tea+cake(trà + bánh ngọt),"Wordset Dictionary (wordset.org, WordNet-based, community-edited)",chưa dịch lại theo định nghĩa Wordset mới - vẫn là công thức ghép cũ,
tea+cup,teacupful,[tea+cup]-ful,0-2-1,noun,/tˈiːkʌpfəl/,"generated (espeak-ng G2P, algorithmic)",as much as a teacup will hold,"tea+cup(trà + cốc) + -ful(đầy, có nhiều (tính từ))","Wordset Dictionary (wordset.org, WordNet-based, community-edited)",chưa dịch lại theo định nghĩa Wordset mới - vẫn là công thức ghép cũ,
tea+cup,teacup,[tea+cup],0-2-0,noun,/ˈtiˌkəp/,real,a cup from which tea is drunk,tea+cup(trà + cốc),"Wordset Dictionary (wordset.org, WordNet-based, community-edited)",chưa dịch lại theo định nghĩa Wordset mới - vẫn là công thức ghép cũ,
tea+house,teahouse,[tea+house],0-2-0,noun,/tˈiːhaʊs/,real,a restaurant where tea and light meals are available,tea+house(trà + ngôi nhà),"Wordset Dictionary (wordset.org, WordNet-based, community-edited)",chưa dịch lại theo định nghĩa Wordset mới - vẫn là công thức ghép cũ,
tea+leaf,tealeaf,[tea+leaf],0-2-0,noun,/tˈiːliːf/,"generated (espeak-ng G2P, algorithmic)","tea+leaf(the dried leaves (called tea leaves) of the tea bush + a flat green part of a plant, growing from a stem or branch or from the root)",tea+leaf(trà + lá cây),"compositional (generated, unverified)",công thức ghép (chưa xác thực),"""tea leaf"" - lá trà"
tea+leave,tealeaves,[tea+leave],0-2-0,noun,/tˈiːliːvz/,"generated (espeak-ng G2P, algorithmic)",tea+leave(the dried leaves (called tea leaves) of the tea bush + a period of time when you are allowed to be away from work for a holiday or for a special reason),tea+leave(trà + rời đi),"compositional (generated, unverified)",công thức ghép (chưa xác thực),"số nhiều của ""tea leaf"""
tea+pot,teapot,[tea+pot],0-2-0,noun,/ˈtiˌpɑt/,real,pot for brewing tea,tea+pot(trà + nồi),"Wordset Dictionary (wordset.org, WordNet-based, community-edited)",chưa dịch lại theo định nghĩa Wordset mới - vẫn là công thức ghép cũ,
tea+room,tearoom,[tea+room],0-2-0,noun,/tˈeəɹuːm/,real,a restaurant where tea and light meals are available,tea+room(trà + căn phòng),"Wordset Dictionary (wordset.org, WordNet-based, community-edited)",chưa dịch lại theo định nghĩa Wordset mới - vẫn là công thức ghép cũ,
tea+spoon,teaspoonful,[tea+spoon]-ful,0-2-1,noun,/ˈtiˌspunfəɫ/,real,as much as a teaspoon will hold,"tea+spoon(trà + thìa) + -ful(đầy, có nhiều (tính từ))","Wordset Dictionary (wordset.org, WordNet-based, community-edited)",chưa dịch lại theo định nghĩa Wordset mới - vẫn là công thức ghép cũ,
tea+spoon,teaspoon,[tea+spoon],0-2-0,noun,/ˈtiˌspun/,real,a small spoon used for stirring tea or coffee,tea+spoon(trà + thìa),"Wordset Dictionary (wordset.org, WordNet-based, community-edited)",chưa dịch lại theo định nghĩa Wordset mới - vẫn là công thức ghép cũ,
tea+time,teatime,[tea+time],0-2-0,noun,/tˈiːtaɪm/,real,a light midafternoon meal of tea and sandwiches or cakes,tea+time(trà + thời gian),"Wordset Dictionary (wordset.org, WordNet-based, community-edited)",chưa dịch lại theo định nghĩa Wordset mới - vẫn là công thức ghép cũ,
team+mate,teammate,[team+mate],0-2-0,noun,/ˈtiˌmeɪt/,real,a fellow member of a team or group,"team+mate(đội nhóm + bạn đời, bạn bè)","Wordset Dictionary (wordset.org, WordNet-based, community-edited)",chưa dịch lại theo định nghĩa Wordset mới - vẫn là công thức ghép cũ,
team+work,teamwork,[team+work],0-2-0,noun,/ˈtimˌwɝk/,real,cooperative work done by a team (especially when it is effective),team+work(đội nhóm + công việc),"Wordset Dictionary (wordset.org, WordNet-based, community-edited)",chưa dịch lại theo định nghĩa Wordset mới - vẫn là công thức ghép cũ,
tear+drop,teardrop,[tear+drop],0-2-0,noun,/tˈiədɹɒp/,real,a drop of the clear salty saline solution secreted by the lacrimal glands,"tear+drop(nước mắt, xé rách + rơi, giọt)","Wordset Dictionary (wordset.org, WordNet-based, community-edited)",chưa dịch lại theo định nghĩa Wordset mới - vẫn là công thức ghép cũ,
tear+gas,teargas,[tear+gas],0-2-0,noun,/tˈiəɡæs/,real,a gas that makes the eyes fill with tears but does not damage them,"tear+gas(nước mắt, xé rách + khí ga)","Wordset Dictionary (wordset.org, WordNet-based, community-edited)",chưa dịch lại theo định nghĩa Wordset mới - vẫn là công thức ghép cũ,
teen+age,teenager,[teen+age]-er,0-2-1,noun,/ˈtiˌneɪdʒɝ/,real,a person who is between 13 and 19 years old,"teen+age(tuổi teen + tuổi, thời đại) + -er(người làm việc gì; so sánh hơn)",Oxford 5000 (verified),,
teen+age,teenage,[teen+age],0-2-0,adjective,/ˈtiˌneɪdʒ/,real,between 13 and 19 years old; connected with people of this age,"teen+age(tuổi teen + tuổi, thời đại)",Oxford 5000 (verified),,
tell+tale,telltale,[tell+tale],0-2-0,adjective,/ˈtɛɫˌteɪɫ/,real,disclosing unintentionally,tell+tale(kể lại + câu chuyện kể),"Wordset Dictionary (wordset.org, WordNet-based, community-edited)",chưa dịch lại theo định nghĩa Wordset mới - vẫn là công thức ghép cũ,
ten+pin,tenpin,[ten+pin],0-2-0,noun,/tˈɛnpɪn/,real,one of the bottle-shaped pins used in bowling,ten+pin(số mười + ghim),"Wordset Dictionary (wordset.org, WordNet-based, community-edited)",chưa dịch lại theo định nghĩa Wordset mới - vẫn là công thức ghép cũ,
ten+spot,tenspot,[ten+spot],0-2-0,number,/tˈɛnspɑːt/,"generated (espeak-ng G2P, algorithmic)",ten+spot(10 + a small round area that has a different colour or feels different from the surface it is on),"ten+spot(số mười + vết đốm, địa điểm)","compositional (generated, unverified)",công thức ghép (chưa xác thực),
tender+foot,tenderfoot,[tender+foot],0-2-0,noun,/tˈɛndəfˌʊt/,real,"an inexperienced person, especially someone inexperienced in outdoor living","tender+foot(mềm mại, dịu dàng + bàn chân)","Wordset Dictionary (wordset.org, WordNet-based, community-edited)",chưa dịch lại theo định nghĩa Wordset mới - vẫn là công thức ghép cũ,
tender+heart,tenderheartedly,[tender+heart]-ly,0-2-1,adverb,/tˈɛndɚhˌɑːɹɾᵻdli/,"generated (espeak-ng G2P, algorithmic)","tender+heart(kind, gentle and loving + the organ in the chest that sends blood around the body, usually on the left in humans) + -ly(adverb of manner / adjective (like))","tender+heart(mềm mại, dịu dàng + trái tim) + -ly(trạng từ chỉ cách thức / tính từ (giống như))","compositional (generated, unverified)",công thức ghép (chưa xác thực),
tender+heart,tenderheartedness,[tender+heart]-ness,0-2-1,noun,/tˈɛndɚhˌɑːɹɾᵻdnəs/,"generated (espeak-ng G2P, algorithmic)",warm compassionate feelings,"tender+heart(mềm mại, dịu dàng + trái tim) + -ness(trạng thái, tính chất (danh từ))","Wordset Dictionary (wordset.org, WordNet-based, community-edited)",chưa dịch lại theo định nghĩa Wordset mới - vẫn là công thức ghép cũ,
tender+heart,tenderhearted,[tender+heart],0-2-0,adjective,/tˈɛndɚhˌɑːɹɾᵻd/,"generated (espeak-ng G2P, algorithmic)",easily moved by another's distress,"tender+heart(mềm mại, dịu dàng + trái tim)","Wordset Dictionary (wordset.org, WordNet-based, community-edited)",chưa dịch lại theo định nghĩa Wordset mới - vẫn là công thức ghép cũ,
text+book,textbook,[text+book],0-2-0,noun,/ˈtɛkstˌbʊk/,real,a book that teaches a particular subject and that is used especially in schools and colleges,text+book(văn bản + sách),Oxford 5000 (verified),,
thank+give,thanksgiving,[thank+give],0-2-0,noun,/ˌθæŋksˈɡɪvɪŋ/,real,a short prayer of thanks before a meal,"thank+give(cảm ơn + cho, tặng)","Wordset Dictionary (wordset.org, WordNet-based, community-edited)",chưa dịch lại theo định nghĩa Wordset mới - vẫn là công thức ghép cũ,
theater+go,theatregoer,[theater+go]-er,0-2-1,noun,/θˈiətɹɪɡˌəʊɐ/,real,someone who attends a theater,theater+go(nhà hát + đi) + -er(người làm việc gì; so sánh hơn),"Wordset Dictionary (wordset.org, WordNet-based, community-edited)",chưa dịch lại theo định nghĩa Wordset mới - vẫn là công thức ghép cũ,
theater+go,theatergoing,[theater+go],0-2-0,unknown,/θˈiəɾɚɡˌoʊɪŋ/,"generated (espeak-ng G2P, algorithmic)",theater+go((không có định nghĩa trong Oxford 5000 - root này không phải headword độc lập) + a person’s turn to move or play in a game or an activity),theater+go(nhà hát + đi),"compositional (generated, unverified)",công thức ghép (chưa xác thực),
them+self,themselves,[them+self],0-2-0,pronoun,/ðəmˈsɛɫvz/,real,used when people or animals performing an action are also affected by it,them+self(họ (túc từ) + bản thân),Oxford 5000 (verified),,
there+about,thereabout,[there+about],0-2-0,adverb,/ðeəɹɐbˈaʊt/,real,near that place,"there+about(ở đó + về, khoảng)","Wordset Dictionary (wordset.org, WordNet-based, community-edited)",chưa dịch lại theo định nghĩa Wordset mới - vẫn là công thức ghép cũ,
there+after,thereafter,[there+after],0-2-0,adverb,/ðɛˈɹæftɝ/,real,after the time or event mentioned,"there+after(ở đó + sau, phía sau)",Oxford 5000 (verified),,
there+by,thereby,[there+by],0-2-0,adverb,/ˈðɛɹˈbaɪ/,real,used to introduce the result of the action or situation mentioned,"there+by(ở đó + bởi, bằng)",Oxford 5000 (verified),,
there+from,therefrom,[there+from],0-2-0,adverb,/ðeəfɹˈɒm/,real,from that place or from there,there+from(ở đó + từ),"Wordset Dictionary (wordset.org, WordNet-based, community-edited)",chưa dịch lại theo định nghĩa Wordset mới - vẫn là công thức ghép cũ,
there+in,therein,[there+in],0-2-0,adverb,/ðɛˈɹɪn/,real,(formal) in or into that thing or place,"there+in(ở đó + trong, vào)","Wordset Dictionary (wordset.org, WordNet-based, community-edited)",chưa dịch lại theo định nghĩa Wordset mới - vẫn là công thức ghép cũ,
there+of,thereof,[there+of],0-2-0,adverb,/ˌðɛˈɹəv/,real,from that circumstance or source,there+of(ở đó + của),"Wordset Dictionary (wordset.org, WordNet-based, community-edited)",chưa dịch lại theo định nghĩa Wordset mới - vẫn là công thức ghép cũ,
there+on,thereon,[there+on],0-2-0,adverb,/ðɛˈɹɔn/,real,on that,there+on(ở đó + trên),"Wordset Dictionary (wordset.org, WordNet-based, community-edited)",chưa dịch lại theo định nghĩa Wordset mới - vẫn là công thức ghép cũ,
there+to,thereto,[there+to],0-2-0,adverb,/ˈðɛɹˌtu/,real,to that,there+to(ở đó + đến),"Wordset Dictionary (wordset.org, WordNet-based, community-edited)",chưa dịch lại theo định nghĩa Wordset mới - vẫn là công thức ghép cũ,
there+under,thereunder,[there+under],0-2-0,adverb,/ðɛɹˈʌndɚ/,"generated (espeak-ng G2P, algorithmic)",under that,there+under(ở đó + ở dưới),"Wordset Dictionary (wordset.org, WordNet-based, community-edited)",chưa dịch lại theo định nghĩa Wordset mới - vẫn là công thức ghép cũ,
there+upon,thereupon,[there+upon],0-2-0,adverb,/ˌðɛɹəˈpɑn/,real,there+upon(used to show that something exists or happens + (không có định nghĩa trong Oxford 5000 - root này không phải headword độc lập)),there+upon(ở đó + trên (trang trọng)),"compositional (generated, unverified)",công thức ghép (chưa xác thực),
there+with,therewith,[there+with],0-2-0,adverb,/ðeəwˈɪð/,real,with that or this or it,there+with(ở đó + với),"Wordset Dictionary (wordset.org, WordNet-based, community-edited)",chưa dịch lại theo định nghĩa Wordset mới - vẫn là công thức ghép cũ,
thick+head,thickheaded,[thick+head],0-2-0,adjective,/θˈɪkhɛdᵻd/,"generated (espeak-ng G2P, algorithmic)",(used informally) stupid,"thick+head(dày, đặc + đầu, người đứng đầu)","Wordset Dictionary (wordset.org, WordNet-based, community-edited)",chưa dịch lại theo định nghĩa Wordset mới - vẫn là công thức ghép cũ,
thick+set,thickset,[thick+set],0-2-0,adjective,/θˈɪksɛt/,real,planted or growing close together,"thick+set(dày, đặc + đặt, bộ)","Wordset Dictionary (wordset.org, WordNet-based, community-edited)",chưa dịch lại theo định nghĩa Wordset mới - vẫn là công thức ghép cũ,
thorough+breed,thoroughbred,[thorough+breed],0-2-0,adjective,/ˈθɝoʊˈbɹɛd/,real,having a list of ancestors as proof of being a purebred animal,"thorough+breed(kỹ lưỡng + nhân giống, giống loài)","Wordset Dictionary (wordset.org, WordNet-based, community-edited)",chưa dịch lại theo định nghĩa Wordset mới - vẫn là công thức ghép cũ,
thorough+fare,thoroughfare,[thorough+fare],0-2-0,noun,/ˈθɝoʊˌfɛɹ/,real,a public road from one place to another,thorough+fare(kỹ lưỡng + giá vé),"Wordset Dictionary (wordset.org, WordNet-based, community-edited)",chưa dịch lại theo định nghĩa Wordset mới - vẫn là công thức ghép cũ,
thorough+go,thoroughgoing,[thorough+go],0-2-0,adjective,/θˈʌɹəɡˌəʊɪŋ/,real,performed comprehensively and completely,thorough+go(kỹ lưỡng + đi),"Wordset Dictionary (wordset.org, WordNet-based, community-edited)",chưa dịch lại theo định nghĩa Wordset mới - vẫn là công thức ghép cũ,
thread+bare,threadbare,[thread+bare],0-2-0,adjective,/ˈθɹɛdˌbɛɹ/,real,repeated too often,thread+bare(sợi chỉ + trần trụi),"Wordset Dictionary (wordset.org, WordNet-based, community-edited)",chưa dịch lại theo định nghĩa Wordset mới - vẫn là công thức ghép cũ,
thread+like,threadlike,[thread+like],0-2-0,adjective,/θɹˈɛdlaɪk/,real,thin in diameter,"thread+like(sợi chỉ + thích, giống như)","Wordset Dictionary (wordset.org, WordNet-based, community-edited)",chưa dịch lại theo định nghĩa Wordset mới - vẫn là công thức ghép cũ,
three+teen,thirteenths,[three+teen]-th,0-2-1,noun,/ˈθɝˈtinθs/,real,"three+teen(3 + (không có định nghĩa trong Oxford 5000 - root này không phải headword độc lập)) + -th(ordinal number / state (noun, VD: eighth, warmth))","three+teen(số ba + tuổi teen) + -th(số thứ tự / trạng thái (danh từ, VD eighth, warmth))","compositional (generated, unverified)",công thức ghép (chưa xác thực),
three+teen,thirteens,[three+teen],0-2-0,number,/θˈɜːtiːnz/,"generated (espeak-ng G2P, algorithmic)",three+teen(3 + (không có định nghĩa trong Oxford 5000 - root này không phải headword độc lập)),three+teen(số ba + tuổi teen),"compositional (generated, unverified)",công thức ghép (chưa xác thực),
throw+away,throwaway,[throw+away],0-2-0,adjective,/ˈθɹoʊəˌweɪ/,real,thrown away,"throw+away(ném + xa, đi xa)","Wordset Dictionary (wordset.org, WordNet-based, community-edited)",chưa dịch lại theo định nghĩa Wordset mới - vẫn là công thức ghép cũ,
throw+back,throwback,[throw+back],0-2-0,adjective,/ˈθɹoʊˌbæk/,real,characteristic of an atavist,"throw+back(ném + lưng, phía sau)","Wordset Dictionary (wordset.org, WordNet-based, community-edited)",chưa dịch lại theo định nghĩa Wordset mới - vẫn là công thức ghép cũ,
thumb+nail,thumbnail,[thumb+nail],0-2-0,noun,/ˈθəmˌneɪɫ/,real,the nail of the thumb,"thumb+nail(ngón cái + móng tay, đinh)","Wordset Dictionary (wordset.org, WordNet-based, community-edited)",chưa dịch lại theo định nghĩa Wordset mới - vẫn là công thức ghép cũ,
thumb+screw,thumbscrew,[thumb+screw],0-2-0,noun,/θˈʌmbskɹuː/,real,screw designed to be turned with the thumb and fingers,"thumb+screw(ngón cái + ốc vít, vặn)","Wordset Dictionary (wordset.org, WordNet-based, community-edited)",chưa dịch lại theo định nghĩa Wordset mới - vẫn là công thức ghép cũ,
tide+land,tidelands,[tide+land],0-2-0,noun,/tˈaɪdləndz/,"generated (espeak-ng G2P, algorithmic)","tide+land(a regular rise and fall in the level of the sea, caused by the pull of the moon and sun; the flow of water that happens as the sea rises and falls + the surface of the earth that is not sea)",tide+land(thủy triều + đất đai),"compositional (generated, unverified)",công thức ghép (chưa xác thực),
tide+mark,tidemark,[tide+mark],0-2-0,noun,/tˈaɪdmɑːk/,real,indicator consisting of a line at the highwater or low-water limits of the tides,"tide+mark(thủy triều + dấu, đánh dấu)","Wordset Dictionary (wordset.org, WordNet-based, community-edited)",chưa dịch lại theo định nghĩa Wordset mới - vẫn là công thức ghép cũ,
tide+water,tidewater,[tide+water],0-2-0,noun,/ˈtaɪdˌwɔtɝ/,real,low-lying coastal land drained by tidal streams,tide+water(thủy triều + nước),"Wordset Dictionary (wordset.org, WordNet-based, community-edited)",chưa dịch lại theo định nghĩa Wordset mới - vẫn là công thức ghép cũ,
tie+break,tiebreak,[tie+break],0-2-0,noun,/tˈaɪbɹeɪk/,real,"tie+break(a long, narrow piece of cloth worn around the neck, especially by men, with a knot in front + a short period of time when you stop what you are doing and rest, eat, etc.)","tie+break(cà vạt, buộc + phá vỡ, nghỉ giải lao)","compositional (generated, unverified)",công thức ghép (chưa xác thực),
tie+break,tiebreaker,[tie+break]-er,0-2-1,noun,/tˈaɪbɹeɪkɐ/,real,overtime play in order to break a tie,"tie+break(cà vạt, buộc + phá vỡ, nghỉ giải lao) + -er(người làm việc gì; so sánh hơn)","Wordset Dictionary (wordset.org, WordNet-based, community-edited)",chưa dịch lại theo định nghĩa Wordset mới - vẫn là công thức ghép cũ,
tie+pin,tiepin,[tie+pin],0-2-0,noun,/tˈaɪpɪn/,real,a pin used to hold the tie in place,"tie+pin(cà vạt, buộc + ghim)","Wordset Dictionary (wordset.org, WordNet-based, community-edited)",chưa dịch lại theo định nghĩa Wordset mới - vẫn là công thức ghép cũ,
tight+rope,tightrope,[tight+rope],0-2-0,noun,/ˈtaɪˌtɹoʊp/,real,tightly stretched rope or wire on which acrobats perform high above the ground,"tight+rope(chật, chặt + dây thừng)","Wordset Dictionary (wordset.org, WordNet-based, community-edited)",chưa dịch lại theo định nghĩa Wordset mới - vẫn là công thức ghép cũ,
timber+land,timberlands,[timber+land],0-2-0,noun,/ˈtɪmbɝˌɫændz/,real,timber+land(trees that are grown to be used in building or for making things + the surface of the earth that is not sea),timber+land(gỗ xây dựng + đất đai),"compositional (generated, unverified)",công thức ghép (chưa xác thực),
time+keep,timekeeper,[time+keep]-er,0-2-1,noun,/tˈaɪmkiːpɐ/,real,a measuring instrument or device for keeping time,time+keep(thời gian + giữ) + -er(người làm việc gì; so sánh hơn),"Wordset Dictionary (wordset.org, WordNet-based, community-edited)",chưa dịch lại theo định nghĩa Wordset mới - vẫn là công thức ghép cũ,
time+piece,timepiece,[time+piece],0-2-0,noun,/ˈtaɪmˌpis/,real,a measuring instrument or device for keeping time,"time+piece(thời gian + mảnh, miếng)","Wordset Dictionary (wordset.org, WordNet-based, community-edited)",chưa dịch lại theo định nghĩa Wordset mới - vẫn là công thức ghép cũ,
time+save,timesaving,[time+save],0-2-0,noun,/tˈaɪmseɪvɪŋ/,"generated (espeak-ng G2P, algorithmic)","Saving time; as, a timesaving expedient.","time+save(thời gian + tiết kiệm, cứu)","Webster's Unabridged Dictionary (1913, public domain)",công thức ghép (chưa xác thực),
time+serve,timeserving,[time+serve],0-2-0,adjective,/tˈaɪmsɜːvɪŋ/,"generated (espeak-ng G2P, algorithmic)","taking immediate advantage, often unethically, of any circumstance of possible benefit",time+serve(thời gian + phục vụ),"Wordset Dictionary (wordset.org, WordNet-based, community-edited)",chưa dịch lại theo định nghĩa Wordset mới - vẫn là công thức ghép cũ,
time+serve,timeserver,[time+serve]-er,0-2-1,noun,/tˈaɪmsɜːvɚ/,"generated (espeak-ng G2P, algorithmic)",one who conforms to current ways and opinions for personal advantage,time+serve(thời gian + phục vụ) + -er(người làm việc gì; so sánh hơn),"Wordset Dictionary (wordset.org, WordNet-based, community-edited)",chưa dịch lại theo định nghĩa Wordset mới - vẫn là công thức ghép cũ,
time+table,timetable,[time+table],0-2-0,noun,/ˈtaɪmˌteɪbəɫ/,real,a schedule of times of arrivals and departures,time+table(thời gian + cái bàn),"Wordset Dictionary (wordset.org, WordNet-based, community-edited)",chưa dịch lại theo định nghĩa Wordset mới - vẫn là công thức ghép cũ,
tin+typo,tintype,[tin+typo],0-2-0,noun,/ˈtɪnˌtaɪp/,real,Same as Ferrotype.,"tin+typo(thiếc, hộp thiếc + lỗi đánh máy)","Webster's Unabridged Dictionary (1913, public domain)",công thức ghép (chưa xác thực),
tip+off,tipoff,[tip+off],0-2-0,noun,/ˈtɪˌpɔf/,real,tip+off(a small piece of advice about something practical + used to say that something has been removed or become separated),"tip+off(lời khuyên, đầu mút + tắt, xa khỏi)","compositional (generated, unverified)",công thức ghép (chưa xác thực),
tip+staff,tipstaff,[tip+staff],0-2-0,noun,/tˈɪpstɑːf/,real,staff with a metal tip carried as a sign of office by e.g. a bailiff or constable,"tip+staff(lời khuyên, đầu mút + nhân viên)","Wordset Dictionary (wordset.org, WordNet-based, community-edited)",chưa dịch lại theo định nghĩa Wordset mới - vẫn là công thức ghép cũ,
tip+toe,tiptoe,[tip+toe],0-2-0,adverb,/ˈtɪpˌtoʊ/,real,on tiptoe or as if on tiptoe,"tip+toe(lời khuyên, đầu mút + ngón chân)","Wordset Dictionary (wordset.org, WordNet-based, community-edited)",chưa dịch lại theo định nghĩa Wordset mới - vẫn là công thức ghép cũ,
title+hold,titleholder,[title+hold]-er,0-2-1,noun,/ˈtaɪtəɫˌhoʊɫdɝ/,real,"title+hold(the name of a book, poem, painting, piece of music, etc. + the action of holding somebody/something; the way you are holding somebody/something) + -er(person who does; comparative)","title+hold(tiêu đề, chức danh + giữ) + -er(người làm việc gì; so sánh hơn)","compositional (generated, unverified)",công thức ghép (chưa xác thực),
to+day,today'll,[to+day]-ll,0-2-1,unknown,/təˈdeɪɫ/,real,to+day(used to show purpose or intention + a period of 24 hours) + -ll(ll),to+day(đến + ngày) + -ll(ll),"compositional (generated, unverified)",công thức ghép (chưa xác thực),
to+day,today,[to+day],0-2-0,adverb,/təˈdeɪ/,real,on this day,to+day(đến + ngày),Oxford 5000 (verified),,
to+night,tonight,[to+night],0-2-0,adverb,/təˈnaɪt/,real,on or during the evening or night of today,to+night(đến + ban đêm),Oxford 5000 (verified),,
toe+hold,toehold,[toe+hold],0-2-0,noun,/ˈtoʊˌhoʊɫd/,real,a wrestling hold in which the toe is held and the leg is twisted against the joints,toe+hold(ngón chân + giữ),"Wordset Dictionary (wordset.org, WordNet-based, community-edited)",chưa dịch lại theo định nghĩa Wordset mới - vẫn là công thức ghép cũ,
toe+nail,toenail,[toe+nail],0-2-0,noun,/ˈtoʊˌneɪɫ/,real,the nail at the end of a toe,"toe+nail(ngón chân + móng tay, đinh)","Wordset Dictionary (wordset.org, WordNet-based, community-edited)",chưa dịch lại theo định nghĩa Wordset mới - vẫn là công thức ghép cũ,
toll+gate,tollgate,[toll+gate],0-2-0,noun,/tˈəʊlɡeɪt/,real,a gate or bar across a toll bridge or toll road which is lifted when the toll is paid,toll+gate(phí cầu đường + cổng),"Wordset Dictionary (wordset.org, WordNet-based, community-edited)",chưa dịch lại theo định nghĩa Wordset mới - vẫn là công thức ghép cũ,
toll+house,tollhouse,[toll+house],0-2-0,noun,/tˈoʊlhaʊs/,"generated (espeak-ng G2P, algorithmic)",a booth at a tollgate where the toll collector collects tolls,toll+house(phí cầu đường + ngôi nhà),"Wordset Dictionary (wordset.org, WordNet-based, community-edited)",chưa dịch lại theo định nghĩa Wordset mới - vẫn là công thức ghép cũ,
tool+make,toolmaker,[tool+make]-er,0-2-1,noun,/ˈtuɫˌmeɪkɝ/,real,someone skilled in making or repairing tools,tool+make(công cụ + làm) + -er(người làm việc gì; so sánh hơn),"Wordset Dictionary (wordset.org, WordNet-based, community-edited)",chưa dịch lại theo định nghĩa Wordset mới - vẫn là công thức ghép cũ,
tooth+brush,toothbrush,[tooth+brush],0-2-0,noun,/ˈtuθbɹəʃ/,real,small brush,"tooth+brush(răng + bàn chải, chải)","Wordset Dictionary (wordset.org, WordNet-based, community-edited)",chưa dịch lại theo định nghĩa Wordset mới - vẫn là công thức ghép cũ,
tooth+pick,toothpick,[tooth+pick],0-2-0,noun,/ˈtuθˌpɪk/,real,pick consisting of a small strip of wood or plastic,"tooth+pick(răng + chọn lựa, nhặt)","Wordset Dictionary (wordset.org, WordNet-based, community-edited)",chưa dịch lại theo định nghĩa Wordset mới - vẫn là công thức ghép cũ,
tooth+powder,toothpowder,[tooth+powder],0-2-0,noun,/tˈuːθpaʊdɚ/,"generated (espeak-ng G2P, algorithmic)",a dentifrice in the form of a powder,tooth+powder(răng + bột),"Wordset Dictionary (wordset.org, WordNet-based, community-edited)",chưa dịch lại theo định nghĩa Wordset mới - vẫn là công thức ghép cũ,
top+coat,topcoat,[top+coat],0-2-0,noun,/tˈɒpkəʊt/,real,a heavy coat worn over clothes in winter,"top+coat(đỉnh, trên cùng + áo khoác)","Wordset Dictionary (wordset.org, WordNet-based, community-edited)",chưa dịch lại theo định nghĩa Wordset mới - vẫn là công thức ghép cũ,
top+most,topmost,[top+most],0-2-0,adjective,/tˈɒpməʊst/,real,at or nearest to the top,"top+most(đỉnh, trên cùng + nhiều nhất)","Wordset Dictionary (wordset.org, WordNet-based, community-edited)",chưa dịch lại theo định nghĩa Wordset mới - vẫn là công thức ghép cũ,
top+side,topside,[top+side],0-2-0,noun,/tˈɒpsaɪd/,real,(usually plural) weather deck,"top+side(đỉnh, trên cùng + bên cạnh)","Wordset Dictionary (wordset.org, WordNet-based, community-edited)",chưa dịch lại theo định nghĩa Wordset mới - vẫn là công thức ghép cũ,
top+soil,topsoil,[top+soil],0-2-0,noun,/ˈtɑpˌsɔɪɫ/,real,the layer of soil on the surface,"top+soil(đỉnh, trên cùng + đất)","Wordset Dictionary (wordset.org, WordNet-based, community-edited)",chưa dịch lại theo định nghĩa Wordset mới - vẫn là công thức ghép cũ,
touch+down,touchdown,[touch+down],0-2-0,noun,/ˈtətʃˌdaʊn/,real,a score in American football,touch+down(chạm vào + xuống),"Wordset Dictionary (wordset.org, WordNet-based, community-edited)",chưa dịch lại theo định nghĩa Wordset mới - vẫn là công thức ghép cũ,
touch+line,touchline,[touch+line],0-2-0,noun,/tˈʌtʃlaɪn/,real,either of the sidelines in soccer or rugby,touch+line(chạm vào + đường kẻ),"Wordset Dictionary (wordset.org, WordNet-based, community-edited)",chưa dịch lại theo định nghĩa Wordset mới - vẫn là công thức ghép cũ,
touch+stone,touchstone,[touch+stone],0-2-0,noun,/ˈtətʃˌstoʊn/,real,a basis for comparison,touch+stone(chạm vào + đá),"Wordset Dictionary (wordset.org, WordNet-based, community-edited)",chưa dịch lại theo định nghĩa Wordset mới - vẫn là công thức ghép cũ,
town+folk,townsfolk,[town+folk],0-2-0,noun,/ˈtaʊnzˌfoʊk/,real,the people living in a municipality smaller than a city,"town+folk(thị trấn + người dân, dân gian)","Wordset Dictionary (wordset.org, WordNet-based, community-edited)",chưa dịch lại theo định nghĩa Wordset mới - vẫn là công thức ghép cũ,
town+man,townsman,[town+man],0-2-0,noun,/ˈtaʊnzmən/,real,a resident of a town or city,town+man(thị trấn + đàn ông),"Wordset Dictionary (wordset.org, WordNet-based, community-edited)",chưa dịch lại theo định nghĩa Wordset mới - vẫn là công thức ghép cũ,
town+people,townspeople,[town+people],0-2-0,noun,/ˈtaʊnzˌpipəɫ/,real,the people living in a municipality smaller than a city,town+people(thị trấn + con người),"Wordset Dictionary (wordset.org, WordNet-based, community-edited)",chưa dịch lại theo định nghĩa Wordset mới - vẫn là công thức ghép cũ,
town+woman,townswoman,[town+woman],0-2-0,noun,/tˈaʊnswʊmən/,"generated (espeak-ng G2P, algorithmic)","town+woman(a place with many houses, shops, etc. where people live and work. It is larger than a village but smaller than a city. + an adult female human)",town+woman(thị trấn + phụ nữ),"compositional (generated, unverified)",công thức ghép (chưa xác thực),
toy+shop,toyshop,[toy+shop],0-2-0,noun,/tˈɔɪʃɒp/,real,shop where toys are sold,toy+shop(đồ chơi + cửa hàng),"Wordset Dictionary (wordset.org, WordNet-based, community-edited)",chưa dịch lại theo định nghĩa Wordset mới - vẫn là công thức ghép cũ,
track+suit,tracksuit,[track+suit],0-2-0,noun,/tɹˈæksuːt/,real,"track+suit(rails (= metal bars) that a train moves along + a set of clothes made of the same cloth, including a jacket and trousers or a skirt)","track+suit(đường ray, theo dõi + bộ vest, phù hợp)","compositional (generated, unverified)",công thức ghép (chưa xác thực),
trade+man,tradesman,[trade+man],0-2-0,noun,/tɹˈeɪdzmən/,real,a merchant who owns or manages a shop,trade+man(thương mại + đàn ông),"Wordset Dictionary (wordset.org, WordNet-based, community-edited)",chưa dịch lại theo định nghĩa Wordset mới - vẫn là công thức ghép cũ,
trade+mark,trademark,[trade+mark],0-2-0,noun,/ˈtɹeɪdˌmɑɹk/,real,"a name, symbol or design that a company uses for its products and that cannot be used by anyone else","trade+mark(thương mại + dấu, đánh dấu)",Oxford 5000 (verified),,
trade+people,tradespeople,[trade+people],0-2-0,noun,/tɹˈeɪdspiːpəl/,real,people engaged in trade,trade+people(thương mại + con người),"Wordset Dictionary (wordset.org, WordNet-based, community-edited)",chưa dịch lại theo định nghĩa Wordset mới - vẫn là công thức ghép cũ,
train+bear,trainbearer,[train+bear]-er,0-2-1,noun,/tɹˈeɪnbɛɹɚ/,"generated (espeak-ng G2P, algorithmic)",one who holds up the train of a gown or robe on a ceremonial occasion,"train+bear(tàu hỏa, huấn luyện + gấu, chịu đựng) + -er(người làm việc gì; so sánh hơn)","Wordset Dictionary (wordset.org, WordNet-based, community-edited)",chưa dịch lại theo định nghĩa Wordset mới - vẫn là công thức ghép cũ,
train+man,trainman,[train+man],0-2-0,noun,/tɹˈeɪnmən/,"generated (espeak-ng G2P, algorithmic)",an employee of a railroad,"train+man(tàu hỏa, huấn luyện + đàn ông)","Wordset Dictionary (wordset.org, WordNet-based, community-edited)",chưa dịch lại theo định nghĩa Wordset mới - vẫn là công thức ghép cũ,
trap+door,trapdoor,[trap+door],0-2-0,noun,/tɹˈæpdɔː/,real,A lifting or sliding door covering an opening in a roof orfloor.,trap+door(cái bẫy + cửa),"Webster's Unabridged Dictionary (1913, public domain)",công thức ghép (chưa xác thực),
trap+shoot,trapshooting,[trap+shoot],0-2-0,noun,/tɹˈæpʃuːɾɪŋ/,"generated (espeak-ng G2P, algorithmic)",the sport of shooting at clay pigeons that are hurled upward in such a way as to simulate the flight of a bird,trap+shoot(cái bẫy + bắn),"Wordset Dictionary (wordset.org, WordNet-based, community-edited)",chưa dịch lại theo định nghĩa Wordset mới - vẫn là công thức ghép cũ,
travel+sick,travelsick,[travel+sick],0-2-0,noun,/tɹˈævɪlsˌɪk/,"generated (espeak-ng G2P, algorithmic)",travel+sick(the act or activity of travelling + physically or mentally ill),travel+sick(du lịch + ốm đau),"compositional (generated, unverified)",công thức ghép (chưa xác thực),"""travel-sick"" - say tàu xe (tiếng Anh Anh)"
tree+like,treelike,[tree+like],0-2-0,adjective,/tɹˈiːlaɪk/,"generated (espeak-ng G2P, algorithmic)",resembling a tree in form and branching structure,"tree+like(cây cối + thích, giống như)","Wordset Dictionary (wordset.org, WordNet-based, community-edited)",chưa dịch lại theo định nghĩa Wordset mới - vẫn là công thức ghép cũ,
tree+top,treetops,[tree+top],0-2-0,noun,/ˈtɹiˌtɔps/,real,"tree+top(a tall plant that can live a long time. Trees have a thick central wooden trunk from which branches grow, usually with leaves on them + highest in position)","tree+top(cây cối + đỉnh, trên cùng)","compositional (generated, unverified)",công thức ghép (chưa xác thực),
trend+set,trendsetter,[trend+set]-er,0-2-1,noun,/ˈtɹɛndˌsɛtɝ/,real,trend+set(a general direction in which a situation is changing or developing + a group of similar things that belong together in some way) + -er(person who does; comparative),"trend+set(xu hướng + đặt, bộ) + -er(người làm việc gì; so sánh hơn)","compositional (generated, unverified)",công thức ghép (chưa xác thực),
tribe+man,tribesman,[tribe+man],0-2-0,noun,/ˈtɹaɪbzmæn/,real,someone who lives in a tribe,tribe+man(bộ lạc + đàn ông),"Wordset Dictionary (wordset.org, WordNet-based, community-edited)",chưa dịch lại theo định nghĩa Wordset mới - vẫn là công thức ghép cũ,
trip+wire,tripwire,[trip+wire],0-2-0,noun,/tɹˈɪpwaɪə/,real,"trip+wire(a journey to a place and back again, especially a short one for pleasure or a particular purpose + metal in the form of thin thread; a piece of this)",trip+wire(chuyến đi + dây điện),"compositional (generated, unverified)",công thức ghép (chưa xác thực),
troop+ship,troopships,[troop+ship],0-2-0,noun,/tɹˈuːpʃɪps/,real,"troop+ship(soldiers, especially in large groups + a large boat that carries people or goods by sea)",troop+ship(quân đội + con tàu),"compositional (generated, unverified)",công thức ghép (chưa xác thực),
trouble+make,troublemaker,[trouble+make]-er,0-2-1,noun,/ˈtɹəbəɫˌmeɪkɝ/,real,someone who deliberately stirs up trouble,trouble+make(rắc rối + làm) + -er(người làm việc gì; so sánh hơn),"Wordset Dictionary (wordset.org, WordNet-based, community-edited)",chưa dịch lại theo định nghĩa Wordset mới - vẫn là công thức ghép cũ,
trouble+shoot,troubleshooter,[trouble+shoot]-er,0-2-1,noun,/ˈtɹəbəɫˌʃutɝ/,real,a worker whose job is to locate and fix sources of trouble,trouble+shoot(rắc rối + bắn) + -er(người làm việc gì; so sánh hơn),"Wordset Dictionary (wordset.org, WordNet-based, community-edited)",chưa dịch lại theo định nghĩa Wordset mới - vẫn là công thức ghép cũ,
true+love,truelove,[true+love],0-2-0,noun,/ˈtɹuˌɫəv/,real,a person loved by another person,true+love(đúng thật + tình yêu),"Wordset Dictionary (wordset.org, WordNet-based, community-edited)",chưa dịch lại theo định nghĩa Wordset mới - vẫn là công thức ghép cũ,
trust+worth,trustworthiness,[trust+worth]-y-ness,0-2-2,noun,/ˈtɹəstˌwɝðinəs/,real,the trait of deserving trust and confidence,"trust+worth(tin tưởng + đáng giá) + -y(có tính chất; danh từ/tính từ) + -ness(trạng thái, tính chất (danh từ))","Wordset Dictionary (wordset.org, WordNet-based, community-edited)",chưa dịch lại theo định nghĩa Wordset mới - vẫn là công thức ghép cũ,
trust+worth,untrustworthiness,un-[trust+worth]-y-ness,1-2-2,noun,/ʌntɹˈʌstwɚðinəs/,"generated (espeak-ng G2P, algorithmic)",the trait of not deserving trust or confidence,"un-(không, ngược lại (phủ định/đảo nghĩa)) + trust+worth(tin tưởng + đáng giá) + -y(có tính chất; danh từ/tính từ) + -ness(trạng thái, tính chất (danh từ))","Wordset Dictionary (wordset.org, WordNet-based, community-edited)",chưa dịch lại theo định nghĩa Wordset mới - vẫn là công thức ghép cũ,
trust+worth,trustworthy,[trust+worth]-y,0-2-1,adjective,/ˈtɹəstˌwɝði/,real,taking responsibility for one's conduct and obligations,trust+worth(tin tưởng + đáng giá) + -y(có tính chất; danh từ/tính từ),"Wordset Dictionary (wordset.org, WordNet-based, community-edited)",chưa dịch lại theo định nghĩa Wordset mới - vẫn là công thức ghép cũ,
turn+about,turnabout,[turn+about],0-2-0,noun,/ˈtɝnəˌbaʊt/,real,turning in the opposite direction,"turn+about(quay, lượt + về, khoảng)","Wordset Dictionary (wordset.org, WordNet-based, community-edited)",chưa dịch lại theo định nghĩa Wordset mới - vẫn là công thức ghép cũ,
turn+around,turnaround,[turn+around],0-2-0,noun,/ˈtɝnɝˌaʊnd/,real,turning in the opposite direction,"turn+around(quay, lượt + xung quanh)","Wordset Dictionary (wordset.org, WordNet-based, community-edited)",chưa dịch lại theo định nghĩa Wordset mới - vẫn là công thức ghép cũ,
turn+coat,turncoat,[turn+coat],0-2-0,noun,/ˈtɝnˌkoʊt/,real,a disloyal person who betrays or deserts his cause or religion or political party or friend etc.,"turn+coat(quay, lượt + áo khoác)","Wordset Dictionary (wordset.org, WordNet-based, community-edited)",chưa dịch lại theo định nghĩa Wordset mới - vẫn là công thức ghép cũ,
turn+key,turnkey,[turn+key],0-2-0,noun,/ˈtɝnˌki/,real,"a complete product that is ready to be deployed immediately, without further customization","turn+key(quay, lượt + chìa khóa)","Wordset Dictionary (wordset.org, WordNet-based, community-edited)",chưa dịch lại theo định nghĩa Wordset mới - vẫn là công thức ghép cũ,
turn+off,turnoff,[turn+off],0-2-0,noun,/ˈtɝˌnɔf/,real,a side road where you can turn off,"turn+off(quay, lượt + tắt, xa khỏi)","Wordset Dictionary (wordset.org, WordNet-based, community-edited)",chưa dịch lại theo định nghĩa Wordset mới - vẫn là công thức ghép cũ,
turn+out,turnout,[turn+out],0-2-0,noun,/ˈtɝˌnaʊt/,real,the number of people who attend a particular event,"turn+out(quay, lượt + ra ngoài)",Oxford 5000 (verified),,
turn+over,turnover,[turn+over],0-2-0,noun,/ˈtɝˌnoʊvɝ/,real,the total amount of goods or services sold by a company during a particular period of time,"turn+over(quay, lượt + ở trên, hơn)",Oxford 5000 (verified),,
turn+table,turntable,[turn+table],0-2-0,noun,/ˈtɝnˌteɪbəɫ/,real,a circular horizontal platform that rotates a phonograph record while it is being played,"turn+table(quay, lượt + cái bàn)","Wordset Dictionary (wordset.org, WordNet-based, community-edited)",chưa dịch lại theo định nghĩa Wordset mới - vẫn là công thức ghép cũ,
twelve+month,twelvemonth,[twelve+month],0-2-0,noun,/twˈɛlvɪmˌʌnθ/,real,a period of time containing 365 (or 366) days,twelve+month(số mười hai + tháng),"Wordset Dictionary (wordset.org, WordNet-based, community-edited)",chưa dịch lại theo định nghĩa Wordset mới - vẫn là công thức ghép cũ,
two+face,twofaced,[two+face],0-2-0,number,/tˈuːfeɪsd/,"generated (espeak-ng G2P, algorithmic)","two+face(2 + the front part of the head, where the eyes, nose and mouth are )","two+face(số hai + khuôn mặt, đối mặt)","compositional (generated, unverified)",công thức ghép (chưa xác thực),"""two-faced"" - hai mặt, rất phổ biến"
typo+cast,typecast,[typo+cast],0-2-0,verb,/ˈtaɪpˌkæst/,real,identify as belonging to a certain type,"typo+cast(lỗi đánh máy + phân vai, đúc khuôn)","Wordset Dictionary (wordset.org, WordNet-based, community-edited)",chưa dịch lại theo định nghĩa Wordset mới - vẫn là công thức ghép cũ,
typo+face,typeface,[typo+face],0-2-0,noun,/ˈtaɪpˌfeɪs/,real,a specific size and style of type within a type family,"typo+face(lỗi đánh máy + khuôn mặt, đối mặt)","Wordset Dictionary (wordset.org, WordNet-based, community-edited)",chưa dịch lại theo định nghĩa Wordset mới - vẫn là công thức ghép cũ,
typo+log,typology,[typo+log]-y,0-2-1,noun,/ˌtaɪˈpoʊɫəˌɡɪ/,real,classification according to general type,"typo+log(lỗi đánh máy + khúc gỗ, nhật ký) + -y(có tính chất; danh từ/tính từ)","Wordset Dictionary (wordset.org, WordNet-based, community-edited)",chưa dịch lại theo định nghĩa Wordset mới - vẫn là công thức ghép cũ,
typo+script,typescript,[typo+script],0-2-0,noun,/tˈaɪpskɹɪpt/,real,typewritten matter especially a typewritten copy of a manuscript,typo+script(lỗi đánh máy + kịch bản),"Wordset Dictionary (wordset.org, WordNet-based, community-edited)",chưa dịch lại theo định nghĩa Wordset mới - vẫn là công thức ghép cũ,
typo+set,typeset,[typo+set],0-2-0,verb,/ˈtaɪpˌsɛt/,real,set in type,"typo+set(lỗi đánh máy + đặt, bộ)","Wordset Dictionary (wordset.org, WordNet-based, community-edited)",chưa dịch lại theo định nghĩa Wordset mới - vẫn là công thức ghép cũ,
typo+set,typesetter,[typo+set]-er,0-2-1,noun,/tˈaɪpsɛtɐ/,real,one who sets written material into type,"typo+set(lỗi đánh máy + đặt, bộ) + -er(người làm việc gì; so sánh hơn)","Wordset Dictionary (wordset.org, WordNet-based, community-edited)",chưa dịch lại theo định nghĩa Wordset mới - vẫn là công thức ghép cũ,
typo+write,typewrite,[typo+write],0-2-0,verb,/tˈaɪpɹaɪt/,"generated (espeak-ng G2P, algorithmic)",write by means of a keyboard with types,typo+write(lỗi đánh máy + viết),"Wordset Dictionary (wordset.org, WordNet-based, community-edited)",chưa dịch lại theo định nghĩa Wordset mới - vẫn là công thức ghép cũ,
typo+write,typewritten,[typo+write]-en,0-2-1,verb,/ˈtaɪˌpɹɪtən/,real,"typo+write((không có định nghĩa trong Oxford 5000 - root này không phải headword độc lập) + to make letters or numbers on a surface, especially using a pen or a pencil) + -en(to make (verb); made of (adjective))",typo+write(lỗi đánh máy + viết) + -en(làm cho (động từ); làm bằng (tính từ)),"compositional (generated, unverified)",công thức ghép (chưa xác thực),
typo+write,typewriter,[typo+write]-er,0-2-1,noun,/ˈtaɪˌpɹaɪtɝ/,real,hand-operated character printer for printing written messages one character at a time,typo+write(lỗi đánh máy + viết) + -er(người làm việc gì; so sánh hơn),"Wordset Dictionary (wordset.org, WordNet-based, community-edited)",chưa dịch lại theo định nghĩa Wordset mới - vẫn là công thức ghép cũ,
up+cut,uppercut,[up+cut]-er,0-2-1,noun,/ˈʌpəkˌʌt/,real,a swinging blow directed upward (especially at an opponent's chin),up+cut(lên trên + cắt) + -er(người làm việc gì; so sánh hơn),"Wordset Dictionary (wordset.org, WordNet-based, community-edited)",chưa dịch lại theo định nghĩa Wordset mới - vẫn là công thức ghép cũ,
up+land,upland,[up+land],0-2-0,adjective,/ˈəpɫənd/,real,used of high or hilly country,up+land(lên trên + đất đai),"Wordset Dictionary (wordset.org, WordNet-based, community-edited)",chưa dịch lại theo định nghĩa Wordset mới - vẫn là công thức ghép cũ,
up+most,uppermost,[up+most]-er,0-2-1,adverb,/ˈəpɝˌmoʊst/,real,in or into the highest position,up+most(lên trên + nhiều nhất) + -er(người làm việc gì; so sánh hơn),"Wordset Dictionary (wordset.org, WordNet-based, community-edited)",chưa dịch lại theo định nghĩa Wordset mới - vẫn là công thức ghép cũ,
vice+like,vicelike,[vice+like],0-2-0,noun,/vˈaɪslaɪk/,"generated (espeak-ng G2P, algorithmic)",vice+like(criminal activities that involve sex or drugs + the things that you like),"vice+like(phó (chức vụ), thói xấu + thích, giống như)","compositional (generated, unverified)",công thức ghép (chưa xác thực),
video+tape,videotape,[video+tape],0-2-0,noun,/ˈvɪdioʊˈteɪp/,real,a relatively wide magnetic tape for use in recording visual images and associated sound,"video+tape(video + băng dính, băng ghi âm)","Wordset Dictionary (wordset.org, WordNet-based, community-edited)",chưa dịch lại theo định nghĩa Wordset mới - vẫn là công thức ghép cũ,
view+find,viewfinder,[view+find]-er,0-2-1,noun,/ˈvjuˌfaɪndɝ/,real,an optical device that helps a user to find the target of interest,"view+find(quan điểm, tầm nhìn + tìm thấy) + -er(người làm việc gì; so sánh hơn)","Wordset Dictionary (wordset.org, WordNet-based, community-edited)",chưa dịch lại theo định nghĩa Wordset mới - vẫn là công thức ghép cũ,
view+point,viewpoint,[view+point],0-2-0,noun,/ˈvjuˌpɔɪnt/,real,a way of thinking about a subject,"view+point(quan điểm, tầm nhìn + điểm, chỉ ra)",Oxford 5000 (verified),,
walk+about,walkabout,[walk+about],0-2-0,noun,/wˈɔːkɐbˌaʊt/,real,nomadic excursions into the bush made by an Aborigine,"walk+about(đi bộ + về, khoảng)","Wordset Dictionary (wordset.org, WordNet-based, community-edited)",chưa dịch lại theo định nghĩa Wordset mới - vẫn là công thức ghép cũ,
walk+in,walkin,[walk+in],0-2-0,noun,/wˈɔːkɪn/,"generated (espeak-ng G2P, algorithmic)","walk+in(a journey on foot, usually for pleasure or exercise + into an object, an area or a substance)","walk+in(đi bộ + trong, vào)","compositional (generated, unverified)",công thức ghép (chưa xác thực),"dạng liền của ""walk-in"""
walk+out,walkout,[walk+out],0-2-0,noun,/ˈwɔˌkaʊt/,real,the act of walking out (of a meeting or organization) as a sign of protest,walk+out(đi bộ + ra ngoài),"Wordset Dictionary (wordset.org, WordNet-based, community-edited)",chưa dịch lại theo định nghĩa Wordset mới - vẫn là công thức ghép cũ,
walk+over,walkover,[walk+over],0-2-0,noun,/wˈɔːkəʊvɐ/,real,backbends combined with handstands,"walk+over(đi bộ + ở trên, hơn)","Wordset Dictionary (wordset.org, WordNet-based, community-edited)",chưa dịch lại theo định nghĩa Wordset mới - vẫn là công thức ghép cũ,
walk+way,walkways,[walk+way],0-2-0,noun,/ˈwɔˌkweɪz/,real,"walk+way(a journey on foot, usually for pleasure or exercise + very far; by a large amount)","walk+way(đi bộ + con đường, cách thức)","compositional (generated, unverified)",công thức ghép (chưa xác thực),
wall+board,wallboard,[wall+board],0-2-0,noun,/ˈwɔɫˌbɔɹd/,real,a wide flat board used to cover walls or partitions,"wall+board(bức tường + ban, bảng, tấm ván)","Wordset Dictionary (wordset.org, WordNet-based, community-edited)",chưa dịch lại theo định nghĩa Wordset mới - vẫn là công thức ghép cũ,
wall+flower,wallflower,[wall+flower],0-2-0,noun,/ˈwɔɫˌfɫaʊɝ/,real,remains on sidelines at social event,wall+flower(bức tường + hoa),"Wordset Dictionary (wordset.org, WordNet-based, community-edited)",chưa dịch lại theo định nghĩa Wordset mới - vẫn là công thức ghép cũ,
wall+paper,wallpaper,[wall+paper],0-2-0,noun,/ˈwɔɫˌpeɪpɝ/,real,a decorative paper for the walls of rooms,wall+paper(bức tường + giấy),"Wordset Dictionary (wordset.org, WordNet-based, community-edited)",chưa dịch lại theo định nghĩa Wordset mới - vẫn là công thức ghép cũ,
war+dress,wardresses,[war+dress],0-2-0,noun,/wˈɔːdɹɛsɪz/,real,"war+dress(a situation in which two or more countries or groups of people fight against each other over a period of time + a piece of clothing that is made in one piece and hangs down to cover the body as far as the legs, sometimes reaching to below the knees, or to the ankles)","war+dress(chiến tranh + váy, mặc quần áo)","compositional (generated, unverified)",công thức ghép (chưa xác thực),
war+fare,warfare,[war+fare],0-2-0,noun,/ˈwɔɹˌfɛɹ/,real,"the activity of fighting a war, especially using particular weapons or methods",war+fare(chiến tranh + giá vé),Oxford 5000 (verified),,
war+front,warfront,[war+front],0-2-0,noun,/wˈɔːɹfɹʌnt/,"generated (espeak-ng G2P, algorithmic)",war+front(a situation in which two or more countries or groups of people fight against each other over a period of time + on or at the front of something),war+front(chiến tranh + phía trước),"compositional (generated, unverified)",công thức ghép (chưa xác thực),"""war front"" - mặt trận chiến tranh"
war+head,warhead,[war+head],0-2-0,noun,/ˈwɔɹˌhɛd/,real,the front part of a guided missile or rocket or torpedo that carries the nuclear or explosive charge or the chemical or biological agents,"war+head(chiến tranh + đầu, người đứng đầu)","Wordset Dictionary (wordset.org, WordNet-based, community-edited)",chưa dịch lại theo định nghĩa Wordset mới - vẫn là công thức ghép cũ,
war+horse,warhorse,[war+horse],0-2-0,noun,/wˈɔːhɔːs/,real,horse used in war,war+horse(chiến tranh + ngựa),"Wordset Dictionary (wordset.org, WordNet-based, community-edited)",chưa dịch lại theo định nghĩa Wordset mới - vẫn là công thức ghép cũ,
war+like,warlike,[war+like],0-2-0,adjective,/ˈwɔɹˌɫaɪk/,real,suggesting war or military life,"war+like(chiến tranh + thích, giống như)","Wordset Dictionary (wordset.org, WordNet-based, community-edited)",chưa dịch lại theo định nghĩa Wordset mới - vẫn là công thức ghép cũ,
war+lord,warlord,[war+lord],0-2-0,noun,/ˈwɔɹˌɫɔɹd/,real,supreme military leader exercising civil power in a region especially one accountable to nobody when the central government is weak,war+lord(chiến tranh + lãnh chúa),"Wordset Dictionary (wordset.org, WordNet-based, community-edited)",chưa dịch lại theo định nghĩa Wordset mới - vẫn là công thức ghép cũ,
war+ship,warship,[war+ship],0-2-0,noun,/ˈwɔɹˌʃɪp/,real,a government ship that is available for waging war,war+ship(chiến tranh + con tàu),"Wordset Dictionary (wordset.org, WordNet-based, community-edited)",chưa dịch lại theo định nghĩa Wordset mới - vẫn là công thức ghép cũ,
war+time,wartime,[war+time],0-2-0,noun,/ˈwɔɹˌtaɪm/,real,a period of time during which there is armed conflict,war+time(chiến tranh + thời gian),"Wordset Dictionary (wordset.org, WordNet-based, community-edited)",chưa dịch lại theo định nghĩa Wordset mới - vẫn là công thức ghép cũ,
ward+room,wardroom,[ward+room],0-2-0,noun,/wˈɔːdɹuːm/,real,military quarters for dining and recreation for officers of a warship (except the captain),"ward+room(khu bệnh viện, phường + căn phòng)","Wordset Dictionary (wordset.org, WordNet-based, community-edited)",chưa dịch lại theo định nghĩa Wordset mới - vẫn là công thức ghép cũ,
warm+heart,warmhearted,[warm+heart],0-2-0,adjective,/wˈɔːɹmhɑːɹɾᵻd/,"generated (espeak-ng G2P, algorithmic)",marked by warmth of feeling like kindness and sympathy and generosity,warm+heart(ấm áp + trái tim),"Wordset Dictionary (wordset.org, WordNet-based, community-edited)",chưa dịch lại theo định nghĩa Wordset mới - vẫn là công thức ghép cũ,
warm+up,warmup,[warm+up],0-2-0,adjective,/ˈwɔɹˌməp/,real,"warm+up(at a fairly high temperature in a way that is pleasant, rather than being hot or cold + towards or in a higher position)",warm+up(ấm áp + lên trên),"compositional (generated, unverified)",công thức ghép (chưa xác thực),
wash+board,washboard,[wash+board],0-2-0,noun,/ˈwɑʃˌbɔɹd/,real,protective covering consisting of a broad plank along a gunwale to keep water from splashing over the side,"wash+board(rửa + ban, bảng, tấm ván)","Wordset Dictionary (wordset.org, WordNet-based, community-edited)",chưa dịch lại theo định nghĩa Wordset mới - vẫn là công thức ghép cũ,
wash+bowl,washbowl,[wash+bowl],0-2-0,noun,/wˈɑːʃboʊl/,"generated (espeak-ng G2P, algorithmic)",a basin for washing the hands (`wash-hand basin' is a British expression),wash+bowl(rửa + cái bát),"Wordset Dictionary (wordset.org, WordNet-based, community-edited)",chưa dịch lại theo định nghĩa Wordset mới - vẫn là công thức ghép cũ,
wash+cloth,washcloth,[wash+cloth],0-2-0,noun,/ˈwɑʃˌkɫɔθ/,real,bath linen consisting of a piece of cloth used to wash the face and body,wash+cloth(rửa + vải),"Wordset Dictionary (wordset.org, WordNet-based, community-edited)",chưa dịch lại theo định nghĩa Wordset mới - vẫn là công thức ghép cũ,
wash+day,washday,[wash+day],0-2-0,noun,/wˈɒʃdeɪ/,real,a day set aside for doing household laundry,wash+day(rửa + ngày),"Wordset Dictionary (wordset.org, WordNet-based, community-edited)",chưa dịch lại theo định nghĩa Wordset mới - vẫn là công thức ghép cũ,
wash+house,washhouse,[wash+house],0-2-0,noun,/wˈɒʃhaʊs/,real,a building or outbuilding where laundry is done,wash+house(rửa + ngôi nhà),"Wordset Dictionary (wordset.org, WordNet-based, community-edited)",chưa dịch lại theo định nghĩa Wordset mới - vẫn là công thức ghép cũ,
wash+out,washout,[wash+out],0-2-0,noun,/ˈwɑˌʃaʊt/,real,someone who is unsuccessful,wash+out(rửa + ra ngoài),"Wordset Dictionary (wordset.org, WordNet-based, community-edited)",chưa dịch lại theo định nghĩa Wordset mới - vẫn là công thức ghép cũ,
wash+room,washroom,[wash+room],0-2-0,noun,/ˈwɑʃˌɹum/,real,a lavatory (particularly a lavatory in a public place),wash+room(rửa + căn phòng),"Wordset Dictionary (wordset.org, WordNet-based, community-edited)",chưa dịch lại theo định nghĩa Wordset mới - vẫn là công thức ghép cũ,
wash+stand,washstand,[wash+stand],0-2-0,noun,/wˈɒʃstænd/,real,a bathroom sink that is permanently installed and connected to a water supply and drainpipe,wash+stand(rửa + đứng),"Wordset Dictionary (wordset.org, WordNet-based, community-edited)",chưa dịch lại theo định nghĩa Wordset mới - vẫn là công thức ghép cũ,
wash+woman,washerwoman,[wash+woman]-er,0-2-1,noun,/wˈɒʃəwˌʊmən/,real,a working woman who takes in washing,wash+woman(rửa + phụ nữ) + -er(người làm việc gì; so sánh hơn),"Wordset Dictionary (wordset.org, WordNet-based, community-edited)",chưa dịch lại theo định nghĩa Wordset mới - vẫn là công thức ghép cũ,
waste+basket,wastebasket,[waste+basket],0-2-0,noun,/ˈweɪstˌbæskət/,real,a container with an open top,"waste+basket(lãng phí + giỏ, rổ)","Wordset Dictionary (wordset.org, WordNet-based, community-edited)",chưa dịch lại theo định nghĩa Wordset mới - vẫn là công thức ghép cũ,
waste+land,wasteland,[waste+land],0-2-0,noun,/ˈweɪstˌɫænd/,real,an uninhabited wilderness that is worthless for cultivation,waste+land(lãng phí + đất đai),"Wordset Dictionary (wordset.org, WordNet-based, community-edited)",chưa dịch lại theo định nghĩa Wordset mới - vẫn là công thức ghép cũ,
waste+water,wastewater,[waste+water],0-2-0,noun,/ˈweɪstˌwɔtɝ/,real,water mixed with waste matter,waste+water(lãng phí + nước),"Wordset Dictionary (wordset.org, WordNet-based, community-edited)",chưa dịch lại theo định nghĩa Wordset mới - vẫn là công thức ghép cũ,
watch+band,watchband,[watch+band],0-2-0,noun,/wˈɑːtʃbænd/,"generated (espeak-ng G2P, algorithmic)",a band of cloth or leather or metal links attached to a wristwatch and wrapped around the wrist,"watch+band(xem, đồng hồ + ban nhạc, dải băng)","Wordset Dictionary (wordset.org, WordNet-based, community-edited)",chưa dịch lại theo định nghĩa Wordset mới - vẫn là công thức ghép cũ,
watch+dog,watchdog,[watch+dog],0-2-0,noun,/ˈwɑtʃˌdɔɡ/,real,a dog trained to guard property,"watch+dog(xem, đồng hồ + con chó)","Wordset Dictionary (wordset.org, WordNet-based, community-edited)",chưa dịch lại theo định nghĩa Wordset mới - vẫn là công thức ghép cũ,
watch+make,watchmaker,[watch+make]-er,0-2-1,noun,/wˈɒtʃmeɪkɐ/,real,someone who makes or repairs watches,"watch+make(xem, đồng hồ + làm) + -er(người làm việc gì; so sánh hơn)","Wordset Dictionary (wordset.org, WordNet-based, community-edited)",chưa dịch lại theo định nghĩa Wordset mới - vẫn là công thức ghép cũ,
watch+man,watchman,[watch+man],0-2-0,noun,/ˈwɑtʃmən/,real,a guard who keeps watch,"watch+man(xem, đồng hồ + đàn ông)","Wordset Dictionary (wordset.org, WordNet-based, community-edited)",chưa dịch lại theo định nghĩa Wordset mới - vẫn là công thức ghép cũ,
watch+tower,watchtower,[watch+tower],0-2-0,noun,/wˈɒtʃtaʊɐ/,real,an observation tower for a lookout to watch over prisoners or watch for fires or enemies,"watch+tower(xem, đồng hồ + tòa tháp)","Wordset Dictionary (wordset.org, WordNet-based, community-edited)",chưa dịch lại theo định nghĩa Wordset mới - vẫn là công thức ghép cũ,
watch+word,watchword,[watch+word],0-2-0,noun,/ˈwɑtʃˌwɝd/,real,a secret word or phrase known only to a restricted group,"watch+word(xem, đồng hồ + từ ngữ)","Wordset Dictionary (wordset.org, WordNet-based, community-edited)",chưa dịch lại theo định nghĩa Wordset mới - vẫn là công thức ghép cũ,
water+bird,waterbird,[water+bird],0-2-0,noun,/wˈɔːɾɚbˌɜːd/,"generated (espeak-ng G2P, algorithmic)",freshwater aquatic bird,water+bird(nước + chim),"Wordset Dictionary (wordset.org, WordNet-based, community-edited)",chưa dịch lại theo định nghĩa Wordset mới - vẫn là công thức ghép cũ,
water+bury,waterbury,[water+bury],0-2-0,noun,/ˈwɔtɝˌbɛɹi/,real,"water+bury(a liquid without colour, smell or taste that falls as rain, is in lakes, rivers and seas, and is used for drinking, washing, etc. + to place a dead body in the ground)",water+bury(nước + chôn cất),"compositional (generated, unverified)",công thức ghép (chưa xác thực),
water+color,watercolor,[water+color],0-2-0,noun,/ˈwɔtɝˌkəɫɝ/,real,the art or technique of painting with watercolors,water+color(nước + màu sắc),"Wordset Dictionary (wordset.org, WordNet-based, community-edited)",chưa dịch lại theo định nghĩa Wordset mới - vẫn là công thức ghép cũ,
water+course,watercourse,[water+course],0-2-0,noun,/wˈɔːtəkˌɔːs/,real,a conduit through which water flows,"water+course(nước + khóa học, đường đi)","Wordset Dictionary (wordset.org, WordNet-based, community-edited)",chưa dịch lại theo định nghĩa Wordset mới - vẫn là công thức ghép cũ,
water+fall,waterfall,[water+fall],0-2-0,noun,/ˈwɔtɝˌfɔɫ/,real,a steep descent of the water of a river,"water+fall(nước + rơi, mùa thu)","Wordset Dictionary (wordset.org, WordNet-based, community-edited)",chưa dịch lại theo định nghĩa Wordset mới - vẫn là công thức ghép cũ,
water+flow,waterflows,[water+flow],0-2-0,noun,/wˈɔːɾɚflˌoʊz/,"generated (espeak-ng G2P, algorithmic)","water+flow(a liquid without colour, smell or taste that falls as rain, is in lakes, rivers and seas, and is used for drinking, washing, etc. + the steady and continuous movement of something/somebody in one direction)",water+flow(nước + dòng chảy),"compositional (generated, unverified)",công thức ghép (chưa xác thực),"số nhiều/động từ của ""water flow"""
water+front,waterfront,[water+front],0-2-0,noun,/ˈwɔtɝˌfɹənt/,real,the area of a city (such as a harbor or dockyard) alongside a body of water,water+front(nước + phía trước),"Wordset Dictionary (wordset.org, WordNet-based, community-edited)",chưa dịch lại theo định nghĩa Wordset mới - vẫn là công thức ghép cũ,
water+line,waterline,[water+line],0-2-0,noun,/wˈɔːtəlˌaɪn/,real,a line corresponding to the surface of the water when the vessel is afloat on an even keel,water+line(nước + đường kẻ),"Wordset Dictionary (wordset.org, WordNet-based, community-edited)",chưa dịch lại theo định nghĩa Wordset mới - vẫn là công thức ghép cũ,
water+log,waterlogged,[water+log],0-2-0,adjective,/ˈwɔtɝˌɫɑɡd/,real,(of soil) soft and watery,"water+log(nước + khúc gỗ, nhật ký)","Wordset Dictionary (wordset.org, WordNet-based, community-edited)",chưa dịch lại theo định nghĩa Wordset mới - vẫn là công thức ghép cũ,
water+man,waterman,[water+man],0-2-0,noun,/ˈwɔtɝmən/,real,someone who drives or rides in a boat,water+man(nước + đàn ông),"Wordset Dictionary (wordset.org, WordNet-based, community-edited)",chưa dịch lại theo định nghĩa Wordset mới - vẫn là công thức ghép cũ,
water+mark,watermark,[water+mark],0-2-0,noun,/ˈwɔtɝˌmɑɹk/,real,a distinguishing mark impressed on paper during manufacture,"water+mark(nước + dấu, đánh dấu)","Wordset Dictionary (wordset.org, WordNet-based, community-edited)",chưa dịch lại theo định nghĩa Wordset mới - vẫn là công thức ghép cũ,
water+mill,watermill,[water+mill],0-2-0,noun,/wˈɔːtəmˌɪl/,real,"water+mill(a liquid without colour, smell or taste that falls as rain, is in lakes, rivers and seas, and is used for drinking, washing, etc. + a building fitted with equipment for grinding grain into flour; a machine for grinding grain)",water+mill(nước + nhà máy),"compositional (generated, unverified)",công thức ghép (chưa xác thực),
water+power,waterpower,[water+power],0-2-0,noun,/wˈɔːɾɚpˌaʊɚ/,"generated (espeak-ng G2P, algorithmic)",the power to do work that is latent in a head of water,"water+power(nước + quyền lực, sức mạnh)","Wordset Dictionary (wordset.org, WordNet-based, community-edited)",chưa dịch lại theo định nghĩa Wordset mới - vẫn là công thức ghép cũ,
water+proof,waterproof,[water+proof],0-2-0,adjective,/ˈwɔtɝˌpɹuf/,real,not permitting the passage of water,water+proof(nước + bằng chứng),"Wordset Dictionary (wordset.org, WordNet-based, community-edited)",chưa dịch lại theo định nghĩa Wordset mới - vẫn là công thức ghép cũ,
water+shed,watershed,[water+shed],0-2-0,noun,/ˈwɑtɝˌʃɛd/,real,an event marking a unique or important historical change of course or one on which important developments depend,"water+shed(nước + nhà kho, đổ (nước mắt))","Wordset Dictionary (wordset.org, WordNet-based, community-edited)",chưa dịch lại theo định nghĩa Wordset mới - vẫn là công thức ghép cũ,
water+side,waterside,[water+side],0-2-0,noun,/wˈɔːtəsˌaɪd/,real,land bordering a body of water,water+side(nước + bên cạnh),"Wordset Dictionary (wordset.org, WordNet-based, community-edited)",chưa dịch lại theo định nghĩa Wordset mới - vẫn là công thức ghép cũ,
water+table,watertable,[water+table],0-2-0,noun,/wˈɔːɾɚɾəbəl/,"generated (espeak-ng G2P, algorithmic)","water+table(a liquid without colour, smell or taste that falls as rain, is in lakes, rivers and seas, and is used for drinking, washing, etc. + a piece of furniture that consists of a flat top supported by legs)",water+table(nước + cái bàn),"compositional (generated, unverified)",công thức ghép (chưa xác thực),thuật ngữ địa chất thủy văn có thật (mực nước ngầm)
water+tight,watertight,[water+tight],0-2-0,adjective,/ˈwɔtɝˌtaɪt/,real,without flaws or loopholes,"water+tight(nước + chật, chặt)","Wordset Dictionary (wordset.org, WordNet-based, community-edited)",chưa dịch lại theo định nghĩa Wordset mới - vẫn là công thức ghép cũ,
water+way,waterway,[water+way],0-2-0,noun,/ˈwɔtɝˌweɪ/,real,a conduit through which water flows,"water+way(nước + con đường, cách thức)","Wordset Dictionary (wordset.org, WordNet-based, community-edited)",chưa dịch lại theo định nghĩa Wordset mới - vẫn là công thức ghép cũ,
water+wing,waterwings,[water+wing],0-2-0,noun,/wˈɔːɾɚwəɪŋz/,"generated (espeak-ng G2P, algorithmic)","water+wing(a liquid without colour, smell or taste that falls as rain, is in lakes, rivers and seas, and is used for drinking, washing, etc. + one of the parts of the body of a bird, insect or bat that it uses for flying)",water+wing(nước + cánh),"compositional (generated, unverified)",công thức ghép (chưa xác thực),"""water wings"" - phao tay bơi cho trẻ em"
water+work,waterworks,[water+work],0-2-0,noun,/ˈwɔtɝˌwɝks/,real,workplace where water is stored and purified and distributed for a community,water+work(nước + công việc),"Wordset Dictionary (wordset.org, WordNet-based, community-edited)",chưa dịch lại theo định nghĩa Wordset mới - vẫn là công thức ghép cũ,
wave+length,wavelength,[wave+length],0-2-0,noun,/ˈweɪvˌɫɛŋθ/,real,the distance (measured in the direction of propagation) between two points in the same phase in consecutive cycles of a wave,"wave+length(sóng, vẫy tay + chiều dài)","Wordset Dictionary (wordset.org, WordNet-based, community-edited)",chưa dịch lại theo định nghĩa Wordset mới - vẫn là công thức ghép cũ,
way+bill,waybill,[way+bill],0-2-0,noun,/wˈeɪbɪl/,real,a receipt given by the carrier to the shipper acknowledging receipt of the goods being shipped and specifying the terms of delivery,"way+bill(con đường, cách thức + hóa đơn, dự luật)","Wordset Dictionary (wordset.org, WordNet-based, community-edited)",chưa dịch lại theo định nghĩa Wordset mới - vẫn là công thức ghép cũ,
way+fare,wayfarer,[way+fare]-er,0-2-1,noun,/wˈeɪfeəɹɐ/,real,a traveler going on a trip,"way+fare(con đường, cách thức + giá vé) + -er(người làm việc gì; so sánh hơn)","Wordset Dictionary (wordset.org, WordNet-based, community-edited)",chưa dịch lại theo định nghĩa Wordset mới - vẫn là công thức ghép cũ,
way+fare,wayfaring,[way+fare],0-2-0,adjective,/wˈeɪfeəɹɪŋ/,real,traveling especially on foot,"way+fare(con đường, cách thức + giá vé)","Wordset Dictionary (wordset.org, WordNet-based, community-edited)",chưa dịch lại theo định nghĩa Wordset mới - vẫn là công thức ghép cũ,
way+lay,waylay,[way+lay],0-2-0,verb,/ˈweɪˌɫeɪ/,real,wait in hiding to attack,"way+lay(con đường, cách thức + đặt xuống, đẻ trứng)","Wordset Dictionary (wordset.org, WordNet-based, community-edited)",chưa dịch lại theo định nghĩa Wordset mới - vẫn là công thức ghép cũ,
way+side,wayside,[way+side],0-2-0,noun,/ˈweɪˌsaɪd/,real,edge of a way or road or path,"way+side(con đường, cách thức + bên cạnh)","Wordset Dictionary (wordset.org, WordNet-based, community-edited)",chưa dịch lại theo định nghĩa Wordset mới - vẫn là công thức ghép cũ,
weather+beat,weatherbeaten,[weather+beat]-en,0-2-1,verb,/wˈɛðɚbˌiːʔn̩/,"generated (espeak-ng G2P, algorithmic)","weather+beat(the condition of the atmosphere at a particular place and time, such as the temperature, and if there is wind, rain, sun, etc. + a single hit to something, such as a drum, or a movement of something, such as your heart; the sound that this makes) + -en(to make (verb); made of (adjective))","weather+beat(thời tiết + đánh, nhịp đập) + -en(làm cho (động từ); làm bằng (tính từ))","compositional (generated, unverified)",công thức ghép (chưa xác thực),
weather+board,weatherboard,[weather+board],0-2-0,noun,/wˈɛðəbˌɔːd/,real,the side toward the wind,"weather+board(thời tiết + ban, bảng, tấm ván)","Wordset Dictionary (wordset.org, WordNet-based, community-edited)",chưa dịch lại theo định nghĩa Wordset mới - vẫn là công thức ghép cũ,
weather+glass,weatherglass,[weather+glass],0-2-0,noun,/wˈɛðɚɡlˌæs/,"generated (espeak-ng G2P, algorithmic)",a simple barometer for indicating changes in atmospheric pressure,"weather+glass(thời tiết + kính, ly)","Wordset Dictionary (wordset.org, WordNet-based, community-edited)",chưa dịch lại theo định nghĩa Wordset mới - vẫn là công thức ghép cũ,
weather+man,weatherman,[weather+man],0-2-0,noun,/ˈwɛðɝˌmæn/,real,predicts the weather,weather+man(thời tiết + đàn ông),"Wordset Dictionary (wordset.org, WordNet-based, community-edited)",chưa dịch lại theo định nghĩa Wordset mới - vẫn là công thức ghép cũ,
weather+proof,weatherproof,[weather+proof],0-2-0,adjective,/ˈwɛðɝˌpɹuf/,real,able to withstand exposure to weather without damage,weather+proof(thời tiết + bằng chứng),"Wordset Dictionary (wordset.org, WordNet-based, community-edited)",chưa dịch lại theo định nghĩa Wordset mới - vẫn là công thức ghép cũ,
weather+strip,weatherstrip,[weather+strip],0-2-0,noun,/wˈɛðɚstɹˌɪp/,"generated (espeak-ng G2P, algorithmic)",a narrow strip of material to cover the joint of a door or window to exclude the cold,"weather+strip(thời tiết + dải, cởi bỏ)","Wordset Dictionary (wordset.org, WordNet-based, community-edited)",chưa dịch lại theo định nghĩa Wordset mới - vẫn là công thức ghép cũ,
wed+lock,wedlock,[wed+lock],0-2-0,noun,/ˈwɛdˌɫɑk/,real,the state of being a married couple voluntarily joined for life (or until divorce),wed+lock(kết hôn + khóa),"Wordset Dictionary (wordset.org, WordNet-based, community-edited)",chưa dịch lại theo định nghĩa Wordset mới - vẫn là công thức ghép cũ,
week+day,weekday,[week+day],0-2-0,noun,/ˈwikˌdeɪ/,real,any day except Sunday (and sometimes except Saturday),week+day(tuần lễ + ngày),"Wordset Dictionary (wordset.org, WordNet-based, community-edited)",chưa dịch lại theo định nghĩa Wordset mới - vẫn là công thức ghép cũ,
week+end,weekender,[week+end]-er,0-2-1,noun,/ˈwiˌkɛndɝ/,real,a small suitcase to carry clothing and accessories for a weekend trip,week+end(tuần lễ + kết thúc) + -er(người làm việc gì; so sánh hơn),"Wordset Dictionary (wordset.org, WordNet-based, community-edited)",chưa dịch lại theo định nghĩa Wordset mới - vẫn là công thức ghép cũ,
week+end,weekend,[week+end],0-2-0,noun,/ˈwiˌkɛnd/,real,Saturday and Sunday,week+end(tuần lễ + kết thúc),Oxford 5000 (verified),,
week+night,weeknight,[week+night],0-2-0,noun,/wˈiːknaɪt/,real,any night of the week except Saturday or Sunday,week+night(tuần lễ + ban đêm),"Wordset Dictionary (wordset.org, WordNet-based, community-edited)",chưa dịch lại theo định nghĩa Wordset mới - vẫn là công thức ghép cũ,
weigh+bridge,weighbridge,[weigh+bridge],0-2-0,noun,/wˈeɪbɹɪdʒ/,real,platform scale flush with a roadway for weighing vehicles and cattle etc,weigh+bridge(cân nặng + cây cầu),"Wordset Dictionary (wordset.org, WordNet-based, community-edited)",chưa dịch lại theo định nghĩa Wordset mới - vẫn là công thức ghép cũ,
well+be,wellbeing,[well+be],0-2-0,noun,/ˌwɛɫˈbiɪŋ/,real,a contented state of being happy and healthy and prosperous,"well+be(tốt, giếng nước + là, tồn tại)","Wordset Dictionary (wordset.org, WordNet-based, community-edited)",chưa dịch lại theo định nghĩa Wordset mới - vẫn là công thức ghép cũ,
well+born,wellborn,[well+born],0-2-0,adjective,/ˈwɛɫˈbɔɹn/,real,of good or upper-class lineage,"well+born(tốt, giếng nước + sinh ra)","Wordset Dictionary (wordset.org, WordNet-based, community-edited)",chưa dịch lại theo định nghĩa Wordset mới - vẫn là công thức ghép cũ,
well+know,wellknown,[well+know]-n,0-2-1,unknown,/wˈɛlnoʊn/,"generated (espeak-ng G2P, algorithmic)","well+know(in good health + to have information in your mind as a result of experience or because you have learned or been told it) + -n([INFLECTION] past-participle ending (VD: blown, drawn))","well+know(tốt, giếng nước + biết) + -n([NGỮ PHÁP] đuôi phân từ quá khứ (VD blown, drawn))","compositional (generated, unverified)",công thức ghép (chưa xác thực),
well+spring,wellspring,[well+spring],0-2-0,noun,/ˈwɛɫsˌpɹɪŋ/,real,an abundant source,"well+spring(tốt, giếng nước + mùa xuân, lò xo)","Wordset Dictionary (wordset.org, WordNet-based, community-edited)",chưa dịch lại theo định nghĩa Wordset mới - vẫn là công thức ghép cũ,
west+bound,westbound,[west+bound],0-2-0,adjective,/ˈwɛstˌbaʊnd/,real,moving toward the west,"west+bound(phía tây + ràng buộc, giới hạn)","Wordset Dictionary (wordset.org, WordNet-based, community-edited)",chưa dịch lại theo định nghĩa Wordset mới - vẫn là công thức ghép cũ,
west+most,westernmost,[west+most]-ern,0-2-1,adjective,/ˈwɛstɝnˌmoʊst/,real,farthest to the west,"west+most(phía tây + nhiều nhất) + -ern(phương hướng (tính từ, VD southern))","Wordset Dictionary (wordset.org, WordNet-based, community-edited)",chưa dịch lại theo định nghĩa Wordset mới - vẫn là công thức ghép cũ,
wet+land,wetlands,[wet+land],0-2-0,adjective,/ˈwɛtˌɫændz/,real,"wet+land(covered with or containing liquid, especially water + the surface of the earth that is not sea)",wet+land(ướt + đất đai),"compositional (generated, unverified)",công thức ghép (chưa xác thực),
what+ever,whatever,[what+ever],0-2-0,adverb,/ˌhwəˈtɛvɝ/,real,not at all; not of any kind,"what+ever(cái gì + từng, mãi mãi)",Oxford 5000 (verified),,
what+not,whatnot,[what+not],0-2-0,noun,/ˈhwətˌnɑt/,real,miscellaneous curios,what+not(cái gì + không),"Wordset Dictionary (wordset.org, WordNet-based, community-edited)",chưa dịch lại theo định nghĩa Wordset mới - vẫn là công thức ghép cũ,
what+so+ever,whatsoever,[what+so+ever],0-3-0,adverb,/ˌhwətsoʊˈɛvɝ/,real,not at all; not of any kind,"what+so+ever(cái gì + vì vậy + từng, mãi mãi)",Oxford 5000 (verified),,
wheel+base,wheelbase,[wheel+base],0-2-0,noun,/ˈhwiɫˌbeɪs/,real,the distance from the center of a car's front wheel to the rear axle,"wheel+base(bánh xe + căn cứ, cơ sở)","Wordset Dictionary (wordset.org, WordNet-based, community-edited)",chưa dịch lại theo định nghĩa Wordset mới - vẫn là công thức ghép cũ,
wheel+chair,wheelchair,[wheel+chair],0-2-0,noun,/ˈhwiɫˌtʃɛɹ/,real,a movable chair mounted on large wheels,wheel+chair(bánh xe + ghế),"Wordset Dictionary (wordset.org, WordNet-based, community-edited)",chưa dịch lại theo định nghĩa Wordset mới - vẫn là công thức ghép cũ,
wheel+house,wheelhouse,[wheel+house],0-2-0,noun,/wˈiːlhaʊs/,real,an enclosed compartment from which a vessel can be navigated,wheel+house(bánh xe + ngôi nhà),"Wordset Dictionary (wordset.org, WordNet-based, community-edited)",chưa dịch lại theo định nghĩa Wordset mới - vẫn là công thức ghép cũ,
when+ever,whenever,[when+ever],0-2-0,conjunction,/hwɛˈnɛvɝ/,real,at any time that; on any occasion that,"when+ever(khi nào + từng, mãi mãi)",Oxford 5000 (verified),,
where+about,whereabouts,[where+about],0-2-0,noun,/ˈhwɛɹəˌbaʊts/,real,the general location where something is,"where+about(ở đâu + về, khoảng)","Wordset Dictionary (wordset.org, WordNet-based, community-edited)",chưa dịch lại theo định nghĩa Wordset mới - vẫn là công thức ghép cũ,
where+as,whereas,[where+as],0-2-0,conjunction,/hwɛˈɹæz/,real,used to compare or contrast two facts,"where+as(ở đâu + như, khi)",Oxford 5000 (verified),,
where+at,whereat,[where+at],0-2-0,adverb,/wˈeəɹæt/,real,where+at(in or to what place or situation + used to say where something/somebody is or where something happens),"where+at(ở đâu + tại, ở)","compositional (generated, unverified)",công thức ghép (chưa xác thực),
where+by,whereby,[where+by],0-2-0,adverb,/hwɛɹˈbaɪ/,real,by which; because of which,"where+by(ở đâu + bởi, bằng)",Oxford 5000 (verified),,
where+ever,wherever,[where+ever],0-2-0,conjunction,/hwɛˈɹɛvɝ/,real,in any place,"where+ever(ở đâu + từng, mãi mãi)",Oxford 5000 (verified),,
where+in,wherein,[where+in],0-2-0,adverb,/hwɛˈɹɪn/,real,"where+in(in or to what place or situation + into an object, an area or a substance)","where+in(ở đâu + trong, vào)","compositional (generated, unverified)",công thức ghép (chưa xác thực),
where+of,whereof,[where+of],0-2-0,adverb,/wˈeəɹɒf/,real,where+of(in or to what place or situation + belonging to somebody; relating to somebody),where+of(ở đâu + của),"compositional (generated, unverified)",công thức ghép (chưa xác thực),
where+on,whereon,[where+on],0-2-0,adverb,/wˈeəɹɒn/,real,where+on(in or to what place or situation + on somebody’s body; being worn),where+on(ở đâu + trên),"compositional (generated, unverified)",công thức ghép (chưa xác thực),
where+so+ever,wheresoever,[where+so+ever],0-3-0,adverb,/weəsˌəʊˈɛvɐ/,real,where in the world,"where+so+ever(ở đâu + vì vậy + từng, mãi mãi)","Wordset Dictionary (wordset.org, WordNet-based, community-edited)",chưa dịch lại theo định nghĩa Wordset mới - vẫn là công thức ghép cũ,
where+upon,whereupon,[where+upon],0-2-0,adverb,/ˈhwɛɹəˈpɑn/,real,Upon which; in consequence of which; after which.The townsmen mutinied and sent to Essex; whereupon he came thither.Clarendon.,where+upon(ở đâu + trên (trang trọng)),"Webster's Unabridged Dictionary (1913, public domain)",công thức ghép (chưa xác thực),
where+with,wherewithal,[where+with]-al,0-2-1,noun,/ˈhwɛɹwɪˌðɔɫ/,real,the necessary means (especially financial means),where+with(ở đâu + với) + -al(thuộc về (tính từ); hành động (danh từ)),"Wordset Dictionary (wordset.org, WordNet-based, community-edited)",chưa dịch lại theo định nghĩa Wordset mới - vẫn là công thức ghép cũ,
where+with,wherewith,[where+with],0-2-0,adverb,/weəwˈɪð/,real,The necessary means or instrument.So shall I have wherewith to answer him. Ps. cxix. 42.The wherewith to meet excessive loss by radiation. H. Spencer.,where+with(ở đâu + với),"Webster's Unabridged Dictionary (1913, public domain)",công thức ghép (chưa xác thực),
which+ever,whichever,[which+ever],0-2-0,determiner,/hwɪˈtʃɛvɝ/,real,"which+ever(used in questions to ask somebody to be exact about one or more people or things from a limited number + used in negative sentences and questions, or sentences with if to mean ‘at any time’)","which+ever(cái nào + từng, mãi mãi)","compositional (generated, unverified)",công thức ghép (chưa xác thực),
which+so+ever,whichsoever,[which+so+ever],0-3-0,determiner,/wɪtʃsˌoʊˈɛvɚ/,"generated (espeak-ng G2P, algorithmic)","which+so+ever(used in questions to ask somebody to be exact about one or more people or things from a limited number + to such a great degree + used in negative sentences and questions, or sentences with if to mean ‘at any time’)","which+so+ever(cái nào + vì vậy + từng, mãi mãi)","compositional (generated, unverified)",công thức ghép (chưa xác thực),
whip+snap,whippersnapper,[whip+snap]-er-er,0-2-2,noun,/wˈɪpəsnˌæpɐ/,real,someone who is unimportant but cheeky and presumptuous,"whip+snap(roi da + chụp nhanh, gãy) + -er(người làm việc gì; so sánh hơn) + -er(người làm việc gì; so sánh hơn)","Wordset Dictionary (wordset.org, WordNet-based, community-edited)",chưa dịch lại theo định nghĩa Wordset mới - vẫn là công thức ghép cũ,
white+cap,whitecap,[white+cap],0-2-0,noun,/wˈaɪtkæp/,"generated (espeak-ng G2P, algorithmic)",a wave that is blown by the wind so its crest is broken and appears white,white+cap(màu trắng + mũ lưỡi trai),"Wordset Dictionary (wordset.org, WordNet-based, community-edited)",chưa dịch lại theo định nghĩa Wordset mới - vẫn là công thức ghép cũ,
white+face,whiteface,[white+face],0-2-0,noun,/wˈaɪtfeɪs/,"generated (espeak-ng G2P, algorithmic)",hardy English breed of dairy cattle raised extensively in United States,"white+face(màu trắng + khuôn mặt, đối mặt)","Wordset Dictionary (wordset.org, WordNet-based, community-edited)",chưa dịch lại theo định nghĩa Wordset mới - vẫn là công thức ghép cũ,
white+hair,whitehaired,[white+hair],0-2-0,adjective,/waɪthˈɛɹd/,"generated (espeak-ng G2P, algorithmic)",white+hair(having the colour of fresh snow or of milk + the substance that looks like a mass of fine threads growing on a person's head),white+hair(màu trắng + tóc),"compositional (generated, unverified)",công thức ghép (chưa xác thực),"""white-haired"" - tóc bạc, rất phổ biến"
white+hall,whitehall,[white+hall],0-2-0,adjective,/ˈhwaɪtˌhɔɫ/,real,white+hall(having the colour of fresh snow or of milk + a space or passage inside the entrance or front door of a building),"white+hall(màu trắng + sảnh, hội trường)","compositional (generated, unverified)",công thức ghép (chưa xác thực),
white+head,whitehead,[white+head],0-2-0,noun,/ˈhwaɪtˌhɛd/,real,a small whitish lump in the skin due to a clogged sebaceous gland,"white+head(màu trắng + đầu, người đứng đầu)","Wordset Dictionary (wordset.org, WordNet-based, community-edited)",chưa dịch lại theo định nghĩa Wordset mới - vẫn là công thức ghép cũ,
white+tail,whitetail,[white+tail],0-2-0,noun,/ˈhwaɪˌteɪɫ/,real,common North American deer,white+tail(màu trắng + đuôi),"Wordset Dictionary (wordset.org, WordNet-based, community-edited)",chưa dịch lại theo định nghĩa Wordset mới - vẫn là công thức ghép cũ,
white+throat,whitethroat,[white+throat],0-2-0,noun,/wˈaɪtθɹəʊt/,real,common North American finch with a white patch on the throat and black-and-white striped crown,white+throat(màu trắng + cổ họng),"Wordset Dictionary (wordset.org, WordNet-based, community-edited)",chưa dịch lại theo định nghĩa Wordset mới - vẫn là công thức ghép cũ,
white+wash,whitewash,[white+wash],0-2-0,noun,/ˈhwaɪtˌwɑʃ/,real,a specious or deceptive clearing that attempts to gloss over failings and defects,white+wash(màu trắng + rửa),"Wordset Dictionary (wordset.org, WordNet-based, community-edited)",chưa dịch lại theo định nghĩa Wordset mới - vẫn là công thức ghép cũ,
who+ever,whoever,[who+ever],0-2-0,pronoun,/huˈɛvɝ/,real,the person or people who; any person who,"who+ever(ai + từng, mãi mãi)",Oxford 5000 (verified),,
who+so,whoso,[who+so],0-2-0,pronoun,/hˈuːsəʊ/,real,"Whosoever. Piers Plowman.Whoso shrinks or falters now, . . . Brand the craven on his brow!Whittier.",who+so(ai + vì vậy),"Webster's Unabridged Dictionary (1913, public domain)",công thức ghép (chưa xác thực),
who+so+ever,whosoever,[who+so+ever],0-3-0,pronoun,/ˌhusoʊˈɛvɝ/,real,"Whatsoever person; any person whatever that; whoever.Whosoever will, let him take . . . freely. Rev. xxii. 17.","who+so+ever(ai + vì vậy + từng, mãi mãi)","Webster's Unabridged Dictionary (1913, public domain)",công thức ghép (chưa xác thực),
whole+heart,wholeheartedly,[whole+heart]-ly,0-2-1,adverb,/ˈhoʊɫhɑɹtɪdɫi/,real,without reserve,whole+heart(toàn bộ + trái tim) + -ly(trạng từ chỉ cách thức / tính từ (giống như)),"Wordset Dictionary (wordset.org, WordNet-based, community-edited)",chưa dịch lại theo định nghĩa Wordset mới - vẫn là công thức ghép cũ,
whole+meal,wholemeal,[whole+meal],0-2-0,adjective,/hˈəʊlmiəl/,real,of or relating to or derived from wheat,whole+meal(toàn bộ + bữa ăn),"Wordset Dictionary (wordset.org, WordNet-based, community-edited)",chưa dịch lại theo định nghĩa Wordset mới - vẫn là công thức ghép cũ,
whole+sale,wholesaler,[whole+sale]-er,0-2-1,noun,/ˈhoʊɫˌseɪɫɝ/,real,someone who buys large quantities of goods and resells to merchants rather than to the ultimate customers,whole+sale(toàn bộ + bán hàng) + -er(người làm việc gì; so sánh hơn),"Wordset Dictionary (wordset.org, WordNet-based, community-edited)",chưa dịch lại theo định nghĩa Wordset mới - vẫn là công thức ghép cũ,
whole+sale,wholesale,[whole+sale],0-2-0,adverb,/ˈhoʊɫˌseɪɫ/,real,on a large scale without careful discrimination,whole+sale(toàn bộ + bán hàng),"Wordset Dictionary (wordset.org, WordNet-based, community-edited)",chưa dịch lại theo định nghĩa Wordset mới - vẫn là công thức ghép cũ,
whom+ever,whomever,[whom+ever],0-2-0,pronoun,/huˈmɛvɝ/,real,"whom+ever(used instead of ‘who’ as the object of a verb or preposition + used in negative sentences and questions, or sentences with if to mean ‘at any time’)","whom+ever(người mà + từng, mãi mãi)","compositional (generated, unverified)",công thức ghép (chưa xác thực),
whom+so+ever,whomsoever,[whom+so+ever],0-3-0,pronoun,/ˌhumsoʊˈɛvɝ/,real,"The objective of whosoever. See Whosoever.The Most High ruleth in the kingdow of men, and giveth it towhomsoever he will. Dan. iv. 17.","whom+so+ever(người mà + vì vậy + từng, mãi mãi)","Webster's Unabridged Dictionary (1913, public domain)",công thức ghép (chưa xác thực),
wide+spread,widespread,[wide+spread],0-2-0,adjective,/ˈwaɪdsˈpɹɛd/,real,existing or happening over a large area or among many people,wide+spread(rộng lớn + lan rộng),Oxford 5000 (verified),,
wife+like,wifelike,[wife+like],0-2-0,adjective,/wˈaɪflaɪk/,"generated (espeak-ng G2P, algorithmic)",befitting or characteristic of a wife,"wife+like(vợ + thích, giống như)","Wordset Dictionary (wordset.org, WordNet-based, community-edited)",chưa dịch lại theo định nghĩa Wordset mới - vẫn là công thức ghép cũ,
wild+cat,wildcat,[wild+cat],0-2-0,adjective,/ˈwaɪɫdˌkæt/,real,(of a mine or oil well) drilled speculatively in an area not known to be productive,wild+cat(hoang dã + con mèo),"Wordset Dictionary (wordset.org, WordNet-based, community-edited)",chưa dịch lại theo định nghĩa Wordset mới - vẫn là công thức ghép cũ,
wild+cat,wildcatter,[wild+cat]-er,0-2-1,noun,/ˈwaɪɫdˌkætɝ/,real,an oilman who drills exploratory wells in territory not known to be an oil field,wild+cat(hoang dã + con mèo) + -er(người làm việc gì; so sánh hơn),"Wordset Dictionary (wordset.org, WordNet-based, community-edited)",chưa dịch lại theo định nghĩa Wordset mới - vẫn là công thức ghép cũ,
wild+fire,wildfire,[wild+fire],0-2-0,noun,/ˈwaɪɫdˌfaɪɝ/,real,a raging and rapidly spreading conflagration,"wild+fire(hoang dã + lửa, sa thải)","Wordset Dictionary (wordset.org, WordNet-based, community-edited)",chưa dịch lại theo định nghĩa Wordset mới - vẫn là công thức ghép cũ,
wild+life,wildlife,[wild+life],0-2-0,noun,/ˈwaɪɫdˌɫaɪf/,real,"animals, birds, insects, etc. that are wild and live in a natural environment",wild+life(hoang dã + cuộc sống),Oxford 5000 (verified),,
will+power,willpower,[will+power],0-2-0,noun,/ˈwɪɫˌpaʊɝ/,real,the trait of resolutely controlling your own behavior,"will+power(sẽ, ý chí + quyền lực, sức mạnh)","Wordset Dictionary (wordset.org, WordNet-based, community-edited)",chưa dịch lại theo định nghĩa Wordset mới - vẫn là công thức ghép cũ,
win+less,winless,[win+less],0-2-0,adjective,/wˈɪnləs/,"generated (espeak-ng G2P, algorithmic)",having no wins,win+less(chiến thắng + ít hơn),"Wordset Dictionary (wordset.org, WordNet-based, community-edited)",chưa dịch lại theo định nghĩa Wordset mới - vẫn là công thức ghép cũ,
wind+bag,windbag,[wind+bag],0-2-0,noun,/wˈɪndbæɡ/,real,a boring person who talks a great deal about uninteresting topics,wind+bag(gió + túi),"Wordset Dictionary (wordset.org, WordNet-based, community-edited)",chưa dịch lại theo định nghĩa Wordset mới - vẫn là công thức ghép cũ,
wind+break,windbreak,[wind+break],0-2-0,noun,/wˈɪndbɹeɪk/,real,hedge or fence of trees designed to lessen the force of the wind and reduce erosion,"wind+break(gió + phá vỡ, nghỉ giải lao)","Wordset Dictionary (wordset.org, WordNet-based, community-edited)",chưa dịch lại theo định nghĩa Wordset mới - vẫn là công thức ghép cũ,
wind+break,windbreaker,[wind+break]-er,0-2-1,noun,/wˈɪndbɹeɪkɐ/,real,a kind of heavy jacket (`windcheater' is a British term),"wind+break(gió + phá vỡ, nghỉ giải lao) + -er(người làm việc gì; so sánh hơn)","Wordset Dictionary (wordset.org, WordNet-based, community-edited)",chưa dịch lại theo định nghĩa Wordset mới - vẫn là công thức ghép cũ,
wind+cheat,windcheater,[wind+cheat]-er,0-2-1,noun,/wˈɪndtʃiːtɐ/,real,a kind of heavy jacket (`windcheater' is a British term),wind+cheat(gió + gian lận) + -er(người làm việc gì; so sánh hơn),"Wordset Dictionary (wordset.org, WordNet-based, community-edited)",chưa dịch lại theo định nghĩa Wordset mới - vẫn là công thức ghép cũ,
wind+fall,windfall,[wind+fall],0-2-0,noun,/ˈwɪndˌfɔɫ/,real,a sudden happening that brings good fortune (as a sudden opportunity to make money),"wind+fall(gió + rơi, mùa thu)","Wordset Dictionary (wordset.org, WordNet-based, community-edited)",chưa dịch lại theo định nghĩa Wordset mới - vẫn là công thức ghép cũ,
wind+jam,windjammer,[wind+jam]-er,0-2-1,noun,/wˈɪndʒæmɐ/,real,a large sailing ship,"wind+jam(gió + mứt, kẹt xe) + -er(người làm việc gì; so sánh hơn)","Wordset Dictionary (wordset.org, WordNet-based, community-edited)",chưa dịch lại theo định nghĩa Wordset mới - vẫn là công thức ghép cũ,
wind+mill,windmill,[wind+mill],0-2-0,noun,/ˈwɪndˌmɪɫ/,real,generator that extracts usable energy from winds,wind+mill(gió + nhà máy),"Wordset Dictionary (wordset.org, WordNet-based, community-edited)",chưa dịch lại theo định nghĩa Wordset mới - vẫn là công thức ghép cũ,
wind+pipe,windpipe,[wind+pipe],0-2-0,noun,/wˈɪndpaɪp/,real,membranous tube with cartilaginous rings that conveys inhaled air from the larynx to the bronchi,wind+pipe(gió + ống dẫn),"Wordset Dictionary (wordset.org, WordNet-based, community-edited)",chưa dịch lại theo định nghĩa Wordset mới - vẫn là công thức ghép cũ,
wind+screen,windscreen,[wind+screen],0-2-0,noun,/wˈɪndskɹiːn/,real,transparent screen (as of glass) to protect occupants of a vehicle,wind+screen(gió + màn hình),"Wordset Dictionary (wordset.org, WordNet-based, community-edited)",chưa dịch lại theo định nghĩa Wordset mới - vẫn là công thức ghép cũ,
wind+sock,windsock,[wind+sock],0-2-0,noun,/wˈɪndsɒk/,real,a truncated cloth cone mounted on a mast,wind+sock(gió + tất),"Wordset Dictionary (wordset.org, WordNet-based, community-edited)",chưa dịch lại theo định nghĩa Wordset mới - vẫn là công thức ghép cũ,
wind+storm,windstorm,[wind+storm],0-2-0,noun,/ˈwɪndˌstɔɹm/,real,a storm consisting of violent winds,wind+storm(gió + cơn bão),"Wordset Dictionary (wordset.org, WordNet-based, community-edited)",chưa dịch lại theo định nghĩa Wordset mới - vẫn là công thức ghép cũ,
wind+up,windup,[wind+up],0-2-0,noun,/ˈwaɪnˌdəp/,real,a concluding action,wind+up(gió + lên trên),"Wordset Dictionary (wordset.org, WordNet-based, community-edited)",chưa dịch lại theo định nghĩa Wordset mới - vẫn là công thức ghép cũ,
wine+glass,wineglass,[wine+glass],0-2-0,noun,/wˈaɪnɡlɑːs/,real,a glass that has a stem and in which wine is served,"wine+glass(rượu vang + kính, ly)","Wordset Dictionary (wordset.org, WordNet-based, community-edited)",chưa dịch lại theo định nghĩa Wordset mới - vẫn là công thức ghép cũ,
wine+head,winehead,[wine+head],0-2-0,noun,/wˈaɪnhɛd/,"generated (espeak-ng G2P, algorithmic)","wine+head(an alcoholic drink made from the juice of grapes that has been left to ferment. There are many different kinds of wine. + the part of the body on top of the neck containing the eyes, nose, mouth and brain)","wine+head(rượu vang + đầu, người đứng đầu)","compositional (generated, unverified)",công thức ghép (chưa xác thực),từ lóng có thật (người nghiện rượu)
wine+press,winepress,[wine+press],0-2-0,noun,/wˈaɪnpɹɛs/,"generated (espeak-ng G2P, algorithmic)",a press that is used to extract the juice from grapes,"wine+press(rượu vang + nhấn, báo chí)","Wordset Dictionary (wordset.org, WordNet-based, community-edited)",chưa dịch lại theo định nghĩa Wordset mới - vẫn là công thức ghép cũ,
wine+skin,wineskin,[wine+skin],0-2-0,noun,/wˈaɪnskɪn/,"generated (espeak-ng G2P, algorithmic)",an animal skin (usually a goatskin) that forms a bag and is used to hold and dispense wine,wine+skin(rượu vang + làn da),"Wordset Dictionary (wordset.org, WordNet-based, community-edited)",chưa dịch lại theo định nghĩa Wordset mới - vẫn là công thức ghép cũ,
wing+back,wingback,[wing+back],0-2-0,noun,/ˈwɪŋˌbæk/,real,(American football) the position of the offensive back who lines up behind or outside the end,"wing+back(cánh + lưng, phía sau)","Wordset Dictionary (wordset.org, WordNet-based, community-edited)",chưa dịch lại theo định nghĩa Wordset mới - vẫn là công thức ghép cũ,
wing+man,wingman,[wing+man],0-2-0,noun,/ˈwɪŋmən/,real,the pilot who positions his aircraft outside and behind (on the wing of) the leader of a flying formation,wing+man(cánh + đàn ông),"Wordset Dictionary (wordset.org, WordNet-based, community-edited)",chưa dịch lại theo định nghĩa Wordset mới - vẫn là công thức ghép cũ,
wing+spain,wingspan,[wing+spain],0-2-0,noun,/ˈwɪŋˌspæn/,real,linear distance between the extremities of an airfoil,wing+spain(cánh + Tây Ban Nha),"Wordset Dictionary (wordset.org, WordNet-based, community-edited)",chưa dịch lại theo định nghĩa Wordset mới - vẫn là công thức ghép cũ,
wing+spread,wingspread,[wing+spread],0-2-0,noun,/wˈɪŋspɹɛd/,"generated (espeak-ng G2P, algorithmic)",linear distance between the extremities of an airfoil,wing+spread(cánh + lan rộng),"Wordset Dictionary (wordset.org, WordNet-based, community-edited)",chưa dịch lại theo định nghĩa Wordset mới - vẫn là công thức ghép cũ,
winter+time,wintertime,[winter+time],0-2-0,noun,/ˈwɪntɝˌtaɪm/,real,the coldest season of the year,winter+time(mùa đông + thời gian),"Wordset Dictionary (wordset.org, WordNet-based, community-edited)",chưa dịch lại theo định nghĩa Wordset mới - vẫn là công thức ghép cũ,
wire+cut,wirecutters,[wire+cut]-er,0-2-1,noun,/wˈaɪɚkʌɾɚz/,"generated (espeak-ng G2P, algorithmic)",wire+cut(metal in the form of thin thread; a piece of this + a wound caused by something sharp) + -er(person who does; comparative),wire+cut(dây điện + cắt) + -er(người làm việc gì; so sánh hơn),"compositional (generated, unverified)",công thức ghép (chưa xác thực),
wire+tap,wiretaps,[wire+tap],0-2-0,noun,/ˈwaɪɹˌtæps/,real,wire+tap(metal in the form of thin thread; a piece of this + a device for controlling the flow of water from a pipe into a bath or sink),"wire+tap(dây điện + vòi nước, chạm nhẹ)","compositional (generated, unverified)",công thức ghép (chưa xác thực),
wire+worm,wireworm,[wire+worm],0-2-0,noun,/wˈaɪɚwɜːm/,"generated (espeak-ng G2P, algorithmic)",wormlike larva of various elaterid beetles,wire+worm(dây điện + con giun),"Wordset Dictionary (wordset.org, WordNet-based, community-edited)",chưa dịch lại theo định nghĩa Wordset mới - vẫn là công thức ghép cũ,
wise+crack,wisecrack,[wise+crack],0-2-0,noun,/ˈwaɪzˌkɹæk/,real,witty remark,"wise+crack(khôn ngoan + vết nứt, bẻ)","Wordset Dictionary (wordset.org, WordNet-based, community-edited)",chưa dịch lại theo định nghĩa Wordset mới - vẫn là công thức ghép cũ,
wish+bone,wishbone,[wish+bone],0-2-0,noun,/ˈwɪʃˌboʊn/,real,the furcula of a domestic fowl,wish+bone(ước muốn + xương),"Wordset Dictionary (wordset.org, WordNet-based, community-edited)",chưa dịch lại theo định nghĩa Wordset mới - vẫn là công thức ghép cũ,
with+draw,withdrawal,[with+draw]-al,0-2-1,noun,/wɪðˈdɹɔəɫ/,real,the act of taking an amount of money out of your bank account,"with+draw(với + vẽ, kéo) + -al(thuộc về (tính từ); hành động (danh từ))",Oxford 5000 (verified),,
with+draw,withdraw,[with+draw],0-2-0,verb,/wɪðˈdɹɔ/,real,to take money out of a bank account,"with+draw(với + vẽ, kéo)",Oxford 5000 (verified),,
with+draw,withdrawn,[with+draw]-n,0-2-1,adjective,/wɪðˈdɹɔn/,real,tending to reserve or introspection,"with+draw(với + vẽ, kéo) + -n([NGỮ PHÁP] đuôi phân từ quá khứ (VD blown, drawn))","Wordset Dictionary (wordset.org, WordNet-based, community-edited)",chưa dịch lại theo định nghĩa Wordset mới - vẫn là công thức ghép cũ,
with+hold,withhold,[with+hold],0-2-0,verb,/wɪθˈhoʊɫd/,real,hold back,with+hold(với + giữ),"Wordset Dictionary (wordset.org, WordNet-based, community-edited)",chưa dịch lại theo định nghĩa Wordset mới - vẫn là công thức ghép cũ,
with+in,within,[with+in],0-2-0,preposition,/wɪˈðɪn/,real,before a particular period of time has passed; during a particular period of time,"with+in(với + trong, vào)",Oxford 5000 (verified),,
with+out,without,[with+out],0-2-0,preposition,/wɪˈðaʊt/,real,"not having, experiencing or showing something",with+out(với + ra ngoài),Oxford 5000 (verified),,
with+stand,withstand,[with+stand],0-2-0,verb,/wɪθˈstænd/,real,stand up or offer resistance to somebody or something,with+stand(với + đứng),"Wordset Dictionary (wordset.org, WordNet-based, community-edited)",chưa dịch lại theo định nghĩa Wordset mới - vẫn là công thức ghép cũ,
woman+kind,womankind,[woman+kind],0-2-0,noun,/wˈʊməŋkˌaɪnd/,real,women as distinguished from men,"woman+kind(phụ nữ + tử tế, loại)","Wordset Dictionary (wordset.org, WordNet-based, community-edited)",chưa dịch lại theo định nghĩa Wordset mới - vẫn là công thức ghép cũ,
woman+like,womanlike,[woman+like],0-2-0,adjective,/wˈʊmənlˌaɪk/,"generated (espeak-ng G2P, algorithmic)",resembling a woman,"woman+like(phụ nữ + thích, giống như)","Wordset Dictionary (wordset.org, WordNet-based, community-edited)",chưa dịch lại theo định nghĩa Wordset mới - vẫn là công thức ghép cũ,
wonder+land,wonderland,[wonder+land],0-2-0,noun,/ˈwəndɝˌɫænd/,real,an imaginary realm of marvels or wonders,"wonder+land(sự ngạc nhiên, tự hỏi + đất đai)","Wordset Dictionary (wordset.org, WordNet-based, community-edited)",chưa dịch lại theo định nghĩa Wordset mới - vẫn là công thức ghép cũ,
wood+block,woodblock,[wood+block],0-2-0,noun,/wˈʊdblɒk/,real,"wood+block(the hard material that the trunk and branches of a tree are made of; this material when it is used to build or make things with, or as a fuel + a large piece of a solid material that is square or rectangular in shape and usually has flat sides)","wood+block(gỗ + khối, chặn lại)","compositional (generated, unverified)",công thức ghép (chưa xác thực),
wood+carve,woodcarver,[wood+carve]-er,0-2-1,noun,/ˈwʊdˌkɑɹvɝ/,real,makes decorative wooden panels,wood+carve(gỗ + chạm khắc) + -er(người làm việc gì; so sánh hơn),"Wordset Dictionary (wordset.org, WordNet-based, community-edited)",chưa dịch lại theo định nghĩa Wordset mới - vẫn là công thức ghép cũ,
wood+craft,woodcraft,[wood+craft],0-2-0,noun,/wˈʊdkɹɑːft/,real,skill in carving or fashioning objects from wood,"wood+craft(gỗ + thủ công, chế tạo)","Wordset Dictionary (wordset.org, WordNet-based, community-edited)",chưa dịch lại theo định nghĩa Wordset mới - vẫn là công thức ghép cũ,
wood+cut,woodcutter,[wood+cut]-er,0-2-1,noun,/wˈʊdkʌtɐ/,real,cuts down trees and chops wood as a job,wood+cut(gỗ + cắt) + -er(người làm việc gì; so sánh hơn),"Wordset Dictionary (wordset.org, WordNet-based, community-edited)",chưa dịch lại theo định nghĩa Wordset mới - vẫn là công thức ghép cũ,
wood+cut,woodcut,[wood+cut],0-2-0,noun,/wˈʊdkʌt/,real,engraving consisting of a block of wood with a design cut into it,wood+cut(gỗ + cắt),"Wordset Dictionary (wordset.org, WordNet-based, community-edited)",chưa dịch lại theo định nghĩa Wordset mới - vẫn là công thức ghép cũ,
wood+grain,woodgraining,[wood+grain],0-2-0,noun,/wˈʊdɡɹeɪnɪŋ/,"generated (espeak-ng G2P, algorithmic)",a texture like that of wood,wood+grain(gỗ + hạt ngũ cốc),"Wordset Dictionary (wordset.org, WordNet-based, community-edited)",chưa dịch lại theo định nghĩa Wordset mới - vẫn là công thức ghép cũ,
wood+land,woodland,[wood+land],0-2-0,noun,/ˈwʊdˌɫænd/,real,land that is covered with trees and shrubs,wood+land(gỗ + đất đai),"Wordset Dictionary (wordset.org, WordNet-based, community-edited)",chưa dịch lại theo định nghĩa Wordset mới - vẫn là công thức ghép cũ,
wood+man,woodman,[wood+man],0-2-0,noun,/ˈwʊdmən/,real,makes things out of wood,wood+man(gỗ + đàn ông),"Wordset Dictionary (wordset.org, WordNet-based, community-edited)",chưa dịch lại theo định nghĩa Wordset mới - vẫn là công thức ghép cũ,
wood+pile,woodpile,[wood+pile],0-2-0,noun,/ˈwʊdpaɪɫ/,real,a pile or stack of wood to be used for fuel,"wood+pile(gỗ + đống, chồng)","Wordset Dictionary (wordset.org, WordNet-based, community-edited)",chưa dịch lại theo định nghĩa Wordset mới - vẫn là công thức ghép cũ,
wood+shed,woodshed,[wood+shed],0-2-0,noun,/ˈwʊdˌʃɛd/,real,a shed for storing firewood or garden tools,"wood+shed(gỗ + nhà kho, đổ (nước mắt))","Wordset Dictionary (wordset.org, WordNet-based, community-edited)",chưa dịch lại theo định nghĩa Wordset mới - vẫn là công thức ghép cũ,
wood+side,woodside,[wood+side],0-2-0,noun,/ˈwʊdˌsaɪd/,real,"wood+side(the hard material that the trunk and branches of a tree are made of; this material when it is used to build or make things with, or as a fuel + either of the two halves of a surface, an object or an area that is divided by an imaginary central line)",wood+side(gỗ + bên cạnh),"compositional (generated, unverified)",công thức ghép (chưa xác thực),
wood+smoke,woodsmoke,[wood+smoke],0-2-0,noun,/wˈʊdsmoʊk/,"generated (espeak-ng G2P, algorithmic)","wood+smoke(the hard material that the trunk and branches of a tree are made of; this material when it is used to build or make things with, or as a fuel + the grey, white or black gas that is produced by something burning)",wood+smoke(gỗ + khói),"compositional (generated, unverified)",công thức ghép (chưa xác thực),"""wood smoke"" - khói gỗ, phổ biến"
wood+wind,woodwind,[wood+wind],0-2-0,noun,/ˈwʊdˌwɪnd/,real,any wind instrument other than the brass instruments,wood+wind(gỗ + gió),"Wordset Dictionary (wordset.org, WordNet-based, community-edited)",chưa dịch lại theo định nghĩa Wordset mới - vẫn là công thức ghép cũ,
wood+work,woodwork,[wood+work],0-2-0,noun,/ˈwʊdˌwɝk/,real,the craft of a carpenter: making things out of wood,wood+work(gỗ + công việc),"Wordset Dictionary (wordset.org, WordNet-based, community-edited)",chưa dịch lại theo định nghĩa Wordset mới - vẫn là công thức ghép cũ,
wood+worm,woodworm,[wood+worm],0-2-0,noun,/wˈʊdwɜːm/,real,a larva of a woodborer,wood+worm(gỗ + con giun),"Wordset Dictionary (wordset.org, WordNet-based, community-edited)",chưa dịch lại theo định nghĩa Wordset mới - vẫn là công thức ghép cũ,
wood+yard,woodyard,[wood+yard],0-2-0,noun,/ˈwʊdˌjɑɹd/,real,"wood+yard(the hard material that the trunk and branches of a tree are made of; this material when it is used to build or make things with, or as a fuel + a piece of land next to or around your house where you can grow flowers, fruit, vegetables, etc., usually with a lawn (= an area of grass))","wood+yard(gỗ + sân, yard (đơn vị))","compositional (generated, unverified)",công thức ghép (chưa xác thực),
wool+gather,woolgather,[wool+gather],0-2-0,verb,/wˈʊlɡæðɚ/,"generated (espeak-ng G2P, algorithmic)",have a daydream,wool+gather(len + tập hợp),"Wordset Dictionary (wordset.org, WordNet-based, community-edited)",chưa dịch lại theo định nghĩa Wordset mới - vẫn là công thức ghép cũ,
wool+sack,woolsack,[wool+sack],0-2-0,noun,/wˈʊlsæk/,real,"A sack or bag of wool; specifically, the seat of the lordchancellor of England in the House of Lords, being a large, squaresack of wool resembling a divan in form.","wool+sack(len + bao tải, sa thải)","Webster's Unabridged Dictionary (1913, public domain)",công thức ghép (chưa xác thực),
wool+work,woolworkers,[wool+work]-er,0-2-1,noun,/wˈʊlwɜːkɚz/,"generated (espeak-ng G2P, algorithmic)",wool+work(the soft hair that covers the body of sheep and some other animals + the job that a person does especially in order to earn money) + -er(person who does; comparative),wool+work(len + công việc) + -er(người làm việc gì; so sánh hơn),"compositional (generated, unverified)",công thức ghép (chưa xác thực),"""wool worker"" - thợ dệt len"
word+book,wordbook,[word+book],0-2-0,noun,/wˈɜːdbʊk/,"generated (espeak-ng G2P, algorithmic)",a reference book containing words (usually with their meanings),word+book(từ ngữ + sách),"Wordset Dictionary (wordset.org, WordNet-based, community-edited)",chưa dịch lại theo định nghĩa Wordset mới - vẫn là công thức ghép cũ,
word+play,wordplay,[word+play],0-2-0,noun,/wˈɜːdpleɪ/,real,a humorous play on words,word+play(từ ngữ + chơi),"Wordset Dictionary (wordset.org, WordNet-based, community-edited)",chưa dịch lại theo định nghĩa Wordset mới - vẫn là công thức ghép cũ,
word+worth,wordsworth,[word+worth],0-2-0,noun,/ˈwɝdzwɝθ/,real,"word+worth(a single unit of language that means something and can be spoken or written + having a value in money, etc.)",word+worth(từ ngữ + đáng giá),"compositional (generated, unverified)",công thức ghép (chưa xác thực),
work+bag,workbag,[work+bag],0-2-0,noun,/wˈɜːkbæɡ/,"generated (espeak-ng G2P, algorithmic)",container for holding implements and materials for work (especially for sewing),work+bag(công việc + túi),"Wordset Dictionary (wordset.org, WordNet-based, community-edited)",chưa dịch lại theo định nghĩa Wordset mới - vẫn là công thức ghép cũ,
work+basket,workbasket,[work+basket],0-2-0,noun,/wˈɜːkbæskɪt/,"generated (espeak-ng G2P, algorithmic)",container for holding implements and materials for work (especially for sewing),"work+basket(công việc + giỏ, rổ)","Wordset Dictionary (wordset.org, WordNet-based, community-edited)",chưa dịch lại theo định nghĩa Wordset mới - vẫn là công thức ghép cũ,
work+bench,workbench,[work+bench],0-2-0,noun,/ˈwɝkˌbɛntʃ/,real,a strong worktable for a carpenter or mechanic,"work+bench(công việc + ghế dài, băng ghế)","Wordset Dictionary (wordset.org, WordNet-based, community-edited)",chưa dịch lại theo định nghĩa Wordset mới - vẫn là công thức ghép cũ,
work+book,workbook,[work+book],0-2-0,noun,/ˈwɝkˌbʊk/,real,a student's book or booklet containing problems with spaces for solving them,work+book(công việc + sách),"Wordset Dictionary (wordset.org, WordNet-based, community-edited)",chưa dịch lại theo định nghĩa Wordset mới - vẫn là công thức ghép cũ,
work+box,workbox,[work+box],0-2-0,noun,/wˈɜːkbɑːks/,"generated (espeak-ng G2P, algorithmic)",container for holding implements and materials for work (especially for sewing),work+box(công việc + hộp),"Wordset Dictionary (wordset.org, WordNet-based, community-edited)",chưa dịch lại theo định nghĩa Wordset mới - vẫn là công thức ghép cũ,
work+day,workday,[work+day],0-2-0,noun,/ˈwɝkˌdeɪ/,real,the amount of time that a worker must work for an agreed daily wage,work+day(công việc + ngày),"Wordset Dictionary (wordset.org, WordNet-based, community-edited)",chưa dịch lại theo định nghĩa Wordset mới - vẫn là công thức ghép cũ,
work+day,workaday,[work+day]-a,0-2-1,adjective,/ˈwɝkəˌdeɪ/,real,found in the ordinary course of events,"work+day(công việc + ngày) + -a([BIẾN THỂ] đuôi từ mượn Latin/Hy Lạp, số nhiều hoặc giống cái)","Wordset Dictionary (wordset.org, WordNet-based, community-edited)",chưa dịch lại theo định nghĩa Wordset mới - vẫn là công thức ghép cũ,
work+horse,workhorse,[work+horse],0-2-0,noun,/ˈwɝkˌhɔɹs/,real,a horse used for plowing and hauling and other heavy labor,work+horse(công việc + ngựa),"Wordset Dictionary (wordset.org, WordNet-based, community-edited)",chưa dịch lại theo định nghĩa Wordset mới - vẫn là công thức ghép cũ,
work+house,workhouse,[work+house],0-2-0,noun,/wˈɜːkhaʊs/,real,a county jail that holds prisoners for periods up to 18 months,work+house(công việc + ngôi nhà),"Wordset Dictionary (wordset.org, WordNet-based, community-edited)",chưa dịch lại theo định nghĩa Wordset mới - vẫn là công thức ghép cũ,
work+man,workmanship,[work+man]-ship,0-2-1,noun,/ˈwɝkmənˌʃɪp/,real,skill in an occupation or trade,"work+man(công việc + đàn ông) + -ship(trạng thái, điều kiện, kỹ năng (danh từ))","Wordset Dictionary (wordset.org, WordNet-based, community-edited)",chưa dịch lại theo định nghĩa Wordset mới - vẫn là công thức ghép cũ,
work+man,workman,[work+man],0-2-0,noun,/ˈwɝkmən/,real,an employee who performs manual or industrial labor,work+man(công việc + đàn ông),"Wordset Dictionary (wordset.org, WordNet-based, community-edited)",chưa dịch lại theo định nghĩa Wordset mới - vẫn là công thức ghép cũ,
work+man+like,workmanlike,[work+man+like],0-3-0,adjective,/ˈwɝkˌmænˌɫaɪk/,real,worthy of a good workman,"work+man+like(công việc + đàn ông + thích, giống như)","Wordset Dictionary (wordset.org, WordNet-based, community-edited)",chưa dịch lại theo định nghĩa Wordset mới - vẫn là công thức ghép cũ,
work+out,workout,[work+out],0-2-0,noun,/ˈwɝˌkaʊt/,real,a period of physical exercise that you do to keep fit,work+out(công việc + ra ngoài),Oxford 5000 (verified),,
work+people,workpeople,[work+people],0-2-0,noun,/wˈɜːkpiːpəl/,"generated (espeak-ng G2P, algorithmic)","work+people(the job that a person does especially in order to earn money + human beings; men, women and children)",work+people(công việc + con người),"compositional (generated, unverified)",công thức ghép (chưa xác thực),
work+piece,workpiece,[work+piece],0-2-0,noun,/wˈɜːkpiːs/,"generated (espeak-ng G2P, algorithmic)",work consisting of a piece of metal being machined,"work+piece(công việc + mảnh, miếng)","Wordset Dictionary (wordset.org, WordNet-based, community-edited)",chưa dịch lại theo định nghĩa Wordset mới - vẫn là công thức ghép cũ,
work+room,workroom,[work+room],0-2-0,noun,/ˈwɝˌkɹum/,real,room where work is done,work+room(công việc + căn phòng),"Wordset Dictionary (wordset.org, WordNet-based, community-edited)",chưa dịch lại theo định nghĩa Wordset mới - vẫn là công thức ghép cũ,
work+sheet,worksheet,[work+sheet],0-2-0,noun,/ˈwɝkˌʃit/,real,a sheet of paper with multiple columns,"work+sheet(công việc + tấm, tờ)","Wordset Dictionary (wordset.org, WordNet-based, community-edited)",chưa dịch lại theo định nghĩa Wordset mới - vẫn là công thức ghép cũ,
work+shop,workshop,[work+shop],0-2-0,noun,/ˈwɝkˌʃɑp/,real,"a period of discussion and practical work on a particular subject, in which a group of people share their knowledge and experience",work+shop(công việc + cửa hàng),Oxford 5000 (verified),,
work+table,worktable,[work+table],0-2-0,noun,/wˈɜːkteɪbəl/,"generated (espeak-ng G2P, algorithmic)",a table designed for a particular task,work+table(công việc + cái bàn),"Wordset Dictionary (wordset.org, WordNet-based, community-edited)",chưa dịch lại theo định nghĩa Wordset mới - vẫn là công thức ghép cũ,
world+wide,worldwide,[world+wide],0-2-0,adjective,/ˈwɝɫdˈwaɪd/,real,affecting all parts of the world,world+wide(thế giới + rộng lớn),Oxford 5000 (verified),,
worm+hole,wormhole,[worm+hole],0-2-0,noun,/ˈwɝmˌhɔɫ/,real,hole made by a burrowing worm,worm+hole(con giun + lỗ hổng),"Wordset Dictionary (wordset.org, WordNet-based, community-edited)",chưa dịch lại theo định nghĩa Wordset mới - vẫn là công thức ghép cũ,
worth+while,worthwhile,[worth+while],0-2-0,adjective,/ˈwɝθˈwaɪɫ/,real,"important, pleasant, interesting, etc.; worth spending time, money or effort on",worth+while(đáng giá + trong khi),Oxford 5000 (verified),,
would+be,wouldbe,[would+be],0-2-0,modal verb,/wˈʊdb/,"generated (espeak-ng G2P, algorithmic)","would+be(used in polite offers or invitations + used when you are naming people or things, describing them or giving more information about them)","would+be(sẽ (quá khứ) + là, tồn tại)","compositional (generated, unverified)",công thức ghép (chưa xác thực),"""would-be"" - có ý định trở thành, phổ biến"
wrist+band,wristband,[wrist+band],0-2-0,noun,/ɹˈɪstbænd/,real,a band of cloth or leather or metal links attached to a wristwatch and wrapped around the wrist,"wrist+band(cổ tay + ban nhạc, dải băng)","Wordset Dictionary (wordset.org, WordNet-based, community-edited)",chưa dịch lại theo định nghĩa Wordset mới - vẫn là công thức ghép cũ,
wrist+watch,wristwatch,[wrist+watch],0-2-0,noun,/ˈɹɪstˌwɑtʃ/,real,a watch that is worn strapped to the wrist,"wrist+watch(cổ tay + xem, đồng hồ)","Wordset Dictionary (wordset.org, WordNet-based, community-edited)",chưa dịch lại theo định nghĩa Wordset mới - vẫn là công thức ghép cũ,
wrong+do,wrongdoing,[wrong+do],0-2-0,noun,/ˈɹɔŋduɪŋ/,real,activity that transgresses moral or civil law,wrong+do(sai trái + làm),"Wordset Dictionary (wordset.org, WordNet-based, community-edited)",chưa dịch lại theo định nghĩa Wordset mới - vẫn là công thức ghép cũ,
wrong+do,wrongdoer,[wrong+do]-er,0-2-1,noun,/ˈɹɔŋˈduɝ/,real,a person who transgresses moral or civil law,wrong+do(sai trái + làm) + -er(người làm việc gì; so sánh hơn),"Wordset Dictionary (wordset.org, WordNet-based, community-edited)",chưa dịch lại theo định nghĩa Wordset mới - vẫn là công thức ghép cũ,
wrong+head,wrongheadedness,[wrong+head]-ness,0-2-1,noun,/ɹˈɔŋhɪdᵻdnəs/,"generated (espeak-ng G2P, algorithmic)","wrong+head(not right or correct + the part of the body on top of the neck containing the eyes, nose, mouth and brain) + -ness(state or quality of (noun))","wrong+head(sai trái + đầu, người đứng đầu) + -ness(trạng thái, tính chất (danh từ))","compositional (generated, unverified)",công thức ghép (chưa xác thực),
wrong+head,wrongheaded,[wrong+head],0-2-0,adjective,/ˈɹɔŋˌhɛdɪd/,real,obstinately perverse in judgment or opinion,"wrong+head(sai trái + đầu, người đứng đầu)","Wordset Dictionary (wordset.org, WordNet-based, community-edited)",chưa dịch lại theo định nghĩa Wordset mới - vẫn là công thức ghép cũ,
wrong+head,wrongheadedly,[wrong+head]-ly,0-2-1,adverb,/ɹˈɔŋhɪdᵻdli/,"generated (espeak-ng G2P, algorithmic)",in a wrongheaded manner,"wrong+head(sai trái + đầu, người đứng đầu) + -ly(trạng từ chỉ cách thức / tính từ (giống như))","Wordset Dictionary (wordset.org, WordNet-based, community-edited)",chưa dịch lại theo định nghĩa Wordset mới - vẫn là công thức ghép cũ,
yard+arm,yardarm,[yard+arm],0-2-0,noun,/jˈɑːdɑːm/,real,either end of the yard of a square-rigged ship,"yard+arm(sân, yard (đơn vị) + cánh tay, vũ trang)","Wordset Dictionary (wordset.org, WordNet-based, community-edited)",chưa dịch lại theo định nghĩa Wordset mới - vẫn là công thức ghép cũ,
yard+stick,yardstick,[yard+stick],0-2-0,noun,/ˈjɑɹdˌstɪk/,real,a ruler or tape that is three feet long,"yard+stick(sân, yard (đơn vị) + que, dính chặt)","Wordset Dictionary (wordset.org, WordNet-based, community-edited)",chưa dịch lại theo định nghĩa Wordset mới - vẫn là công thức ghép cũ,
year+book,yearbook,[year+book],0-2-0,noun,/ˈjɪɹˌbʊk/,real,a book published annually by a school usually containing photographs of faculty and students,year+book(năm + sách),"Wordset Dictionary (wordset.org, WordNet-based, community-edited)",chưa dịch lại theo định nghĩa Wordset mới - vẫn là công thức ghép cũ,
year+long,yearlong,[year+long],0-2-0,adjective,/ˈjɪɹˈɫɔŋ/,real,lasting through a year,year+long(năm + dài),"Wordset Dictionary (wordset.org, WordNet-based, community-edited)",chưa dịch lại theo định nghĩa Wordset mới - vẫn là công thức ghép cũ,
your+self,yourself,[your+self],0-2-0,pronoun,/ˈjɔɹsɛɫf/,real,used when the person or people being spoken to both cause and are affected by an action,your+self(của bạn + bản thân),Oxford 5000 (verified),,
