root_word,meaning,nghia_tieng_viet,used_in_single_root_group,used_in_compound_group,variants,variant_count,de_nham_lan,bien_the,topic,subtopic
a,used before countable or singular nouns referring to people or things that have not already been mentioned,một (mạo từ),False,True,nowadays,1,không có (hoặc chưa xác định),không có biến thể đáng chú ý,Ngữ pháp và hư từ,Trợ từ
abandon,"to leave somebody, especially somebody you are responsible for, with no intention of returning","từ bỏ, bỏ rơi",True,False,abandonment,1,không có (hoặc chưa xác định),không có biến thể đáng chú ý,Khái niệm trừu tượng,Hành động và xử lý
able,"to have the skill, intelligence, opportunity, etc. needed to do something",có khả năng,True,False,ability; abler; ablest; ably; disability; disable; disablement; enable; inability; unable,10,không có (hoặc chưa xác định),không có biến thể đáng chú ý,Khái niệm trừu tượng,Khả năng và cần thiết
abolish,"to officially end a law, a system or an institution","bãi bỏ, hủy bỏ",True,False,abolition; abolitionist,2,không có (hoặc chưa xác định),không có biến thể đáng chú ý,Khái niệm trừu tượng,Hành động và xử lý
about,a little more or less than; a little before or after,"về, khoảng",False,True,hereabout; knockabout; layabout; roundabout; runabout; thereabout; turnabout; walkabout; whereabouts,9,không có (hoặc chưa xác định),không có biến thể đáng chú ý,Ngữ pháp và hư từ,Giới từ
above,at or to a higher place,"ở trên, cao hơn",False,True,aboveboard; aboveground,2,không có (hoặc chưa xác định),không có biến thể đáng chú ý,Ngôn ngữ hằng ngày,Giới từ và trạng từ chỉ nơi chốn
absent,"not in a place because of illness, etc.",vắng mặt,True,True,absentee; absenteeism; absently; absentmindedly,4,không có (hoặc chưa xác định),không có biến thể đáng chú ý,Khái niệm trừu tượng,Tính chất khác
absolute,total and complete,"tuyệt đối, hoàn toàn",True,False,absolutely; absoluteness; absolution; absolutism,4,không có (hoặc chưa xác định),không có biến thể đáng chú ý,Khái niệm trừu tượng,Mức độ và so sánh
absurd,extremely silly; not logical and sensible,"vô lý, phi lý",True,False,absurdity; absurdly,2,không có (hoặc chưa xác định),không có biến thể đáng chú ý,Khái niệm trừu tượng,Đánh giá và giá trị
abuse,the use of something in a way that is wrong or harmful,"lạm dụng, ngược đãi",True,False,abusive; abusively; disabuse,3,không có (hoặc chưa xác định),không có biến thể đáng chú ý,"Pháp luật, an toàn và khẩn cấp",Tội phạm và điều tra
accent,"a way of pronouncing the words of a language that shows which country, area or social class a person comes from; how well somebody pronounces a particular language","trọng âm, giọng nói",True,False,accentual; accentuate; accentuation,3,không có (hoặc chưa xác định),không có biến thể đáng chú ý,Học tập và giáo dục,Học ngoại ngữ
accept,"to take willingly something that is offered; to say ‘yes’ to an offer, invitation, etc.",chấp nhận,True,False,acceptability; acceptable; acceptably; acceptance; acceptation; unacceptable,6,không có (hoặc chưa xác định),không có biến thể đáng chú ý,Khái niệm trừu tượng,Thái độ
access,the opportunity or right to use something or to see somebody/something,"truy cập, tiếp cận",True,False,accessibility; accessible; accession; accessors; inaccessibility; inaccessible; inaccessibly,7,không có (hoặc chưa xác định),không có biến thể đáng chú ý,Khái niệm trừu tượng,Khả năng và cần thiết
accident,"an unpleasant event, especially in a vehicle, that happens unexpectedly and causes injury or damage",tai nạn,True,False,accidental; accidentally,2,không có (hoặc chưa xác định),không có biến thể đáng chú ý,Giao thông,Tai nạn và cứu hộ
accommodate,"to provide somebody with a room or place to sleep, live or sit","chứa, thích nghi",True,False,accommodation,1,không có (hoặc chưa xác định),không có biến thể đáng chú ý,Du lịch và lưu trú,Khách sạn
accomplish,to succeed in doing or completing something,hoàn thành,True,False,accomplishment,1,không có (hoặc chưa xác định),không có biến thể đáng chú ý,Khái niệm trừu tượng,Hành động và xử lý
account,"an arrangement that somebody has with a bank, etc. to keep money there, take some out, etc.","tài khoản, tường thuật",True,False,accountability; accountable; accountably; accountancy; accountant; unaccountable; unaccountably,7,không có (hoặc chưa xác định),không có biến thể đáng chú ý,Kinh doanh và tài chính,Tài khoản ngân hàng
accuse,to say that somebody has done something wrong or is guilty of something,buộc tội,True,False,accusation; accusative; accuser; accusingly,4,không có (hoặc chưa xác định),không có biến thể đáng chú ý,"Pháp luật, an toàn và khẩn cấp",Tòa án
achieve,"to succeed in reaching a particular goal, status or standard, especially by making an effort for a long time",đạt được,True,False,achievable; achievement; unachievable; unachieved; underachievers,5,không có (hoặc chưa xác định),không có biến thể đáng chú ý,Khái niệm trừu tượng,Hành động và xử lý
acid,that contains acid or has the essential characteristics of an acid; that has a pH of less than seven,"axit, chua",True,False,acidic; acidify; acidity; nonacid,4,không có (hoặc chưa xác định),không có biến thể đáng chú ý,"Khoa học, công nghệ và kỹ thuật",Hóa học
acre,a unit for measuring an area of land; 4 840 square yards or about 4 050 square metres,mẫu Anh (đơn vị diện tích),True,False,acreage,1,không có (hoặc chưa xác định),không có biến thể đáng chú ý,"Khoa học, công nghệ và kỹ thuật",Đo lường
act,a particular thing that somebody does,"hành động, đạo luật",True,True,action; actionable; activate; activation; active; actively; activism; activist; activity; actor; actress; actual; actuality; actually; actuarial; actuarially; actuary; actuate; counteract; counteraction; deactivated; deactivation; enact; enactment; hypoactive; inaction; inactivate; inactivation; inactive; inactively; inactivity; interact; interaction; interactive; nonreactivity; nonreactors; overact; overactive; radioactive; radioactively; radioactivity; react; reactants; reaction; reactionary; reactivate; reactive; reactively; reactiveness; reactivity; reactor; reenact; retroactive; retroactively; transact; transaction; underact,57,không có (hoặc chưa xác định),không có biến thể đáng chú ý,"Nghệ thuật, thiết kế và văn hóa",Nghệ thuật biểu diễn
acute,very serious or severe,"gay gắt, cấp tính",True,False,acutely; acuteness,2,không có (hoặc chưa xác định),không có biến thể đáng chú ý,Sức khỏe,Triệu chứng
ad,"a notice, picture or film telling people about a product, job or service",quảng cáo,False,True,adman,1,không có (hoặc chưa xác định),không có biến thể đáng chú ý,Kinh doanh và tài chính,Sản phẩm và dịch vụ
adapt,to change your behaviour in order to deal more successfully with a new situation,"thích nghi, chuyển thể",True,False,adaptability; adaptable; adaptation; adapter; maladaptive; readapting,6,adopt: adapt = thích nghi/chuyển thể; adopt = nhận nuôi/áp dụng,không có biến thể đáng chú ý,Khái niệm trừu tượng,Thay đổi và phát sinh
add,"to put something together with something else so as to increase the size, number, amount, etc.","thêm vào, cộng",True,False,addition; additional; additionally; additive,4,không có (hoặc chưa xác định),không có biến thể đáng chú ý,Ngôn ngữ hằng ngày,Từ chỉ số lượng
address,"details of where somebody lives or works and where letters, etc. can be sent","địa chỉ, giải quyết",True,False,addressee; readdress,2,không có (hoặc chưa xác định),không có biến thể đáng chú ý,Ngôn ngữ hằng ngày,Thông tin cá nhân
admire,to respect somebody for what they have done or to respect their qualities,ngưỡng mộ,True,False,admirable; admirably; admiration; admirer; admiringly,5,không có (hoặc chưa xác định),không có biến thể đáng chú ý,Con người,Cảm xúc
admit,"to agree, often unwillingly, that something is true","thừa nhận, cho vào",True,False,admissibility; admissible; admission; admittance; admittedly; inadmissibility; inadmissible; inadmissibly,8,không có (hoặc chưa xác định),không có biến thể đáng chú ý,Khái niệm trừu tượng,Hành động và xử lý
adopt,to take somebody else’s child into your family and become its legal parent(s),"nhận nuôi, áp dụng",True,False,adoption; adoptive; unadopted,3,adapt: adapt = thích nghi/chuyển thể; adopt = nhận nuôi/áp dụng,không có biến thể đáng chú ý,Con người,Gia đình
adult,fully grown or developed,người lớn,True,False,adulthood,1,không có (hoặc chưa xác định),không có biến thể đáng chú ý,Con người,Tuổi tác và các giai đoạn cuộc đời
advance,done or given before something is going to happen,"tiến bộ, ứng trước",True,False,advancement,1,không có (hoặc chưa xác định),không có biến thể đáng chú ý,Khái niệm trừu tượng,Thay đổi và phát sinh
advantage,a thing that helps you to be better or more successful than other people,lợi thế,True,False,advantageous; advantageously; disadvantage; disadvantageous; disadvantageously,5,không có (hoặc chưa xác định),không có biến thể đáng chú ý,Khái niệm trừu tượng,Đánh giá và giá trị
adverse,negative and unpleasant; not likely to produce a good result,"bất lợi, ngược lại",True,False,adversary; adversely; adversity,3,không có (hoặc chưa xác định),không có biến thể đáng chú ý,Khái niệm trừu tượng,Đánh giá và giá trị
advise,to tell somebody what you think they should do in a particular situation,khuyên bảo,True,False,advisability; advisable; advisedly; advisement; adviser; advisor; advisory; inadvisable; misadvise; unadvised; unadvisedly,11,không có (hoặc chưa xác định),không có biến thể đáng chú ý,Khái niệm trừu tượng,Quan hệ và ảnh hưởng
afraid,feeling fear; frightened because you think that you might be hurt or suffer,sợ hãi,True,False,unafraid,1,không có (hoặc chưa xác định),không có biến thể đáng chú ý,Con người,Cảm xúc
after,later in time; afterwards,"sau, phía sau",True,True,afterward; hereafter; hereinafter; thereafter,4,không có (hoặc chưa xác định),không có biến thể đáng chú ý,Khái niệm trừu tượng,Thời gian và thứ tự
age,the number of years that a person has lived or a thing has existed,"tuổi, thời đại",True,True,ageless; agelessness; overage; teenage; teenager; underage,6,không có (hoặc chưa xác định),không có biến thể đáng chú ý,Con người,Tuổi tác và các giai đoạn cuộc đời
agent,"a person whose job is to act for, or manage the affairs of, other people in business, politics, etc.","đại lý, tác nhân",True,True,newsagent; reagent,2,không có (hoặc chưa xác định),không có biến thể đáng chú ý,Nghề nghiệp và công việc,Thông tin nghề nghiệp
ago,used in expressions of time with the simple past tense to show how far in the past something happened,trước đây (thời gian),False,True,portago,1,không có (hoặc chưa xác định),không có biến thể đáng chú ý,Khái niệm trừu tượng,Thời gian và thứ tự
agree,to have the same opinion as somebody; to say that you have the same opinion,đồng ý,True,False,agreeable; agreeableness; agreeably; agreement; disagree; disagreeable; disagreeableness; disagreeably; disagreement,9,không có (hoặc chưa xác định),không có biến thể đáng chú ý,Khái niệm trừu tượng,Thái độ
aid,"money, food, etc. that is sent to help countries in difficult situations","viện trợ, giúp đỡ",True,False,unaided,1,không có (hoặc chưa xác định),không có biến thể đáng chú ý,"Pháp luật, an toàn và khẩn cấp",Cứu hộ
aim,the purpose of doing something; what somebody is trying to achieve,"mục đích, nhắm",True,False,aimless; aimlessly; aimlessness,3,không có (hoặc chưa xác định),không có biến thể đáng chú ý,Khái niệm trừu tượng,Nguyên nhân và mục đích
air,the mixture of gases that surrounds the earth and that we breathe,"không khí, không trung",True,True,airbase; airbed; airbus; aircraft; aircraftman; aircrew; airdrop; airfield; airflow; airforce; airframe; airgun; airhole; airhostess; airier; airiest; airily; airless; airlift; airline; airliner; airlock; airmail; airman; airpark; airplane; airport; airship; airsick; airspace; airspeed; airstrip; airtight; airway; airwoman; airworthiness; airworthy; airy; antiaircraft; midair,40,không có (hoặc chưa xác định),không có biến thể đáng chú ý,Môi trường và tự nhiên,Trái Đất
alarm,a loud noise or a signal that warns people of danger or of a problem,"báo động, lo sợ",True,False,alarmingly; alarmist,2,không có (hoặc chưa xác định),không có biến thể đáng chú ý,"Pháp luật, an toàn và khẩn cấp",An toàn cá nhân
alcohol,"drinks such as beer, wine, etc. that can make people drunk","rượu, cồn",True,False,alcoholic; alcoholically; alcoholism,3,không có (hoặc chưa xác định),không có biến thể đáng chú ý,Ăn uống bên ngoài,Đồ uống có cồn
alert,able to think quickly; quick to notice things,"cảnh giác, báo động",True,False,alertly; alertness,2,không có (hoặc chưa xác định),không có biến thể đáng chú ý,"Pháp luật, an toàn và khẩn cấp",An toàn cá nhân
alien,strange and frightening; different from what you are used to,"người ngoài hành tinh, xa lạ",True,False,alienable; alienate; alienation; alienist; inalienable; unalienable,6,không có (hoặc chưa xác định),không có biến thể đáng chú ý,Môi trường và tự nhiên,Không gian
all,completely,tất cả,True,True,allspice; coverall; overall; rushall,4,không có (hoặc chưa xác định),không có biến thể đáng chú ý,Ngữ pháp và hư từ,Lượng từ
allege,to state something as a fact but without giving proof,cáo buộc,True,False,allegation; allegedly; allegiance,3,không có (hoặc chưa xác định),không có biến thể đáng chú ý,"Pháp luật, an toàn và khẩn cấp",Tội phạm và điều tra
allow,to let somebody/something do something; to let something happen or be done,cho phép,True,False,allowable; allowably; allowance; disallow,4,không có (hoặc chưa xác định),không có biến thể đáng chú ý,Khái niệm trừu tượng,Khả năng và cần thiết
ally,"a country that has agreed to help and support another country, especially in case of a war",đồng minh,True,False,alliance; misalliance,2,không có (hoặc chưa xác định),không có biến thể đáng chú ý,Con người,Mối quan hệ
alone,without any other people,một mình,True,False,aloneness,1,không có (hoặc chưa xác định),không có biến thể đáng chú ý,Con người,Cảm xúc
along,forward,dọc theo,False,True,alongside,1,không có (hoặc chưa xác định),không có biến thể đáng chú ý,Ngôn ngữ hằng ngày,Giới từ và trạng từ chỉ nơi chốn
alter,to become different; to make somebody/something different,thay đổi,True,False,alterable; alteration; unalterable; unalterably,4,không có (hoặc chưa xác định),không có biến thể đáng chú ý,Khái niệm trừu tượng,Thay đổi và phát sinh
amateur,"doing something for pleasure or interest, not as a job",nghiệp dư,True,False,amateurish; amateurishly; amateurishness; amateurism,4,không có (hoặc chưa xác định),không có biến thể đáng chú ý,Thể thao,Thể thao chung
amaze,(không có định nghĩa trong Oxford 5000 - root này không phải headword độc lập),làm kinh ngạc,True,False,amazement; amazingly,2,không có (hoặc chưa xác định),không có biến thể đáng chú ý,Con người,Cảm xúc
amend,"to change a law, document, statement, etc. slightly in order to correct a mistake or to improve it",sửa đổi,True,False,amendable; amendment,2,không có (hoặc chưa xác định),không có biến thể đáng chú ý,"Pháp luật, an toàn và khẩn cấp",Giấy tờ pháp lý
amid,"in the middle of or during something, especially something that causes excitement or fear",giữa (khoảng),False,True,amidships,1,không có (hoặc chưa xác định),không có biến thể đáng chú ý,Ngữ pháp và hư từ,Giới từ
among,surrounded by somebody/something; in the middle of somebody/something,giữa (nhiều thứ),True,False,amongst,1,không có (hoặc chưa xác định),không có biến thể đáng chú ý,Ngữ pháp và hư từ,Giới từ
amuse,(không có định nghĩa trong Oxford 5000 - root này không phải headword độc lập),làm vui thích,True,False,amusedly; amusement; unamused,3,không có (hoặc chưa xác định),không có biến thể đáng chú ý,Con người,Cảm xúc
analysis,the detailed study or examination of something in order to understand more about it; the result of the study,phân tích,True,False,microanalysis,1,không có (hoặc chưa xác định),không có biến thể đáng chú ý,Học tập và giáo dục,Nghiên cứu
ancestor,a person in your family who lived a long time ago,tổ tiên,True,False,ancestral; ancestry,2,không có (hoặc chưa xác định),không có biến thể đáng chú ý,Con người,Gia đình
anchor,a heavy metal object that is attached to a rope or chain and dropped over the side of a ship or boat to keep it in one place,mỏ neo,True,True,anchorage; anchorman,2,không có (hoặc chưa xác định),không có biến thể đáng chú ý,Giao thông,Cảng
ancient,belonging to a period of history that is thousands of years in the past,cổ đại,True,False,anciently,1,không có (hoặc chưa xác định),không có biến thể đáng chú ý,"Nghệ thuật, thiết kế và văn hóa",Di sản và bảo tàng
angel,"a spirit who is believed to be a servant of God, and is sent by God to deliver a message or perform a task. Angels are often shown dressed in white, with wings.",thiên thần,True,False,angelic; angelical; angelically,3,không có (hoặc chưa xác định),không có biến thể đáng chú ý,"Nghệ thuật, thiết kế và văn hóa",Tôn giáo và nơi thờ tự
angle,"the space between two lines or surfaces that join, measured in degrees",góc độ,True,False,angler; angular; angularity; quadrangle; quadrangular; triangle; triangular,7,không có (hoặc chưa xác định),không có biến thể đáng chú ý,"Khoa học, công nghệ và kỹ thuật",Đo lường
angry,having strong feelings about something that you dislike very much or about an unfair situation,giận dữ,True,False,angrier; angriest; angrily,3,không có (hoặc chưa xác định),không có biến thể đáng chú ý,Con người,Cảm xúc
animal,"a creature that is not a bird, a fish, a reptile, an insect or a human",động vật,True,False,animalcule; animalism,2,không có (hoặc chưa xác định),không có biến thể đáng chú ý,Môi trường và tự nhiên,Động vật có vú
ankle,the joint connecting the foot to the leg; the narrow part of the leg just above the ankle joint,mắt cá chân,True,False,anklet,1,không có (hoặc chưa xác định),không có biến thể đáng chú ý,Con người,Cơ thể
announce,"to tell people something officially, especially about a decision, plans, etc.",thông báo,True,False,announcement; announcer; unannounced,3,không có (hoặc chưa xác định),không có biến thể đáng chú ý,Khái niệm trừu tượng,Hành động và xử lý
annoy,to make somebody slightly angry ,làm phiền,True,False,annoyance,1,không có (hoặc chưa xác định),không có biến thể đáng chú ý,Con người,Cảm xúc
answer,"something that you say, write or do to react to a question or situation",trả lời,True,False,answerable; answerably; unanswerable; unanswered,4,không có (hoặc chưa xác định),không có biến thể đáng chú ý,Học tập và giáo dục,Bài kiểm tra
anticipate,to expect something,"dự đoán, mong đợi",True,False,anticipation; anticipatory,2,không có (hoặc chưa xác định),không có biến thể đáng chú ý,Con người,Cảm xúc
any,"used to emphasize an adjective or adverb in negative sentences or questions, meaning ‘at all’",bất kỳ,False,True,anybody; anyhow; anymore; anyone; anyplace; anything; anyway; anywhere,8,không có (hoặc chưa xác định),không có biến thể đáng chú ý,Ngữ pháp và hư từ,Lượng từ
apart,"separated by a distance, of space or time","tách rời, riêng biệt",True,False,apartment,1,không có (hoặc chưa xác định),không có biến thể đáng chú ý,Ngôn ngữ hằng ngày,Giới từ và trạng từ chỉ nơi chốn
appeal,"a deeply felt request for money, help or information that is needed immediately, especially one made by a charity or by the police","kháng cáo, hấp dẫn",True,False,appealingly,1,không có (hoặc chưa xác định),không có biến thể đáng chú ý,"Pháp luật, an toàn và khẩn cấp",Tòa án
appear,to start to be seen,"xuất hiện, có vẻ",True,False,appearance; disappear; disappearance; reappear; reappearance,5,không có (hoặc chưa xác định),không có biến thể đáng chú ý,Khái niệm trừu tượng,Thay đổi và phát sinh
apple,a round fruit with shiny red or green skin that is fairly hard and white inside,quả táo,True,False,appleby,1,không có (hoặc chưa xác định),không có biến thể đáng chú ý,Thực phẩm,Trái cây
applicable,that can be said to be true in the case of somebody/something,có thể áp dụng,True,False,inapplicability; inapplicable,2,không có (hoặc chưa xác định),không có biến thể đáng chú ý,Khái niệm trừu tượng,Khả năng và cần thiết
apply,"to make a formal request, usually in writing, for something such as a job, a loan, permission for something, a place at a university, etc.","áp dụng, nộp đơn",True,False,appliance; misapply,2,không có (hoặc chưa xác định),không có biến thể đáng chú ý,Nghề nghiệp và công việc,Tìm việc
appoint,to choose somebody for a job or position of responsibility,bổ nhiệm,True,False,appointee; appointment; disappoint; disappointingly; disappointment,5,không có (hoặc chưa xác định),không có biến thể đáng chú ý,Nghề nghiệp và công việc,Tìm việc
approach,a way of dealing with somebody/something; a way of doing or thinking about something such as a problem or a task,"tiếp cận, phương pháp",True,False,approachable; unapproachable,2,không có (hoặc chưa xác định),không có biến thể đáng chú ý,Khái niệm trừu tượng,Hành động và xử lý
approve,"to think that somebody/something is good, acceptable or suitable",chấp thuận,True,False,approval; approvingly; disapproval; disapprove; disapprovingly,5,không có (hoặc chưa xác định),không có biến thể đáng chú ý,Khái niệm trừu tượng,Đánh giá và giá trị
architect,a person whose job is designing buildings,kiến trúc sư,True,False,architectonic; architectural; architecturally; architecture,4,không có (hoặc chưa xác định),không có biến thể đáng chú ý,Nghề nghiệp và công việc,Nghề kỹ thuật và xây dựng
area,"part of a place, town, etc., or a region of a country or the world","khu vực, diện tích",False,True,areaways,1,không có (hoặc chưa xác định),không có biến thể đáng chú ý,Khái niệm trừu tượng,Phạm vi và bộ phận
argue,to speak angrily to somebody because you disagree with them,"tranh luận, cãi nhau",True,False,arguable; arguably; argument; argumentation; argumentative; argumentatively,6,không có (hoặc chưa xác định),không có biến thể đáng chú ý,Con người,Mối quan hệ
arm,either of the two long parts that stick out from the top of the body and connect the shoulders to the hands,"cánh tay, vũ trang",True,True,armament; armband; armchair; armful; armhole; armless; armlet; armload; armpit; armstrong; disarm; disarmament; firearm; forearm; rearm; rearmament; sidearms; strongarm; unarm; underarm; yardarm,21,không có (hoặc chưa xác định),không có biến thể đáng chú ý,Con người,Cơ thể
around,approximately,xung quanh,False,True,turnaround,1,không có (hoặc chưa xác định),không có biến thể đáng chú ý,Ngôn ngữ hằng ngày,Giới từ và trạng từ chỉ nơi chốn
arrange,to plan or organize something in advance,sắp xếp,True,False,arrangement; arrangers; disarrange; disarrangement; prearrange; prearrangement; rearrange; rearrangement,8,không có (hoặc chưa xác định),không có biến thể đáng chú ý,Khái niệm trừu tượng,Hành động và xử lý
array,"a group or collection of things or people, often one that is large or impressive","mảng, dãy",True,False,disarray,1,không có (hoặc chưa xác định),không có biến thể đáng chú ý,"Khoa học, công nghệ và kỹ thuật",Máy tính
arrest,the act of arresting somebody,bắt giữ,True,False,arrester,1,không có (hoặc chưa xác định),không có biến thể đáng chú ý,"Pháp luật, an toàn và khẩn cấp",Cảnh sát
arrive,"to get to a place, especially at the end of a journey",đến nơi,True,False,arrival,1,không có (hoặc chưa xác định),không có biến thể đáng chú ý,Du lịch và lưu trú,Bến xe
arrow,"a thin stick with a sharp point at one end, which is shot from a bow",mũi tên,False,True,arrowhead; arrowroot,2,không có (hoặc chưa xác định),không có biến thể đáng chú ý,"Nghệ thuật, thiết kế và văn hóa",Biểu tượng và biển hiệu
art,"the use of the imagination to express ideas or feelings, particularly in painting, drawing or sculpture ",nghệ thuật,True,False,artful; artfully; artfulness; artier; artiest; artiness; artist; artiste; artistic; artistically; artistry; artless; artlessly; artlessness; arty; inartistic; inartistically,17,không có (hoặc chưa xác định),không có biến thể đáng chú ý,"Nghệ thuật, thiết kế và văn hóa",Hội họa
as,"used when you are comparing two people or things, or two situations","như, khi",False,True,inasmuch; whereas,2,không có (hoặc chưa xác định),không có biến thể đáng chú ý,Ngữ pháp và hư từ,Liên từ
ash,"the grey or black powder that is left after something, especially tobacco, wood or coal, has burnt",tro,True,True,ashen; ashier; ashman; ashy; potash,5,không có (hoặc chưa xác định),không có biến thể đáng chú ý,Môi trường và tự nhiên,Địa chất
ask,"to say or write something in the form of a question, in order to get information","hỏi, yêu cầu",True,False,unasked,1,không có (hoặc chưa xác định),không có biến thể đáng chú ý,Ngôn ngữ hằng ngày,Câu hỏi thông dụng
assert,to state clearly and definitely that something is true,khẳng định,True,False,assertion; assertive; assertively; assertiveness; nonassertive; nonassertively; reassert,7,không có (hoặc chưa xác định),không có biến thể đáng chú ý,Khái niệm trừu tượng,Thái độ
assess,to make a judgement about the nature or quality of somebody/something,đánh giá,True,False,assessment; assessor,2,không có (hoặc chưa xác định),không có biến thể đáng chú ý,Học tập và giáo dục,Điểm số và đánh giá
assign,"to give somebody something that they can use, or some work or responsibility","phân công, chỉ định",True,False,assignable; assignation; assignee; assignment; reassign,5,không có (hoặc chưa xác định),không có biến thể đáng chú ý,Nghề nghiệp và công việc,Cuộc họp
assist,to help somebody to do something,"hỗ trợ, giúp đỡ",True,False,assistance; assistant; unassisted,3,không có (hoặc chưa xác định),không có biến thể đáng chú ý,Khái niệm trừu tượng,Quan hệ và ảnh hưởng
assume,to think or accept that something is true but without having proof of it,"giả định, cho là",True,False,unassuming; unassumingly,2,không có (hoặc chưa xác định),không có biến thể đáng chú ý,Khái niệm trừu tượng,Nhận thức và ý nghĩa
astonish,(không có định nghĩa trong Oxford 5000 - root này không phải headword độc lập),làm sửng sốt,True,False,astonishingly; astonishment,2,không có (hoặc chưa xác định),không có biến thể đáng chú ý,Con người,Cảm xúc
at,used to say where something/somebody is or where something happens,"tại, ở",False,True,whereat,1,không có (hoặc chưa xác định),không có biến thể đáng chú ý,Ngữ pháp và hư từ,Giới từ
athlete,a person who competes in sports,vận động viên,True,False,athletic; athleticism; athletics,3,không có (hoặc chưa xác định),không có biến thể đáng chú ý,Thể thao,Thể thao chung
attach,to fasten or join one thing to another,gắn kèm,True,False,attachment; unattached,2,không có (hoặc chưa xác định),không có biến thể đáng chú ý,Khái niệm trừu tượng,Quan hệ và ảnh hưởng
attack,an act of using violence to try to hurt or kill somebody,tấn công,True,True,attacker; counterattack; counterattacker,3,không có (hoặc chưa xác định),không có biến thể đáng chú ý,"Pháp luật, an toàn và khẩn cấp",Tội phạm và điều tra
attain,"to succeed in getting something, usually after a lot of effort",đạt được,True,False,attainable; attainment,2,không có (hoặc chưa xác định),không có biến thể đáng chú ý,Khái niệm trừu tượng,Hành động và xử lý
attend,to be present at an event,tham dự,True,False,attendance; attendant; attention; attentive; attentively; attentiveness; inattention; inattentive; inattentively; inattentiveness; unattended,11,không có (hoặc chưa xác định),không có biến thể đáng chú ý,Học tập và giáo dục,Lớp học
attitude,the way that you think and feel about somebody/something; the way that you behave towards somebody/something that shows how you think and feel,thái độ,True,False,attitudinize,1,không có (hoặc chưa xác định),không có biến thể đáng chú ý,Khái niệm trừu tượng,Thái độ
attract,"if you are attracted by something, it interests you and makes you want it; if you are attracted by somebody, you like or admire them",thu hút,True,True,attraction; attractive; attractively; attractiveness; counterattraction; unattractive,6,không có (hoặc chưa xác định),không có biến thể đáng chú ý,Con người,Mối quan hệ
auction,a public sale in which things are sold to the person who offers the most money for them,đấu giá,True,False,auctioneer,1,không có (hoặc chưa xác định),không có biến thể đáng chú ý,Kinh doanh và tài chính,Mua bán và giao dịch
audio,connected with sound that is recorded,âm thanh,True,False,audibility; audible; audibly; audience; audit; audition; auditor; auditorium; auditory; inaudible; inaudibly,11,không có (hoặc chưa xác định),không có biến thể đáng chú ý,"Khoa học, công nghệ và kỹ thuật",Phần cứng máy tính
august,"the 8th month of the year, between July and September","trang nghiêm, tháng Tám",True,False,augustly,1,không có (hoặc chưa xác định),không có biến thể đáng chú ý,Ngôn ngữ hằng ngày,"Ngày, giờ và lịch cơ bản"
aunt,the sister of your father or mother; the wife of your uncle or aunt,"cô, dì, bác gái",True,True,auntie; grandaunt,2,không có (hoặc chưa xác định),không có biến thể đáng chú ý,Con người,Gia đình
author,a person who writes books or the person who wrote a particular book,tác giả,True,False,authoritarian; authoritarianism; authoritative; authoritatively; authority; authorization; authorize; authorship; coauthor; unauthorized,10,không có (hoặc chưa xác định),không có biến thể đáng chú ý,Nghề nghiệp và công việc,Nghề sáng tạo và nghệ thuật
auto,a car,tự động (viết tắt),True,True,autism; autistic; autistically; autocoder,4,không có (hoặc chưa xác định),không có biến thể đáng chú ý,Giao thông,Ô tô
automatic,having controls that work without needing a person to operate them,tự động,True,False,automatically; semiautomatic,2,không có (hoặc chưa xác định),không có biến thể đáng chú ý,"Khoa học, công nghệ và kỹ thuật",Tự động hóa
autumn,"the season of the year between summer and winter, when leaves change colour and the weather becomes colder",mùa thu,True,False,autumnal; autumnally,2,không có (hoặc chưa xác định),không có biến thể đáng chú ý,Môi trường và tự nhiên,Các mùa
avoid,to prevent something bad from happening,tránh né,True,False,avoidable; avoidance; unavoidable; unavoidably,4,không có (hoặc chưa xác định),không có biến thể đáng chú ý,Khái niệm trừu tượng,Hành động và xử lý
aware,knowing or realizing something,nhận thức được,True,False,awareness; unaware; unawareness,3,không có (hoặc chưa xác định),không có biến thể đáng chú ý,Khái niệm trừu tượng,Nhận thức và ý nghĩa
away,to or at a distance from somebody/something in space or time,"xa, đi xa",False,True,breakaway; castaway; faraway; flyaway; foldaway; getaway; giveaway; hideaway; rockaways; runaway; straightaway; takeaway; throwaway,13,không có (hoặc chưa xác định),không có biến thể đáng chú ý,Ngôn ngữ hằng ngày,Giới từ và trạng từ chỉ nơi chốn
awkward,making you feel embarrassed,"vụng về, khó xử",True,False,awkwardly; awkwardness,2,không có (hoặc chưa xác định),không có biến thể đáng chú ý,Con người,Cảm xúc
baby,a very young child or animal,em bé,True,True,babyhood; babyish; crybaby,3,không có (hoặc chưa xác định),không có biến thể đáng chú ý,Sức khỏe,Trẻ sơ sinh
back,located behind or at the back of something,"lưng, phía sau",True,True,backbench; backbencher; backboards; backbones; backbreakingly; backcloth; backdoors; backdrops; backer; background; backhand; backhander; backless; backlog; backmost; backpack; backroom; backscratcher; backseat; backside; backspaced; backstage; backstair; backstay; backstroke; backup; backward; backwardly; backwardness; backwater; backwoods; backyard; bareback; blowback; comeback; cutback; drawback; feedback; flashback; fullback; greenback; halfback; hardback; horseback; kickback; linebackers; outback; paperback; piggyback; playback; pullback; quarterback; setback; switchback; tailback; throwback; unbacked; wingback,58,không có (hoặc chưa xác định),không có biến thể đáng chú ý,Con người,Cơ thể
bad,unpleasant; full of problems,"xấu, tệ",True,True,badlands; badly; badness,3,không có (hoặc chưa xác định),không có biến thể đáng chú ý,Khái niệm trừu tượng,Đánh giá và giá trị
bag,"a container made of cloth, leather, plastic or paper, used to carry things in, especially when shopping or travelling",túi,True,True,bagful; baggage; baggier; baggiest; baggy; bagpipe; bluebag; carpetbag; carpetbagger; debag; feedbag; handbag; litterbag; mailbag; moneybags; nosebag; postbag; sandbag; songbag; teabag; teabags; windbag; workbag,23,không có (hoặc chưa xác định),không có biến thể đáng chú ý,Ngoại hình và trang phục,Túi xách
bail,"money that somebody agrees to pay if a person accused of a crime does not appear at their trial. When bail has been arranged, the accused person is allowed to go free until the trial.",bảo lãnh,True,False,bailment,1,không có (hoặc chưa xác định),không có biến thể đáng chú ý,"Pháp luật, an toàn và khẩn cấp",Tòa án
bake,to cook food in an oven without extra fat or liquid; to be cooked in this way,nướng bánh,True,True,baker; bakery; hardbake; sunbaked,4,không có (hoặc chưa xác định),không có biến thể đáng chú ý,Đời sống hằng ngày,Nấu ăn
balance,"a situation in which different things exist in equal, correct or good amounts","thăng bằng, cân đối",True,True,counterbalance; imbalance; outbalance; overbalance; unbalance,5,không có (hoặc chưa xác định),không có biến thể đáng chú ý,Kinh doanh và tài chính,Tài khoản ngân hàng
ball,"a round object used for throwing, hitting or kicking in games and sports",quả bóng,False,True,ballfields; ballplayer; ballpoint; ballroom; baseball; basketball; blackball; eyeball; fireball; football; footballer; handball; highball; meatball; netball; oddball; pinball; screwball; snowball; softball,20,không có (hoặc chưa xác định),không có biến thể đáng chú ý,Thể thao,Trang thiết bị thể thao
balloon,a small bag made of very thin rubber that becomes larger and rounder when you fill it with air or gas. Balloons are brightly coloured and used as decorations or toys.,bóng bay,True,False,balloonist,1,không có (hoặc chưa xác định),không có biến thể đáng chú ý,Giải trí và thời gian rảnh,Sự kiện và lễ hội
ban,an official rule that says that something is not allowed,cấm,False,True,banbury; bandish,2,không có (hoặc chưa xác định),không có biến thể đáng chú ý,"Pháp luật, an toàn và khẩn cấp",Cơ quan hành chính
band,"a small group of musicians who play popular music together, often with a singer or singers","ban nhạc, dải băng",True,True,armband; bandage; bandbox; bandmaster; bandsman; bandstand; bandwidth; disband; disbandment; hatband; headband; neckband; watchband; wristband,14,không có (hoặc chưa xác định),không có biến thể đáng chú ý,"Nghệ thuật, thiết kế và văn hóa",Âm nhạc
bank,"an organization that provides various financial services, for example keeping or lending money","ngân hàng, bờ sông",True,True,bankbook; banker; banknote; bankroll; embank; embankment; riverbank; sandbank,8,không có (hoặc chưa xác định),không có biến thể đáng chú ý,Kinh doanh và tài chính,Ngân hàng
bar,a place where you can buy and drink alcoholic and other drinks,"quán bar, thanh chắn",True,True,barflies; bargen; barkeep; barman; bartender; crossbar; disbar; disbarment; dunbar; handlebar; millibar; sandbar; unbar,13,không có (hoặc chưa xác định),không có biến thể đáng chú ý,Ăn uống bên ngoài,Quầy bar
bare,not covered by any clothes,trần trụi,True,True,bareback; barefaced; barefacedly; barefoot; bareheaded; barelegged; barely; bareness; barer; barest; threadbare,11,bear: bare = trần trụi (tính từ); bear = con gấu/chịu đựng (danh từ/động từ),không có biến thể đáng chú ý,Ngoại hình và trang phục,Cơ thể và ngoại hình
base,"the lowest part of something, especially the part or surface on which it rests or stands","căn cứ, cơ sở",True,True,abase; abasement; airbase; baseball; baseboard; baseless; baseline; basely; baseman; basement; baseness; baser; basest; basic; basically; debase; debasement; wheelbase,18,không có (hoặc chưa xác định),không có biến thể đáng chú ý,Khái niệm trừu tượng,Phạm vi và bộ phận
basket,"a container for holding or carrying things. Baskets are made of long thin pieces of material that bends and twists easily, for example plastic, wire or wicker.","giỏ, rổ",True,True,basketball; basketful; basketry; basketwork; breadbasket; wastebasket; workbasket,7,không có (hoặc chưa xác định),không có biến thể đáng chú ý,Ngôn ngữ hằng ngày,Bao bì và vật chứa
bat,"a piece of wood with a handle, made in various shapes and sizes, and used for hitting the ball in games such as baseball, cricket and table tennis","con dơi, gậy đánh bóng",True,True,batman; batters; battier; battiest; batty; batwings; brickbat,7,không có (hoặc chưa xác định),không có biến thể đáng chú ý,Thể thao,Bóng chày
bath,"a large, long container that you put water in and then get into to wash your whole body",bồn tắm,True,True,bather; bathroom; bathtub; birdbath; bloodbath; eyebath; sunbathe; sunbather,8,không có (hoặc chưa xác định),không có biến thể đáng chú ý,Nhà cửa,Phòng tắm
battle,"a fight between armies, ships or planes, especially during a war; a violent fight between groups of people",trận chiến,True,True,battledress; battlefield; battlefront; battleground; battlements; battleship; embattled,7,không có (hoặc chưa xác định),không có biến thể đáng chú ý,Khái niệm trừu tượng,Hành động và xử lý
bay,"a part of the sea, or of a large lake, partly surrounded by a wide curve of the land",vịnh,False,True,sickbay,1,không có (hoặc chưa xác định),không có biến thể đáng chú ý,Môi trường và tự nhiên,Biển và đại dương
be,"used when you are naming people or things, describing them or giving more information about them","là, tồn tại",False,True,wellbeing; wouldbe,2,không có (hoặc chưa xác định),was/were/been (bất quy tắc),Ngữ pháp và hư từ,Trợ từ
beach,"an area of sand or small stones (called shingle), next to the sea or a lake",bãi biển,False,True,beachhead; beachwear,2,không có (hoặc chưa xác định),không có biến thể đáng chú ý,Giải trí và thời gian rảnh,Bãi biển
beam,"a line of light, electromagnetic waves or particles","chùm tia, dầm",True,True,crossbeam; hornbeam; moonbeam; sunbeam,4,không có (hoặc chưa xác định),không có biến thể đáng chú ý,"Khoa học, công nghệ và kỹ thuật",Vật lý
bean,"a seed, or pod containing seeds, of a climbing plant, eaten as a vegetable. There are several types of bean and the plants that they grow on are also called beans.",hạt đậu,False,True,beanpole,1,không có (hoặc chưa xác định),không có biến thể đáng chú ý,Thực phẩm,Đậu và đậu Hà Lan
bear,a heavy wild animal with thick fur and sharp claws (= pointed parts on the ends of its feet). There are many types of bear.,"gấu, chịu đựng",True,True,bearable; bearably; bearer; bearish; bearishly; bearishness; bearskin; bugbear; childbearing; forbear; forbearance; overbear; overbearingly; trainbearer; unbearable; unbearably,16,bare: bare = trần trụi (tính từ); bear = con gấu/chịu đựng (danh từ/động từ),không có biến thể đáng chú ý,Môi trường và tự nhiên,Động vật có vú
beast,"an animal, especially one that is large or dangerous, or one that is unusual",con thú,True,True,beasties; beastlier; beastliest; beastliness; beastly; bestial; bestiality; bestially; bestiary; bestseller; bestselling,11,không có (hoặc chưa xác định),không có biến thể đáng chú ý,Môi trường và tự nhiên,Động vật có vú
beat,"a single hit to something, such as a drum, or a movement of something, such as your heart; the sound that this makes","đánh, nhịp đập",True,True,beaten; beater; beatific; beatifically; beatification; beatify; beatitude; downbeat; drumbeat; eggbeater; heartbeat; offbeat; unbeatable; unbeaten; upbeat; weatherbeaten,16,không có (hoặc chưa xác định),không có biến thể đáng chú ý,"Nghệ thuật, thiết kế và văn hóa",Âm nhạc
beauty,the quality of giving pleasure to the senses or to the mind,vẻ đẹp,True,False,beauteous; beauteously; beautician; beautiful; beautifully; beautify,6,không có (hoặc chưa xác định),không có biến thể đáng chú ý,Ngoại hình và trang phục,Cơ thể và ngoại hình
become,to start to be something,trở thành,True,False,becomingly; unbecoming; unbecomingly,3,không có (hoặc chưa xác định),không có biến thể đáng chú ý,Khái niệm trừu tượng,Thay đổi và phát sinh
bed,a piece of furniture for sleeping on,giường,True,True,airbed; bedbug; bedclothes; bedfast; bedfellow; bedground; bedpan; bedpost; bedridden; bedrock; bedroom; bedside; bedsit; bedsitter; bedspread; bedsprings; bedtime; daybed; deathbed; embed; featherbed; flowerbed; hotbed; imbedded; riverbed; roadbed; seabed; seedbed; sickbed; underbedding,30,không có (hoặc chưa xác định),không có biến thể đáng chú ý,Nhà cửa,Phòng ngủ
bee,a black and yellow flying insect that can sting (= touch your skin and make you feel a sharp pain).Bees live in large groups and make honey (= a sweet sticky substance that is good to eat).,con ong,False,True,beebread; beeline,2,không có (hoặc chưa xác định),không có biến thể đáng chú ý,Môi trường và tự nhiên,Động vật không xương sống
beef,meat that comes from a cow,thịt bò,True,True,beefcake; beefeater; beefier; beefiest; beefy,5,không có (hoặc chưa xác định),không có biến thể đáng chú ý,Thực phẩm,Thịt
beer,an alcoholic drink made from malt with hops added to give it taste. There are many types of beer.,bia,True,False,beerier; beeriest; beery,3,không có (hoặc chưa xác định),không có biến thể đáng chú ý,Ăn uống bên ngoài,Đồ uống có cồn
before,at an earlier time; in the past; already,trước khi,False,True,beforehand,1,không có (hoặc chưa xác định),không có biến thể đáng chú ý,Khái niệm trừu tượng,Thời gian và thứ tự
beg,to ask somebody for something especially in an anxious way because you want or need it very much,van xin,True,True,beggar; beggarliness; beggarly; beggarman; beggarwoman; beggary,6,không có (hoặc chưa xác định),không có biến thể đáng chú ý,Con người,Mối quan hệ
begin,to start doing something; to do the first part of something,bắt đầu,True,False,beginner,1,không có (hoặc chưa xác định),không có biến thể đáng chú ý,Khái niệm trừu tượng,Thời gian và thứ tự
behave,to do things in a particular way,cư xử,True,False,behavior; behavioral; behaviorally; behaviour; behaviourism; behaviourist; misbehave; misbehavior; misbehaviour,9,không có (hoặc chưa xác định),không có biến thể đáng chú ý,Con người,Tính cách
behind,at or towards the back of somebody/something; further back,phía sau,False,True,behindhand,1,không có (hoặc chưa xác định),không có biến thể đáng chú ý,Ngôn ngữ hằng ngày,Giới từ và trạng từ chỉ nơi chốn
belief,a strong feeling that something/somebody exists or is true; confidence that something/somebody is good or right,niềm tin,True,False,disbelief; unbelief,2,không có (hoặc chưa xác định),không có biến thể đáng chú ý,"Nghệ thuật, thiết kế và văn hóa",Tôn giáo và nơi thờ tự
believe,to feel certain that something is true or that somebody is telling you the truth,tin tưởng,True,False,believable; believably; believer; believeth; disbelieve; disbeliever; unbelievable; unbelievably; unbeliever; unbelieving; unbelievingly,11,không có (hoặc chưa xác định),không có biến thể đáng chú ý,Khái niệm trừu tượng,Nhận thức và ý nghĩa
bell,"a hollow metal object, often like a cup in shape, that makes a ringing sound when hit by a small piece of metal inside it; the sound that it makes",chuông,True,True,bellboy; bellflower; bellman; bluebell; cowbell; doorbell; dumbbell; embellish; embellishment,9,không có (hoặc chưa xác định),không có biến thể đáng chú ý,Cộng đồng và đô thị,Nhà thờ và nơi thờ tự
belt,"a long narrow piece of leather, cloth, etc. that you wear around the middle part of your body",thắt lưng,False,True,beltway; lifebelt,2,không có (hoặc chưa xác định),không có biến thể đáng chú ý,Ngoại hình và trang phục,Phụ kiện
bench,"a long seat for two or more people, usually made of wood","ghế dài, băng ghế",True,True,backbench; backbencher; bencher; benchmarks; workbench,5,không có (hoặc chưa xác định),không có biến thể đáng chú ý,Cộng đồng và đô thị,Công viên
bend,"a curve or turn, especially in a road or river",uốn cong,True,False,unbend,1,không có (hoặc chưa xác định),không có biến thể đáng chú ý,Khái niệm trừu tượng,Thay đổi và phát sinh
bent,not straight,"cong, khuynh hướng",True,False,unbent,1,không có (hoặc chưa xác định),không có biến thể đáng chú ý,Khái niệm trừu tượng,Tính chất khác
bet,"an arrangement to risk money, etc. on the result of a particular event; the money that you risk in this way",cá cược,False,True,betties,1,không có (hoặc chưa xác định),không có biến thể đáng chú ý,Giải trí và thời gian rảnh,Trò chơi bài
betray,to give information about somebody/something to an enemy,phản bội,True,False,betrayal; betrayer,2,không có (hoặc chưa xác định),không có biến thể đáng chú ý,Con người,Mối quan hệ
better,of a higher standard or less poor quality; not as bad as something else,tốt hơn,True,False,betterment,1,không có (hoặc chưa xác định),không có biến thể đáng chú ý,Khái niệm trừu tượng,Mức độ và so sánh
bias,"a strong feeling in favour of or against one group of people, or one side in an argument, often not based on fair judgement","thiên vị, định kiến",True,True,biassing; unbiased,2,không có (hoặc chưa xác định),không có biến thể đáng chú ý,Khái niệm trừu tượng,Đánh giá và giá trị
bid,an offer by a person or a company to pay a particular amount of money for something,"đấu thầu, ra giá",True,False,biddable; bidden; bidder; outbid; outbidden; overbid; unbidden; underbid; underbidden,9,không có (hoặc chưa xác định),không có biến thể đáng chú ý,Kinh doanh và tài chính,Mua bán và giao dịch
big,"large in size, degree, amount, etc.",to lớn,True,True,bigger; biggest; bighead; bigness,4,không có (hoặc chưa xác định),không có biến thể đáng chú ý,Khái niệm trừu tượng,Mức độ và so sánh
bike,a bicycle,xe đạp,False,True,pushbike,1,không có (hoặc chưa xác định),không có biến thể đáng chú ý,Giao thông,Xe đạp
bill,a document that shows how much you owe somebody for goods or services,"hóa đơn, dự luật",True,True,billboard; billfold; billhook; billie; billposter; billposting; billsticker; billy; handbill; hillbilly; hornbill; playbill; waybill,13,không có (hoặc chưa xác định),không có biến thể đáng chú ý,Kinh doanh và tài chính,Hóa đơn và biên lai
bin,a container that you put waste in,thùng rác,True,True,binary; dustbin; grabbin; litterbin; rubbin,5,không có (hoặc chưa xác định),không có biến thể đáng chú ý,Nhà cửa,Xử lý rác
bind,"to tie somebody/something with rope, string, etc. so that they/it cannot move or are held together strongly","ràng buộc, buộc chặt",True,True,binder; bindery; bindweed; bookbinder; bookbindery; bookbinding; rebind; spellbind; spellbinder; unbind,10,không có (hoặc chưa xác định),không có biến thể đáng chú ý,Khái niệm trừu tượng,Quan hệ và ảnh hưởng
bird,a creature that is covered with feathers and has two wings and two legs. Most birds can fly.,chim,True,True,birdbath; birdie; birdlike; birdseed; birdwood; blackbird; bluebird; cowbird; firebird; jailbird; ladybird; lovebird; railbirds; seabird; songbird; waterbird,16,không có (hoặc chưa xác định),không có biến thể đáng chú ý,Môi trường và tự nhiên,Chim
birth,the time when a baby is born; the process of being born,sự sinh ra,True,True,afterbirth; birthcontrol; birthday; birthmark; birthplace; birthrate; birthright; childbirth; rebirth; stillbirth,10,không có (hoặc chưa xác định),không có biến thể đáng chú ý,Sức khỏe,Sinh nở
bishop,a senior priest in charge of the work of the Church in a city or district,giám mục,False,True,bishopsgate,1,không có (hoặc chưa xác định),không có biến thể đáng chú ý,"Nghệ thuật, thiết kế và văn hóa",Tôn giáo và nơi thờ tự
bit,rather; to some extent,"một chút, bit (máy tính)",True,False,backbit; backbitten; bitten; bittier; bittiest; bitty,6,không có (hoặc chưa xác định),không có biến thể đáng chú ý,"Khoa học, công nghệ và kỹ thuật",Máy tính
bite,an act of biting,cắn,True,True,backbite; backbiter; biter; snakebite,4,không có (hoặc chưa xác định),không có biến thể đáng chú ý,Sức khỏe,Chấn thương
bitter,"having a strong, unpleasant taste; not sweet","đắng, cay đắng",True,True,bitterer; bitterest; bitterly; bitterness; bittersweet; embitter; embitterment,7,không có (hoặc chưa xác định),không có biến thể đáng chú ý,Thực phẩm,Gia vị
bizarre,very strange or unusual,kỳ quái,True,False,bizarrely,1,không có (hoặc chưa xác định),không có biến thể đáng chú ý,Khái niệm trừu tượng,Đánh giá và giá trị
black,"having the very darkest colour, like coal or the sky at night",màu đen,True,True,blackball; blackbird; blackboard; blacken; blacker; blackest; blackguard; blackguardly; blackhead; blackleg; blacklist; blackly; blackmail; blackmailer; blackness; blackout; blackshirt; bootblack; shoeblack,19,không có (hoặc chưa xác định),không có biến thể đáng chú ý,"Nghệ thuật, thiết kế và văn hóa",Màu sắc
blade,"the flat part of a knife, tool or machine, which has a sharp edge or edges for cutting",lưỡi dao,False,True,switchblade,1,không có (hoặc chưa xác định),không có biến thể đáng chú ý,Nhà cửa,Đồ nội thất
blame,responsibility for doing something badly or wrongly; saying that somebody is responsible for something,đổ lỗi,True,True,blameless; blamelessly; blamelessness; blameworthiness; blameworthy,5,không có (hoặc chưa xác định),không có biến thể đáng chú ý,Con người,Mối quan hệ
blank,"empty, with nothing written, printed or recorded on it",trống rỗng,True,False,blanker; blankest; blankly; blankness,4,không có (hoặc chưa xác định),không có biến thể đáng chú ý,Khái niệm trừu tượng,Tính chất khác
blast,an explosion or a powerful movement of air caused by an explosion,vụ nổ,False,True,counterblast; sandblast,2,không có (hoặc chưa xác định),không có biến thể đáng chú ý,"Pháp luật, an toàn và khẩn cấp",Hỏa hoạn
bleed,"to lose blood, especially from a wound or an injury",chảy máu,True,True,bleeder; nosebleed,2,không có (hoặc chưa xác định),không có biến thể đáng chú ý,Sức khỏe,Chấn thương
blend,a mixture of different types of the same thing,pha trộn,True,False,blender,1,không có (hoặc chưa xác định),không có biến thể đáng chú ý,Thực phẩm,Gia vị
bless,to ask God to protect somebody/something,ban phước,True,False,blessedly; blessedness,2,không có (hoặc chưa xác định),không có biến thể đáng chú ý,"Nghệ thuật, thiết kế và văn hóa",Tôn giáo và nơi thờ tự
blind,not able to see,mù lòa,True,True,blinder; blindest; blindfold; blindly; blindness; snowblind; snowblindness; sunblind,8,không có (hoặc chưa xác định),không có biến thể đáng chú ý,Sức khỏe,Triệu chứng
block,a large piece of a solid material that is square or rectangular in shape and usually has flat sides,"khối, chặn lại",True,True,blockade; blockage; blockhead; blockhouse; blocky; roadblock; woodblock,7,không có (hoặc chưa xác định),không có biến thể đáng chú ý,Cộng đồng và đô thị,Khu dân cư
blood,the red liquid that flows through the bodies of humans and animals,máu,True,True,bloodbath; bloodier; bloodiest; bloodily; bloodless; bloodlessness; bloodshed; bloodshot; bloodspots; bloodstock; bloodstream; bloodsucker; bloody; lifeblood; pureblood,15,không có (hoặc chưa xác định),không có biến thể đáng chú ý,Sức khỏe,Hiến máu
blow,"a hard hit with the hand, a weapon, etc.","thổi, đòn đánh",True,True,blowback; blower; blowfish; blowfly; blowgun; blowhole; blowier; blowlamp; blown; blowout; blowpipe; blowup; blowy; deathblow; flyblew; glassblower; overblown,17,không có (hoặc chưa xác định),không có biến thể đáng chú ý,Khái niệm trừu tượng,Hành động và xử lý
blue,having the colour of a clear sky or the sea on a clear day,màu xanh dương,True,True,bluebag; bluebell; bluebird; bluebook; bluebottle; bluebush; bluefish; bluejacket; blueness; blueprint; bluest; bluish,12,không có (hoặc chưa xác định),không có biến thể đáng chú ý,"Nghệ thuật, thiết kế và văn hóa",Màu sắc
board,"a long thin piece of strong hard material, especially wood, used, for example, for making floors, building walls and roofs and making boats","ban, bảng, tấm ván",True,True,aboveboard; backboards; baseboard; billboard; blackboard; boarder; boardinghouse; boardroom; boardwalk; breadboard; buckboard; cardboard; checkerboard; chipboard; clipboard; divingboard; fibreboard; fingerboard; floorboard; footboard; hardboard; headboard; highboard; inboard; keyboard; keyboarder; millboard; outboard; overboard; scoreboard; seaboard; shipboard; sideboard; signboard; springboard; starboard; switchboard; wallboard; washboard; weatherboard,40,không có (hoặc chưa xác định),không có biến thể đáng chú ý,Nhà cửa,Đồ nội thất
boast,to talk in a way that shows you are too proud of something that you have or can do,khoe khoang,True,False,boaster; boastful; boastfully; boastfulness,4,không có (hoặc chưa xác định),không có biến thể đáng chú ý,Con người,Tính cách
boat,"a vehicle (smaller than a ship) that travels on water, moved by oars, sails or a motor",thuyền,True,True,boater; boathouse; boatload; boatman; boatyards; dreamboat; gunboat; houseboat; lifeboat; longboat; mailboat; motorboat; powerboat; riverboat; rowboat; sailboat; showboat; speedboat; steamboat,19,không có (hoặc chưa xác định),không có biến thể đáng chú ý,Giao thông,Tàu thuyền
body,the whole physical structure of a human or an animal,cơ thể,True,True,antibody; anybody; bodily; bodybuilder; bodybuilding; bodyguard; bodyweight; bodywork; busybody; disembody; dogsbody; embodiment; embody; everybody; goodbody; nobody; somebody,17,không có (hoặc chưa xác định),không có biến thể đáng chú ý,Con người,Cơ thể
boil,"when a liquid boils or when you boil it, it is heated to the point where it forms bubbles and turns to steam or vapour",đun sôi,True,True,boiler; boilersuit; hardboiled; potboiler,4,không có (hoặc chưa xác định),không có biến thể đáng chú ý,Đời sống hằng ngày,Nấu ăn
bold,brave and confident; not afraid to say what you feel or to take risks,"táo bạo, đậm",True,True,bolder; boldest; boldface; boldly; boldness; embolden; newbold,7,không có (hoặc chưa xác định),không có biến thể đáng chú ý,Con người,Tính cách
bomb,a weapon designed to explode at a particular time or when it is dropped or thrown,bom,True,True,bomber; bombproof; bombshell; bombsite; firebomb,5,không có (hoặc chưa xác định),không có biến thể đáng chú ý,"Pháp luật, an toàn và khẩn cấp",Hỏa hoạn
bond,"something that forms a connection between people or groups, such as a feeling of friendship or shared ideas and experiences","trái phiếu, mối liên kết",True,True,bondage; bondholder; bondsman,3,không có (hoặc chưa xác định),không có biến thể đáng chú ý,Kinh doanh và tài chính,Đầu tư
bone,any of the hard parts that form the skeleton of the body of a human or an animal,xương,True,True,backbones; bonehead; boneless; bonemeal; boner; bonesetter; boneshaker; bonier; boniest; bony; breastbone; carbones; cheekbone; crossbones; debone; fishbone; lazybones; rawboned; wishbone,19,không có (hoặc chưa xác định),không có biến thể đáng chú ý,Con người,Bộ xương
book,a set of printed pages that are fastened inside a cover so that you can turn them and read them,sách,True,True,bankbook; bluebook; bookable; bookbinder; bookbindery; bookbinding; bookcase; bookclub; bookend; booker; bookie; bookish; bookishness; bookkeeper; bookkeeping; booklet; booklists; bookmaker; bookmark; bookmarker; bookplate; bookseller; bookshelf; bookshop; bookstall; bookwork; bookworm; casebook; checkbook; cookbook; copybook; formbook; guidebook; handbook; logbook; notebook; passbook; phrasebook; pocketbook; prayerbooks; rulebook; schoolbooks; scorebook; sketchbook; songbook; storybook; textbook; wordbook; workbook; yearbook,50,không có (hoặc chưa xác định),không có biến thể đáng chú ý,Học tập và giáo dục,Sách giáo khoa
boost,something that helps or encourages somebody/something,thúc đẩy,True,False,booster,1,không có (hoặc chưa xác định),không có biến thể đáng chú ý,Khái niệm trừu tượng,Thay đổi và phát sinh
boot,a strong shoe that covers the foot and ankle and often the lower part of the leg,"ủng, cốp xe",True,True,bootblack; bootee; bootleg; bootlegger; bootless; freebooter,6,không có (hoặc chưa xác định),không có biến thể đáng chú ý,Ngoại hình và trang phục,Giày dép
border,the line that divides two countries or areas; the land near this line,biên giới,True,True,borderer; borderland; borderline,3,không có (hoặc chưa xác định),không có biến thể đáng chú ý,Cộng đồng và đô thị,Đường phố và giao lộ
bore,(không có định nghĩa trong Oxford 5000 - root này không phải headword độc lập),"làm chán, khoan lỗ",True,True,boredom; borehole; borer; borne; forbore; norborne; overbore; smoothbore,8,không có (hoặc chưa xác định),không có biến thể đáng chú ý,Con người,Cảm xúc
born,to come out of your mother’s body at the beginning of your life,sinh ra,True,True,dearborn; firstborn; freeborn; freshborn; highborn; inborn; newborn; reborn; stillborn; unborn; wellborn,11,không có (hoặc chưa xác định),không có biến thể đáng chú ý,Sức khỏe,Sinh nở
borrow,"to take and use something that belongs to somebody else, and return it to them at a later time",mượn,True,False,borrower,1,không có (hoặc chưa xác định),không có biến thể đáng chú ý,Kinh doanh và tài chính,Khoản vay
boss,a person who is in charge of other people at work and tells them what to do,ông chủ,True,False,bossier; bossiest; bossiness; bossy; emboss,5,không có (hoặc chưa xác định),không có biến thể đáng chú ý,Nghề nghiệp và công việc,Nơi làm việc
bother,to spend time and/or energy doing something,làm phiền,True,False,botheration; bothersome,2,không có (hoặc chưa xác định),không có biến thể đáng chú ý,Con người,Cảm xúc
bottle,"a glass or plastic container, usually round with straight sides and a narrow neck, used especially for storing liquids",chai,True,True,bluebottle; bottleful; bottleneck; inkbottle,4,không có (hoặc chưa xác định),không có biến thể đáng chú ý,Ngôn ngữ hằng ngày,Bao bì và vật chứa
bottom,"in the lowest, last or furthest place or position","đáy, phần dưới",True,False,bottomless,1,không có (hoặc chưa xác định),không có biến thể đáng chú ý,Khái niệm trừu tượng,Phạm vi và bộ phận
bounce,"if something bounces or you bounce it, it moves quickly away from a surface it has just hit or you make it do this",nảy lên,True,False,bouncer; bouncier; bounciest; bouncily; bounciness; bouncy,6,không có (hoặc chưa xác định),không có biến thể đáng chú ý,Thể thao,Bóng rổ
bound,"certain or likely to happen, or to do or be something","ràng buộc, giới hạn",True,True,boundary; bounder; boundless; boundlessness; clothbound; earthbound; eastbound; hardbound; hidebound; homebound; housebound; icebound; inbound; outbound; rebound; rockbound; snowbound; southbound; spellbound; stormbound; strikebound; unbound; westbound,23,không có (hoặc chưa xác định),không có biến thể đáng chú ý,Khái niệm trừu tượng,Phạm vi và bộ phận
bow,the act of bending your head or the upper part of your body forward in order to say hello or goodbye to somebody or to show respect,"cúi chào, cây cung",True,True,bowstring; crossbow; longbow; rainbow,4,không có (hoặc chưa xác định),không có biến thể đáng chú ý,"Nghệ thuật, thiết kế và văn hóa",Văn hóa và lễ hội
bowl,"a deep round dish with a wide open top, used especially for holding food or liquid",cái bát,True,True,bowler; punchbowl; washbowl,3,không có (hoặc chưa xác định),không có biến thể đáng chú ý,Nhà cửa,Đồ nội thất
box,"a container made of wood, thick card, metal, etc. with a flat stiff base and sides and often a lid (= cover), used especially for holding solid things",hộp,True,True,bandbox; boxcar; boxer; boxful; boxwood; boxy; gearbox; horsebox; icebox; letterbox; loosebox; mailbox; matchbox; moneybox; paintbox; pillbox; postbox; sandbox; shadowbox; soapbox; strongbox; workbox,22,không có (hoặc chưa xác định),không có biến thể đáng chú ý,Ngôn ngữ hằng ngày,Bao bì và vật chứa
boy,a male child or a young male person,con trai,True,True,bellboy; boyfriend; boyhood; boyish; boyishly; boyishness; choirboy; cowboy; fatboy; highboy; houseboy; liftboy; newsboy; paperboy; playboy; schoolboy,16,không có (hoặc chưa xác định),không có biến thể đáng chú ý,Con người,Tuổi tác và các giai đoạn cuộc đời
brain,"the organ inside the head that controls movement, thought, memory and feeling",não bộ,True,True,brainchild; brainier; brainiest; braininess; brainless; brainstorm; brainwash; brainwave; brainy; crackbrained; featherbrained; scatterbrain,12,không có (hoặc chưa xác định),không có biến thể đáng chú ý,Con người,Nội tạng
branch,"a part of a tree that grows out from the main stem and on which leaves, flowers and fruit grow","chi nhánh, cành cây",True,False,branchier; branchy,2,không có (hoặc chưa xác định),không có biến thể đáng chú ý,Kinh doanh và tài chính,Công ty và phòng ban
brand,"a type of product, service, etc. made or offered by a particular company under a particular name",thương hiệu,True,True,firebrand; misbranded,2,không có (hoặc chưa xác định),không có biến thể đáng chú ý,Kinh doanh và tài chính,Sản phẩm và dịch vụ
brave,"willing to do things that are difficult, dangerous or painful; not afraid",dũng cảm,True,False,bravely; braver; bravery; bravest,4,không có (hoặc chưa xác định),không có biến thể đáng chú ý,Con người,Tính cách
bread,"a type of food made from flour, water and usually yeast mixed together and baked",bánh mì,False,True,beebread; breadbasket; breadboard; breadfruit; breadline; breadwinner; shortbread; sweetbread,8,không có (hoặc chưa xác định),không có biến thể đáng chú ý,Thực phẩm,Bánh mì và bột
break,"a short period of time when you stop what you are doing and rest, eat, etc.","phá vỡ, nghỉ giải lao",True,True,backbreakingly; breakable; breakage; breakaway; breakdown; breaker; breakfast; breakin; breakneck; breakoff; breakout; breakthrough; breakup; breakwater; daybreak; firebreak; heartbreak; heartbreakingly; housebreaker; housebreaking; icebreaker; outbreak; safebreaker; stonebreaker; strikebreaker; strikebreaking; tiebreak; tiebreaker; unbreakable; windbreak; windbreaker,31,không có (hoặc chưa xác định),không có biến thể đáng chú ý,Khái niệm trừu tượng,Hành động và xử lý
breast,either of the two round soft parts at the front of a woman’s body that produce milk when she has had a baby,ngực,False,True,breastbone; breastfeed; breastplate; breaststroke; breastwork; redbreast,6,không có (hoặc chưa xác định),không có biến thể đáng chú ý,Con người,Cơ thể
breath,the air that you take into your lungs and send out again,hơi thở,True,True,breathalyse; breathalyser; breather; breathier; breathily; breathiness; breathless; breathlessly; breathlessness; breathtaking; breathtakingly; breathy,12,không có (hoặc chưa xác định),không có biến thể đáng chú ý,Con người,Hệ cơ thể
breed,"a particular type of animal that has been developed by people in a certain way, especially a type of dog, cat or farm animal","nhân giống, giống loài",True,True,breeder; crossbred; inbred; interbred; stockbreeder; thoroughbred,6,không có (hoặc chưa xác định),không có biến thể đáng chú ý,Môi trường và tự nhiên,Động vật có vú
brick,"baked clay used for building walls, houses and other buildings; an individual block of this",gạch,False,True,brickbat; bricklayer; bricklaying; bricktop; brickwork; brickyard; firebrick; redbrick,8,không có (hoặc chưa xác định),không có biến thể đáng chú ý,Nhà cửa,Sửa chữa và bảo trì
bride,"a woman on her wedding day, or just before or just after it",cô dâu,True,True,bridal; bridecake,2,không có (hoặc chưa xác định),không có biến thể đáng chú ý,Con người,Sự kiện đời người
bridge,"a structure that is built over a road, railway, river, etc. so that people, vehicles, etc. can cross from one side to the other",cây cầu,False,True,bridgehead; bridgeport; bridgewater; bridgework; drawbridge; footbridge; weighbridge,7,không có (hoặc chưa xác định),không có biến thể đáng chú ý,Giao thông,Đường sá
brief,lasting only a short time; short,ngắn gọn,True,True,briefcase; briefer; briefest; briefly; debrief,5,không có (hoặc chưa xác định),không có biến thể đáng chú ý,Khái niệm trừu tượng,Mức độ và so sánh
bright,full of light; shining strongly,"sáng, thông minh",True,False,brighten; brighter; brightest; brightly; brightness,5,không có (hoặc chưa xác định),không có biến thể đáng chú ý,"Nghệ thuật, thiết kế và văn hóa",Màu sắc
bring,to come to a place with somebody/something,mang đến,True,False,upbringing,1,không có (hoặc chưa xác định),không có biến thể đáng chú ý,Khái niệm trừu tượng,Hành động và xử lý
broad,wide,rộng lớn,True,True,broadcast; broadcaster; broadcloth; broaden; broader; broadest; broadloom; broadly; broadminded; broadmindedly; broadmindedness; broadness; broadsheet; broadside; broadsword; broadways; broadwise,17,không có (hoặc chưa xác định),không có biến thể đáng chú ý,Khái niệm trừu tượng,Mức độ và so sánh
brother,a boy or man who has the same parents as another person,anh/em trai,True,True,brotherhood; brotherliness; brotherly; fairbrothers; stepbrother,5,không có (hoặc chưa xác định),không có biến thể đáng chú ý,Con người,Gia đình
brown,having the colour of earth or coffee,màu nâu,True,True,browner; brownest; brownie; brownish; brownstone,5,không có (hoặc chưa xác định),không có biến thể đáng chú ý,"Nghệ thuật, thiết kế và văn hóa",Màu sắc
brush,"an object made of short stiff hairs (called bristles) or wires set in a block of wood or plastic, usually attached to a handle. Brushes are used for many different jobs, such as cleaning, painting and tidying your hair.","bàn chải, chải",True,True,brushfire; brushlike; brushwood; brushwork; brushy; clothesbrush; hairbrush; nailbrush; paintbrush; toothbrush; underbrush,11,không có (hoặc chưa xác định),không có biến thể đáng chú ý,Ngoại hình và trang phục,Chăm sóc da
bubble,"a ball of air or gas in a liquid, or a ball of air inside a solid substance such as glass",bong bóng,True,False,bubblier; bubbliest; bubbly,3,không có (hoặc chưa xác định),không có biến thể đáng chú ý,"Khoa học, công nghệ và kỹ thuật",Hóa học
buck,"a US, Australian or New Zealand dollar; a South African rand; an Indian rupee","đô la (tiếng lóng), con nai",False,True,buckboard; buckhead; buckhorn's; buckshot; buckskin; bucktooth; buckwheat,7,không có (hoặc chưa xác định),không có biến thể đáng chú ý,Kinh doanh và tài chính,Tiền mặt và thẻ
budget,the money that is available to a person or an organization and a plan of how it will be spent over a period of time,ngân sách,True,False,budgetary,1,không có (hoặc chưa xác định),không có biến thể đáng chú ý,Kinh doanh và tài chính,Ngân sách cá nhân
bug,any small insect,"côn trùng, lỗi phần mềm",True,True,bedbug; bugbear; bugeyed; debug; firebug; ladybug; litterbug; maybug; mealybug,9,không có (hoặc chưa xác định),không có biến thể đáng chú ý,Môi trường và tự nhiên,Động vật không xương sống
build,"to make something, especially a building, by putting parts together",xây dựng,True,True,bodybuilder; bodybuilding; builder; buildup; coachbuilder; homebuilders; homebuilding; outbuilding; rebuild; roadbuilding; shipbuilder; shipbuilding,12,không có (hoặc chưa xác định),không có biến thể đáng chú ý,Nghề nghiệp và công việc,Nghề kỹ thuật và xây dựng
bulk,the main part of something; most of something,khối lượng lớn,True,True,bulkhead; bulkier; bulkiest; bulkily; bulkiness; bulky,6,không có (hoặc chưa xác định),không có biến thể đáng chú ý,Kinh doanh và tài chính,Sản phẩm và dịch vụ
bullet,a small metal object that is fired from a gun,viên đạn,False,True,bulletproof,1,không có (hoặc chưa xác định),không có biến thể đáng chú ý,"Pháp luật, an toàn và khẩn cấp",Tội phạm và điều tra
bunch,a number of things of the same type which are growing or fastened together,"chùm, bó",True,False,buncha,1,không có (hoặc chưa xác định),không có biến thể đáng chú ý,Ngôn ngữ hằng ngày,Từ chỉ số lượng
burden,"a duty, responsibility, etc. that causes worry, difficulty or hard work",gánh nặng,True,False,burdensome; burdensomeness; disburden; overburden; unburden,5,không có (hoặc chưa xác định),không có biến thể đáng chú ý,Khái niệm trừu tượng,Tính chất khác
burn,"an injury or a mark caused by fire, heat or acid",đốt cháy,True,True,burner; burnside; burnt; heartburn; rayburn; sideburns; sunburn; sunburnt; tyburn; unburned; woburn,11,không có (hoặc chưa xác định),không có biến thể đáng chú ý,"Pháp luật, an toàn và khẩn cấp",Hỏa hoạn
burst,"to break open or apart, especially because of pressure from inside; to make something break in this way",nổ tung,True,True,cloudburst; outburst; sunburst,3,không có (hoặc chưa xác định),không có biến thể đáng chú ý,Khái niệm trừu tượng,Thay đổi và phát sinh
bury,to place a dead body in the ground,chôn cất,True,True,banbury; burial; newbury; waterbury,4,không có (hoặc chưa xác định),không có biến thể đáng chú ý,Cộng đồng và đô thị,Nghĩa trang
bus,"a large road vehicle that carries passengers, especially one that travels along a fixed route and stops regularly to let people get on and off",xe buýt,True,True,airbus; busman; minibus,3,không có (hoặc chưa xác định),không có biến thể đáng chú ý,Giao thông,Xe buýt
bush,a plant that grows thickly with several hard stems coming up from the root,bụi cây,True,True,bluebush; bushier; bushiest; bushiness; bushman; bushy; rosebush; saltbush,8,không có (hoặc chưa xác định),không có biến thể đáng chú ý,Môi trường và tự nhiên,Cây
business,"the activity of making, buying, selling or supplying goods or services for money",kinh doanh,False,True,businesslike; businessman; businesswoman,3,không có (hoặc chưa xác định),không có biến thể đáng chú ý,Kinh doanh và tài chính,Doanh nghiệp
busy,having a lot to do; perhaps not free to do something else because you are working on something,bận rộn,True,True,busier; busiest; busily; busybody; busyness,5,không có (hoặc chưa xác định),không có biến thể đáng chú ý,Nghề nghiệp và công việc,Nơi làm việc
butter,"a soft yellow food made from cream, used in cooking and for spreading on bread",bơ,True,True,buttercup; butterfat; butterfingers; butterfly; buttermilk; butternut; buttery,7,không có (hoặc chưa xác định),không có biến thể đáng chú ý,Thực phẩm,Sữa và sản phẩm từ sữa
button,"a small round piece of metal, plastic, etc. that is sewn onto a piece of clothing and used for fastening two parts together","cúc áo, nút bấm",True,True,buttonhole; buttonhook; unbutton,3,không có (hoặc chưa xác định),không có biến thể đáng chú ý,Ngoại hình và trang phục,Chất liệu vải
buy,to obtain something by paying money for it,mua,True,False,buyer,1,không có (hoặc chưa xác định),không có biến thể đáng chú ý,Mua sắm,Mua sắm trực tuyến
by,past,"bởi, bằng",False,True,flybys; hereby; layby; nearby; passerby; standby; thereby; whereby,8,không có (hoặc chưa xác định),không có biến thể đáng chú ý,Ngữ pháp và hư từ,Giới từ
bye,goodbye,tạm biệt,False,True,goodbye,1,không có (hoặc chưa xác định),không có biến thể đáng chú ý,Ngôn ngữ hằng ngày,Chào hỏi và giới thiệu bản thân
cabinet,a group of senior members of a government that is responsible for advising and deciding on government policy,"tủ, nội các",False,True,cabinetmakers,1,không có (hoặc chưa xác định),không có biến thể đáng chú ý,Nhà cửa,Đồ nội thất
cake,"a sweet food made from a mixture of flour, eggs, butter, sugar, etc. that is baked in an oven. Cakes are made in various shapes and sizes and are often decorated, for example with cream or icing.",bánh ngọt,False,True,beefcake; bridecake; cheesecake; cupcake; fishcake; fruitcake; pancake; seedcake; shortcake; teacake,10,không có (hoặc chưa xác định),không có biến thể đáng chú ý,Thực phẩm,Bánh và món tráng miệng
call,the act of speaking to somebody on the phone,gọi,True,True,callable; caller; catcall; miscall; overcall; phonecall; recall; recallable; uncalled,9,không có (hoặc chưa xác định),không có biến thể đáng chú ý,Dịch vụ,Điện thoại
calm,"not excited, nervous or upset",bình tĩnh,True,False,becalmed; calmer; calmest; calmly; calmness,5,không có (hoặc chưa xác định),không có biến thể đáng chú ý,Con người,Tính cách
camera,"a piece of equipment for taking photographs, moving pictures or television pictures. It can be a separate item or part of another device.",máy ảnh,True,True,bicameral; cameraman,2,không có (hoặc chưa xác định),không có biến thể đáng chú ý,Giải trí và thời gian rảnh,Máy ảnh
camp,a place where people live temporarily in tents or temporary buildings,trại,True,True,camper; campfire; campground; campmate; campsite; decamp; encamp; encampment,8,không có (hoặc chưa xác định),không có biến thể đáng chú ý,Giải trí và thời gian rảnh,Cắm trại
campaign,"a series of planned activities that are intended to achieve a particular social, commercial or political aim",chiến dịch,True,False,campaigner,1,không có (hoặc chưa xác định),không có biến thể đáng chú ý,"Pháp luật, an toàn và khẩn cấp",Quyền công dân
can,a metal container in which food and drink is sold,"có thể, lon",True,True,canine; cannery; cannot; canst; oilcan,5,không có (hoặc chưa xác định),không có biến thể đáng chú ý,Ngữ pháp và hư từ,Trợ từ
canal,"a long straight passage dug in the ground and filled with water for boats and ships to travel along; a smaller passage used for carrying water to fields, crops, etc.",kênh đào,True,False,canalization,1,không có (hoặc chưa xác định),không có biến thể đáng chú ý,Môi trường và tự nhiên,"Sông, hồ và thác nước"
cancel,to decide that something that has been arranged will not now take place,hủy bỏ,True,False,cancellation,1,không có (hoặc chưa xác định),không có biến thể đáng chú ý,Du lịch và lưu trú,Đặt vé
cancer,"a serious disease in which growths of cells, also called cancers, form in the body and kill normal body cells. The disease often causes death.",ung thư,True,False,cancerous; cancerously,2,không có (hoặc chưa xác định),không có biến thể đáng chú ý,Sức khỏe,Bệnh tật
candle,a round stick of wax with a piece of string (called a wick) through the middle that is lit to give light as it burns,nến,False,True,candlelight; candlepower; candlestick,3,không có (hoặc chưa xác định),không có biến thể đáng chú ý,Nhà cửa,Trang trí nhà cửa
canvas,"a strong heavy rough material used for making tents, sails, etc. and by artists for painting on",vải bạt,True,False,canvassers,1,không có (hoặc chưa xác định),không có biến thể đáng chú ý,"Nghệ thuật, thiết kế và văn hóa",Vật liệu nghệ thuật
cap,"a type of soft flat hat with a peak (= a hard curved part sticking out in front). Caps are worn especially by men and boys, often as part of a uniform",mũ lưỡi trai,True,True,capone's; icecap; kneecap; madcap; mobcaps; nightcap; recap; redcap; skullcap; uncap; whitecap,11,không có (hoặc chưa xác định),không có biến thể đáng chú ý,Ngoại hình và trang phục,Phụ kiện
capable,having the ability or qualities necessary for doing something,có khả năng,True,False,capability; capably; incapability; incapable; incapably,5,không có (hoặc chưa xác định),không có biến thể đáng chú ý,Khái niệm trừu tượng,Khả năng và cần thiết
captain,the person in charge of a ship or commercial aircraft,thuyền trưởng,True,False,captaincy,1,không có (hoặc chưa xác định),không có biến thể đáng chú ý,Giao thông,Tàu thuyền
car,a road vehicle with an engine and four wheels that can carry a small number of passengers,xe ô tô,False,True,boxcar; carbones; carload; carport; carsick; carson; carwood; motorcar; nationalcar; sidecar; stockcar; streetcar,12,không có (hoặc chưa xác định),không có biến thể đáng chú ý,Giao thông,Ô tô
carbon,"a chemical element. Carbon is found in all living things, existing in a pure state as diamond and graphite.",carbon,True,True,bicarbonate; carbonate; carbonation; carbonic; carboniferous; carbonization; carbonize; decarbonize; radiocarbon,9,không có (hoặc chưa xác định),không có biến thể đáng chú ý,"Khoa học, công nghệ và kỹ thuật",Hóa học
card,"thick, stiff paper; a piece of this for writing on","thẻ, thiệp",True,True,cardboard; cardpunch; cardsharpers; discard; postcard; scorecard,6,không có (hoặc chưa xác định),không có biến thể đáng chú ý,Kinh doanh và tài chính,Tiền mặt và thẻ
care,the process of caring for somebody/something and providing what they need for their health or protection,"quan tâm, chăm sóc",True,True,aftercare; carefree; careful; carefully; carefulness; careless; carelessly; carelessness; caretaker,9,không có (hoặc chưa xác định),không có biến thể đáng chú ý,Sức khỏe,Chăm sóc người cao tuổi
career,"the series of jobs that a person has in a particular area of work, usually involving more responsibility as time passes",sự nghiệp,True,False,careerism; careerist,2,không có (hoặc chưa xác định),không có biến thể đáng chú ý,Nghề nghiệp và công việc,Thông tin nghề nghiệp
cargo,"the goods carried in a ship, an aircraft or a motor vehicle",hàng hóa,True,False,supercargo,1,không có (hoặc chưa xác định),không có biến thể đáng chú ý,Giao thông,Xe tải và vận chuyển
carpet,"a piece of thick woven material made of wool, etc., used to cover the floor of a room or stairs; the material used for carpets",thảm,False,True,carpetbag; carpetbagger,2,không có (hoặc chưa xác định),không có biến thể đáng chú ý,Nhà cửa,Trang trí nhà cửa
carrot,a long pointed orange root vegetable,cà rốt,True,False,carroty,1,không có (hoặc chưa xác định),không có biến thể đáng chú ý,Thực phẩm,Rau củ
carry,to support the weight of somebody/something and take them or it from place to place; to take somebody/something from one place to another,mang theo,True,True,carriage; carriageway; carrier; carryout; carryover; miscarriage; miscarry; undercarriage,8,không có (hoặc chưa xác định),không có biến thể đáng chú ý,Khái niệm trừu tượng,Hành động và xử lý
cartoon,"a humorous drawing in a newspaper or magazine, especially one about politics or events in the news",phim hoạt hình,True,False,cartoonist,1,không có (hoặc chưa xác định),không có biến thể đáng chú ý,Giải trí và thời gian rảnh,Phim và rạp chiếu
carve,"to make objects, patterns, etc. by cutting away material from a piece of wood or stone, or another hard material",chạm khắc,True,True,carver; woodcarver,2,không có (hoặc chưa xác định),không có biến thể đáng chú ý,"Nghệ thuật, thiết kế và văn hóa",Điêu khắc
case,a particular situation or a situation of a particular type,"trường hợp, vali",True,True,bookcase; briefcase; casebook; casement; casework; caseworker; encase; notecase; nutcase; showcase; staircase; suitcase,12,không có (hoặc chưa xác định),không có biến thể đáng chú ý,"Pháp luật, an toàn và khẩn cấp",Tòa án
cash,money in the form of coins or notes,tiền mặt,True,False,cashable; cashier,2,không có (hoặc chưa xác định),không có biến thể đáng chú ý,Kinh doanh và tài chính,Tiền mặt và thẻ
cast,all the people who act in a play or film,"phân vai, đúc khuôn",True,True,broadcast; broadcaster; castaway; caster; castoffs; downcast; forecast; forecasters; miscast; newscast; newscaster; opencast; outcast; overcast; precast; recast; roughcast; typecast,18,không có (hoặc chưa xác định),không có biến thể đáng chú ý,"Nghệ thuật, thiết kế và văn hóa",Nghệ thuật biểu diễn
castle,"a large strong building with thick, high walls and towers, built in the past by kings or queens, or other important people, to defend themselves against attack",lâu đài,True,True,forecastle; newcastle,2,không có (hoặc chưa xác định),không có biến thể đáng chú ý,"Nghệ thuật, thiết kế và văn hóa",Kiến trúc
casual,not formal,"thông thường, tình cờ",True,False,casually; casualness; casualty,3,không có (hoặc chưa xác định),không có biến thể đáng chú ý,Ngoại hình và trang phục,Kích cỡ và kiểu dáng
cat,a small animal with soft fur that people often keep as a pet. Cats catch and kill birds and mice.,con mèo,True,True,catcall; catfish; catgut; catlike; cattier; cattiest; cattily; cattiness; cattish; catty; catwalk; copycat; hellcat; polecat; wildcat; wildcatter,16,không có (hoặc chưa xác định),không có biến thể đáng chú ý,Môi trường và tự nhiên,Động vật có vú
catch,"an act of catching something, for example a ball",bắt lấy,True,True,catcher; catchier; catchiest; catchily; catchment; catchphrase; catchup; catchword; catchy; cowcatcher; eyecatching; flycatcher,12,không có (hoặc chưa xác định),không có biến thể đáng chú ý,Thể thao,Bóng chày
cater,to provide food and drinks for a social event,cung cấp thực phẩm,True,False,caterer,1,không có (hoặc chưa xác định),không có biến thể đáng chú ý,Ăn uống bên ngoài,Nhà hàng
cause,the person or thing that makes something happen,"nguyên nhân, gây ra",True,True,causal; causality; causally; causation; causative; causatively; causeless; causelessly; causeway; uncaused,10,không có (hoặc chưa xác định),không có biến thể đáng chú ý,Khái niệm trừu tượng,Nguyên nhân và mục đích
cave,a large hole in the side of a hill or cliff or under the ground,hang động,False,True,caveman,1,không có (hoặc chưa xác định),không có biến thể đáng chú ý,Môi trường và tự nhiên,Núi và cảnh quan
cease,to stop happening or existing; to stop something from happening or existing,ngừng lại,True,False,ceaseless; ceaselessly; unceasing; unceasingly,4,không có (hoặc chưa xác định),không có biến thể đáng chú ý,Khái niệm trừu tượng,Thời gian và thứ tự
cell,the smallest unit of living matter that can exist on its own. All plants and animals are made up of cells.,"tế bào, phòng giam",True,False,cellular; celluloid; cellulose; hypercellularity; hypocellularity,5,không có (hoặc chưa xác định),không có biến thể đáng chú ý,"Khoa học, công nghệ và kỹ thuật",Sinh học
centre,the middle point or part of something,trung tâm,True,True,centrepiece; epicentre,2,không có (hoặc chưa xác định),center (Mỹ),Cộng đồng và đô thị,Trung tâm thành phố
ceremony,a public or religious occasion that includes a series of formal or traditional actions,nghi lễ,True,False,ceremonial; ceremonially; ceremonious; ceremoniously; ceremoniousness; unceremonious; unceremoniously; unceremoniousness,8,không có (hoặc chưa xác định),không có biến thể đáng chú ý,"Nghệ thuật, thiết kế và văn hóa",Văn hóa và lễ hội
certain,strongly believing something; having no doubts,chắc chắn,True,False,ascertain; ascertainable; certainly; certainty; uncertain; uncertainly; uncertainness; uncertainty,8,không có (hoặc chưa xác định),không có biến thể đáng chú ý,Khái niệm trừu tượng,Đánh giá và giá trị
chain,"a series of connected metal rings, used for pulling or fastening things; a length of chain used for a particular purpose","dây xích, chuỗi",True,True,chainlike; enchain; enchainment,3,không có (hoặc chưa xác định),không có biến thể đáng chú ý,"Khoa học, công nghệ và kỹ thuật",Cơ khí
chair,"a piece of furniture for one person to sit on, with a back, a seat and four legs",ghế,False,True,armchair; chairman; chairmanship; chairperson; chairwoman; pushchair; wheelchair,7,không có (hoặc chưa xác định),không có biến thể đáng chú ý,Nhà cửa,Đồ nội thất
challenge,a new or difficult task that tests somebody’s ability and skill,thách thức,True,False,challenger; challengingly; unchallenged,3,không có (hoặc chưa xác định),không có biến thể đáng chú ý,Nghề nghiệp và công việc,Nơi làm việc
chamber,a hall in a public building that is used for formal meetings,"phòng, buồng",True,True,antechamber; chamberpot,2,không có (hoặc chưa xác định),không có biến thể đáng chú ý,"Pháp luật, an toàn và khẩn cấp",Phòng xử án
champion,"a person, team, etc. that has won a competition, especially in a sport",nhà vô địch,True,False,championship,1,không có (hoặc chưa xác định),không có biến thể đáng chú ý,Thể thao,Thể thao chung
chance,"a possibility of something happening, especially something that you want","cơ hội, may rủi",True,False,chancier; chanciest; chancy; mischance,4,không có (hoặc chưa xác định),không có biến thể đáng chú ý,Khái niệm trừu tượng,Khả năng và cần thiết
change,the act or result of something becoming different,thay đổi,True,True,changeability; changeable; changeableness; changeably; changeful; changeless; changeling; exchange; exchangeable; interchange; interchangeability; interchangeable; interchangeably; moneychanger; unchangeable; unchanged,16,không có (hoặc chưa xác định),không có biến thể đáng chú ý,Khái niệm trừu tượng,Thay đổi và phát sinh
channel,a television station,kênh,True,False,multichannel,1,không có (hoặc chưa xác định),không có biến thể đáng chú ý,Giải trí và thời gian rảnh,Truyền hình
character,"a person or an animal in a book, play or film","tính cách, nhân vật",True,False,characteristic; characteristically; characterization; characterize; characterless,5,không có (hoặc chưa xác định),không có biến thể đáng chú ý,Con người,Tính cách
charge,the amount of money that somebody asks for goods and services,"phí, buộc tội, sạc",True,False,chargeable; charger; discharge; overcharge; recharge; supercharged; supercharger; surcharge; uncharged; undercharge; undischarged,11,không có (hoặc chưa xác định),không có biến thể đáng chú ý,Kinh doanh và tài chính,Hóa đơn và biên lai
charm,the power of pleasing or attracting people,sự quyến rũ,True,False,charmer; charmingly,2,không có (hoặc chưa xác định),không có biến thể đáng chú ý,Con người,Ngoại hình
chart,"a diagram, lists of figures, etc. that shows information",biểu đồ,True,True,chartist; flowchart; uncharted,3,không có (hoặc chưa xác định),không có biến thể đáng chú ý,Học tập và giáo dục,Nghiên cứu
charter,a written statement describing the rights that a particular group of people should have,"điều lệ, thuê bao",True,False,rechartering,1,không có (hoặc chưa xác định),không có biến thể đáng chú ý,Giao thông,Bến du thuyền
chase,an act of running or driving after somebody/something in order to catch them or it,đuổi theo,True,False,chaser,1,không có (hoặc chưa xác định),không có biến thể đáng chú ý,"Pháp luật, an toàn và khẩn cấp",Cảnh sát
chat,a friendly informal conversation,trò chuyện,True,False,backchat; chattier; chattiest; chatty,4,không có (hoặc chưa xác định),không có biến thể đáng chú ý,Con người,Mối quan hệ
cheap,costing little money or less money than you expected,rẻ tiền,True,False,cheapen; cheaper; cheapest; cheaply; cheapness,5,không có (hoặc chưa xác định),không có biến thể đáng chú ý,Mua sắm,Khuyến mãi và giảm giá
cheat,"a person who cheats, especially in a game",gian lận,False,True,windcheater,1,không có (hoặc chưa xác định),không có biến thể đáng chú ý,Học tập và giáo dục,Bài kiểm tra
check,"an act of making sure that something is safe, correct or in good condition by examining it",kiểm tra,True,True,checkbook; checker; checkerboard; checkin; checklist; checkmate; checkoff; checkout; checkpoint; checkup; crosscheck; paycheck; recheck; unchecked,14,không có (hoặc chưa xác định),không có biến thể đáng chú ý,Mua sắm,Quầy thanh toán
cheek,either side of the face below the eyes,má,True,True,cheekbone; cheekier; cheekiest; cheekily; cheeky,5,không có (hoặc chưa xác định),không có biến thể đáng chú ý,Con người,Khuôn mặt
cheer,"a shout of joy, support or praise","reo hò, cổ vũ",True,True,cheerful; cheerfully; cheerfulness; cheerier; cheeriest; cheerily; cheeriness; cheerleader; cheerless; cheerlessly; cheerlessness; cheery,12,không có (hoặc chưa xác định),không có biến thể đáng chú ý,Con người,Cảm xúc
cheese,a type of food made from milk that can be either soft or hard and is usually white or yellow in colour; a particular type of this food,phô mai,False,True,cheesecake; cheesecloth,2,không có (hoặc chưa xác định),không có biến thể đáng chú ý,Thực phẩm,Phô mai
chest,"the top part of the front of the body, between the neck and the stomach","ngực, rương",True,True,chestier; chestiest; chestily; chestnut; chesty,5,không có (hoặc chưa xác định),không có biến thể đáng chú ý,Con người,Cơ thể
chief,most important,"thủ lĩnh, chính",True,False,chiefdom; chiefly,2,không có (hoặc chưa xác định),không có biến thể đáng chú ý,Nghề nghiệp và công việc,Nơi làm việc
child,a young human who is not yet an adult,trẻ em,True,True,brainchild; childbearing; childbirth; childhood; childish; childishly; childishness; childless; childlike; fairchild; godchild; grandchild; lovechildren; schoolchildren; stepchild,15,không có (hoặc chưa xác định),children (số nhiều bất quy tắc),Con người,Tuổi tác và các giai đoạn cuộc đời
chip,a long thin piece of potato fried in oil or fat,"mảnh vụn, chip",True,True,chipboard; chippy,2,không có (hoặc chưa xác định),không có biến thể đáng chú ý,"Khoa học, công nghệ và kỹ thuật",Phần cứng máy tính
choice,an act of choosing between two or more possibilities; something that you can choose,sự lựa chọn,True,False,choicely; choiceness; choicer; choicest,4,không có (hoặc chưa xác định),không có biến thể đáng chú ý,Khái niệm trừu tượng,Đánh giá và giá trị
choir,"a group of people who sing together, for example in church services or public performances",dàn hợp xướng,False,True,choirboy; choirmaster,2,không có (hoặc chưa xác định),không có biến thể đáng chú ý,"Nghệ thuật, thiết kế và văn hóa",Âm nhạc
choose,to decide which thing or person you want out of the ones that are available,lựa chọn,True,False,choosier; choosiest; choosy,3,không có (hoặc chưa xác định),không có biến thể đáng chú ý,Khái niệm trừu tượng,Đánh giá và giá trị
chop,to cut something into pieces with a sharp tool such as a knife,"chặt, băm",True,True,chopfallen; chopper; choppier; choppiest; choppiness; choppy; chopstick,7,không có (hoặc chưa xác định),không có biến thể đáng chú ý,Đời sống hằng ngày,Nấu ăn
chunk,"a thick, solid piece that has been cut or broken off something",mảng lớn,True,False,chunkier; chunkiest; chunky,3,không có (hoặc chưa xác định),không có biến thể đáng chú ý,Ngôn ngữ hằng ngày,Từ chỉ số lượng
church,"a building where Christians go to attend services, pray, etc.",nhà thờ,False,True,churchgoer; churchgoing; churchwarden; churchyard; nonchurchgoing,5,không có (hoặc chưa xác định),không có biến thể đáng chú ý,Cộng đồng và đô thị,Nhà thờ và nơi thờ tự
cinema,a building in which films are shown,rạp chiếu phim,True,False,cinematic; cinematograph; cinematography,3,không có (hoặc chưa xác định),không có biến thể đáng chú ý,Giải trí và thời gian rảnh,Phim và rạp chiếu
circle,a completely round flat shape,vòng tròn,True,False,circular; circularize; circulate; circulation; circulatory; encircle; encirclement; semicircle; semicircular,9,không có (hoặc chưa xác định),không có biến thể đáng chú ý,"Nghệ thuật, thiết kế và văn hóa",Hình dạng
circuit,"a line, route or journey around a place","mạch điện, vòng đua",True,False,circuitously; circuitry,2,không có (hoặc chưa xác định),không có biến thể đáng chú ý,"Khoa học, công nghệ và kỹ thuật",Điện
cite,"to mention something as a reason or an example, or in order to support what you are saying",trích dẫn,True,False,citation; incite; incitement; monocite; recital; recitation; recitative; recite; reciter,9,site: cite = trích dẫn; site = địa điểm,không có biến thể đáng chú ý,Học tập và giáo dục,Nghiên cứu
citizen,a person who has the legal right to belong to a particular country,công dân,True,False,citizenry; citizenship,2,không có (hoặc chưa xác định),không có biến thể đáng chú ý,"Pháp luật, an toàn và khẩn cấp",Quyền công dân
city,a large and important town,thành phố,False,True,citywide,1,không có (hoặc chưa xác định),không có biến thể đáng chú ý,Cộng đồng và đô thị,Trung tâm thành phố
civil,connected with the people who live in a country,dân sự,True,False,civilian; civility; civilization; civilizational; civilize; civilly; incivility; uncivil,8,không có (hoặc chưa xác định),không có biến thể đáng chú ý,"Pháp luật, an toàn và khẩn cấp",Quyền công dân
claim,a statement that something is true although it has not been proved and other people may not agree with or believe it,"yêu cầu, tuyên bố",True,True,claimant; counterclaim; declaim; declamation; declamatory; disclaim; disclaimer; exclaim; exclamation; exclamatory; proclaim; proclamation; reclaim; reclamation; unclaimed,15,không có (hoặc chưa xác định),không có biến thể đáng chú ý,Kinh doanh và tài chính,Bảo hiểm
class,a group of students who are taught together,"lớp học, giai cấp",True,True,classic; classical; classically; classicism; classicist; classier; classiest; classifiable; classification; classificatory; classifiers; classify; classless; classlessness; classmate; classroom; classy; declassification; declassify; outclass; reclassification; reclassified; underclassman,23,không có (hoặc chưa xác định),không có biến thể đáng chú ý,Học tập và giáo dục,Lớp học
clean,not dirty,sạch sẽ,True,True,cleaner; cleanest; cleanlier; cleanliness; cleanly; cleanness; cleanup; unclean; uncleanness,9,không có (hoặc chưa xác định),không có biến thể đáng chú ý,Đời sống hằng ngày,Dọn dẹp nhà cửa
clear,easy to understand and not confusing,rõ ràng,True,True,clarification; clarify; clarity; clearance; clearer; clearest; clearinghouse; clearly; clearness; clearwater; clearway; unclear,12,không có (hoặc chưa xác định),không có biến thể đáng chú ý,Môi trường và tự nhiên,Thời tiết
clever,quick at learning and understanding things,thông minh,True,False,cleverer; cleverest; cleverly; cleverness,4,không có (hoặc chưa xác định),không có biến thể đáng chú ý,Con người,Tính cách
cliff,"a high area of rock with a very steep side, often at the edge of the sea or ocean",vách đá,False,True,cliffhanger; cliffhanging,2,không có (hoặc chưa xác định),không có biến thể đáng chú ý,Môi trường và tự nhiên,Núi và cảnh quan
climate,the regular pattern of weather conditions of a particular place,khí hậu,True,True,acclimate; acclimation; acclimatization; acclimatize; climatic; climatical; climatically; climatology,8,không có (hoặc chưa xác định),không có biến thể đáng chú ý,Môi trường và tự nhiên,Khí hậu
climb,"an act of climbing up a mountain, rock or large number of steps; a period of time spent climbing",leo trèo,True,False,climber,1,không có (hoặc chưa xác định),không có biến thể đáng chú ý,Giải trí và thời gian rảnh,Đi bộ đường dài
cling,to hold on tightly to somebody/something,bám chặt,True,False,clingier; clingiest; clingy,3,không có (hoặc chưa xác định),không có biến thể đáng chú ý,Khái niệm trừu tượng,Quan hệ và ảnh hưởng
clinic,a building or part of a hospital where people can go for special medical treatment or advice,phòng khám,True,False,clinical; clinically,2,không có (hoặc chưa xác định),không có biến thể đáng chú ý,Sức khỏe,Phòng khám
clip,a short part of a film that is shown separately,"kẹp giấy, kẹp",True,True,clipboard; clipper,2,không có (hoặc chưa xác định),không có biến thể đáng chú ý,Học tập và giáo dục,Đồ dùng học tập
clock,"an instrument for measuring and showing time, in a room, on the wall of a building or on a computer screen (not worn or carried like a watch)",đồng hồ,True,True,anticlockwise; clockwise; clockwork; counterclockwise,4,không có (hoặc chưa xác định),không có biến thể đáng chú ý,Ngôn ngữ hằng ngày,"Ngày, giờ và lịch cơ bản"
close,near in space or time,"đóng lại, gần",True,True,closedown; closely; closeness; closer; closest; closeup; closure; disclose; disclosure; enclose; enclosure; foreclose; foreclosure; inclosed; undisclosed,15,không có (hoặc chưa xác định),không có biến thể đáng chú ý,Ngôn ngữ hằng ngày,Giới từ và trạng từ chỉ nơi chốn
cloth,"material made by weaving or knitting cotton, wool, silk, etc.",vải,True,True,backcloth; bedclothes; broadcloth; cheesecloth; clothbound; clothesbrush; clotheshorse; clothesline; clothespin; clothier; dishcloth; facecloth; haircloth; neckcloth; oilcloth; plainclothes; sackcloth; sailcloth; tablecloth; underclothes; washcloth,21,không có (hoặc chưa xác định),không có biến thể đáng chú ý,Ngoại hình và trang phục,Chất liệu vải
cloud,"a grey or white mass that floats in the sky, made of very small drops of water ",đám mây,True,True,cloudburst; cloudier; cloudiest; cloudiness; cloudless; cloudy; overclouded; unclouded,8,không có (hoặc chưa xác định),không có biến thể đáng chú ý,Môi trường và tự nhiên,Thời tiết
club,an organization for people who share an interest or do a sport or activity together,"câu lạc bộ, gậy",True,True,bookclub; clubbable; clubfoot; clubhouse; clubrooms; nightclub,6,không có (hoặc chưa xác định),không có biến thể đáng chú ý,Giải trí và thời gian rảnh,Sự kiện và lễ hội
clue,"an object, a piece of evidence or some information that helps the police solve a crime",manh mối,True,False,clueless,1,không có (hoặc chưa xác định),không có biến thể đáng chú ý,"Pháp luật, an toàn và khẩn cấp",Tội phạm và điều tra
coach,a person who trains a person or team in sport,"huấn luyện viên, xe khách",False,True,coachbuilder; coachman; coachwork; slowcoach; stagecoach,5,không có (hoặc chưa xác định),không có biến thể đáng chú ý,Thể thao,Thể thao chung
coal,a hard black mineral that is found below the ground and burnt to produce heat,than đá,False,True,coalface; coalfield; coalhole; coalhouse; coalmine,5,không có (hoặc chưa xác định),không có biến thể đáng chú ý,"Khoa học, công nghệ và kỹ thuật",Năng lượng
coast,the land next to or near to the sea or ocean,bờ biển,True,True,coastal; coaster; coastguard; coastguardsman; coastline; coastwise; seacoast,7,không có (hoặc chưa xác định),không có biến thể đáng chú ý,Môi trường và tự nhiên,Biển và đại dương
coat,a piece of outdoor clothing that is worn over other clothes to keep warm or dry. Coats have sleeves (= parts covering the arms) and may be long or short.,áo khoác,True,True,coattails; dustcoat; greatcoat; housecoat; overcoat; raincoat; redcoat; seedcoat; surcoat; topcoat; turncoat; undercoat,12,không có (hoặc chưa xác định),không có biến thể đáng chú ý,Ngoại hình và trang phục,Quần áo mùa đông
code,"a system of words, letters, numbers or symbols that represent a message or record information secretly or in a shorter form","mã, quy tắc",True,True,autocoder; codification; codify; decode; decoder; encode; postcode,7,không có (hoặc chưa xác định),không có biến thể đáng chú ý,"Khoa học, công nghệ và kỹ thuật",Phần mềm
coffee,the roasted seeds (called coffee beans) of a tropical bush; a powder made from them,cà phê,False,True,coffeecup; coffeepot,2,không có (hoặc chưa xác định),không có biến thể đáng chú ý,Ăn uống bên ngoài,Cà phê
coin,a small flat piece of metal used as money,đồng xu,True,False,coinage; coiner,2,không có (hoặc chưa xác định),không có biến thể đáng chú ý,Ngôn ngữ hằng ngày,Tiền tệ và mệnh giá
cold,having a lower than usual temperature; having a temperature lower than the human body,lạnh,True,False,colder; coldest; coldly; coldness,4,không có (hoặc chưa xác định),không có biến thể đáng chú ý,Sức khỏe,Bệnh tật
collapse,"a sudden failure of something, such as an institution, a business or a course of action",sụp đổ,True,False,collapsible,1,không có (hoặc chưa xác định),không có biến thể đáng chú ý,Sức khỏe,Chấn thương
collect,to bring things together from different people or places,thu thập,True,False,collectedly; collectible; collection; collective; collectively; collectivism; collectivization; collectivize; collector,9,không có (hoặc chưa xác định),không có biến thể đáng chú ý,Giải trí và thời gian rảnh,Sở thích thủ công
college,(in the UK) a place where students go to study or to receive training after they have left school,trường cao đẳng/đại học,True,False,collegiate; intercollegiate,2,không có (hoặc chưa xác định),không có biến thể đáng chú ý,Học tập và giáo dục,Đại học
color,(không có định nghĩa trong Oxford 5000 - root này không phải headword độc lập),màu sắc,True,True,coloration; colorful; colorless; colourfast; colourfastness; colourlessly; colourlessness; discolour; discolouration; multicolor; uncolored; watercolor,12,không có (hoặc chưa xác định),colour (Anh-Anh),"Nghệ thuật, thiết kế và văn hóa",Màu sắc
column,one of the straight sections from top to bottom into which text on a page or screen is divided,cột,True,False,columnist,1,không có (hoặc chưa xác định),không có biến thể đáng chú ý,"Nghệ thuật, thiết kế và văn hóa",Kiến trúc
combat,"fighting or a fight, especially during a time of war",chiến đấu,True,False,combatant; combative; noncombatant,3,không có (hoặc chưa xác định),không có biến thể đáng chú ý,Thể thao,Thể thao đối kháng
combine,to come together to form a single thing or group; to join two or more things or groups together to form a single one,kết hợp,True,False,combinable; combination; combinatorial,3,không có (hoặc chưa xác định),không có biến thể đáng chú ý,Khái niệm trừu tượng,Quan hệ và ảnh hưởng
come,to move to or towards a person or place,đến,True,True,comeback; comedie; comedown; comeliness; comer; cometh; forthcoming; homecoming; income; latecomer; newcomer; oncoming; outcome; overcome; shortcoming; upcoming,16,không có (hoặc chưa xác định),came (bất quy tắc),Ngôn ngữ hằng ngày,Động từ hành động cơ bản
comedy,"a play, film or TV show that is intended to be funny, usually with a happy ending; plays, films and TV shows of this type",hài kịch,True,False,comedian; comedienne,2,không có (hoặc chưa xác định),không có biến thể đáng chú ý,Giải trí và thời gian rảnh,Phim và rạp chiếu
comfort,"the state of being physically relaxed and free from pain; the state of having a pleasant life, with everything that you need",sự thoải mái,True,False,comfortable; comfortably; comforter; comfortless; discomfort; uncomfortable; uncomfortably; uncomforted,8,không có (hoặc chưa xác định),không có biến thể đáng chú ý,Nhà cửa,Phòng khách
comic,humorous and making you laugh,"truyện tranh, hài hước",True,False,comical; comically,2,không có (hoặc chưa xác định),không có biến thể đáng chú ý,Giải trí và thời gian rảnh,Đọc sách
command,an order given to a person or an animal,ra lệnh,True,False,commandeer; commander; commandment; commando,4,không có (hoặc chưa xác định),không có biến thể đáng chú ý,Nghề nghiệp và công việc,Nghề công vụ và an ninh
commence,to begin to happen; to begin something,bắt đầu,True,False,commencement; recommence,2,không có (hoặc chưa xác định),không có biến thể đáng chú ý,Khái niệm trừu tượng,Thời gian và thứ tự
comment,something that you say or write that gives an opinion on or explains somebody/something,bình luận,True,False,commentary; commentate; commentator,3,không có (hoặc chưa xác định),không có biến thể đáng chú ý,Giải trí và thời gian rảnh,Mạng xã hội
commerce,"trade, especially between countries; the buying and selling of goods and services",thương mại,True,False,commercial; commercialism; commercialization; commercialize; commercially,5,không có (hoặc chưa xác định),không có biến thể đáng chú ý,Kinh doanh và tài chính,Thương mại điện tử
commit,to do something wrong or illegal,"cam kết, phạm tội",True,False,commitment; committal; noncommittal; noncommittally; uncommitted,5,không có (hoặc chưa xác định),không có biến thể đáng chú ý,"Pháp luật, an toàn và khẩn cấp",Tội phạm và điều tra
common,happening often; existing in large numbers or in many places,"phổ biến, chung",True,True,commoner; commonest; commonly; commonness; commonplace; commonwealth; uncommon; uncommonly,8,không có (hoặc chưa xác định),không có biến thể đáng chú ý,Khái niệm trừu tượng,Đánh giá và giá trị
compare,to examine people or things to see how they are similar and how they are different,so sánh,True,False,comparable; comparably; comparative; comparatively; comparison; incomparability; incomparable; incomparably,8,không có (hoặc chưa xác định),không có biến thể đáng chú ý,Khái niệm trừu tượng,Mức độ và so sánh
compassion,a strong feeling of sympathy for people or animals who are suffering and a desire to help them,lòng trắc ẩn,True,False,compassionate; compassionately,2,không có (hoặc chưa xác định),không có biến thể đáng chú ý,Con người,Cảm xúc
compel,to force somebody to do something; to make something necessary,ép buộc,True,False,compellingly,1,không có (hoặc chưa xác định),không có biến thể đáng chú ý,Khái niệm trừu tượng,Quan hệ và ảnh hưởng
compensate,"to provide something good to balance or reduce the bad effects of damage, loss, etc.",bồi thường,True,False,compensation; compensatory; overcompensate; overcompensation,4,không có (hoặc chưa xác định),không có biến thể đáng chú ý,Kinh doanh và tài chính,Bảo hiểm
compete,to take part in a contest or game,cạnh tranh,True,False,competence; competency; competent; competently; competition; competitive; competitively; competitiveness; competitor; incompetence; incompetency; incompetent; incompetently,13,không có (hoặc chưa xác định),không có biến thể đáng chú ý,Thể thao,Thể thao chung
compile,"to produce a book, list, report, etc. by bringing together different items, articles, songs, etc.; to collect information in order to produce a book, list, etc.",biên soạn,True,False,compilation; compiler,2,không có (hoặc chưa xác định),không có biến thể đáng chú ý,Học tập và giáo dục,Nghiên cứu
complain,"to say that you are annoyed, unhappy or not satisfied about somebody/something",phàn nàn,True,False,complainant; complainer; complainingly; uncomplainingly,4,không có (hoặc chưa xác định),không có biến thể đáng chú ý,Dịch vụ,Khiếu nại và yêu cầu hỗ trợ
complete,"including all the parts, etc. that are necessary; whole",hoàn thành,True,False,completely; completeness; completion; incomplete; incompletely; incompleteness,6,không có (hoặc chưa xác định),không có biến thể đáng chú ý,Khái niệm trừu tượng,Hành động và xử lý
complicate,(không có định nghĩa trong Oxford 5000 - root này không phải headword độc lập),làm phức tạp,True,False,complicatedness; complication,2,không có (hoặc chưa xác định),không có biến thể đáng chú ý,Khái niệm trừu tượng,Tính chất khác
comply,"to obey a rule, an order, etc.; to meet particular standards",tuân thủ,True,False,compliance; compliantly; noncompliance,3,không có (hoặc chưa xác định),không có biến thể đáng chú ý,"Pháp luật, an toàn và khẩn cấp",Quyền công dân
compromise,an agreement made between two people or groups in which each side gives up some of the things they want so that both sides are happy at the end,thỏa hiệp,True,False,uncompromising; uncompromisingly,2,không có (hoặc chưa xác định),không có biến thể đáng chú ý,Con người,Mối quan hệ
compute,to calculate something,tính toán,True,False,computation; computational; computer; computerize,4,không có (hoặc chưa xác định),không có biến thể đáng chú ý,"Khoa học, công nghệ và kỹ thuật",Máy tính
conceal,to hide somebody/something,che giấu,True,False,concealment,1,không có (hoặc chưa xác định),không có biến thể đáng chú ý,Khái niệm trừu tượng,Hành động và xử lý
concern,"a feeling of worry, especially one that is shared by many people","quan tâm, lo ngại",True,False,concernedly; unconcern; unconcernedly,3,không có (hoặc chưa xác định),không có biến thể đáng chú ý,Con người,Cảm xúc
concert,a public performance of music,buổi hòa nhạc,True,True,concertedly; concertgoer; concertmaster; disconcert; disconcertingly; preconcerted,6,không có (hoặc chưa xác định),không có biến thể đáng chú ý,Giải trí và thời gian rảnh,Hòa nhạc
concrete,made of concrete,"bê tông, cụ thể",True,False,concretely; concretion,2,không có (hoặc chưa xác định),không có biến thể đáng chú ý,"Khoa học, công nghệ và kỹ thuật",Vật liệu
condemn,"to say very strongly that you think something is bad, usually for moral reasons",lên án,True,False,condemnation; condemnatory,2,không có (hoặc chưa xác định),không có biến thể đáng chú ý,"Pháp luật, an toàn và khẩn cấp",Tòa án
condition,the state that something is in,điều kiện,True,False,conditional; conditionally; conditioner; precondition; recondition; unconditional; unconditionally; unconditioned,8,không có (hoặc chưa xác định),không có biến thể đáng chú ý,Sức khỏe,Bệnh tật
confer,"to discuss something with somebody, in order to exchange opinions or get advice","trao đổi, hội ý",True,False,conferees; conference; conferment,3,không có (hoặc chưa xác định),không có biến thể đáng chú ý,Nghề nghiệp và công việc,Cuộc họp
confess,"to admit, especially formally or to the police, that you have done something wrong or illegal",thú nhận,True,False,confessedly; confession; confessional; confessor,4,không có (hoặc chưa xác định),không có biến thể đáng chú ý,"Pháp luật, an toàn và khẩn cấp",Tội phạm và điều tra
confuse,to make somebody unable to think clearly or understand something,gây nhầm lẫn,True,False,confusedly; confusion,2,không có (hoặc chưa xác định),không có biến thể đáng chú ý,Con người,Cảm xúc
congratulate,to tell somebody that you are pleased about their success or achievements,chúc mừng,True,False,congratulation; congratulatory,2,không có (hoặc chưa xác định),không có biến thể đáng chú ý,Ngôn ngữ hằng ngày,"Cảm ơn, xin lỗi và phép lịch sự"
connect,to join together two or more things; to be joined together,kết nối,True,False,connection; connective; disconnect; disconnectedly; disconnection; interconnected; interconnectedness; unconnected,8,không có (hoặc chưa xác định),không có biến thể đáng chú ý,"Khoa học, công nghệ và kỹ thuật",Internet
conquer,to take control of a country or city and its people by force,chinh phục,True,False,conqueror; unconquerable,2,không có (hoặc chưa xác định),không có biến thể đáng chú ý,Khái niệm trừu tượng,Hành động và xử lý
conscience,the part of your mind that tells you whether your actions are right or wrong,lương tâm,True,False,conscientious; conscionable,2,không có (hoặc chưa xác định),không có biến thể đáng chú ý,Con người,Tính cách
conscious,aware of something; noticing something,có ý thức,True,True,consciously; consciousness; preconscious; subconscious; subconsciously; subconsciousness; unconscious; unconsciously; unconsciousness; unselfconsciousness,10,không có (hoặc chưa xác định),không có biến thể đáng chú ý,Sức khỏe,Triệu chứng
consecutive,following one after another in a continuous series ,liên tiếp,True,False,consecutively,1,không có (hoặc chưa xác định),không có biến thể đáng chú ý,Khái niệm trừu tượng,Thời gian và thứ tự
consequence,"a result of something that has happened, especially an unpleasant result",hậu quả,True,False,consequential; consequentially; inconsequence; inconsequential; inconsequentially,5,không có (hoặc chưa xác định),không có biến thể đáng chú ý,Khái niệm trừu tượng,Nguyên nhân và mục đích
consider,"to think about something carefully, especially in order to make a decision",xem xét,True,False,considerable; considerably; considerate; considerately; considerateness; consideration; inconsiderable; inconsiderate; inconsiderately; inconsiderateness; reconsider; reconsideration; unconsidered,13,không có (hoặc chưa xác định),không có biến thể đáng chú ý,Khái niệm trừu tượng,Nhận thức và ý nghĩa
constant,happening all the time or repeatedly,"liên tục, hằng số",True,False,constancy; constantly; inconstancy; inconstant,4,không có (hoặc chưa xác định),không có biến thể đáng chú ý,Khái niệm trừu tượng,Thời gian và thứ tự
consult,to go to somebody for information or advice,tư vấn,True,False,consultancy; consultant; consultation; consultative,4,không có (hoặc chưa xác định),không có biến thể đáng chú ý,Sức khỏe,Tư vấn y tế
contemplate,"to think about whether you should do something, or how you should do something",suy ngẫm,True,False,contemplation; contemplative,2,không có (hoặc chưa xác định),không có biến thể đáng chú ý,Khái niệm trừu tượng,Nhận thức và ý nghĩa
contempt,the feeling that somebody/something is without value and deserves no respect at all,khinh miệt,True,False,contemptible; contemptibly; contemptuous; contemptuously,4,không có (hoặc chưa xác định),không có biến thể đáng chú ý,Con người,Cảm xúc
contend,"to say that something is true, especially in an argument","tranh giành, cho rằng",True,False,contender; contention; contentious; contentiously; contentiousness,5,không có (hoặc chưa xác định),không có biến thể đáng chú ý,Con người,Mối quan hệ
content,happy and satisfied with what you have,"nội dung, hài lòng",True,False,contentedly; contentment; discontent; discontentedly; discontentment; malcontent,6,không có (hoặc chưa xác định),không có biến thể đáng chú ý,Khái niệm trừu tượng,Đánh giá và giá trị
continue,to keep existing or happening without stopping,tiếp tục,True,False,continual; continually; continuance; continuation; continuity; continuous; continuously; discontinuance; discontinue; discontinuity; discontinuous; discontinuously,12,không có (hoặc chưa xác định),không có biến thể đáng chú ý,Khái niệm trừu tượng,Thời gian và thứ tự
contract,an official written agreement,hợp đồng,True,False,contractible; contraction; contractor; contractual; contractually; subcontract; subcontractor,7,không có (hoặc chưa xác định),không có biến thể đáng chú ý,Kinh doanh và tài chính,Hợp đồng
control,"the power to make decisions about how a country, an area, an organization, etc. is run",kiểm soát,True,True,birthcontrol; controllable; controller; decontrol; uncontrollable; uncontrolled,6,không có (hoặc chưa xác định),không có biến thể đáng chú ý,Khái niệm trừu tượng,Hành động và xử lý
convenience,"the quality of being useful, easy or suitable for somebody",sự tiện lợi,True,False,inconvenience,1,không có (hoặc chưa xác định),không có biến thể đáng chú ý,Đời sống hằng ngày,Thói quen hằng ngày
convenient,"useful, easy or quick to do; not causing problems",tiện lợi,True,False,conveniently; inconvenient; inconveniently,3,không có (hoặc chưa xác định),không có biến thể đáng chú ý,Khái niệm trừu tượng,Đánh giá và giá trị
convention,the way in which something is done that most people in a society expect and consider to be polite or the right way to do it,"hội nghị, quy ước",True,False,conventional; conventionality; conventionalized; conventionally; unconventional,5,không có (hoặc chưa xác định),không có biến thể đáng chú ý,"Nghệ thuật, thiết kế và văn hóa",Văn hóa và lễ hội
convey,"to make ideas, feelings, etc. known to somebody",truyền đạt,True,False,conveyance; conveyancer; conveyer; conveyor,4,không có (hoặc chưa xác định),không có biến thể đáng chú ý,Khái niệm trừu tượng,Quan hệ và ảnh hưởng
convict,to decide and state officially in court that somebody is guilty of a crime,kết án,True,False,conviction,1,không có (hoặc chưa xác định),không có biến thể đáng chú ý,"Pháp luật, an toàn và khẩn cấp",Tòa án
convince,to make somebody/yourself believe that something is true,thuyết phục,True,False,convincingly; unconvincing,2,không có (hoặc chưa xác định),không có biến thể đáng chú ý,Con người,Mối quan hệ
cook,a person who cooks food or whose job is cooking,nấu ăn,True,True,cookbook; cooker; cookery; cookfire; cookhouse; cookie; overcooked; precook,8,không có (hoặc chưa xác định),không có biến thể đáng chú ý,Đời sống hằng ngày,Nấu ăn
cool,fairly cold; not hot or warm,"mát mẻ, ngầu",True,True,coolant; cooler; coolest; coolheaded; coolish; coolly; coolness; overcooled,8,không có (hoặc chưa xác định),không có biến thể đáng chú ý,Môi trường và tự nhiên,Thời tiết
cope,to deal successfully with something difficult,đối phó,False,True,copestone,1,không có (hoặc chưa xác định),không có biến thể đáng chú ý,Con người,Cảm xúc
copper,"a chemical element. Copper is a soft red-brown metal used for making electric wires, pipes and coins.",đồng (kim loại),True,True,copperhead; copperplate; coppery,3,không có (hoặc chưa xác định),không có biến thể đáng chú ý,"Khoa học, công nghệ và kỹ thuật",Vật liệu
copy,"a thing that is made to be the same as something else, especially a document or a work of art",sao chép,True,True,copier; copybook; copycat; copygirl; copyhold; copyholder; copyist; copyright; copywriter; photocopier; photocopy; recopied,12,không có (hoặc chưa xác định),không có biến thể đáng chú ý,Học tập và giáo dục,Đồ dùng học tập
core,most important; main or essential,"lõi, cốt lõi",True,False,corer,1,không có (hoặc chưa xác định),không có biến thể đáng chú ý,Khái niệm trừu tượng,Phạm vi và bộ phận
corner,"a part of something where two or more sides, lines or edges join",góc,False,True,cornerstone,1,không có (hoặc chưa xác định),không có biến thể đáng chú ý,Cộng đồng và đô thị,Đường phố và giao lộ
correct,"accurate or true, without any mistakes ",chính xác,True,False,correction; correctitude; corrective; correctively; correctly; correctness; corrigible; incorrect; incorrectly; incorrectness; incorrigibility; incorrigible; incorrigibly,13,không có (hoặc chưa xác định),không có biến thể đáng chú ý,Học tập và giáo dục,Điểm số và đánh giá
correspond,to be the same as or match something,"tương ứng, thư từ",True,False,correspondence; correspondent; correspondingly,3,không có (hoặc chưa xác định),không có biến thể đáng chú ý,Dịch vụ,Bưu điện
cost,"the amount of money that you need in order to buy, make or do something",chi phí,True,False,costlier; costliest; costliness; costly,4,không có (hoặc chưa xác định),không có biến thể đáng chú ý,Kinh doanh và tài chính,Chi phí sinh hoạt
costume,the clothes worn by people from a particular place or during a particular historical period,trang phục,True,False,costumer,1,không có (hoặc chưa xác định),không có biến thể đáng chú ý,Ngoại hình và trang phục,Quần áo nữ
cottage,"a small house, especially in the country",nhà tranh nhỏ,True,False,cottager,1,không có (hoặc chưa xác định),không có biến thể đáng chú ý,Nhà cửa,Các loại nhà
cotton,a plant grown in warm countries for the soft white hairs around its seeds that are used to make cloth and thread,bông,False,True,cottonmouth; cottonseed; cottontail,3,không có (hoặc chưa xác định),không có biến thể đáng chú ý,Ngoại hình và trang phục,Chất liệu vải
counsel,(không có định nghĩa trong Oxford 5000 - root này không phải headword độc lập),"lời khuyên, luật sư",True,True,councillorship; councilman; councilwoman; counselor,4,không có (hoặc chưa xác định),không có biến thể đáng chú ý,"Pháp luật, an toàn và khẩn cấp",Luật sư
count,an act of counting to find the total number of somebody/something,đếm,True,True,countable; countdown; countesses; countinghouse; countless; discount; miscount; recount; uncounted,9,không có (hoặc chưa xác định),không có biến thể đáng chú ý,Ngôn ngữ hằng ngày,Số đếm và số thứ tự
counter,"a long flat surface over which goods are sold or business is done in a shop, bank, etc.","quầy, đối kháng",True,True,counteract; counteraction; counterattack; counterattacker; counterattraction; counterbalance; counterblast; counterclaim; counterclockwise; counterflow; counterman; countermeasure; countermove; counterpart; counterplot; counterpoint; counterproposal; countersign; countersink; encounter,20,không có (hoặc chưa xác định),không có biến thể đáng chú ý,Mua sắm,Quầy thanh toán
country,an area of land that has or used to have its own government and laws,đất nước,True,True,countrified; countryman; countryside; countrywide; countrywoman; crosscountry; upcountry,7,không có (hoặc chưa xác định),không có biến thể đáng chú ý,Ngôn ngữ hằng ngày,Bản đồ và khu vực thế giới
couple,two people or things,cặp đôi,True,False,coupler; couplet; uncouple,3,không có (hoặc chưa xác định),không có biến thể đáng chú ý,Con người,Mối quan hệ
courage,"the ability to do something dangerous, or to face pain or opposition, without showing fear",lòng dũng cảm,True,False,courageous; courageously; courageousness; discourage; discouragement; discouragingly; encourage; encouragement; encouragingly; uncourageous,10,không có (hoặc chưa xác định),không có biến thể đáng chú ý,Con người,Tính cách
course,a series of lessons or lectures on a particular subject,"khóa học, đường đi",True,True,courser; intercourse; racecourse; watercourse,4,không có (hoặc chưa xác định),không có biến thể đáng chú ý,Học tập và giáo dục,Các môn học
court,"the place where legal trials take place and where crimes, etc. are judged","tòa án, sân",True,True,courthouse; courtier; courtlier; courtliness; courtly; courtroom; courtship; courtyard; forecourt,9,không có (hoặc chưa xác định),không có biến thể đáng chú ý,"Pháp luật, an toàn và khẩn cấp",Tòa án
courtesy,polite behaviour that shows respect for other people,phép lịch sự,True,False,discourtesy,1,không có (hoặc chưa xác định),không có biến thể đáng chú ý,Ngôn ngữ hằng ngày,"Cảm ơn, xin lỗi và phép lịch sự"
cousin,a child of your aunt or uncle,anh chị em họ,True,False,cousinly; uncousinly,2,không có (hoặc chưa xác định),không có biến thể đáng chú ý,Con người,Gia đình
cover,"a thing that is put over or on another thing, usually to protect it or to decorate it","che phủ, bìa",True,True,coverage; coverall; coverlet; hardcover; recovers; slipcover; uncover; undercover,8,không có (hoặc chưa xác định),không có biến thể đáng chú ý,Học tập và giáo dục,Sách giáo khoa
cow,a large animal kept on farms to produce milk or beef,con bò,False,True,cowbell; cowbird; cowboy; cowcatcher; cowgirl; cowhand; cowheel; cowhide; cowhouse; cowman; cowshed; cowskin; cowslip,13,không có (hoặc chưa xác định),không có biến thể đáng chú ý,Môi trường và tự nhiên,Động vật có vú
crack,a line on the surface of something where it has broken but not split into separate parts,"vết nứt, bẻ",True,True,crackbrained; crackdown; cracker; crackpot; cracksman; firecracker; nutcracker; safecracker; wisecrack,9,không có (hoặc chưa xác định),không có biến thể đáng chú ý,"Khoa học, công nghệ và kỹ thuật",Vật liệu
craft,an activity involving a special skill at making things with your hands,"thủ công, chế tạo",True,True,aircraft; aircraftman; antiaircraft; crafter; craftier; craftiest; craftily; craftiness; craftsman; craftsmanship; crafty; handicraft; handicraftsman; housecraft; needlecraft; priestcraft; spacecraft; woodcraft,18,không có (hoặc chưa xác định),không có biến thể đáng chú ý,Giải trí và thời gian rảnh,Sở thích thủ công
crash,"an accident in which a vehicle hits something, for example another vehicle, usually causing damage and often injuring or killing the passengers","va chạm, sập",True,True,crasher; gatecrash; gatecrasher,3,không có (hoặc chưa xác định),không có biến thể đáng chú ý,Giao thông,Tai nạn và cứu hộ
crawl,to move forward on your hands and knees or with your body close to the ground,bò trườn,True,True,crawler; crawlspace,2,không có (hoặc chưa xác định),không có biến thể đáng chú ý,Con người,Tuổi tác và các giai đoạn cuộc đời
cream,between yellow and white in colour,kem,True,False,creamer; creamery; creamier; creamiest; creaminess; creamy,6,không có (hoặc chưa xác định),không có biến thể đáng chú ý,Ngoại hình và trang phục,Chăm sóc da
create,to make something happen or exist,sáng tạo,True,False,creation; creative; creatively; creativeness; creativity; creator; procreate; procreation; procreative; procreativity; recreate,11,không có (hoặc chưa xác định),không có biến thể đáng chú ý,"Nghệ thuật, thiết kế và văn hóa",Thiết kế đồ họa
credit,"an arrangement that you make, with a shop for example, to pay later for something you buy","tín dụng, công lao",True,False,accredit; accreditation; creditable; creditably; creditor; discredit; discreditable; discreditably,8,không có (hoặc chưa xác định),không có biến thể đáng chú ý,Kinh doanh và tài chính,Tiền mặt và thẻ
creep,"to move slowly, quietly and carefully, because you do not want to be seen or heard","bò, rón rén",True,False,creeper; creepier; creepiest; creepily; creepiness; creepy,6,không có (hoặc chưa xác định),không có biến thể đáng chú ý,Khái niệm trừu tượng,Thay đổi và phát sinh
crew,"all the people working on a ship, plane, etc.",phi hành đoàn,False,True,aircrew; crewcut; crewman; crewmember,4,không có (hoặc chưa xác định),không có biến thể đáng chú ý,Giao thông,Tàu thuyền
crimin,(không có định nghĩa trong Oxford 5000 - root này không phải headword độc lập),tội phạm (gốc từ),True,True,criminal; criminality; criminally; criminologist; criminology; discriminate; discrimination; discriminatory; incriminate; incrimination; indiscriminate; indiscriminately; nondiscriminatory; recriminate; recrimination; recriminatory,16,không có (hoặc chưa xác định),không có biến thể đáng chú ý,"Pháp luật, an toàn và khẩn cấp",Tội phạm và điều tra
crisis,"a time of great danger, difficulty or doubt when problems must be solved or important decisions must be made",khủng hoảng,True,False,intercrisis,1,không có (hoặc chưa xác định),không có biến thể đáng chú ý,Khái niệm trừu tượng,Thay đổi và phát sinh
critic,"a person who expresses opinions about the good and bad qualities of books, music, etc.",nhà phê bình,True,False,critical; criticality; critically; criticism; criticize; hypercritical; hypercritically; supercritical; uncritical; uncritically,10,không có (hoặc chưa xác định),không có biến thể đáng chú ý,"Nghệ thuật, thiết kế và văn hóa",Văn hóa và lễ hội
crop,"a plant that is grown in large quantities, especially as food",mùa vụ,True,True,cropper; outcrop; sharecrop; sharecropper,4,không có (hoặc chưa xác định),không có biến thể đáng chú ý,Môi trường và tự nhiên,Nông nghiệp
cross,a mark or an object formed by two lines crossing each other (X or +); the mark (X) is often used on paper to show something,"chữ thập, băng qua",True,False,crosser; crossest; crossly; crossness; crosswise; uncross,6,không có (hoặc chưa xác định),không có biến thể đáng chú ý,Ngôn ngữ hằng ngày,Giới từ và trạng từ chỉ nơi chốn
crowd,"a large number of people gathered together in a public place, for example in the streets or at a sports game",đám đông,True,False,crowdedness; overcrowd,2,không có (hoặc chưa xác định),không có biến thể đáng chú ý,Giải trí và thời gian rảnh,Sự kiện và lễ hội
crown,"an object in the shape of a circle, usually made of gold and precious stones, that a king or queen wears on his or her head on official occasions",vương miện,True,False,uncrowned,1,không có (hoặc chưa xác định),không có biến thể đáng chú ý,"Nghệ thuật, thiết kế và văn hóa",Di sản và bảo tàng
crucial,"extremely important, because it will affect other things",quan trọng,True,False,crucially,1,không có (hoặc chưa xác định),không có biến thể đáng chú ý,Khái niệm trừu tượng,Đánh giá và giá trị
crude,"in its natural state, before it has been processed or refined","thô sơ, thô lỗ",True,False,crudely; cruder; crudest; crudity,4,không có (hoặc chưa xác định),không có biến thể đáng chú ý,"Khoa học, công nghệ và kỹ thuật",Năng lượng
cruel,having a desire to cause physical or mental pain and make somebody suffer,tàn nhẫn,True,False,cruelest; crueller; cruelly; cruelness; cruelty,5,không có (hoặc chưa xác định),không có biến thể đáng chú ý,Con người,Tính cách
cruise,"a journey by sea, visiting different places, especially as a holiday",du thuyền,True,False,cruiser,1,không có (hoặc chưa xác định),không có biến thể đáng chú ý,Du lịch và lưu trú,Du lịch bằng tàu
crush,"to press something so hard that it is damaged or injured, or loses its shape",nghiền nát,True,False,crusher; crushingly; uncrushable,3,không có (hoặc chưa xác định),không có biến thể đáng chú ý,Con người,Cảm xúc
cry,a loud sound without words that expresses a strong feeling,"khóc, kêu la",True,True,crier; crybaby; decry; outcry,4,không có (hoặc chưa xác định),không có biến thể đáng chú ý,Con người,Cảm xúc
crystal,"a small piece of a substance with many even sides, that is formed naturally when the substance becomes solid",pha lê,True,False,crystalline; crystallite; crystallization; crystallize; polycrystalline,5,không có (hoặc chưa xác định),không có biến thể đáng chú ý,Môi trường và tự nhiên,Khoáng vật
cue,an action or event that is a signal for somebody to do something,"gợi ý, tín hiệu",True,False,miscue,1,không có (hoặc chưa xác định),không có biến thể đáng chú ý,Giải trí và thời gian rảnh,Sân khấu
cult,very popular with a particular group of people,giáo phái,True,False,cultist,1,không có (hoặc chưa xác định),không có biến thể đáng chú ý,"Nghệ thuật, thiết kế và văn hóa",Tôn giáo và nơi thờ tự
culture,"the customs and beliefs, art, way of life and social organization of a particular country or group",văn hóa,True,False,acculturated; acculturation; cultural; culturally; transcultural,5,không có (hoặc chưa xác định),không có biến thể đáng chú ý,"Nghệ thuật, thiết kế và văn hóa",Văn hóa và lễ hội
cup,"a small container that is like a bowl in shape, usually with a handle, used for drinking tea, coffee, etc.",cốc,True,True,buttercup; coffeecup; cupcake; cupful; eggcup; teacup; teacupful,7,không có (hoặc chưa xác định),không có biến thể đáng chú ý,Nhà cửa,Đồ nội thất
cure,a medicine or medical treatment that cures an illness,chữa trị,True,False,curability; curable; curably; curative; incurable; incurably,6,không có (hoặc chưa xác định),không có biến thể đáng chú ý,Sức khỏe,Thuốc và dạng thuốc
curious,having a strong desire to know about something,tò mò,True,False,curiosity; curiously; incurious; overcurious,4,không có (hoặc chưa xác định),không có biến thể đáng chú ý,Con người,Tính cách
current,happening now; of the present time,"hiện tại, dòng chảy",True,False,crosscurrent; currently; undercurrent,3,không có (hoặc chưa xác định),không có biến thể đáng chú ý,"Khoa học, công nghệ và kỹ thuật",Điện
curve,a line or surface that bends gradually; a smooth bend,đường cong,True,False,curvaceous; curvaceously; curvature,3,không có (hoặc chưa xác định),không có biến thể đáng chú ý,"Nghệ thuật, thiết kế và văn hóa",Hình dạng
custody,the legal right or duty to take care of or keep somebody/something; the act of taking care of something/somebody,quyền giám hộ,True,False,custodial; custodian; custodianship,3,không có (hoặc chưa xác định),không có biến thể đáng chú ý,"Pháp luật, an toàn và khẩn cấp",Tòa án
custom,an accepted way of behaving or of doing things in a society or a community,phong tục,True,True,accustom; customarily; customary; customer; customhouse; unaccustomed,6,không có (hoặc chưa xác định),không có biến thể đáng chú ý,"Nghệ thuật, thiết kế và văn hóa",Văn hóa và lễ hội
cut,a wound caused by something sharp,cắt,True,True,crewcut; crosscut; cutback; cutlets; cutoff; cutout; cutter; cutthroat; cuttingly; cutworm; haircut; precut; shortcut; stonecutter; uncut; undercut; uppercut; wirecutters; woodcut; woodcutter,20,không có (hoặc chưa xác định),không có biến thể đáng chú ý,Đời sống hằng ngày,Nấu ăn
cute,pretty and attractive,dễ thương,True,False,cutely; cuteness; cuter; cutest,4,không có (hoặc chưa xác định),không có biến thể đáng chú ý,Ngoại hình và trang phục,Cơ thể và ngoại hình
cycle,a bicycle or motorcycle,"chu kỳ, xe đạp",True,True,bicycle; bicyclist; cyclic; cyclical; cyclically; cyclist; encyclical; epicycle; epicyclically; kilocycle; motorcycle; motorcyclist; recycle; tricycle,14,không có (hoặc chưa xác định),không có biến thể đáng chú ý,Giao thông,Xe đạp
dad,father,bố,True,False,daddy,1,không có (hoặc chưa xác định),không có biến thể đáng chú ý,Con người,Gia đình
dairy,made from milk,sản phẩm sữa,False,True,dairyman,1,không có (hoặc chưa xác định),không có biến thể đáng chú ý,Thực phẩm,Sữa và sản phẩm từ sữa
damage,"physical harm caused to something which makes it less attractive, useful or valuable",thiệt hại,True,False,undamaged,1,không có (hoặc chưa xác định),không có biến thể đáng chú ý,Giao thông,Tai nạn và cứu hộ
dance,a series of movements and steps that are usually performed to music; a particular example of these movements and steps,nhảy múa,True,True,dancelike; dancer,2,không có (hoặc chưa xác định),không có biến thể đáng chú ý,Giải trí và thời gian rảnh,Khiêu vũ
danger,"the possibility of something happening that will injure, harm or kill somebody, or damage or destroy something",nguy hiểm,True,False,dangerous; dangerously; endanger,3,không có (hoặc chưa xác định),không có biến thể đáng chú ý,"Pháp luật, an toàn và khẩn cấp",An toàn cá nhân
dare,to be brave enough to do something,dám,True,True,daredevil; daringly,2,không có (hoặc chưa xác định),không có biến thể đáng chú ý,Con người,Tính cách
dark,"with no or very little light, especially because it is night",tối tăm,True,True,darken; darker; darkest; darkhaired; darkies; darkly; darkness; darkroom,8,không có (hoặc chưa xác định),không có biến thể đáng chú ý,"Nghệ thuật, thiết kế và văn hóa",Màu sắc
date,"a particular day of the month, sometimes in a particular year, given in numbers and words","ngày tháng, hẹn hò",True,True,antedate; backdate; datable; dateless; dateline; misdate; outdate; postdate; undated; update,10,không có (hoặc chưa xác định),không có biến thể đáng chú ý,Ngôn ngữ hằng ngày,"Ngày, giờ và lịch cơ bản"
daughter,a person’s female child,con gái,True,True,daughterly; goddaughter; granddaughter; stepdaughter,4,không có (hoặc chưa xác định),không có biến thể đáng chú ý,Con người,Gia đình
day,a period of 24 hours,ngày,True,True,birthday; daily; daybed; daybreak; daydream; daydreamer; daygirl; daylight; daytime; everyday; holiday; holidaymaker; mayday; midday; mondays; noonday; nowadays; payday; schooldays; someday; sunday; today; today'll; washday; weekday; workaday; workday,27,không có (hoặc chưa xác định),không có biến thể đáng chú ý,Ngôn ngữ hằng ngày,"Ngày, giờ và lịch cơ bản"
dead,no longer alive,chết,True,True,deaden; deadheads; deadlier; deadliest; deadline; deadliness; deadlock; deadly; deadness; deadpan; deadwood,11,không có (hoặc chưa xác định),không có biến thể đáng chú ý,Con người,Sự kiện đời người
deal,"an agreement, especially in business, on particular conditions for buying or doing something","thỏa thuận, đối phó",True,True,dealer; dealerships; dealt; misdeal; misdealt; newsdealer,6,không có (hoặc chưa xác định),không có biến thể đáng chú ý,Kinh doanh và tài chính,Mua bán và giao dịch
dear,used at the beginning of a letter before the name or title of the person that you are writing to,thân yêu,True,True,dearborn; dearer; dearest; dearly; dearness; deary; endeared; endearingly; endearment,9,không có (hoặc chưa xác định),không có biến thể đáng chú ý,Ngôn ngữ hằng ngày,Chào hỏi và giới thiệu bản thân
death,the fact of somebody dying or being killed,cái chết,True,True,deathbed; deathblow; deathless; deathlike; deathly; deathward; megadeath,7,không có (hoặc chưa xác định),không có biến thể đáng chú ý,Con người,Sự kiện đời người
debate,a formal discussion of an issue at a public meeting or in a parliament. In a debate two or more speakers express opposite views and then there is often a vote on the issue.,tranh luận,True,False,debatable; debater,2,không có (hoặc chưa xác định),không có biến thể đáng chú ý,Học tập và giáo dục,Kỹ năng học tập
debt,a sum of money that somebody owes,nợ,True,False,debtor; indebted; indebtedness,3,không có (hoặc chưa xác định),không có biến thể đáng chú ý,Kinh doanh và tài chính,Khoản vay
decent,of a good enough standard or quality,đàng hoàng,True,False,decently; indecent; indecently,3,không có (hoặc chưa xác định),không có biến thể đáng chú ý,Khái niệm trừu tượng,Đánh giá và giá trị
decide,to think carefully about the different possibilities that are available and choose one of them,quyết định,True,False,decidedly; decision; decisional; decisive; decisively; decisiveness; indecision; indecisive; indecisively; indecisiveness; undecided; undecidedly; undecidedness,13,không có (hoặc chưa xác định),không có biến thể đáng chú ý,Khái niệm trừu tượng,Đánh giá và giá trị
deck,the top outside floor of a ship or boat,"boong tàu, sàn",True,True,bedeck; quarterdeck; sundeck,3,không có (hoặc chưa xác định),không có biến thể đáng chú ý,Giao thông,Tàu thuyền
declare,to say something officially or publicly,tuyên bố,True,False,declarable; declaration; declarative; declaratory; undeclared,5,không có (hoặc chưa xác định),không có biến thể đáng chú ý,"Pháp luật, an toàn và khẩn cấp",Giấy tờ pháp lý
dedicate,(không có định nghĩa trong Oxford 5000 - root này không phải headword độc lập),cống hiến,True,False,dedicatedly; dedication; rededicate; undedicated,4,không có (hoặc chưa xác định),không có biến thể đáng chú ý,Con người,Tính cách
deed,a thing that somebody does that is usually very good or very bad,"hành động, việc làm",True,True,deedpoll; misdeed,2,không có (hoặc chưa xác định),không có biến thể đáng chú ý,"Pháp luật, an toàn và khẩn cấp",Giấy tờ pháp lý
deep,having a large distance from the top or surface to the bottom,sâu,True,False,deepen; deeper; deepest; deeply; deepness,5,không có (hoặc chưa xác định),không có biến thể đáng chú ý,Môi trường và tự nhiên,Biển và đại dương
default,"what happens or appears if you do not make any other choice or change, especially in a computer program","mặc định, vỡ nợ",True,False,defaulter,1,không có (hoặc chưa xác định),không có biến thể đáng chú ý,Kinh doanh và tài chính,Khoản vay
defeat,failure to win or to be successful,đánh bại,True,False,defeatism; defeatist; nondefeatist,3,không có (hoặc chưa xác định),không có biến thể đáng chú ý,Thể thao,Thể thao chung
defence,"the act of protecting somebody/something from attack, criticism, etc.",phòng thủ,True,False,defenceless; defencelessly; defencelessness,3,không có (hoặc chưa xác định),defense (Mỹ),"Pháp luật, an toàn và khẩn cấp",Luật sư
defend,to protect somebody/something from attack,bảo vệ,True,False,defendant; defender; undefended,3,không có (hoặc chưa xác định),không có biến thể đáng chú ý,"Pháp luật, an toàn và khẩn cấp",Luật sư
define,to say or explain what the meaning of a word or phrase is,định nghĩa,True,False,definable; definite; definitely; definition; definitive; definitively; indefinable; indefinably; indefinite; indefinitely; indefiniteness; redefined; redefinition; undefined,14,không có (hoặc chưa xác định),không có biến thể đáng chú ý,Học tập và giáo dục,Nghiên cứu
defy,"to refuse to obey or show respect for somebody in authority, a law, a rule, etc.",thách thức,True,False,defiance; defiant; defiantly,3,không có (hoặc chưa xác định),không có biến thể đáng chú ý,Con người,Tính cách
delete,"to remove something that has been written or printed, or that has been stored on a computer",xóa bỏ,True,False,deletion,1,không có (hoặc chưa xác định),không có biến thể đáng chú ý,"Khoa học, công nghệ và kỹ thuật",Máy tính
deliberate,done on purpose rather than by accident,cố ý,True,False,deliberately; deliberateness; deliberation; deliberative,4,không có (hoặc chưa xác định),không có biến thể đáng chú ý,Khái niệm trừu tượng,Thái độ
delicious,having a very pleasant taste or smell,ngon miệng,True,False,deliciously; deliciousness,2,không có (hoặc chưa xác định),không có biến thể đáng chú ý,Thực phẩm,An toàn thực phẩm
delight,a feeling of great pleasure,niềm vui thích,True,False,delightful; delightfully,2,không có (hoặc chưa xác định),không có biến thể đáng chú ý,Con người,Cảm xúc
deliver,"to take goods, letters, etc. to the person or people they have been sent to","giao hàng, phân phát",True,True,deliverance; deliverer; delivery; deliveryman,4,không có (hoặc chưa xác định),không có biến thể đáng chú ý,Dịch vụ,Dịch vụ giao hàng
demon,an evil spirit,ác quỷ,True,False,demoniac; demoniacal; demoniacally; demonic; demonically,5,không có (hoặc chưa xác định),không có biến thể đáng chú ý,"Nghệ thuật, thiết kế và văn hóa",Tôn giáo và nơi thờ tự
dense,"containing a lot of people, things, plants, etc. with little space between them",dày đặc,True,False,densely; denseness; denser; densest; density,5,không có (hoặc chưa xác định),không có biến thể đáng chú ý,Khái niệm trừu tượng,Mức độ và so sánh
deny,to say that something is not true,"từ chối, phủ nhận",True,False,deniable; deniably; denial; undeniable; undeniably,5,không có (hoặc chưa xác định),không có biến thể đáng chú ý,Khái niệm trừu tượng,Thái độ
depart,"to leave a place, especially to start a trip",khởi hành,True,False,departure,1,không có (hoặc chưa xác định),không có biến thể đáng chú ý,Du lịch và lưu trú,Bến xe
department,"a section of a large organization such as a government, business, university, etc.",phòng ban,True,False,departmental; interdepartmental; intradepartmental,3,không có (hoặc chưa xác định),không có biến thể đáng chú ý,Kinh doanh và tài chính,Công ty và phòng ban
deploy,to move soldiers or weapons into a position where they are ready for military action,triển khai,True,False,deployment; redeploy; redeployment,3,không có (hoặc chưa xác định),không có biến thể đáng chú ý,Nghề nghiệp và công việc,Nghề công vụ và an ninh
deposit,a sum of money that is given as the first part of a larger payment,"tiền gửi, đặt cọc",True,False,antiredeposition; deposition; depositor; depository; redeposition,5,không có (hoặc chưa xác định),không có biến thể đáng chú ý,Kinh doanh và tài chính,Tài khoản ngân hàng
deprive,(không có định nghĩa trong Oxford 5000 - root này không phải headword độc lập),tước đoạt,True,False,deprivation,1,không có (hoặc chưa xác định),không có biến thể đáng chú ý,Khái niệm trừu tượng,Quan hệ và ảnh hưởng
derive,(không có định nghĩa trong Oxford 5000 - root này không phải headword độc lập),bắt nguồn từ,True,False,derivable; derivation; derivative; derivatively; derivatives,5,không có (hoặc chưa xác định),không có biến thể đáng chú ý,Khái niệm trừu tượng,Nguyên nhân và mục đích
descend,to come or go down from a higher to a lower level,đi xuống,True,False,descendant,1,không có (hoặc chưa xác định),không có biến thể đáng chú ý,Khái niệm trừu tượng,Thay đổi và phát sinh
desert,a large area of land that has very little water and very few plants growing on it. Many deserts are covered by sand.,"sa mạc, bỏ rơi",True,False,deserter; desertion,2,không có (hoặc chưa xác định),không có biến thể đáng chú ý,Môi trường và tự nhiên,Trái Đất
design,"the general arrangement of the different parts of something that is made, such as a building, book, machine, etc.",thiết kế,True,False,designate; designation; designedly; designer,4,không có (hoặc chưa xác định),không có biến thể đáng chú ý,"Nghệ thuật, thiết kế và văn hóa",Thiết kế đồ họa
desire,a strong wish to have or do something,khao khát,True,False,desirability; desirable; desirably; desirous; undesirability; undesirable; undesirably,7,không có (hoặc chưa xác định),không có biến thể đáng chú ý,Con người,Cảm xúc
desk,"a piece of furniture like a table, often with drawers (= parts like boxes in it with handles on the front for pulling them open), that you sit at to read, write, work, etc.",bàn làm việc,False,True,deskwork,1,không có (hoặc chưa xác định),không có biến thể đáng chú ý,Nhà cửa,Đồ nội thất
desperate,feeling or showing that you have little hope and are ready to do anything without worrying about danger to yourself or others,tuyệt vọng,True,False,desperately; desperation,2,không có (hoặc chưa xác định),không có biến thể đáng chú ý,Con người,Cảm xúc
destroy,"to damage something so badly that it no longer exists, works, etc.",phá hủy,True,False,destroyer,1,không có (hoặc chưa xác định),không có biến thể đáng chú ý,Khái niệm trừu tượng,Hành động và xử lý
detect,"to discover or notice something, especially something that is not easy to see, hear, etc.",phát hiện,True,False,detectable; detection; detective; detector; undetectable; undetected,6,không có (hoặc chưa xác định),không có biến thể đáng chú ý,"Khoa học, công nghệ và kỹ thuật",Dụng cụ khoa học
deteriorate,to become worse,xấu đi,True,False,deterioration,1,không có (hoặc chưa xác định),không có biến thể đáng chú ý,Khái niệm trừu tượng,Thay đổi và phát sinh
determine,to discover the facts about something; to calculate something exactly,xác định,True,False,codetermines; determinability; determinable; determinant; determinate; determination; determinative; determinedly; determiner; determinism; deterministic; indeterminable; indeterminably; indeterminacy; indeterminate; predetermination; predetermine; predeterminer; undetermined,19,không có (hoặc chưa xác định),không có biến thể đáng chú ý,Khái niệm trừu tượng,Đánh giá và giá trị
devastate,to completely destroy a place or an area,tàn phá,True,False,devastatingly; devastation,2,không có (hoặc chưa xác định),không có biến thể đáng chú ý,"Pháp luật, an toàn và khẩn cấp",Thiên tai
develop,"to gradually grow or become bigger, more advanced, stronger, etc.; to make something do this",phát triển,True,False,developer; development; developmental; developmentally; overdeveloped; redevelopers; redevelopment; underdeveloped; undeveloped,9,không có (hoặc chưa xác định),không có biến thể đáng chú ý,Khái niệm trừu tượng,Thay đổi và phát sinh
devil,the most powerful evil being,ác quỷ,True,True,bedevil; bedevilment; daredevil; devilish; devilishly; devilishness; devilment; devilry,8,không có (hoặc chưa xác định),không có biến thể đáng chú ý,"Nghệ thuật, thiết kế và văn hóa",Tôn giáo và nơi thờ tự
devise,to invent something new or a new way of doing something,"nghĩ ra, phát minh",True,False,devisee,1,không có (hoặc chưa xác định),không có biến thể đáng chú ý,Khái niệm trừu tượng,Hành động và xử lý
devote,(không có định nghĩa trong Oxford 5000 - root này không phải headword độc lập),cống hiến,True,False,devotedly; devotee; devotion; devotional,4,không có (hoặc chưa xác định),không có biến thể đáng chú ý,Con người,Tính cách
diagram,"a simple drawing using lines to explain where something is, how something works, etc.",sơ đồ,True,False,diagrammatic; diagrammatical; diagrammatically,3,không có (hoặc chưa xác định),không có biến thể đáng chú ý,Học tập và giáo dục,Nghiên cứu
die,to stop living,chết,True,True,comedie; diehard; dyers; undying,4,không có (hoặc chưa xác định),không có biến thể đáng chú ý,Con người,Sự kiện đời người
diet,the food and drink that you eat and drink regularly,chế độ ăn kiêng,True,False,dietary; dieters; dietetic; dietetics; dietician,5,không có (hoặc chưa xác định),không có biến thể đáng chú ý,Sức khỏe,Cơ thể và sức khỏe
differ,to be different from somebody/something,khác nhau,True,False,difference; different; differentiable; differential; differentiate; differentiation; differently; indifference; indifferent; indifferently; undifferentiated,11,không có (hoặc chưa xác định),không có biến thể đáng chú ý,Khái niệm trừu tượng,Mức độ và so sánh
difficult,not easy; needing effort or skill to do or to understand,khó khăn,True,False,difficulty,1,không có (hoặc chưa xác định),không có biến thể đáng chú ý,Khái niệm trừu tượng,Khả năng và cần thiết
dig,"to make a hole in the ground or to move soil from one place to another using your hands, a tool or a machine",đào,True,False,digger,1,không có (hoặc chưa xác định),không có biến thể đáng chú ý,Môi trường và tự nhiên,Nông nghiệp
dimension,"a measurement in space, for example how high, wide or long something is","chiều, kích thước",True,False,dimensional; dimensionally; multidimensional,3,không có (hoặc chưa xác định),không có biến thể đáng chú ý,"Khoa học, công nghệ và kỹ thuật",Đo lường
diminish,"to become smaller, weaker, etc.; to make something become smaller, weaker, etc.",giảm bớt,True,False,undiminished,1,không có (hoặc chưa xác định),không có biến thể đáng chú ý,Khái niệm trừu tượng,Mức độ và so sánh
dinner,"the main meal of the day, eaten either in the middle of the day or in the evening",bữa tối,False,True,dinnertime,1,không có (hoặc chưa xác định),không có biến thể đáng chú ý,Ăn uống bên ngoài,Bữa tối
dip,to put something quickly into a liquid and take it out again,nhúng vào,True,True,dipper; dipstick; dipswitch,3,không có (hoặc chưa xác định),không có biến thể đáng chú ý,Đời sống hằng ngày,Nấu ăn
direct,going in the straightest line between two places without stopping or changing direction,trực tiếp,True,False,direction; directional; directionality; directionally; directive; directly; directness; director; directorate; directorship; directory; indirect; indirection; indirectly; indirectness; misdirect; misdirection; redirect; unidirectional,19,không có (hoặc chưa xác định),không có biến thể đáng chú ý,Khái niệm trừu tượng,Hành động và xử lý
dirt,"any substance that makes something dirty, for example dust, soil or mud",bụi bẩn,True,False,dirtier; dirtiest; dirtily; dirty,4,không có (hoặc chưa xác định),không có biến thể đáng chú ý,Đời sống hằng ngày,Dọn dẹp nhà cửa
disaster,"an unexpected event, such as a very bad accident, a flood or a fire, that kills a lot of people or causes a lot of damage",thảm họa,True,False,disastrous; disastrously,2,không có (hoặc chưa xác định),không có biến thể đáng chú ý,"Pháp luật, an toàn và khẩn cấp",Thiên tai
discipline,the practice of training people to obey rules and orders and punishing them if they do not; the controlled behaviour or situation that is the result of this training ,kỷ luật,True,False,disciplinarian; disciplinary; indiscipline; interdisciplinary; undisciplined,5,không có (hoặc chưa xác định),không có biến thể đáng chú ý,Học tập và giáo dục,Kỹ năng học tập
discours,(không có định nghĩa trong Oxford 5000 - root này không phải headword độc lập),diễn ngôn (gốc từ),True,False,discursive,1,không có (hoặc chưa xác định),không có biến thể đáng chú ý,Học tập và giáo dục,Nghiên cứu
discover,to be the first person to become aware that a particular place or thing exists,khám phá,True,False,discoverable; discoverer; discovery; rediscover,4,không có (hoặc chưa xác định),không có biến thể đáng chú ý,Học tập và giáo dục,Nghiên cứu
dish,a flat shallow container for cooking food in or serving it from,"món ăn, đĩa",True,True,bandish; dishcloth; dishful; dishier; dishiest; dishwasher; dishwater; dishy,8,không có (hoặc chưa xác định),không có biến thể đáng chú ý,Ăn uống bên ngoài,Gọi món
disk,a thin flat round object,đĩa,True,False,discoid,1,không có (hoặc chưa xác định),không có biến thể đáng chú ý,"Khoa học, công nghệ và kỹ thuật",Phần cứng máy tính
dispute,"an argument between two people, groups or countries; discussion about a subject on which people disagree",tranh chấp,True,False,disputable; disputably; disputant; disputation; disputatious; disputatiously; indisputable; indisputably; undisputed,9,không có (hoặc chưa xác định),không có biến thể đáng chú ý,"Pháp luật, an toàn và khẩn cấp",Tòa án
distance,the amount of space between two places or things,khoảng cách,True,False,outdistance,1,không có (hoặc chưa xác định),không có biến thể đáng chú ý,"Khoa học, công nghệ và kỹ thuật",Đo lường
distant,far away in space or time,xa xôi,True,False,distantly,1,không có (hoặc chưa xác định),không có biến thể đáng chú ý,Khái niệm trừu tượng,Mức độ và so sánh
distinct,"easily or clearly heard, seen, felt, etc.",khác biệt,True,False,distinction; distinctive; distinctively; distinctiveness; distinctly; distinctness; indistinct; indistinctly; indistinctness,9,không có (hoặc chưa xác định),không có biến thể đáng chú ý,Khái niệm trừu tượng,Đánh giá và giá trị
distinguish,to recognize the difference between two people or things,phân biệt,True,False,distinguishable; indistinguishable; indistinguishably; undistinguished,4,không có (hoặc chưa xác định),không có biến thể đáng chú ý,Khái niệm trừu tượng,Nhận thức và ý nghĩa
distress,a feeling of great worry or unhappiness; great mental pain,đau khổ,True,False,distressful; distressfully; distressingly,3,không có (hoặc chưa xác định),không có biến thể đáng chú ý,Con người,Cảm xúc
disturb,"to interrupt somebody when they are trying to work, sleep, etc.",quấy rầy,True,False,disturbance; disturber; disturbingly; undisturbed,4,không có (hoặc chưa xác định),không có biến thể đáng chú ý,Con người,Cảm xúc
dive,a jump into deep water with your head first and your arms in front of you,lặn,True,True,diver; divingboard; nosedive; skindive; skydiver,5,không có (hoặc chưa xác định),không có biến thể đáng chú ý,Thể thao,Thể thao dưới nước
diverse,very different from each other and of various kinds,đa dạng,True,False,diversely; diversification; diversify; diversion; diversionary; diversionist; diversity,7,không có (hoặc chưa xác định),không có biến thể đáng chú ý,Khái niệm trừu tượng,Đánh giá và giá trị
divide,a difference between two groups of people or two things that separates them from each other,chia,True,False,dividend; divider; divisible; division; divisional; divisive; divisively; divisiveness; divisor; individual; individualism; individualist; individualistic; individuality; individualization; individualize; individually; individuation; indivisibility; indivisible; indivisibly; subdivide; subdivision; undivided,24,không có (hoặc chưa xác định),không có biến thể đáng chú ý,Ngôn ngữ hằng ngày,Từ chỉ số lượng
divine,coming from or connected with God or a god,thần thánh,True,False,divination; divinely; diviner; divinity,4,không có (hoặc chưa xác định),không có biến thể đáng chú ý,"Nghệ thuật, thiết kế và văn hóa",Tôn giáo và nơi thờ tự
divorce,the legal ending of a marriage,ly hôn,True,False,divorcee,1,không có (hoặc chưa xác định),không có biến thể đáng chú ý,Con người,Mối quan hệ
do,used to refer to actions that you do not mention by name or do not know about,làm,True,True,doer; evildoer; hairdo; misdoing; outdo; overdo; redo; undo; wrongdoer; wrongdoing,10,không có (hoặc chưa xác định),did/done (bất quy tắc),Ngữ pháp và hư từ,Trợ từ
doctor,"a person who has been trained in medical science, whose job is to treat people who are ill or injured",bác sĩ,True,False,doctoral; doctorate,2,không có (hoặc chưa xác định),không có biến thể đáng chú ý,Sức khỏe,Bác sĩ
doctrine,"a belief or set of beliefs held and taught by a Church, a political party, etc.",học thuyết,True,False,doctrinaire; doctrinal; doctrinally; indoctrinate; indoctrination,5,không có (hoặc chưa xác định),không có biến thể đáng chú ý,"Nghệ thuật, thiết kế và văn hóa",Tôn giáo và nơi thờ tự
document,"an official paper, book or electronic file that gives information about something, or that can be used as evidence or proof of something",tài liệu,True,False,documentary; documentation,2,không có (hoặc chưa xác định),không có biến thể đáng chú ý,"Pháp luật, an toàn và khẩn cấp",Giấy tờ pháp lý
dog,"an animal with four legs and a tail, often kept as a pet or trained for work, for example hunting or guarding buildings. There are many types of dog, some of which are wild.",con chó,True,True,dogfight; dogfish; doggedly; doggedness; doggy; doghouse; dogleg; dogsbody; dogtooth; dogwood; firedog; gundog; hangdog; hotdogs; housedog; sheepdog; underdog; watchdog,18,không có (hoặc chưa xác định),không có biến thể đáng chú ý,Môi trường và tự nhiên,Động vật có vú
domestic,of or inside a particular country; not foreign or international,"trong nước, nội trợ",True,False,domestically; domesticate; domestication; domesticity; undomesticated,5,không có (hoặc chưa xác định),không có biến thể đáng chú ý,Nhà cửa,Ngôi nhà
door,"a piece of wood, glass, etc. that is opened and closed so that people can get in and out of a room, building, car, etc.; a similar thing in a cupboard",cửa,True,True,backdoors; doorbell; doorframe; doorhandle; doorkeeper; doorknocker; doorman; doornail; doorplate; doorstep; doorstop; doorway; indoor; outdoor; trapdoor,15,không có (hoặc chưa xác định),không có biến thể đáng chú ý,Nhà cửa,Các phòng trong nhà
dose,"an amount of a medicine or a drug that is taken once, or regularly over a period of time",liều lượng,True,False,dosage; overdose,2,không có (hoặc chưa xác định),không có biến thể đáng chú ý,Sức khỏe,Thuốc và dạng thuốc
dot,"a small round mark, especially one that is printed",chấm,True,False,dottier; dottiest; dotty; microdot,4,không có (hoặc chưa xác định),không có biến thể đáng chú ý,"Nghệ thuật, thiết kế và văn hóa",Hình dạng
double,twice as much or as many as usual,gấp đôi,True,True,doubleheader; doubly; redouble,3,không có (hoặc chưa xác định),không có biến thể đáng chú ý,Ngôn ngữ hằng ngày,Từ chỉ số lượng
doubt,a feeling of being uncertain about something or not believing something,nghi ngờ,True,False,doubter; doubtful; doubtfully; doubtingly; doubtless; dubiety; dubious; dubiously; dubiousness; dubitable; indubitable; indubitably; undoubted; undoubtedly,14,không có (hoặc chưa xác định),không có biến thể đáng chú ý,Khái niệm trừu tượng,Nhận thức và ý nghĩa
down,to or at a lower place or position,xuống,True,True,breakdown; closedown; comedown; countdown; crackdown; downer; downier; downward; downy; godowns; knockdown; letdown; lowdown; markdown; rubdown; rundown; shakedown; showdown; shutdown; sundown; touchdown; unputdownable,22,không có (hoặc chưa xác định),không có biến thể đáng chú ý,Ngôn ngữ hằng ngày,Giới từ và trạng từ chỉ nơi chốn
draft,a rough written version of something that is not yet in its final form,bản nháp,True,False,draftee; drafters; overdraft,3,không có (hoặc chưa xác định),không có biến thể đáng chú ý,"Pháp luật, an toàn và khẩn cấp",Giấy tờ pháp lý
drag,to pull somebody/something along with effort and difficulty,kéo lê,True,True,dragger; dragnet,2,không có (hoặc chưa xác định),không có biến thể đáng chú ý,Khái niệm trừu tượng,Hành động và xử lý
drain,to make something empty or dry by removing the liquid from it; to become empty or dry in this way,thoát nước,True,True,drainage; drainpipe,2,không có (hoặc chưa xác định),không có biến thể đáng chú ý,Nhà cửa,Hệ thống điện và nước
drama,"a play for the theatre, television or radio",kịch,True,False,dramatic; dramatically; dramatist; dramatization; dramatize,5,không có (hoặc chưa xác định),không có biến thể đáng chú ý,"Nghệ thuật, thiết kế và văn hóa",Nghệ thuật biểu diễn
draw,"to make pictures, or a picture of something, with a pencil, pen or chalk (but not paint)","vẽ, kéo",True,True,drawback; drawbridge; drawn; indrawn; overdrawing; overdrawn; withdraw; withdrawal; withdrawn,9,không có (hoặc chưa xác định),không có biến thể đáng chú ý,"Nghệ thuật, thiết kế và văn hóa",Vẽ và phác thảo
dream,"a series of images, events and feelings that happen in your mind while you are asleep",giấc mơ,True,True,daydream; daydreamer; dreamboat; dreamer; dreamier; dreamily; dreaminess; dreamland; dreamless; dreamlessly; dreamlike; dreamt; dreamworld; dreamy; pipedream; undreamed; undreamt,17,không có (hoặc chưa xác định),không có biến thể đáng chú ý,Con người,Cảm xúc
dress,"a piece of clothing that is made in one piece and hangs down to cover the body as far as the legs, sometimes reaching to below the knees, or to the ankles","váy, mặc quần áo",True,True,battledress; dresser; dressier; dressiest; dressmaker; dressmaking; dressy; hairdresser; hairdressing; headdress; nightdress; overdress; undress; wardresses,14,không có (hoặc chưa xác định),không có biến thể đáng chú ý,Ngoại hình và trang phục,Quần áo nữ
drift,to move along smoothly and slowly in water or air,trôi dạt,True,True,drifter; driftnet; driftwood; snowdrift; spindrift,5,không có (hoặc chưa xác định),không có biến thể đáng chú ý,Môi trường và tự nhiên,Biển và đại dương
drink,a liquid for drinking; an amount of a liquid that you drink,uống,True,True,drinkable; drinker; drinkhouse; undrinkable,4,không có (hoặc chưa xác định),không có biến thể đáng chú ý,Ăn uống bên ngoài,Đồ uống
drive,a journey in a car or other vehicle,lái xe,True,True,driver; driveway; overdrive; screwdriver,4,không có (hoặc chưa xác định),không có biến thể đáng chú ý,Giao thông,Ô tô
drop,a very small amount of liquid that forms a round shape,"rơi, giọt",True,True,airdrop; backdrops; droplet; dropout; dropper; eyedrop; raindrop; snowdrop; teardrop,9,không có (hoặc chưa xác định),không có biến thể đáng chú ý,Khái niệm trừu tượng,Thay đổi và phát sinh
drug,"an illegal substance that some people smoke, inject, etc. for the physical and mental effects it has","thuốc, ma túy",True,True,druggist; drugstore,2,không có (hoặc chưa xác định),không có biến thể đáng chú ý,Sức khỏe,Thuốc và dạng thuốc
drum,a musical instrument made of a hollow round frame with plastic or skin stretched tightly across one or both ends. You play it by hitting it with sticks or with your hands.,trống,True,True,drumbeat; drumhead; drummer; drumstick; eardrum,5,không có (hoặc chưa xác định),không có biến thể đáng chú ý,Giải trí và thời gian rảnh,Nhạc cụ
drunk,having drunk so much alcohol that it is impossible to think or speak clearly,say rượu,True,False,drunkard; drunken; drunkenly; drunkenness; drunker; drunkest,6,không có (hoặc chưa xác định),không có biến thể đáng chú ý,Ăn uống bên ngoài,Đồ uống có cồn
dry,not wet or sticky; without water or moisture,khô,True,False,drier; driest; drily; dryness; nondrying,5,không có (hoặc chưa xác định),không có biến thể đáng chú ý,Môi trường và tự nhiên,Thời tiết
dual,having two parts or aspects,"kép, đôi",True,False,dualism; dualities,2,không có (hoặc chưa xác định),không có biến thể đáng chú ý,Ngôn ngữ hằng ngày,Từ chỉ số lượng
due,caused by somebody/something; because of somebody/something,"đến hạn, do",True,False,duly; overdue; undue; unduly,4,không có (hoặc chưa xác định),không có biến thể đáng chú ý,Kinh doanh và tài chính,Hóa đơn và biên lai
dull,not interesting or exciting,"buồn tẻ, cùn",True,False,dullard; duller; dullest; dullness; dully,5,không có (hoặc chưa xác định),không có biến thể đáng chú ý,Khái niệm trừu tượng,Đánh giá và giá trị
dumb,stupid,"câm, ngu ngốc",True,True,dumbbell; dumber; dumbest; dumbfound; dumbly; dumbness; dumbwaiter; dummy,8,không có (hoặc chưa xác định),không có biến thể đáng chú ý,Con người,Tính cách
dump,"to get rid of something you do not want, especially in a place that is not suitable","đổ, bãi rác",True,False,dumper; dumpier; dumpiest; dumpling; dumpy,5,không có (hoặc chưa xác định),không có biến thể đáng chú ý,Nhà cửa,Xử lý rác
dust,"a fine powder that consists of very small pieces of sand, earth, etc.",bụi,True,True,dustbin; dustcoat; duster; dustier; dustiest; dustless; dustman; dustpan; dustsheet; dustup; dusty; stardust,12,không có (hoặc chưa xác định),không có biến thể đáng chú ý,Đời sống hằng ngày,Dọn dẹp nhà cửa
duty,something that you feel you have to do because it is your moral or legal responsibility,"nghĩa vụ, thuế",True,False,duteous; dutiable; dutiful; dutifully; dutifulness,5,không có (hoặc chưa xác định),không có biến thể đáng chú ý,Nghề nghiệp và công việc,Nơi làm việc
dynamic,having a lot of energy and a strong personality,năng động,True,False,dynamical; dynamically,2,không có (hoặc chưa xác định),không có biến thể đáng chú ý,Con người,Tính cách
eager,very interested and excited by something that is going to happen or about something that you want to do; showing this,háo hức,True,False,eagerer; eagerest; eagerly; eagerness; overeager,5,không có (hoặc chưa xác định),không có biến thể đáng chú ý,Con người,Cảm xúc
ear,either of the organs on the sides of the head that you hear with,tai,True,True,eardrum; earful; earmark; earphone; earpiece; earplug; earring; earshot; earsplitting,9,không có (hoặc chưa xác định),không có biến thể đáng chú ý,Con người,Khuôn mặt
early,"near the beginning of a period of time, an event etc.",sớm,True,False,earlier; earliest; earliness,3,không có (hoặc chưa xác định),không có biến thể đáng chú ý,Khái niệm trừu tượng,Thời gian và thứ tự
earn,to get money for work that you do,kiếm được,True,False,earner; unearned,2,không có (hoặc chưa xác định),không có biến thể đáng chú ý,Nghề nghiệp và công việc,Lương và phúc lợi
earth,the world; the planet that we live on,"trái đất, đất",True,True,earthbound; earthen; earthier; earthiest; earthiness; earthling; earthly; earthmoving; earthshaking; earthshakingly; earthwork; earthworm; earthy; unearth; unearthliness; unearthly,16,không có (hoặc chưa xác định),không có biến thể đáng chú ý,Môi trường và tự nhiên,Trái Đất
ease,lack of difficulty,sự dễ dàng,True,True,easement; easier; easiest; easily; easiness; easy; easygoing; speakeasy; unease; uneasier; uneasiest; uneasily; uneasiness; uneasy,14,không có (hoặc chưa xác định),không có biến thể đáng chú ý,Con người,Cảm xúc
east,in or towards the east,phía đông,True,True,eastbound; easterly; eastern; easterner; easternmost; easters; eastward; northeast; northeaster; northeasterly; northeastern; northeastward; southeast; southeaster; southeasterly; southeastern; southeastward,17,không có (hoặc chưa xác định),không có biến thể đáng chú ý,Ngôn ngữ hằng ngày,Bản đồ và khu vực thế giới
eat,"to put food in your mouth, bite it and swallow it ",ăn,True,True,beefeater; eatable; eaten; eater; overeat; uneaten,6,không có (hoặc chưa xác định),không có biến thể đáng chú ý,Đời sống hằng ngày,Ăn uống
edge,"the outside limit of an object, a surface or an area; the part furthest from the centre","cạnh, bờ",True,True,edgewater; edgewise; edgier; edgiest; edgily; edgy,6,không có (hoặc chưa xác định),không có biến thể đáng chú ý,Khái niệm trừu tượng,Phạm vi và bộ phận
edit,"to prepare a piece of writing, a book, etc. to be published by correcting the mistakes, making improvements to it, etc.",biên tập,True,False,coeditors; edition; editor; editorial; editorialist; editorialize; editorially; editorship; subedit; subeditor,10,không có (hoặc chưa xác định),không có biến thể đáng chú ý,"Nghệ thuật, thiết kế và văn hóa",Thiết kế đồ họa
educate,"to teach somebody over a period of time at a school, university, etc.",giáo dục,True,False,coeducation; coeducational; education; educational; educationalist; educationally; educationist; educator; reeducate; reeducation; undereducated; uneducated,12,không có (hoặc chưa xác định),không có biến thể đáng chú ý,Học tập và giáo dục,Trường học
efficiency,the quality of doing something well with no waste of time or money,hiệu quả,True,False,inefficiency,1,không có (hoặc chưa xác định),không có biến thể đáng chú ý,Khái niệm trừu tượng,Đánh giá và giá trị
efficient,"doing something in a good, careful and complete way with no waste of time, money or energy",hiệu quả,True,False,efficiently; inefficient; inefficiently,3,không có (hoặc chưa xác định),không có biến thể đáng chú ý,Khái niệm trừu tượng,Đánh giá và giá trị
effort,an attempt to do something especially when it is difficult to do,nỗ lực,True,False,effortless; effortlessly; effortlessness,3,không có (hoặc chưa xác định),không có biến thể đáng chú ý,Khái niệm trừu tượng,Hành động và xử lý
egg,"a small oval object with a thin hard shell produced by a female bird and containing a young bird; a similar object (without a hard shell) produced by a female fish, insect, etc.",quả trứng,False,True,eggbeater; eggcup; egghead; eggplant; eggshell,5,không có (hoặc chưa xác định),không có biến thể đáng chú ý,Thực phẩm,Trứng
ego,your sense of your own value and importance,cái tôi,True,True,egoism; egoist; egoistic; egoistically; egotistical; egotrip; superego,7,không có (hoặc chưa xác định),không có biến thể đáng chú ý,Con người,Tính cách
eight,(không có định nghĩa trong Oxford 5000 - root này không phải headword độc lập),số tám,True,False,eighteen; eighteenth; eighth; eightieth; eightsome; eighty,6,không có (hoặc chưa xác định),không có biến thể đáng chú ý,Ngôn ngữ hằng ngày,Số đếm và số thứ tự
elbow,the joint between the upper and lower parts of the arm where it bends in the middle,khuỷu tay,False,True,elbowroom,1,không có (hoặc chưa xác định),không có biến thể đáng chú ý,Con người,Cơ thể
electr,(không có định nghĩa trong Oxford 5000 - root này không phải headword độc lập),điện (gốc từ),True,True,election; electioneer; elective; elector; electoral; electorate; electric; electrical; electrically; electrician; electricity; electricly; electrification; electrify; electrode; electron; electronic; electronically; electronics; microelectronics; photoelectric; photoelectronic; reelected; reelection,24,không có (hoặc chưa xác định),không có biến thể đáng chú ý,"Khoa học, công nghệ và kỹ thuật",Điện
elegant,attractive and showing a good sense of style,thanh lịch,True,False,elegantly; inelegant; inelegantly,3,không có (hoặc chưa xác định),không có biến thể đáng chú ý,Ngoại hình và trang phục,Kích cỡ và kiểu dáng
element,a necessary or typical part of something; one of several parts that something contains,yếu tố,True,False,elemental,1,không có (hoặc chưa xác định),không có biến thể đáng chú ý,"Khoa học, công nghệ và kỹ thuật",Hóa học
elephant,"a very large animal with thick grey skin, large ears, two curved outer teeth called tusks and a long nose called a trunk. There are two types of elephant, the African and the Asian.",con voi,True,False,elephantiasis; elephantine,2,không có (hoặc chưa xác định),không có biến thể đáng chú ý,Môi trường và tự nhiên,Động vật có vú
elevate,"to give somebody/something a higher position or rank, often more important than they deserve ",nâng cao,True,False,elevation; elevator,2,không có (hoặc chưa xác định),không có biến thể đáng chú ý,Khái niệm trừu tượng,Thay đổi và phát sinh
eleven,11,số mười một,True,False,elevenses; eleventh,2,không có (hoặc chưa xác định),không có biến thể đáng chú ý,Ngôn ngữ hằng ngày,Số đếm và số thứ tự
elite,"a small group of people in a society, etc. who are powerful and have a lot of influence, because they are rich, intelligent, etc.",tinh hoa,True,False,elitism; elitist,2,không có (hoặc chưa xác định),không có biến thể đáng chú ý,Khái niệm trừu tượng,Đánh giá và giá trị
else,in addition to something already mentioned,khác,False,True,elsewhere,1,không có (hoặc chưa xác định),không có biến thể đáng chú ý,Ngữ pháp và hư từ,Trợ từ
embarrass,(không có định nghĩa trong Oxford 5000 - root này không phải headword độc lập),làm bối rối,True,False,embarrassingly; embarrassment,2,không có (hoặc chưa xác định),không có biến thể đáng chú ý,Con người,Cảm xúc
emphasis,special importance that is given to something,sự nhấn mạnh,True,False,overemphasis,1,không có (hoặc chưa xác định),không có biến thể đáng chú ý,Khái niệm trừu tượng,Đánh giá và giá trị
emphasize,to give special importance to something,nhấn mạnh,True,False,overemphasized,1,không có (hoặc chưa xác định),không có biến thể đáng chú ý,Khái niệm trừu tượng,Hành động và xử lý
empire,a group of countries or states that are controlled by one leader or government,đế quốc,True,False,imperative; imperatively; imperial; imperialism; imperialist; imperialistic; imperialistically; imperially; imperious; imperiously; imperiousness,11,không có (hoặc chưa xác định),không có biến thể đáng chú ý,"Nghệ thuật, thiết kế và văn hóa",Di sản và bảo tàng
employ,to give somebody a job to do for payment,"thuê, tuyển dụng",True,False,employable; employee; employer; employment; preemployment; unemployable; unemployed; unemployment,8,không có (hoặc chưa xác định),không có biến thể đáng chú ý,Nghề nghiệp và công việc,Tìm việc
empty,with no people or things inside,trống rỗng,True,False,emptier; emptiest; emptily; emptiness,4,không có (hoặc chưa xác định),không có biến thể đáng chú ý,Khái niệm trừu tượng,Tính chất khác
end,"the final part of a period of time, an event, an activity or a story",kết thúc,True,True,bookend; endgame; endless; endlessly; endpaper; endpoints; unending; unendingly; upend; weekend; weekender,11,không có (hoặc chưa xác định),không có biến thể đáng chú ý,Khái niệm trừu tượng,Thời gian và thứ tự
endorse,"to say publicly that you support a person, statement or course of action","chứng thực, ủng hộ",True,False,endorsement,1,không có (hoặc chưa xác định),không có biến thể đáng chú ý,Kinh doanh và tài chính,Sản phẩm và dịch vụ
endure,to experience and deal with something that is painful or unpleasant without giving up,chịu đựng,True,False,endurable; endurance; enduringly; unendurable,4,không có (hoặc chưa xác định),không có biến thể đáng chú ý,Con người,Cảm xúc
engage,to succeed in attracting and keeping somebody’s attention and interest,"tham gia, cam kết",True,False,disengage; disengagement; engagement; engagingly,4,không có (hoặc chưa xác định),không có biến thể đáng chú ý,Con người,Sự kiện đời người
engine,the part of a vehicle that produces power to make the vehicle move,động cơ,True,False,engineer,1,không có (hoặc chưa xác định),không có biến thể đáng chú ý,Giao thông,Cơ khí ô tô
enhance,"to increase or further improve the good quality, value or status of somebody/something",nâng cao,True,False,enhancement,1,không có (hoặc chưa xác định),không có biến thể đáng chú ý,Khái niệm trừu tượng,Thay đổi và phát sinh
enorm,(không có định nghĩa trong Oxford 5000 - root này không phải headword độc lập),to lớn (gốc từ),True,False,enormously; enormousness,2,không có (hoặc chưa xác định),không có biến thể đáng chú ý,Khái niệm trừu tượng,Mức độ và so sánh
enter,to come or go into something,đi vào,True,False,enteritis; entrance; entrant; entry; reentered,5,không có (hoặc chưa xác định),không có biến thể đáng chú ý,Ngôn ngữ hằng ngày,Giới từ và trạng từ chỉ nơi chốn
enterprise,a company or business,doanh nghiệp,True,False,enterprisingly,1,không có (hoặc chưa xác định),không có biến thể đáng chú ý,Kinh doanh và tài chính,Doanh nghiệp
entire,"including everything, everyone or every part ",toàn bộ,True,False,entirely; entirety,2,không có (hoặc chưa xác định),không có biến thể đáng chú ý,Khái niệm trừu tượng,Phạm vi và bộ phận
entity,something that exists separately from other things and has its own identity,thực thể,True,False,nonentity,1,không có (hoặc chưa xác định),không có biến thể đáng chú ý,Khái niệm trừu tượng,Tính chất khác
entrepreneur,"a person who makes money by starting or running businesses, especially when this involves taking financial risks",doanh nhân,True,False,entrepreneurial,1,không có (hoặc chưa xác định),không có biến thể đáng chú ý,Nghề nghiệp và công việc,Thông tin nghề nghiệp
episode,one part of a story that is broadcast on television or radio in several parts,"tập phim, giai đoạn",True,False,episodic; episodically,2,không có (hoặc chưa xác định),không có biến thể đáng chú ý,Giải trí và thời gian rảnh,Truyền hình
equip,to provide yourself/somebody/something with the things that are needed for a particular purpose or activity,trang bị,True,False,equipage; equipment,2,không có (hoặc chưa xác định),không có biến thể đáng chú ý,Thể thao,Trang thiết bị thể thao
erect,to build something,dựng đứng,True,False,erection; erectly; erectness,3,không có (hoặc chưa xác định),không có biến thể đáng chú ý,Nghề nghiệp và công việc,Nghề kỹ thuật và xây dựng
escalate,"to become greater, worse, more serious, etc.; to make something greater, worse, more serious, etc.",leo thang,True,False,escalation; escalator,2,không có (hoặc chưa xác định),không có biến thể đáng chú ý,Khái niệm trừu tượng,Thay đổi và phát sinh
escape,the act or a method of escaping from a place or an unpleasant or dangerous situation,trốn thoát,True,True,escapable; escapade; escapee; escapism; escapist; escapologist; escapology; inescapable; inescapably,9,không có (hoặc chưa xác định),không có biến thể đáng chú ý,"Pháp luật, an toàn và khẩn cấp",Sơ tán
essay,a short piece of writing by a student as part of a course of study,bài luận,True,False,essayist,1,không có (hoặc chưa xác định),không có biến thể đáng chú ý,Học tập và giáo dục,Bài tập
essence,"the most important quality or feature of something, that makes it what it is",bản chất,True,False,essential; essentially; inessential; quintessence; quintessential; quintessentially,6,không có (hoặc chưa xác định),không có biến thể đáng chú ý,Khái niệm trừu tượng,Tính chất khác
establish,"to start or create an organization, a system, etc. that is meant to last for a long time",thành lập,True,False,disestablish; disestablishment; establishment; reestablish,4,không có (hoặc chưa xác định),không có biến thể đáng chú ý,Kinh doanh và tài chính,Doanh nghiệp
eternal,without an end; existing or continuing forever,vĩnh cửu,True,False,eternally,1,không có (hoặc chưa xác định),không có biến thể đáng chú ý,Khái niệm trừu tượng,Thời gian và thứ tự
ethic,moral principles that control or influence a person’s behaviour,đạo đức,True,False,ethical; ethically; ethicist,3,không có (hoặc chưa xác định),không có biến thể đáng chú ý,Khái niệm trừu tượng,Đánh giá và giá trị
even,that can be divided exactly by two,"thậm chí, đều",True,True,evenly; evenness; evensong; uneven; unevenly; unevenness,6,không có (hoặc chưa xác định),không có biến thể đáng chú ý,Khái niệm trừu tượng,Mức độ và so sánh
event,"a thing that happens, especially something important",sự kiện,True,False,eventful; eventfully; eventual; eventuality; eventuate; evenutally; uneventful; uneventfully,8,không có (hoặc chưa xác định),không có biến thể đáng chú ý,Giải trí và thời gian rảnh,Sự kiện và lễ hội
ever,"used in negative sentences and questions, or sentences with if to mean ‘at any time’","từng, mãi mãi",True,True,evergreen; everlasting; everlastingly; evermore; evermounting; forever; however; howsoever; howsomever; whatever; whatsoever; whenever; wheresoever; wherever; whichever; whichsoever; whoever; whomever; whomsoever; whosoever,20,không có (hoặc chưa xác định),không có biến thể đáng chú ý,Khái niệm trừu tượng,Thời gian và thứ tự
every,used with singular nouns to refer to all the members of a group of things or people,mỗi,False,True,everybody; everyday; everyone; everything; everywhere,5,không có (hoặc chưa xác định),không có biến thể đáng chú ý,Ngữ pháp và hư từ,Lượng từ
evidence,"the facts, signs or objects that make you believe that something is true",bằng chứng,True,False,evidential,1,không có (hoặc chưa xác định),không có biến thể đáng chú ý,"Pháp luật, an toàn và khẩn cấp",Tội phạm và điều tra
evident,clear; easily seen,rõ ràng,True,False,evidently,1,không có (hoặc chưa xác định),không có biến thể đáng chú ý,Khái niệm trừu tượng,Nhận thức và ý nghĩa
evil,enjoying harming others; morally bad and cruel,tà ác,True,True,evildoer; evilly,2,không có (hoặc chưa xác định),không có biến thể đáng chú ý,Khái niệm trừu tượng,Đánh giá và giá trị
evoke,"to bring a feeling, a memory or an image into your mind",gợi lên,True,False,evocation; evocative,2,không có (hoặc chưa xác định),không có biến thể đáng chú ý,Con người,Cảm xúc
exact,correct in every detail,chính xác,True,False,exaction; exactitude; exactly; exactness; inexact; inexactitude; inexactness,7,không có (hoặc chưa xác định),không có biến thể đáng chú ý,Khái niệm trừu tượng,Đánh giá và giá trị
exaggerate,"to make something seem larger, better, worse or more important than it really is",phóng đại,True,False,exaggeratedly; exaggeration,2,không có (hoặc chưa xác định),không có biến thể đáng chú ý,Con người,Tính cách
examine,"to consider or study an idea, a subject, etc. very carefully","kiểm tra, xem xét",True,False,examination; examiner; reexamination; reexamine; unexamined,5,không có (hoặc chưa xác định),không có biến thể đáng chú ý,Học tập và giáo dục,Bài kiểm tra
example,"something such as an object, a fact or a situation that shows, explains or supports what you say",ví dụ,True,False,exemplar; exemplary; exemplification; exemplify; unexampled,5,không có (hoặc chưa xác định),không có biến thể đáng chú ý,Học tập và giáo dục,Nghiên cứu
exceed,to be greater than a particular number or amount,vượt quá,True,False,exceedingly,1,không có (hoặc chưa xác định),không có biến thể đáng chú ý,Khái niệm trừu tượng,Mức độ và so sánh
excite,(không có định nghĩa trong Oxford 5000 - root này không phải headword độc lập),"kích thích, hào hứng",True,False,excitability; excitable; excitatory; excitedly; excitement; overexcited,6,không có (hoặc chưa xác định),không có biến thể đáng chú ý,Con người,Cảm xúc
excuse,"a reason, either true or invented, that you give to explain or defend your behaviour","lời xin lỗi, biện hộ",True,False,excusable; excusably; inexcusable; inexcusably,4,không có (hoặc chưa xác định),không có biến thể đáng chú ý,Ngôn ngữ hằng ngày,"Cảm ơn, xin lỗi và phép lịch sự"
execute,"to kill somebody, especially as a legal punishment",thực thi,True,False,execution; executioner; executive; executor,4,không có (hoặc chưa xác định),không có biến thể đáng chú ý,"Khoa học, công nghệ và kỹ thuật",Phần mềm
exert,to use power or influence to affect somebody/something,"nỗ lực, gây áp lực",True,False,exertion,1,không có (hoặc chưa xác định),không có biến thể đáng chú ý,Khái niệm trừu tượng,Hành động và xử lý
exist,to be real; to be present in a place or situation,tồn tại,True,False,coexist; coexistence; coexistent; existence; existent; existential; existentialism; existentialist; nonexistent,9,không có (hoặc chưa xác định),không có biến thể đáng chú ý,Khái niệm trừu tượng,Tính chất khác
expand,"to become greater in size, number or importance; to make something greater in size, number or importance",mở rộng,True,False,expandable; expansion; expansionist; expansive; expansively; expansiveness,6,không có (hoặc chưa xác định),không có biến thể đáng chú ý,Khái niệm trừu tượng,Thay đổi và phát sinh
expect,to think or believe that something will happen or that somebody will do something,mong đợi,True,False,expectable; expectance; expectancy; expectant; expectantly; expectation; expectedly; unexpected; unexpectedly,9,không có (hoặc chưa xác định),không có biến thể đáng chú ý,Con người,Cảm xúc
expense,the money that you spend on something,chi phí,True,False,expensive; expensively; inexpensive; inexpensively,4,không có (hoặc chưa xác định),không có biến thể đáng chú ý,Kinh doanh và tài chính,Chi phí sinh hoạt
experience,the knowledge and skill that you have gained through doing something for a period of time; the process of gaining this,kinh nghiệm,True,False,experiential; experientially; inexperience,3,không có (hoặc chưa xác định),không có biến thể đáng chú ý,Nghề nghiệp và công việc,Thông tin nghề nghiệp
experiment,a scientific test that is done in order to study what happens and to gain new knowledge,thí nghiệm,True,False,experimental; experimentalism; experimentally; experimentation; experimenter,5,không có (hoặc chưa xác định),không có biến thể đáng chú ý,"Khoa học, công nghệ và kỹ thuật",Phòng thí nghiệm
expert,"done with, having or involving great knowledge or skill",chuyên gia,True,False,expertise; expertly; expertness; inexpert; inexpertly,5,không có (hoặc chưa xác định),không có biến thể đáng chú ý,Nghề nghiệp và công việc,Thông tin nghề nghiệp
expire,to be no longer legally acceptable because the period of time for which it could be used has ended,hết hạn,True,False,expiration; expiry,2,không có (hoặc chưa xác định),không có biến thể đáng chú ý,Kinh doanh và tài chính,Hợp đồng
explain,to tell somebody about something in a way that makes it easy to understand,giải thích,True,False,explainer; explanation; explanatory; explicable; explicably; inexplicability; inexplicable; inexplicably; unexplainable; unexplained,10,không có (hoặc chưa xác định),không có biến thể đáng chú ý,Học tập và giáo dục,Lớp học
explicit,"clear and easy to understand, so that you have no doubt what is meant","rõ ràng, tường minh",True,False,explicitly; explicitness,2,không có (hoặc chưa xác định),không có biến thể đáng chú ý,Khái niệm trừu tượng,Nhận thức và ý nghĩa
exploit,to treat a person or situation as an opportunity to gain an advantage for yourself,khai thác,True,False,exploitation; exploiter; overexploitation; overexploited,4,không có (hoặc chưa xác định),không có biến thể đáng chú ý,Khái niệm trừu tượng,Hành động và xử lý
explore,to travel to or around an area or a country in order to learn about it,khám phá,True,False,exploration; explorative; exploratory; explorer; unexplored,5,không có (hoặc chưa xác định),không có biến thể đáng chú ý,Du lịch và lưu trú,Tham quan
extreme,very great in degree,cực đoan,True,False,extremely; extremism; extremist; extremity,4,không có (hoặc chưa xác định),không có biến thể đáng chú ý,Khái niệm trừu tượng,Mức độ và so sánh
eye,either of the two organs on the face that you see with,mắt,True,True,bugeyed; crosseyed; eyeball; eyebath; eyecatching; eyedrop; eyeful; eyeglass; eyeless; eyelet; eyeliner; eyepiece; eyesight; eyestrain; eyewash; eyewitness,16,không có (hoặc chưa xác định),không có biến thể đáng chú ý,Con người,Khuôn mặt
fabric,"material made by weaving wool, cotton, silk, etc., used for making clothes, curtains, etc. and for covering furniture","vải, cấu trúc",True,False,fabricate; fabrication; fabrications; prefabricate; prefabrication,5,không có (hoặc chưa xác định),không có biến thể đáng chú ý,Ngoại hình và trang phục,Chất liệu vải
face,"the front part of the head, where the eyes, nose and mouth are ","khuôn mặt, đối mặt",True,True,barefaced; barefacedly; boldface; coalface; deface; defacement; efface; effacement; facecloth; faceless; facer; facial; facially; ineffaceable; interface; interfacial; outface; paleface; preface; selfeffacing; shamefaced; shamefacedly; twofaced; typeface; whiteface,25,không có (hoặc chưa xác định),không có biến thể đáng chú ý,Con người,Khuôn mặt
facilitate,to make an action or a process possible or easier,tạo điều kiện,True,False,facilitation,1,không có (hoặc chưa xác định),không có biến thể đáng chú ý,Khái niệm trừu tượng,Quan hệ và ảnh hưởng
fact,"a thing that is known to be true, especially when it can be proved",sự thật,True,True,cofactors; faction; factious; factor; factorize; factory; factual; factually; feasibility; feasible; feasibly; malefactor,12,không có (hoặc chưa xác định),không có biến thể đáng chú ý,Khái niệm trừu tượng,Nhận thức và ý nghĩa
fade,to become or to make something become paler or less bright,phai mờ,False,True,fadeout,1,không có (hoặc chưa xác định),không có biến thể đáng chú ý,"Nghệ thuật, thiết kế và văn hóa",Màu sắc
fail,to not be successful in achieving something,thất bại,True,False,failingly; failure; unfailing; unfailingly,4,không có (hoặc chưa xác định),không có biến thể đáng chú ý,Học tập và giáo dục,Bài kiểm tra
fair,acceptable and appropriate in a particular situation,"công bằng, hội chợ",True,True,fairbrothers; fairchild; fairer; fairest; fairgoers; fairground; fairish; fairly; fairness; fairview; fairway; funfair; mayfair; pickfair; unfair; unfairly; unfairness,17,không có (hoặc chưa xác định),không có biến thể đáng chú ý,Giải trí và thời gian rảnh,Sự kiện và lễ hội
faith,trust in somebody’s ability or knowledge; trust that somebody/something will do what has been promised,"niềm tin, đức tin",True,False,faithful; faithfully; faithfulness; faithless; faithlessly; faithlessness; interfaith; unfaithful; unfaithfully; unfaithfulness,10,không có (hoặc chưa xác định),không có biến thể đáng chú ý,"Nghệ thuật, thiết kế và văn hóa",Tôn giáo và nơi thờ tự
fake,not what somebody claims it is; appearing to be something it is not,giả mạo,True,False,faker,1,không có (hoặc chưa xác định),không có biến thể đáng chú ý,Khái niệm trừu tượng,Đánh giá và giá trị
fall,an act of falling,"rơi, mùa thu",True,True,befall; befallen; chopfallen; downfall; fallacious; fallaciously; fallacy; fallen; falloff; fallout; footfall; landfall; nightfall; outfall; pitfall; rainfall; shortfall; snowfall; waterfall; windfall,20,không có (hoặc chưa xác định),không có biến thể đáng chú ý,Môi trường và tự nhiên,Các mùa
fame,the state of being known and talked about by many people,danh tiếng,True,False,defamation; defamatory; defame; famous; famously; infamous; infamy,7,không có (hoặc chưa xác định),không có biến thể đáng chú ý,Khái niệm trừu tượng,Đánh giá và giá trị
family,connected with the family or a particular family,gia đình,True,False,familial; familiar; familiarity; familiarize; familiarly; familiarness; familism; unfamiliar,8,không có (hoặc chưa xác định),không có biến thể đáng chú ý,Con người,Gia đình
fan,a person who admires somebody/something or enjoys watching or listening to somebody/something very much,"quạt, người hâm mộ",False,True,fanlight,1,không có (hoặc chưa xác định),không có biến thể đáng chú ý,Thể thao,Thể thao chung
fancy,"unusually complicated, often in an unnecessary way; intended to impress other people","ưa thích, sang trọng",True,True,fancier; fanciest; fanciful; fancifully; fancily; fancywork,6,không có (hoặc chưa xác định),không có biến thể đáng chú ý,Khái niệm trừu tượng,Đánh giá và giá trị
fantasy,a pleasant situation that you imagine but that is unlikely to happen,tưởng tượng,True,False,fantasia; fantasist; fantastic; fantastical; fantastically,5,không có (hoặc chưa xác định),không có biến thể đáng chú ý,Con người,Cảm xúc
far,at a greater distance away from you,xa,False,True,faraway; farsighted; insofar,3,không có (hoặc chưa xác định),không có biến thể đáng chú ý,Ngôn ngữ hằng ngày,Giới từ và trạng từ chỉ nơi chốn
fare,"the money that you pay to travel by bus, plane, taxi, etc.",giá vé,False,True,seafarers; seafaring; thoroughfare; warfare; wayfarer; wayfaring,6,không có (hoặc chưa xác định),không có biến thể đáng chú ý,Giao thông,Taxi và gọi xe
farm,"an area of land, and the buildings on it, used for growing crops and/or keeping animals",trang trại,True,True,farmer; farmhand; farmhouse; farmland; farmwife's; farmyard,6,không có (hoặc chưa xác định),không có biến thể đáng chú ý,Môi trường và tự nhiên,Nông nghiệp
fascinate,(không có định nghĩa trong Oxford 5000 - root này không phải headword độc lập),mê hoặc,True,False,fascination,1,không có (hoặc chưa xác định),không có biến thể đáng chú ý,Con người,Cảm xúc
fashion,"a popular style of clothes, hair, etc. at a particular time or place; the state of being popular",thời trang,True,False,fashionable; fashionably; refashion,3,không có (hoặc chưa xác định),không có biến thể đáng chú ý,Ngoại hình và trang phục,Kích cỡ và kiểu dáng
fast,moving or able to move quickly,"nhanh, nhịn ăn",True,True,bedfast; breakfast; colourfast; colourfastness; fasten; fastener; fasteners; faster; fastest; fastness; unfastened,11,không có (hoặc chưa xác định),không có biến thể đáng chú ý,Khái niệm trừu tượng,Mức độ và so sánh
fat,having too much flesh on it and weighing too much,"béo, mỡ",True,True,butterfat; fatboy; fathead; fatless; fatness; fatten; fatter; fattest; fattier; fattiest; fattiness; fattish; fatty,13,không có (hoặc chưa xác định),không có biến thể đáng chú ý,Sức khỏe,Cơ thể và sức khỏe
fate,"the things, especially bad things, that will happen or have happened to somebody/something",số phận,True,False,fatal; fatalism; fatalist; fatalistic; fatality; fatally; fateful; fatefully,8,không có (hoặc chưa xác định),không có biến thể đáng chú ý,Khái niệm trừu tượng,Nguyên nhân và mục đích
father,a male parent of a child or an animal; a person who is acting as the father to a child,cha,True,True,fatherhood; fatherland; fatherless; fatherliness; fatherly; forefather; godfather; grandfather; housefather; stepfather,10,không có (hoặc chưa xác định),không có biến thể đáng chú ý,Con người,Gia đình
fault,the responsibility for something wrong that has happened or been done,lỗi lầm,True,True,faultfinder; faultfinding; faultier; faultiest; faultily; faultless; faultlessly; faultlessness; faulty; footfault,10,không có (hoặc chưa xác định),không có biến thể đáng chú ý,Khái niệm trừu tượng,Đánh giá và giá trị
favour,a thing that you do to help somebody,sự ưu ái,True,False,disfavour; favourable; favourably; favourite; favouritism; unfavourable; unfavourably,7,không có (hoặc chưa xác định),favor (Mỹ),Con người,Mối quan hệ
fear,the bad feeling that you have when you are in danger or when a particular thing frightens you,sợ hãi,True,True,fearful; fearfully; fearfulness; fearless; fearlessly; fearlessness; fearsome; godfearing,8,không có (hoặc chưa xác định),không có biến thể đáng chú ý,Con người,Cảm xúc
feather,one of the many soft light parts covering a bird’s body,lông vũ,True,True,featherbed; featherbrained; feathertop; featherweight; feathery,5,không có (hoặc chưa xác định),không có biến thể đáng chú ý,Môi trường và tự nhiên,Chim
feature,"something important, interesting or typical of a place or thing",đặc điểm,True,False,featureless,1,không có (hoặc chưa xác định),không có biến thể đáng chú ý,Khái niệm trừu tượng,Tính chất khác
feed,a meal of milk for a young baby; a meal for an animal,cho ăn,True,True,breastfeed; feedback; feedbag; feeder; overfeed; spoonfeed,6,không có (hoặc chưa xác định),không có biến thể đáng chú ý,Đời sống hằng ngày,Chăm sóc trẻ nhỏ
feel,the feeling you get when you touch something or are touched,cảm thấy,True,False,feeler; feelingly; unfeeling; unfeelingly,4,không có (hoặc chưa xác định),không có biến thể đáng chú ý,Con người,Cảm xúc
fellow,"used to describe somebody who is the same as you in some way, or in the same situation","đồng nghiệp, gã",True,True,bedfellow; fellowship; longfellow; playfellow; schoolfellow,5,không có (hoặc chưa xác định),không có biến thể đáng chú ý,Con người,Mối quan hệ
fence,"a structure made of wood or wire supported with posts that is put between two areas of land as a boundary, or around a garden, field, etc. to keep animals in, or to keep people and animals out",hàng rào,True,False,fencer; unfenced,2,không có (hoặc chưa xác định),không có biến thể đáng chú ý,Nhà cửa,Vườn sân trong
fever,a medical condition in which a person has a temperature that is higher than normal,sốt,True,False,feverish; feverishly,2,không có (hoặc chưa xác định),không có biến thể đáng chú ý,Sức khỏe,Triệu chứng
few,"used with plural nouns and a plural verb to mean ‘a small number’, ‘some’","ít, một vài",True,False,fewer; fewest,2,không có (hoặc chưa xác định),không có biến thể đáng chú ý,Ngữ pháp và hư từ,Lượng từ
fibre,the part of food that helps to keep a person healthy by keeping the bowels working and moving other food quickly through the body,sợi,False,True,fibreboard; fibreglass,2,không có (hoặc chưa xác định),fiber (Mỹ),Thực phẩm,Ngũ cốc
field,"an area of land in the country used for growing crops or keeping animals in, usually surrounded by a fence, etc.","cánh đồng, lĩnh vực",True,True,afield; airfield; ballfields; battlefield; coalfield; fielder; fieldmouse; fieldstone; fieldwork; infield; infielder; infields; minefield; oilfield; outfielder; plainfield; snowfield,17,không có (hoặc chưa xác định),không có biến thể đáng chú ý,Thể thao,Sân thi đấu
fierce,angry and aggressive in a way that is frightening,dữ dội,True,False,fiercely; fierceness; fiercer; fiercest,4,không có (hoặc chưa xác định),không có biến thể đáng chú ý,Con người,Tính cách
fight,a struggle against somebody/something using physical force,chiến đấu,True,True,dogfight; fighter; gunfighter; gunfights; infighting; outfight; prizefighter; prizefighting,8,không có (hoặc chưa xác định),không có biến thể đáng chú ý,Thể thao,Thể thao đối kháng
figure,"a number representing a particular amount, especially one given in official information","con số, hình dáng",True,True,configuration; disfigure; disfigurement; figural; figurative; figuratively; figurehead; figurine; multifigure; prefigure; subfigures; transfiguration; transfigure,13,không có (hoặc chưa xác định),không có biến thể đáng chú ý,"Khoa học, công nghệ và kỹ thuật",Đo lường
fill,to make something full of something; to become full of something,lấp đầy,True,False,filler; fulfill; fulfillment; overfill; refill; unfulfilled,6,không có (hoặc chưa xác định),không có biến thể đáng chú ý,Khái niệm trừu tượng,Hành động và xử lý
film,"a series of moving pictures recorded with sound that tells a story, watched at a cinema or on a television or other device",phim,True,True,filmable; filmdom; filmier; filmiest; filminess; filmstrip; filmy; microfilm,8,không có (hoặc chưa xác định),không có biến thể đáng chú ý,Giải trí và thời gian rảnh,Phim và rạp chiếu
filter,"a device containing paper, sand, chemicals, etc. that a liquid or gas is passed through in order to remove any materials that are not wanted",bộ lọc,True,False,filtrate; filtration; infiltrate; infiltration; infiltrator,5,không có (hoặc chưa xác định),không có biến thể đáng chú ý,"Khoa học, công nghệ và kỹ thuật",Phần cứng máy tính
final,"being or happening at the end of a series of events, actions, statements, etc.",cuối cùng,True,True,finalist; finality; finalize; finally; quarterfinal; semifinal; semifinalist,7,không có (hoặc chưa xác định),không có biến thể đáng chú ý,Thể thao,Luật thi đấu
finance,"money used to run a business, an activity or a project",tài chính,True,False,financial; financially; financier; refinance,4,không có (hoặc chưa xác định),không có biến thể đáng chú ý,Kinh doanh và tài chính,Đầu tư
find,to discover somebody/something unexpectedly or by chance,tìm thấy,True,True,faultfinder; faultfinding; finder; findsome; pathfinder; viewfinder,6,không có (hoặc chưa xác định),không có biến thể đáng chú ý,Khái niệm trừu tượng,Nhận thức và ý nghĩa
fine,in good health,"tốt đẹp, tiền phạt",True,False,confine; confinement; finely; fineness; finer; finery; finest; superfine,8,không có (hoặc chưa xác định),không có biến thể đáng chú ý,"Pháp luật, an toàn và khẩn cấp",Tòa án
finger,"one of the four long thin parts that stick out from the hand (or five, if the thumb is included)",ngón tay,True,True,butterfingers; fingerboard; fingernail; fingerplate; fingerpost; fingerprint; fingertip; forefinger,8,không có (hoặc chưa xác định),không có biến thể đáng chú ý,Con người,Bàn tay và bàn chân
finish,the last part or the end of something,hoàn thành,True,False,finisher; unfinished,2,không có (hoặc chưa xác định),không có biến thể đáng chú ý,Khái niệm trừu tượng,Thời gian và thứ tự
fire,"the flames, light and heat, and often smoke, that are produced when something burns","lửa, sa thải",True,True,afire; backfire; brushfire; campfire; cookfire; crossfire; fierier; fieriest; fierily; fieriness; fiery; firearm; fireball; firebird; firebomb; firebrand; firebreak; firebrick; firebug; firecracker; firedog; firefly; fireguard; firehouses; firelight; firelighter; fireman; fireplace; firepower; fireproof; fireside; firestone; firewatcher; firewatching; firewater; firewood; firework; grassfire; gunfire; hellfire; misfire; surefire; unfired; wildfire,44,không có (hoặc chưa xác định),không có biến thể đáng chú ý,"Pháp luật, an toàn và khẩn cấp",Hỏa hoạn
firm,fairly hard; not easy to press into a different shape,"công ty, chắc chắn",True,False,affirm; affirmation; affirmative; affirmatively; confirm; confirmation; firmer; firmest; firmly; firmness; infirm; infirmary; infirmity; reaffirm; reaffirmation,15,không có (hoặc chưa xác định),không có biến thể đáng chú ý,Kinh doanh và tài chính,Doanh nghiệp
first,before anyone or anything else; at the beginning,đầu tiên,True,True,firstborn; firstfruits; firsthand; firstly,4,không có (hoặc chưa xác định),không có biến thể đáng chú ý,Ngôn ngữ hằng ngày,Số đếm và số thứ tự
fish,"a creature that lives in water, breathes through gills, and uses fins and a tail for swimming",cá,True,True,blowfish; bluefish; catfish; dogfish; fishbone; fishcake; fisher; fisherman; fishery; fishier; fishiest; fishpond; fishwife; fishy; flatfish; goldfish; kingfisher; shellfish; starfish; sunfish; swordfish,21,không có (hoặc chưa xác định),không có biến thể đáng chú ý,Thực phẩm,Cá
fit,"healthy and strong, especially because you do regular physical exercise","vừa vặn, thể lực",True,False,befit; befittingly; fitful; fitfully; fitly; fitment; fitness; fitter; fittest; misfit; outfit; outfitter; refit; unfit,14,không có (hoặc chưa xác định),không có biến thể đáng chú ý,Sức khỏe,Cơ thể và sức khỏe
five,5,số năm,True,True,fifteen; fifteens; fifteenth; fifteenths; fifth; fifthly; fiftieth; fifty; fivefold; fiver,10,không có (hoặc chưa xác định),không có biến thể đáng chú ý,Ngôn ngữ hằng ngày,Số đếm và số thứ tự
fix,"a solution to a problem, especially an easy or temporary one",sửa chữa,True,False,fixate; fixation; fixations; fixative; fixedly; fixers; fixity; fixture; prefix; transfix; unfixed,11,không có (hoặc chưa xác định),không có biến thể đáng chú ý,Nhà cửa,Sửa chữa và bảo trì
flag,"a piece of cloth with a special coloured design on it that may be the symbol of a particular country or organization, may be used to give a signal or may have a particular meaning. A flag can be attached to a pole (= a long thin straight piece of wood or metal) or held in the hand.",lá cờ,True,True,flagpole; flagship; flagstaff; flagstone; unflagging; unflaggingly,6,không có (hoặc chưa xác định),không có biến thể đáng chú ý,"Nghệ thuật, thiết kế và văn hóa",Biểu tượng và biển hiệu
flame,a hot bright stream of burning gas that comes from something that is on fire,ngọn lửa,True,True,aflame; flamethrower; flammable; inflame; inflammable; inflammation; inflammations; inflammatory; nonflammable; noninflammable,10,không có (hoặc chưa xác định),không có biến thể đáng chú ý,"Pháp luật, an toàn và khẩn cấp",Hỏa hoạn
flash,a sudden bright light that shines for a moment and then disappears,ánh sáng lóe lên,True,True,flashback; flasher; flashier; flashiest; flashily; flashiness; flashlight; flashpoint; flashy; newsflash; photoflash,11,không có (hoặc chưa xác định),không có biến thể đáng chú ý,Giải trí và thời gian rảnh,Máy ảnh
flat,"having a level surface, not curved or sloping, and without holes or any bits sticking out","phẳng, căn hộ",True,True,flatfish; flatfoot; flathead; flatiron; flatland; flatlet; flatly; flatness; flatten; flattest; mudflat,11,không có (hoặc chưa xác định),không có biến thể đáng chú ý,Nhà cửa,Các loại nhà
flavor,(không có định nghĩa trong Oxford 5000 - root này không phải headword độc lập),hương vị,True,False,flavourless,1,không có (hoặc chưa xác định),không có biến thể đáng chú ý,Thực phẩm,Gia vị
flaw,a mistake in something that means that it is not correct or does not work correctly,khuyết điểm,True,False,flawless; flawlessly,2,không có (hoặc chưa xác định),không có biến thể đáng chú ý,Khái niệm trừu tượng,Đánh giá và giá trị
fleet,a group of military ships commanded by the same person,hạm đội,True,False,fleeter; fleetingly; fleetness,3,không có (hoặc chưa xác định),không có biến thể đáng chú ý,Giao thông,Xe tải và vận chuyển
flesh,the soft substance between the skin and bones of animal or human bodies,thịt (cơ thể),True,True,fleshier; fleshiest; fleshly; fleshpot; fleshy; horseflesh,6,không có (hoặc chưa xác định),không có biến thể đáng chú ý,Con người,Cơ thể
flight,"a journey made by air, especially in a plane",chuyến bay,True,False,flightier; flightiness; flightless; flighty; preflight,5,không có (hoặc chưa xác định),không có biến thể đáng chú ý,Giao thông,Máy bay
float,to move slowly on water or in the air,nổi,True,False,afloat; floater; flotation; refloat,4,không có (hoặc chưa xác định),không có biến thể đáng chú ý,Môi trường và tự nhiên,"Sông, hồ và thác nước"
flood,a large amount of water covering an area that is usually dry,lũ lụt,False,True,floodgate; floodheads; floodlight; photofloodlights,4,không có (hoặc chưa xác định),không có biến thể đáng chú ý,"Pháp luật, an toàn và khẩn cấp",Bão lũ
floor,the surface of a room that you walk on,sàn nhà,True,True,floorboard; floorwalker; underfloor,3,không có (hoặc chưa xác định),không có biến thể đáng chú ý,Nhà cửa,Ngôi nhà
flour,"a fine white or brown powder made from grain, especially wheat, and used in cooking for making bread, cakes, etc.",bột mì,True,True,flourier; flourmill; floury,3,flower: flour = bột mì; flower = hoa,không có biến thể đáng chú ý,Thực phẩm,Bánh mì và bột
flourish,to develop quickly and become successful or common,phát triển mạnh,True,False,flourishingly,1,không có (hoặc chưa xác định),không có biến thể đáng chú ý,Môi trường và tự nhiên,Cây
flow,the steady and continuous movement of something/somebody in one direction,dòng chảy,True,True,airflow; counterflow; flowchart; flowingly; flown; highflown; inflow; outflow; overflow; overflown; waterflows,11,không có (hoặc chưa xác định),không có biến thể đáng chú ý,Môi trường và tự nhiên,"Sông, hồ và thác nước"
flower,the coloured part of a plant from which the seed or fruit develops. Flowers usually grow at the end of a stem and last only a short time.,hoa,True,True,bellflower; deflower; flowerbed; flowerier; flowerless; flowerpot; flowery; mayflower; moonflower; sunflower; wallflower,11,flour: flour = bột mì; flower = hoa,không có biến thể đáng chú ý,Môi trường và tự nhiên,Cây có hoa
flu,"a serious disease caused by a virus, that causes a high temperature, severe pains and weakness",cúm,True,False,affluence; affluent; confluence; fluency; fluent; fluently; influence; influential; influentially; mellifluous; superfluity; superfluous; superfluously; superfluousness; uninfluenced,15,không có (hoặc chưa xác định),không có biến thể đáng chú ý,Sức khỏe,Bệnh tật
fluid,a liquid; a substance that can flow,chất lỏng,True,False,fluidity,1,không có (hoặc chưa xác định),không có biến thể đáng chú ý,"Khoa học, công nghệ và kỹ thuật",Hóa học
fly,a small flying insect with two wings. There are many different types of fly and many of them spread disease.,"bay, ruồi",True,True,barflies; blowfly; butterfly; firefly; flier; flyaway; flyblew; flybys; flycatcher; flyleaf; flyover; flypaper; flypast; flyways; flyweight; flywheel; greenfly; highflyer; highflying; horsefly; housefly; mayfly; overfly,23,không có (hoặc chưa xác định),không có biến thể đáng chú ý,Môi trường và tự nhiên,Động vật không xương sống
fold,"a part of something, especially cloth, that is folded or hangs as if it had been folded",gấp lại,True,True,billfold; blindfold; enfold; foldaway; folder; refolded; sheepfold; skinfolds; unfold,9,không có (hoặc chưa xác định),không có biến thể đáng chú ý,Ngoại hình và trang phục,Giặt và bảo quản quần áo
folk,traditional and typical of the ordinary people of a country or community,"người dân, dân gian",True,True,folklike; folksier; folksongs; folksy; folktale; gentlefolk; homefolk; norfolk; townsfolk,9,không có (hoặc chưa xác định),không có biến thể đáng chú ý,"Nghệ thuật, thiết kế và văn hóa",Văn hóa và lễ hội
follow,to come or go after or behind somebody/something,theo sau,True,False,follower; followeth,2,không có (hoặc chưa xác định),không có biến thể đáng chú ý,Giải trí và thời gian rảnh,Mạng xã hội
fond,"having warm or loving feelings for somebody, especially somebody you have known for a long time",yêu thích,True,False,fonder; fondest; fondly; fondness,4,không có (hoặc chưa xác định),không có biến thể đáng chú ý,Con người,Cảm xúc
food,things that people or animals eat,thức ăn,True,True,foodless; foodstuff; nonfood; seafood,4,không có (hoặc chưa xác định),không có biến thể đáng chú ý,Thực phẩm,An toàn thực phẩm
fool,a person who you think behaves or speaks in a way that lacks intelligence or good judgement,kẻ ngốc,True,True,foolery; foolhardiness; foolhardy; foolish; foolishly; foolishness; foolproof,7,không có (hoặc chưa xác định),không có biến thể đáng chú ý,Con người,Tính cách
foot,"the lowest part of the leg, below the ankle, on which a person or an animal stands",bàn chân,True,True,afoot; barefoot; clubfoot; flatfoot; footage; football; footballer; footboard; footbridge; footer; footfall; footfault; foothill; foothold; footlight; footloose; footman; footmark; footnote; footpad; footpath; footplate; footprint; footstep; footsure; footwear; footwork; forefoot; hotfoot; surefooted; surefootedly; surefootedness; tenderfoot; underfoot,34,không có (hoặc chưa xác định),feet (số nhiều bất quy tắc),Con người,Bàn tay và bàn chân
for,used to show who is intended to have or use something or where something is intended to be put,"cho, vì",True,False,forties; fortieth,2,không có (hoặc chưa xác định),không có biến thể đáng chú ý,Ngữ pháp và hư từ,Giới từ
forbid,to order somebody not to do something; to order that something must not be done,cấm đoán,True,False,forbidden; forbiddingly,2,không có (hoặc chưa xác định),không có biến thể đáng chú ý,"Pháp luật, an toàn và khẩn cấp",Cơ quan hành chính
force,violent physical action used to obtain or achieve something,"lực lượng, ép buộc",True,True,airforce; enforce; enforceable; enforcement; enforcers; forceful; forcefully; forcefulness; forcemeat; forcible; forcibly; reinforce; reinforcement,13,không có (hoặc chưa xác định),không có biến thể đáng chú ý,"Pháp luật, an toàn và khẩn cấp",Cảnh sát
foreign,in or from a country that is not your own,nước ngoài,True,False,foreigner,1,không có (hoặc chưa xác định),không có biến thể đáng chú ý,Ngôn ngữ hằng ngày,Bản đồ và khu vực thế giới
forest,a large area of land that is thickly covered with trees,rừng,True,False,afforest; afforestation; deforest; deforestation; disafforest; disafforestation; disforest; forester; forestry; reafforest; reafforestation; reforest; reforestation,13,không có (hoặc chưa xác định),không có biến thể đáng chú ý,Môi trường và tự nhiên,Rừng
forge,to put a lot of effort into making something successful or strong so that it will last,"rèn, giả mạo",True,False,forger; forgery,2,không có (hoặc chưa xác định),không có biến thể đáng chú ý,"Pháp luật, an toàn và khẩn cấp",Tội phạm và điều tra
forget,"to not remember to do something that you ought to do, or to bring or buy something that you ought to bring or buy",quên,True,False,forgetful; forgetfully; forgetfulness; forgettable; unforgettable; unforgettably,6,không có (hoặc chưa xác định),không có biến thể đáng chú ý,Con người,Tính cách
forgive,"to stop feeling angry with somebody who has done something to harm, annoy or upset you; to stop feeling angry with yourself",tha thứ,True,False,forgivable; forgivably; forgiven; forgiveness; forgivingly; unforgivable,6,không có (hoặc chưa xác định),không có biến thể đáng chú ý,Con người,Mối quan hệ
fork,"a tool with a handle and three or four sharp points (called prongs), used for picking up and eating food",cái nĩa,False,True,forklift; pitchfork; rockfork,3,không có (hoặc chưa xác định),không có biến thể đáng chú ý,Nhà cửa,Đồ nội thất
form,a type or variety of something,"hình dạng, biểu mẫu",True,True,conform; conformable; conformably; conformance; conformation; conformational; conformist; conformity; deform; deformation; deformations; deformity; formability; formation; formative; formatively; formbook; formless; formlessly; formlessness; malformation; malformations; malformed; nonconformist; nonconformity; reform; reformation; reformative; reformatory; reformer; transform; transformable; transformation; transformer; unformed; uniform; uniformity; uniformly,38,không có (hoặc chưa xác định),không có biến thể đáng chú ý,"Pháp luật, an toàn và khẩn cấp",Giấy tờ pháp lý
formal,very correct and suitable for official or important occasions,trang trọng,True,False,formalism; formalist; formality; formalization; formalize; formally; informal; informality; informally,9,không có (hoặc chưa xác định),không có biến thể đáng chú ý,Ngoại hình và trang phục,Quần áo công sở
former,that existed in earlier times,trước đây,True,False,formerly,1,không có (hoặc chưa xác định),không có biến thể đáng chú ý,Khái niệm trừu tượng,Thời gian và thứ tự
forth,away from a place; out,về phía trước,False,True,forthcoming; forthright; forthrightly; forthrightness; henceforth,5,không có (hoặc chưa xác định),không có biến thể đáng chú ý,Khái niệm trừu tượng,Thời gian và thứ tự
fortune,a large amount of money,"vận may, tài sản",True,False,fortunate; fortunately; misfortune; unfortunate; unfortunately,5,không có (hoặc chưa xác định),không có biến thể đáng chú ý,Khái niệm trừu tượng,Đánh giá và giá trị
forward,directed or moving towards the front,về phía trước,True,True,forwardly; forwardness; henceforward; straightforward; straightforwardly,5,không có (hoặc chưa xác định),không có biến thể đáng chú ý,Ngôn ngữ hằng ngày,Giới từ và trạng từ chỉ nơi chốn
fossil,the parts of a dead animal or a plant that have become hard and turned into rock,hóa thạch,True,False,fossilization; fossilize; microfossils,3,không có (hoặc chưa xác định),không có biến thể đáng chú ý,Môi trường và tự nhiên,Địa chất
found,"to start something, such as an organization or an institution, especially by providing money","thành lập, tìm thấy",True,True,confound; confoundedly; dumbfound; foundation; founder; foundling; newfound; unfounded,8,không có (hoặc chưa xác định),không có biến thể đáng chú ý,Kinh doanh và tài chính,Doanh nghiệp
four,(không có định nghĩa trong Oxford 5000 - root này không phải headword độc lập),số bốn,True,True,fourfold; foursome; foursquare; fourteen; fourteenth; fourteenths; fourth; fourthly,8,không có (hoặc chưa xác định),không có biến thể đáng chú ý,Ngôn ngữ hằng ngày,Số đếm và số thứ tự
fragile,easily broken or damaged,dễ vỡ,True,False,fragility,1,không có (hoặc chưa xác định),không có biến thể đáng chú ý,Khái niệm trừu tượng,Tính chất khác
fragment,a small part of something that has broken off or comes from something larger,mảnh vỡ,True,False,fragmental; fragmentarily; fragmentary; fragmentation,4,không có (hoặc chưa xác định),không có biến thể đáng chú ý,Khái niệm trừu tượng,Phạm vi và bộ phận
frame,"a strong border or structure of wood, metal, etc. that holds a picture, door, piece of glass, etc. in position",khung,True,True,airframe; doorframe; framer; framework,4,không có (hoặc chưa xác định),không có biến thể đáng chú ý,Nhà cửa,Trang trí nhà cửa
franchise,formal permission given by a company to somebody who wants to sell its goods or services in a particular area; formal permission given by a government to somebody who wants to operate a public service as a business,nhượng quyền,True,False,disenfranchise; disenfranchisement; disfranchise; disfranchisement; enfranchise; enfranchisement; franchisement,7,không có (hoặc chưa xác định),không có biến thể đáng chú ý,Kinh doanh và tài chính,Doanh nghiệp
fraud,the crime of cheating somebody in order to get money or goods illegally,gian lận,True,False,defraud; fraudulence; fraudulent; fraudulently,4,không có (hoặc chưa xác định),không có biến thể đáng chú ý,"Pháp luật, an toàn và khẩn cấp",Tội phạm và điều tra
free,without particular plans or arrangements; not busy,"tự do, miễn phí",True,True,carefree; freebie; freebooter; freeborn; freedom; freehand; freehold; freeholder; freeload; freeloader; freely; freer; freest; freestanding; freestone; freestyle; freethinker; freethinking; freeway; freewheel; freewheelers; icefree,22,không có (hoặc chưa xác định),không có biến thể đáng chú ý,Mua sắm,Khuyến mãi và giảm giá
freeze,"to become hard, and often turn to ice, as a result of extreme cold; to make something do this",đông lạnh,True,False,antifreeze; freezer,2,không có (hoặc chưa xác định),không có biến thể đáng chú ý,Thực phẩm,Thực phẩm đông lạnh
frequent,happening or doing something often,thường xuyên,True,False,frequently; infrequent; infrequently; unfrequented,4,không có (hoặc chưa xác định),không có biến thể đáng chú ý,Khái niệm trừu tượng,Thời gian và thứ tự
fresh,"recently produced or picked and not frozen, dried or preserved in tins or cans",tươi mới,True,True,freshborn; freshen; fresher; freshest; freshly; freshman; freshness; freshwater; refresh; refresher; refreshingly; refreshment,12,không có (hoặc chưa xác định),không có biến thể đáng chú ý,Thực phẩm,Bảo quản thực phẩm
friend,"a person you know well and like, and who is not usually a member of your family",bạn bè,True,True,befriend; boyfriend; friendless; friendlessness; friendlier; friendliest; friendlily; friendliness; friendly; friendship; girlfriend; unfriendly,12,không có (hoặc chưa xác định),không có biến thể đáng chú ý,Con người,Mối quan hệ
frog,"a small animal with smooth skin, that lives both on land and in water (= is an amphibian). Frogs have very long back legs for jumping, and no tail.",con ếch,True,True,froggy; frogman; frogmarch; leapfrog,4,không có (hoặc chưa xác định),không có biến thể đáng chú ý,Môi trường và tự nhiên,Lưỡng cư
from,used to show where somebody/something starts,từ,False,True,therefrom,1,không có (hoặc chưa xác định),không có biến thể đáng chú ý,Ngữ pháp và hư từ,Giới từ
front,on or at the front of something,phía trước,True,True,affront; battlefront; confront; confrontation; forefront; frontage; frontal; frontally; frontier; frontiersman; seafront; shirtfront; storefront; warfront; waterfront,15,không có (hoặc chưa xác định),không có biến thể đáng chú ý,Ngôn ngữ hằng ngày,Giới từ và trạng từ chỉ nơi chốn
fruit,"the part of a plant that consists of one or more seeds and a soft inner part, can be eaten as food and usually tastes sweet",trái cây,True,True,breadfruit; firstfruits; fructify; fruitcake; fruiterer; fruitful; fruitfully; fruitfulness; fruitier; fruitiest; fruition; fruitless; fruitlessly; fruitlessness; fruity; unfruitful,16,không có (hoặc chưa xác định),không có biến thể đáng chú ý,Thực phẩm,Trái cây
frustrate,(không có định nghĩa trong Oxford 5000 - root này không phải headword độc lập),"thất vọng, làm nản lòng",True,False,frustration,1,không có (hoặc chưa xác định),không có biến thể đáng chú ý,Con người,Cảm xúc
fry,to cook something in hot fat or oil; to be cooked in hot fat or oil,chiên,True,False,fryer,1,không có (hoặc chưa xác định),không có biến thể đáng chú ý,Đời sống hằng ngày,Nấu ăn
fuel,"any material that produces heat or power, usually when it is burnt",nhiên liệu,True,False,refuel,1,không có (hoặc chưa xác định),không có biến thể đáng chú ý,Giao thông,Trạm xăng
fulfil,to do or achieve what was hoped for or expected,"hoàn thành, thực hiện",True,False,fulfilment,1,không có (hoặc chưa xác định),không có biến thể đáng chú ý,Khái niệm trừu tượng,Hành động và xử lý
full,containing or holding as much or as many as possible; having no empty space,đầy đủ,True,True,fullback; fuller; fullest; fullness; fully; fulsomely; fulsomeness; regretfulness; skillfulness,9,không có (hoặc chưa xác định),không có biến thể đáng chú ý,Khái niệm trừu tượng,Mức độ và so sánh
fun,that you enjoy,vui vẻ,True,True,funfair; funnier; funniest; funnily; funniness; funny,6,không có (hoặc chưa xác định),không có biến thể đáng chú ý,Giải trí và thời gian rảnh,Hoạt động ngoài trời
function,a special activity or purpose of a person or thing,chức năng,True,False,functional; functionalism; functionalist; functionally; functionary; malfunction,6,không có (hoặc chưa xác định),không có biến thể đáng chú ý,"Khoa học, công nghệ và kỹ thuật",Phần mềm
fund,an amount of money that has been saved or has been made available for a particular purpose,"quỹ, tài trợ",True,False,refund,1,không có (hoặc chưa xác định),không có biến thể đáng chú ý,Kinh doanh và tài chính,Đầu tư
fur,the soft thick mass of hair that grows on the body of some animals,lông thú,True,False,furrier; furriers; furriest; furry,4,không có (hoặc chưa xác định),không có biến thể đáng chú ý,Môi trường và tự nhiên,Động vật có vú
further,more; additional,"xa hơn, hơn nữa",True,True,furtherance; furthermore; furthermost,3,không có (hoặc chưa xác định),không có biến thể đáng chú ý,Khái niệm trừu tượng,Mức độ và so sánh
future,taking place or existing at a time after the present,tương lai,True,False,futureless; futurism; futurist; futuristic; futuristically; futurity,6,không có (hoặc chưa xác định),không có biến thể đáng chú ý,Khái niệm trừu tượng,Thời gian và thứ tự
gain,"an increase in the amount of something, especially in wealth or weight",đạt được,True,True,gainer; gainful; gainfully; gainsay; regain; ungainliness; ungainly,7,không có (hoặc chưa xác định),không có biến thể đáng chú ý,Kinh doanh và tài chính,Đầu tư
gallon,"a unit for measuring liquid. In the UK, Canada and other countries it is equal to about 4.5 litres; in the US it is equal to about 3.8 litres. There are four quarts in a gallon.",gallon (đơn vị),True,False,gallonage,1,không có (hoặc chưa xác định),không có biến thể đáng chú ý,"Khoa học, công nghệ và kỹ thuật",Đo lường
gamble,(không có định nghĩa trong Oxford 5000 - root này không phải headword độc lập),đánh bạc,True,False,gambler,1,không có (hoặc chưa xác định),không có biến thể đáng chú ý,Giải trí và thời gian rảnh,Trò chơi bài
game,"an activity that you do to have fun, often one that has rules and that you can win or lose; the equipment for a game",trò chơi,True,True,endgame; gamekeeper; gamely; gamesmanship,4,không có (hoặc chưa xác định),không có biến thể đáng chú ý,Giải trí và thời gian rảnh,Trò chơi bàn
gang,an organized group of criminals,băng nhóm,True,True,gangland; gangster; gangway,3,không có (hoặc chưa xác định),không có biến thể đáng chú ý,"Pháp luật, an toàn và khẩn cấp",Tội phạm và điều tra
gap,a space where something is missing,khoảng trống,False,True,stopgap,1,không có (hoặc chưa xác định),không có biến thể đáng chú ý,Khái niệm trừu tượng,Phạm vi và bộ phận
garden,"a piece of land next to or around your house where you can grow flowers, fruit, vegetables, etc., usually with a lawn (= an area of grass)",khu vườn,True,False,gardener,1,không có (hoặc chưa xác định),không có biến thể đáng chú ý,Nhà cửa,Vườn sân trong
gas,"any substance like air that is neither a solid nor a liquid, for example hydrogen or oxygen",khí ga,True,True,gaseous; gasification; gasify; gaslight; gasman; gasmask; gasser; gasset; gassier; gassiest; gassiness; gassy; gasworks; teargas,14,không có (hoặc chưa xác định),không có biến thể đáng chú ý,Giao thông,Trạm xăng
gate,a barrier like a door that is used to close an opening in a fence or a wall outside a building,cổng,False,True,bishopsgate; floodgate; gatecrash; gatecrasher; gatehouse; gatekeeper; gatepost; gateway; tailgate; tollgate,10,không có (hoặc chưa xác định),không có biến thể đáng chú ý,Du lịch và lưu trú,Sân bay
gather,"to come together, or bring people together, in one place to form a group",tập hợp,True,True,forgather; ingathering; woolgather,3,không có (hoặc chưa xác định),không có biến thể đáng chú ý,Giải trí và thời gian rảnh,Sự kiện và lễ hội
gay,sexually attracted to people of the same sex,đồng tính nam,True,True,gaiety; gaily; gayer; gayest; gayness; nosegay,6,không có (hoặc chưa xác định),không có biến thể đáng chú ý,Con người,Mối quan hệ
gaze,"a long, steady look at somebody/something",nhìn chăm chú,True,True,gazer; stargazer; stargazing,3,không có (hoặc chưa xác định),không có biến thể đáng chú ý,Con người,Cảm xúc
gear,equipment in a vehicle that changes the relation between engine speed (or pedal speed on a bicycle) and the speed of the wheels moving forwards or backwards,"bánh răng, trang thiết bị",False,True,gearbox; headgear; switchgear,3,không có (hoặc chưa xác định),không có biến thể đáng chú ý,Thể thao,Trang thiết bị thể thao
gen,(không có định nghĩa trong Oxford 5000 - root này không phải headword độc lập),gen (di truyền),True,True,antigen; bargen; epigenetic; eugenic; eugenically; eugenics; genealogical; genealogically; genealogist; genealogy; genesis; genetic; genetically; geneticist; genetics; pathogenesis; pathogenic; photogenic,18,không có (hoặc chưa xác định),không có biến thể đáng chú ý,"Khoa học, công nghệ và kỹ thuật",Sinh học
gender,"the fact of being male or female, especially when considered with reference to social and cultural differences, rather than differences in biology; members of a particular gender as a group",giới tính,True,False,engender,1,không có (hoặc chưa xác định),không có biến thể đáng chú ý,Con người,Ngoại hình
generous,giving or willing to give freely; given freely,hào phóng,True,False,generosity; generously; overgenerous; ungenerous; ungenerously,5,không có (hoặc chưa xác định),không có biến thể đáng chú ý,Con người,Tính cách
gentle,calm and kind; doing things in a quiet and careful way,dịu dàng,True,True,gentility; gentlefolk; gentleman; gentlemanly; gentleness; gentler; gentlest; gentlewoman; gently,9,không có (hoặc chưa xác định),không có biến thể đáng chú ý,Con người,Tính cách
genuine,real; exactly what it appears to be; not artificial,chân thật,True,False,genuinely; genuineness,2,không có (hoặc chưa xác định),không có biến thể đáng chú ý,Khái niệm trừu tượng,Đánh giá và giá trị
get,to receive something,nhận được,True,True,beget; begetter; getaway; gettin; getup,5,không có (hoặc chưa xác định),không có biến thể đáng chú ý,Khái niệm trừu tượng,Hành động và xử lý
ghost,the spirit of a dead person that a living person believes they can see or hear,ma,True,True,ghostlike; ghostliness; ghostly,3,không có (hoặc chưa xác định),không có biến thể đáng chú ý,"Nghệ thuật, thiết kế và văn hóa",Văn hóa và lễ hội
giant,very large; much larger or more important than similar things usually are,khổng lồ,True,False,giantess,1,không có (hoặc chưa xác định),không có biến thể đáng chú ý,Khái niệm trừu tượng,Mức độ và so sánh
girl,a female child,con gái,True,True,copygirl; cowgirl; daygirl; girlfriend; girlhood; girlie; girlish; girlishly; girlishness; salesgirl; schoolgirl; schoolgirlish; showgirl,13,không có (hoặc chưa xác định),không có biến thể đáng chú ý,Con người,Tuổi tác và các giai đoạn cuộc đời
give,"to hand something to somebody so that they can look at it, use it or keep it for a time","cho, tặng",True,True,giveaway; given; giver; giveth; misgive; thanksgiving,6,không có (hoặc chưa xác định),gave/given (bất quy tắc),Ngôn ngữ hằng ngày,Động từ hành động cơ bản
glad,pleased; happy,vui mừng,True,False,gladden; gladder; gladdest; gladly; gladness,5,không có (hoặc chưa xác định),không có biến thể đáng chú ý,Con người,Cảm xúc
glance,a quick look,liếc nhìn,True,False,glancingly,1,không có (hoặc chưa xác định),không có biến thể đáng chú ý,Con người,Cảm xúc
glass,"a hard, usually clear, substance used, for example, for making windows and bottles","kính, ly",True,True,eyeglass; fibreglass; glassblower; glassful; glasshouse; glassier; glassiest; glassless; glassworks; glassy; hourglass; sandglass; spyglass; sunglasses; weatherglass; wineglass,16,không có (hoặc chưa xác định),không có biến thể đáng chú ý,Nhà cửa,Đồ nội thất
globe,the world (used especially to emphasize its size),quả địa cầu,True,False,global; globally; globular; globule; globulin,5,không có (hoặc chưa xác định),không có biến thể đáng chú ý,Ngôn ngữ hằng ngày,Bản đồ và khu vực thế giới
glory,great success that brings somebody praise and honour and makes them famous,vinh quang,True,False,glorification; glorify; glorious; gloriously; inglorious; ingloriously,6,không có (hoặc chưa xác định),không có biến thể đáng chú ý,Khái niệm trừu tượng,Đánh giá và giá trị
go,a person’s turn to move or play in a game or an activity,đi,True,True,churchgoer; churchgoing; concertgoer; easygoing; fairgoers; forgo; godowns; goer; ingoing; nonchurchgoing; oceangoing; ongoing; operagoers; outgoing; playgoer; seagoing; theatergoing; theatregoer; thoroughgoing; undergo,20,không có (hoặc chưa xác định),"went (quá khứ, bất quy tắc)",Ngôn ngữ hằng ngày,Động từ hành động cơ bản
goal,a frame with a net into which players must kick or hit the ball in order to score a point,mục tiêu,True,True,goalie; goalkeeper; goalmouth; goalpost,4,không có (hoặc chưa xác định),không có biến thể đáng chú ý,Thể thao,Bóng đá
god,the being or spirit that is worshipped and is believed to have created the universe,"thần, chúa",True,True,demigod; demigoddess; godchild; goddaughter; goddess; godfather; godfearing; godforsaken; godhead; godless; godlessly; godlessness; godlier; godliest; godlike; godliness; godly; godmother; godparent; godsend; godson; godspeed; ungodly,23,không có (hoặc chưa xác định),không có biến thể đáng chú ý,"Nghệ thuật, thiết kế và văn hóa",Tôn giáo và nơi thờ tự
gold,"bright yellow in colour, like gold",vàng,True,True,golden; goldfish; goldmine; goldwater,4,không có (hoặc chưa xác định),không có biến thể đáng chú ý,Kinh doanh và tài chính,Đầu tư
golf,"a game played over a large area of ground using sticks with a special shape to hit a small hard ball (a golf ball) into a series of 9 or 18 holes, using as few shots as possible",golf,True,False,golfer,1,không có (hoặc chưa xác định),không có biến thể đáng chú ý,Thể thao,Golf
good,of high quality or an acceptable standard,tốt,True,True,goodbody; goodbye; goodish; goodlier; goodliest; goodly; goodman; goodness; goodnight; goodwill; goodwin; goody,12,không có (hoặc chưa xác định),không có biến thể đáng chú ý,Khái niệm trừu tượng,Đánh giá và giá trị
gorgeous,very beautiful and attractive; giving great pleasure ,lộng lẫy,True,False,gorgeously; gorgeousness,2,không có (hoặc chưa xác định),không có biến thể đáng chú ý,Ngoại hình và trang phục,Cơ thể và ngoại hình
govern,"to legally control a country or its people and be responsible for introducing new laws, organizing public services, etc.","quản lý, cai trị",True,False,governable; governance; governess; government; governmental; governor; governorship; intergovernmental; misgovern; misgovernment; ungovernable; ungoverned,12,không có (hoặc chưa xác định),không có biến thể đáng chú ý,"Pháp luật, an toàn và khẩn cấp",Cơ quan hành chính
grab,to take or hold somebody/something with your hand suddenly or roughly,nắm lấy,True,True,grabber; grabbin,2,không có (hoặc chưa xác định),không có biến thể đáng chú ý,Khái niệm trừu tượng,Hành động và xử lý
grace,an attractive quality of movement that is smooth and done with control; a simple and beautiful quality,sự duyên dáng,True,False,disgrace; disgraceful; disgracefully; graceful; gracefully; graceless; gracelessly; gracelessness; gracious; graciously; graciousness; ungracious; ungraciously,13,không có (hoặc chưa xác định),không có biến thể đáng chú ý,Con người,Tính cách
grade,a mark given in an exam or for a piece of school work,"cấp bậc, điểm số",True,False,centigrade; downgrade; gradation; gradations; grader; retrogradations; retrograde; upgrade,8,không có (hoặc chưa xác định),không có biến thể đáng chú ý,Học tập và giáo dục,Điểm số và đánh giá
graduate,a person who has a university degree,tốt nghiệp,True,False,graduation; postgraduate; undergraduate,3,không có (hoặc chưa xác định),không có biến thể đáng chú ý,Học tập và giáo dục,Bằng cấp
grain,"the small hard seeds of food plants such as wheat, rice, etc.; a single seed of such a plant",hạt ngũ cốc,True,True,ingrain; woodgraining,2,không có (hoặc chưa xác định),không có biến thể đáng chú ý,Thực phẩm,Ngũ cốc
grand,impressive and large or important,lớn lao,True,True,aggrandize; aggrandizement; grandaunt; grandchild; granddaughter; grander; grandest; grandfather; grandiose; grandly; grandmother; grandness; grandparent; grandson; grandstand; granduncle,16,không có (hoặc chưa xác định),không có biến thể đáng chú ý,Khái niệm trừu tượng,Mức độ và so sánh
grasp,a strong hold of somebody/something or control over somebody/something,nắm bắt,True,False,graspingly,1,không có (hoặc chưa xác định),không có biến thể đáng chú ý,Khái niệm trừu tượng,Nhận thức và ý nghĩa
grass,"a common wild plant with narrow green leaves and stems that are eaten by cows, horses, sheep, etc.",cỏ,True,True,grassers; grassfire; grassier; grassiest; grassland; grassroots; grassy,7,không có (hoặc chưa xác định),không có biến thể đáng chú ý,Môi trường và tự nhiên,Cây
grave,very serious and important; giving you a reason to feel worried,"ngôi mộ, nghiêm trọng",True,True,engrave; engraver; gravely; graven; graver; gravesend; gravest; gravestone; graveyard,9,không có (hoặc chưa xác định),không có biến thể đáng chú ý,Cộng đồng và đô thị,Nghĩa trang
great,very good or pleasant,tuyệt vời,True,True,greatcoat; greater; greatest; greatly; greatness,5,không có (hoặc chưa xác định),không có biến thể đáng chú ý,Khái niệm trừu tượng,Đánh giá và giá trị
green,having the colour of grass or the leaves of most plants and trees,màu xanh lá,True,True,evergreen; greenback; greener; greenery; greenest; greenfly; greenhorn; greenhouse; greenish; greenishness; greenly; greenness,12,không có (hoặc chưa xác định),không có biến thể đáng chú ý,"Nghệ thuật, thiết kế và văn hóa",Màu sắc
grey,having the colour of smoke or ashes,màu xám,True,False,greyer; greyest; greyish; greyness,4,không có (hoặc chưa xác định),gray (Mỹ),"Nghệ thuật, thiết kế và văn hóa",Màu sắc
grid,"a pattern of straight lines, usually crossing each other to form squares",lưới điện,False,True,gridiron,1,không có (hoặc chưa xác định),không có biến thể đáng chú ý,"Khoa học, công nghệ và kỹ thuật",Điện
grind,to break or press something into very small pieces between two hard surfaces or using a special machine,"nghiền, mài",True,True,grinder; grindlay; grindstone,3,không có (hoặc chưa xác định),không có biến thể đáng chú ý,Đời sống hằng ngày,Nấu ăn
grip,an act of holding somebody/something tightly; a particular way of doing this,nắm chặt,True,True,grippingly; outgrip; widegrip,3,không có (hoặc chưa xác định),không có biến thể đáng chú ý,Thể thao,Trang thiết bị thể thao
gross,being the total amount of something before anything is taken away,"tổng, thô thiển",True,False,engross; engrossingly; grosser; grossest; grossly; grossness; subgross,7,không có (hoặc chưa xác định),không có biến thể đáng chú ý,Kinh doanh và tài chính,Doanh thu và lợi nhuận
ground,the solid surface of the earth,mặt đất,True,True,aboveground; background; battleground; bedground; campground; fairground; foreground; grounder; groundless; groundlessly; groundlessness; groundnut; groundsheet; groundsman; groundwork; playground; reground; underground,18,không có (hoặc chưa xác định),không có biến thể đáng chú ý,Môi trường và tự nhiên,Trái Đất
group,a number of people or things that are together in the same place or that are connected in some way,nhóm,True,True,groupie; intergroup; playgroup; regroup; subgroups,5,không có (hoặc chưa xác định),không có biến thể đáng chú ý,Con người,Mối quan hệ
grow,"to increase in size, number, strength or quality",phát triển,True,True,grower; grown; grownups; growth; homegrown; ingrowing; ingrown; outgrow; outgrown; outgrowth; overgrown; overgrowth; undergrowth,13,không có (hoặc chưa xác định),không có biến thể đáng chú ý,Môi trường và tự nhiên,Cây
guard,"a person, such as a soldier, a police officer or a prison officer, who protects a place or people, or prevents prisoners from escaping",bảo vệ,True,True,blackguard; blackguardly; bodyguard; coastguard; coastguardsman; fireguard; guardedly; guardedness; guardhouse; guardian; guardianship; guardrail; guardroom; guardsman; lifeguard; mudguard; rearguard; safeguard; unguarded,19,không có (hoặc chưa xác định),không có biến thể đáng chú ý,Nghề nghiệp và công việc,Nghề công vụ và an ninh
guess,an attempt to give an answer or an opinion when you cannot be certain if you are right,đoán,False,True,guesswork,1,không có (hoặc chưa xác định),không có biến thể đáng chú ý,Khái niệm trừu tượng,Nhận thức và ý nghĩa
guest,a person that you have invited to your house or to a particular event that you are paying for,khách mời,False,True,guesthouse; guestroom,2,không có (hoặc chưa xác định),không có biến thể đáng chú ý,Du lịch và lưu trú,Lễ tân
guide,"a person who shows other people the way to a place, especially somebody employed to show tourists around interesting places",hướng dẫn,True,True,guidance; guidebook; guidelines; guideposts; misguide; misguidedly; unguided,7,không có (hoặc chưa xác định),không có biến thể đáng chú ý,Du lịch và lưu trú,Hướng dẫn viên
guilt,the unhappy feelings caused by knowing or thinking that you have done something wrong,tội lỗi,True,False,guiltier; guiltiest; guiltily; guiltiness; guiltless; guiltlessly; guiltlessness; guilty,8,không có (hoặc chưa xác định),không có biến thể đáng chú ý,"Pháp luật, an toàn và khẩn cấp",Tòa án
guitar,a musical instrument that usually has six strings and that you play with your fingers or with a plectrum,đàn guitar,True,False,guitarist,1,không có (hoặc chưa xác định),không có biến thể đáng chú ý,Giải trí và thời gian rảnh,Nhạc cụ
gun,a weapon that is used for firing bullets or shells,súng,True,True,airgun; blowgun; gunboat; gundog; gunfighter; gunfights; gunfire; gunman; gunmetal; gunner; gunnery; gunplay; gunpoint; gunpowder; gunroom; gunrunner; gunrunning; gunshot; handgun; machinegun; popgun; scattergun; shotgun; sixgun,24,không có (hoặc chưa xác định),không có biến thể đáng chú ý,"Pháp luật, an toàn và khẩn cấp",Tội phạm và điều tra
gut,the tube in the body through which food passes when it leaves the stomach,"ruột, bản năng",True,True,catgut; gutless; gutlessness; gutsier; gutsiest; gutsy,6,không có (hoặc chưa xác định),không có biến thể đáng chú ý,Con người,Nội tạng
gym,"a room or hall with equipment for doing physical exercise, for example in a school",phòng gym,False,True,gymslip,1,không có (hoặc chưa xác định),không có biến thể đáng chú ý,Thể thao,Thể lực và tập luyện
habit,"a thing that you do often and almost without thinking, especially something that is hard to stop doing",thói quen,True,False,cohabit; cohabitation; habitable; habitants; habitat; habitation; habitual; habitually; habituate; habitude; habitue; inhabit; inhabitable; inhabitant; inhabitation; uninhabitable,16,không có (hoặc chưa xác định),không có biến thể đáng chú ý,Đời sống hằng ngày,Thói quen hằng ngày
hail,"to describe somebody/something as being very good or special, especially in newspapers, etc.","mưa đá, ca ngợi",False,True,hailstone; hailstorm; loudhailer,3,không có (hoặc chưa xác định),không có biến thể đáng chú ý,Môi trường và tự nhiên,Thời tiết
hair,the substance that looks like a mass of fine threads growing on a person's head,tóc,True,True,darkhaired; hairbrush; haircloth; haircut; hairdo; hairdresser; hairdressing; hairier; hairiest; hairiness; hairless; hairlike; hairline; hairnet; hairpiece; hairpin; hairshirt; hairspring; hairstyle; hairstylist; hairy; horsehair; longhaired; whitehaired,24,không có (hoặc chưa xác định),không có biến thể đáng chú ý,Ngoại hình và trang phục,Tóc
hall,a space or passage inside the entrance or front door of a building,"sảnh, hội trường",False,True,hallmark; hallstand; hallway; rockhall; whitehall,5,không có (hoặc chưa xác định),không có biến thể đáng chú ý,Nhà cửa,Các phòng trong nhà
halt,an act of stopping the movement or progress of somebody/something,dừng lại,True,False,haltingly,1,không có (hoặc chưa xác định),không có biến thể đáng chú ý,Giao thông,Đường sá
hand,"the part of the body at the end of the arm, including the fingers and thumb",bàn tay,True,True,backhand; backhander; beforehand; behindhand; cowhand; farmhand; firsthand; forehand; freehand; handbag; handball; handbill; handbook; hander; handful; handgun; handhold; handicraft; handicraftsman; handier; handiest; handily; handiness; handiwork; handless; handmade; handout; handpicked; handrail; handshake; handstand; handwork; handwriting; handy; handyman; lefthander; longhand; offhand; offhandedly; offhandedness; overhand; righthander; secondhand; shorthand; singlehandedly; underhand; underhandedly; underhandedness; unhand,49,không có (hoặc chưa xác định),không có biến thể đáng chú ý,Con người,Bàn tay và bàn chân
handle,"the part of a door, window, etc. that you use to open it","xử lý, tay cầm",True,True,doorhandle; handleable; handlebar; handler; manhandle; mishandle; panhandle; panhandler; righthandler,9,không có (hoặc chưa xác định),không có biến thể đáng chú ý,Khái niệm trừu tượng,Hành động và xử lý
hang,"to attach something, or to be attached, at the top so that the lower part is free or loose",treo,True,True,cliffhanger; cliffhanging; hangdog; hanger; hangman; hangnail; hangout; hangover; hangup; overhang; paperhanger,11,không có (hoặc chưa xác định),không có biến thể đáng chú ý,Nhà cửa,Trang trí nhà cửa
happy,feeling or showing pleasure; pleased,hạnh phúc,True,True,happier; happiest; happily; happiness; slaphappy; unhappier; unhappiest; unhappily; unhappiness; unhappy,10,không có (hoặc chưa xác định),không có biến thể đáng chú ý,Con người,Cảm xúc
harbor,(không có định nghĩa trong Oxford 5000 - root này không phải headword độc lập),bến cảng,True,False,harbourage; harbourer,2,không có (hoặc chưa xác định),không có biến thể đáng chú ý,Giao thông,Cảng
hard,"difficult to do, understand or answer","cứng, khó khăn",True,True,diehard; foolhardiness; foolhardy; hardback; hardbake; hardboard; hardboiled; hardbound; hardcover; harden; hardener; harder; hardest; hardheaded; hardier; hardiest; hardihood; hardiness; hardly; hardness; hardship; hardtop; hardwearing; hardwood; hardworking; hardy,26,không có (hoặc chưa xác định),không có biến thể đáng chú ý,Khái niệm trừu tượng,Khả năng và cần thiết
harm,damage or injury that is caused by a person or an event,gây hại,True,False,harmful; harmfully; harmfulness; harmless; harmlessly,5,không có (hoặc chưa xác định),không có biến thể đáng chú ý,"Pháp luật, an toàn và khẩn cấp",An toàn cá nhân
harsh,"cruel, severe and unkind",khắc nghiệt,True,False,harshened; harsher; harshest; harshly; harshness,5,không có (hoặc chưa xác định),không có biến thể đáng chú ý,Môi trường và tự nhiên,Khí hậu
harvest,"the time of year when the crops are gathered in on a farm, etc.; the act of cutting and gathering crops",thu hoạch,True,False,harvester,1,không có (hoặc chưa xác định),không có biến thể đáng chú ý,Môi trường và tự nhiên,Nông nghiệp
hat,"a piece of clothing made to fit the head, often with a brim (= a flat edge that sticks out), usually worn out of doors",mũ,True,True,hatband; hatful; hatless; hatpin; hatred; hatter,6,không có (hoặc chưa xác định),không có biến thể đáng chú ý,Ngoại hình và trang phục,Phụ kiện
hate,a very strong feeling of dislike for somebody ,ghét,True,False,hateful; hatefully; hatefulness,3,không có (hoặc chưa xác định),không có biến thể đáng chú ý,Con người,Cảm xúc
haunt,"if the ghost of a dead person haunts a place, people say that they have seen it there",ám ảnh,True,False,hauntingly,1,không có (hoặc chưa xác định),không có biến thể đáng chú ý,"Nghệ thuật, thiết kế và văn hóa",Văn hóa và lễ hội
hazard,something that can be dangerous or cause damage,nguy hiểm,True,False,hazardous; hazardously; hazardousness,3,không có (hoặc chưa xác định),không có biến thể đáng chú ý,"Pháp luật, an toàn và khẩn cấp",An toàn cá nhân
head,"the part of the body on top of the neck containing the eyes, nose, mouth and brain","đầu, người đứng đầu",True,True,arrowhead; bareheaded; beachhead; behead; bighead; blackhead; blockhead; bonehead; bridgehead; buckhead; bulkhead; coolheaded; copperhead; deadheads; doubleheader; drumhead; egghead; fathead; figurehead; flathead; floodheads; forehead; godhead; hardheaded; headband; headboard; headdress; header; headgear; headhunter; headier; headiest; headlamp; headland; headless; headlight; headline; headlong; headman; headmaster; headphones; headpiece; headquarter; headrest; headroom; headset; headship; headstand; headstone; headstrong; headwalls; headwaters; headway; headwind; headword; heady; hothead; hotheadedly; letterhead; loggerheads; overhead; pigheaded; pigheadedly; pigheadedness; pinhead; pithead; pothead; railhead; redhead; redheader; roundhead; skinhead; sleepyhead; subheading; thickheaded; warhead; whitehead; winehead; wrongheaded; wrongheadedly; wrongheadedness,81,không có (hoặc chưa xác định),không có biến thể đáng chú ý,Con người,Khuôn mặt
heal,to become healthy again; to make something healthy again,chữa lành,True,False,healer,1,heel: heel = gót chân (danh từ); heal = chữa lành (động từ),không có biến thể đáng chú ý,Sức khỏe,Bệnh tật
health,the condition of a person’s body or mind,sức khỏe,True,False,healthful; healthier; healthiest; healthily; healthiness; healthy; unhealthier; unhealthiest; unhealthily; unhealthiness; unhealthy,11,không có (hoặc chưa xác định),không có biến thể đáng chú ý,Sức khỏe,Cơ thể và sức khỏe
hear,to be aware of sounds with your ears,nghe,True,True,hearer; hearsay; mishear; overhear; rehear,5,here: hear = nghe (động từ); here = ở đây (trạng từ),không có biến thể đáng chú ý,Con người,Khuôn mặt
heart,"the organ in the chest that sends blood around the body, usually on the left in humans",trái tim,True,True,dishearten; downhearted; downheartedly; halfhearted; heartbeat; heartbreak; heartbreakingly; heartburn; hearten; hearteningly; heartier; heartiest; heartily; heartiness; heartless; heartlessly; heartlessness; heartsick; heartstrings; heartwarming; heartwarmingly; heartwood; hearty; lighthearted; openhearted; openheartedness; softhearted; strongheart; sweetheart; tenderhearted; tenderheartedly; tenderheartedness; warmhearted; wholeheartedly,34,không có (hoặc chưa xác định),không có biến thể đáng chú ý,Con người,Nội tạng
heat,the quality of being hot,"nhiệt, sức nóng",True,True,heatedly; heater; heatspot; heatstroke; heatwave; oilheating; overheat; preheat; unheated,9,không có (hoặc chưa xác định),không có biến thể đáng chú ý,Môi trường và tự nhiên,Khí hậu
heaven,"the place believed to be the home of God where good people go when they die, sometimes imagined to be in the sky",thiên đường,True,False,heavenly; heavenward,2,không có (hoặc chưa xác định),không có biến thể đáng chú ý,"Nghệ thuật, thiết kế và văn hóa",Tôn giáo và nơi thờ tự
heavy,weighing a lot; difficult to lift or move,nặng nề,True,True,heavier; heaviest; heavily; heaviness; heavyweight,5,không có (hoặc chưa xác định),không có biến thể đáng chú ý,"Khoa học, công nghệ và kỹ thuật",Đo lường
heel,the back part of the foot below the ankle,gót chân,False,True,cowheel,1,heal: heel = gót chân (danh từ); heal = chữa lành (động từ),không có biến thể đáng chú ý,Ngoại hình và trang phục,Giày dép
height,the measurement of how tall a person or thing is,chiều cao,True,False,heighten,1,không có (hoặc chưa xác định),không có biến thể đáng chú ý,"Khoa học, công nghệ và kỹ thuật",Đo lường
hell,the place believed to be the home of devils and where bad people go after death,địa ngục,True,True,hellcat; hellfire; hellish; hellishly; helluva,5,không có (hoặc chưa xác định),không có biến thể đáng chú ý,"Nghệ thuật, thiết kế và văn hóa",Tôn giáo và nơi thờ tự
help,the act of helping somebody to do something,giúp đỡ,True,True,helper; helpful; helpfully; helpfulness; helpless; helplessly; helplessness; helpmate; helpmeet,9,không có (hoặc chưa xác định),không có biến thể đáng chú ý,Ngôn ngữ hằng ngày,Nhu cầu và yêu cầu thường gặp
hence,for this reason,do đó,False,True,henceforth; henceforward,2,không có (hoặc chưa xác định),không có biến thể đáng chú ý,Ngữ pháp và hư từ,Liên từ
her,of or belonging to a woman or girl who has already been mentioned or is easily identified,của cô ấy,False,True,herself,1,không có (hoặc chưa xác định),không có biến thể đáng chú ý,Ngữ pháp và hư từ,Đại từ
herb,"a plant whose leaves, flowers or seeds are used to add taste to food, in medicines or for their pleasant smell. parsley, mint and oregano are all herbs.",thảo mộc,True,False,herbaceous; herbage; herbal; herbalist; herbivore; herbivorous,6,không có (hoặc chưa xác định),không có biến thể đáng chú ý,Thực phẩm,Thảo mộc
here,"used after a verb or preposition to mean ‘in, at or to this position or place’",ở đây,False,True,hereabout; hereafter; hereby; herein; hereinafter; hereof; hereto; hereunder; hereupon; herewith,10,hear: hear = nghe (động từ); here = ở đây (trạng từ),không có biến thể đáng chú ý,Ngôn ngữ hằng ngày,Giới từ và trạng từ chỉ nơi chốn
hero,a person who is admired by many people for doing something brave or good,anh hùng,True,False,antihero; heroical; heroically; heroics; heroine; heroism,6,không có (hoặc chưa xác định),không có biến thể đáng chú ý,"Nghệ thuật, thiết kế và văn hóa",Văn hóa và lễ hội
hide,to put or keep somebody/something in a place where they/it cannot be seen or found,giấu,True,True,cowhide; hidden; hideaway; hidebound; hideout; rawhide,6,không có (hoặc chưa xác định),không có biến thể đáng chú ý,Khái niệm trừu tượng,Hành động và xử lý
high,measuring a long distance from the bottom to the top,cao,True,True,highball; highboard; highborn; highboy; higher; highest; highflown; highflyer; highflying; highland; highlander; highlight; highly; highness; highpitched; highpoint; highroad; highschool; highway; highwayman; superhighways,21,không có (hoặc chưa xác định),không có biến thể đáng chú ý,Khái niệm trừu tượng,Mức độ và so sánh
hill,"an area of land that is higher than the land around it, but not as high as a mountain",đồi,True,True,downhill; foothill; hillbilly; hillock; hillside; hilltops; hilly; uphill,8,không có (hoặc chưa xác định),không có biến thể đáng chú ý,Môi trường và tự nhiên,Núi và cảnh quan
him,"used as the object of a verb, after the verb be or after a preposition to refer to a male person or animal that has already been mentioned or is easily identified",anh ấy,False,True,himself,1,không có (hoặc chưa xác định),không có biến thể đáng chú ý,Ngữ pháp và hư từ,Đại từ
hip,the area at either side of the body between the top of the leg and the middle part of the body; the joint at the top of the leg that connects it with the top part of the body,hông,True,True,hipline; hipster,2,không có (hoặc chưa xác định),không có biến thể đáng chú ý,Con người,Cơ thể
hire,the act of paying to use something for a short time,thuê,True,False,hireling,1,không có (hoặc chưa xác định),không có biến thể đáng chú ý,Nghề nghiệp và công việc,Tìm việc
his,of or belonging to a man or boy who has already been mentioned or is easily identified,của anh ấy,False,True,hisself,1,không có (hoặc chưa xác định),không có biến thể đáng chú ý,Ngữ pháp và hư từ,Đại từ
hit,an act of hitting somebody/something with your hand or with an object held in your hand,"đánh, va chạm",True,False,hitless; hitter; mishit,3,không có (hoặc chưa xác định),không có biến thể đáng chú ý,Thể thao,Bóng chày
hobby,an activity that you do for pleasure when you are not working,sở thích,False,True,hobbyhorse,1,không có (hoặc chưa xác định),không có biến thể đáng chú ý,Giải trí và thời gian rảnh,Sở thích thủ công
hold,the action of holding somebody/something; the way you are holding somebody/something,giữ,True,True,beholding; bondholder; copyhold; copyholder; foothold; freehold; freeholder; handhold; holder; holdover; holdup; household; householder; landholder; officeholder; shareholder; smallholder; smallholding; stakeholder; stockholder; stronghold; titleholder; toehold; uphold; upholder; withhold,26,không có (hoặc chưa xác định),không có biến thể đáng chú ý,Khái niệm trừu tượng,Hành động và xử lý
hole,a hollow space in something solid or in the surface of something,lỗ hổng,False,True,airhole; armhole; blowhole; borehole; buttonhole; coalhole; keyhole; loophole; manhole; pinholes; plughole; porthole; pothole; potholer; sinkhole; wormhole,16,whole: whole = toàn bộ (tính từ); hole = lỗ hổng (danh từ),không có biến thể đáng chú ý,"Nghệ thuật, thiết kế và văn hóa",Hình dạng
hollow,having a hole or empty space inside,rỗng,True,False,hollower; hollowest; hollowly; hollowness,4,không có (hoặc chưa xác định),không có biến thể đáng chú ý,Khái niệm trừu tượng,Tính chất khác
holy,connected with God or a particular religion,thần thánh,True,True,holiday; holidaymaker; holier; holiest; holiness; holystone; unholiness; unholy,8,không có (hoặc chưa xác định),không có biến thể đáng chú ý,"Nghệ thuật, thiết kế và văn hóa",Tôn giáo và nơi thờ tự
home,connected with the place where you live,nhà,True,True,homebound; homebuilders; homebuilding; homecoming; homefolk; homegrown; homeland; homeless; homelessness; homelier; homeliest; homelike; homeliness; homely; homemade; homemaker; homemaster; homeowners; homesick; homesickness; hometown; homeward; homework; homey,24,không có (hoặc chưa xác định),không có biến thể đáng chú ý,Nhà cửa,Ngôi nhà
honest,"always telling the truth, and never stealing or cheating",trung thực,True,False,dishonest; dishonestly; dishonesty; honestly; honesty,5,không có (hoặc chưa xác định),không có biến thể đáng chú ý,Con người,Tính cách
honor,(không có định nghĩa trong Oxford 5000 - root này không phải headword độc lập),danh dự,True,False,dishonor; dishonourable; dishonourably; honorable; honorably; honoraria; honorarium; honorary; honorific; honorifically,10,không có (hoặc chưa xác định),honour (Anh-Anh),Con người,Tính cách
hook,"a curved piece of metal, plastic or wire for hanging things on, catching fish with, etc.",móc câu,True,True,billhook; buttonhook; hooker; hookup; hookworm; redhook; skyhook; unhook,8,không có (hoặc chưa xác định),không có biến thể đáng chú ý,Nhà cửa,Đồ nội thất
hope,a feeling of wanting and expecting a particular thing to happen; something that you wish for,hy vọng,True,False,hopeful; hopefully; hopefulness; hopeless; hopelessly; hopelessness,6,không có (hoặc chưa xác định),không có biến thể đáng chú ý,Con người,Cảm xúc
horn,"a hard pointed part that grows, usually in pairs, on the heads of some animals, such as sheep and cows. Horns are often curved.","sừng, còi xe",True,True,buckhorn's; greenhorn; hornbeam; hornbill; hornier; horniest; hornless; hornlike; hornpipe; horny; leghorn; longhorn; shoehorn; shorthorn,14,không có (hoặc chưa xác định),không có biến thể đáng chú ý,Giao thông,Bộ điều khiển ô tô
horse,"a large animal with four legs, a mane (= long thick hair on its neck) and a tail. Horses are used for riding on, pulling carriages, etc.",ngựa,True,True,clotheshorse; hobbyhorse; horseback; horsebox; horsedom; horseflesh; horsefly; horsehair; horselaugh; horselike; horseman; horsemanship; horsemeat; horseplay; horsepower; horseracing; horseshoe; horsewhip; horsewoman; horsier; horsiness; horsy; packhorse; racehorse; seahorse; unhorse; warhorse; workhorse,28,không có (hoặc chưa xác định),không có biến thể đáng chú ý,Thể thao,Cưỡi ngựa
hospital,a large building where people who are ill or injured are given medical treatment and care,bệnh viện,True,False,hospitality; hospitalization; hospitalize,3,không có (hoặc chưa xác định),không có biến thể đáng chú ý,Sức khỏe,Bệnh viện
host,"a person who invites guests to a meal, a party, etc. or who has people staying at their house","chủ nhà, người dẫn chương trình",True,True,airhostess; hostess,2,không có (hoặc chưa xác định),không có biến thể đáng chú ý,Giải trí và thời gian rảnh,Sự kiện và lễ hội
hostile,aggressive or unfriendly and ready to argue or fight,thù địch,True,False,hostilely; hostility,2,không có (hoặc chưa xác định),không có biến thể đáng chú ý,Con người,Cảm xúc
hot,having a high temperature; producing heat,nóng,True,True,hotbed; hotdogs; hotfoot; hothead; hotheadedly; hothouse; hotly; hotplate; hotpot; hotrod; hotter; hottest,12,không có (hoặc chưa xác định),không có biến thể đáng chú ý,Môi trường và tự nhiên,Khí hậu
hotel,"a building where people stay, usually for a short time, paying for their rooms and meals",khách sạn,True,True,hotelier; hotelman's,2,không có (hoặc chưa xác định),không có biến thể đáng chú ý,Du lịch và lưu trú,Khách sạn
hour,60 minutes; one of the 24 parts that a day is divided into,giờ,True,True,horology; horoscope; hourglass; hourly; manhour,5,không có (hoặc chưa xác định),không có biến thể đáng chú ý,Ngôn ngữ hằng ngày,"Ngày, giờ và lịch cơ bản"
house,"a building for people to live in, usually for one family",ngôi nhà,True,True,blockhouse; boardinghouse; boathouse; clearinghouse; clubhouse; coalhouse; cookhouse; countinghouse; courthouse; cowhouse; customhouse; doghouse; drinkhouse; farmhouse; firehouses; gatehouse; glasshouse; greenhouse; guardhouse; guesthouse; hothouse; houseboat; housebound; houseboy; housebreaker; housebreaking; housecoat; housecraft; housedog; housefather; housefly; houseful; household; householder; housekeeper; housekeeping; houselights; houseman; housemaster; housemother; housepaint; houseproud; houseroom; housetops; housetrained; housewarming; housewife; housewifely; housewifery; housework; icehouse; lighthouse; madhouse; mannerhouse; meetinghouse; morehouse; nuthouse; outhouse; parkhouse; penthouse; playhouse; poorhouse; powerhouse; rehouse; roadhouse; roundhouse; schoolhouse; smokehouse; storehouse; summerhouse; teahouse; tollhouse; washhouse; wheelhouse; workhouse,75,không có (hoặc chưa xác định),không có biến thể đáng chú ý,Nhà cửa,Ngôi nhà
how,in what way or manner,như thế nào,False,True,anyhow; however; howsoever; howsomever; somehow,5,không có (hoặc chưa xác định),không có biến thể đáng chú ý,Ngôn ngữ hằng ngày,Câu hỏi thông dụng
huge,extremely large in size or amount; great in degree,khổng lồ,True,False,hugely; hugeness; huger; hugest,4,không có (hoặc chưa xác định),không có biến thể đáng chú ý,Khái niệm trừu tượng,Mức độ và so sánh
human,"of or connected with people rather than animals, machines or gods",con người,True,True,dehumanization; dehumanize; humanism; humanist; humanistic; humanitarian; humanitarianism; humanity; humanize; humankind; humanly; humanness; inhuman; inhumanity; subhuman; subhumanity; superhuman,17,không có (hoặc chưa xác định),không có biến thể đáng chú ý,Con người,Cơ thể
humble,showing you do not think that you are as important as other people,khiêm tốn,True,False,humbler; humblest; humbly,3,không có (hoặc chưa xác định),không có biến thể đáng chú ý,Con người,Tính cách
humor,(không có định nghĩa trong Oxford 5000 - root này không phải headword độc lập),hài hước,True,False,humorist; humorous; humorously,3,không có (hoặc chưa xác định),không có biến thể đáng chú ý,Con người,Tính cách
hundred,100,trăm,True,True,hundredfold; hundredth; hundredweight,3,không có (hoặc chưa xác định),không có biến thể đáng chú ý,Ngôn ngữ hằng ngày,Số đếm và số thứ tự
hungry,feeling that you want to eat something,đói,True,False,hungrier; hungriest; hungrily,3,không có (hoặc chưa xác định),không có biến thể đáng chú ý,Đời sống hằng ngày,Ăn uống
hunt,an act of looking for somebody/something that is difficult to find,săn bắn,True,True,headhunter; hunter; huntress; huntsman; pothunter,5,không có (hoặc chưa xác định),không có biến thể đáng chú ý,Giải trí và thời gian rảnh,Hoạt động ngoài trời
hurry,the need or wish to get something done quickly,vội vàng,True,False,hurriedly; unhurried; unhurriedly,3,không có (hoặc chưa xác định),không có biến thể đáng chú ý,Đời sống hằng ngày,Thói quen hằng ngày
hurt,injured physically,làm đau,True,False,hurtful; hurtfully; hurtfulness; unhurt,4,không có (hoặc chưa xác định),không có biến thể đáng chú ý,Sức khỏe,Chấn thương
husband,the man that somebody is married to; a married man,chồng,True,True,exhusband; husbandman; husbandry,3,không có (hoặc chưa xác định),không có biến thể đáng chú ý,Con người,Gia đình
ice,water that has frozen and become solid,băng,True,True,icebound; icebox; icebreaker; icecap; icefree; icehouse; iceman; icepack; icepick; icier; iciest; icily; icy,13,không có (hoặc chưa xác định),không có biến thể đáng chú ý,Thực phẩm,Bánh và món tráng miệng
idea,"a plan, thought or suggestion, especially about what to do in a particular situation",ý tưởng,False,True,idealogical,1,không có (hoặc chưa xác định),không có biến thể đáng chú ý,Khái niệm trừu tượng,Nhận thức và ý nghĩa
ideal,perfect; most suitable,lý tưởng,True,False,idealism; idealist; idealistic; idealistically; idealization; idealize; ideally,7,không có (hoặc chưa xác định),không có biến thể đáng chú ý,Khái niệm trừu tượng,Đánh giá và giá trị
idiot,a rude way to refer to somebody who you think is very stupid,kẻ ngốc,True,False,idiotic; idiotically,2,không có (hoặc chưa xác định),không có biến thể đáng chú ý,Con người,Tính cách
ignore,to pay no attention to something,phớt lờ,True,False,ignorance; ignorant; ignorantly,3,không có (hoặc chưa xác định),không có biến thể đáng chú ý,Con người,Mối quan hệ
ill,suffering from an illness or disease; not feeling well,ốm đau,True,False,illness,1,không có (hoặc chưa xác định),không có biến thể đáng chú ý,Sức khỏe,Bệnh tật
illustrate,"to use pictures, photographs, diagrams, etc. in a book, etc.",minh họa,True,False,illustration; illustrative; illustrator,3,không có (hoặc chưa xác định),không có biến thể đáng chú ý,"Nghệ thuật, thiết kế và văn hóa",Vẽ và phác thảo
image,"a picture, photograph or statue that represents somebody/something",hình ảnh,True,False,imagery,1,không có (hoặc chưa xác định),không có biến thể đáng chú ý,"Nghệ thuật, thiết kế và văn hóa",Nhiếp ảnh
imagine,to form a picture in your mind of what something might be like,tưởng tượng,True,False,imaginable; imaginary; imagination; imaginative; imaginatively; unimaginable; unimaginative,7,không có (hoặc chưa xác định),không có biến thể đáng chú ý,Con người,Cảm xúc
immediate,happening or done without delay,ngay lập tức,True,False,immediately; immediateness,2,không có (hoặc chưa xác định),không có biến thể đáng chú ý,Khái niệm trừu tượng,Thời gian và thứ tự
immense,extremely large or great,to lớn,True,False,immensely; immensity,2,không có (hoặc chưa xác định),không có biến thể đáng chú ý,Khái niệm trừu tượng,Mức độ và so sánh
immune,that cannot catch or be affected by a particular disease or illness,miễn dịch,True,True,immunity; immunization; immunize; immunology,4,không có (hoặc chưa xác định),không có biến thể đáng chú ý,Sức khỏe,Cơ thể và sức khỏe
improve,to become better than before; to make something/somebody better than before,cải thiện,True,False,improvement; unimproved,2,không có (hoặc chưa xác định),không có biến thể đáng chú ý,Khái niệm trừu tượng,Thay đổi và phát sinh
in,"into an object, an area or a substance","trong, vào",True,True,breakin; checkin; herein; hereinafter; insofar; inward; inwardly; inwardness; standin; therein; walkin; wherein; within,13,không có (hoặc chưa xác định),không có biến thể đáng chú ý,Ngữ pháp và hư từ,Giới từ
incentive,something that encourages you to do something,động lực khuyến khích,True,False,disincentive,1,không có (hoặc chưa xác định),không có biến thể đáng chú ý,Nghề nghiệp và công việc,Lương và phúc lợi
incur,"if you incur something unpleasant, you are in a situation in which you have to deal with it",gánh chịu,True,False,incurability,1,không có (hoặc chưa xác định),không có biến thể đáng chú ý,Kinh doanh và tài chính,Chi phí sinh hoạt
index,"a list of names or topics that are referred to in a book, etc., usually arranged at the end of a book in alphabetical order or listed in a separate file or book",chỉ số,True,False,indexer,1,không có (hoặc chưa xác định),không có biến thể đáng chú ý,Học tập và giáo dục,Sách giáo khoa
indicate,to show that something is true or exists,chỉ ra,True,False,indication; indicative; indicator,3,không có (hoặc chưa xác định),không có biến thể đáng chú ý,Khái niệm trừu tượng,Nhận thức và ý nghĩa
indigenous,"coming from a particular place and having lived there for a long time before other people came there; relating to, belonging to or developed by these people",bản địa,True,False,indigenously,1,không có (hoặc chưa xác định),không có biến thể đáng chú ý,Ngôn ngữ hằng ngày,Bản đồ và khu vực thế giới
indulge,"to allow yourself to have or do something that you like, especially something that is considered bad for you",nuông chiều,True,False,indulgence; indulgent; indulgently; overindulged,4,không có (hoặc chưa xác định),không có biến thể đáng chú ý,Con người,Cảm xúc
industry,"the production of goods from raw materials, especially in factories",ngành công nghiệp,True,False,industrial; industrialism; industrialist; industrialization; industrialize; industrially; industrious; industriously; industriousness,9,không có (hoặc chưa xác định),không có biến thể đáng chú ý,Kinh doanh và tài chính,Doanh nghiệp
infant,a baby or very young child,trẻ sơ sinh,True,False,infantile; infantilism,2,không có (hoặc chưa xác định),không có biến thể đáng chú ý,Sức khỏe,Trẻ sơ sinh
infer,to reach an opinion or decide that something is true on the basis of information that is available,suy luận,True,False,inference; inferential; inferentially,3,không có (hoặc chưa xác định),không có biến thể đáng chú ý,Khái niệm trừu tượng,Nhận thức và ý nghĩa
inform,"to tell somebody about something, especially in an official way",thông báo,True,False,informant; information; informational; informative; informatively; informer; misinform; misinformation; uninformed,9,không có (hoặc chưa xác định),không có biến thể đáng chú ý,Dịch vụ,Dịch vụ khách hàng
injure,"to harm yourself or somebody else physically, especially in an accident",làm bị thương,True,False,injurious; injuriously; injury; uninjured,4,không có (hoặc chưa xác định),không có biến thể đáng chú ý,Sức khỏe,Chấn thương
ink,"coloured liquid for writing, drawing and printing",mực,True,True,inkbottle; inkier; inkily; inkiness; inkpad; inkstand; inkwell; inky,8,không có (hoặc chưa xác định),không có biến thể đáng chú ý,Học tập và giáo dục,Đồ dùng học tập
insect,"any small creature with six legs and a body divided into three parts. Insects usually also have wings. Ants, bees and flies are all insects.",côn trùng,True,False,insectivore; insectivorous,2,không có (hoặc chưa xác định),không có biến thể đáng chú ý,Môi trường và tự nhiên,Động vật không xương sống
insert,to put something into something else or between two things,chèn vào,True,False,insertion,1,không có (hoặc chưa xác định),không có biến thể đáng chú ý,"Khoa học, công nghệ và kỹ thuật",Máy tính
instance,a particular example or case of something,trường hợp cụ thể,True,False,instancy,1,không có (hoặc chưa xác định),không có biến thể đáng chú ý,Khái niệm trừu tượng,Tính chất khác
instant,happening immediately,tức thì,True,False,instantly,1,không có (hoặc chưa xác định),không có biến thể đáng chú ý,Khái niệm trừu tượng,Thời gian và thứ tự
instinct,a natural quality that makes people and animals tend to behave in a particular way using the knowledge and abilities that they were born with rather than thought or training,bản năng,True,False,instinctive; instinctively; instinctual,3,không có (hoặc chưa xác định),không có biến thể đáng chú ý,Con người,Tính cách
instrument,"an object used for producing musical sounds, for example a piano or a drum","công cụ, nhạc cụ",True,False,instrumental; instrumentalist; instrumentality; instrumentally; instrumentation,5,không có (hoặc chưa xác định),không có biến thể đáng chú ý,Giải trí và thời gian rảnh,Nhạc cụ
insult,a remark or an action that is said or done in order to offend somebody,sỉ nhục,True,False,insultingly,1,không có (hoặc chưa xác định),không có biến thể đáng chú ý,Con người,Mối quan hệ
intense,very great; very strong,mãnh liệt,True,False,intensely; intensification; intensifier; intensify; intensity; intensive; intensively,7,không có (hoặc chưa xác định),không có biến thể đáng chú ý,Khái niệm trừu tượng,Mức độ và so sánh
interest,the feeling that you have when you want to know or learn more about somebody/something,"sở thích, lãi suất",True,False,disinterest; disinterestedly; disinterestedness; interestedly; interestedness; uninterested,6,không có (hoặc chưa xác định),không có biến thể đáng chú ý,Kinh doanh và tài chính,Lãi suất
intermediate,"located between two places, things, states, etc.",trung cấp,True,False,intermediately,1,không có (hoặc chưa xác định),không có biến thể đáng chú ý,Học tập và giáo dục,Học ngoại ngữ
interpret,to explain the meaning of something,diễn giải,True,False,interpretable; interpretation; interpreter; interpretive; misinterpret; misinterpretation; misinterpreters; reinterpret,8,không có (hoặc chưa xác định),không có biến thể đáng chú ý,Học tập và giáo dục,Học ngoại ngữ
interview,"a formal meeting at which somebody is asked questions to see if they are suitable for a particular job, or for a course of study at a college, university, etc.",phỏng vấn,True,False,interviewee; interviewer,2,không có (hoặc chưa xác định),không có biến thể đáng chú ý,Nghề nghiệp và công việc,Phỏng vấn xin việc
intrigue,(không có định nghĩa trong Oxford 5000 - root này không phải headword độc lập),"âm mưu, hấp dẫn",True,False,intriguingly,1,không có (hoặc chưa xác định),không có biến thể đáng chú ý,Con người,Cảm xúc
invade,"to enter a country, town, etc. using military force in order to take control of it",xâm lược,True,False,invader; invasion; invasive,3,không có (hoặc chưa xác định),không có biến thể đáng chú ý,"Pháp luật, an toàn và khẩn cấp",Quyền công dân
investigate,"to carefully examine the facts of a situation, an event, a crime, etc. to find out the truth about it or how it happened",điều tra,True,False,investigation; investigative; investigator; reinvestigation,4,không có (hoặc chưa xác định),không có biến thể đáng chú ý,"Pháp luật, an toàn và khẩn cấp",Tội phạm và điều tra
invite,to ask somebody to come to a social event,mời,True,False,invitation; invitational; invitees; invitingly; uninvited,5,không có (hoặc chưa xác định),không có biến thể đáng chú ý,Ngôn ngữ hằng ngày,Chào hỏi và giới thiệu bản thân
invoke,"to mention or use a law, rule, etc. as a reason for doing something",viện dẫn,True,False,invocation,1,không có (hoặc chưa xác định),không có biến thể đáng chú ý,"Pháp luật, an toàn và khẩn cấp",Giấy tờ pháp lý
iron,a chemical element. Iron is a hard strong metal that is used to make steel and is also found in small quantities in blood and food.,"sắt, bàn ủi",True,True,flatiron; gridiron; ironic; ironical; ironically; ironpants; ironside; ironwork; irony,9,không có (hoặc chưa xác định),không có biến thể đáng chú ý,Nhà cửa,Thiết bị gia dụng
island,a piece of land that is completely surrounded by water,hòn đảo,True,False,islander,1,không có (hoặc chưa xác định),không có biến thể đáng chú ý,Môi trường và tự nhiên,Biển và đại dương
isolate,to separate somebody/something physically or socially from other people or things,cô lập,True,False,isolation; isolationism; isolationist; isolationistic,4,không có (hoặc chưa xác định),không có biến thể đáng chú ý,Khái niệm trừu tượng,Quan hệ và ảnh hưởng
issue,an important topic that people are discussing or arguing about,"vấn đề, phát hành",True,False,issuance; reissue,2,không có (hoặc chưa xác định),không có biến thể đáng chú ý,Kinh doanh và tài chính,Sản phẩm và dịch vụ
it,"the study and use of electronic processes and equipment to store and send information of all kinds, including words, pictures and numbers (the abbreviation for ‘information technology’) ",nó,False,True,itself,1,không có (hoặc chưa xác định),không có biến thể đáng chú ý,Ngữ pháp và hư từ,Đại từ
item,"one thing on a list of things to buy, do, talk about, etc.",món hàng,True,False,itemization; itemize,2,không có (hoặc chưa xác định),không có biến thể đáng chú ý,Mua sắm,Mua sắm trực tuyến
jacket,"a piece of clothing worn on the top half of the body over a shirt, etc. that has arms and fastens down the front; a short, light coat",áo khoác,False,True,bluejacket,1,không có (hoặc chưa xác định),không có biến thể đáng chú ý,Ngoại hình và trang phục,Quần áo mùa đông
jail,a prison,nhà tù,True,True,jailbird; jailer,2,không có (hoặc chưa xác định),không có biến thể đáng chú ý,"Pháp luật, an toàn và khẩn cấp",Tòa án
jam,"a thick sweet substance made by boiling fruit with sugar, often sold in jars and spread on bread","mứt, kẹt xe",True,True,jammier; jammy; logjams; windjammer,4,không có (hoặc chưa xác định),không có biến thể đáng chú ý,Giao thông,Đường sá
jazz,"a type of music with strong rhythms, in which the players often improvise (= make up the music as they are playing), originally created by African American musicians at the beginning of the 20th century",nhạc jazz,True,False,jazzier; jazziest; jazzily; jazzy,4,không có (hoặc chưa xác định),không có biến thể đáng chú ý,Giải trí và thời gian rảnh,Phong cách âm nhạc
jet,a plane driven by jet engines,máy bay phản lực,False,True,jetliners,1,không có (hoặc chưa xác định),không có biến thể đáng chú ý,Giao thông,Máy bay
job,work for which you receive regular payment,công việc,True,False,jobber; jobbery; jobless; joblessness,4,không có (hoặc chưa xác định),không có biến thể đáng chú ý,Nghề nghiệp và công việc,Tìm việc
join,to fix or connect two or more things together,tham gia,True,False,adjoin; conjoin; conjoint; conjointly; disjoint; disjointedly; disjointedness; enjoins; joiner; joinery; joint; jointly; jointure; subjoined,14,không có (hoặc chưa xác định),không có biến thể đáng chú ý,Giải trí và thời gian rảnh,Sự kiện và lễ hội
joke,"something that you say or do to make people laugh, for example a funny story that you tell",trò đùa,True,False,joker; jokingly,2,không có (hoặc chưa xác định),không có biến thể đáng chú ý,Con người,Tính cách
journey,"an act of travelling from one place to another, especially when they are far apart",hành trình,False,True,journeyman,1,không có (hoặc chưa xác định),không có biến thể đáng chú ý,Du lịch và lưu trú,Lập kế hoạch chuyến đi
joy,a feeling of great happiness,niềm vui,True,True,enjoy; enjoyable; enjoyably; enjoyment; joyful; joyfully; joyfulness; joyless; joylessly; joylessness; joyous; joyously; joyousness; joyride; joystick; killjoy; lovejoy; overjoy,18,không có (hoặc chưa xác định),không có biến thể đáng chú ý,Con người,Cảm xúc
judge,a person in a court who has the authority to decide how criminals should be punished or to make legal decisions,"thẩm phán, phán xét",True,False,adjudge; judgeship; judgment; misjudge; misjudgement; prejudge; prejudgement,7,không có (hoặc chưa xác định),không có biến thể đáng chú ý,"Pháp luật, an toàn và khẩn cấp",Tòa án
juice,the liquid that comes from fruit or vegetables; a drink made from this,nước ép,True,False,juicier; juiciest; juiciness; juicy,4,không có (hoặc chưa xác định),không có biến thể đáng chú ý,Ăn uống bên ngoài,Nước ép và sữa lắc
jump,an act of jumping,nhảy,True,False,jumper; jumpier; jumpiest; jumpily; jumpiness; jumpy,6,không có (hoặc chưa xác định),không có biến thể đáng chú ý,Thể thao,Điền kinh
just,that most people consider to be morally fair and reasonable,"chỉ, công bằng",True,False,adjust; adjustable; adjuster; adjustment; injustice; justice; justifiable; justifiably; justification; justifiedly; justify; justly; justness; maladjusted; maladjustment; readjust; readjustment; unadjusted; unjust; unjustifiable; unjustified,21,không có (hoặc chưa xác định),không có biến thể đáng chú ý,Khái niệm trừu tượng,Đánh giá và giá trị
keen,wanting to do something or wanting something to happen very much,hăng hái,True,False,keener; keenest; keenly; keenness,4,không có (hoặc chưa xác định),không có biến thể đáng chú ý,Con người,Cảm xúc
keep,to continue to have something and not give it back or throw it away,giữ,True,True,barkeep; bookkeeper; bookkeeping; doorkeeper; gamekeeper; gatekeeper; goalkeeper; housekeeper; housekeeping; keeper; keepsake; safekeeping; scorekeeper; shopkeeper; storekeeper; timekeeper; upkeep,17,không có (hoặc chưa xác định),không có biến thể đáng chú ý,Khái niệm trừu tượng,Hành động và xử lý
key,most important; essential,chìa khóa,True,True,crosskeys; keyboard; keyboarder; keyhole; keyless; keynote; keypunch; keystone; passkey; turnkey,10,không có (hoặc chưa xác định),không có biến thể đáng chú ý,Nhà cửa,An ninh nhà ở
kick,"a movement with the foot or the leg, usually to hit something with the foot",đá,True,True,kickback; kicker; kickoff; sidekick,4,không có (hoặc chưa xác định),không có biến thể đáng chú ý,Thể thao,Bóng đá
kidnap,"to take somebody away illegally and keep them as a prisoner, especially in order to get money or something else for returning them",bắt cóc,True,False,kidnapper,1,không có (hoặc chưa xác định),không có biến thể đáng chú ý,"Pháp luật, an toàn và khẩn cấp",Tội phạm và điều tra
kill,to make somebody/something die,giết,True,True,killable; killer; killingly; killjoy; killpath; overkill; painkiller,7,không có (hoặc chưa xác định),không có biến thể đáng chú ý,"Pháp luật, an toàn và khẩn cấp",Tội phạm và điều tra
kind,"caring about others; gentle, friendly and generous","tử tế, loại",True,True,humankind; kinda; kinder; kindest; kindlier; kindliest; kindliness; kindly; kindness; mankind; unkind; unkinder; unkindest; unkindly; womankind,15,không có (hoặc chưa xác định),không có biến thể đáng chú ý,Con người,Tính cách
king,the male ruler of an independent state that has a royal family,vua,True,True,kingdom; kingfisher; kinglier; kinglike; kingly; kingmaker; kingpin; kingship; seekingly,9,không có (hoặc chưa xác định),không có biến thể đáng chú ý,"Nghệ thuật, thiết kế và văn hóa",Di sản và bảo tàng
kiss,the act of kissing somebody/something,hôn,True,False,kissable; kisser,2,không có (hoặc chưa xác định),không có biến thể đáng chú ý,Con người,Mối quan hệ
kitchen,a room in which meals are cooked or prepared,nhà bếp,True,False,kitchenette,1,không có (hoặc chưa xác định),không có biến thể đáng chú ý,Nhà cửa,Nhà bếp
knee,the joint between the top and bottom parts of the leg where it bends in the middle,đầu gối,False,True,kneecap,1,không có (hoặc chưa xác định),không có biến thể đáng chú ý,Con người,Khớp
knife,"a sharp blade (= metal edge) with a handle, used for cutting or as a weapon",con dao,False,True,knifelike; penknife,2,không có (hoặc chưa xác định),không có biến thể đáng chú ý,Nhà cửa,Đồ nội thất
knock,"the sound of somebody hitting a door, window, etc. with their hand or with something hard to attract attention",gõ cửa,True,True,antiknock; doorknocker; knockabout; knockdown; knocker; knockout,6,không có (hoặc chưa xác định),không có biến thể đáng chú ý,Nhà cửa,Các phòng trong nhà
know,to have information in your mind as a result of experience or because you have learned or been told it,biết,True,True,foreknow; foreknown; knoweth; knowingly; known; unbeknown; unbeknownst; unknowing; unknowingly; unknown; wellknown,11,no: know = biết (động từ); no = không (phủ định),knew/known (bất quy tắc),Khái niệm trừu tượng,Nhận thức và ý nghĩa
labor,(không có định nghĩa trong Oxford 5000 - root này không phải headword độc lập),lao động,True,False,belabour; collaborate; collaboration; collaborationism; collaborationist; collaborator; elaborate; elaborately; elaborateness; elaboration; laboratory; laborer; laborious; laboriously; laboriousness,15,không có (hoặc chưa xác định),không có biến thể đáng chú ý,Nghề nghiệp và công việc,Nơi làm việc
ladder,"a piece of equipment for climbing up and down a wall, the side of a building, etc., consisting of two lengths of wood or metal that are joined together by steps or rungs",cái thang,False,True,stepladder,1,không có (hoặc chưa xác định),không có biến thể đáng chú ý,Nhà cửa,Sửa chữa và bảo trì
lady,"a word used to mean ‘woman’ that some people, especially older people, consider is more polite",quý bà,True,True,ladybird; ladybug; ladylike; ladyship; landlady; saleslady,6,không có (hoặc chưa xác định),không có biến thể đáng chú ý,Con người,Nữ giới
lamp,"a device that uses electricity, oil or gas to produce light",đèn,False,True,blowlamp; headlamp; lamplight; lamplighter; lamppost; lampshade; sunlamp,7,không có (hoặc chưa xác định),không có biến thể đáng chú ý,Nhà cửa,Đồ nội thất
land,the surface of the earth that is not sea,đất đai,True,True,badlands; borderland; dreamland; farmland; fatherland; flatland; gangland; grassland; headland; highland; highlander; homeland; inland; landfall; landholder; landlady; landless; landlocked; landlord; landmark; landmine; landowner; landslide; landsman; landward; lowland; lowlander; mainland; motherland; outlanders; outlandish; outlandishly; outlandishness; overland; parkland; rangelands; screenland; softland; tableland; tidelands; timberlands; upland; uplands; wasteland; waveland; wetlands; wonderland; woodland,48,không có (hoặc chưa xác định),không có biến thể đáng chú ý,Môi trường và tự nhiên,Trái Đất
lap,the top part of your legs that forms a flat surface when you are sitting down,"vòng đua, đùi",True,True,lapwing; overlap,2,không có (hoặc chưa xác định),không có biến thể đáng chú ý,Thể thao,Điền kinh
large,big in size or quantity,to lớn,True,False,enlarge; enlargement; largely; largeness; larger; largest,6,không có (hoặc chưa xác định),không có biến thể đáng chú ý,Khái niệm trừu tượng,Mức độ và so sánh
last,after anyone or anything else; at the end,"cuối cùng, kéo dài",True,True,everlasting; everlastingly; lastly; outlast,4,không có (hoặc chưa xác định),không có biến thể đáng chú ý,Khái niệm trừu tượng,Thời gian và thứ tự
late,"arriving, happening or done after the expected, arranged or usual time",muộn,True,True,belated; belatedly; latecomer; lately; lateness; later; latest,7,không có (hoặc chưa xác định),không có biến thể đáng chú ý,Khái niệm trừu tượng,Thời gian và thứ tự
latter,used to refer to the second of two things or people mentioned,cái sau,True,False,latterly,1,không có (hoặc chưa xác định),không có biến thể đáng chú ý,Khái niệm trừu tượng,Thời gian và thứ tự
laugh,the sound you make when you think that something is funny or silly ,cười,True,True,horselaugh; laughable; laughably; laughingly; laughingstock,5,không có (hoặc chưa xác định),không có biến thể đáng chú ý,Con người,Cảm xúc
launch,the action of launching something,"khởi động, phóng",True,False,launcher,1,không có (hoặc chưa xác định),không có biến thể đáng chú ý,Kinh doanh và tài chính,Sản phẩm và dịch vụ
law,"a rule that deals with a particular crime, agreement, etc.",luật pháp,True,True,bylaw; lawful; lawfully; lawfulness; lawless; lawlessly; lawlessness; lawmakers; lawmaking; lawman; lawsuit; lawyer; outlaw; outlawry; unlawful; unlawfully,16,không có (hoặc chưa xác định),không có biến thể đáng chú ý,"Pháp luật, an toàn và khẩn cấp",Tòa án
lay,"to put somebody/something in a particular position, especially when it is done gently or carefully","đặt xuống, đẻ trứng",True,True,belay; bricklayer; bricklaying; grindlay; inlay; inlays; lain; layabout; layby; layers; layman; layoff; layout; layover; minelaying; mislay; outlay; overlay; relaid; underlain; underlay; waylain; waylay,23,"lie: lie = nói dối/nằm (nội động từ); lay = đặt xuống (ngoại động từ, cần tân ngữ)",không có biến thể đáng chú ý,Khái niệm trừu tượng,Hành động và xử lý
lazy,unwilling to work or be active; doing as little as possible,lười biếng,True,True,lazier; laziest; lazily; laziness; lazybones,5,không có (hoặc chưa xác định),không có biến thể đáng chú ý,Con người,Tính cách
lead,(không có định nghĩa trong Oxford 5000 - root này không phải headword độc lập),"dẫn dắt, chì",True,True,cheerleader; leaden; leader; leaderless; leadership; leadsman; mislead; misleadingly; ringleader,9,không có (hoặc chưa xác định),không có biến thể đáng chú ý,Khái niệm trừu tượng,Quan hệ và ảnh hưởng
leaf,"a flat green part of a plant, growing from a stem or branch or from the root",lá cây,True,True,flyleaf; leafage; leafier; leafiest; leafless; leaflet; leafy; overleaf; roseleaf; tealeaf,10,không có (hoặc chưa xác định),không có biến thể đáng chú ý,Môi trường và tự nhiên,Cây
league,a group of sports teams who all play each other to earn points and find which team is best,liên đoàn,True,False,leaguer,1,không có (hoặc chưa xác định),không có biến thể đáng chú ý,Thể thao,Thể thao chung
leak,a small hole that lets liquid or gas flow in or out of something by accident,rò rỉ,True,False,leakage; leakier; leakiest; leakily; leakiness; leaky,6,không có (hoặc chưa xác định),không có biến thể đáng chú ý,Nhà cửa,Hệ thống điện và nước
lean,to bend or move from a straight position to a sloping position ,"nghiêng, gầy",True,False,leaner; leanest; leanness; leant,4,không có (hoặc chưa xác định),không có biến thể đáng chú ý,Sức khỏe,Cơ thể và sức khỏe
leap,a long or high jump,nhảy vọt,True,True,leapfrog; leapt; overleapt,3,không có (hoặc chưa xác định),không có biến thể đáng chú ý,Thể thao,Điền kinh
learn,"to gain knowledge or skill by studying, from experience, from being taught, etc.",học,True,False,learnedly; learner; learnt; relearns; unlearn; unlearnt,6,không có (hoặc chưa xác định),không có biến thể đáng chú ý,Học tập và giáo dục,Kỹ năng học tập
least,to the smallest degree,ít nhất,True,False,leastwise,1,không có (hoặc chưa xác định),không có biến thể đáng chú ý,Khái niệm trừu tượng,Mức độ và so sánh
leather,material made by removing the hair or fur from animal skins and preserving the skins using special processes,da thuộc,True,True,leatherneck; leathery,2,không có (hoặc chưa xác định),không có biến thể đáng chú ý,Ngoại hình và trang phục,Chất liệu vải
leave,a period of time when you are allowed to be away from work for a holiday or for a special reason,rời đi,True,True,interleave; roseleaves; tealeaves,3,không có (hoặc chưa xác định),không có biến thể đáng chú ý,Nghề nghiệp và công việc,Nghỉ phép và thời gian làm việc
left,on the side of your body that is towards the west when you are facing north,"trái, còn lại",True,True,lefthander; leftist; leftovers; leftward,4,không có (hoặc chưa xác định),không có biến thể đáng chú ý,Ngôn ngữ hằng ngày,Giới từ và trạng từ chỉ nơi chốn
leg,one of the long parts that connect the feet to the rest of the body,chân,True,True,barelegged; blackleg; bootleg; bootlegger; dogleg; foreleg; legacy; legate; legatee; legation; leggier; leggiest; legginess; leggy; leghorn; legless,16,không có (hoặc chưa xác định),không có biến thể đáng chú ý,Con người,Bàn tay và bàn chân
legal,connected with the law,hợp pháp,True,False,extralegal; illegal; illegality; illegally; legalism; legality; legalization; legalize; legally,9,không có (hoặc chưa xác định),không có biến thể đáng chú ý,"Pháp luật, an toàn và khẩn cấp",Giấy tờ pháp lý
legend,"a story from ancient times about people and events, that may or may not be true; this type of story",truyền thuyết,True,False,legendary,1,không có (hoặc chưa xác định),không có biến thể đáng chú ý,"Nghệ thuật, thiết kế và văn hóa",Văn hóa và lễ hội
leisure,time when you are not working or studying; free time,giải trí,True,False,leisurely,1,không có (hoặc chưa xác định),không có biến thể đáng chú ý,Giải trí và thời gian rảnh,Hoạt động ngoài trời
lemon,"a yellow citrus fruit with juice that has a bitter, sharp taste. Slices of lemon and lemon juice are used in cooking and drinks.",chanh,True,False,lemonade,1,không có (hoặc chưa xác định),không có biến thể đáng chú ý,Thực phẩm,Trái cây
lend,"to give something to somebody or allow them to use something that belongs to you, which they have to return to you later",cho vay,True,True,lender; moneylender,2,không có (hoặc chưa xác định),không có biến thể đáng chú ý,Kinh doanh và tài chính,Khoản vay
length,the size or measurement of something from one end to the other,chiều dài,True,True,lengthen; lengthier; lengthiest; lengthily; lengthiness; lengthwise; lengthy; wavelength,8,không có (hoặc chưa xác định),không có biến thể đáng chú ý,"Khoa học, công nghệ và kỹ thuật",Đo lường
lesbian,sexually attracted to other women; connected with lesbians,đồng tính nữ,True,False,lesbianism,1,không có (hoặc chưa xác định),không có biến thể đáng chú ý,Con người,Mối quan hệ
less,to a smaller degree; not so much,ít hơn,True,True,fatless; lessen; lesser; offenceless; planless; stoneless; winless,7,không có (hoặc chưa xác định),không có biến thể đáng chú ý,Khái niệm trừu tượng,Mức độ và so sánh
let,used for making suggestions or as a polite way of telling people what you want them to do,"để cho, cho thuê",True,True,flatlet; inlet; letdown; lettin; letup; outlet; sublet,7,không có (hoặc chưa xác định),không có biến thể đáng chú ý,Ngữ pháp và hư từ,Trợ từ
lethal,causing or able to cause death,gây chết người,True,False,lethality,1,không có (hoặc chưa xác định),không có biến thể đáng chú ý,"Pháp luật, an toàn và khẩn cấp",An toàn cá nhân
letter,"a written, typed or printed message that is put in an envelope or attached to an email and sent to somebody","thư từ, chữ cái",True,True,letterbox; letterhead; letterman; letterpress; newsletter; unlettered,6,không có (hoặc chưa xác định),không có biến thể đáng chú ý,Dịch vụ,Bưu điện
level,having a flat surface that does not slope,mức độ,True,False,leveller,1,không có (hoặc chưa xác định),không có biến thể đáng chú ý,"Khoa học, công nghệ và kỹ thuật",Đo lường
liable,legally responsible for paying the cost of something,chịu trách nhiệm,True,False,liability,1,không có (hoặc chưa xác định),không có biến thể đáng chú ý,Kinh doanh và tài chính,Bảo hiểm
library,"a building in which collections of books, newspapers, etc. and sometimes films and recorded music are kept for people to read, study or borrow",thư viện,True,False,librarian; librarianship,2,không có (hoặc chưa xác định),không có biến thể đáng chú ý,Học tập và giáo dục,Thư viện
licence,"an official document that shows that permission has been given to do, own or use something",giấy phép,True,False,licentious; licentiously; licentiousness,3,không có (hoặc chưa xác định),"license (dùng cho danh từ, Mỹ dùng license cho cả 2)","Pháp luật, an toàn và khẩn cấp",Giấy tờ pháp lý
license,"to give somebody official permission to do, own, or use something",giấy phép,True,False,licensee; unlicensed,2,không có (hoặc chưa xác định),"licence (Anh-Anh, dùng cho danh từ)","Pháp luật, an toàn và khẩn cấp",Giấy tờ pháp lý
lie,a statement made by somebody knowing that it is not true,"nói dối, nằm",True,False,belie; liar; outlying; overlying; underlie,5,"lay: lie = nói dối/nằm (nội động từ); lay = đặt xuống (ngoại động từ, cần tân ngữ)",không có biến thể đáng chú ý,Con người,Tính cách
life,"the ability to breathe, grow, produce young, etc. that people, animals and plants have before they die and that objects do not have",cuộc sống,True,True,afterlife; lifebelt; lifeblood; lifeboat; lifeguard; lifeless; lifelessly; lifelessness; lifelike; lifeline; lifelong; lifer; lifetime; nightlife; wildlife,15,không có (hoặc chưa xác định),không có biến thể đáng chú ý,Con người,Sự kiện đời người
lift,a machine that carries people or goods up and down to different levels in a building or a mine,nâng lên,True,True,airlift; forklift; liftboy; liftman; shoplift; shoplifter; skilift; uplift,8,không có (hoặc chưa xác định),không có biến thể đáng chú ý,Khái niệm trừu tượng,Hành động và xử lý
light,pale in colour,"ánh sáng, nhẹ",True,True,candlelight; daylight; enlighten; enlightenment; fanlight; firelight; firelighter; flashlight; floodlight; footlight; gaslight; headlight; highlight; houselights; lamplight; lamplighter; lighten; lighter; lightest; lighthearted; lighthouse; lightly; lightness; lightship; lightweight; lightyears; moonlight; moonlighter; nightlights; photofloodlights; rushlight; searchlight; sidelight; skylight; spotlight; starlight; streetlight; sunlight; taillight; unenlightened,40,không có (hoặc chưa xác định),không có biến thể đáng chú ý,Nhà cửa,Hệ thống điện và nước
like,the things that you like,"thích, giống như",True,True,alike; birdlike; brushlike; businesslike; catlike; chainlike; childlike; dancelike; deathlike; dislike; dreamlike; folklike; ghostlike; godlike; hairlike; homelike; hornlike; horselike; kinglike; knifelike; ladylike; lifelike; likable; likelier; likeliest; likelihood; likely; likened; likeness; likewise; loverlike; machinelike; manlike; motherlike; parklike; priestlike; rocklike; saintlike; seamanlike; soldierlike; sportsmanlike; springlike; statesmanlike; suchlike; threadlike; treelike; unlike; unlikelier; unlikeliest; unlikelihood; unlikeliness; unlikely; vicelike; warlike; wifelike; womanlike; workmanlike,57,không có (hoặc chưa xác định),không có biến thể đáng chú ý,Con người,Cảm xúc
limb,"an arm or a leg; a similar part of an animal, such as a wing",chi (tay chân),True,False,limbless,1,không có (hoặc chưa xác định),không có biến thể đáng chú ý,Con người,Cơ thể
limit,the greatest or smallest amount of something that is allowed,giới hạn,True,False,delimit; delimitate; delimitation; delimitations; illimitable; limitable; limitation; limitless; limitlessly; limitlessness; unlimited,11,không có (hoặc chưa xác định),không có biến thể đáng chú ý,Khái niệm trừu tượng,Phạm vi và bộ phận
line,"a long, thin mark on a surface",đường kẻ,True,True,airline; airliner; align; alignment; baseline; beeline; bilinear; borderline; breadline; byline; clothesline; coastline; dateline; deadline; delineaments; delineate; delineation; eyeliner; guidelines; hairline; headline; hipline; interlining; jetliners; lifeline; ligneous; lignite; lineal; linear; linearly; linebackers; lineman; liner; linertrain; lineup; mainline; misalignment; neckline; nightline; nonaligned; nonalignment; outline; pipeline; realign; realignment; relining; shoreline; sideline; skyline; storyline; streamline; touchline; underline; waterline,54,không có (hoặc chưa xác định),không có biến thể đáng chú ý,"Nghệ thuật, thiết kế và văn hóa",Hình dạng
linger,to continue to exist for longer than expected,nán lại,True,False,lingerer; lingeringly,2,không có (hoặc chưa xác định),không có biến thể đáng chú ý,Khái niệm trừu tượng,Thời gian và thứ tự
link,a connection between two or more people or things,liên kết,True,True,interlink; linkage; linkup; unlinked,4,không có (hoặc chưa xác định),không có biến thể đáng chú ý,"Khoa học, công nghệ và kỹ thuật",Internet
lion,"a large, powerful animal of the cat family that hunts in groups and lives in parts of Africa and southern Asia. Lions have yellow-brown fur and the male has a mane (= long, thick hair round its neck).",sư tử,True,False,lioness; lionization; lionize,3,không có (hoặc chưa xác định),không có biến thể đáng chú ý,Môi trường và tự nhiên,Động vật có vú
lip,either of the two soft edges at the opening to the mouth,môi,False,True,lipstick,1,không có (hoặc chưa xác định),không có biến thể đáng chú ý,Con người,Khuôn mặt
list,"a series of names, items, figures, etc., especially when they are written or printed",danh sách,True,True,blacklist; booklists; checklist; enlist; enlistment; listless; listlessly; listlessness; unlisted,9,không có (hoặc chưa xác định),không có biến thể đáng chú ý,Đời sống hằng ngày,Mua sắm hằng ngày
listen,to pay attention to somebody/something that you can hear,lắng nghe,True,False,listener,1,không có (hoặc chưa xác định),không có biến thể đáng chú ý,Giải trí và thời gian rảnh,Phong cách âm nhạc
litre,"a unit for measuring volume, equal to 1.76 British pints or 2.11 American pints",lít,True,False,kilolitre; millilitre,2,không có (hoặc chưa xác định),liter (Mỹ),"Khoa học, công nghệ và kỹ thuật",Đo lường
litter,"small pieces of rubbish such as paper, cans and bottles, that people have left lying in a public place","rác, đàn con",False,True,litterbag; litterbin; litterbug,3,không có (hoặc chưa xác định),không có biến thể đáng chú ý,Nhà cửa,Xử lý rác
little,not big; small; smaller than others,nhỏ bé,True,True,belittle; littleness; littlepage's; littler; littlest,5,không có (hoặc chưa xác định),không có biến thể đáng chú ý,Khái niệm trừu tượng,Mức độ và so sánh
live,living; not dead,sống,True,True,alive; enliven; livability; livable; livelier; liveliest; livelihood; liveliness; livelong; lively; livestock; outlive; relive,13,không có (hoặc chưa xác định),không có biến thể đáng chú ý,Nhà cửa,Ngôi nhà
liver,a large organ in the body that cleans the blood and produces bile,gan,True,False,liverish,1,không có (hoặc chưa xác định),không có biến thể đáng chú ý,Con người,Nội tạng
load,"something that is being carried (usually in large amounts) by a person, vehicle, etc.",tải trọng,True,True,armload; autoloader; boatload; carload; freeload; freeloader; loader; overload; payload; planeload; reload; shipload; unload; unloader,14,không có (hoặc chưa xác định),không có biến thể đáng chú ý,Giao thông,Xe tải và vận chuyển
loan,money that an organization such as a bank lends and somebody borrows,khoản vay,False,True,loanword,1,không có (hoặc chưa xác định),không có biến thể đáng chú ý,Kinh doanh và tài chính,Khoản vay
lobby,a large area inside the entrance of a public building where people can meet and wait,"sảnh, vận động hành lang",True,False,lobbyist,1,không có (hoặc chưa xác định),không có biến thể đáng chú ý,Du lịch và lưu trú,Lễ tân
lock,"a device that keeps a door, window, box, etc. shut, usually needing a key to open it",khóa,True,True,airlock; deadlock; forelock; interlock; landlocked; lockable; locker; lockian; locknut; lockout; lockup; matchlock; padlock; shylock; shylockian; unlock; wedlock,17,không có (hoặc chưa xác định),không có biến thể đáng chú ý,Nhà cửa,An ninh nhà ở
log,a thick piece of wood that is cut from or has fallen from a tree,"khúc gỗ, nhật ký",True,True,backlog; climatology; criminologist; criminology; demythologization; demythologize; dialogue; epidemiological; epilogue; escapologist; escapology; eulogist; eulogistic; eulogistically; eulogize; eulogizers; eulogy; genealogical; genealogically; genealogist; genealogy; horology; immunology; logbook; logger; loggerheads; logjams; macropathological; macropathology; methodological; methodologically; methodology; monologist; monologue; mythological; mythologist; mythology; nonmythological; pathologic; pathological; pathologically; pathologist; pathology; penology; phonological; phonologically; phonologist; phonology; phraseology; prologue; radiologist; radiology; semiology; typology; waterlogged,55,không có (hoặc chưa xác định),không có biến thể đáng chú ý,"Khoa học, công nghệ và kỹ thuật",Máy tính
logic,a way of thinking or explaining something,logic,True,True,idealogical; illogical; illogicality; illogically; illogicalness; logical; logicality; logically; logician,9,không có (hoặc chưa xác định),không có biến thể đáng chú ý,Khái niệm trừu tượng,Nhận thức và ý nghĩa
long,"measuring or covering a great length or distance, or a greater length or distance than usual",dài,True,True,elongate; elongation; headlong; lifelong; livelong; longboat; longbow; longer; longest; longevity; longfellow; longhaired; longhand; longhorn; longingly; longish; longitude; longitudinal; longitudinally; longrun; longship; longshot; longstanding; longsuffering; longtime; longwearing; longwinded; longwindedly; longwindedness; longwise; overlong; prolong; prolongation; sidelong; yearlong,35,không có (hoặc chưa xác định),không có biến thể đáng chú ý,"Khoa học, công nghệ và kỹ thuật",Đo lường
look,an act of looking at somebody/something,nhìn,True,True,looker; lookout; lookup; onlooker; outlook; overlook,6,không có (hoặc chưa xác định),không có biến thể đáng chú ý,Con người,Ngoại hình
loom,"to appear as a large shape that is not clear, especially in a frightening way","khung dệt, hiện ra",False,True,broadloom,1,không có (hoặc chưa xác định),không có biến thể đáng chú ý,Khái niệm trừu tượng,Thay đổi và phát sinh
loop,a shape like a curve or circle made by a line curving right round,vòng lặp,True,True,loophole; loopier; loopiest; loopy,4,không có (hoặc chưa xác định),không có biến thể đáng chú ý,"Khoa học, công nghệ và kỹ thuật",Phần mềm
loose,not securely fixed where it should be; able to become separated from something,lỏng lẻo,True,True,footloose; loosebox; loosely; loosen; looseness; looser; loosest; unloose; unloosen,9,lose: lose = mất/thua (động từ); loose = lỏng lẻo (tính từ),không có biến thể đáng chú ý,Ngoại hình và trang phục,Kích cỡ và kiểu dáng
lord,"(in the UK) a man of high rank in the nobility (= people of high social class), or somebody who has been given the title ‘lord’ as an honour",lãnh chúa,True,True,landlord; lordlier; lordliest; lordliness; lordly; lordship; milord; overlord; warlord,9,không có (hoặc chưa xác định),không có biến thể đáng chú ý,"Nghệ thuật, thiết kế và văn hóa",Di sản và bảo tàng
lose,to be unable to find something/somebody,"mất, thua",True,False,loser,1,loose: lose = mất/thua (động từ); loose = lỏng lẻo (tính từ),không có biến thể đáng chú ý,Thể thao,Luật thi đấu
loud,making a lot of noise,ồn ào,True,True,louder; loudest; loudhailer; loudly; loudmouth; loudness; loudspeaker; overloud,8,không có (hoặc chưa xác định),không có biến thể đáng chú ý,Khái niệm trừu tượng,Mức độ và so sánh
love,"a very strong feeling of liking and caring for somebody/something, especially a member of your family or a friend",tình yêu,True,True,beloved; lovable; lovebird; lovechildren; lovejoy; loveless; lovelier; loveliest; loveliness; lovely; lovemaking; lover; loverlike; lovesick; loveways; lovey; truelove; unlovely,18,không có (hoặc chưa xác định),không có biến thể đáng chú ý,Con người,Mối quan hệ
low,not high or tall; not far above the ground,thấp,True,True,lowdown; lower; lowermost; lowest; lowland; lowlander; lowlier; lowliest; lowliness; lowly; lowness; partlow's,12,không có (hoặc chưa xác định),không có biến thể đáng chú ý,Khái niệm trừu tượng,Mức độ và so sánh
loyal,remaining constant in your support of somebody/something,trung thành,True,False,disloyal; disloyally; disloyalty; loyalist; loyally; loyalty,6,không có (hoặc chưa xác định),không có biến thể đáng chú ý,Con người,Tính cách
luck,"good things that happen to you by chance, not because of your own efforts or abilities",may mắn,True,True,luckier; luckiest; luckily; luckiness; luckless; lucky; potluck; unluckily; unlucky,9,không có (hoặc chưa xác định),không có biến thể đáng chú ý,Khái niệm trừu tượng,Đánh giá và giá trị
lunch,a meal eaten in the middle of the day,bữa trưa,False,True,lunchroom; lunchtime,2,không có (hoặc chưa xác định),không có biến thể đáng chú ý,Ăn uống bên ngoài,Bữa trưa
luxury,expensive and of very high quality,sang trọng,True,False,luxuriance; luxuriant; luxuriantly; luxurious; luxuriously,5,không có (hoặc chưa xác định),không có biến thể đáng chú ý,Mua sắm,Trung tâm thương mại
lyric,the words of a popular song,lời bài hát,True,False,lyrical; lyrically; lyricism; lyricist,4,không có (hoặc chưa xác định),không có biến thể đáng chú ý,"Nghệ thuật, thiết kế và văn hóa",Âm nhạc
machine,"a piece of equipment with many parts that work together to do a particular task. The power used to work a machine may be electricity, steam, gas, etc. or human power.",máy móc,True,True,machinate; machination; machinegun; machinelike; machinery; machinist; supermachine,7,không có (hoặc chưa xác định),không có biến thể đáng chú ý,"Khoa học, công nghệ và kỹ thuật",Cơ khí
mad,very stupid; not at all sensible,"điên, tức giận",True,True,bemaddening; madcap; madden; madder; maddest; madhouse; madly; madman; madness; madwoman,10,không có (hoặc chưa xác định),không có biến thể đáng chú ý,Con người,Cảm xúc
magic,having or using special powers to make impossible things happen or seem to happen,phép thuật,True,False,magical; magically; magician; nonmagical,4,không có (hoặc chưa xác định),không có biến thể đáng chú ý,"Nghệ thuật, thiết kế và văn hóa",Văn hóa và lễ hội
mail,"the official system used for sending and delivering letters, packages, etc.",thư từ,True,True,airmail; blackmail; blackmailer; mailbag; mailboat; mailbox; mailer; mailman,8,male: mail = thư từ (danh từ); male = nam giới (tính từ/danh từ),không có biến thể đáng chú ý,Dịch vụ,Bưu điện
main,being the largest or most important of its kind,"chính, chủ yếu",True,True,mainland; mainline; mainly; mainsail; mainspring; mainstay; mainstream,7,không có (hoặc chưa xác định),không có biến thể đáng chú ý,Khái niệm trừu tượng,Đánh giá và giá trị
maintain,"to make something continue at the same level, standard, etc.",duy trì,True,False,maintainable; maintenance,2,không có (hoặc chưa xác định),không có biến thể đáng chú ý,Nhà cửa,Sửa chữa và bảo trì
major,very large or important,"chính, chuyên ngành",True,False,majorette; majority,2,không có (hoặc chưa xác định),không có biến thể đáng chú ý,Học tập và giáo dục,Các môn học
make,"the name or type of a machine, piece of equipment, etc. that is made by a particular company",làm,True,True,bookmaker; cabinetmakers; dressmaker; dressmaking; handmade; holidaymaker; homemade; homemaker; kingmaker; lawmakers; lawmaking; lovemaking; makepeace; maker; makeshift; makeup; manmade; matchmaker; matchmaking; moneymaker; moneymaking; pacemaker; peacemaker; peacemaking; phrasemaking; printmaking; remake; shoemaker; shoemaking; steelmaker; toolmaker; troublemaker; unmade; watchmaker,34,không có (hoặc chưa xác định),không có biến thể đáng chú ý,Ngôn ngữ hằng ngày,Động từ hành động cơ bản
male,being a man or boy,nam giới,True,True,malefactor; maleness,2,mail: mail = thư từ (danh từ); male = nam giới (tính từ/danh từ),không có biến thể đáng chú ý,Con người,Nam giới
man,an adult male human,đàn ông,True,True,adman; aircraftman; airman; anchorman; ashman; bandsman; barman; baseman; batman; beggarman; bellman; boatman; bondsman; bushman; businessman; busman; cameraman; caveman; chairman; chairmanship; coachman; coastguardsman; councilman; counterman; countryman; cowman; cracksman; craftsman; craftsmanship; crewman; crossman; dairyman; deliveryman; doorman; dustman; fireman; fisherman; footman; freshman; frogman; frontiersman; gamesmanship; gasman; gentleman; gentlemanly; goodman; groundsman; guardsman; gunman; handicraftsman; handyman; hangman; headman; highwayman; horseman; horsemanship; hotelman's; houseman; huntsman; husbandman; iceman; journeyman; landsman; lawman; layman; leadsman; letterman; liftman; lineman; madman; mailman; manful; manfully; manhandle; manhole; manhood; manhour; mankind; manlier; manlike; manliness; manly; manmade; manpower; manservant; mantrap; marksman; marksmanship; merchantman; middleman; midshipman; militiaman; milkman; minuteman; muscleman; newsman; newspaperman; nobleman; nurseryman; oilman; oneupmanship; orangeman; patrolman; penman; penmanship; pickman; pitman; policeman; postman; pressman; pullman; rifleman; roundsman; salesman; salesmanship; sandman; seaman; seamanlike; seamanship; serviceman; shipman; showman; showmanship; signalman; snowman; sportsman; sportsmanlike; sportsmanship; stableman; statesman; statesmanlike; statesmanship; steersman; stickman; sunman; superman; switchman; swordsman; swordsmanship; townsman; tradesman; trainman; tribesman; underclassman; unman; unmanly; watchman; waterman; weatherman; wingman; woodman; workman; workmanlike; workmanship,154,không có (hoặc chưa xác định),men (số nhiều bất quy tắc),Con người,Nam giới
manage,"to control or be in charge of a business, a team, an organization, land, etc.",quản lý,True,False,manageability; manageable; management; manager; manageress; managerial; mismanage; mismanagement; unmanageable; unmanageably; unmanaged,11,không có (hoặc chưa xác định),không có biến thể đáng chú ý,Nghề nghiệp và công việc,Nơi làm việc
manifest,"to show something clearly, especially a feeling, an attitude or a quality",biểu hiện rõ,True,False,manifestation; manifestly; manifesto,3,không có (hoặc chưa xác định),không có biến thể đáng chú ý,Khái niệm trừu tượng,Nhận thức và ý nghĩa
manipulate,"to control or influence somebody/something, often in a dishonest way so that they do not realize it",thao túng,True,False,manipulation; manipulative; manipulators,3,không có (hoặc chưa xác định),không có biến thể đáng chú ý,Con người,Mối quan hệ
manner,behaviour that is considered to be polite in a particular society or culture,"cách thức, thái độ",True,True,mannerhouse; mannerism; mannerly; unmannered; unmannerly,5,không có (hoặc chưa xác định),không có biến thể đáng chú ý,Ngôn ngữ hằng ngày,"Cảm ơn, xin lỗi và phép lịch sự"
march,"the 3rd month of the year, between February and April","diễu hành, tháng Ba",True,True,frogmarch; marcher,2,không có (hoặc chưa xác định),không có biến thể đáng chú ý,Ngôn ngữ hằng ngày,"Ngày, giờ và lịch cơ bản"
margin,the empty space at the side of a written or printed page,"lề, biên độ",True,False,marginal; marginally,2,không có (hoặc chưa xác định),không có biến thể đáng chú ý,Kinh doanh và tài chính,Doanh thu và lợi nhuận
marine,connected with the sea and the creatures and plants that live there,thuộc biển,True,False,antisubmarine; submarine; ultramarine,3,không có (hoặc chưa xác định),không có biến thể đáng chú ý,Môi trường và tự nhiên,Biển và đại dương
mark,"a written or printed symbol that is used as a sign of something, for example the quality of something or who made or owns it","dấu, đánh dấu",True,True,benchmarks; birthmark; bookmark; bookmarker; demarcate; demarcation; earmark; footmark; hallmark; landmark; markdown; markedly; marker; marksman; marksmanship; markswoman; markup; postmark; stylemark; tidemark; trademark; unmarked; watermark,23,không có (hoặc chưa xác định),không có biến thể đáng chú ý,Học tập và giáo dục,Điểm số và đánh giá
market,an occasion when people buy and sell goods; the open area or building where they meet to do this,thị trường,True,True,hypermarket; marketability; marketable; marketeer; marketer; marketplace; marketwise; newmarket; supermarket,9,không có (hoặc chưa xác định),không có biến thể đáng chú ý,Cộng đồng và đô thị,Chợ
marriage,the legal relationship between two people who are married to each other,hôn nhân,True,False,intermarriage; marriageability; marriageable; remarriage,4,không có (hoặc chưa xác định),không có biến thể đáng chú ý,Con người,Sự kiện đời người
marry,to become the husband or wife of somebody; to get married to somebody,kết hôn,True,False,intermarry; remarry; unmarried,3,không có (hoặc chưa xác định),không có biến thể đáng chú ý,Con người,Sự kiện đời người
martial,(không có định nghĩa trong Oxford 5000 - root này không phải headword độc lập),thuộc quân sự,True,False,martially,1,không có (hoặc chưa xác định),không có biến thể đáng chú ý,Thể thao,Võ thuật
mask,"something that you wear over your face to hide it, or to frighten or entertain other people ",mặt nạ,True,True,gasmask; unmask,2,không có (hoặc chưa xác định),không có biến thể đáng chú ý,Sức khỏe,Sơ cứu
mass,affecting or involving a large number of people or things,"khối lượng, đám đông",True,False,amass; massier; massive; massively; massiveness; massy,6,không có (hoặc chưa xác định),không có biến thể đáng chú ý,"Khoa học, công nghệ và kỹ thuật",Đo lường
master,"a man who has people working for him, often as servants in his home",bậc thầy,True,True,bandmaster; choirmaster; concertmaster; headmaster; homemaster; housemaster; masterful; masterfully; masterless; masterliness; masterly; mastermind; masterpiece; mastership; masterstroke; masterwork; mastery; overmaster; paymaster; postmaster; quartermaster; ringmaster; schoolmaster; taskmaster,24,không có (hoặc chưa xác định),không có biến thể đáng chú ý,Học tập và giáo dục,Bằng cấp
match,a sports event where people or teams compete against each other,"trận đấu, phù hợp",True,True,matchbox; matchless; matchlessly; matchlock; matchmaker; matchmaking; matchstick; matchwood; mismatch; outmatch; unmatchable; unmatched,12,không có (hoặc chưa xác định),không có biến thể đáng chú ý,Thể thao,Thể thao chung
mate,a friend,"bạn đời, bạn bè",True,True,campmate; checkmate; classmate; helpmate; inmate; matey; playmate; roommate; schoolmate; shipmate; summate; teammate; unmated,13,không có (hoặc chưa xác định),không có biến thể đáng chú ý,Con người,Mối quan hệ
material,"connected with money, possessions, etc. rather than with the needs of the mind or spirit",vật liệu,True,False,immaterial; materialism; materialist; materialistic; materialistically; materialization; materialize; materially,8,không có (hoặc chưa xác định),không có biến thể đáng chú ý,"Khoa học, công nghệ và kỹ thuật",Vật liệu
matter,"used (to ask) if somebody is upset, unhappy, etc. or if there is a problem","vấn đề, vật chất",True,False,antimatter,1,không có (hoặc chưa xác định),không có biến thể đáng chú ý,"Khoa học, công nghệ và kỹ thuật",Vật lý
mature,"behaving in a sensible way, like an adult",trưởng thành,True,False,immature; immaturely; immaturity; maturate; maturation; maturational; maturely; maturer; maturest; maturity; premature; prematurely,12,không có (hoặc chưa xác định),không có biến thể đáng chú ý,Con người,Tuổi tác và các giai đoạn cuộc đời
may,"the fifth month of the year, between April and June",có thể,True,True,maybug; mayday; mayfair; mayflower; mayfly; maypole; mayst,7,không có (hoặc chưa xác định),không có biến thể đáng chú ý,Ngữ pháp và hư từ,Trợ từ
mayor,"the head of the government of a town or city, etc., elected by the public",thị trưởng,True,True,mayoral; mayoress; mayorship,3,không có (hoặc chưa xác định),không có biến thể đáng chú ý,Cộng đồng và đô thị,Cơ quan hành chính
meal,"an occasion when people eat food, especially breakfast, lunch or dinner",bữa ăn,True,True,bonemeal; mealier; mealiest; mealtime; mealy; mealybug; piecemeal; wholemeal,8,không có (hoặc chưa xác định),không có biến thể đáng chú ý,Ăn uống bên ngoài,Bữa tối
mean,to have something as a meaning in the same or another language,có nghĩa là,True,True,meaner; meanest; meanie; meaningful; meaningfully; meaningfulness; meaningless; meaninglessness; meanly; meanness; meant; meantime; meanwhile,13,không có (hoặc chưa xác định),không có biến thể đáng chú ý,Khái niệm trừu tượng,Nhận thức và ý nghĩa
measure,an official action that is done in order to achieve a particular aim,đo lường,True,True,countermeasure; immeasurable; immeasurably; measurable; measurably; measureless; measurement; unmeasured,8,không có (hoặc chưa xác định),không có biến thể đáng chú ý,"Khoa học, công nghệ và kỹ thuật",Đo lường
meat,the soft part of an animal or a bird that can be eaten as food; a particular type of this,thịt,True,True,forcemeat; horsemeat; meatball; meatier; meatiest; meatiness; meatless; meaty; sweetmeat,9,meet: meat = thịt (danh từ); meet = gặp gỡ (động từ),không có biến thể đáng chú ý,Thực phẩm,Thịt
medal,"a flat piece of metal, usually like a coin in shape, that is given to the winner of a competition or to somebody who has been brave, for example in war",huy chương,True,False,medallion; medallist,2,không có (hoặc chưa xác định),không có biến thể đáng chú ý,Thể thao,Thể thao chung
medicine,the study and treatment of diseases and injuries,"y học, thuốc",True,False,medicinal; medicinally,2,không có (hoặc chưa xác định),không có biến thể đáng chú ý,Sức khỏe,Thuốc và dạng thuốc
medium,"in the middle between a larger and smaller size, amount, length, temperature, etc.","trung bình, phương tiện",True,True,mediumistic; mediumship,2,không có (hoặc chưa xác định),không có biến thể đáng chú ý,"Nghệ thuật, thiết kế và văn hóa",Vật liệu nghệ thuật
meet,to be in the same place as somebody by chance and talk to them,gặp gỡ,False,True,helpmeet; meetinghouse,2,meat: meat = thịt (danh từ); meet = gặp gỡ (động từ),không có biến thể đáng chú ý,Nghề nghiệp và công việc,Cuộc họp
melt,to become or make something become liquid as a result of heating,tan chảy,True,False,meltingly,1,không có (hoặc chưa xác định),không có biến thể đáng chú ý,"Khoa học, công nghệ và kỹ thuật",Vật lý
member,"a person, an animal or a plant that belongs to a particular group",thành viên,True,True,crewmember; dismember; dismemberment; membership,4,không có (hoặc chưa xác định),không có biến thể đáng chú ý,Con người,Mối quan hệ
mental,connected with or happening in the mind; involving the process of thinking,thuộc tinh thần,True,False,mentality; mentally,2,không có (hoặc chưa xác định),không có biến thể đáng chú ý,Sức khỏe,Sức khỏe tinh thần
mention,an act of referring to somebody/something in speech or writing,đề cập,True,False,mentionable; undermentioned; unmentionable,3,không có (hoặc chưa xác định),không có biến thể đáng chú ý,Con người,Mối quan hệ
merchant,"a person who buys and sells goods in large quantities, especially one who imports and exports goods",thương gia,False,True,merchantman,1,không có (hoặc chưa xác định),không có biến thể đáng chú ý,Kinh doanh và tài chính,Mua bán và giao dịch
mercy,a kind or forgiving attitude towards somebody that you have the power to harm or right to punish,lòng thương xót,True,False,merciful; mercifully; mercifulness; merciless; mercilessly; mercilessness,6,không có (hoặc chưa xác định),không có biến thể đáng chú ý,Con người,Cảm xúc
mere,"used when you want to emphasize how small, unimportant, etc. somebody/something is",chỉ là,True,False,merely; merest,2,không có (hoặc chưa xác định),không có biến thể đáng chú ý,Khái niệm trừu tượng,Mức độ và so sánh
merge,to combine or make two or more things combine to form a single thing,sáp nhập,True,False,emerge; emergence; emergent; merger; reemerged; submerge; submergence,7,không có (hoặc chưa xác định),không có biến thể đáng chú ý,Kinh doanh và tài chính,Doanh nghiệp
merit,the quality of being good and of deserving praise or reward,"giá trị, công trạng",True,False,demerit; meritorious; meritoriously; unmeritorious,4,không có (hoặc chưa xác định),không có biến thể đáng chú ý,Khái niệm trừu tượng,Đánh giá và giá trị
mess,a dirty or untidy state,bừa bộn,True,False,messier; messiest; messily; messiness; messy,5,không có (hoặc chưa xác định),không có biến thể đáng chú ý,Đời sống hằng ngày,Dọn dẹp nhà cửa
metal,"a type of solid mineral substance that is usually hard and shiny and that heat and electricity can travel through, for example tin, iron and gold",kim loại,True,True,bimetallic; gunmetal; metallic; metallurgical; metallurgist; metallurgy; metalwork; metalworker; nonmetallic,9,không có (hoặc chưa xác định),không có biến thể đáng chú ý,"Khoa học, công nghệ và kỹ thuật",Vật liệu
method,a particular way of doing something,phương pháp,True,True,methodical; methodically; methodism; methodist; methodological; methodologically; methodology; unmethodical,8,không có (hoặc chưa xác định),không có biến thể đáng chú ý,Học tập và giáo dục,Kỹ năng học tập
metre,a unit for measuring length; a hundred centimetres,mét,True,False,centimetre; kilometre; millimetre,3,không có (hoặc chưa xác định),meter (Mỹ),"Khoa học, công nghệ và kỹ thuật",Đo lường
middle,"in a position in the middle of an object, group of objects, people, etc.; between the beginning and the end of something",ở giữa,False,True,middleman; middletown; middleweight,3,không có (hoặc chưa xác định),không có biến thể đáng chú ý,Ngôn ngữ hằng ngày,Giới từ và trạng từ chỉ nơi chốn
midst,the middle part of something,giữa lúc,True,False,amidst,1,không có (hoặc chưa xác định),không có biến thể đáng chú ý,Ngôn ngữ hằng ngày,Giới từ và trạng từ chỉ nơi chốn
might,used when showing that something is or was possible,"sức mạnh, có thể",True,False,almighty; mightier; mightiest; mightily; mighty,5,không có (hoặc chưa xác định),không có biến thể đáng chú ý,Ngữ pháp và hư từ,Trợ từ
mild,not severe or strong,nhẹ nhàng,True,False,milder; mildest; mildly; mildness,4,không có (hoặc chưa xác định),không có biến thể đáng chú ý,Môi trường và tự nhiên,Khí hậu
mile,a unit for measuring distance equal to 1 609 metres or 1 760 yards,dặm,True,True,mileage; miler; milestone,3,không có (hoặc chưa xác định),không có biến thể đáng chú ý,"Khoa học, công nghệ và kỹ thuật",Đo lường
militia,a group of people who are not professional soldiers but who have had military training and can act as an army,dân quân,False,True,militiaman,1,không có (hoặc chưa xác định),không có biến thể đáng chú ý,"Pháp luật, an toàn và khẩn cấp",Cảnh sát
milk,"the white liquid produced by cows, goats and some other animals as food for their young and used as a drink by humans",sữa,True,True,buttermilk; milker; milkier; milkiest; milkiness; milkman; milkshake; milkweed; milky,9,không có (hoặc chưa xác định),không có biến thể đáng chú ý,Thực phẩm,Sữa và sản phẩm từ sữa
mill,a building fitted with equipment for grinding grain into flour; a machine for grinding grain,nhà máy,True,True,flourmill; millboard; millenarian; millenium; miller; millie; millpond; millstone; millwheel; watermill; windmill,11,không có (hoặc chưa xác định),không có biến thể đáng chú ý,Kinh doanh và tài chính,Doanh nghiệp
million,1 000 000,triệu,True,False,millionaire; millionfold; millionth; multimillionaire,4,không có (hoặc chưa xác định),không có biến thể đáng chú ý,Ngôn ngữ hằng ngày,Số đếm và số thứ tự
mind,"the part of a person that makes them able to be aware of things, to think and to feel",tâm trí,True,True,absentmindedly; broadminded; broadmindedly; broadmindedness; mastermind; minder; mindful; mindfully; mindfulness; mindless; mindlessly; mindlessness; remind; reminder; unmindful,15,không có (hoặc chưa xác định),không có biến thể đáng chú ý,Sức khỏe,Sức khỏe tinh thần
mine,"a deep hole or holes under the ground where minerals such as coal, gold, etc. are dug","của tôi, mỏ",True,True,coalmine; goldmine; landmine; minefield; minelaying; miner; minesweeper; minesweeping; undermine,9,không có (hoặc chưa xác định),không có biến thể đáng chú ý,Ngữ pháp và hư từ,Đại từ
mineral,"a substance that is naturally present in the earth and is not formed from animal or vegetable matter, for example gold and salt. Some minerals are also present in food and drink and in the human body and are essential for good health.",khoáng chất,True,False,demineralization; mineralized; mineralogical; mineralogist; mineralogy,5,không có (hoặc chưa xác định),không có biến thể đáng chú ý,Môi trường và tự nhiên,Khoáng vật
minister,a senior member of the government who is in charge of a government department or a branch of one,bộ trưởng,True,False,administer; administration; administrative; administratively; administrator; ministerial; ministerially; ministrant; ministration; ministry,10,không có (hoặc chưa xác định),không có biến thể đáng chú ý,"Pháp luật, an toàn và khẩn cấp",Cơ quan hành chính
minor,"not very large, important or serious","nhỏ, vị thành niên",True,False,minority,1,không có (hoặc chưa xác định),không có biến thể đáng chú ý,"Pháp luật, an toàn và khẩn cấp",Quyền công dân
minute,extremely small,phút,True,True,minutely; minuteman; minuteness; minuter; minutest,5,không có (hoặc chưa xác định),không có biến thể đáng chú ý,Ngôn ngữ hằng ngày,"Ngày, giờ và lịch cơ bản"
miracle,an act or event that does not follow the laws of nature and is believed to be caused by God,phép màu,True,False,miraculous; miraculously,2,không có (hoặc chưa xác định),không có biến thể đáng chú ý,"Nghệ thuật, thiết kế và văn hóa",Tôn giáo và nơi thờ tự
miss,to be or arrive too late for something,"nhớ, bỏ lỡ",True,False,commissary; commission; commissionaire; commissioner; dismiss; dismissal; emissary; missy; noncommissioned,9,không có (hoặc chưa xác định),không có biến thể đáng chú ý,Con người,Cảm xúc
mission,that cannot exist or be done; not possible,sứ mệnh,True,False,missionary,1,không có (hoặc chưa xác định),không có biến thể đáng chú ý,Nghề nghiệp và công việc,Nơi làm việc
mix,a combination of different people or things,trộn lẫn,True,False,admix; admixture; intermix; mixer; mixture; premix; unmixed,7,không có (hoặc chưa xác định),không có biến thể đáng chú ý,Đời sống hằng ngày,Nấu ăn
mob,"a large crowd of people, especially one that may become violent or cause trouble",đám đông,True,True,mobcaps; mobster,2,không có (hoặc chưa xác định),không có biến thể đáng chú ý,"Pháp luật, an toàn và khẩn cấp",Tội phạm và điều tra
mobile,"connected with mobile phones, tablets, etc.",di động,True,False,automobile; demobilization; demobilize; immobile; immobility; immobilization; immobilize; mobility; mobilization; mobilize,10,không có (hoặc chưa xác định),không có biến thể đáng chú ý,"Khoa học, công nghệ và kỹ thuật",Điện thoại thông minh
mode,a particular way of doing something; a particular type of something,chế độ,True,False,modal; modality; modally; modish; modishly; outmoded,6,không có (hoặc chưa xác định),không có biến thể đáng chú ý,"Khoa học, công nghệ và kỹ thuật",Phần mềm
model,"a copy of something, usually smaller than the original object",mô hình,True,False,modeller; remodel,2,không có (hoặc chưa xác định),không có biến thể đáng chú ý,"Nghệ thuật, thiết kế và văn hóa",Thiết kế đồ họa
moderate,"that is neither very good, large, hot, etc. nor very bad, small, cold, etc.",vừa phải,True,False,immoderate; immoderately; moderately; moderation; moderator,5,không có (hoặc chưa xác định),không có biến thể đáng chú ý,Khái niệm trừu tượng,Mức độ và so sánh
modern,of the present time or recent times ,hiện đại,True,False,modernism; modernist; modernistic; modernistically; modernity; modernization; modernize; ultramodern,8,không có (hoặc chưa xác định),không có biến thể đáng chú ý,"Nghệ thuật, thiết kế và văn hóa",Phong cách kiến trúc
modest,"not very large, expensive, important, etc.",khiêm tốn,True,False,immodest; immodestly; immodesty; modestly; modesty,5,không có (hoặc chưa xác định),không có biến thể đáng chú ý,Con người,Tính cách
modify,"to change something slightly, especially in order to make it more suitable for a particular purpose",sửa đổi,True,False,modification; modifier; unmodified,3,không có (hoặc chưa xác định),không có biến thể đáng chú ý,Khái niệm trừu tượng,Thay đổi và phát sinh
moment,a very short period of time,khoảnh khắc,True,False,momenta; momentarily; momentary; momentous; momentously; momentousness; momentum,7,không có (hoặc chưa xác định),không có biến thể đáng chú ý,Khái niệm trừu tượng,Thời gian và thứ tự
money,"what you earn by working or selling things, and use to buy things",tiền bạc,True,True,moneybags; moneybox; moneychanger; moneylender; moneyless; moneymaker; moneymaking,7,không có (hoặc chưa xác định),không có biến thể đáng chú ý,Ngôn ngữ hằng ngày,Tiền tệ và mệnh giá
monk,a member of a religious group of men who often live apart from other people in a monastery and who do not marry or have personal possessions,nhà sư,True,False,monkish,1,không có (hoặc chưa xác định),không có biến thể đáng chú ý,"Nghệ thuật, thiết kế và văn hóa",Tôn giáo và nơi thờ tự
monster,"(in stories) an imaginary creature that is very large, ugly and frightening",quái vật,True,False,demonstrable; demonstrably; demonstrate; demonstration; demonstrative; demonstratively; demonstrator; monstrosity; monstrous; monstrously; remonstrance; remonstrate; undemonstrative,13,không có (hoặc chưa xác định),không có biến thể đáng chú ý,"Nghệ thuật, thiết kế và văn hóa",Văn hóa và lễ hội
month,"any of the twelve periods of time into which the year is divided, for example May or June",tháng,True,True,bimonthly; monthly; twelvemonth,3,không có (hoặc chưa xác định),không có biến thể đáng chú ý,Ngôn ngữ hằng ngày,"Ngày, giờ và lịch cơ bản"
monument,"a building, column, statue, etc. built to remind people of a famous person or event",tượng đài,True,False,monumental; monumentally,2,không có (hoặc chưa xác định),không có biến thể đáng chú ý,"Nghệ thuật, thiết kế và văn hóa",Di sản và bảo tàng
mood,the way you are feeling at a particular time,tâm trạng,True,False,moodier; moodiest; moodily; moodiness; moody,5,không có (hoặc chưa xác định),không có biến thể đáng chú ý,Con người,Cảm xúc
moon,the round object that moves around the earth once every 27½ days and shines at night by light reflected from the sun,mặt trăng,True,True,moonbeam; moonflower; moonier; moonless; moonlight; moonlighter; moonshine; moonstone; moontrack; moony,10,không có (hoặc chưa xác định),không có biến thể đáng chú ý,Môi trường và tự nhiên,Không gian
moral,connected with principles of right and wrong behaviour,đạo đức,True,False,amoral; demoralization; demoralize; immoral; immorality; immorally; morally,7,không có (hoặc chưa xác định),không có biến thể đáng chú ý,Khái niệm trừu tượng,Đánh giá và giá trị
more,used to form the comparative of most adjectives and adverbs with two or more syllables,nhiều hơn,False,True,anymore; evermore; furthermore; morehouse; moreover,5,không có (hoặc chưa xác định),không có biến thể đáng chú ý,Ngữ pháp và hư từ,Lượng từ
morning,the early part of the day from the time when people wake up until 12 o'clock in the middle of the day or before lunch,buổi sáng,True,False,midmorning,1,không có (hoặc chưa xác định),không có biến thể đáng chú ý,Ngôn ngữ hằng ngày,"Ngày, giờ và lịch cơ bản"
mortgage,"a legal agreement by which a bank or similar organization lends you money to buy a house, etc., and you pay the money back over a particular number of years; the sum of money that you borrow",thế chấp,True,False,mortgagee; mortgagor,2,không có (hoặc chưa xác định),không có biến thể đáng chú ý,Kinh doanh và tài chính,Khoản vay
most,used to form the superlative of most adjectives and adverbs of two or more syllables,nhiều nhất,True,True,backmost; easternmost; furthermost; inmost; lowermost; midmost; mostly; northernmost; outermost; outmost; rearmost; topmost; upmost; uppermost; westernmost,15,không có (hoặc chưa xác định),không có biến thể đáng chú ý,Ngữ pháp và hư từ,Lượng từ
mother,a female parent of a child or animal; a person who is acting as a mother to a child,mẹ,True,True,godmother; grandmother; housemother; motherhood; motherland; motherless; motherlike; motherliness; motherly; motherwell; stepmother,11,không có (hoặc chưa xác định),không có biến thể đáng chú ý,Con người,Gia đình
motion,the act or process of moving or the way something moves,chuyển động,True,False,commotion; motionless; motionlessly; motionlessness,4,không có (hoặc chưa xác định),không có biến thể đáng chú ý,"Khoa học, công nghệ và kỹ thuật",Vật lý
motive,a reason for doing something,động cơ,True,False,motivate; motivation; motivations; motiveless; unmotivated,5,không có (hoặc chưa xác định),không có biến thể đáng chú ý,Khái niệm trừu tượng,Nguyên nhân và mục đích
motor,having an engine; using the power of an engine,"động cơ, mô tơ",True,True,motorboat; motorcar; motorcycle; motorcyclist; motorist; motorize; motorway; pushbike,8,không có (hoặc chưa xác định),không có biến thể đáng chú ý,Giao thông,Cơ khí ô tô
mount,to organize and begin something,"gắn lên, leo lên",True,True,amount; dismount; evermounting; insurmountable; mountie; remount; surmount; surmountable; unsurmountable,9,không có (hoặc chưa xác định),không có biến thể đáng chú ý,Môi trường và tự nhiên,Núi và cảnh quan
mountain,"a very high hill, often with rocks near the top",núi,True,True,mountaineer; mountainous; mountainously; mountainside; mountaintop,5,không có (hoặc chưa xác định),không có biến thể đáng chú ý,Môi trường và tự nhiên,Núi và cảnh quan
mouse,"a small animal that is covered in fur and has a long thin tail. Mice live in fields, in people’s houses or where food is stored.",chuột,True,True,fieldmouse; mousers; mousetrap; mousier; mousiest; mousy,6,không có (hoặc chưa xác định),mice (số nhiều bất quy tắc),"Khoa học, công nghệ và kỹ thuật",Phần cứng máy tính
mouth,"the opening in the face used for speaking, eating, etc.; the area inside the head behind this opening",miệng,True,True,cottonmouth; goalmouth; loudmouth; mouthful; mouthorgan; mouthpiece; mouthwash,7,không có (hoặc chưa xác định),không có biến thể đáng chú ý,Con người,Khuôn mặt
move,a change of place or position,di chuyển,True,True,countermove; earthmoving; immovable; immovably; irremovable; movable; movably; movement; mover; movie; movingly; removable; removal; remove; remover; unmoved,16,không có (hoặc chưa xác định),không có biến thể đáng chú ý,Nhà cửa,Ngôi nhà
much,to a great degree,nhiều,True,True,inasmuch; muchness; overmuch,3,không có (hoặc chưa xác định),không có biến thể đáng chú ý,Ngữ pháp và hư từ,Lượng từ
mud,wet earth that is soft and sticky,bùn,True,True,muddier; muddiest; muddiness; muddy; mudflat; mudguard; mudpack,7,không có (hoặc chưa xác định),không có biến thể đáng chú ý,Môi trường và tự nhiên,Địa chất
mum,a mother,mẹ (tiếng Anh Anh),True,False,mummery,1,không có (hoặc chưa xác định),mom (Mỹ),Con người,Gia đình
municipal,"connected with or belonging to a town, city or district that has its own local government",thuộc thành phố,True,False,municipality; municipally,2,không có (hoặc chưa xác định),không có biến thể đáng chú ý,Cộng đồng và đô thị,Cơ quan hành chính
murder,the crime of killing somebody deliberately,giết người,True,False,murderer; murderess; murderous; murderously; murderousness,5,không có (hoặc chưa xác định),không có biến thể đáng chú ý,"Pháp luật, an toàn và khẩn cấp",Tội phạm và điều tra
muscle,a piece of body tissue that you make tight and relax in order to move a particular part of the body; the tissue that forms the muscles of the body,cơ bắp,True,True,muscleman; muscular; muscularly; musculature,4,không có (hoặc chưa xác định),không có biến thể đáng chú ý,Con người,Cơ bắp
music,sounds that are arranged in a way that is pleasant or exciting to listen to. People sing music or play it on instruments.,âm nhạc,True,False,musical; musicale; musicality; musically; musician; musicianship; nonmusical,7,không có (hoặc chưa xác định),không có biến thể đáng chú ý,"Nghệ thuật, thiết kế và văn hóa",Âm nhạc
must,used to say that something is necessary or very important (sometimes involving a rule or a law),phải,True,False,mustier; mustiest; mustiness; musty,4,không có (hoặc chưa xác định),không có biến thể đáng chú ý,Ngữ pháp và hư từ,Trợ từ
mutual,"used to describe feelings that two or more people have for each other equally, or actions that affect two or more people equally",lẫn nhau,True,False,mutuality; mutually,2,không có (hoặc chưa xác định),không có biến thể đáng chú ý,Con người,Mối quan hệ
my,of or belonging to the speaker or writer,của tôi,False,True,milord; myself,2,không có (hoặc chưa xác định),không có biến thể đáng chú ý,Ngữ pháp và hư từ,Đại từ
myth,"a story from ancient times, especially one that was told to explain natural events or to describe the early history of a people; this type of story",thần thoại,True,True,demythologization; demythologize; mythic; mythical; mythological; mythologist; mythology; nonmythological,8,không có (hoặc chưa xác định),không có biến thể đáng chú ý,"Nghệ thuật, thiết kế và văn hóa",Văn hóa và lễ hội
nail,the thin hard layer covering the outer tip of the fingers or toes,"móng tay, đinh",False,True,doornail; fingernail; hangnail; nailbrush; thumbnail; toenail,6,không có (hoặc chưa xác định),không có biến thể đáng chú ý,Ngoại hình và trang phục,Chăm sóc móng
naked,not wearing any clothes,trần trụi,True,False,nakedly; nakedness,2,không có (hoặc chưa xác định),không có biến thể đáng chú ý,Ngoại hình và trang phục,Cơ thể và ngoại hình
name,"a word or words that a particular person, animal, place or thing is known by",tên,True,True,forename; misname; nameless; namely; nameplate; namesake; rename; surname; unnameable; unnamed,10,không có (hoặc chưa xác định),không có biến thể đáng chú ý,Ngôn ngữ hằng ngày,Thông tin cá nhân
narrow,"measuring a short distance from one side to the other, especially in relation to length",hẹp,True,False,narrower; narrowest; narrowly; narrowness,4,không có (hoặc chưa xác định),không có biến thể đáng chú ý,"Khoa học, công nghệ và kỹ thuật",Đo lường
nasty,very bad or unpleasant,khó chịu,True,False,nastier; nastiest; nastily; nastiness,4,không có (hoặc chưa xác định),không có biến thể đáng chú ý,Khái niệm trừu tượng,Đánh giá và giá trị
nation,"a country considered as a group of people with the same language, culture and history, who live in a particular area under one government",quốc gia,True,True,denationalization; denationalize; international; internationale; internationalism; internationalist; internationalization; internationalize; internationally; national; nationalcar; nationalism; nationalist; nationalistic; nationalistically; nationality; nationalization; nationalize; nationally; nationwide; supranational; supranationalism,22,không có (hoặc chưa xác định),không có biến thể đáng chú ý,Ngôn ngữ hằng ngày,Bản đồ và khu vực thế giới
native,connected with the place where you were born and lived for the first years of your life,bản xứ,True,False,nativity,1,không có (hoặc chưa xác định),không có biến thể đáng chú ý,Ngôn ngữ hằng ngày,Bản đồ và khu vực thế giới
nature,"all the plants, animals and things that exist in the universe that are not made by people",tự nhiên,True,False,denatured; natural; naturalism; naturalist; naturalistic; naturalistically; naturalization; naturalize; naturally; naturalness; naturism; naturist; naturopath; supernatural; supernaturalism; supernaturally; unnatural; unnaturally; unnaturalness,19,không có (hoặc chưa xác định),không có biến thể đáng chú ý,Môi trường và tự nhiên,Bảo tồn thiên nhiên
near,a short distance away,gần,True,True,nearby; nearer; nearest; nearly; nearness; nearside; nearsighted; nearsightedly; nearsightedness,9,không có (hoặc chưa xác định),không có biến thể đáng chú ý,Ngôn ngữ hằng ngày,Giới từ và trạng từ chỉ nơi chốn
neat,tidy and in order; carefully done or arranged,gọn gàng,True,False,neater; neatest; neatly; neatness,4,không có (hoặc chưa xác định),không có biến thể đáng chú ý,Đời sống hằng ngày,Dọn dẹp nhà cửa
neck,the part of the body between the head and the shoulders,cổ,True,True,bottleneck; breakneck; leatherneck; neckband; neckcloth; necklet; neckline; necktie; neckwear; redneck; roughneck; rubberneck,12,không có (hoặc chưa xác định),không có biến thể đáng chú ý,Con người,Cơ thể
need,a situation when something is necessary or must be done,cần thiết,True,False,needful; needfully; needier; neediest; neediness; needless; needlessly; needy; unneeded,9,không có (hoặc chưa xác định),không có biến thể đáng chú ý,Ngôn ngữ hằng ngày,Nhu cầu và yêu cầu thường gặp
needle,"a small thin piece of steel that you use for sewing, with a point at one end and a hole for the thread at the other",kim khâu,False,True,needlecraft; needlepoint; needlewoman; needlework,4,không có (hoặc chưa xác định),không có biến thể đáng chú ý,Ngoại hình và trang phục,Sửa chữa quần áo
neglect,the fact of not giving enough care or attention to something/somebody; the state of not receiving enough care or attention,bỏ bê,True,False,neglectful; neglectfully; neglectfulness,3,không có (hoặc chưa xác định),không có biến thể đáng chú ý,Con người,Mối quan hệ
neighbour,a person who lives next to you or near you,hàng xóm,True,False,neighbourhood; neighbourliness; neighbourly,3,không có (hoặc chưa xác định),không có biến thể đáng chú ý,Cộng đồng và đô thị,Khu dân cư
nerve,"any of the long fibres that carry messages between the brain and parts of the body, enabling you to move, feel pain, etc.","thần kinh, can đảm",True,False,nerveless; nervelessness; nervier; nervous; nervously; nervousness; nervy; unnerve,8,không có (hoặc chưa xác định),không có biến thể đáng chú ý,Con người,Hệ cơ thể
nest,a hollow place or structure that a bird makes or chooses for laying its eggs in and sheltering its young,tổ chim,True,False,nester; nestlings,2,không có (hoặc chưa xác định),không có biến thể đáng chú ý,Môi trường và tự nhiên,Chim
net,a net amount of money is the amount that remains when nothing more is to be taken away,"lưới, mạng",False,True,dragnet; driftnet; hairnet; netball; network,5,không có (hoặc chưa xác định),không có biến thể đáng chú ý,Thể thao,Bóng chuyền
never,not at any time; not on any occasion,không bao giờ,False,True,neversink,1,không có (hoặc chưa xác định),không có biến thể đáng chú ý,Khái niệm trừu tượng,Thời gian và thứ tự
new,"not existing before; recently made, invented, introduced, etc.",mới,True,True,newbold; newborn; newbury; newcastle; newcomer; newer; newest; newfound; newly; newlywed; newmarket; newness; newsagent; newsboy; newscast; newscaster; newsdealer; newsflash; newsier; newsiest; newsiness; newsless; newsletter; newsman; newspaper; newspaperman; newsprint; newsreader; newsroom; newssheet; newsstand; newsweek; newsworthy; newsy; newtown; renew; renewable; renewal,38,không có (hoặc chưa xác định),không có biến thể đáng chú ý,Khái niệm trừu tượng,Thời gian và thứ tự
nice,pleasant or attractive,tốt đẹp,True,False,nicely; niceness; nicer; nicest; nicety,5,không có (hoặc chưa xác định),không có biến thể đáng chú ý,Khái niệm trừu tượng,Đánh giá và giá trị
night,"the time between one day and the next when it is dark, when people usually sleep",ban đêm,True,True,benighted; benightedly; goodnight; midnight; nightcap; nightclub; nightdress; nightfall; nightie; nightlife; nightlights; nightline; nightly; nightshade; nightshirt; nighttime; nightwork; overnight; overnighters; tonight; weeknight,21,không có (hoặc chưa xác định),không có biến thể đáng chú ý,Môi trường và tự nhiên,Ngày và đêm
nine,9,số chín,True,True,ninefold; ninepenny; ninepin; nineteen; nineteens; nineteenth; nineteenths; ninetieth; ninety; ninth,10,không có (hoặc chưa xác định),không có biến thể đáng chú ý,Ngôn ngữ hằng ngày,Số đếm và số thứ tự
no,not one; not any; not a,không,True,True,nobody; nothing; nothingness; nowhere; nowise,5,know: know = biết (động từ); no = không (phủ định),không có biến thể đáng chú ý,Ngôn ngữ hằng ngày,Câu hỏi thông dụng
noble,"having or showing fine personal qualities that people admire, such as courage, honesty and care for others",cao quý,True,True,ennoble; ennoblement; ignoble; ignobly; nobility; nobleman; nobler; noblest; noblewoman; nobly,10,không có (hoặc chưa xác định),không có biến thể đáng chú ý,Con người,Tính cách
noise,"a sound, especially when it is loud, unpleasant or frightening",tiếng ồn,True,False,noiseless; noiselessly; noiselessness; noisier; noisiest; noisily; noisiness; noisy,8,không có (hoặc chưa xác định),không có biến thể đáng chú ý,"Khoa học, công nghệ và kỹ thuật",Vật lý
noon,12 o’clock in the middle of the day,buổi trưa,True,True,afternoon; forenoon; noonday; noontime,4,không có (hoặc chưa xác định),không có biến thể đáng chú ý,Ngôn ngữ hằng ngày,"Ngày, giờ và lịch cơ bản"
nor,and not,cũng không,False,True,norborne; norfolk,2,không có (hoặc chưa xác định),không có biến thể đáng chú ý,Ngữ pháp và hư từ,Liên từ
norm,a situation or a pattern of behaviour that is usual or expected,chuẩn mực,True,False,abnormal; abnormality; abnormally; normal; normalcy; normality; normalization; normalize; normally; normative; subnormal; supernormal,12,không có (hoặc chưa xác định),không có biến thể đáng chú ý,Khái niệm trừu tượng,Đánh giá và giá trị
north,in or towards the north,phía bắc,True,True,northeast; northeaster; northeasterly; northeastern; northeastward; northerly; northern; northerner; northernmost; northward; northwest; northwester; northwesterly; northwestern; northwestward,15,không có (hoặc chưa xác định),không có biến thể đáng chú ý,Ngôn ngữ hằng ngày,Bản đồ và khu vực thế giới
nose,"the part of the face that sticks out above the mouth, used for breathing and smelling things",mũi,True,True,nosebag; nosebleed; nosedive; nosegay; nosier; nosiest; nosiness; nosy,8,không có (hoặc chưa xác định),không có biến thể đáng chú ý,Con người,Khuôn mặt
not,"used with be, do or have to form the negative of verbs; used to form the negative of modal verbs like can or must",không,False,True,cannot; notwithstanding; whatnot,3,không có (hoặc chưa xác định),không có biến thể đáng chú ý,Ngữ pháp và hư từ,Trợ từ
note,a short piece of writing to help you remember something,ghi chú,True,True,annotate; annotation; banknote; denotation; denotative; denote; footnote; keynote; notability; notable; notably; notate; notation; notebook; notecase; notepaper; noteworthy; notifiable; notification; notify,20,không có (hoặc chưa xác định),không có biến thể đáng chú ý,Học tập và giáo dục,Kỹ năng học tập
notice,"a sheet of paper giving written or printed information, usually put in a public place","thông báo, chú ý",True,False,noticeable; noticeably; unnoticed,3,không có (hoặc chưa xác định),không có biến thể đáng chú ý,Dịch vụ,Dịch vụ công
notion,"an idea, a belief or an understanding of something",khái niệm,True,False,notional,1,không có (hoặc chưa xác định),không có biến thể đáng chú ý,Khái niệm trừu tượng,Nhận thức và ý nghĩa
novel,"different from anything known before; new, interesting and often seeming slightly strange","tiểu thuyết, mới lạ",True,False,novelette; novelettish; novelettishly; novelist; novelized; novelty,6,không có (hoặc chưa xác định),không có biến thể đáng chú ý,Giải trí và thời gian rảnh,Đọc sách
now,(at) the present time,bây giờ,False,True,nowadays,1,không có (hoặc chưa xác định),không có biến thể đáng chú ý,Khái niệm trừu tượng,Thời gian và thứ tự
number,a word or symbol that represents an amount or a quantity,số lượng,True,True,numberless; numberplate; outnumber; unnumbered,4,không có (hoặc chưa xác định),không có biến thể đáng chú ý,Ngôn ngữ hằng ngày,Số đếm và số thứ tự
nurse,"a person whose job is to take care of sick or injured people, usually in a hospital",y tá,True,True,nursery; nurseryman; nursling,3,không có (hoặc chưa xác định),không có biến thể đáng chú ý,Sức khỏe,Điều dưỡng
nut,a small hard fruit with a very hard shell that grows on some trees,"hạt, đai ốc",True,True,butternut; chestnut; groundnut; locknut; nutcase; nutcracker; nuthouse; nutshell; nuttier; nuttiest; nuttiness; nutty; pignut,13,không có (hoặc chưa xác định),không có biến thể đáng chú ý,Thực phẩm,Hạt và trái khô
obey,to do what you are told or expected to do,vâng lời,True,False,disobey; obeisant,2,không có (hoặc chưa xác định),không có biến thể đáng chú ý,Con người,Tính cách
oblige,"to force somebody to do something, by law, because it is a duty, etc.",bắt buộc,True,False,disoblige; disobligingly; obligingly,3,không có (hoặc chưa xác định),không có biến thể đáng chú ý,Khái niệm trừu tượng,Khả năng và cần thiết
observe,to see or notice somebody/something,quan sát,True,False,nonobservance; nonobservant; observable; observably; observance; observant; observantly; observation; observational; observatory; observer; observingly,12,không có (hoặc chưa xác định),không có biến thể đáng chú ý,Môi trường và tự nhiên,Thiên văn học
obsess,"to completely fill your mind so that you cannot think of anything else, in a way that is not reasonable or normal",ám ảnh,True,False,obsession; obsessional; obsessive,3,không có (hoặc chưa xác định),không có biến thể đáng chú ý,Con người,Cảm xúc
obvious,easy to see or understand,rõ ràng,True,False,obviously; obviousness,2,không có (hoặc chưa xác định),không có biến thể đáng chú ý,Khái niệm trừu tượng,Nhận thức và ý nghĩa
occasion,a particular time when something happens,"dịp, cơ hội",True,False,occasional; occasionally,2,không có (hoặc chưa xác định),không có biến thể đáng chú ý,Giải trí và thời gian rảnh,Sự kiện và lễ hội
occupy,"to fill or use a space, an area or an amount of time",chiếm giữ,True,False,occupancy; occupant; occupation; occupational; occupationally; occupier; preoccupation; preoccupy; unoccupied,9,không có (hoặc chưa xác định),không có biến thể đáng chú ý,Nhà cửa,Ngôi nhà
occur,to happen,xảy ra,True,False,occurrence,1,không có (hoặc chưa xác định),không có biến thể đáng chú ý,Khái niệm trừu tượng,Thay đổi và phát sinh
ocean,the mass of salt water that covers most of the earth’s surface,đại dương,True,True,oceangoing; oceanic; oceanside; transoceanic,4,không có (hoặc chưa xác định),không có biến thể đáng chú ý,Môi trường và tự nhiên,Biển và đại dương
odd,strange or unusual,"kỳ lạ, lẻ",True,True,oddball; odder; oddest; oddity; oddly; oddment,6,không có (hoặc chưa xác định),không có biến thể đáng chú ý,Ngôn ngữ hằng ngày,Từ chỉ số lượng
of,belonging to somebody; relating to somebody,của,True,True,hereof; outta; thereof; whereof,4,không có (hoặc chưa xác định),không có biến thể đáng chú ý,Ngữ pháp và hư từ,Giới từ
off,used to say that something has been removed or become separated,"tắt, xa khỏi",True,True,breakoff; castoffs; checkoff; cutoff; falloff; kickoff; layoff; offish; payoff; playoff; runoff; standoffish; standoffishness; takeoff; tipoff; turnoff,16,không có (hoặc chưa xác định),không có biến thể đáng chú ý,Ngữ pháp và hư từ,Giới từ
offence,an illegal act ,"sự xúc phạm, tội phạm",False,True,offenceless,1,không có (hoặc chưa xác định),không có biến thể đáng chú ý,"Pháp luật, an toàn và khẩn cấp",Tội phạm và điều tra
offend,to make somebody feel upset because of something you say or do that is rude or embarrassing,xúc phạm,True,False,offender,1,không có (hoặc chưa xác định),không có biến thể đáng chú ý,Con người,Mối quan hệ
office,"a room, set of rooms or building where people work, usually sitting at desks",văn phòng,True,True,officeholder; officer; official; officialdom; officially; officiate; unofficial; unofficially,8,không có (hoặc chưa xác định),không có biến thể đáng chú ý,Nghề nghiệp và công việc,Văn phòng
often,many times,thường xuyên,True,True,oftener; oftenest; oftentimes,3,không có (hoặc chưa xác định),không có biến thể đáng chú ý,Khái niệm trừu tượng,Thời gian và thứ tự
oil,a thick liquid that is found in rock underground ,dầu,True,True,oilcan; oilcloth; oiler; oilfield; oilheating; oilier; oiliest; oiliness; oilman; oilseed; oilskin; oily,12,không có (hoặc chưa xác định),không có biến thể đáng chú ý,Thực phẩm,Dầu ăn
old,of a particular age,"già, cũ",True,True,older; oldest; oldies; oldish; oldster; witold,6,không có (hoặc chưa xác định),không có biến thể đáng chú ý,Con người,Tuổi tác và các giai đoạn cuộc đời
on,on somebody’s body; being worn,trên,True,True,onward; thereon; whereon,3,không có (hoặc chưa xác định),không có biến thể đáng chú ý,Ngữ pháp và hư từ,Giới từ
one,the number 1,một,True,True,anyone; capone's; everyone; oneness; oneself; onetime; oneupmanship; someone,8,không có (hoặc chưa xác định),không có biến thể đáng chú ý,Ngôn ngữ hằng ngày,Số đếm và số thứ tự
open,allowing things or people to go through; not closed or blocked ,mở,True,True,opencast; opener; openhearted; openheartedness; openly; openness; openwork; reopen; unopened,9,không có (hoặc chưa xác định),không có biến thể đáng chú ý,Mua sắm,Siêu thị
opera,a dramatic work in which all or most of the words are sung to music; works of this type as an art form or entertainment,nhạc kịch opera,True,True,operagoers; operatic,2,không có (hoặc chưa xác định),không có biến thể đáng chú ý,"Nghệ thuật, thiết kế và văn hóa",Nghệ thuật biểu diễn
opinion,"your feelings or thoughts about somebody/something, rather than a fact",ý kiến,True,False,opinionated; opinionative,2,không có (hoặc chưa xác định),không có biến thể đáng chú ý,Khái niệm trừu tượng,Đánh giá và giá trị
oral,spoken rather than written,bằng miệng,True,False,orally,1,không có (hoặc chưa xác định),không có biến thể đáng chú ý,Sức khỏe,Nha sĩ
orange,between red and yellow in colour,cam,True,True,orangeade; orangeman,2,không có (hoặc chưa xác định),không có biến thể đáng chú ý,"Nghệ thuật, thiết kế và văn hóa",Màu sắc
order,the way in which people or things are placed or arranged in relation to each other,"ra lệnh, đặt hàng",True,False,disorder; disorderliness; disorderly; orderliness; orderly; reorder,6,không có (hoặc chưa xác định),không có biến thể đáng chú ý,Ăn uống bên ngoài,Gọi món
organ,"a part of the body that has a particular purpose, such as the heart or the brain; part of a plant with a particular purpose","cơ quan, đàn organ",True,True,disorganization; disorganize; inorganic; inorganically; microorganism; mouthorgan; organic; organically; organism; organismic; organist; organization; organizational; organizationally; organize; organizer; reorganization; reorganize,18,không có (hoặc chưa xác định),không có biến thể đáng chú ý,Con người,Nội tạng
origin,the point from which something starts; the cause of something,nguồn gốc,True,False,aboriginal; aborigine; original; originality; originally; originate; origination; originator,8,không có (hoặc chưa xác định),không có biến thể đáng chú ý,Khái niệm trừu tượng,Nguyên nhân và mục đích
other,used to refer to people or things that are additional or different to people or things that have been mentioned or are known about,khác,True,True,otherwise; otherworldly,2,không có (hoặc chưa xác định),không có biến thể đáng chú ý,Ngữ pháp và hư từ,Đại từ
our,belonging to us; connected with us,của chúng ta,False,True,ourselves,1,không có (hoặc chưa xác định),không có biến thể đáng chú ý,Ngữ pháp và hư từ,Đại từ
out,away from the inside of a place or thing,ra ngoài,True,True,blackout; blowout; breakout; carryout; checkout; cutout; dropout; fadeout; fallout; handout; hangout; hideout; knockout; layout; lockout; lookout; outage; outer; outermost; outward; outwardly; printout; pullout; readout; sellout; stakeout; throughout; turnout; walkout; washout; without; workout,32,không có (hoặc chưa xác định),không có biến thể đáng chú ý,Ngữ pháp và hư từ,Giới từ
over,"across a street, an open space, etc.","ở trên, hơn",True,True,carryover; crossover; flyover; hangover; holdover; layover; leftovers; moreover; overly; passover; pullover; pushover; slipover; spillover; stopover; switchover; takeover; turnover; walkover,19,không có (hoặc chưa xác định),không có biến thể đáng chú ý,Ngữ pháp và hư từ,Giới từ
own,used to emphasize that something belongs to or is connected with somebody,sở hữu,True,True,disown; homeowners; landowner; owner; ownerless; ownership; ownself; shipowner,8,không có (hoặc chưa xác định),không có biến thể đáng chú ý,Nhà cửa,Ngôi nhà
oxygen,"a chemical element. Oxygen is a gas that is present in air and water and is necessary for people, animals and plants to live.",oxy,True,False,oxygenate; oxygenize,2,không có (hoặc chưa xác định),không có biến thể đáng chú ý,"Khoa học, công nghệ và kỹ thuật",Hóa học
pace,"the speed at which somebody/something walks, runs or moves",nhịp độ,True,True,pacemaker; pacer; pacesetter,3,không có (hoặc chưa xác định),không có biến thể đáng chú ý,Thể thao,Điền kinh
pack,"a container, usually made of paper, that holds a number of the same thing or an amount of something, ready to be sold","đóng gói, gói",True,True,backpack; icepack; mudpack; package; packer; packet; packhorse; prepack; prepackage; unpack,10,không có (hoặc chưa xác định),không có biến thể đáng chú ý,Ngôn ngữ hằng ngày,Bao bì và vật chứa
pad,"a thick piece of soft material that is used, for example, for cleaning or protecting something or for holding liquid",miếng đệm,True,True,footpad; inkpad; padlock; scratchpad; sketchpad; unpadded,6,không có (hoặc chưa xác định),không có biến thể đáng chú ý,Học tập và giáo dục,Đồ dùng học tập
page,"one side or both sides of a sheet of paper in a book, magazine, etc.",trang,True,True,littlepage's; paginate; pagination,3,không có (hoặc chưa xác định),không có biến thể đáng chú ý,Học tập và giáo dục,Sách giáo khoa
pain,the feelings that you have in your body when you have been hurt or when you are ill,đau đớn,True,True,painful; painfully; painfulness; painkiller; painless; painlessly; painstaking; painstakingly,8,không có (hoặc chưa xác định),không có biến thể đáng chú ý,Sức khỏe,Triệu chứng
paint,a liquid that is put on surfaces to give them a particular colour; a layer of this liquid when it has dried on a surface,"sơn, vẽ",True,True,housepaint; paintbox; paintbrush; painter; paintwork; repaint; unpaintable,7,không có (hoặc chưa xác định),không có biến thể đáng chú ý,"Nghệ thuật, thiết kế và văn hóa",Hội họa
pair,"two things of the same type, especially when they are used or worn together",cặp đôi,True,False,disrepair; impair; impairment; irreparable; irreparably; repair; repairer; reparable; reparation; unimpaired; unpaired,11,không có (hoặc chưa xác định),không có biến thể đáng chú ý,Ngôn ngữ hằng ngày,Từ chỉ số lượng
palace,"the official home of a king, queen, president, etc.",cung điện,True,False,palatial; palatially,2,không có (hoặc chưa xác định),không có biến thể đáng chú ý,"Nghệ thuật, thiết kế và văn hóa",Kiến trúc
pale,"having skin that is very light in colour; having skin that has less colour than usual because of illness, a strong emotion, etc.",nhợt nhạt,True,True,impale; impalement; paleface; palely; paleness; paler; palest; palish,8,không có (hoặc chưa xác định),không có biến thể đáng chú ý,"Nghệ thuật, thiết kế và văn hóa",Màu sắc
palm,"a straight tree with a mass of long leaves at the top, growing in tropical countries. There are several types of palm tree, some of which produce fruit.","lòng bàn tay, cây cọ",True,False,palmier; palmist; palmy,3,không có (hoặc chưa xác định),không có biến thể đáng chú ý,Con người,Bàn tay và bàn chân
pan,(không có định nghĩa trong Oxford 5000 - root này không phải headword độc lập),chảo,False,True,bedpan; deadpan; dustpan; pancake; panhandle; panhandler; saucepan,7,không có (hoặc chưa xác định),không có biến thể đáng chú ý,Nhà cửa,Đồ nội thất
panel,"a square or rectangular piece of wood, glass or metal that forms part of a larger surface such as a door or wall",bảng điều khiển,True,False,empanels; panellist,2,không có (hoặc chưa xác định),không có biến thể đáng chú ý,"Khoa học, công nghệ và kỹ thuật",Điện
panic,a sudden feeling of great fear that cannot be controlled and prevents you from thinking clearly,hoảng loạn,True,False,panicky,1,không có (hoặc chưa xác định),không có biến thể đáng chú ý,Con người,Cảm xúc
pant,(không có định nghĩa trong Oxford 5000 - root này không phải headword độc lập),thở hổn hển,True,True,ironpants; pantingly; panty; underpants,4,không có (hoặc chưa xác định),không có biến thể đáng chú ý,Con người,Hệ cơ thể
paper,the thin material that you write and draw on and that is also used for wrapping and packing things,giấy,True,True,endpaper; flypaper; newspaper; newspaperman; notepaper; paperback; paperboy; paperhanger; paperweight; paperwork; papery; sandpaper; wallpaper,13,không có (hoặc chưa xác định),không có biến thể đáng chú ý,Học tập và giáo dục,Đồ dùng học tập
parallel,two or more lines that are parallel to each other are the same distance apart at every point,song song,True,False,parallelism; unparalleled,2,không có (hoặc chưa xác định),không có biến thể đáng chú ý,"Nghệ thuật, thiết kế và văn hóa",Hình dạng
parent,a person’s father or mother,cha mẹ,True,True,godparent; grandparent; parentage; parental; parentally; parenthood,6,không có (hoặc chưa xác định),không có biến thể đáng chú ý,Con người,Gia đình
parish,an area that has its own church and that a priest is responsible for,giáo xứ,True,False,parishioner,1,không có (hoặc chưa xác định),không có biến thể đáng chú ý,"Nghệ thuật, thiết kế và văn hóa",Tôn giáo và nơi thờ tự
park,"an area of public land in a town or a city where people go to walk, play and relax","công viên, đỗ xe",True,True,airpark; parker; parkhouse; parkland; parklike; parkway,6,không có (hoặc chưa xác định),không có biến thể đáng chú ý,Cộng đồng và đô thị,Công viên
parliament,the group of people who are elected to make and change the laws of a country,quốc hội,True,False,parliamentarian; parliamentary; unparliamentary,3,không có (hoặc chưa xác định),không có biến thể đáng chú ý,"Pháp luật, an toàn và khẩn cấp",Cơ quan hành chính
part,some but not all of a thing,phần,True,True,bipartisan; bipartite; counterpart; forepart; impart; impartation; impartial; impartiality; impartially; nonpartisan; partial; partiality; partially; partisan; partisanship; partition; partlow's; partly; quadripartite; subparts; tripartite,21,không có (hoặc chưa xác định),không có biến thể đáng chú ý,Khái niệm trừu tượng,Phạm vi và bộ phận
participate,to take part in or become involved in an activity,tham gia,True,False,participation,1,không có (hoặc chưa xác định),không có biến thể đáng chú ý,Giải trí và thời gian rảnh,Sự kiện và lễ hội
partner,"a person that you are doing an activity with, such as dancing or playing a game",đối tác,True,False,partnership,1,không có (hoặc chưa xác định),không có biến thể đáng chú ý,Kinh doanh và tài chính,Công ty và phòng ban
pass,"an official document or ticket that shows that you have the right to enter or leave a place, to travel on a bus or train, etc.",vượt qua,True,True,bypass; impassable; overpass; passable; passably; passage; passageway; passbook; passerby; passkey; passover; passport; password; underpass,14,không có (hoặc chưa xác định),không có biến thể đáng chú ý,Thể thao,Bóng đá
passion,"a very strong feeling of love, hate, anger, enthusiasm, etc.",đam mê,True,False,dispassionate; dispassionately; impassion; passionate; passionately; passionateness; passionless; passionlessly,8,không có (hoặc chưa xác định),không có biến thể đáng chú ý,Con người,Cảm xúc
passive,accepting what happens or what people do without trying to change anything or oppose them,thụ động,True,False,impassive; impassively; impassiveness; impassivity; passively; passiveness; passivity; passivize,8,không có (hoặc chưa xác định),không có biến thể đáng chú ý,Con người,Tính cách
past,gone by in time,quá khứ,True,True,flypast; passee; pastime; pastness,4,không có (hoặc chưa xác định),không có biến thể đáng chú ý,Khái niệm trừu tượng,Thời gian và thứ tự
pastor,"a minister in charge of a Christian church or group, especially in some Nonconformist churches",mục sư,True,False,pastoral,1,không có (hoặc chưa xác định),không có biến thể đáng chú ý,"Nghệ thuật, thiết kế và văn hóa",Tôn giáo và nơi thờ tự
patch,"a small area of something, especially one which is different from the area around it",miếng vá,True,True,crosspatch; despatched; dispatch; patchier; patchiest; patchily; patchiness; patchwork; patchy,9,không có (hoặc chưa xác định),không có biến thể đáng chú ý,Ngoại hình và trang phục,Sửa chữa quần áo
patent,"an official right to be the only person to make, use or sell a product or an invention; a document that proves this",bằng sáng chế,True,False,patentee; patently,2,không có (hoặc chưa xác định),không có biến thể đáng chú ý,Kinh doanh và tài chính,Hợp đồng
patho,(không có định nghĩa trong Oxford 5000 - root này không phải headword độc lập),bệnh lý (gốc từ),True,True,antipathetic; antipathetically; antipathy; apathetic; apathetically; apathy; bypath; empathy; footpath; killpath; macropathological; macropathology; pathetic; pathetically; pathfinder; pathless; pathogenesis; pathogenic; pathologic; pathological; pathologically; pathologist; pathology; pathway; sympathetic; sympathetically; sympathize; sympathizer; sympathizingly; sympathy; unsympathetic,31,không có (hoặc chưa xác định),không có biến thể đáng chú ý,Sức khỏe,Bệnh tật
patience,the ability to stay calm and accept a delay or something annoying without complaining,sự kiên nhẫn,True,False,impatience,1,không có (hoặc chưa xác định),không có biến thể đáng chú ý,Con người,Tính cách
patient,able to wait for a long time or accept annoying behaviour or difficulties without becoming angry,"bệnh nhân, kiên nhẫn",True,False,impatient; impatiently; outpatient; patiently,4,không có (hoặc chưa xác định),không có biến thể đáng chú ý,Sức khỏe,Bệnh viện
patrol,"the act of going to different parts of a building, an area, etc. to make sure that there is no trouble or crime",tuần tra,False,True,patrolman,1,không có (hoặc chưa xác định),không có biến thể đáng chú ý,"Pháp luật, an toàn và khẩn cấp",Cảnh sát
patron,a person who gives money and support to artists and writers,người bảo trợ,True,False,patronage; patroness; patronize; patronizingly; unpatronizing,5,không có (hoặc chưa xác định),không có biến thể đáng chú ý,Kinh doanh và tài chính,Khách hàng
pay,the money that somebody gets for doing regular work,trả tiền,True,True,downpayment; nonpayment; overpaid; overpayment; payable; paycheck; payday; payee; payer; payload; paymaster; payment; payoff; payroll; postpaid; prepay; prepayment; ratepayer; repay; repayable; repayment; taxpayer; taxpaying; underpay; underpayment; unpaid,26,không có (hoặc chưa xác định),không có biến thể đáng chú ý,Nghề nghiệp và công việc,Lương và phúc lợi
peace,a situation or a period of time in which there is no war or violence in a country or an area,hòa bình,True,True,makepeace; peaceable; peaceably; peaceful; peacefully; peacefulness; peacemaker; peacemaking; peacetime,9,"piece: peace = hòa bình; piece = mảnh, miếng",không có biến thể đáng chú ý,"Pháp luật, an toàn và khẩn cấp",Quyền công dân
peak,"the point when somebody/something is best, most successful, strongest, etc.",đỉnh cao,True,False,peakier; peaky,2,không có (hoặc chưa xác định),không có biến thể đáng chú ý,Môi trường và tự nhiên,Núi và cảnh quan
peasant,"(especially in the past, or in poorer countries) a farmer who owns or rents a small piece of land",nông dân,True,False,peasantry,1,không có (hoặc chưa xác định),không có biến thể đáng chú ý,Nghề nghiệp và công việc,Nghề nông nghiệp
peculiar,"strange or unusual, especially in a way that is unpleasant or makes you worried","kỳ lạ, đặc thù",True,False,peculiarity; peculiarly,2,không có (hoặc chưa xác định),không có biến thể đáng chú ý,Khái niệm trừu tượng,Đánh giá và giá trị
peer,a person who is the same age or who has the same social status as you,bạn đồng trang lứa,True,False,peerage; peeress; peerless,3,không có (hoặc chưa xác định),không có biến thể đáng chú ý,Con người,Mối quan hệ
pen,"an instrument made of plastic or metal used for writing with ink (= coloured liquid for writing, etc.)",bút,False,True,penknife; penman; penmanship; penology; pigpen; playpen,6,không có (hoặc chưa xác định),không có biến thể đáng chú ý,Học tập và giáo dục,Đồ dùng học tập
penny,a small British coin and unit of money. There are 100 pence in one pound (£1).,xu Anh,True,True,halfpenny; halfpennyworth; ninepenny; penniless; pennyweight; pennyworth; sixpenny,7,không có (hoặc chưa xác định),không có biến thể đáng chú ý,Ngôn ngữ hằng ngày,Tiền tệ và mệnh giá
pension,(không có định nghĩa trong Oxford 5000 - root này không phải headword độc lập),lương hưu,True,False,pensionable; pensioner,2,không có (hoặc chưa xác định),không có biến thể đáng chú ý,Nghề nghiệp và công việc,Lương và phúc lợi
people,"human beings; men, women and children",con người,True,True,interpeople; townspeople; tradespeople; workpeople,4,không có (hoặc chưa xác định),không có biến thể đáng chú ý,Con người,Cơ thể
pepper,"a powder made from dried berries (called peppercorns), used to give a hot, spicy taste to food",hạt tiêu,True,False,peppery,1,không có (hoặc chưa xác định),không có biến thể đáng chú ý,Thực phẩm,Gia vị
perform,"to entertain an audience by playing a piece of music, acting in a play, etc.",biểu diễn,True,False,performance; performer; unperformed,3,không có (hoặc chưa xác định),không có biến thể đáng chú ý,"Nghệ thuật, thiết kế và văn hóa",Nghệ thuật biểu diễn
period,a particular length of time,"giai đoạn, kỳ kinh",True,False,periodic; periodical; periodically; periodicity,4,không có (hoặc chưa xác định),không có biến thể đáng chú ý,Ngôn ngữ hằng ngày,"Ngày, giờ và lịch cơ bản"
permit,"an official document that gives somebody the right to do something, especially for a limited period of time","cho phép, giấy phép",True,False,permissibility; permissible; permissibly; permission; permissive; permissively; permissiveness,7,không có (hoặc chưa xác định),không có biến thể đáng chú ý,"Pháp luật, an toàn và khẩn cấp",Giấy tờ pháp lý
person,a human as an individual,con người,True,True,chairperson; depersonalization; depersonalized; impersonal; impersonalized; impersonally; impersonate; impersonation; impersonator; interpersonal; persona; personable; personae; personage; personal; personality; personalization; personalize; personally; personate; personation; personification; personify,23,không có (hoặc chưa xác định),không có biến thể đáng chú ý,Con người,Cơ thể
personnel,the people who work for an organization or one of the armed forces,nhân sự,True,False,antipersonnel,1,không có (hoặc chưa xác định),không có biến thể đáng chú ý,Nghề nghiệp và công việc,Nơi làm việc
persuade,to make somebody do something by giving them good reasons for doing it,thuyết phục,True,False,persuadable; persuaders; persuasion; persuasive; persuasively; persuasiveness,6,không có (hoặc chưa xác định),không có biến thể đáng chú ý,Con người,Mối quan hệ
pet,"an animal, a bird, etc. that you have at home for pleasure, rather than one that is kept for work or food",thú cưng,True,False,pettish; pettishly; pettishness,3,không có (hoặc chưa xác định),không có biến thể đáng chú ý,Môi trường và tự nhiên,Động vật có vú
petition,a written document signed by a large number of people that asks somebody in a position of authority to do or change something,đơn thỉnh nguyện,True,False,petitioner,1,không có (hoặc chưa xác định),không có biến thể đáng chú ý,"Pháp luật, an toàn và khẩn cấp",Quyền công dân
petrol,"a liquid obtained from petroleum, used as fuel in car engines, etc.",xăng,True,False,petroleum,1,không có (hoặc chưa xác định),không có biến thể đáng chú ý,Giao thông,Trạm xăng
phon,(không có định nghĩa trong Oxford 5000 - root này không phải headword độc lập),âm thanh (gốc từ),True,True,earphone; euphonious; euphonium; euphony; headphones; megaphone; microphone; phonecall; phoneme; phonemic; phonemically; phonemics; phonetically; phonetician; phonic; phonics; phonological; phonologically; phonologist; phonology; polyphonic; quadrophonic; symphonic; symphony,24,không có (hoặc chưa xác định),không có biến thể đáng chú ý,"Khoa học, công nghệ và kỹ thuật",Điện thoại thông minh
photo,a picture that is made by using a camera that stores images in digital form or that has a film sensitive to light inside it,ảnh chụp,False,True,photocopier; photocopy; photoelectric; photoelectronic; photoflash; photofloodlights; photogenic; photorealism; photosensitive; photosensitization; photosensitize,11,không có (hoặc chưa xác định),không có biến thể đáng chú ý,Giải trí và thời gian rảnh,Nhiếp ảnh
phrase,a group of words that have a particular meaning when used together,cụm từ,True,True,catchphrase; phrasal; phrasebook; phrasemaking; phraseology; rephrased,6,không có (hoặc chưa xác định),không có biến thể đáng chú ý,Học tập và giáo dục,Học ngoại ngữ
piano,a large musical instrument played by pressing the black and white keys on the keyboard. The sound is produced by small hammers hitting the metal strings inside the piano.,đàn piano,True,False,pianissimo; pianist; pianola,3,không có (hoặc chưa xác định),không có biến thể đáng chú ý,Giải trí và thời gian rảnh,Nhạc cụ
pick,an act of choosing something,"chọn lựa, nhặt",True,True,handpicked; icepick; pickaback; picker; pickfair; pickier; pickiest; pickman; pickpocket; pickup; picky; toothpick; unpick,13,không có (hoặc chưa xác định),không có biến thể đáng chú ý,Khái niệm trừu tượng,Đánh giá và giá trị
piece,an amount of something that has been cut or separated from the rest of it; a standard amount of something,"mảnh, miếng",True,True,centrepiece; crosspiece; earpiece; eyepiece; hairpiece; headpiece; masterpiece; mouthpiece; piecemeal; piecewise; piecework; showpiece; tailpiece; timepiece; workpiece,15,"peace: peace = hòa bình; piece = mảnh, miếng",không có biến thể đáng chú ý,Ngôn ngữ hằng ngày,Từ chỉ số lượng
pig,"an animal with pink, black or brown skin, short legs, a broad nose and a short curly tail. Pigs are kept on farms for their meat (called pork) or live in the wild.",con lợn,True,True,piggery; piggier; piggiest; piggish; piggishly; piggishness; piggy; piggyback; pigheaded; pigheadedly; pigheadedness; piglet; pignut; pigpen; pigskin; pigtail,16,không có (hoặc chưa xác định),không có biến thể đáng chú ý,Môi trường và tự nhiên,Động vật có vú
pile,a number of things that have been placed on top of each other,"đống, chồng",False,True,stockpile; woodpile,2,không có (hoặc chưa xác định),không có biến thể đáng chú ý,Ngôn ngữ hằng ngày,Từ chỉ số lượng
pill,"a small flat round piece of medicine that you swallow whole, without biting it",viên thuốc,False,True,pillbox,1,không có (hoặc chưa xác định),không có biến thể đáng chú ý,Sức khỏe,Thuốc và dạng thuốc
pilot,"a person who operates the controls of an aircraft, especially as a job",phi công,True,False,copilot,1,không có (hoặc chưa xác định),không có biến thể đáng chú ý,Nghề nghiệp và công việc,Nghề vận tải
pin,"a short thin piece of stiff wire with a sharp point at one end and a round head at the other, used especially for fastening together pieces of cloth when sewing",ghim,True,True,clothespin; hairpin; hatpin; kingpin; ninepin; pinball; pinhead; pinholes; pinpoint; pintable; pinup; shippin; stickpin; tenpin; tiepin; underpin; wrappin,17,không có (hoặc chưa xác định),không có biến thể đáng chú ý,Ngoại hình và trang phục,Phụ kiện
pink,pale red in colour,màu hồng,True,False,pinker; pinkest; pinkie; pinkish; pinko,5,không có (hoặc chưa xác định),không có biến thể đáng chú ý,"Nghệ thuật, thiết kế và văn hóa",Màu sắc
pipe,a tube through which liquids and gases can flow,ống dẫn,True,True,bagpipe; blowpipe; drainpipe; hornpipe; pipedream; pipeful; pipeline; piper; sandpiper; standpipe; windpipe,11,không có (hoặc chưa xác định),không có biến thể đáng chú ý,Nhà cửa,Hệ thống điện và nước
pirate,(especially in the past) a person on a ship who attacks other ships at sea in order to steal from them,cướp biển,True,False,piratical; piratically,2,không có (hoặc chưa xác định),không có biến thể đáng chú ý,"Nghệ thuật, thiết kế và văn hóa",Văn hóa và lễ hội
pit,a large deep hole in the ground,"hố, hầm",False,True,armpit; pitfall; pithead; pitman; sandpit,5,không có (hoặc chưa xác định),không có biến thể đáng chú ý,Môi trường và tự nhiên,Địa chất
pitch,an area of ground specially prepared and marked for playing a sports game,"sân bóng, cao độ",True,True,highpitched; pitcher; pitchfork,3,không có (hoặc chưa xác định),không có biến thể đáng chú ý,Thể thao,Sân thi đấu
pity,used to show that you are disappointed about something,sự thương hại,True,False,piteous; piteously; piteousness; pitiable; pitiably; pitiful; pitifully; pitifulness; pitiless; pitilessly; pitilessness; pityingly,12,không có (hoặc chưa xác định),không có biến thể đáng chú ý,Con người,Cảm xúc
place,"a particular position, point or area",địa điểm,True,True,anyplace; birthplace; commonplace; displace; displacement; emplacement; fireplace; irreplaceable; marketplace; misplace; misplacement; placeless; placement; replace; replaceable; replacement; showplace; someplace; unplaced,19,không có (hoặc chưa xác định),không có biến thể đáng chú ý,Ngôn ngữ hằng ngày,Giới từ và trạng từ chỉ nơi chốn
plain,not decorated or complicated; simple,"đơn giản, đồng bằng",True,True,plainclothes; plainer; plainest; plainfield; plainly; plainness; plainsong,7,plane: plain = đơn giản/đồng bằng; plane = máy bay/mặt phẳng,không có biến thể đáng chú ý,Môi trường và tự nhiên,Núi và cảnh quan
plan,something that you intend to do or achieve,kế hoạch,True,True,planless; planner,2,không có (hoặc chưa xác định),không có biến thể đáng chú ý,Du lịch và lưu trú,Lập kế hoạch chuyến đi
plane,a flying vehicle with wings and one or more engines,"máy bay, mặt phẳng",True,True,airplane; biplane; deplane; enplane; monoplane; planar; planeload; planer; planeten; sailplane; seaplane,11,plain: plain = đơn giản/đồng bằng; plane = máy bay/mặt phẳng,không có biến thể đáng chú ý,Giao thông,Máy bay
planet,a large round object in space that moves around a star (such as the sun) and receives light from it,hành tinh,True,False,interplanetary; planetaria; planetarium; planetary; planetoid,5,không có (hoặc chưa xác định),không có biến thể đáng chú ý,Môi trường và tự nhiên,Thiên văn học
plant,"a living thing that grows in the earth and usually has a stem, leaves and roots, especially one that is smaller than a tree or bush","cây trồng, nhà máy",True,True,eggplant; implant; implantation; plantation; planter; powerplants; replanted; transplant; transplantable; transplantation,10,không có (hoặc chưa xác định),không có biến thể đáng chú ý,Môi trường và tự nhiên,Cây
plastic,made of plastic,nhựa,True,False,plastically; plasticity,2,không có (hoặc chưa xác định),không có biến thể đáng chú ý,"Khoa học, công nghệ và kỹ thuật",Vật liệu
plate,"a flat, usually round, dish that you put food on",đĩa,True,True,bookplate; breastplate; copperplate; doorplate; fingerplate; footplate; hotplate; nameplate; numberplate; plateful,10,không có (hoặc chưa xác định),không có biến thể đáng chú ý,Nhà cửa,Đồ nội thất
play,a piece of writing performed by actors in a theatre or on television or radio,chơi,True,True,ballplayer; foreplay; gunplay; horseplay; interplay; outplay; overplay; playable; playback; playbill; playboy; player; playfellow; playful; playfully; playfulness; playgoer; playground; playgroup; playhouse; playmate; playoff; playpen; playroom; playsuit; plaything; playtime; playwriting; replay; roleplayed; screenplay; swordplay; unplayable; wordplay,34,không có (hoặc chưa xác định),không có biến thể đáng chú ý,Giải trí và thời gian rảnh,Hoạt động ngoài trời
plea,"a serious emotional request, especially for something needing action now",lời biện hộ,False,True,pleasin,1,không có (hoặc chưa xác định),không có biến thể đáng chú ý,"Pháp luật, an toàn và khẩn cấp",Tòa án
plead,to ask somebody for something in a very strong and serious way,"biện hộ, van xin",True,False,pleader; pleadingly,2,không có (hoặc chưa xác định),không có biến thể đáng chú ý,"Pháp luật, an toàn và khẩn cấp",Tòa án
please,used as a polite way of asking for something or telling somebody to do something,làm hài lòng,True,False,displease; displeasingly; displeasure; pleasance; pleasant; pleasantly; pleasantness; pleasantry; pleasingly; pleasurable; pleasurably; pleasure; unpleasant; unpleasantly; unpleasantness; unpleased,16,không có (hoặc chưa xác định),không có biến thể đáng chú ý,Ngôn ngữ hằng ngày,"Cảm ơn, xin lỗi và phép lịch sự"
plenty,a large amount; as much or as many as you need,"nhiều, dồi dào",True,False,plenteous; plenteously; plenteousness; plentiful; plentifully,5,không có (hoặc chưa xác định),không có biến thể đáng chú ý,Ngữ pháp và hư từ,Lượng từ
plot,"the series of events that form the story of a novel, play, film, etc.","âm mưu, cốt truyện",True,True,counterplot; plotter; subplot,3,không có (hoặc chưa xác định),không có biến thể đáng chú ý,"Nghệ thuật, thiết kế và văn hóa",Văn hóa và lễ hội
plug,a small plastic object with two or three metal pins that connects a piece of electrical equipment to the main supply of electricity,phích cắm,False,True,earplug; plughole; plugugly,3,không có (hoặc chưa xác định),không có biến thể đáng chú ý,Nhà cửa,Hệ thống điện và nước
plunge,to move or make somebody/something move suddenly forwards and/or downwards,lao xuống,True,False,plunger,1,không có (hoặc chưa xác định),không có biến thể đáng chú ý,Thể thao,Thể thao dưới nước
plus,used after a number to show that the real number or amount is more than the one mentioned,cộng thêm,True,False,surplus,1,không có (hoặc chưa xác định),không có biến thể đáng chú ý,Ngôn ngữ hằng ngày,Từ chỉ số lượng
pocket,a small piece of material like a small bag sewn into or onto a piece of clothing so that you can carry things in it,túi áo,True,True,pickpocket; pocketbook; pocketful,3,không có (hoặc chưa xác định),không có biến thể đáng chú ý,Ngoại hình và trang phục,Chất liệu vải
poet,a person who writes poems,nhà thơ,True,False,poetess; poetic; poetical; poetically; poetics; poetry,6,không có (hoặc chưa xác định),không có biến thể đáng chú ý,Nghề nghiệp và công việc,Nghề sáng tạo và nghệ thuật
point,a thing that somebody says or writes giving their opinion or stating a fact,"điểm, chỉ ra",True,True,ballpoint; checkpoint; counterpoint; endpoints; flashpoint; gunpoint; highpoint; midpoint; needlepoint; outpointed; pinpoint; pointedly; pointer; pointless; pointlessly; pointlessness; repoint; standpoint; viewpoint,19,không có (hoặc chưa xác định),không có biến thể đáng chú ý,"Khoa học, công nghệ và kỹ thuật",Đo lường
poison,a substance that causes death or harm if it gets into the body,chất độc,True,False,poisoner; poisonous; poisonously,3,không có (hoặc chưa xác định),không có biến thể đáng chú ý,Sức khỏe,Sơ cứu
pole,"a long thin straight piece of wood or metal, especially one with the end placed in the ground, used as a support","cực, cột",True,True,beanpole; circumpolar; dipole; flagpole; maypole; polar; polarity; polarization; polarize; polecat; transpolar,11,không có (hoặc chưa xác định),không có biến thể đáng chú ý,Thể thao,Trang thiết bị thể thao
police,an official organization whose job is to make people obey the law and to prevent and solve crime; the people who work for this organization,cảnh sát,False,True,policeman; policewoman,2,không có (hoặc chưa xác định),không có biến thể đáng chú ý,"Pháp luật, an toàn và khẩn cấp",Cảnh sát
polite,having or showing good manners and respect for the feelings of others,lịch sự,True,False,impolite; impolitely; impoliteness; politely; politeness; politer; politest,7,không có (hoặc chưa xác định),không có biến thể đáng chú ý,Ngôn ngữ hằng ngày,"Cảm ơn, xin lỗi và phép lịch sự"
poll,the process of questioning people who are representative of a larger group in order to get information about the general opinion,thăm dò ý kiến,True,True,deedpoll; pollster,2,không có (hoặc chưa xác định),không có biến thể đáng chú ý,"Pháp luật, an toàn và khẩn cấp",Quyền công dân
pond,"a small area of still water, especially one that is artificial",ao hồ,False,True,fishpond; millpond,2,không có (hoặc chưa xác định),không có biến thể đáng chú ý,Môi trường và tự nhiên,"Sông, hồ và thác nước"
pool,an area of water that has been created for people to swim in,hồ bơi,False,True,poolroom,1,không có (hoặc chưa xác định),không có biến thể đáng chú ý,Thể thao,Bơi lội
poor,having very little money; not having enough money for basic needs,nghèo,True,True,poorer; poorest; poorhouse; poorly; poorness,5,không có (hoặc chưa xác định),không có biến thể đáng chú ý,Kinh doanh và tài chính,Ngân sách cá nhân
pop,connected with modern popular music,"nhạc pop, nổ",True,True,popgun; popper,2,không có (hoặc chưa xác định),không có biến thể đáng chú ý,Giải trí và thời gian rảnh,Phong cách âm nhạc
port,"a town or city with a harbour, especially one where ships load and unload goods",cảng,True,True,airport; bridgeport; carport; deport; deportation; deportee; deportment; disport; export; exportable; exportation; exporter; import; importation; importer; misreport; passport; portability; portable; portage; portago; porter; porthole; portlier; portliness; portly; portwatchers; report; reportage; reportedly; reporter; reportorial; seaport; transport; transportable; transportation; transporter,37,không có (hoặc chưa xác định),không có biến thể đáng chú ý,Giao thông,Cảng
portion,one part of something larger,phần,True,False,apportion; apportionment; disproportion; disproportionate; disproportionately; proportion; proportionable; proportional; proportionality; proportionally; proportionate; proportionately; reapportioned; reapportionment,14,không có (hoặc chưa xác định),không có biến thể đáng chú ý,Ngôn ngữ hằng ngày,Từ chỉ số lượng
portray,to show somebody/something in a picture; to describe somebody/something in a piece of writing,miêu tả,True,False,portraitist; portraiture; portrayal,3,không có (hoặc chưa xác định),không có biến thể đáng chú ý,"Nghệ thuật, thiết kế và văn hóa",Hội họa
pose,"to create a threat, problem, etc. that has to be dealt with","tạo dáng, đặt ra",True,True,compose; composedly; composer; composite; composition; compositional; compositor; composure; counterproposal; decompose; decomposition; depose; discompose; discomposure; disposable; disposal; dispose; expose; exposure; impose; imposingly; imposition; indisposed; interpose; juxtapose; juxtaposition; malposed; oppose; opposite; opposition; overexpose; poser; posey; predispose; presuppose; presupposition; proposal; propose; proposer; proposition; propositional; repose; superimpose; superposed; superposition; suppose; supposedly; supposition; suppository; transpose; transposition; underexpose; underexposure; unimposing,54,không có (hoặc chưa xác định),không có biến thể đáng chú ý,"Nghệ thuật, thiết kế và văn hóa",Nhiếp ảnh
possess,to have or own something,sở hữu,True,False,dispossess; dispossession; possession; possessive; possessively; possessiveness; possessor; prepossess; prepossession; repossess; repossession,11,không có (hoặc chưa xác định),không có biến thể đáng chú ý,Khái niệm trừu tượng,Quan hệ và ảnh hưởng
possible,that can be done or achieved,có thể xảy ra,True,False,impossibility; impossible; impossibly; possibility; possibly,5,không có (hoặc chưa xác định),không có biến thể đáng chú ý,Khái niệm trừu tượng,Khả năng và cần thiết
post,"the official system used for sending and delivering letters, packages, etc.","bưu điện, đăng bài",True,True,bedpost; billposter; billposting; fingerpost; gatepost; goalpost; guideposts; lamppost; outpost; postage; postal; postbag; postbox; postcard; postcode; poster; postman; postmark; postmaster; signpost,20,không có (hoặc chưa xác định),không có biến thể đáng chú ý,Dịch vụ,Bưu điện
pot,a deep round container used for cooking things in,nồi,True,True,chamberpot; coffeepot; crackpot; fleshpot; flowerpot; hotpot; impotent; impotently; omnipotence; omnipotent; potash; potboiler; potency; potent; potentate; potential; potentiality; potentially; potently; pothead; pothole; potholer; pothunter; potluck; potter; pottery; potties; repot; stockpot; teapot,30,không có (hoặc chưa xác định),không có biến thể đáng chú ý,Nhà cửa,Đồ nội thất
pound,"the unit of money in the UK, worth 100 pence","bảng Anh, đấm mạnh",True,False,compound; impound; impoundments; propound,4,không có (hoặc chưa xác định),không có biến thể đáng chú ý,Ngôn ngữ hằng ngày,Tiền tệ và mệnh giá
pour,"to make a liquid or other substance flow from a container in a continuous stream, especially by holding the container at an angle",đổ ra,True,False,downpour; inpouring; outpouring,3,không có (hoặc chưa xác định),không có biến thể đáng chú ý,Đời sống hằng ngày,Nấu ăn
powder,a dry mass of very small fine pieces or grains,bột,True,True,gunpowder; powdery; toothpowder,3,không có (hoặc chưa xác định),không có biến thể đáng chú ý,Ngoại hình và trang phục,Trang điểm
power,the ability to control people or things,"quyền lực, sức mạnh",True,True,candlepower; empower; firepower; horsepower; manpower; overpower; overpoweringly; powerboat; powerful; powerfully; powerfulness; powerhouse; powerless; powerlessly; powerlessness; powerplants; waterpower; willpower,18,không có (hoặc chưa xác định),không có biến thể đáng chú ý,"Khoa học, công nghệ và kỹ thuật",Năng lượng
praise,words that show that you approve of and admire somebody/something,khen ngợi,False,True,praiseworthily; praiseworthiness; praiseworthy,3,không có (hoặc chưa xác định),không có biến thể đáng chú ý,Con người,Mối quan hệ
prayer,words that you say to God giving thanks or asking for help,lời cầu nguyện,True,True,prayerbooks; prayerful; prayerfully,3,không có (hoặc chưa xác định),không có biến thể đáng chú ý,"Nghệ thuật, thiết kế và văn hóa",Tôn giáo và nơi thờ tự
preach,"to give a religious talk in a public place, especially in a church during a service",thuyết giáo,True,False,preacher; preachify,2,không có (hoặc chưa xác định),không có biến thể đáng chú ý,"Nghệ thuật, thiết kế và văn hóa",Tôn giáo và nơi thờ tự
precedent,an official action or decision that has happened in the past and that is seen as an example or a rule to be followed in a similar situation later,tiền lệ,True,False,unprecedented; unprecedentedly,2,không có (hoặc chưa xác định),không có biến thể đáng chú ý,"Pháp luật, an toàn và khẩn cấp",Tòa án
precious,rare and worth a lot of money,quý giá,True,False,preciously; preciousness; semiprecious,3,không có (hoặc chưa xác định),không có biến thể đáng chú ý,Khái niệm trừu tượng,Đánh giá và giá trị
precise,clear and accurate,chính xác,True,False,imprecise; imprecisely; precisely; preciseness,4,không có (hoặc chưa xác định),không có biến thể đáng chú ý,Khái niệm trừu tượng,Đánh giá và giá trị
prefer,to like one thing or person better than another; to choose one thing rather than something else because you like it better,thích hơn,True,False,preferable; preferably; preference; preferential; preferentially; preferment,6,không có (hoặc chưa xác định),không có biến thể đáng chú ý,Con người,Cảm xúc
premier,"most important, famous or successful","thủ tướng, hàng đầu",True,False,premiership,1,không có (hoặc chưa xác định),không có biến thể đáng chú ý,"Pháp luật, an toàn và khẩn cấp",Cơ quan hành chính
prepare,to make something or somebody ready to be used or to do something,chuẩn bị,True,False,preparation; preparative; preparatory; preparedness; unprepared,5,không có (hoặc chưa xác định),không có biến thể đáng chú ý,Đời sống hằng ngày,Nấu ăn
presence,the fact of being in a particular place,sự hiện diện,True,False,omnipresence,1,không có (hoặc chưa xác định),không có biến thể đáng chú ý,Khái niệm trừu tượng,Tính chất khác
present,existing or happening now,"hiện tại, món quà",True,False,omnipresent; presentable; presentably; presentation; presentational; presenter; presently; presentments; presentness,9,không có (hoặc chưa xác định),không có biến thể đáng chú ý,Giải trí và thời gian rảnh,Sự kiện và lễ hội
preside,"to lead or be in charge of a meeting, ceremony, etc.",chủ trì,True,False,presidency; president; presidential,3,không có (hoặc chưa xác định),không có biến thể đáng chú ý,Nghề nghiệp và công việc,Cuộc họp
press,newspapers and magazines,"nhấn, báo chí",True,True,compress; compressibility; compressible; compression; compressive; compressor; decompress; decompression; depress; depressants; depressingly; depression; depressive; depressors; express; expressible; expression; expressionism; expressionist; expressionistic; expressionless; expressionlessly; expressive; expressively; expressiveness; expressly; expressway; impress; impression; impressionability; impressionable; impressionably; impressionism; impressionist; impressionistic; impressionistically; impressive; impressively; impressiveness; incompressible; inexpressible; inexpressibly; irrepressible; irrepressibly; letterpress; oppress; oppression; oppressive; oppressively; oppressiveness; oppressor; overpressure; presser; pressingly; pressman; pressure; pressurization; pressurize; repress; repression; repressive; repressively; suppress; suppression; suppressive; suppressiveness; suppressor; unimpressed; unimpressive; winepress,70,không có (hoặc chưa xác định),không có biến thể đáng chú ý,Nghề nghiệp và công việc,Nghề truyền thông
pretend,"to behave in a particular way, in order to make other people believe something that is not true",giả vờ,True,False,pretender; pretension; pretentious; pretentiously; pretentiousness; unpretentious; unpretentiously; unpretentiousness,8,không có (hoặc chưa xác định),không có biến thể đáng chú ý,Con người,Tính cách
pretty,attractive without being very beautiful,xinh đẹp,True,False,prettier; prettiest; prettify; prettily; prettiness,5,không có (hoặc chưa xác định),không có biến thể đáng chú ý,Ngoại hình và trang phục,Cơ thể và ngoại hình
prevent,to stop somebody from doing something; to stop something from happening,ngăn chặn,True,False,preventable; prevention; preventive; preventively,4,không có (hoặc chưa xác định),không có biến thể đáng chú ý,Sức khỏe,Bệnh tật
previous,happening or existing before the event or object that you are talking about,trước đó,True,False,previously,1,không có (hoặc chưa xác định),không có biến thể đáng chú ý,Khái niệm trừu tượng,Thời gian và thứ tự
price,the amount of money that you have to pay for something,giá cả,True,False,overpriced; priceless; pricey; pricier; priciest; pricily; priciness,7,không có (hoặc chưa xác định),không có biến thể đáng chú ý,Mua sắm,Khuyến mãi và giảm giá
priest,"a person who is qualified to perform religious duties and ceremonies in the Roman Catholic, Anglican and Orthodox Churches",linh mục,True,True,priestcraft; priestess; priesthood; priestlier; priestlike; priestly,6,không có (hoặc chưa xác định),không có biến thể đáng chú ý,"Nghệ thuật, thiết kế và văn hóa",Tôn giáo và nơi thờ tự
prim,(không có định nghĩa trong Oxford 5000 - root này không phải headword độc lập),đoan trang,True,False,primacy; primal; primarily; primary; primer; primitive; primitively; primitiveness; primitivism; primly; primmest; primness; primordially,13,không có (hoặc chưa xác định),không có biến thể đáng chú ý,Con người,Tính cách
prince,"a male member of a royal family who is not king, especially the son or grandson of the king or queen",hoàng tử,True,False,princedom; princelier; princeliest; princely; princess,5,không có (hoặc chưa xác định),không có biến thể đáng chú ý,"Nghệ thuật, thiết kế và văn hóa",Di sản và bảo tàng
principal,most important; main,"hiệu trưởng, chính",True,False,principality; principally,2,principle: principal = hiệu trưởng/chính yếu; principle = nguyên tắc,không có biến thể đáng chú ý,Học tập và giáo dục,Giáo viên và học sinh
principle,a moral rule or a strong belief that influences your actions,nguyên tắc,True,False,unprincipled,1,principal: principal = hiệu trưởng/chính yếu; principle = nguyên tắc,không có biến thể đáng chú ý,Khái niệm trừu tượng,Đánh giá và giá trị
print,"letters, words, numbers, etc. that have been printed onto paper",in ấn,True,True,blueprint; fingerprint; footprint; imprint; misprint; newsprint; offprint; overprint; printable; printer; printmaking; printout; reprint; unprintable,14,không có (hoặc chưa xác định),không có biến thể đáng chú ý,"Nghệ thuật, thiết kế và văn hóa",Thiết kế đồ họa
prior,happening or existing before something else or before a particular time,trước đó,True,False,priority,1,không có (hoặc chưa xác định),không có biến thể đáng chú ý,Khái niệm trừu tượng,Thời gian và thứ tự
prison,"a building where people are kept as a punishment for a crime they have committed, or while they are waiting for trial",nhà tù,True,False,imprison; imprisonment; prisoner,3,không có (hoặc chưa xác định),không có biến thể đáng chú ý,"Pháp luật, an toàn và khẩn cấp",Tòa án
private,belonging to or for the use of a particular person or group; not for public use,riêng tư,True,False,privateers; privately,2,không có (hoặc chưa xác định),không có biến thể đáng chú ý,"Pháp luật, an toàn và khẩn cấp",Quyền công dân
privilege,a special right or advantage that a particular person or group of people has,đặc quyền,True,False,underprivileged,1,không có (hoặc chưa xác định),không có biến thể đáng chú ý,Khái niệm trừu tượng,Đánh giá và giá trị
prize,"an award that is given to a person who wins a competition, race, etc. or who does very good work",giải thưởng,False,True,prizefighter; prizefighting,2,không có (hoặc chưa xác định),không có biến thể đáng chú ý,Học tập và giáo dục,Bằng cấp
prob,(không có định nghĩa trong Oxford 5000 - root này không phải headword độc lập),vấn đề (gốc từ),True,False,approbation; disapprobation; improbability; improbable; improbably; probabilistic; probability; probable; probably; probate; probation; probationary; probationer; probingly; probity,15,không có (hoặc chưa xác định),không có biến thể đáng chú ý,Khái niệm trừu tượng,Khả năng và cần thiết
problem,a thing that is difficult to deal with or to understand,vấn đề,True,False,problematic; problematical; problematically; unproblematic,4,không có (hoặc chưa xác định),không có biến thể đáng chú ý,Khái niệm trừu tượng,Nguyên nhân và mục đích
proceed,to continue doing something that has already been started; to continue being done,tiến hành,True,False,procedural; procedure,2,không có (hoặc chưa xác định),không có biến thể đáng chú ý,Khái niệm trừu tượng,Hành động và xử lý
profit,"the money that you make in business or by selling things, especially after paying the costs involved",lợi nhuận,True,False,nonprofit; profitability; profitable; profitably; profiteer; profitless; profitlessly; unprofitable,8,không có (hoặc chưa xác định),không có biến thể đáng chú ý,Kinh doanh và tài chính,Doanh thu và lợi nhuận
profound,very great; felt or experienced very strongly,sâu sắc,True,False,profoundest; profoundly; profundity,3,không có (hoặc chưa xác định),không có biến thể đáng chú ý,Khái niệm trừu tượng,Mức độ và so sánh
program,a set of instructions in code that control the operations or functions of a computer,chương trình,True,False,programmer,1,không có (hoặc chưa xác định),không có biến thể đáng chú ý,"Khoa học, công nghệ và kỹ thuật",Phần mềm
promise,a statement that tells somebody that you will definitely do or not do something,lời hứa,True,False,promisingly; promissory; unpromising,3,không có (hoặc chưa xác định),không có biến thể đáng chú ý,Con người,Mối quan hệ
prompt,to make somebody decide to do something; to cause something to happen,"nhắc nhở, nhanh chóng",True,False,prompter; promptitude; promptly; promptness; unprompted,5,không có (hoặc chưa xác định),không có biến thể đáng chú ý,Khái niệm trừu tượng,Thời gian và thứ tự
pronounce,to make the sound of a word or letter in a particular way,phát âm,True,False,mispronounce; mispronunciation; pronounceable; pronouncedly; pronouncement; pronunciation,6,không có (hoặc chưa xác định),không có biến thể đáng chú ý,Học tập và giáo dục,Học ngoại ngữ
proof,"information, documents, etc. that show that something is true",bằng chứng,True,True,bombproof; bulletproof; disproof; fireproof; foolproof; proofread; proofreader; rainproof; reproofed; shatterproof; soundproof; waterproof; weatherproof,13,không có (hoặc chưa xác định),không có biến thể đáng chú ý,"Pháp luật, an toàn và khẩn cấp",Tội phạm và điều tra
proper,"right, appropriate or correct; according to the rules","phù hợp, đúng đắn",True,False,improper; improperly; properly,3,không có (hoặc chưa xác định),không có biến thể đáng chú ý,Khái niệm trừu tượng,Đánh giá và giá trị
protect,"to make sure that somebody/something is not harmed, injured, damaged, etc.",bảo vệ,True,False,overprotection; overprotective; protection; protectionism; protectionist; protective; protectively; protectiveness; protector; protectorate; unprotected,11,không có (hoặc chưa xác định),không có biến thể đáng chú ý,"Pháp luật, an toàn và khẩn cấp",An toàn cá nhân
protest,the expression of strong dislike of or opposition to something; a statement or an action that shows this ,phản đối,True,False,protestant; protestantism; protestation; protester; protestingly,5,không có (hoặc chưa xác định),không có biến thể đáng chú ý,"Pháp luật, an toàn và khẩn cấp",Quyền công dân
proud,"feeling pleased and satisfied about something that you own or have done, or are connected with",tự hào,True,True,houseproud; prouder; proudest; proudly,4,không có (hoặc chưa xác định),không có biến thể đáng chú ý,Con người,Cảm xúc
prove,"to use facts, evidence, etc. to show that something is true",chứng minh,True,False,disprove; provable; provably; proven; unproved,5,không có (hoặc chưa xác định),không có biến thể đáng chú ý,"Pháp luật, an toàn và khẩn cấp",Tòa án
province,one of the areas that some countries are divided into with its own local government,tỉnh,True,False,provincial; provincialism; provincially,3,không có (hoặc chưa xác định),không có biến thể đáng chú ý,Ngôn ngữ hằng ngày,Bản đồ và khu vực thế giới
provoke,to cause a particular reaction or have a particular effect,khiêu khích,True,False,provocateurs; provocation; provocative; provocatively; provokingly; unprovocative; unprovoked,7,không có (hoặc chưa xác định),không có biến thể đáng chú ý,Con người,Cảm xúc
public,connected with ordinary people in society in general,công cộng,True,False,publican; publication; publicist; publicity; publicize; publicly,6,không có (hoặc chưa xác định),không có biến thể đáng chú ý,Cộng đồng và đô thị,Công trình công cộng
publish,"to produce a book, magazine, CD-ROM, etc. and sell it to the public",xuất bản,True,False,publisher; unpublished,2,không có (hoặc chưa xác định),không có biến thể đáng chú ý,Nghề nghiệp và công việc,Nghề truyền thông
pull,an act of trying to make something move by taking hold of it and using force to bring it towards you,kéo,False,True,pullback; pullman; pullout; pullover,4,không có (hoặc chưa xác định),không có biến thể đáng chú ý,Khái niệm trừu tượng,Hành động và xử lý
pulse,"the regular beat of the heart as it sends blood around the body, that can be felt in different places, especially on the inside part of the wrist; the number of times the heart beats in a minute","nhịp đập, xung",True,False,compulsion; compulsive; compulsively; compulsiveness; compulsorily; compulsory; expulsion; impulse; impulsion; impulsive; impulsively; impulsiveness; propulsion; propulsive; pulsar; pulsate; pulsation; pulsations; repulse; repulsion; repulsive; repulsively; repulsiveness,23,không có (hoặc chưa xác định),không có biến thể đáng chú ý,Sức khỏe,Cơ thể và sức khỏe
punch,a hard hit made with the fist (= closed hand),đấm,True,True,cardpunch; keypunch; punchbowl; puncher; punchier; punchiest; punchy,7,không có (hoặc chưa xác định),không có biến thể đáng chú ý,Thể thao,Thể thao đối kháng
punk,a type of loud and aggressive rock music popular in the late 1970s and early 1980s,"nhạc punk, kẻ vô lại",True,False,punker,1,không có (hoặc chưa xác định),không có biến thể đáng chú ý,Giải trí và thời gian rảnh,Phong cách âm nhạc
purchase,the act or process of buying something,mua sắm,True,False,purchasable; purchaser,2,không có (hoặc chưa xác định),không có biến thể đáng chú ý,Mua sắm,Mua sắm trực tuyến
pure,not mixed with anything else; with nothing added,thuần khiết,True,True,impure; impurity; pureblood; purely; pureness; purer; purest; purification; purify; purism; purist; purity,12,không có (hoặc chưa xác định),không có biến thể đáng chú ý,Khái niệm trừu tượng,Đánh giá và giá trị
purple,having the colour of blue and red mixed together,màu tím,True,False,empurpled; purpler; purplest; purplish,4,không có (hoặc chưa xác định),không có biến thể đáng chú ý,"Nghệ thuật, thiết kế và văn hóa",Màu sắc
purpose,"the intention, aim or function of something; the thing that something is supposed to achieve",mục đích,True,False,multipurpose; purposeful; purposefully; purposeless; purposelessly; purposelessness; purposely; purposive,8,không có (hoặc chưa xác định),không có biến thể đáng chú ý,Khái niệm trừu tượng,Nguyên nhân và mục đích
pursue,to do something or try to achieve something over a period of time,theo đuổi,True,False,pursuance; pursuant; pursuer,3,không có (hoặc chưa xác định),không có biến thể đáng chú ý,Khái niệm trừu tượng,Hành động và xử lý
push,an act of pushing something/somebody,đẩy,True,True,pushchair; pusher; pushily; pushiness; pushover; pushy,6,không có (hoặc chưa xác định),không có biến thể đáng chú ý,Khái niệm trừu tượng,Hành động và xử lý
put,to move something into a particular place or position,đặt,True,True,input; output; puttin; throughput; unputdownable,5,không có (hoặc chưa xác định),không có biến thể đáng chú ý,Ngôn ngữ hằng ngày,Động từ hành động cơ bản
puzzle,"a game, etc. that you have to think about carefully in order to answer it or do it",câu đố,True,False,puzzlement; puzzler,2,không có (hoặc chưa xác định),không có biến thể đáng chú ý,Giải trí và thời gian rảnh,Trò chơi bàn
qualify,"to reach the standard of ability or knowledge needed to do a particular job, for example by completing a course of study or passing exams",đủ tiêu chuẩn,True,False,disqualification; disqualify; qualification; qualifier; unqualified; unqualifiedly,6,không có (hoặc chưa xác định),không có biến thể đáng chú ý,Học tập và giáo dục,Bằng cấp
quarter,one of four equal parts of something,một phần tư,True,True,headquarter; quarterback; quarterdeck; quarterfinal; quarterly; quartermaster,6,không có (hoặc chưa xác định),không có biến thể đáng chú ý,Ngôn ngữ hằng ngày,Từ chỉ số lượng
queen,the female ruler of an independent state that has a royal family,nữ hoàng,True,False,queenlier; queenliest; queenly,3,không có (hoặc chưa xác định),không có biến thể đáng chú ý,"Nghệ thuật, thiết kế và văn hóa",Di sản và bảo tàng
quest,"a long search for something, especially for some quality such as happiness",cuộc tìm kiếm,True,False,bequest; conquest; inquest; request; requesters,5,không có (hoặc chưa xác định),không có biến thể đáng chú ý,Giải trí và thời gian rảnh,Trò chơi bàn
question,"a sentence, phrase or word that asks for information",câu hỏi,True,False,questionable; questionably; questioner; questioningly; questionnaire; unquestionable; unquestionably; unquestioned; unquestioningly,9,không có (hoặc chưa xác định),không có biến thể đáng chú ý,Ngôn ngữ hằng ngày,Câu hỏi thông dụng
quick,done with speed; taking or lasting a short time,nhanh chóng,True,True,quicken; quicker; quickest; quickie; quickly; quickness; quicksand; quickset; quicksilver; quickstep,10,không có (hoặc chưa xác định),không có biến thể đáng chú ý,Khái niệm trừu tượng,Mức độ và so sánh
quiet,making very little noise,yên tĩnh,True,False,disquiet; disquietude; inquietude; quieten; quieter; quietest; quietly; quietness; quietude; unquiet,10,không có (hoặc chưa xác định),không có biến thể đáng chú ý,Khái niệm trừu tượng,Mức độ và so sánh
quit,"to leave your job, school, etc.",từ bỏ,True,False,acquit; acquittal; quittance; quitter,4,không có (hoặc chưa xác định),không có biến thể đáng chú ý,Nghề nghiệp và công việc,Tìm việc
quote,"a group of words or a short piece of writing taken from a book, play, speech, etc. and repeated because it is interesting or useful",trích dẫn,True,False,misquotation; misquotations; misquote; quotability; quotable; quotation; unquote,7,không có (hoặc chưa xác định),không có biến thể đáng chú ý,Học tập và giáo dục,Nghiên cứu
race,"a competition between people, animals, vehicles, etc. to see which one is the faster or fastest","cuộc đua, chủng tộc",True,True,biracial; horseracing; interracial; interracially; multiracial; nonracial; racecourse; racehorse; racer; racetrack; raceway; racial; racialism; racialist; racially; racier; raciest; racily; raciness; racism; racist; racy,22,không có (hoặc chưa xác định),không có biến thể đáng chú ý,Thể thao,Điền kinh
radio,the activity of broadcasting programmes for people to listen to; the programmes that are broadcast,radio,True,True,irradiate; irradiated; irradiation; radial; radially; radiance; radiant; radiantly; radiate; radiation; radiator; radii; radioactive; radioactively; radioactivity; radiocarbon; radiologist; radiology; radius,19,không có (hoặc chưa xác định),không có biến thể đáng chú ý,Giải trí và thời gian rảnh,Truyền hình
rage,a feeling of violent anger that is difficult to control,cơn thịnh nộ,True,False,enrage; outrage; outrageous; outrageously,4,không có (hoặc chưa xác định),không có biến thể đáng chú ý,Con người,Cảm xúc
raid,"a short surprise attack on an enemy by soldiers, ships or aircraft",cuộc đột kích,True,False,raider,1,không có (hoặc chưa xác định),không có biến thể đáng chú ý,"Pháp luật, an toàn và khẩn cấp",Cảnh sát
rail,a wooden or metal bar placed around something as a barrier or to provide support,đường ray,True,True,derail; derailment; guardrail; handrail; monorail; railbirds; railhead; raillery; railroad; railroader; railway,11,không có (hoặc chưa xác định),không có biến thể đáng chú ý,Giao thông,Tàu hỏa
rain,water that falls from the sky in separate drops,mưa,True,True,rainbow; raincoat; raindrop; rainfall; rainier; rainiest; rainless; rainproof; rainstorm; rainwater; rainy,11,không có (hoặc chưa xác định),không có biến thể đáng chú ý,Môi trường và tự nhiên,Thời tiết
raise,to lift or move something to a higher level,nâng lên,True,False,raiser; upraised,2,không có (hoặc chưa xác định),không có biến thể đáng chú ý,Nghề nghiệp và công việc,Lương và phúc lợi
random,"done, chosen, etc. without somebody deciding in advance what is going to happen, or without any regular pattern",ngẫu nhiên,True,False,randomization; randomly; randomness,3,không có (hoặc chưa xác định),không có biến thể đáng chú ý,Khái niệm trừu tượng,Tính chất khác
range,a variety of things of a particular type,"phạm vi, dãy",True,True,rangelands; ranger; rangy,3,không có (hoặc chưa xác định),không có biến thể đáng chú ý,Khái niệm trừu tượng,Phạm vi và bộ phận
rank,"the position, especially a high position, that somebody has in a particular organization, society, etc.",thứ hạng,True,False,outrank; rankest; rankly; rankness,4,không có (hoặc chưa xác định),không có biến thể đáng chú ý,Thể thao,Luật thi đấu
rape,the crime of forcing somebody to have sex when they do not want it or are not able to agree to it,hiếp dâm,True,False,rapist,1,không có (hoặc chưa xác định),không có biến thể đáng chú ý,"Pháp luật, an toàn và khẩn cấp",Tội phạm và điều tra
rapid,happening quickly or in a short period of time,nhanh chóng,True,False,rapidity; rapidly,2,không có (hoặc chưa xác định),không có biến thể đáng chú ý,Khái niệm trừu tượng,Mức độ và so sánh
rare,"not done, seen, happening, etc. very often",hiếm có,True,False,rarefaction; rarefy; rarely; rareness; rarer; rarest; rarity,7,không có (hoặc chưa xác định),không có biến thể đáng chú ý,Khái niệm trừu tượng,Đánh giá và giá trị
rat,"a small animal with a long tail, that looks like a large mouse, usually considered a pest (= an animal which is disliked because it destroys food or spreads disease)",chuột cống,True,True,rattail; ratter; rattier; rattiest; ratty,5,không có (hoặc chưa xác định),không có biến thể đáng chú ý,Môi trường và tự nhiên,Động vật có vú
rate,a measurement of the speed at which something happens,"tỷ lệ, đánh giá",True,True,birthrate; derate; overrate; ratable; rateability; ratepayer; underrate,7,không có (hoặc chưa xác định),không có biến thể đáng chú ý,Kinh doanh và tài chính,Lãi suất
rational,based on reason rather than emotions,hợp lý,True,False,irrational; irrationality; irrationally; rationalism; rationalist; rationalistic; rationality; rationalization; rationalize; rationally,10,không có (hoặc chưa xác định),không có biến thể đáng chú ý,Khái niệm trừu tượng,Nhận thức và ý nghĩa
raw,not cooked,"thô, sống",True,True,rawboned; rawhide; rawly; rawness,4,không có (hoặc chưa xác định),không có biến thể đáng chú ý,Thực phẩm,An toàn thực phẩm
ray,"a narrow line of light, heat or other energy",tia sáng,False,True,rayburn; sunray,2,không có (hoặc chưa xác định),không có biến thể đáng chú ý,"Khoa học, công nghệ và kỹ thuật",Vật lý
reach,the distance over which you can stretch your arms to touch something; the distance over which a particular object can be used to touch something else,với tới,True,False,outreach; overreach,2,không có (hoặc chưa xác định),không có biến thể đáng chú ý,Khái niệm trừu tượng,Hành động và xử lý
read,to look at and understand the meaning of written or printed words or symbols,đọc,True,True,misread; newsreader; proofread; proofreader; readability; readable; reader; readership; readout; reread; unreadable; unreadably,12,không có (hoặc chưa xác định),không có biến thể đáng chú ý,Giải trí và thời gian rảnh,Đọc sách
ready,fully prepared for what you are going to do and able to start it immediately,sẵn sàng,True,False,readier; readiest; readily; readiness; unready,5,không có (hoặc chưa xác định),không có biến thể đáng chú ý,Khái niệm trừu tượng,Khả năng và cần thiết
real,actually existing or happening and not imagined or pretended,thực tế,True,True,photorealism; realism; realist; realistic; realistically; reality; really; realness; surreal; surrealism; surrealist; surrealistic; unreal; unrealistic; unrealistically,15,không có (hoặc chưa xác định),không có biến thể đáng chú ý,Khái niệm trừu tượng,Đánh giá và giá trị
realize,to understand or become aware of a particular fact or situation,nhận ra,True,False,realizable; realization,2,không có (hoặc chưa xác định),không có biến thể đáng chú ý,Khái niệm trừu tượng,Nhận thức và ý nghĩa
rear,at or near the back of something,"phía sau, nuôi dạy",True,True,rearguard; rearmost; rearward,3,không có (hoặc chưa xác định),không có biến thể đáng chú ý,Ngôn ngữ hằng ngày,Giới từ và trạng từ chỉ nơi chốn
reason,a cause or an explanation for something that has happened or that somebody has done,lý do,True,False,reasonable; reasonableness; reasonably; reasoner; reasonless; unreason; unreasonable; unreasonableness; unreasonably,9,không có (hoặc chưa xác định),không có biến thể đáng chú ý,Khái niệm trừu tượng,Nguyên nhân và mục đích
rebel,a person who fights against the government of their country,nổi loạn,True,False,rebellion; rebellious; rebelliously; rebelliousness,4,không có (hoặc chưa xác định),không có biến thể đáng chú ý,"Pháp luật, an toàn và khẩn cấp",Quyền công dân
recent,that happened or began only a short time ago,gần đây,True,False,recently; recentness,2,không có (hoặc chưa xác định),không có biến thể đáng chú ý,Khái niệm trừu tượng,Thời gian và thứ tự
reckon,to think something or have an opinion about something,"tính toán, cho là",True,False,reckoner,1,không có (hoặc chưa xác định),không có biến thể đáng chú ý,Khái niệm trừu tượng,Nhận thức và ý nghĩa
recommend,"to tell somebody that something is good or useful, or that somebody would be suitable for a particular job, etc.","giới thiệu, đề xuất",True,False,recommendation,1,không có (hoặc chưa xác định),không có biến thể đáng chú ý,Mua sắm,Khuyến mãi và giảm giá
record,a written account of something that is kept so that it can be looked at and used in the future,"ghi âm, kỷ lục",True,False,prerecord; recorder,2,không có (hoặc chưa xác định),không có biến thể đáng chú ý,Học tập và giáo dục,Điểm số và đánh giá
recover,"to get well again after being ill, hurt, etc.",phục hồi,True,False,irrecoverable; irrecoverably; recoverable; recovery; unrecoverable,5,không có (hoặc chưa xác định),không có biến thể đáng chú ý,Sức khỏe,Bệnh tật
recruit,a person who has recently joined the armed forces or the police,tuyển dụng,True,False,recruiter; recruitment,2,không có (hoặc chưa xác định),không có biến thể đáng chú ý,Nghề nghiệp và công việc,Tìm việc
red,having the colour of blood or fire,màu đỏ,True,True,infrared; redbreast; redbrick; redcap; redcoat; redden; redder; reddest; reddish; redhead; redheader; redhook; redneck; redness; redskin; redwood,16,không có (hoặc chưa xác định),không có biến thể đáng chú ý,"Nghệ thuật, thiết kế và văn hóa",Màu sắc
refer,"to send somebody/something to somebody/something for help, advice or a decision","tham khảo, đề cập",True,False,referable; referee; reference; referent; referential; referral,6,không có (hoặc chưa xác định),không có biến thể đáng chú ý,Học tập và giáo dục,Nghiên cứu
refuge,"shelter or protection from danger, trouble, etc.",nơi ẩn náu,True,False,refugee,1,không có (hoặc chưa xác định),không có biến thể đáng chú ý,"Pháp luật, an toàn và khẩn cấp",Sơ tán
regard,attention to or thought and care for somebody/something,"coi trọng, liên quan",True,False,disregard; regardful; regardless,3,không có (hoặc chưa xác định),không có biến thể đáng chú ý,Con người,Mối quan hệ
region,"a large area of land, usually without exact limits or borders",khu vực,True,False,regional; regionalism; regionally,3,không có (hoặc chưa xác định),không có biến thể đáng chú ý,Ngôn ngữ hằng ngày,Bản đồ và khu vực thế giới
register,"an official list or record of names, items, etc.; a book that contains such a list",đăng ký,True,False,registrant; registrar; registration; registry,4,không có (hoặc chưa xác định),không có biến thể đáng chú ý,Học tập và giáo dục,Trường học
regret,a sad feeling because of something that has happened or something that you have done or not done,hối tiếc,True,True,regretful; regretfully; regretfulness; regrettable; regrettably,5,không có (hoặc chưa xác định),không có biến thể đáng chú ý,Con người,Cảm xúc
relate,show or make a connection between two or more things,liên quan,True,True,correlate; correlation; correlative; interrelate; interrelation; interrelationship; relatedness; relation; relational; relationship; relative; relatively; relativism; relativist; relativistic; relativity; steprelationship; unrelated,18,không có (hoặc chưa xác định),không có biến thể đáng chú ý,Con người,Mối quan hệ
relax,"to rest while you are doing something that you enjoy, especially after work or effort",thư giãn,True,False,relaxation,1,không có (hoặc chưa xác định),không có biến thể đáng chú ý,Đời sống hằng ngày,Chăm sóc bản thân
release,the act of setting a person or an animal free; the state of being set free,"phát hành, thả ra",True,False,unreleased,1,không có (hoặc chưa xác định),không có biến thể đáng chú ý,Kinh doanh và tài chính,Sản phẩm và dịch vụ
relieve,to remove or reduce an unpleasant feeling or pain,"giảm bớt, làm nhẹ",True,False,unrelieved; unrelievedly,2,không có (hoặc chưa xác định),không có biến thể đáng chú ý,Con người,Cảm xúc
reluctant,hesitating before doing something because you do not want to do it or because you are not sure that it is the right thing to do,miễn cưỡng,True,False,reluctantly,1,không có (hoặc chưa xác định),không có biến thể đáng chú ý,Con người,Cảm xúc
rely,(không có định nghĩa trong Oxford 5000 - root này không phải headword độc lập),dựa vào,True,False,reliability; reliable; reliably; reliance; reliant; unreliability; unreliable,7,không có (hoặc chưa xác định),không có biến thể đáng chú ý,Con người,Mối quan hệ
remain,to continue to be something; to be still in the same state or condition,còn lại,True,False,remainder,1,không có (hoặc chưa xác định),không có biến thể đáng chú ý,Khái niệm trừu tượng,Thời gian và thứ tự
remark,"something that you say or write which expresses an opinion, a thought, etc. about somebody/something",nhận xét,True,False,remarkable; remarkably; unremarkable,3,không có (hoặc chưa xác định),không có biến thể đáng chú ý,Con người,Mối quan hệ
remedy,a way of dealing with or improving an unpleasant or difficult situation,biện pháp khắc phục,True,False,irremediable; irremediably; remediable; remedial; remedially,5,không có (hoặc chưa xác định),không có biến thể đáng chú ý,Sức khỏe,Thuốc và dạng thuốc
remember,"to have or keep an image in your memory of an event, a person, a place, etc. from the past",nhớ,True,False,disremember; remembrance,2,không có (hoặc chưa xác định),không có biến thể đáng chú ý,Khái niệm trừu tượng,Nhận thức và ý nghĩa
remote,far away from places where other people live,"xa xôi, điều khiển từ xa",True,False,remotely; remoteness; remoter; remotest,4,không có (hoặc chưa xác định),không có biến thể đáng chú ý,"Khoa học, công nghệ và kỹ thuật",Điện thoại thông minh
rent,"an amount of money that you regularly pay so that you can use a house, room, etc.",thuê nhà,True,False,rentable; rental; renter,3,không có (hoặc chưa xác định),không có biến thể đáng chú ý,Nhà cửa,Các loại nhà
repeat,an event that is very similar to something that happened before,lặp lại,True,False,repeatedly; repeater,2,không có (hoặc chưa xác định),không có biến thể đáng chú ý,Học tập và giáo dục,Kỹ năng học tập
represent,"to be a member of a group of people and act or speak for them at an event, a meeting, etc.",đại diện,True,False,misrepresent; misrepresentation; representation; representational; representative,5,không có (hoặc chưa xác định),không có biến thể đáng chú ý,Khái niệm trừu tượng,Quan hệ và ảnh hưởng
republic,a country that is governed by a president and politicians elected by the people and where there is no king or queen,nước cộng hòa,True,False,republican; republicanism,2,không có (hoặc chưa xác định),không có biến thể đáng chú ý,"Pháp luật, an toàn và khẩn cấp",Cơ quan hành chính
rescue,the act of saving somebody/something from a dangerous or difficult situation; the fact of being saved,giải cứu,True,False,rescuer,1,không có (hoặc chưa xác định),không có biến thể đáng chú ý,"Pháp luật, an toàn và khẩn cấp",Cứu hộ
reserve,a supply of something that is available to be used in the future or when it is needed,"dự trữ, đặt trước",True,False,reservation; reservedly; reservist; unreserved; unreservedly,5,không có (hoặc chưa xác định),không có biến thể đáng chú ý,Ăn uống bên ngoài,Nhà hàng
reside,to live in a particular place,cư trú,True,False,nonresident; nonresidential; residence; residency; resident; residential; residentially,7,không có (hoặc chưa xác định),không có biến thể đáng chú ý,Nhà cửa,Ngôi nhà
residue,a small amount of something that remains at the end of a process,phần còn lại,True,False,residual; residuary,2,không có (hoặc chưa xác định),không có biến thể đáng chú ý,"Khoa học, công nghệ và kỹ thuật",Hóa học
resign,"to officially tell somebody that you are leaving your job, an organization, etc.",từ chức,True,False,resignation; resignedly,2,không có (hoặc chưa xác định),không có biến thể đáng chú ý,Nghề nghiệp và công việc,Tìm việc
resource,"a supply of something that a country, an organization or a person has and can use, especially to increase their wealth",tài nguyên,True,False,resourceful; resourcefully; resourcefulness,3,không có (hoặc chưa xác định),không có biến thể đáng chú ý,Môi trường và tự nhiên,Bảo tồn thiên nhiên
respect,a strong feeling of approval of somebody/something because of their good qualities or achievements,tôn trọng,True,False,disrespect; disrespectful; disrespectfully; irrespective; respectability; respectable; respectableness; respectably; respecter; respectful; respectfully; respectfulness; respective; respectively,14,không có (hoặc chưa xác định),không có biến thể đáng chú ý,Con người,Mối quan hệ
respond,to give a spoken or written answer to somebody/something,phản hồi,True,False,respondent,1,không có (hoặc chưa xác định),không có biến thể đáng chú ý,Dịch vụ,Dịch vụ khách hàng
response,a spoken or written answer,sự phản hồi,True,False,responsive; responsively; responsiveness; unresponsive,4,không có (hoặc chưa xác định),không có biến thể đáng chú ý,Dịch vụ,Dịch vụ khách hàng
responsible,"having the job or duty of doing something or taking care of somebody/something, so that you may be blamed if something goes wrong",có trách nhiệm,True,False,irresponsibility; irresponsible; irresponsibly; responsibility; responsibly,5,không có (hoặc chưa xác định),không có biến thể đáng chú ý,Con người,Tính cách
rest,the part of something that remains,"nghỉ ngơi, phần còn lại",True,True,headrest; restful; restfully; restfulness; restive; restiveness; restless; restlessly; restlessness; unrest,10,không có (hoặc chưa xác định),không có biến thể đáng chú ý,Đời sống hằng ngày,Chăm sóc bản thân
restore,to bring back a situation or feeling that existed before,khôi phục,True,False,restoration; restorative; restorer,3,không có (hoặc chưa xác định),không có biến thể đáng chú ý,Nhà cửa,Sửa chữa và bảo trì
result,a thing that is caused or produced because of something else,kết quả,True,False,resultant,1,không có (hoặc chưa xác định),không có biến thể đáng chú ý,Học tập và giáo dục,Điểm số và đánh giá
retail,"the selling of goods to the public, usually through shops",bán lẻ,True,False,retailer,1,không có (hoặc chưa xác định),không có biến thể đáng chú ý,Mua sắm,Trung tâm thương mại
retire,"to leave your job and stop working, especially because you have reached a particular age or because you are ill; to tell somebody they must stop doing their job",nghỉ hưu,True,False,retirement,1,không có (hoặc chưa xác định),không có biến thể đáng chú ý,Nghề nghiệp và công việc,Nghỉ phép và thời gian làm việc
retrieve,"to bring or get something back, especially from a place where it should not be",lấy lại,True,False,irretrievable; irretrievably; retrievable; retrieval; retriever,5,không có (hoặc chưa xác định),không có biến thể đáng chú ý,"Khoa học, công nghệ và kỹ thuật",Máy tính
return,the action of arriving in or coming back to a place that you were in before,trở lại,True,False,returnable,1,không có (hoặc chưa xác định),không có biến thể đáng chú ý,Mua sắm,Đổi trả và bảo hành
reveal,to make something known to somebody,tiết lộ,True,False,revelation; revelatory; unrevealing,3,không có (hoặc chưa xác định),không có biến thể đáng chú ý,Khái niệm trừu tượng,Nhận thức và ý nghĩa
reward,"a thing that you are given because you have done something good, worked hard, etc.",phần thưởng,True,False,unrewarding,1,không có (hoặc chưa xác định),không có biến thể đáng chú ý,Nghề nghiệp và công việc,Lương và phúc lợi
rhetoric,"speech or writing that is intended to influence people, but that is not completely honest or sincere",hùng biện,True,False,rhetorical; rhetorically; rhetorician,3,không có (hoặc chưa xác định),không có biến thể đáng chú ý,Học tập và giáo dục,Kỹ năng học tập
rhythm,a strong regular repeated pattern of sounds or movements,nhịp điệu,True,False,rhythmic; rhythmical; rhythmically,3,không có (hoặc chưa xác định),không có biến thể đáng chú ý,"Nghệ thuật, thiết kế và văn hóa",Âm nhạc
rich,having a lot of money or property,giàu có,True,False,enrich; enrichment; richer; richest; richly; richness,6,không có (hoặc chưa xác định),không có biến thể đáng chú ý,Kinh doanh và tài chính,Đầu tư
rid,to be free of somebody/something that has been annoying you or that you do not want,loại bỏ,True,True,bedridden; outridden; overridden; riddance; ridden,5,không có (hoặc chưa xác định),không có biến thể đáng chú ý,Khái niệm trừu tượng,Hành động và xử lý
ride,"a short journey in a vehicle, on a bicycle, etc.","cưỡi, đi xe",True,True,joyride; outride; outrider; override; rider; riderless; roughrider,7,không có (hoặc chưa xác định),không có biến thể đáng chú ý,Giao thông,Taxi và gọi xe
rifle,a gun with a long barrel which you hold to your shoulder to fire,súng trường,True,True,rifleman; unrifled,2,không có (hoặc chưa xác định),không có biến thể đáng chú ý,"Pháp luật, an toàn và khẩn cấp",Tội phạm và điều tra
right,true or correct as a fact,"đúng, quyền lợi",True,True,birthright; copyright; downright; forthright; forthrightly; forthrightness; outright; righteous; righteously; righteousness; rightful; rightfully; rightfulness; righthander; righthandler; rightist; rightly; rightness; rightward; upright; uprightly; uprightness,22,write: right = đúng/quyền lợi; write = viết,không có biến thể đáng chú ý,"Pháp luật, an toàn và khẩn cấp",Quyền công dân
ring,"a piece of jewellery that you wear on your finger, consisting of a round band of gold, silver, etc., sometimes decorated with precious stones","chiếc nhẫn, tiếng chuông",True,True,earring; ringer; ringleader; ringlet; ringmaster; ringside; ringworm,7,không có (hoặc chưa xác định),không có biến thể đáng chú ý,Ngoại hình và trang phục,Trang sức
riot,"a situation in which a group of people behave in a violent way in a public place, often as a protest",bạo loạn,True,False,rioter; riotous; riotously; riotousness,4,không có (hoặc chưa xác định),không có biến thể đáng chú ý,"Pháp luật, an toàn và khẩn cấp",Tội phạm và điều tra
rip,"to tear something or to become torn, often suddenly or violently",xé rách,True,False,unripped,1,không có (hoặc chưa xác định),không có biến thể đáng chú ý,Ngoại hình và trang phục,Sửa chữa quần áo
rise,"an increase in an amount, a number or a level",tăng lên,True,True,arise; riser; sunrise; uprising,4,không có (hoặc chưa xác định),không có biến thể đáng chú ý,Khái niệm trừu tượng,Thay đổi và phát sinh
risk,the possibility of something bad happening at some time in the future; a situation that could be dangerous or have a bad result,rủi ro,True,False,riskier; riskiest; riskily; riskiness; risky,5,không có (hoặc chưa xác định),không có biến thể đáng chú ý,Kinh doanh và tài chính,Bảo hiểm
ritual,"a series of actions that are always performed in the same way, especially as part of a religious ceremony",nghi lễ,True,False,ritualism; ritualist; ritualistic; ritualistically; ritualized; ritually,6,không có (hoặc chưa xác định),không có biến thể đáng chú ý,"Nghệ thuật, thiết kế và văn hóa",Văn hóa và lễ hội
rival,"competing with another person, company, thing, etc.",đối thủ,True,False,unrivalled,1,không có (hoặc chưa xác định),không có biến thể đáng chú ý,Thể thao,Thể thao chung
river,a natural flow of water that continues in a long line across land to the sea,con sông,True,True,riverbank; riverbed; riverboat; riverside; riverview; upriver,6,không có (hoặc chưa xác định),không có biến thể đáng chú ý,Môi trường và tự nhiên,"Sông, hồ và thác nước"
road,a hard surface built for vehicles to travel on,con đường,True,True,byroad; crossroad; highroad; inroad; railroad; railroader; roadbed; roadblock; roadbuilding; roadhouse; roadie; roadless; roadside; roadster; roadway; roadworthiness; roadworthy,17,không có (hoặc chưa xác định),không có biến thể đáng chú ý,Giao thông,Đường sá
rob,to steal money or property from a person or place,cướp bóc,True,False,robber; robbery; robbie; robby,4,không có (hoặc chưa xác định),không có biến thể đáng chú ý,"Pháp luật, an toàn và khẩn cấp",Tội phạm và điều tra
robust,strong and healthy,"mạnh mẽ, chắc chắn",True,False,robustly; robustness,2,không có (hoặc chưa xác định),không có biến thể đáng chú ý,Khái niệm trừu tượng,Đánh giá và giá trị
rock,the hard solid material that forms part of the surface of the earth and some other planets,"đá, nhạc rock",True,True,bedrock; rock'n'roll; rockaways; rockbound; rocker; rockery; rockfork; rockhall; rockier; rockies; rockiest; rockiness; rocklike; rocky,14,không có (hoặc chưa xác định),không có biến thể đáng chú ý,Môi trường và tự nhiên,Đá
rocket,a spacecraft in the shape of a tube that is driven by a stream of gases let out behind it when fuel is burned inside,tên lửa,True,True,retrorocket; rocketry; skyrocket,3,không có (hoặc chưa xác định),không có biến thể đáng chú ý,Môi trường và tự nhiên,Thám hiểm không gian
rod,"a long straight piece of wood, metal or glass","que, cần",False,True,hotrod,1,không có (hoặc chưa xác định),không có biến thể đáng chú ý,Nhà cửa,Đồ nội thất
role,"an actor’s part in a play, film, etc.",vai trò,False,True,roleplayed,1,roll: role = vai trò; roll = cuộn lại/lăn,không có biến thể đáng chú ý,"Nghệ thuật, thiết kế và văn hóa",Nghệ thuật biểu diễn
roll,a small loaf of bread for one person,"cuộn lại, lăn",True,True,bankroll; enrolled; enrolment; payroll; rock'n'roll; roller; steamroller; unroll,8,role: role = vai trò; roll = cuộn lại/lăn,không có biến thể đáng chú ý,Thể thao,Bóng bầu dục Mỹ
romance,"an exciting, usually short, relationship between two people who are in love with each other",lãng mạn,True,False,romancers,1,không có (hoặc chưa xác định),không có biến thể đáng chú ý,Con người,Mối quan hệ
romantic,connected with or about love or a sexual relationship,lãng mạn,True,False,romantically; romanticism; romanticist; romanticize; unromantic,5,không có (hoặc chưa xác định),không có biến thể đáng chú ý,Con người,Mối quan hệ
roof,the structure that covers or forms the top of a building or vehicle,mái nhà,True,True,roofer; roofless; rooftop; rooftree; sunroof,5,không có (hoặc chưa xác định),không có biến thể đáng chú ý,Nhà cửa,Ngôi nhà
room,"a part of a building that has its own walls, floor and ceiling and is usually used for a particular purpose",căn phòng,True,True,anteroom; backroom; ballroom; bathroom; bedroom; boardroom; classroom; clubrooms; courtroom; darkroom; elbowroom; guardroom; guestroom; gunroom; headroom; houseroom; lunchroom; newsroom; playroom; poolroom; roomer; roomful; roomier; roomiest; roomily; roominess; roommate; roomy; saleroom; schoolroom; showroom; sickroom; stateroom; stillroom; stockroom; storeroom; strongrooms; taproom; tearoom; wardroom; washroom; workroom,42,không có (hoặc chưa xác định),không có biến thể đáng chú ý,Nhà cửa,Các phòng trong nhà
root,the part of a plant that grows under the ground and takes in water and minerals that it sends to the rest of the plant,"rễ cây, gốc rễ",True,True,arrowroot; grassroots; rootless; rootlessness; taproot; uproot,6,không có (hoặc chưa xác định),không có biến thể đáng chú ý,Môi trường và tự nhiên,Cây
rope,"very strong thick string made by twisting thinner strings, wires, etc. together",dây thừng,True,True,ropewalk; ropewalker; ropeway; ropey; ropeyard; ropier; ropiest; ropiness; tightrope,9,không có (hoặc chưa xác định),không có biến thể đáng chú ý,Thể thao,Trang thiết bị thể thao
rose,a flower with a sweet smell that grows on a bush with thorns (= sharp points) on its stems,hoa hồng,True,True,arose; rosary; rosebush; roseleaf; roseleaves; rosen; rosette; rosewater; rosewood; rosier; rosiest; rosiness; rosy; uprose,14,không có (hoặc chưa xác định),không có biến thể đáng chú ý,Môi trường và tự nhiên,Cây có hoa
rotate,to move or turn around a central fixed point; to make something do this,xoay vòng,True,False,rotation; rotationally; rotatory,3,không có (hoặc chưa xác định),không có biến thể đáng chú ý,"Khoa học, công nghệ và kỹ thuật",Vật lý
rough,having a surface that is not even or regular,"thô ráp, gồ ghề",True,True,roughage; roughcast; roughen; rougher; roughest; roughish; roughly; roughneck; roughness; roughrider,10,không có (hoặc chưa xác định),không có biến thể đáng chú ý,"Khoa học, công nghệ và kỹ thuật",Vật liệu
round,having a shape like a circle or a ball,"tròn, vòng",True,True,roundabout; rounder; roundest; roundhead; roundhouse; roundish; roundly; roundness; roundsman; roundup,10,không có (hoặc chưa xác định),không có biến thể đáng chú ý,"Nghệ thuật, thiết kế và văn hóa",Hình dạng
routine,"done or happening as a normal part of a particular job, situation or process",thói quen thường ngày,True,False,routinely; subroutine,2,không có (hoặc chưa xác định),không có biến thể đáng chú ý,Đời sống hằng ngày,Thói quen hằng ngày
row,(không có định nghĩa trong Oxford 5000 - root này không phải headword độc lập),"hàng, chèo thuyền",True,True,rowboat; rower,2,không có (hoặc chưa xác định),không có biến thể đáng chú ý,Thể thao,Thể thao dưới nước
rub,"to move your hand, a cloth, etc., backwards and forwards over a surface while pressing it",chà xát,True,True,rubber; rubberize; rubberneck; rubbery; rubbin; rubdown,6,không có (hoặc chưa xác định),không có biến thể đáng chú ý,Đời sống hằng ngày,Dọn dẹp nhà cửa
rubbish,things that you throw away because you no longer want or need them,rác rưởi,True,False,rubbishy,1,không có (hoặc chưa xác định),không có biến thể đáng chú ý,Nhà cửa,Xử lý rác
rude,having or showing a lack of respect for other people and their feelings,thô lỗ,True,False,rudely; rudeness; ruder; rudest,4,không có (hoặc chưa xác định),không có biến thể đáng chú ý,Con người,Tính cách
ruin,the state or process of being destroyed or severely damaged,sự phá hủy,True,False,ruination; ruinous; ruinously,3,không có (hoặc chưa xác định),không có biến thể đáng chú ý,"Nghệ thuật, thiết kế và văn hóa",Di sản và bảo tàng
rule,"a statement of what may, must or must not be done in a particular situation or when playing a game","quy tắc, cai trị",True,True,misrule; overrule; rulebook; ruler; unrulier; unruliest; unruly,7,không có (hoặc chưa xác định),không có biến thể đáng chú ý,Thể thao,Luật thi đấu
run,an act of running; a period of time spent running or the distance that somebody runs,chạy,True,True,forerunner; gunrunner; gunrunning; longrun; outrun; overrun; rerun; runabout; runaway; rundown; runner; runnier; runniest; runny; runoff; runway,16,không có (hoặc chưa xác định),không có biến thể đáng chú ý,Thể thao,Điền kinh
rural,connected with or like the countryside,nông thôn,True,False,rurally,1,không có (hoặc chưa xác định),không có biến thể đáng chú ý,Môi trường và tự nhiên,Nông nghiệp
rush,a sudden strong movement or action,vội vàng,True,True,inrush; onrush; rushall; rushier; rushlight; rushy,6,không có (hoặc chưa xác định),không có biến thể đáng chú ý,Đời sống hằng ngày,Thói quen hằng ngày
sack,to dismiss somebody from a job,"bao tải, sa thải",True,True,sackcloth; sacker; woolsack,3,không có (hoặc chưa xác định),không có biến thể đáng chú ý,Ngoại hình và trang phục,Túi xách
sacro,(không có định nghĩa trong Oxford 5000 - root này không phải headword độc lập),thiêng liêng (gốc từ),True,False,sacral; sacrament; sacramental; sacredly; sacredness; sacrifice; sacrificial; sacrificially; sacrilege; sacrilegious; sacrilegiously,11,không có (hoặc chưa xác định),không có biến thể đáng chú ý,"Nghệ thuật, thiết kế và văn hóa",Tôn giáo và nơi thờ tự
sad,unhappy or showing unhappiness,buồn bã,True,False,sadden; sadder; saddest; sadly; sadness,5,không có (hoặc chưa xác định),không có biến thể đáng chú ý,Con người,Cảm xúc
safe,"protected from any danger, harm or loss",an toàn,True,True,safebreaker; safecracker; safeguard; safekeeping; safely; safeness; safer; safest; safety; unsafe,10,không có (hoặc chưa xác định),không có biến thể đáng chú ý,"Pháp luật, an toàn và khẩn cấp",An toàn cá nhân
sail,a sheet of strong cloth which the wind blows against to make a boat or ship travel through the water,"buồm, đi thuyền",True,True,mainsail; sailboat; sailcloth; sailor; sailplane,5,không có (hoặc chưa xác định),không có biến thể đáng chú ý,Giao thông,Tàu thuyền
saint,"a person that the Christian Church recognizes as being very holy, because of the way they have lived or died",thánh,True,True,sainthood; saintlier; saintliest; saintlike; saintliness; saintly,6,không có (hoặc chưa xác định),không có biến thể đáng chú ý,"Nghệ thuật, thiết kế và văn hóa",Tôn giáo và nơi thờ tự
sake,(không có định nghĩa trong Oxford 5000 - root này không phải headword độc lập),"lợi ích, mục đích",True,True,forsake; forsaken; godforsaken; keepsake; namesake,5,không có (hoặc chưa xác định),không có biến thể đáng chú ý,Khái niệm trừu tượng,Nguyên nhân và mục đích
sale,an act or the process of selling something,bán hàng,True,True,resale; salable; saleroom; salesgirl; saleslady; salesman; salesmanship; saleswoman; wholesale; wholesaler,10,không có (hoặc chưa xác định),không có biến thể đáng chú ý,Mua sắm,Khuyến mãi và giảm giá
salt,a white substance that is added to food to make it taste better or to preserve it. Salt is obtained from mines and is also found in seawater. It is sometimes called common salt to show that it is different from other chemical salts. Its chemical name is sodium chloride.,muối,True,True,desalt; saltbush; salter; saltier; saltiest; saltiness; saltness; saltwater; salty; unsalted,10,không có (hoặc chưa xác định),không có biến thể đáng chú ý,Thực phẩm,Gia vị
same,exactly the one or ones referred to or mentioned; not different,giống nhau,True,True,sameness; selfsame,2,không có (hoặc chưa xác định),không có biến thể đáng chú ý,Khái niệm trừu tượng,Mức độ và so sánh
sample,a number of people or things taken from a larger group and used in tests to provide information about the group,mẫu thử,True,False,sampler,1,không có (hoặc chưa xác định),không có biến thể đáng chú ý,"Khoa học, công nghệ và kỹ thuật",Phòng thí nghiệm
sand,"a substance that consists of very small fine grains of rock. Sand is found on beaches, in deserts, etc.",cát,True,True,quicksand; sandbag; sandbank; sandbar; sandblast; sandbox; sander; sandglass; sandier; sandiest; sandiness; sandman; sandpaper; sandpiper; sandpit; sandshoe; sandstone; sandstorm; sandy,19,không có (hoặc chưa xác định),không có biến thể đáng chú ý,Giải trí và thời gian rảnh,Bãi biển
sauce,a thick liquid that is eaten with food to add taste to it,nước sốt,True,True,saucepan; saucer; saucier; sauciest; saucily; sauciness; saucy,7,không có (hoặc chưa xác định),không có biến thể đáng chú ý,Thực phẩm,Sốt và gia vị phết
save,"to keep somebody/something safe from death, harm, loss, etc.","tiết kiệm, cứu",True,True,saver; savior; saviour; timesaving,4,không có (hoặc chưa xác định),không có biến thể đáng chú ý,Kinh doanh và tài chính,Tiết kiệm
say,the right to influence something by giving your opinion before a decision is made,nói,True,True,gainsay; hearsay; sayers; unsay,4,không có (hoặc chưa xác định),không có biến thể đáng chú ý,Ngôn ngữ hằng ngày,Câu hỏi thông dụng
scale,"the size or extent of something, especially when compared with something else","quy mô, cân",True,False,descale; scalar; scalier; scaliest; scaliness; scaly,6,không có (hoặc chưa xác định),không có biến thể đáng chú ý,"Khoa học, công nghệ và kỹ thuật",Đo lường
scan,"to look quickly but not very carefully at a document, etc.",quét,True,False,scanner,1,không có (hoặc chưa xác định),không có biến thể đáng chú ý,Sức khỏe,Bệnh viện
scandal,behaviour or an event that people think is morally or legally wrong and causes public feelings of shock or anger,tai tiếng,True,False,scandalize; scandalous; scandalously,3,không có (hoặc chưa xác định),không có biến thể đáng chú ý,"Nghệ thuật, thiết kế và văn hóa",Văn hóa và lễ hội
scare,a situation in which a lot of people are anxious or frightened about something,sợ hãi,True,False,scarier; scariest; scarify; scary,4,không có (hoặc chưa xác định),không có biến thể đáng chú ý,Con người,Cảm xúc
scatter,(không có định nghĩa trong Oxford 5000 - root này không phải headword độc lập),rải rác,False,True,scatterbrain; scattergun,2,không có (hoặc chưa xác định),không có biến thể đáng chú ý,Khái niệm trừu tượng,Thay đổi và phát sinh
scene,"the place where something happens, especially something unpleasant",cảnh tượng,True,True,scenery; sceneshifter; scenic; scenically,4,không có (hoặc chưa xác định),không có biến thể đáng chú ý,Giải trí và thời gian rảnh,Phim và rạp chiếu
scheme,a plan or system for doing or organizing something,"kế hoạch, âm mưu",True,False,schematic; schematically; schemer,3,không có (hoặc chưa xác định),không có biến thể đáng chú ý,Kinh doanh và tài chính,Đầu tư
school,a place where children go to be educated,trường học,True,True,highschool; preschool; preschooler; scholar; scholarly; scholarship; scholastic; scholastica; scholastically; scholasticism; schoolbooks; schoolboy; schoolchildren; schooldays; schoolfellow; schoolgirl; schoolgirlish; schoolhouse; schoolmaster; schoolmate; schoolroom; schoolwork; unschooled,23,không có (hoặc chưa xác định),không có biến thể đáng chú ý,Học tập và giáo dục,Trường học
scope,the opportunity or ability to do or achieve something,phạm vi,True,True,horoscope; macroscopically; microscope; microscopic; microscopical; microscopically; microscopy; periscope,8,không có (hoặc chưa xác định),không có biến thể đáng chú ý,Khái niệm trừu tượng,Phạm vi và bộ phận
score,"the number of points, goals, etc. scored by each player or team in a game or competition",điểm số,True,True,scoreboard; scorebook; scorecard; scorekeeper; scorer; underscore,6,không có (hoặc chưa xác định),không có biến thể đáng chú ý,Học tập và giáo dục,Điểm số và đánh giá
scratch,"a mark, a cut or an injury made by scratching somebody’s skin or the surface of something",trầy xước,True,True,backscratcher; scratchier; scratchiest; scratchiness; scratchpad; scratchy,6,không có (hoặc chưa xác định),không có biến thể đáng chú ý,Sức khỏe,Chấn thương
scream,"a loud high shout made by somebody who is hurt, frightened, excited, etc.; a loud high noise",la hét,True,False,screamingly,1,không có (hoặc chưa xác định),không có biến thể đáng chú ý,Con người,Cảm xúc
screen,"the flat surface at the front of a television, computer, or other electronic device, on which you see pictures or information",màn hình,False,True,screenland; screenplay; smokescreen; windscreen,4,không có (hoặc chưa xác định),không có biến thể đáng chú ý,"Khoa học, công nghệ và kỹ thuật",Phần cứng máy tính
screw,"a thin pointed piece of metal like a nail with a raised spiral line (called a thread) along it and a line or cross cut into its head. Screws are turned and pressed into wood, metal, etc. with a screwdriver in order to fasten two things together.","ốc vít, vặn",True,True,screwball; screwdriver; screwier; screwiest; screwy; thumbscrew; unscrew,7,không có (hoặc chưa xác định),không có biến thể đáng chú ý,Nhà cửa,Sửa chữa và bảo trì
script,"a written text of a play, film, broadcast, talk, etc.",kịch bản,True,True,ascribable; ascribe; ascription; circumscribe; circumscription; conscript; conscription; describable; describe; description; descriptive; descriptively; descriptiveness; indescribable; indescribably; inscribe; inscription; nondescript; nondescriptly; oversubscribed; postscript; prescribe; prescription; prescriptive; prescriptively; proscribe; proscription; scriptural; scripture; scriptwriter; subscribe; subscriber; subscription; superscribe; superscription; transcribe; transcription; typescript; unscripted,39,không có (hoặc chưa xác định),không có biến thể đáng chú ý,Giải trí và thời gian rảnh,Sân khấu
sea,the salt water that covers most of the earth’s surface and surrounds its continents and islands,biển,True,True,oversea; seabed; seabird; seaboard; seacoast; seafarers; seafaring; seafood; seafront; seagoing; seahorse; seaman; seamanlike; seamanship; seaplane; seaport; seashore; seasick; seasickness; seaside; seawall; seaward; seawater; seaweed; seaworthy; undersea,26,see: sea = biển (danh từ); see = nhìn thấy (động từ),không có biến thể đáng chú ý,Môi trường và tự nhiên,Biển và đại dương
seal,"an official design or mark, stamped on a document to show that it is real and carries the authority of a particular person or organization","con dấu, con hải cẩu",True,True,resealed; sealer; sealskin; unsealed,4,không có (hoặc chưa xác định),không có biến thể đáng chú ý,Môi trường và tự nhiên,Động vật có vú
search,"an attempt to find somebody/something, especially by looking carefully for them/it",tìm kiếm,True,True,research; researchable; researcher; searcher; searchingly; searchlight,6,không có (hoặc chưa xác định),không có biến thể đáng chú ý,"Khoa học, công nghệ và kỹ thuật",Internet
season,"any of the four main periods of the year: spring, summer, autumn and winter",mùa,True,False,seasonable; seasonably; seasonal; seasonally; unseasonable; unseasoned,6,không có (hoặc chưa xác định),không có biến thể đáng chú ý,Môi trường và tự nhiên,Các mùa
seat,"a place where you can sit, for example a chair",chỗ ngồi,True,True,backseat; reseat; unseat,3,không có (hoặc chưa xác định),không có biến thể đáng chú ý,Giao thông,Nội thất ô tô
second,after one other person or thing in order or importance,"thứ hai, giây",True,True,microsecond; secondarily; seconder; secondhand; secondly; secondment,6,không có (hoặc chưa xác định),không có biến thể đáng chú ý,Ngôn ngữ hằng ngày,"Ngày, giờ và lịch cơ bản"
secret,known about by only a few people; kept hidden from others,bí mật,True,False,secretly; semisecret,2,không có (hoặc chưa xác định),không có biến thể đáng chú ý,"Pháp luật, an toàn và khẩn cấp",Tội phạm và điều tra
secretary,"a person who works in an office, working for another person, dealing with mail and phone calls, keeping records, arranging meetings with people, etc.",thư ký,True,False,secretarial; undersecretary,2,không có (hoặc chưa xác định),không có biến thể đáng chú ý,Nghề nghiệp và công việc,Văn phòng
secular,not connected with spiritual or religious matters,thế tục,True,False,secularism; secularist; secularization; secularize; secularizer,5,không có (hoặc chưa xác định),không có biến thể đáng chú ý,"Nghệ thuật, thiết kế và văn hóa",Tôn giáo và nơi thờ tự
secure,likely to continue or be successful for a long time,"an toàn, bảo đảm",True,False,insecure; insecurely; insecurity; securely; security,5,không có (hoặc chưa xác định),không có biến thể đáng chú ý,Nhà cửa,An ninh nhà ở
see,to become aware of somebody/something by using your eyes,nhìn thấy,True,True,foresee; foreseeable; foreseen; oversee; overseen; overseer; seekingly; seen; sightsee; sightseen; sightseer; unforeseen; unseeing; unseeingly; unseen,15,sea: sea = biển (danh từ); see = nhìn thấy (động từ),saw/seen (bất quy tắc),Con người,Khuôn mặt
seed,"the small hard part produced by a plant, from which a new plant can grow",hạt giống,True,True,birdseed; cottonseed; oilseed; seedbed; seedcake; seedcoat; seedier; seediest; seedily; seediness; seedless; seedling; seedtime; seedy,14,không có (hoặc chưa xác định),không có biến thể đáng chú ý,Thực phẩm,Hạt giống
seek,to look for something/somebody,tìm kiếm,True,True,seeker; seersucker,2,không có (hoặc chưa xác định),không có biến thể đáng chú ý,Nghề nghiệp và công việc,Tìm việc
seem,to give the impression of being or doing something,dường như,True,False,beseem; seemingly,2,không có (hoặc chưa xác định),không có biến thể đáng chú ý,Khái niệm trừu tượng,Nhận thức và ý nghĩa
segment,a part of something that is separate from the other parts or can be considered separately,phân đoạn,True,False,segmental; segmentation,2,không có (hoặc chưa xác định),không có biến thể đáng chú ý,Khái niệm trừu tượng,Phạm vi và bộ phận
seize,to take somebody/something in your hand suddenly and using force,"nắm bắt, chiếm giữ",True,False,seizure,1,không có (hoặc chưa xác định),không có biến thể đáng chú ý,"Pháp luật, an toàn và khẩn cấp",Cảnh sát
select,"to choose somebody/something from a group of people or things, usually according to a system",lựa chọn,True,False,selection; selective; selectively; selectiveness; selectivity; selector,6,không có (hoặc chưa xác định),không có biến thể đáng chú ý,Khái niệm trừu tượng,Đánh giá và giá trị
self,"the type of person you are, especially the way you normally behave, look or feel",bản thân,True,True,herself; himself; hisself; itself; myself; oneself; ourselves; ownself; selfeffacing; selfish; selfishly; selfishness; selfless; selflessly; selflessness; selfsame; themselves; unselfconsciousness; unselfish; unselfishly; yourself,21,không có (hoặc chưa xác định),không có biến thể đáng chú ý,Con người,Tính cách
sell,to give something to somebody in exchange for money,bán,True,True,bestseller; bestselling; bookseller; outsell; oversell; seller; sellout; undersell,8,không có (hoặc chưa xác định),không có biến thể đáng chú ý,Mua sắm,Mua sắm trực tuyến
send,"to make something go or be taken to a place, especially by post, email, radio, etc.",gửi đi,True,True,godsend; sender,2,không có (hoặc chưa xác định),không có biến thể đáng chú ý,Dịch vụ,Bưu điện
senior,high in rank or status; higher in rank or status than others,"cấp cao, người lớn tuổi",True,False,seniority,1,không có (hoặc chưa xác định),không có biến thể đáng chú ý,Con người,Tuổi tác và các giai đoạn cuộc đời
sense,an understanding about something; an ability to judge something,"giác quan, ý nghĩa",True,True,desensitization; desensitize; extrasensory; hypersensitive; hypersensitivity; insensate; insensibility; insensible; insensibly; insensitive; insensitively; insensitivity; nonsense; nonsensical; nonsensically; photosensitive; photosensitization; photosensitize; sensation; sensational; sensationalism; sensationalist; sensationally; senseless; senselessly; senselessness; sensibility; sensible; sensibly; sensitive; sensitively; sensitiveness; sensitivity; sensitization; sensitize; sensor; sensory; sensual; sensualism; sensualist; sensuality; sensuous; sensuously; sensuousness; supersensitive,45,không có (hoặc chưa xác định),không có biến thể đáng chú ý,Khái niệm trừu tượng,Nhận thức và ý nghĩa
sentence,"a set of words expressing a statement, a question or an order, usually containing a subject and a verb. In written English sentences begin with a capital letter and end with a full stop/period (.), a question mark (?) or an exclamation mark (!).","câu văn, bản án",True,False,sententious; sententiously,2,không có (hoặc chưa xác định),không có biến thể đáng chú ý,"Pháp luật, an toàn và khẩn cấp",Tòa án
sequence,"a set of events, actions, numbers, etc. which have a particular order and which lead to a particular result",trình tự,True,False,sequential; sequentially,2,không có (hoặc chưa xác định),không có biến thể đáng chú ý,Khái niệm trừu tượng,Thời gian và thứ tự
serious,bad or dangerous,nghiêm túc,True,False,seriously; seriousness,2,không có (hoặc chưa xác định),không có biến thể đáng chú ý,Khái niệm trừu tượng,Đánh giá và giá trị
serve,"to give somebody food or drink, for example at a restaurant or during a meal",phục vụ,True,True,conservancy; conservation; conservationist; conservatism; conservative; conservatively; conservatoire; conservatory; conserve; deserve; deservedly; disservice; manservant; preservable; preservation; preservative; preserve; preserver; servant; server; service; serviceability; serviceable; serviceableness; serviceably; serviceman; servile; servilely; servility; servitor; servitude; subserve; subservience; subservient; timeserver; timeserving; undeserved; unserviceable; unservile,39,không có (hoặc chưa xác định),không có biến thể đáng chú ý,Ăn uống bên ngoài,Nhà hàng
set,a group of similar things that belong together in some way,"đặt, bộ",True,True,beset; bonesetter; gasset; headset; inset; letraset; offset; onset; outset; pacesetter; preset; quickset; reset; setback; setter; setup; sunset; thickset; trendsetter; typeset; typesetter; upset,22,không có (hoặc chưa xác định),không có biến thể đáng chú ý,Giải trí và thời gian rảnh,Sân khấu
settle,to put an end to an argument or a disagreement,"định cư, giải quyết",True,False,resettle; resettlement; settlement; settler; unsettle,5,không có (hoặc chưa xác định),không có biến thể đáng chú ý,Nhà cửa,Ngôi nhà
seven,7,số bảy,True,True,sevenfold; seventeen; seventeenth; seventeenths; seventh; seventhly; seventieth; seventy,8,không có (hoặc chưa xác định),không có biến thể đáng chú ý,Ngôn ngữ hằng ngày,Số đếm và số thứ tự
several,more than two but not very many,vài,True,False,severally,1,không có (hoặc chưa xác định),không có biến thể đáng chú ý,Ngữ pháp và hư từ,Lượng từ
severe,extremely bad or serious,nghiêm trọng,True,False,severely; severer; severest; severity,4,không có (hoặc chưa xác định),không có biến thể đáng chú ý,Sức khỏe,Triệu chứng
sex,the state of being male or female,giới tính,True,False,asexual; asexuality; asexually; bisexual; bisexuality; bisexually; oversexed; sexier; sexiest; sexily; sexiness; sexism; sexist; sexless; sexual; sexuality; sexualized; sexually; sexy; transsexual; undersexed; unisex; unsex,23,không có (hoặc chưa xác định),không có biến thể đáng chú ý,Con người,Sinh sản
shade,"an area that is dark and cool under or behind something, for example a tree or building, because the sun’s light does not get to it",bóng râm,True,True,lampshade; nightshade; shadier; shadiest; shady; sunshade,6,không có (hoặc chưa xác định),không có biến thể đáng chú ý,"Nghệ thuật, thiết kế và văn hóa",Màu sắc
shadow,"the dark shape that somebody/something’s form makes on a surface, for example on the ground, when they are between the light and the surface",cái bóng,True,True,foreshadow; overshadow; shadowbox; shadowier; shadowiest; shadowy,6,không có (hoặc chưa xác định),không có biến thể đáng chú ý,Môi trường và tự nhiên,Ánh nắng
shake,an act of shaking somebody/something,"lắc, rung",True,True,boneshaker; earthshaking; earthshakingly; handshake; milkshake; shakedown; shaken; shaker; shakiest; shakily; shakiness; shaky; unshakable,13,không có (hoặc chưa xác định),không có biến thể đáng chú ý,Con người,Cảm xúc
shallow,not having much distance between the top or surface and the bottom,nông cạn,True,False,shallower; shallowest; shallowly; shallowness,4,không có (hoặc chưa xác định),không có biến thể đáng chú ý,Môi trường và tự nhiên,"Sông, hồ và thác nước"
shame,used to say that something is a cause for feeling sad or disappointed,xấu hổ,True,True,ashamed; ashamedly; shamefaced; shamefacedly; shameful; shamefully; shamefulness; shameless; shamelessly; shamelessness; unashamedly,11,không có (hoặc chưa xác định),không có biến thể đáng chú ý,Con người,Cảm xúc
shape,the form of the outer edges or surfaces of something; an example of something that has a particular form,hình dạng,True,True,misshapen; reshapes; shapeless; shapelessness; shapelier; shapeliness; shapely; shipshape,8,không có (hoặc chưa xác định),không có biến thể đáng chú ý,"Nghệ thuật, thiết kế và văn hóa",Hình dạng
share,one part of something that is divided between two or more people,chia sẻ,True,True,sharecrop; sharecropper; shareholder; sharer,4,không có (hoặc chưa xác định),không có biến thể đáng chú ý,Kinh doanh và tài chính,Đầu tư
sharp,"having a fine edge or point, especially of something that can cut or make a hole in something",sắc bén,True,True,cardsharpers; sharpen; sharpener; sharper; sharpest; sharply; sharpness; sharpshooter; unsharpened,9,không có (hoặc chưa xác định),không có biến thể đáng chú ý,Nhà cửa,Đồ nội thất
shatter,to suddenly break into small pieces; to make something suddenly break into small pieces,vỡ tan,True,True,shatteringly; shatterproof,2,không có (hoặc chưa xác định),không có biến thể đáng chú ý,"Khoa học, công nghệ và kỹ thuật",Vật liệu
shed,to get rid of something that is no longer wanted,"nhà kho, đổ (nước mắt)",True,True,bloodshed; cowshed; unshed; watershed; woodshed,5,không có (hoặc chưa xác định),không có biến thể đáng chú ý,Nhà cửa,Ga-ra và kho
sheep,"an animal with a thick coat, kept on farms for its meat (called mutton or lamb) or its wool",con cừu,True,True,sheepdog; sheepfold; sheepish; sheepishly; sheepishness; sheepskin,6,không có (hoặc chưa xác định),không có biến thể đáng chú ý,Môi trường và tự nhiên,Động vật có vú
sheet,a large piece of thin cloth used on a bed to lie on or lie under,"tấm, tờ",False,True,broadsheet; dustsheet; groundsheet; newssheet; worksheet,5,không có (hoặc chưa xác định),không có biến thể đáng chú ý,Nhà cửa,Phòng ngủ
shelf,"a flat board, made of wood, metal, glass, etc., fixed to the wall or forming part of a cupboard, bookcase, etc., for things to be placed on",kệ sách,False,True,bookshelf,1,không có (hoặc chưa xác định),không có biến thể đáng chú ý,Nhà cửa,Đồ nội thất
shell,"the hard outer part of eggs, nuts, some seeds, and some animals","vỏ sò, vỏ đạn",False,True,bombshell; eggshell; nutshell; shellfish; shellshock; shotshells,6,không có (hoặc chưa xác định),không có biến thể đáng chú ý,Môi trường và tự nhiên,Động vật không xương sống
shelter,"the fact of having a place to live or stay, considered as a basic human need",nơi trú ẩn,True,False,unsheltered,1,không có (hoặc chưa xác định),không có biến thể đáng chú ý,"Pháp luật, an toàn và khẩn cấp",Sơ tán
shift,a period of time worked by a group of workers who start work as another group finishes,"ca làm việc, thay đổi",True,True,makeshift; nonshifters; sceneshifter; shifters; shiftier; shiftiest; shiftily; shiftiness; shiftless; shiftlessly; shiftlessness; shifty,12,không có (hoặc chưa xác định),không có biến thể đáng chú ý,Nghề nghiệp và công việc,Nghỉ phép và thời gian làm việc
shine,to produce or reflect light; to be bright,tỏa sáng,True,True,moonshine; outshine; shiner; shinier; shiniest; shininess; shiningly; shiny; shoeshine; sunshine; sunshiny,11,không có (hoặc chưa xác định),không có biến thể đáng chú ý,Môi trường và tự nhiên,Ánh nắng
ship,a large boat that carries people or goods by sea,con tàu,True,True,airship; amidships; battleship; flagship; lightship; longship; mayorship; mediumship; midship; midshipman; shipboard; shipbuilder; shipbuilding; shipload; shipman; shipmate; shipment; shipowner; shipper; shippin; shipshape; shipyard; spaceship; steamship; transship; transshipment; troopships; warship,28,không có (hoặc chưa xác định),không có biến thể đáng chú ý,Giao thông,Tàu thuyền
shirt,"a piece of clothing worn on the upper part of the body, made of light cloth, with sleeves and usually with a collar and buttons down the front",áo sơ mi,True,True,blackshirt; hairshirt; nightshirt; shirtfront; shirtier; shirttail; shirty; undershirt,8,không có (hoặc chưa xác định),không có biến thể đáng chú ý,Ngoại hình và trang phục,Quần áo nam
shock,"a strong feeling of surprise as a result of something happening, especially something unpleasant; the event that causes this feeling",sốc,True,True,shellshock; shocker; shockingly; shockwave,4,không có (hoặc chưa xác định),không có biến thể đáng chú ý,Sức khỏe,Chấn thương
shoe,one of a pair of objects usually made of leather or plastic that you wear on your feet,giày,True,True,horseshoe; overshoe; sandshoe; shoeblack; shoehorn; shoemaker; shoemaking; shoeshine; shoestring; snowshoe,10,không có (hoặc chưa xác định),không có biến thể đáng chú ý,Ngoại hình và trang phục,Giày dép
shoot,the part that grows up from the ground when a plant starts to grow; a new part that grows on plants or trees,bắn,True,True,offshoot; overshoot; sharpshooter; shooter; trapshooting; troubleshooter; undershoot,7,không có (hoặc chưa xác định),không có biến thể đáng chú ý,Giải trí và thời gian rảnh,Nhiếp ảnh
shop,a building or part of a building where you can buy goods or services,cửa hàng,True,True,bookshop; shopkeeper; shoplift; shoplifter; shopper; shopsoiled; toyshop; workshop,8,không có (hoặc chưa xác định),không có biến thể đáng chú ý,Mua sắm,Siêu thị
shore,"the land along the edge of the sea, the ocean or a lake",bờ biển,True,True,ashore; foreshore; inshore; offshore; onshore; seashore; shoreline,7,không có (hoặc chưa xác định),không có biến thể đáng chú ý,Môi trường và tự nhiên,Biển và đại dương
short,"measuring or covering a small length or distance, or a smaller length or distance than usual",ngắn,True,True,foreshorten; shortage; shortbread; shortcake; shortcoming; shortcut; shorten; shorter; shortest; shortfall; shorthand; shorthorn; shortly; shortness; shortsighted; shortsightedly; shortsightedness; shortstop; shorty,19,không có (hoặc chưa xác định),không có biến thể đáng chú ý,Ngoại hình và trang phục,Kích cỡ và kiểu dáng
shot,the act of firing a gun; the sound this makes,"phát súng, cú đánh",True,True,bloodshot; buckshot; earshot; gunshot; longshot; overshot; shotgun; shotshells; snapshot; upshot,10,không có (hoặc chưa xác định),không có biến thể đáng chú ý,Sức khỏe,Sơ cứu
show,a programme on television or the radio,trình diễn,True,True,showboat; showcase; showdown; showgirl; showier; showiest; showily; showiness; showman; showmanship; shown; showpiece; showplace; showroom; showy; sideshow,16,không có (hoặc chưa xác định),không có biến thể đáng chú ý,Giải trí và thời gian rảnh,Truyền hình
shower,a piece of equipment producing a flow of water that you stand under to wash yourself; the small room or part of a room that contains a shower,vòi hoa sen,True,False,showerier; showery,2,không có (hoặc chưa xác định),không có biến thể đáng chú ý,Nhà cửa,Phòng tắm
shrink,"to become smaller, especially when washed in water that is too hot; to make clothes, cloth, etc. smaller in this way",co lại,True,False,shrinkage,1,không có (hoặc chưa xác định),không có biến thể đáng chú ý,Ngoại hình và trang phục,Giặt và bảo quản quần áo
shut,not open,đóng lại,True,True,shutdown; shutter,2,không có (hoặc chưa xác định),không có biến thể đáng chú ý,Nhà cửa,Các phòng trong nhà
shy,nervous or embarrassed about meeting and speaking to other people,nhút nhát,True,True,shyer; shyest; shylock; shylockian; shyly; shyness; shyster,7,không có (hoặc chưa xác định),không có biến thể đáng chú ý,Con người,Tính cách
sick,physically or mentally ill,ốm đau,True,True,airsick; carsick; heartsick; homesick; homesickness; lovesick; seasick; seasickness; sickbay; sickbed; sicken; sickeningly; sicker; sickest; sickish; sicklier; sickliest; sickly; sickness; sickroom; travelsick,21,không có (hoặc chưa xác định),không có biến thể đáng chú ý,Sức khỏe,Bệnh tật
side,"either of the two halves of a surface, an object or an area that is divided by an imaginary central line",bên cạnh,True,True,alongside; backside; bedside; beside; broadside; burnside; countryside; fireside; hillside; inside; insider; ironside; mountainside; nearside; oceanside; offside; outside; outsider; overside; ringside; riverside; roadside; seaside; sidearms; sideboard; sideburns; sidecar; sidekick; sidelight; sideline; sidelong; sideshow; sideslip; sidesplitting; sidestep; sidetrack; sidewalk; sideward; sideways; sidewinder; sidewise; silverside; streamside; topside; underside; upside; waterside; wayside; woodside,49,không có (hoặc chưa xác định),không có biến thể đáng chú ý,Khái niệm trừu tượng,Phạm vi và bộ phận
sight,the ability to see,tầm nhìn,True,True,eyesight; farsighted; foresight; insight; nearsighted; nearsightedly; nearsightedness; oversight; shortsighted; shortsightedly; shortsightedness; sightless; sightliness; sightsee; sightseen; sightseer; unsightliness; unsightly,18,site: sight = tầm nhìn/thị giác; site = địa điểm,không có biến thể đáng chú ý,Con người,Khuôn mặt
sign,"an event, an action, a fact, etc. that shows that something exists, is happening or may happen in the future","dấu hiệu, ký tên",True,True,cosignatory; countersign; insignificance; insignificant; insignificantly; signal; signalize; signaller; signally; signalman; signatory; signature; signboard; signer; significance; significant; significantly; signification; significative; signify; signpost; undersign; unsigned,23,không có (hoặc chưa xác định),không có biến thể đáng chú ý,"Nghệ thuật, thiết kế và văn hóa",Biểu tượng và biển hiệu
silence,a complete lack of noise or sound,sự im lặng,True,False,silencer,1,không có (hoặc chưa xác định),không có biến thể đáng chú ý,Con người,Cảm xúc
silent,where there is little or no sound; making little or no sound,im lặng,True,False,silently,1,không có (hoặc chưa xác định),không có biến thể đáng chú ý,Khái niệm trừu tượng,Mức độ và so sánh
silk,fine soft thread produced by silkworms,lụa,True,True,silken; silkier; silkiest; silkiness; silkworm; silky,6,không có (hoặc chưa xác định),không có biến thể đáng chú ý,Ngoại hình và trang phục,Chất liệu vải
silly,"showing a lack of thought, understanding, or judgement",ngớ ngẩn,True,False,sillier; silliest; silliness,3,không có (hoặc chưa xác định),không có biến thể đáng chú ý,Con người,Tính cách
silver,shiny grey-white in colour,bạc,True,True,quicksilver; silverier; silveriest; silverside; silvery,5,không có (hoặc chưa xác định),không có biến thể đáng chú ý,Kinh doanh và tài chính,Đầu tư
simple,not complicated; easy to understand or do,đơn giản,True,False,oversimplification; oversimplify; simpler; simplest; simplicity; simplification; simplify; simplistic; simply,9,không có (hoặc chưa xác định),không có biến thể đáng chú ý,Khái niệm trừu tượng,Đánh giá và giá trị
sin,an offence against God or against a religious or moral law,tội lỗi,True,True,pleasin; sinful; sinfully; sinfulness; sinless; sinlessness; sinner,7,không có (hoặc chưa xác định),không có biến thể đáng chú ý,"Nghệ thuật, thiết kế và văn hóa",Tôn giáo và nơi thờ tự
sincere,showing what you really think or feel,chân thành,True,False,insincere; insincerely; insincerity; sincerely; sincerer; sincerest; sincerity,7,không có (hoặc chưa xác định),không có biến thể đáng chú ý,Con người,Tính cách
sing,to make musical sounds with your voice in the form of a song or tune,hát,True,True,biassing; singable; singer; singsong,4,không có (hoặc chưa xác định),không có biến thể đáng chú ý,"Nghệ thuật, thiết kế và văn hóa",Âm nhạc
single,only one,"độc thân, đơn lẻ",True,True,singlehandedly; singleness; singlet; singly; singular; singularity; singularize; singularly,8,không có (hoặc chưa xác định),không có biến thể đáng chú ý,Con người,Mối quan hệ
sink,to go down below the surface or towards the bottom of a liquid or soft substance,"chìm, bồn rửa",True,True,countersink; neversink; sinkable; sinker; sinkhole; unsinkable,6,không có (hoặc chưa xác định),không có biến thể đáng chú ý,Nhà cửa,Phòng tắm
sister,a girl or woman who has the same mother and father as another person,chị/em gái,True,True,sisterhood; sisterly; stepsister,3,không có (hoặc chưa xác định),không có biến thể đáng chú ý,Con người,Gia đình
sit,"to rest your weight on your bottom with your back straight, for example on/in a chair",ngồi,True,True,bedsit; bedsitter; sitter,3,không có (hoặc chưa xác định),không có biến thể đáng chú ý,Con người,Cơ thể
site,"a place where a building, town, etc. was, is or will be located",địa điểm,False,True,bombsite; campsite,2,cite: cite = trích dẫn; site = địa điểm; sight: sight = tầm nhìn/thị giác; site = địa điểm,không có biến thể đáng chú ý,Nghề nghiệp và công việc,Nghề kỹ thuật và xây dựng
situate,(không có định nghĩa trong Oxford 5000 - root này không phải headword độc lập),đặt tại,True,False,situation,1,không có (hoặc chưa xác định),không có biến thể đáng chú ý,Ngôn ngữ hằng ngày,Giới từ và trạng từ chỉ nơi chốn
six,6,số sáu,True,True,sextillion; sixfold; sixgun; sixpenny; sixteen; sixteenth; sixteenths; sixth; sixthly; sixtieth; sixty,11,không có (hoặc chưa xác định),không có biến thể đáng chú ý,Ngôn ngữ hằng ngày,Số đếm và số thứ tự
size,how large or small a person or thing is,kích thước,True,False,outsize; oversize; sizable; undersize,4,không có (hoặc chưa xác định),không có biến thể đáng chú ý,Ngoại hình và trang phục,Kích cỡ và kiểu dáng
sketch,a simple picture that is drawn quickly and does not have many details,bản phác thảo,True,True,sketchbook; sketcher; sketchier; sketchiest; sketchily; sketchiness; sketchpad; sketchy,8,không có (hoặc chưa xác định),không có biến thể đáng chú ý,"Nghệ thuật, thiết kế và văn hóa",Vẽ và phác thảo
ski,connected with the sport of skiing,trượt tuyết,True,True,skier; skilift; skiway,3,không có (hoặc chưa xác định),không có biến thể đáng chú ý,Thể thao,Trượt tuyết
skill,the ability to do something well,kỹ năng,True,True,skilful; skilfully; skillfulness; unskilled,4,không có (hoặc chưa xác định),không có biến thể đáng chú ý,Học tập và giáo dục,Kỹ năng học tập
skin,the layer of tissue that covers the body,làn da,True,True,bearskin; buckskin; cowskin; foreskin; oilskin; pigskin; redskin; sealskin; sheepskin; skindive; skinfolds; skinful; skinhead; skinless; skinner; skinnier; skinniest; skinny; wineskin,19,không có (hoặc chưa xác định),không có biến thể đáng chú ý,Ngoại hình và trang phục,Chăm sóc da
skirt,a piece of clothing that hangs from the middle part of the body,váy,True,False,outskirts; overskirt,2,không có (hoặc chưa xác định),không có biến thể đáng chú ý,Ngoại hình và trang phục,Quần áo nữ
skull,the bone structure that forms the head and surrounds and protects the brain,hộp sọ,False,True,skullcap,1,không có (hoặc chưa xác định),không có biến thể đáng chú ý,Con người,Bộ xương
sky,"the space above the earth that you can see when you look up, where clouds and the sun, moon and stars appear",bầu trời,True,True,skydiver; skyhook; skylight; skyline; skyrocket; skyward; skywave; skywriting,8,không có (hoặc chưa xác định),không có biến thể đáng chú ý,Môi trường và tự nhiên,Thời tiết
slap,to hit somebody/something with the flat part of your hand,tát,False,True,slaphappy; slapstick,2,không có (hoặc chưa xác định),không có biến thể đáng chú ý,Con người,Mối quan hệ
slave,a person who is owned by another person and is forced to work for and obey them,nô lệ,True,False,antislavery; enslave; enslavement; slavery; slavey; slavish; slavishly,7,không có (hoặc chưa xác định),không có biến thể đáng chú ý,"Nghệ thuật, thiết kế và văn hóa",Di sản và bảo tàng
sleep,"the natural state of rest in which your eyes are closed, your body is not active, and your mind is not conscious",ngủ,True,True,oversleep; sleeper; sleepier; sleepiest; sleepily; sleepiness; sleepless; sleeplessly; sleeplessness; sleepwalk; sleepwalker; sleepy; sleepyhead,13,không có (hoặc chưa xác định),không có biến thể đáng chú ý,Đời sống hằng ngày,Thức dậy và đi ngủ
slide,"one page of an electronic presentation, that may contain text and images, that is usually viewed on a computer screen or projected onto a larger screen",trượt,True,True,backslide; backslider; landslide,3,không có (hoặc chưa xác định),không có biến thể đáng chú ý,Cộng đồng và đô thị,Sân chơi
slight,very small in degree,nhẹ nhàng,True,False,slighter; slightest; slightly; slightness,4,không có (hoặc chưa xác định),không có biến thể đáng chú ý,Khái niệm trừu tượng,Mức độ và so sánh
slip,to slide a short distance by accident so that you fall or nearly fall,trượt ngã,True,True,cowslip; gymslip; sideslip; slipcover; slipover; slippage; slipper; slipperier; slipperiest; slipperiness; slippery; slippy; slipstream; slipway,14,không có (hoặc chưa xác định),không có biến thể đáng chú ý,Sức khỏe,Chấn thương
slogan,"a word or phrase that is easy to remember, used for example by a political party or in advertising to attract people’s attention or to suggest an idea quickly",khẩu hiệu,True,False,sloganeering,1,không có (hoặc chưa xác định),không có biến thể đáng chú ý,Kinh doanh và tài chính,Sản phẩm và dịch vụ
slope,a surface or piece of land that slopes (= is higher at one end than the other),độ dốc,True,False,slopingly; unsloped,2,không có (hoặc chưa xác định),không có biến thể đáng chú ý,Thể thao,Trượt tuyết
slow,"not moving, acting or done quickly; taking a long time; not fast",chậm chạp,True,True,slowcoach; slower; slowest; slowly; slowness; slowworm,6,không có (hoặc chưa xác định),không có biến thể đáng chú ý,Khái niệm trừu tượng,Mức độ và so sánh
small,"not large in size, number, degree, amount, etc.",nhỏ bé,True,True,smaller; smallest; smallholder; smallholding; smallish; smallness; smalltime,7,không có (hoặc chưa xác định),không có biến thể đáng chú ý,Khái niệm trừu tượng,Mức độ và so sánh
smart,looking clean and neat; well dressed in fashionable and/or formal clothes,thông minh,True,False,outsmart; smarter; smartest; smartly; smartness,5,không có (hoặc chưa xác định),không có biến thể đáng chú ý,Con người,Tính cách
smash,"to break something, or to be broken, violently and noisily into many pieces",đập vỡ,True,False,smasher,1,không có (hoặc chưa xác định),không có biến thể đáng chú ý,Thể thao,Tennis
smell,the quality of something that people and animals sense through their noses,mùi hương,True,False,smellier; smelliest; smelliness; smelly,4,không có (hoặc chưa xác định),không có biến thể đáng chú ý,Con người,Khuôn mặt
smile,"the expression that you have on your face when you are happy or you think something is funny, in which the corners of your mouth turn upwards",nụ cười,True,False,smilingly; unsmiling; unsmilingly,3,không có (hoặc chưa xác định),không có biến thể đáng chú ý,Con người,Cảm xúc
smoke,"the grey, white or black gas that is produced by something burning",khói,True,True,nonsmoker; smokehouse; smokeless; smoker; smokescreen; smokier; smokiest; smokiness; smoky; woodsmoke,10,không có (hoặc chưa xác định),không có biến thể đáng chú ý,"Pháp luật, an toàn và khẩn cấp",Hỏa hoạn
smooth,"completely flat and even, without any rough areas or holes",mịn màng,True,True,smoothbore; smoother; smoothest; smoothie; smoothly; smoothness,6,không có (hoặc chưa xác định),không có biến thể đáng chú ý,"Khoa học, công nghệ và kỹ thuật",Vật liệu
snake,"a reptile with a very long thin body and no legs. There are many types of snake, some of which are poisonous.",con rắn,True,True,snakebite; snakestrike; snakier; snakiest; snaky,5,không có (hoặc chưa xác định),không có biến thể đáng chú ý,Môi trường và tự nhiên,Bò sát
snap,to break something suddenly with a sharp noise; to be broken in this way,"chụp nhanh, gãy",True,True,snapper; snappier; snappiest; snappily; snappish; snappishly; snappishness; snappy; snapshot; whippersnapper,10,không có (hoặc chưa xác định),không có biến thể đáng chú ý,Giải trí và thời gian rảnh,Nhiếp ảnh
snow,small soft white pieces (called flakes) of frozen water that fall from the sky in cold weather; this substance when it is lying on the ground,tuyết,True,True,snowball; snowblind; snowblindness; snowbound; snowdrift; snowdrop; snowfall; snowfield; snowier; snowiest; snowiness; snowman; snowshoe; snowstorm; snowy,15,không có (hoặc chưa xác định),không có biến thể đáng chú ý,Môi trường và tự nhiên,Thời tiết
so,to such a great degree,vì vậy,False,True,howsoever; insofar; whatsoever; wheresoever; whichsoever; whomsoever; whoso; whosoever,8,không có (hoặc chưa xác định),không có biến thể đáng chú ý,Ngữ pháp và hư từ,Liên từ
soak,to put something in liquid for a time so that it becomes completely wet; to become completely wet in this way,ngâm nước,True,False,soaker,1,không có (hoặc chưa xác định),không có biến thể đáng chú ý,Ngoại hình và trang phục,Giặt và bảo quản quần áo
soap,a substance that you use with water for washing your body,xà phòng,True,True,soapbox; soapier; soapiest; soapiness; soapstone; soapy,6,không có (hoặc chưa xác định),không có biến thể đáng chú ý,Ngoại hình và trang phục,Chăm sóc da
sock,"a piece of clothing that is worn over the foot, ankle and lower part of the leg, especially inside a shoe",tất,False,True,windsock,1,không có (hoặc chưa xác định),không có biến thể đáng chú ý,Ngoại hình và trang phục,Đồ lót
soft,changing shape easily when pressed; not stiff or hard,mềm mại,True,True,oversoft; oversoftness; softball; soften; softener; softer; softest; softhearted; softish; softland; softly; softness; softwood; softy,14,không có (hoặc chưa xác định),không có biến thể đáng chú ý,"Khoa học, công nghệ và kỹ thuật",Vật liệu
soil,"the top layer of the earth in which plants, trees, etc. grow",đất,True,True,shopsoiled; subsoil; topsoil,3,không có (hoặc chưa xác định),không có biến thể đáng chú ý,Môi trường và tự nhiên,Nông nghiệp
soldier,"a member of an army, especially one who is not an officer",người lính,True,True,soldierlike; soldierly; soldiery,3,không có (hoặc chưa xác định),không có biến thể đáng chú ý,Nghề nghiệp và công việc,Nghề công vụ và an ninh
sole,only; single,"duy nhất, đế giày",True,False,resoled; solely,2,soul: sole = duy nhất/đế giày; soul = linh hồn,không có biến thể đáng chú ý,Ngoại hình và trang phục,Giày dép
solid,hard; not in the form of a liquid or gas,rắn chắc,True,False,consolidate; consolidation; solidification; solidify; solidity; solidly; solidness,7,không có (hoặc chưa xác định),không có biến thể đáng chú ý,"Khoa học, công nghệ và kỹ thuật",Vật liệu
solo,"done by one person alone, without anyone helping them",đơn độc,True,False,solitaire; solitarily; solitary; solitude; soloist,5,không có (hoặc chưa xác định),không có biến thể đáng chú ý,"Nghệ thuật, thiết kế và văn hóa",Âm nhạc
solve,to find a way of dealing with a problem or difficult situation,giải quyết,True,False,absolve; dissolve; insolvable; insolvency; insolvent; irresolvable; resolvable; resolve; solvable; solvency; solvent; solver; unresolved; unsolved,14,không có (hoặc chưa xác định),không có biến thể đáng chú ý,Học tập và giáo dục,Bài tập
some,"used with uncountable nouns or plural countable nouns to mean ‘an amount of’ or ‘a number of’, when the amount or number is not given",một vài,False,True,findsome; howsomever; somebody; someday; somehow; someone; someplace; somethin; something; sometime; somewhat; somewhere,12,sum: some = một vài (đại từ); sum = tổng số (danh từ),không có biến thể đáng chú ý,Ngữ pháp và hư từ,Lượng từ
song,a short piece of music with words that you sing,bài hát,True,True,evensong; folksongs; plainsong; singsong; songbag; songbird; songbook; songful; songster; songstress,10,không có (hoặc chưa xác định),không có biến thể đáng chú ý,"Nghệ thuật, thiết kế và văn hóa",Âm nhạc
sono,(không có định nghĩa trong Oxford 5000 - root này không phải headword độc lập),âm thanh (gốc từ),True,True,carson; consonance; consonant; consonantal; godson; grandson; resonance; resonant; resonantly; resonate; resonator; sonant; sonar; sonic; sonny; stepsons; subsonic; supersonic; tyson; ultrasonic; ultrasonically,21,không có (hoặc chưa xác định),không có biến thể đáng chú ý,"Khoa học, công nghệ và kỹ thuật",Vật lý
soon,in a short time from now; a short time after something else has happened,sớm,True,False,sooner; soonest,2,không có (hoặc chưa xác định),không có biến thể đáng chú ý,Khái niệm trừu tượng,Thời gian và thứ tự
sorry,feeling sad and ashamed about something that has been done,xin lỗi,True,False,sorrier; sorriest,2,không có (hoặc chưa xác định),không có biến thể đáng chú ý,Ngôn ngữ hằng ngày,"Cảm ơn, xin lỗi và phép lịch sự"
sort,a group or type of people or things that are similar in a particular way,"loại, phân loại",True,False,assort; assortment; sorter,3,không có (hoặc chưa xác định),không có biến thể đáng chú ý,Khái niệm trừu tượng,Đánh giá và giá trị
soul,"the spiritual part of a person, believed to exist after death",linh hồn,True,False,soulful; soulfully; soulfulness; soulless; soullessly; soullessness,6,sole: sole = duy nhất/đế giày; soul = linh hồn,không có biến thể đáng chú ý,"Nghệ thuật, thiết kế và văn hóa",Tôn giáo và nơi thờ tự
sound,sensible; that you can rely on and that will probably give good results,âm thanh,True,True,sounder; soundest; soundless; soundlessly; soundly; soundness; soundproof; soundtrack; unsound,9,không có (hoặc chưa xác định),không có biến thể đáng chú ý,"Khoa học, công nghệ và kỹ thuật",Vật lý
south,in or towards the south,phía nam,True,True,southbound; southeast; southeaster; southeasterly; southeastern; southeastward; southerly; southern; southerner; southernisms; southernmost; southey; southward; southwest; southwester; southwesterly; southwestern; southwestwards,18,không có (hoặc chưa xác định),không có biến thể đáng chú ý,Ngôn ngữ hằng ngày,Bản đồ và khu vực thế giới
space,the area outside the earth’s atmosphere where all the other planets and stars are,không gian,True,True,airspace; backspace; backspaced; crawlspace; spacecraft; spacer; spaceship; spacesuit; spacious; spaciously; spaciousness; spatial; spatially; subspace; summerspace,15,không có (hoặc chưa xác định),không có biến thể đáng chú ý,Môi trường và tự nhiên,Không gian
spain,(không có định nghĩa trong Oxford 5000 - root này không phải headword độc lập),Tây Ban Nha,True,True,spaniard; spanish; wingspan,3,không có (hoặc chưa xác định),không có biến thể đáng chú ý,Ngôn ngữ hằng ngày,Bản đồ và khu vực thế giới
spare,available to do what you want with rather than work,dự phòng,True,False,sparely; spareness; sparer; sparest; unsparing; unsparingly,6,không có (hoặc chưa xác định),không có biến thể đáng chú ý,Giao thông,Sửa xe
spark,"to cause something to start or develop, especially suddenly",tia lửa,True,False,sparky,1,không có (hoặc chưa xác định),không có biến thể đáng chú ý,"Khoa học, công nghệ và kỹ thuật",Điện
speak,to talk to somebody about something; to have a conversation with somebody,nói chuyện,True,True,bespeak; loudspeaker; speakable; speakeasy; speaker; speakership; unspeakable; unspeakably,8,không có (hoặc chưa xác định),không có biến thể đáng chú ý,Học tập và giáo dục,Học ngoại ngữ
special,not ordinary or usual; different from what is normal,đặc biệt,True,False,especial; especially; specialist; specialization; specialize; specially; specialty,7,không có (hoặc chưa xác định),không có biến thể đáng chú ý,Ăn uống bên ngoài,Gọi món
species,"a group into which animals, plants, etc. that are able to have sex with each other and produce healthy young are divided, smaller than a genus and identified by a Latin name",loài,True,False,interspecies; subspecies,2,không có (hoặc chưa xác định),không có biến thể đáng chú ý,Môi trường và tự nhiên,Bảo tồn thiên nhiên
speech,a formal talk that a person gives to an audience,bài phát biểu,True,False,speechify; speechless; speechlessly; speechlessness,4,không có (hoặc chưa xác định),không có biến thể đáng chú ý,Học tập và giáo dục,Kỹ năng học tập
speed,the rate at which somebody/something moves or travels,tốc độ,True,True,airspeed; godspeed; speedboat; speedier; speediest; speedily; speediness; speedo; speedup; speedway; speedy,11,không có (hoặc chưa xác định),không có biến thể đáng chú ý,Giao thông,An toàn giao thông
spell,a short period of time during which something lasts,"đánh vần, phép thuật",True,True,misspell; misspelt; spellbind; spellbinder; spellbound; speller,6,không có (hoặc chưa xác định),không có biến thể đáng chú ý,Học tập và giáo dục,Học ngoại ngữ
spend,"to give money to pay for goods, services, etc.",chi tiêu,True,False,misspend; spender,2,không có (hoặc chưa xác định),không có biến thể đáng chú ý,Kinh doanh và tài chính,Ngân sách cá nhân
sphere,"a solid figure that is completely round, with every point on its surface at an equal distance from the centre","quả cầu, lĩnh vực",True,False,hemisphere; hemispherical; spherical; spheroid,4,không có (hoặc chưa xác định),không có biến thể đáng chú ý,"Nghệ thuật, thiết kế và văn hóa",Hình dạng
spice,one of the various types of powder or seed that come from plants and are used in cooking. Spices have a strong taste and smell.,gia vị,True,True,allspice; spicier; spiciest; spicily; spiciness; spicy,6,không có (hoặc chưa xác định),không có biến thể đáng chú ý,Thực phẩm,Gia vị
spider,a small creature with eight thin legs. Many spiders spin webs to catch insects for food.,con nhện,True,False,spidery,1,không có (hoặc chưa xác định),không có biến thể đáng chú ý,Môi trường và tự nhiên,Động vật không xương sống
spill,to flow over the edge of a container by accident; to make liquid do this,làm đổ,True,True,overspill; spillover; spilt,3,không có (hoặc chưa xác định),không có biến thể đáng chú ý,Đời sống hằng ngày,Dọn dẹp nhà cửa
spin,a very fast turning movement,quay tròn,True,True,spindrift; spinner; spinneret; tailspin,4,không có (hoặc chưa xác định),không có biến thể đáng chú ý,Thể thao,Cricket
spine,the row of small bones that are connected together down the middle of the back,cột sống,True,False,spinal; spineless; spinelessly; spinelessness; spinier; spiniest; spiny,7,không có (hoặc chưa xác định),không có biến thể đáng chú ý,Con người,Bộ xương
spirit,"the part of a person that includes their mind, feelings and character rather than their body",tinh thần,True,False,dispirit; dispiritedly; spiritless; spiritlessly; spiritlessness; spiritual; spiritualism; spiritualist; spiritualistic; spirituality; spiritualization; spiritualize; spiritually; spirituous,14,không có (hoặc chưa xác định),không có biến thể đáng chú ý,"Nghệ thuật, thiết kế và văn hóa",Tôn giáo và nơi thờ tự
spite,a feeling of wanting to hurt or upset somebody,sự hằn học,True,False,spiteful; spitefully; spitefulness,3,không có (hoặc chưa xác định),không có biến thể đáng chú ý,Con người,Cảm xúc
split,an argument or disagreement that divides a group of people or makes somebody separate from somebody else,chia tách,False,True,earsplitting; sidesplitting,2,không có (hoặc chưa xác định),không có biến thể đáng chú ý,Kinh doanh và tài chính,Chi phí sinh hoạt
spoil,"to change something good into something bad, unpleasant, etc.",làm hỏng,True,True,despoil; despoilers; spoilage; spoiler; spoilsport; spoilt; spoliation,7,không có (hoặc chưa xác định),không có biến thể đáng chú ý,Thực phẩm,Bảo quản thực phẩm
sponsor,"a person or company that pays for a radio or television programme, or for a concert or sporting event, usually in return for advertising",nhà tài trợ,True,False,cosponsors; sponsorship,2,không có (hoặc chưa xác định),không có biến thể đáng chú ý,Thể thao,Thể thao chung
spoon,"a tool that has a handle with a shallow bowl at the end, used for mixing, serving and eating food",thìa,True,True,spooner; spoonfeed; spoonful; tablespoon; tablespoonful; teaspoon; teaspoonful,7,không có (hoặc chưa xác định),không có biến thể đáng chú ý,Nhà cửa,Đồ nội thất
sport,"activity that you do for pleasure and that needs physical effort or skill, usually done in a special area and according to fixed rules",thể thao,True,True,spoilsport; sportier; sportiest; sportiness; sportingly; sportive; sportively; sportiveness; sportsman; sportsmanlike; sportsmanship; sportswoman; sportswriter; sporty,14,không có (hoặc chưa xác định),không có biến thể đáng chú ý,Thể thao,Thể thao chung
spot,a small round area that has a different colour or feels different from the surface it is on,"vết đốm, địa điểm",True,True,bloodspots; heatspot; spotless; spotlessly; spotlessness; spotlight; spotter; spottier; spottiest; spotty; sunspot; tenspot; unspotted,13,không có (hoặc chưa xác định),không có biến thể đáng chú ý,Ngoại hình và trang phục,Chăm sóc da
spouse,a husband or wife,vợ/chồng,True,False,espousal; espouse,2,không có (hoặc chưa xác định),không có biến thể đáng chú ý,Con người,Gia đình
spread,"an increase in the amount or number of something that there is, or in the area that is affected by something",lan rộng,True,True,bedspread; outspread; spreadable; spreader; widespread; wingspread,6,không có (hoặc chưa xác định),không có biến thể đáng chú ý,Thực phẩm,Sốt và gia vị phết
spring,the season between winter and summer when plants begin to grow,"mùa xuân, lò xo",True,True,bedsprings; hairspring; mainspring; offspring; springboard; springier; springiest; springless; springlike; springtime; springy; wellspring,12,không có (hoặc chưa xác định),không có biến thể đáng chú ý,Môi trường và tự nhiên,Các mùa
spy,"a person who tries to get secret information about another country, organization or person, especially somebody who is employed by a government or the police",gián điệp,False,True,spyglass,1,không có (hoặc chưa xác định),không có biến thể đáng chú ý,"Pháp luật, an toàn và khẩn cấp",Tội phạm và điều tra
square,having four straight equal sides and four angles of 90°,"hình vuông, quảng trường",True,True,foursquare; squarely; squareness; squarer; squarest,5,không có (hoặc chưa xác định),không có biến thể đáng chú ý,Cộng đồng và đô thị,Quảng trường
squeeze,"to press something, especially with your fingers",bóp chặt,True,False,squeezer,1,không có (hoặc chưa xác định),không có biến thể đáng chú ý,Đời sống hằng ngày,Nấu ăn
stab,"to push a sharp, pointed object, especially a knife, into somebody, killing or injuring them",đâm dao,True,False,stabber,1,không có (hoặc chưa xác định),không có biến thể đáng chú ý,"Pháp luật, an toàn và khẩn cấp",Tội phạm và điều tra
stable,"fixed or steady; not likely to move, change or fail",ổn định,True,True,instability; stability; stabilization; stabilize; stabilizer; stableman; stabler; stablest; stably; unstable,10,không có (hoặc chưa xác định),không có biến thể đáng chú ý,Khái niệm trừu tượng,Đánh giá và giá trị
staff,all the workers employed in an organization considered as a group,nhân viên,True,True,flagstaff; tipstaff; understaffed,3,không có (hoặc chưa xác định),không có biến thể đáng chú ý,Nghề nghiệp và công việc,Nơi làm việc
stage,a period or state that something/somebody passes through while developing or making progress,"sân khấu, giai đoạn",True,True,backstage; interstage; offstage; stagecoach; stager; stagier; stagily; staginess; stagy; upstage,10,không có (hoặc chưa xác định),không có biến thể đáng chú ý,Giải trí và thời gian rảnh,Sân khấu
stair,a set of steps built between two floors inside a building,cầu thang,True,True,backstair; downstair; staircase; stairway; stairwell; upstairs,6,không có (hoặc chưa xác định),không có biến thể đáng chú ý,Nhà cửa,Các phòng trong nhà
stake,money that somebody invests in a company,"cổ phần, cọc",False,True,stakeholder; stakeout; sweepstake,3,không có (hoặc chưa xác định),không có biến thể đáng chú ý,Kinh doanh và tài chính,Đầu tư
stall,"a table or small shop with an open front that people sell things from, especially at a market","gian hàng, chết máy",True,True,bookstall; forestall; install; installation; instalment; reinstall,6,không có (hoặc chưa xác định),không có biến thể đáng chú ý,Cộng đồng và đô thị,Chợ
stance,the opinions that somebody has about something and expresses publicly,lập trường,True,False,circumstance; circumstantial; circumstantially,3,không có (hoặc chưa xác định),không có biến thể đáng chú ý,Khái niệm trừu tượng,Thái độ
stand,an attitude towards something or an opinion that you make clear to people,đứng,True,True,bandstand; bystander; freestanding; grandstand; hallstand; handstand; headstand; inkstand; longstanding; newsstand; notwithstanding; outstanding; outstandingly; standby; stander; standeth; standin; standoffish; standoffishness; standpipe; standpoint; standstill; upstanding; washstand; withstand,25,không có (hoặc chưa xác định),không có biến thể đáng chú ý,Thể thao,Sân thi đấu
standard,average or normal rather than having special or unusual features,tiêu chuẩn,True,False,nonstandard; standardization; standardize; substandard,4,không có (hoặc chưa xác định),không có biến thể đáng chú ý,Khái niệm trừu tượng,Đánh giá và giá trị
star,a large ball of burning gas in space that we see as a point of light in the sky at night,ngôi sao,True,True,starboard; stardom; stardust; starfish; stargazer; stargazing; starless; starlet; starlight; starrier; starry; startin; superstar; telstar,14,không có (hoặc chưa xác định),không có biến thể đáng chú ý,Môi trường và tự nhiên,Thiên văn học
stark,"unpleasant; real, and impossible to avoid","hoàn toàn, cằn cỗi",True,False,starker; starkest; starkly,3,không có (hoặc chưa xác định),không có biến thể đáng chú ý,Khái niệm trừu tượng,Mức độ và so sánh
start,the point at which something begins,bắt đầu,True,True,nonstarter; starter; startups; upstart,4,không có (hoặc chưa xác định),không có biến thể đáng chú ý,Khái niệm trừu tượng,Thời gian và thứ tự
starve,to suffer or die because you do not have enough food to eat; to make somebody suffer or die in this way,chết đói,True,False,starvation; starveling,2,không có (hoặc chưa xác định),không có biến thể đáng chú ý,Đời sống hằng ngày,Ăn uống
state,provided or controlled by the government of a country,"nhà nước, trạng thái",True,True,instate; interstate; misstate; misstatement; outstate; overstate; overstatement; reinstate; reinstatement; restate; restatement; statehood; stateless; statelessness; statelier; stateliest; stateliness; stately; statement; stateroom; statesman; statesmanlike; statesmanship; statewide; understate; understatement; upstate,27,không có (hoặc chưa xác định),không có biến thể đáng chú ý,"Pháp luật, an toàn và khẩn cấp",Cơ quan hành chính
statistic,a collection of information shown in numbers,thống kê,True,False,statistical; statistically; statistician,3,không có (hoặc chưa xác định),không có biến thể đáng chú ý,Học tập và giáo dục,Nghiên cứu
statue,"a figure of a person or an animal in stone, metal, etc., usually the same size as in real life or larger",bức tượng,True,False,statuesque; statuette,2,không có (hoặc chưa xác định),không có biến thể đáng chú ý,"Nghệ thuật, thiết kế và văn hóa",Điêu khắc
stay,a period of staying; a visit,ở lại,True,True,backstay; mainstay; outstay; overstay; stayer,5,không có (hoặc chưa xác định),không có biến thể đáng chú ý,Du lịch và lưu trú,Khách sạn
steady,"developing, growing, etc. gradually and in an even and regular way",ổn định,True,False,steadier; steadiest; steadily; steadiness; unsteadily; unsteady,6,không có (hoặc chưa xác định),không có biến thể đáng chú ý,Khái niệm trừu tượng,Đánh giá và giá trị
steal,"to take something from a person, shop, etc. without permission and without intending to return it or pay for it",trộm cắp,True,False,stealer,1,steel: steal = ăn trộm (động từ); steel = thép (danh từ),không có biến thể đáng chú ý,"Pháp luật, an toàn và khẩn cấp",Tội phạm và điều tra
steam,the hot gas that water changes into when it boils,hơi nước,True,True,steamboat; steamer; steamier; steamiest; steamily; steamroller; steamship; steamy,8,không có (hoặc chưa xác định),không có biến thể đáng chú ý,Đời sống hằng ngày,Nấu ăn
steel,"a strong, hard metal that is made of a mixture of iron and carbon",thép,True,True,steelier; steeliest; steelmaker; steelworker; steelworks; steely; steelyard,7,steal: steal = ăn trộm (động từ); steel = thép (danh từ),không có biến thể đáng chú ý,"Khoa học, công nghệ và kỹ thuật",Vật liệu
steep,"rising or falling quickly, not gradually",dốc đứng,True,False,steepen; steeper; steepest; steepish; steeply; steepness,6,không có (hoặc chưa xác định),không có biến thể đáng chú ý,Môi trường và tự nhiên,Núi và cảnh quan
steer,"to control the direction in which a boat, car, etc. moves","lái xe, điều khiển",True,True,oversteer; steerage; steersman,3,không có (hoặc chưa xác định),không có biến thể đáng chú ý,Giao thông,Bộ điều khiển ô tô
step,one of a series of things that you do in order to achieve something,bước chân,True,True,doorstep; footstep; instep; overstep; quickstep; sidestep; stepbrother; stepchild; stepdaughter; stepfather; stepladder; stepmother; steprelationship; stepsister; stepsons; stepwise,16,không có (hoặc chưa xác định),không có biến thể đáng chú ý,Con người,Bàn tay và bàn chân
stick,a thin piece of wood that has fallen or been broken from a tree,"que, dính chặt",True,True,billsticker; candlestick; chopstick; dipstick; drumstick; joystick; lipstick; matchstick; nonstick; slapstick; sticker; stickier; stickiest; stickily; stickiness; stickman; stickpin; sticky; swordstick; yardstick,20,không có (hoặc chưa xác định),không có biến thể đáng chú ý,Nhà cửa,Đồ nội thất
stiff,difficult to bend or move,cứng đờ,True,False,stiffen; stiffener; stiffer; stiffest; stiffly; stiffness,6,không có (hoặc chưa xác định),không có biến thể đáng chú ý,Sức khỏe,Cơ thể và sức khỏe
still,not moving; calm and quiet,"vẫn còn, yên tĩnh",True,True,instillation; instilled; standstill; stillbirth; stillborn; stiller; stillest; stillness; stillroom,9,không có (hoặc chưa xác định),không có biến thể đáng chú ý,Khái niệm trừu tượng,Thời gian và thứ tự
stimul,(không có định nghĩa trong Oxford 5000 - root này không phải headword độc lập),kích thích (gốc từ),True,False,stimulant; stimulate; stimulation; stimulatory; stimuli,5,không có (hoặc chưa xác định),không có biến thể đáng chú ý,Sức khỏe,Sức khỏe tinh thần
stir,"to move a liquid or substance around, using a spoon or something similar, in order to mix it completely",khuấy động,True,False,bestir; stirrer; stirringly,3,không có (hoặc chưa xác định),không có biến thể đáng chú ý,Đời sống hằng ngày,Nấu ăn
stock,a supply of goods that is available for sale in a shop,"cổ phiếu, hàng tồn kho",True,True,bloodstock; laughingstock; livestock; overstock; restock; stockbreeder; stockcar; stockholder; stockier; stockily; stockiness; stockist; stockpile; stockpot; stockroom; stocktaking; stocky; stockyard; understocked,19,không có (hoặc chưa xác định),không có biến thể đáng chú ý,Kinh doanh và tài chính,Đầu tư
stomach,the organ inside the body where food goes when you eat it,dạ dày,True,False,stomachful,1,không có (hoặc chưa xác định),không có biến thể đáng chú ý,Con người,Nội tạng
stone,"a hard solid mineral substance that is found in the ground, often used for building",đá,True,True,brownstone; copestone; cornerstone; fieldstone; firestone; flagstone; freestone; gravestone; grindstone; hailstone; headstone; holystone; keystone; milestone; millstone; moonstone; sandstone; soapstone; stonebreaker; stonecutter; stoneless; stonewall; stonewaller; stonework; stonier; stoniest; stonily; stony; touchstone,29,không có (hoặc chưa xác định),không có biến thể đáng chú ý,Môi trường và tự nhiên,Đá
stop,a place where a bus or train stops regularly for passengers to get on or off,dừng lại,True,True,doorstop; nonstop; shortstop; stopgap; stopover; stoppable; stoppage; stopper; stopwatch; unstop,10,không có (hoặc chưa xác định),không có biến thể đáng chú ý,Du lịch và lưu trú,Bến xe
store,a large shop that sells many different types of goods,"cửa hàng, lưu trữ",True,True,drugstore; storage; storefront; storehouse; storekeeper; storeroom,6,không có (hoặc chưa xác định),không có biến thể đáng chú ý,Mua sắm,Cửa hàng tiện lợi
storm,"very bad weather with strong winds and rain, and often thunder and lightning",cơn bão,True,True,brainstorm; hailstorm; rainstorm; sandstorm; snowstorm; stormbound; stormier; stormiest; stormily; stormy; windstorm,11,không có (hoặc chưa xác định),không có biến thể đáng chú ý,"Pháp luật, an toàn và khẩn cấp",Bão lũ
story,a description of events and people that the writer or speaker has invented in order to entertain people,câu chuyện,False,True,storybook; storyline; storyteller,3,không có (hoặc chưa xác định),không có biến thể đáng chú ý,Giải trí và thời gian rảnh,Đọc sách
straight,without a bend or curve; going in one direction only,thẳng,True,True,straightaway; straighten; straighter; straightest; straightforward; straightforwardly; straightness; straightway,8,không có (hoặc chưa xác định),không có biến thể đáng chú ý,"Nghệ thuật, thiết kế và văn hóa",Hình dạng
strain,pressure on a system or relationship because great demands are being placed on it,căng thẳng,True,True,constrain; constrainedly; constraint; eyestrain; overstraining; restrain; restraint; strainer; unrestrained,9,không có (hoặc chưa xác định),không có biến thể đáng chú ý,Sức khỏe,Chấn thương
strange,"unusual or surprising, especially in a way that is difficult to understand",kỳ lạ,True,False,estrange; estrangement; strangely; strangeness; stranger; strangest,6,không có (hoặc chưa xác định),không có biến thể đáng chú ý,Khái niệm trừu tượng,Đánh giá và giá trị
stream,"a small, narrow river",dòng suối,True,True,bloodstream; downstream; mainstream; midstream; slipstream; streamer; streamlet; streamline; streamside; upstream,10,không có (hoặc chưa xác định),không có biến thể đáng chú ý,Môi trường và tự nhiên,"Sông, hồ và thác nước"
street,a public road in a city or town that has houses and buildings on one side or both sides,đường phố,False,True,streetcar; streetlight; streetwalker,3,không có (hoặc chưa xác định),không có biến thể đáng chú ý,Cộng đồng và đô thị,Đường phố và giao lộ
strength,the quality of being physically strong,sức mạnh,True,False,strengthen,1,không có (hoặc chưa xác định),không có biến thể đáng chú ý,Thể thao,Thể lực và tập luyện
stress,pressure or worry caused by problems in somebody’s life or by having too much to do,căng thẳng,True,True,prestressed; songstress; stressful; unstressed,4,không có (hoặc chưa xác định),không có biến thể đáng chú ý,Sức khỏe,Sức khỏe tinh thần
stretch,"an area of land or water, especially a long one",kéo dài,True,False,outstretched; stretchable; stretcher; stretchier; stretchiest; stretchiness; stretchy,7,không có (hoặc chưa xác định),không có biến thể đáng chú ý,Thể thao,Thể lực và tập luyện
strict,that must be obeyed exactly,nghiêm khắc,True,False,constrict; constriction; constrictive; constrictor; derestrict; nonrestrictive; restrict; restriction; restrictive; restrictively; restrictiveness; stricter; strictest; strictly; strictness; stricture; unrestricted; unrestrictedly,18,không có (hoặc chưa xác định),không có biến thể đáng chú ý,Học tập và giáo dục,Giáo viên và học sinh
strike,a period of time when an organized group of employees of a company stops working because of an argument over pay or conditions,"đình công, đánh",True,True,snakestrike; strikebound; strikebreaker; strikebreaking; striker; strikingly,6,không có (hoặc chưa xác định),không có biến thể đáng chú ý,Nghề nghiệp và công việc,An toàn lao động
string,"long, thin material used for tying things together, made of several threads that have been twisted together; a piece of string used to fasten or pull something or keep something in place","dây, chuỗi",True,True,astringent; bowstring; heartstrings; shoestring; stringency; stringent; stringently; stringier; stringiest; stringiness; stringy; unstring,12,không có (hoặc chưa xác định),không có biến thể đáng chú ý,Giải trí và thời gian rảnh,Nhạc cụ
strip,"a long narrow piece of paper, metal, cloth, etc.","dải, cởi bỏ",True,True,airstrip; filmstrip; outstrip; stripling; stripper; weatherstrip,6,không có (hoặc chưa xác định),không có biến thể đáng chú ý,Khái niệm trừu tượng,Hành động và xử lý
strive,to try very hard to achieve something,nỗ lực phấn đấu,True,False,striver,1,không có (hoặc chưa xác định),không có biến thể đáng chú ý,Con người,Tính cách
stroke,"an act of hitting a ball, for example with a bat or racket","cú đánh, đột quỵ",False,True,backstroke; breaststroke; heatstroke; masterstroke; sunstroke,5,không có (hoặc chưa xác định),không có biến thể đáng chú ý,Sức khỏe,Bệnh tật
strong,"having a lot of physical power so that you can lift heavy weights, do hard physical work, etc.",mạnh mẽ,True,True,armstrong; headstrong; strongarm; strongbox; stronger; strongest; strongheart; stronghold; strongly; strongrooms,10,không có (hoặc chưa xác định),không có biến thể đáng chú ý,Thể thao,Thể lực và tập luyện
stuff,"used to refer to a substance, material, group of objects, etc. when you do not know the name, when the name is not important or when it is obvious what you are talking about",đồ đạc,True,True,foodstuff; overstuffed; stuffier; stuffiest; stuffily; stuffiness; stuffy; unstuffy,8,không có (hoặc chưa xác định),không có biến thể đáng chú ý,Ngôn ngữ hằng ngày,Bao bì và vật chứa
stumble,to hit your foot against something while you are walking or running and almost fall,vấp ngã,True,False,stumbler,1,không có (hoặc chưa xác định),không có biến thể đáng chú ý,Sức khỏe,Chấn thương
stun,"to make a person or an animal unconscious for a short time, especially by hitting them on the head",làm choáng váng,True,False,stunner; stunningly,2,không có (hoặc chưa xác định),không có biến thể đáng chú ý,Con người,Cảm xúc
stupid,showing a lack of thought or good judgement,ngu ngốc,True,False,stupider; stupidest; stupidity; stupidly,4,không có (hoặc chưa xác định),không có biến thể đáng chú ý,Con người,Tính cách
style,the particular way in which something is done,phong cách,True,True,freestyle; hairstyle; hairstylist; styleless; stylemark; stylish; stylishly; stylishness; stylist; stylistic; stylistically; stylization; stylize; stylus,14,không có (hoặc chưa xác định),không có biến thể đáng chú ý,Ngoại hình và trang phục,Kích cỡ và kiểu dáng
submit,"to give a document, proposal, etc. to somebody in authority so that they can study or consider it","nộp, khuất phục",True,False,submission; submissive; submissively; submissiveness,4,không có (hoặc chưa xác định),không có biến thể đáng chú ý,Học tập và giáo dục,Bài tập
subsequent,happening or coming after something else,tiếp theo sau,True,False,subsequently,1,không có (hoặc chưa xác định),không có biến thể đáng chú ý,Khái niệm trừu tượng,Thời gian và thứ tự
substance,"a type of solid, liquid or gas that has particular qualities","chất liệu, bản chất",True,False,consubstantiation; insubstantial; substantial; substantially; substantiate; substantiation; substantive; substantively,8,không có (hoặc chưa xác định),không có biến thể đáng chú ý,"Khoa học, công nghệ và kỹ thuật",Hóa học
subtle,not very obvious or easy to notice ,tinh tế,True,False,subtler; subtlest; subtlety; subtly,4,không có (hoặc chưa xác định),không có biến thể đáng chú ý,Khái niệm trừu tượng,Đánh giá và giá trị
success,the fact that you have achieved something that you want and have been trying to do or get ,thành công,True,False,successful; successfully; unsuccessful; unsuccessfully,4,không có (hoặc chưa xác định),không có biến thể đáng chú ý,Khái niệm trừu tượng,Đánh giá và giá trị
successive,following immediately one after the other,liên tiếp,True,False,successively,1,không có (hoặc chưa xác định),không có biến thể đáng chú ý,Khái niệm trừu tượng,Thời gian và thứ tự
successor,a person or thing that comes after somebody/something else and takes their/its place,người kế nhiệm,True,False,successorship,1,không có (hoặc chưa xác định),không có biến thể đáng chú ý,Nghề nghiệp và công việc,Thông tin nghề nghiệp
such,used to emphasize the great degree of something,như vậy,False,True,suchlike,1,không có (hoặc chưa xác định),không có biến thể đáng chú ý,Ngữ pháp và hư từ,Trợ từ
suck,"to take liquid, air, etc. into your mouth by using the muscles of your lips","bú, hút",True,True,bloodsucker; seersucker; sucker; suction,4,không có (hoặc chưa xác định),không có biến thể đáng chú ý,Con người,Khuôn mặt
sudden,happening or done quickly and unexpectedly,đột ngột,True,False,suddenly; suddenness,2,không có (hoặc chưa xác định),không có biến thể đáng chú ý,Khái niệm trừu tượng,Thời gian và thứ tự
suffer,"to be badly affected by a disease, pain, sad feelings, a lack of something, etc.",chịu đựng,True,True,insufferable; insufferably; longsuffering; sufferable; sufferance; sufferer,6,không có (hoặc chưa xác định),không có biến thể đáng chú ý,Sức khỏe,Bệnh tật
sugar,"a sweet substance, often in the form of white or brown crystals, made from the juices of various plants, used in cooking or to make tea, coffee, etc. sweeter",đường,True,False,sugarier; sugariest; sugarless; sugary,4,không có (hoặc chưa xác định),không có biến thể đáng chú ý,Thực phẩm,Gia vị
suggest,to put forward an idea or a plan for other people to think about,gợi ý,True,False,suggestibility; suggestible; suggestion; suggestive; suggestively,5,không có (hoặc chưa xác định),không có biến thể đáng chú ý,Con người,Mối quan hệ
suit,"a set of clothes made of the same cloth, including a jacket and trousers or a skirt","bộ vest, phù hợp",True,True,boilersuit; lawsuit; playsuit; spacesuit; suitability; suitable; suitableness; suitably; suitcase; suitor; swimsuit; tracksuit; unsuitable; unsuitably; unsuited,15,không có (hoặc chưa xác định),không có biến thể đáng chú ý,Ngoại hình và trang phục,Quần áo công sở
sum,an amount of money,tổng số,True,True,summate; summation,2,some: some = một vài (đại từ); sum = tổng số (danh từ),không có biến thể đáng chú ý,Ngôn ngữ hằng ngày,Từ chỉ số lượng
summer,"the warmest season of the year, coming between spring and autumn",mùa hè,True,True,midsummer; summerhouse; summerier; summeriest; summerspace; summertime; summery,7,không có (hoặc chưa xác định),không có biến thể đáng chú ý,Môi trường và tự nhiên,Các mùa
sun,the star that shines in the sky during the day and gives the earth heat and light,mặt trời,True,True,sunbaked; sunbathe; sunbather; sunbeam; sunblind; sunburn; sunburnt; sunburst; sunday; sundeck; sundown; sunfish; sunflower; sunglasses; sunlamp; sunless; sunlight; sunman; sunnier; sunniest; sunnily; sunniness; sunny; sunray; sunrise; sunroof; sunset; sunshade; sunshine; sunshiny; sunspot; sunstroke; suntrap,33,không có (hoặc chưa xác định),không có biến thể đáng chú ý,Môi trường và tự nhiên,Ánh nắng
superb,excellent; of very good quality,tuyệt vời,True,False,superbly,1,không có (hoặc chưa xác định),không có biến thể đáng chú ý,Khái niệm trừu tượng,Đánh giá và giá trị
superior,better in quality than somebody/something else; greater than somebody/something else,vượt trội,True,False,superiority,1,không có (hoặc chưa xác định),không có biến thể đáng chú ý,Khái niệm trừu tượng,Mức độ và so sánh
supply,an amount of something that is provided or available to be used,cung cấp,True,False,supplier,1,không có (hoặc chưa xác định),không có biến thể đáng chú ý,Kinh doanh và tài chính,Sản phẩm và dịch vụ
support,approval that you give to somebody/something because you want them to be successful,hỗ trợ,True,False,insupportable; supportable; supporter; supportive; unsupportable; unsupported,6,không có (hoặc chưa xác định),không có biến thể đáng chú ý,Con người,Mối quan hệ
supreme,highest in rank or position,tối cao,True,False,supremacist; supremacy; supremely,3,không có (hoặc chưa xác định),không có biến thể đáng chú ý,"Pháp luật, an toàn và khẩn cấp",Tòa án
sure,confident that you know something or that you are right,chắc chắn,True,True,assurance; assure; assuredly; ensure; footsure; insurance; insure; insurer; reassurance; reassure; reassuringly; reinsurance; surefire; surefooted; surefootedly; surefootedness; surely; sureness; surer; surest; surety; unsure,22,không có (hoặc chưa xác định),không có biến thể đáng chú ý,Khái niệm trừu tượng,Đánh giá và giá trị
surface,the outside or top layer of something,bề mặt,True,False,resurface,1,không có (hoặc chưa xác định),không có biến thể đáng chú ý,"Khoa học, công nghệ và kỹ thuật",Vật liệu
surge,a sudden increase of a strong feeling,tăng vọt,True,False,insurgence; insurgent; surgeon; upsurge,4,không có (hoặc chưa xác định),không có biến thể đáng chú ý,"Khoa học, công nghệ và kỹ thuật",Điện
surprise,"an event, a piece of news, etc. that is unexpected or that happens suddenly",ngạc nhiên,True,False,surprisedly,1,không có (hoặc chưa xác định),không có biến thể đáng chú ý,Con người,Cảm xúc
suspect,a person who is suspected of a crime or of having done something wrong,nghi ngờ,True,False,unsuspecting,1,không có (hoặc chưa xác định),không có biến thể đáng chú ý,"Pháp luật, an toàn và khẩn cấp",Tội phạm và điều tra
swallow,"to make food, drink, etc. go down your throat into your stomach","nuốt, chim én",True,False,swallower,1,không có (hoặc chưa xác định),không có biến thể đáng chú ý,Đời sống hằng ngày,Ăn uống
swear,"to use rude or offensive language, usually because you are angry","thề, chửi thề",True,True,forswear; swearer; swearword,3,không có (hoặc chưa xác định),không có biến thể đáng chú ý,"Pháp luật, an toàn và khẩn cấp",Tòa án
sweep,"to clean a room, surface, etc. using a broom (= a type of brush on a long handle)",quét dọn,True,True,minesweeper; minesweeping; sweeper; sweepingly; sweepstake,5,không có (hoặc chưa xác định),không có biến thể đáng chú ý,Đời sống hằng ngày,Dọn dẹp nhà cửa
sweet,"containing, or tasting as if it contains, a lot of sugar",ngọt ngào,True,True,bittersweet; sweetbread; sweeten; sweetener; sweeter; sweetest; sweetheart; sweetie; sweetish; sweetly; sweetmeat; sweetness,12,không có (hoặc chưa xác định),không có biến thể đáng chú ý,Thực phẩm,Bánh và món tráng miệng
swim,a period of time during which you swim,bơi lội,True,True,swimmer; swimmingly; swimsuit,3,không có (hoặc chưa xác định),không có biến thể đáng chú ý,Thể thao,Bơi lội
swing,a swinging movement or rhythm,đung đưa,True,False,swinger; swingingly; swingy; upswing,4,không có (hoặc chưa xác định),không có biến thể đáng chú ý,Cộng đồng và đô thị,Sân chơi
switch,a small device that you press or move up and down in order to turn a light or piece of electrical equipment on and off,"công tắc, chuyển đổi",True,True,dipswitch; switchable; switchback; switchblade; switchboard; switchgear; switchman; switchover,8,không có (hoặc chưa xác định),không có biến thể đáng chú ý,Nhà cửa,Hệ thống điện và nước
sword,a weapon with a long metal blade (= sharp cutting part) and a handle,thanh kiếm,False,True,broadsword; swordfish; swordplay; swordsman; swordsmanship; swordstick,6,không có (hoặc chưa xác định),không có biến thể đáng chú ý,"Nghệ thuật, thiết kế và văn hóa",Di sản và bảo tàng
symbol,"a person, an object, an event, etc. that represents a more general quality or situation",biểu tượng,True,False,symbolic; symbolical; symbolically; symbolism; symbolist; symbolization; symbolize,7,không có (hoặc chưa xác định),không có biến thể đáng chú ý,"Nghệ thuật, thiết kế và văn hóa",Biểu tượng và biển hiệu
symptom,a change in your body or mind that shows that you are not healthy,triệu chứng,True,False,symptomatic; symptomatically,2,không có (hoặc chưa xác định),không có biến thể đáng chú ý,Sức khỏe,Triệu chứng
system,an organized set of ideas or theories or a particular way of doing something,hệ thống,True,False,nonsystematic; subsystem; systematical; systematically; systematize; systemic; systemization,7,không có (hoặc chưa xác định),không có biến thể đáng chú ý,"Khoa học, công nghệ và kỹ thuật",Phần mềm
table,a piece of furniture that consists of a flat top supported by legs,cái bàn,True,True,pintable; tablecloth; tableland; tablespoon; tablespoonful; tabular; tabulate; tabulation; tabulator; timetable; turntable; watertable; worktable,13,không có (hoặc chưa xác định),không có biến thể đáng chú ý,Nhà cửa,Đồ nội thất
tactic,the particular method you use to achieve something,chiến thuật,True,False,syntactic; syntactical; syntactically; tactical; tactically; tactician,6,không có (hoặc chưa xác định),không có biến thể đáng chú ý,Thể thao,Luật thi đấu
tail,"the part that sticks out at the back of the body of a bird, an animal or a fish, which the animal can move from side to side or up and down",đuôi,True,True,coattails; cottontail; entail; pigtail; rattail; shirttail; tailback; tailgate; tailless; taillight; tailpiece; tailspin; tailwind; whitetail,14,tale: tail = đuôi (danh từ); tale = câu chuyện kể (danh từ),không có biến thể đáng chú ý,Môi trường và tự nhiên,Động vật có vú
take,to carry or move something from one place to another,"lấy, cầm",True,True,betaken; breathtaking; breathtakingly; caretaker; intake; mistakable; mistake; mistaken; mistakenly; overtake; overtaken; painstaking; painstakingly; retake; retaken; stocktaking; takeaway; taken; takeoff; takeover; taker; undertake; undertaken; undertaker; unmistakable; unmistakably; uptake,27,không có (hoặc chưa xác định),took/taken (bất quy tắc),Ngôn ngữ hằng ngày,Động từ hành động cơ bản
tale,"a story created using the imagination, especially one that is full of action and adventure",câu chuyện kể,False,True,folktale; telltale,2,tail: tail = đuôi (danh từ); tale = câu chuyện kể (danh từ),không có biến thể đáng chú ý,Giải trí và thời gian rảnh,Đọc sách
talk,a speech or lecture on a particular subject,nói chuyện,True,False,backtalk; talkative; talkativeness; talker; talky,5,không có (hoặc chưa xác định),không có biến thể đáng chú ý,Con người,Mối quan hệ
tall,having a greater than average height,cao lớn,True,False,taller; tallest; tallish; tallness,4,không có (hoặc chưa xác định),không có biến thể đáng chú ý,Con người,Ngoại hình
tank,a large container for holding liquid or gas,"xe tăng, bể chứa",True,False,antitank; tanker,2,không có (hoặc chưa xác định),không có biến thể đáng chú ý,Giao thông,Trạm xăng
tap,a device for controlling the flow of water from a pipe into a bath or sink,"vòi nước, chạm nhẹ",True,True,taproom; taproot; untapped; wiretaps,4,không có (hoặc chưa xác định),không có biến thể đáng chú ý,Nhà cửa,Hệ thống điện và nước
tape,"a long, narrow piece of material with a sticky substance on one side that is used for sticking things together","băng dính, băng ghi âm",False,True,tapeworm; videotape,2,không có (hoặc chưa xác định),không có biến thể đáng chú ý,Học tập và giáo dục,Đồ dùng học tập
task,"a piece of work that somebody has to do, especially a hard or unpleasant one",nhiệm vụ,False,True,taskmaster,1,không có (hoặc chưa xác định),không có biến thể đáng chú ý,Nghề nghiệp và công việc,Nơi làm việc
taste,the particular quality that different foods and drinks have that allows you to recognize them when you put them in your mouth,"vị giác, nếm",True,False,aftertaste; distaste; distasteful; distastefully; distastefulness; foretaste; tasteful; tastefully; tastefulness; tasteless; tastelessly; tastelessness; taster; tastier; tastiest; tastily; tasty,17,không có (hoặc chưa xác định),không có biến thể đáng chú ý,Thực phẩm,Gia vị
tax,money that you have to pay to the government so that it can pay for public services. People pay tax according to their income and businesses pay tax according to their profits. Tax is also often paid on goods and services.,thuế,True,True,overtax; supertax; surtax; syntax; taxability; taxable; taxation; taxpayer; taxpaying,9,không có (hoặc chưa xác định),không có biến thể đáng chú ý,Kinh doanh và tài chính,Thuế
tea,the dried leaves (called tea leaves) of the tea bush,trà,False,True,teabag; teabags; teacake; teacup; teacupful; teahouse; tealeaf; tealeaves; teapot; tearoom; teaspoon; teaspoonful; teatime,13,không có (hoặc chưa xác định),không có biến thể đáng chú ý,Ăn uống bên ngoài,Trà
teach,"to give lessons to students in a school, college, university, etc.; to help somebody learn something by giving information about it",giảng dạy,True,False,teachable; teacher; unteach,3,không có (hoặc chưa xác định),không có biến thể đáng chú ý,Học tập và giáo dục,Giáo viên và học sinh
team,a group of people who play a particular game or sport against another group of people,đội nhóm,True,True,teammate; teamster; teamwork,3,không có (hoặc chưa xác định),không có biến thể đáng chú ý,Thể thao,Thể thao chung
tear,a hole that has been made in something by tearing,"nước mắt, xé rách",True,True,teardrop; tearful; tearfully; tearfulness; teargas; tearless; tearlessly,7,không có (hoặc chưa xác định),không có biến thể đáng chú ý,Con người,Cảm xúc
teen,(không có định nghĩa trong Oxford 5000 - root này không phải headword độc lập),tuổi teen,True,True,fifteens; fifteenths; fourteenths; nineteens; nineteenths; seventeenths; sixteenths; teenage; teenager; teenier; teeniest; thirteens; thirteenths,13,không có (hoặc chưa xác định),không có biến thể đáng chú ý,Con người,Tuổi tác và các giai đoạn cuộc đời
tell,to give information to somebody by speaking or writing,kể lại,True,True,foretell; retell; storyteller; teller; tellingly; telltale; untellable,7,không có (hoặc chưa xác định),không có biến thể đáng chú ý,Con người,Mối quan hệ
tempt,"to attract somebody or make somebody want to do or have something, even if they know it is wrong",cám dỗ,True,False,temptation; tempter; temptingly; temptress,4,không có (hoặc chưa xác định),không có biến thể đáng chú ý,Con người,Cảm xúc
ten,10,số mười,True,True,planeten; subtenant; sustenance; tenability; tenable; tenacious; tenaciously; tenaciousness; tenacity; tenancy; tenant; tenantry; tenfold; tenner; tenpin; tenspot; tenth; tenthly; untenable; untenanted,20,không có (hoặc chưa xác định),không có biến thể đáng chú ý,Ngôn ngữ hằng ngày,Số đếm và số thứ tự
tend,to be likely to do something or to happen in a particular way because this is what often or usually happens,có xu hướng,True,True,bartender; distend; distension; extend; extension; extensive; extensively; extensiveness; extensor; intend; intendant; intention; intentional; intentionally; superintend; superintendent; tendency; tendentious; unintended,19,không có (hoặc chưa xác định),không có biến thể đáng chú ý,Khái niệm trừu tượng,Tính chất khác
tender,"kind, gentle and loving","mềm mại, dịu dàng",True,True,tenderer; tenderest; tenderfoot; tenderhearted; tenderheartedly; tenderheartedness; tenderize; tenderly; tenderness,9,không có (hoặc chưa xác định),không có biến thể đáng chú ý,Con người,Tính cách
tent,"a shelter made of a large sheet of canvas, nylon, etc. that is supported by poles and ropes fixed to the ground, and is used especially for camping",lều trại,True,False,detention; extent; intent; intently; intentness; retention; retentive; retentively; retentiveness,9,không có (hoặc chưa xác định),không có biến thể đáng chú ý,Giải trí và thời gian rảnh,Cắm trại
territory,land that is under the control of a particular country or political leader,lãnh thổ,True,False,exterritorial; extraterritorial; territorial,3,không có (hoặc chưa xác định),không có biến thể đáng chú ý,Ngôn ngữ hằng ngày,Bản đồ và khu vực thế giới
test,"an examination of somebody’s knowledge or ability, consisting of questions for them to answer or activities for them to perform",bài kiểm tra,True,False,contest; contestable; contestant; incontestability; incontestable; incontestably; intestate; pretest; testament; testamentary; testate; testators; tester; testify,14,không có (hoặc chưa xác định),không có biến thể đáng chú ý,Học tập và giáo dục,Bài kiểm tra
text,any form of written material,văn bản,True,True,context; contextual; contextually; textbook; textual,5,không có (hoặc chưa xác định),không có biến thể đáng chú ý,Dịch vụ,Điện thoại
thank,to tell somebody that you are grateful for something,cảm ơn,True,True,thankful; thankfully; thankfulness; thankless; thanklessly; thanklessness; thanksgiving,7,không có (hoặc chưa xác định),không có biến thể đáng chú ý,Ngôn ngữ hằng ngày,"Cảm ơn, xin lỗi và phép lịch sự"
theater,(không có định nghĩa trong Oxford 5000 - root này không phải headword độc lập),nhà hát,True,True,theatergoing; theatregoer; theatrical; theatrically,4,không có (hoặc chưa xác định),theatre (Anh-Anh),Giải trí và thời gian rảnh,Phim và rạp chiếu
them,"used when referring to people, animals or things as the object of a verb or preposition, or after the verb be",họ (túc từ),False,True,themselves,1,không có (hoặc chưa xác định),không có biến thể đáng chú ý,Ngữ pháp và hư từ,Đại từ
theme,"the subject or main idea in a talk, piece of writing or work of art",chủ đề,True,False,thematic; unthematic,2,không có (hoặc chưa xác định),không có biến thể đáng chú ý,Giải trí và thời gian rảnh,Công viên
there,used to show that something exists or happens,ở đó,False,True,thereabout; thereafter; thereby; therefrom; therein; thereof; thereon; thereto; thereunder; thereupon; therewith,11,không có (hoặc chưa xác định),không có biến thể đáng chú ý,Ngôn ngữ hằng ngày,Giới từ và trạng từ chỉ nơi chốn
thick,having a larger distance between opposite sides or surfaces than other similar objects or than normal,"dày, đặc",True,True,thicken; thickener; thicker; thickest; thickheaded; thickly; thickness; thickset,8,không có (hoặc chưa xác định),không có biến thể đáng chú ý,"Khoa học, công nghệ và kỹ thuật",Đo lường
thin,having a smaller distance between opposite sides or surfaces than other similar objects or than normal,"mỏng, gầy",True,True,somethin; thinly; thinner; thinness; thinnest,5,không có (hoặc chưa xác định),không có biến thể đáng chú ý,Sức khỏe,Cơ thể và sức khỏe
thing,"an object whose name you do not use because you do not need to or want to, or because you do not know it","vật, thứ",True,True,anything; everything; nothing; nothingness; plaything; something; thingummy,7,không có (hoặc chưa xác định),không có biến thể đáng chú ý,Khái niệm trừu tượng,Tính chất khác
think,to have a particular idea or opinion about something/somebody; to believe something,suy nghĩ,True,True,bethink; freethinker; freethinking; rethink; thinkable; thinker; unthinkable; unthinking; unthinkingly,9,không có (hoặc chưa xác định),không có biến thể đáng chú ý,Khái niệm trừu tượng,Nhận thức và ý nghĩa
third,each of three equal parts of something,thứ ba,True,False,thirdly,1,không có (hoặc chưa xác định),không có biến thể đáng chú ý,Ngôn ngữ hằng ngày,Số đếm và số thứ tự
thorough,done completely; with great attention to detail,kỹ lưỡng,True,True,thoroughbred; thoroughfare; thoroughgoing; thoroughly; thoroughness,5,không có (hoặc chưa xác định),không có biến thể đáng chú ý,Khái niệm trừu tượng,Đánh giá và giá trị
though,used especially at the end of a sentence or clause to add a fact or an opinion that makes the previous statement less strong or less important,mặc dù,True,False,although,1,không có (hoặc chưa xác định),không có biến thể đáng chú ý,Ngữ pháp và hư từ,Liên từ
thought,something that you think of or remember,"suy nghĩ, ý nghĩ",True,False,afterthought; bethought; forethought; rethought; thoughtful; thoughtfully; thoughtfulness; thoughtless; thoughtlessly; thoughtlessness,10,không có (hoặc chưa xác định),không có biến thể đáng chú ý,Khái niệm trừu tượng,Nhận thức và ý nghĩa
thousand,1 000,nghìn,True,False,thousandfold; thousandth,2,không có (hoặc chưa xác định),không có biến thể đáng chú ý,Ngôn ngữ hằng ngày,Số đếm và số thứ tự
thread,"a thin string of cotton, wool, silk, etc. used for sewing or making cloth",sợi chỉ,False,True,threadbare; threadlike,2,không có (hoặc chưa xác định),không có biến thể đáng chú ý,Ngoại hình và trang phục,Sửa chữa quần áo
threat,"a statement in which you tell somebody that you will punish or harm them, especially if they do not do what you want",mối đe dọa,True,False,threaten; threateningly,2,không có (hoặc chưa xác định),không có biến thể đáng chú ý,"Pháp luật, an toàn và khẩn cấp",Tội phạm và điều tra
three,3,số ba,True,True,thirteen; thirteens; thirteenth; thirteenths; thirtieth; thirty; threefold; threesome,8,không có (hoặc chưa xác định),không có biến thể đáng chú ý,Ngôn ngữ hằng ngày,Số đếm và số thứ tự
thrill,(không có định nghĩa trong Oxford 5000 - root này không phải headword độc lập),sự hồi hộp,True,False,thriller; thrillingly,2,không có (hoặc chưa xác định),không có biến thể đáng chú ý,Thể thao,Thể thao mạo hiểm
thrive,"to become, and continue to be, successful, strong, healthy, etc.",phát triển mạnh,True,False,thriven,1,không có (hoặc chưa xác định),không có biến thể đáng chú ý,Khái niệm trừu tượng,Thay đổi và phát sinh
throat,a passage in the neck through which food and air pass on their way into the body; the front part of the neck,cổ họng,True,True,cutthroat; throatier; throatily; throatiness; throaty; whitethroat,6,không có (hoặc chưa xác định),không có biến thể đáng chú ý,Con người,Cơ thể
through,from one end or side of something to the other,xuyên qua,False,True,breakthrough,1,không có (hoặc chưa xác định),không có biến thể đáng chú ý,Ngôn ngữ hằng ngày,Giới từ và trạng từ chỉ nơi chốn
throw,to send something from your hand through the air by moving your hand or arm quickly,ném,True,True,flamethrower; overthrow; overthrown; throwaway; throwback; thrower; thrown,7,không có (hoặc chưa xác định),không có biến thể đáng chú ý,Thể thao,Điền kinh
thumb,"the short, thick finger at the side of the hand, slightly apart from the other four",ngón cái,False,True,thumbnail; thumbscrew,2,không có (hoặc chưa xác định),không có biến thể đáng chú ý,Con người,Bàn tay và bàn chân
tide,"a regular rise and fall in the level of the sea, caused by the pull of the moon and sun; the flow of water that happens as the sea rises and falls",thủy triều,True,True,tidal; tidelands; tidemark; tidewater,4,không có (hoặc chưa xác định),không có biến thể đáng chú ý,Môi trường và tự nhiên,Biển và đại dương
tidy,arranged neatly and with everything in order,gọn gàng,True,False,tidier; tidiest; tidily; tidiness; untidier; untidiest; untidily; untidiness; untidy,9,không có (hoặc chưa xác định),không có biến thể đáng chú ý,Đời sống hằng ngày,Dọn dẹp nhà cửa
tie,"a long, narrow piece of cloth worn around the neck, especially by men, with a knot in front","cà vạt, buộc",True,True,betties; necktie; retied; tiebreak; tiebreaker; tiepin; untie,7,không có (hoặc chưa xác định),không có biến thể đáng chú ý,Ngoại hình và trang phục,Quần áo công sở
tight,"held or fixed in position securely; difficult to move, open or separate","chật, chặt",True,True,airtight; tighten; tighter; tightest; tightly; tightness; tightrope; uptight; watertight,9,không có (hoặc chưa xác định),không có biến thể đáng chú ý,Ngoại hình và trang phục,Kích cỡ và kiểu dáng
till,until,cho đến khi,True,False,tillage; tiller,2,không có (hoặc chưa xác định),không có biến thể đáng chú ý,Ngôn ngữ hằng ngày,"Ngày, giờ và lịch cơ bản"
timber,trees that are grown to be used in building or for making things,gỗ xây dựng,False,True,timberlands,1,không có (hoặc chưa xác định),không có biến thể đáng chú ý,"Khoa học, công nghệ và kỹ thuật",Vật liệu
time,"what is measured in minutes, hours, days, etc.",thời gian,True,True,bedtime; daytime; dinnertime; halftime; lifetime; longtime; lunchtime; mealtime; meantime; mistime; nighttime; noontime; oftentimes; onetime; overtime; pastime; peacetime; playtime; seedtime; smalltime; sometime; springtime; summertime; teatime; timekeeper; timeless; timelessly; timelessness; timelier; timeliest; timeliness; timely; timepiece; timer; timesaving; timeserver; timeserving; timetable; untimeliness; untimely; wartime; wintertime,42,không có (hoặc chưa xác định),không có biến thể đáng chú ý,Ngôn ngữ hằng ngày,"Ngày, giờ và lịch cơ bản"
tin,a metal container in which food is sold; the contents of one of these containers,"thiếc, hộp thiếc",True,True,gettin; lettin; puttin; startin; tinnier; tinniest; tinny; tintype,8,không có (hoặc chưa xác định),không có biến thể đáng chú ý,"Khoa học, công nghệ và kỹ thuật",Vật liệu
tiny,very small in size or amount,nhỏ xíu,True,False,tinier; tiniest,2,không có (hoặc chưa xác định),không có biến thể đáng chú ý,Khái niệm trừu tượng,Mức độ và so sánh
tip,a small piece of advice about something practical,"lời khuyên, đầu mút",True,True,fingertip; tipoff; tipper; tipstaff; tipster; tiptoe,6,không có (hoặc chưa xác định),không có biến thể đáng chú ý,Ăn uống bên ngoài,Thanh toán và tiền boa
tire,(không có định nghĩa trong Oxford 5000 - root này không phải headword độc lập),"lốp xe, mệt mỏi",True,False,tiredly; tiredness; tireless; tirelessly; tiresome; tiresomely; untiring; untiringly,8,không có (hoặc chưa xác định),không có biến thể đáng chú ý,Giao thông,Lốp xe và sự cố
title,"the name of a book, poem, painting, piece of music, etc.","tiêu đề, chức danh",True,True,entitle; entitlement; subtitle; titleholder; titular,5,không có (hoặc chưa xác định),không có biến thể đáng chú ý,Học tập và giáo dục,Bằng cấp
to,used to show purpose or intention,đến,True,True,hereto; into; onto; thereto; today; today'll; tonight,7,không có (hoặc chưa xác định),không có biến thể đáng chú ý,Ngữ pháp và hư từ,Giới từ
tobacco,"the dried leaves of the tobacco plant that are used for making cigarettes, smoking in a pipe, etc.",thuốc lá,True,False,tobacconist,1,không có (hoặc chưa xác định),không có biến thể đáng chú ý,Sức khỏe,Bệnh tật
toe,one of the five small parts that stick out from the foot; any similar part on the foot of an animal or bird,ngón chân,False,True,tiptoe; toehold; toenail,3,không có (hoặc chưa xác định),không có biến thể đáng chú ý,Con người,Bàn tay và bàn chân
together,with or near to somebody/something else; with each other,cùng nhau,True,False,togetherness,1,không có (hoặc chưa xác định),không có biến thể đáng chú ý,Ngôn ngữ hằng ngày,Giới từ và trạng từ chỉ nơi chốn
toilet,a large bowl attached to a pipe that you sit on or stand over when you get rid of waste matter from your body,nhà vệ sinh,True,False,toiletries,1,không có (hoặc chưa xác định),không có biến thể đáng chú ý,Nhà cửa,Nhà vệ sinh
toll,money that you pay to use a particular road or bridge,phí cầu đường,False,True,tollgate; tollhouse,2,không có (hoặc chưa xác định),không có biến thể đáng chú ý,Giao thông,Đường sá
ton,"a unit for measuring weight, in the UK 2 240 pounds (long ton) and in the US 2 000 pounds (short ton)",tấn,True,False,kiloton; megaton; multimegaton; tonally; tonnage,5,không có (hoặc chưa xác định),không có biến thể đáng chú ý,"Khoa học, công nghệ và kỹ thuật",Đo lường
tone,"the quality of somebody’s voice, especially expressing a particular emotion",âm điệu,True,False,atonal; atonality; halftone; intonation; intonations; intone; monotone; monotonous; monotonously; monotonousness; monotony; overtone; polytonal; semitone; tonal; tonality; toneless; tonelessly; toner; tonic; undertone,21,không có (hoặc chưa xác định),không có biến thể đáng chú ý,"Nghệ thuật, thiết kế và văn hóa",Âm nhạc
tool,"an instrument such as a hammer, screwdriver, saw, etc. that you hold in your hand and use for making things, repairing things, etc.",công cụ,True,True,retooled; toolmaker,2,không có (hoặc chưa xác định),không có biến thể đáng chú ý,"Khoa học, công nghệ và kỹ thuật",Dụng cụ khoa học
tooth,any of the hard white structures in the mouth used for biting food,răng,True,True,bucktooth; dogtooth; toothbrush; toothier; toothiest; toothless; toothpick; toothpowder; toothsome; toothy,10,không có (hoặc chưa xác định),teeth (số nhiều bất quy tắc),Sức khỏe,Nha sĩ
top,highest in position,"đỉnh, trên cùng",True,True,atop; bricktop; feathertop; hardtop; hilltops; housetops; mountaintop; overtop; rooftop; topcoat; topless; topmost; topper; toppingly; topside; topsoil; treetops; utopia; utopian; utopianism,20,không có (hoặc chưa xác định),không có biến thể đáng chú ý,Ngôn ngữ hằng ngày,Giới từ và trạng từ chỉ nơi chốn
topic,"a subject that you talk, write or learn about",chủ đề,True,False,topical; topicality; topically,3,không có (hoặc chưa xác định),không có biến thể đáng chú ý,Học tập và giáo dục,Các môn học
torture,the act of causing somebody severe pain in order to punish them or make them say or do something,tra tấn,True,False,torturer,1,không có (hoặc chưa xác định),không có biến thể đáng chú ý,"Pháp luật, an toàn và khẩn cấp",Tội phạm và điều tra
total,being the amount or number after everyone or everything is counted or added together,tổng cộng,True,False,totalistic; totalitarian; totalitarianism; totality; totalize; totally,6,không có (hoặc chưa xác định),không có biến thể đáng chú ý,Kinh doanh và tài chính,Hóa đơn và biên lai
touch,the sense that enables you to be aware of things and what they are like when you put your hands and fingers on them,chạm vào,True,True,retouch; touchable; touchdown; toucher; touchier; touchiest; touchily; touchiness; touchingly; touchline; touchstone; touchy; untouchable; untouched,14,không có (hoặc chưa xác định),không có biến thể đáng chú ý,Con người,Cảm xúc
tough,having or causing problems or difficulties,"khó khăn, cứng rắn",True,False,toughen; tougher; toughest; toughie; toughly; toughness,6,không có (hoặc chưa xác định),không có biến thể đáng chú ý,Con người,Tính cách
tour,"a journey made for pleasure during which several different towns, countries, etc. are visited",chuyến du lịch,True,False,detour; tourism; tourist,3,không có (hoặc chưa xác định),không có biến thể đáng chú ý,Du lịch và lưu trú,Tham quan
toward,(không có định nghĩa trong Oxford 5000 - root này không phải headword độc lập),hướng về,True,False,untoward; untowardly; untowardness,3,không có (hoặc chưa xác định),không có biến thể đáng chú ý,Ngôn ngữ hằng ngày,Giới từ và trạng từ chỉ nơi chốn
tower,"a tall narrow building or part of a building, especially of a church or castle",tòa tháp,False,True,watchtower,1,không có (hoặc chưa xác định),không có biến thể đáng chú ý,"Nghệ thuật, thiết kế và văn hóa",Kiến trúc
town,"a place with many houses, shops, etc. where people live and work. It is larger than a village but smaller than a city.",thị trấn,True,True,downtown; hometown; middletown; newtown; townsfolk; township; townsman; townspeople; townswoman; uptown,10,không có (hoặc chưa xác định),không có biến thể đáng chú ý,Cộng đồng và đô thị,Trung tâm thành phố
toy,made as a copy of a particular thing and used for playing with,đồ chơi,False,True,toyshop,1,không có (hoặc chưa xác định),không có biến thể đáng chú ý,Giải trí và thời gian rảnh,Trò chơi bàn
trace,"a mark, an object or a sign that shows that somebody/something existed or was present",dấu vết,True,False,retrace; traceable; tracer; tracery,4,không có (hoặc chưa xác định),không có biến thể đáng chú ý,"Pháp luật, an toàn và khẩn cấp",Tội phạm và điều tra
track,rails (= metal bars) that a train moves along,"đường ray, theo dõi",True,True,backtrack; moontrack; racetrack; sidetrack; soundtrack; tracker; trackless; tracksuit; untracked,9,không có (hoặc chưa xác định),không có biến thể đáng chú ý,Thể thao,Điền kinh
trade,the activity of buying and selling or of exchanging goods or services between people or countries,thương mại,True,True,trademark; trader; tradesman; tradespeople,4,không có (hoặc chưa xác định),không có biến thể đáng chú ý,Kinh doanh và tài chính,Mua bán và giao dịch
tradition,"a belief, custom or way of doing something that has existed for a long time among a particular group of people; a set of these beliefs or customs",truyền thống,True,False,traditional; traditionalism; traditionalist; traditionalistic; traditionalized; traditionally; untraditional,7,không có (hoặc chưa xác định),không có biến thể đáng chú ý,"Nghệ thuật, thiết kế và văn hóa",Văn hóa và lễ hội
traffic,the vehicles that are on a road at a particular time,giao thông,True,False,trafficker,1,không có (hoặc chưa xác định),không có biến thể đáng chú ý,Giao thông,Đường sá
tragedy,"a very sad event or situation, especially one that involves death",bi kịch,True,False,tragedian,1,không có (hoặc chưa xác định),không có biến thể đáng chú ý,Giải trí và thời gian rảnh,Sân khấu
tragic,"making you feel very sad, usually because somebody has died or suffered a lot",bi thảm,True,False,tragical; tragically,2,không có (hoặc chưa xác định),không có biến thể đáng chú ý,Con người,Cảm xúc
trail,a long line or series of marks that is left by somebody/something,đường mòn,True,False,trailer,1,không có (hoặc chưa xác định),không có biến thể đáng chú ý,Giải trí và thời gian rảnh,Đi bộ đường dài
train,"a number of connected coaches or trucks, pulled by an engine or powered by a motor in each one, taking people and goods from one place to another","tàu hỏa, huấn luyện",True,True,detrain; entrain; housetrained; linertrain; retraining; trainable; trainbearer; trainee; traineeships; trainer; trainman; untrained,12,không có (hoặc chưa xác định),không có biến thể đáng chú ý,Giao thông,Tàu hỏa
trait,a particular quality in your personality,đặc điểm,True,False,traitor; traitorous; traitorously; traitress,4,không có (hoặc chưa xác định),không có biến thể đáng chú ý,Con người,Tính cách
transfer,"the act of moving somebody/something from one place, group or job to another; an occasion when this happens",chuyển giao,True,False,transferability; transferable; transferee; transference; transferor; transferral,6,không có (hoặc chưa xác định),không có biến thể đáng chú ý,Kinh doanh và tài chính,Chuyển khoản
transit,the process of being moved or carried from one place to another,quá cảnh,True,False,intransitive; intransitively; transience; transiency; transient; transition; transitional; transitionally; transitive; transitively; transitory,11,không có (hoặc chưa xác định),không có biến thể đáng chú ý,Du lịch và lưu trú,Bến xe
translate,to express the meaning of speech or writing in a different language,dịch thuật,True,False,mistranslate; mistranslation; retranslated; translatable; translation; translator,6,không có (hoặc chưa xác định),không có biến thể đáng chú ý,Học tập và giáo dục,Học ngoại ngữ
transmit,"to send an electronic signal, radio or television broadcast, etc.",truyền tải,True,False,transmission; transmittable; transmitter,3,không có (hoặc chưa xác định),không có biến thể đáng chú ý,Sức khỏe,Bệnh tật
trap,a piece of equipment for catching animals,cái bẫy,True,True,entrap; entrapment; mantrap; mousetrap; suntrap; trapdoor; trapper; trappist; trapshooting,9,không có (hoặc chưa xác định),không có biến thể đáng chú ý,Môi trường và tự nhiên,Động vật có vú
trauma,"a mental condition caused by severe shock, stress or fear, especially when the harmful effects last for a long time",chấn thương tâm lý,True,False,traumatically,1,không có (hoặc chưa xác định),không có biến thể đáng chú ý,Sức khỏe,Sức khỏe tinh thần
travel,the act or activity of travelling,du lịch,True,True,traveler; travelsick,2,không có (hoặc chưa xác định),không có biến thể đáng chú ý,Du lịch và lưu trú,Lập kế hoạch chuyến đi
treasure,"a collection of valuable things such as gold, silver and jewellery",kho báu,True,False,treasurer; treasury,2,không có (hoặc chưa xác định),không có biến thể đáng chú ý,"Nghệ thuật, thiết kế và văn hóa",Di sản và bảo tàng
treat,to behave in a particular way towards somebody/something,"đối xử, điều trị",True,False,entreat; entreatingly; entreaty; maltreat; maltreatment; treatable; treatment; untreated,8,không có (hoặc chưa xác định),không có biến thể đáng chú ý,Sức khỏe,Bệnh tật
tree,"a tall plant that can live a long time. Trees have a thick central wooden trunk from which branches grow, usually with leaves on them",cây cối,True,True,rooftree; treeless; treelike; treetops,4,không có (hoặc chưa xác định),không có biến thể đáng chú ý,Môi trường và tự nhiên,Cây
tremendous,very great,to lớn,True,False,tremendously,1,không có (hoặc chưa xác định),không có biến thể đáng chú ý,Khái niệm trừu tượng,Mức độ và so sánh
trend,a general direction in which a situation is changing or developing,xu hướng,True,True,downtrend; trendier; trendiest; trendiness; trendsetter; trendy; uptrend,7,không có (hoặc chưa xác định),không có biến thể đáng chú ý,Ngoại hình và trang phục,Kích cỡ và kiểu dáng
tribe,"a social group in a traditional society consisting of people with the same language, culture, religion, etc., living in a particular area and often having one leader known as a chief ",bộ lạc,True,True,detribalization; detribalize; intertribal; tribal; tribalism; tribesman,6,không có (hoặc chưa xác định),không có biến thể đáng chú ý,"Nghệ thuật, thiết kế và văn hóa",Văn hóa và lễ hội
tribute,"an act, a statement or a gift that is intended to show your love or respect, especially for a dead person",sự tôn vinh,True,False,attributable; attribute; attribution; attributive; attributively; contribute; contribution; contributor; contributory; distribute; distribution; distributional; distributive; distributor; distributorship; noncontributory; redistribute; redistribution; tributary,19,không có (hoặc chưa xác định),không có biến thể đáng chú ý,"Nghệ thuật, thiết kế và văn hóa",Văn hóa và lễ hội
trick,"something that you do to make somebody believe something that is not true, or to annoy somebody as a joke","thủ thuật, lừa gạt",True,False,trickery; trickier; trickiest; trickiness; trickster; tricky,6,không có (hoặc chưa xác định),không có biến thể đáng chú ý,Giải trí và thời gian rảnh,Trò chơi bài
trip,"a journey to a place and back again, especially a short one for pleasure or a particular purpose",chuyến đi,True,True,egotrip; tripper; trippingly; tripwire,4,không có (hoặc chưa xác định),không có biến thể đáng chú ý,Du lịch và lưu trú,Lập kế hoạch chuyến đi
triumph,"a great success, achievement or victory",chiến thắng vẻ vang,True,False,triumphal; triumphant; triumphantly,3,không có (hoặc chưa xác định),không có biến thể đáng chú ý,Thể thao,Thể thao chung
troop,"soldiers, especially in large groups",quân đội,True,True,trooper; troopship; troopships,3,không có (hoặc chưa xác định),không có biến thể đáng chú ý,Nghề nghiệp và công việc,Nghề công vụ và an ninh
trophy,an object such as a silver cup that is given as a prize for winning a competition,"cúp, chiến lợi phẩm",True,False,dystrophy; hypertrophy,2,không có (hoặc chưa xác định),không có biến thể đáng chú ý,Thể thao,Thể thao chung
trouble,"a problem, worry, difficulty, etc. or a situation causing this",rắc rối,True,True,troublemaker; troubleshooter; troublesome,3,không có (hoặc chưa xác định),không có biến thể đáng chú ý,Con người,Cảm xúc
truck,a large vehicle for carrying heavy loads by road,xe tải,True,False,trucker,1,không có (hoặc chưa xác định),không có biến thể đáng chú ý,Giao thông,Xe tải và vận chuyển
true,connected with facts rather than things that have been invented or guessed,đúng thật,True,True,truelove; truer; truest; truism; truly; untrue,6,không có (hoặc chưa xác định),không có biến thể đáng chú ý,Khái niệm trừu tượng,Đánh giá và giá trị
trust,"the belief that somebody/something is good, sincere, honest, etc. and will not try to harm or trick you",tin tưởng,True,True,antitrust; distrust; distrustful; distrustfully; distrustfulness; entrust; mistrust; mistrustful; mistrustfully; mistrustfulness; trustee; trusteeship; trustful; trustfully; trustfulness; trustier; trustiest; trustingly; trustworthiness; trustworthy; trusty; untrustworthiness,22,không có (hoặc chưa xác định),không có biến thể đáng chú ý,Con người,Mối quan hệ
truth,"the true facts about something, rather than the things that have been invented or guessed",sự thật,True,False,truthful; truthfully; truthfulness; untruth; untruthful; untruthfully,6,không có (hoặc chưa xác định),không có biến thể đáng chú ý,Khái niệm trừu tượng,Nhận thức và ý nghĩa
try,an act of trying to do something,cố gắng,True,False,mistrial; pretrial; retrial; trial; trier,5,không có (hoặc chưa xác định),không có biến thể đáng chú ý,Khái niệm trừu tượng,Hành động và xử lý
tube,"a long, hollow pipe made of metal, plastic, rubber, etc., through which liquids or gases move from one place to another","ống, tàu điện ngầm",True,True,bathtub; tubbier; tubbiest; tubby; tubeless; tubful; tubular; tubules,8,không có (hoặc chưa xác định),không có biến thể đáng chú ý,"Khoa học, công nghệ và kỹ thuật",Cơ khí
tune,a series of musical notes that are sung or played in a particular order to form a piece of music,giai điệu,True,False,attuned; tuneful; tunefully; tunefulness; tuneless; tuner,6,không có (hoặc chưa xác định),không có biến thể đáng chú ý,"Nghệ thuật, thiết kế và văn hóa",Âm nhạc
tunnel,"a passage built underground, for example to allow a road or railway to go through a hill, under a river, etc.",đường hầm,True,False,tunneller,1,không có (hoặc chưa xác định),không có biến thể đáng chú ý,Giao thông,Đường sá
turn,the time when somebody in a group of people should or is allowed to do something,"quay, lượt",True,True,downturn; overturn; turnabout; turnaround; turncoat; turnery; turnkey; turnoff; turnout; turnover; turntable; upturn,12,không có (hoặc chưa xác định),không có biến thể đáng chú ý,Giao thông,Biển báo đường bộ
twelve,12,số mười hai,True,True,twelfth; twelvemonth,2,không có (hoặc chưa xác định),không có biến thể đáng chú ý,Ngôn ngữ hằng ngày,Số đếm và số thứ tự
twenty,(không có định nghĩa trong Oxford 5000 - root này không phải headword độc lập),số hai mươi,True,False,twentieth,1,không có (hoặc chưa xác định),không có biến thể đáng chú ý,Ngôn ngữ hằng ngày,Số đếm và số thứ tự
twist,"the action of turning something with your hand, or of turning a part of your body",vặn xoắn,True,False,twister; twistier; twistiest; twisty,4,không có (hoặc chưa xác định),không có biến thể đáng chú ý,Sức khỏe,Chấn thương
two,2,số hai,True,True,twofaced; twofold; twosome,3,không có (hoặc chưa xác định),không có biến thể đáng chú ý,Ngôn ngữ hằng ngày,Số đếm và số thứ tự
typo,(không có định nghĩa trong Oxford 5000 - root này không phải headword độc lập),lỗi đánh máy,True,True,atypical; atypically; monotype; subtype; tintype; typecast; typeface; typescript; typeset; typesetter; typewrite; typewriter; typewritten; typical; typicality; typically; typify; typist; typology,19,không có (hoặc chưa xác định),không có biến thể đáng chú ý,Học tập và giáo dục,Đồ dùng học tập
ugly,unpleasant to look at,xấu xí,True,True,plugugly; uglier; ugliest; uglify; ugliness,5,không có (hoặc chưa xác định),không có biến thể đáng chú ý,Khái niệm trừu tượng,Đánh giá và giá trị
uncle,the brother of your mother or father; the husband of your aunt or uncle,"chú, bác",False,True,granduncle,1,không có (hoặc chưa xác định),không có biến thể đáng chú ý,Con người,Gia đình
under,below something,ở dưới,True,True,hereunder; thereunder; underling,3,không có (hoặc chưa xác định),không có biến thể đáng chú ý,Ngữ pháp và hư từ,Giới từ
understand,"to know or realize the meaning of words, a language, what somebody says, etc.",hiểu biết,True,False,misunderstand; understandable; understandably; understandingly,4,không có (hoặc chưa xác định),không có biến thể đáng chú ý,Khái niệm trừu tượng,Nhận thức và ý nghĩa
unique,being the only one of its kind,độc đáo,True,False,uniquely; uniqueness,2,không có (hoặc chưa xác định),không có biến thể đáng chú ý,Khái niệm trừu tượng,Đánh giá và giá trị
up,towards or in a higher position,lên trên,True,True,backup; blowup; breakup; buildup; catchup; checkup; cleanup; closeup; dustup; getup; grownups; hangup; holdup; hookup; letup; lineup; linkup; lockup; lookup; makeup; markup; pickup; pinup; roundup; setup; speedup; startups; upland; upper; uppercut; uppermost; uppish; uppishly; uppishness; upward; warmup; windup,37,không có (hoặc chưa xác định),không có biến thể đáng chú ý,Ngữ pháp và hư từ,Giới từ
upon,(không có định nghĩa trong Oxford 5000 - root này không phải headword độc lập),trên (trang trọng),False,True,hereupon; thereupon; whereupon,3,không có (hoặc chưa xác định),không có biến thể đáng chú ý,Ngữ pháp và hư từ,Giới từ
urge,to advise or try hard to persuade somebody to do something,thúc giục,True,True,metallurgical; metallurgist; metallurgy; urgency; urgent; urgently,6,không có (hoặc chưa xác định),không có biến thể đáng chú ý,Con người,Cảm xúc
use,the act of using something; the state of being used,sử dụng,True,False,disuse; misuse; reusable; reuse; unused; usable; usage; useful; usefully; usefulness; useless; uselessly; uselessness; user,14,không có (hoặc chưa xác định),không có biến thể đáng chú ý,Khái niệm trừu tượng,Khả năng và cần thiết
usual,that happens or is done most of the time or in most cases,thông thường,True,False,unusual; unusually; usually,3,không có (hoặc chưa xác định),không có biến thể đáng chú ý,Khái niệm trừu tượng,Đánh giá và giá trị
vague,not clear in a person’s mind,mơ hồ,True,False,vaguely; vagueness; vaguer; vaguest,4,không có (hoặc chưa xác định),không có biến thể đáng chú ý,Khái niệm trừu tượng,Nhận thức và ý nghĩa
valid,that is legally or officially acceptable,hợp lệ,True,False,invalid; invalidate; invalidation; invalidity; invalidly; validate; validation; validity; validly,9,không có (hoặc chưa xác định),không có biến thể đáng chú ý,"Pháp luật, an toàn và khẩn cấp",Giấy tờ pháp lý
value,how much something is worth in money or other goods for which it can be exchanged,giá trị,True,False,devaluate; devaluation; devalue; evaluate; evaluation; evaluative; invaluable; reevaluation; revaluation; revalue; undervaluation; undervalue; valuable; valuation; valueless; valuer,16,không có (hoặc chưa xác định),không có biến thể đáng chú ý,Khái niệm trừu tượng,Đánh giá và giá trị
vary,"to be different from each other in size, shape, etc.","thay đổi, đa dạng",True,False,invariability; invariable; invariably; invariant; unvarying; variability; variable; variableness; variably; variance; variant; variation; variety; various; variously,15,không có (hoặc chưa xác định),không có biến thể đáng chú ý,Khái niệm trừu tượng,Thay đổi và phát sinh
vast,"extremely large in area, size, amount, etc.",rộng lớn,True,False,vaster; vastest; vastly; vastness,4,không có (hoặc chưa xác định),không có biến thể đáng chú ý,Khái niệm trừu tượng,Mức độ và so sánh
vehicle,"a thing that is used for transporting people or goods from one place to another, such as a car or lorry",phương tiện,True,False,vehicular,1,không có (hoặc chưa xác định),không có biến thể đáng chú ý,Giao thông,Các loại ô tô
venture,"a business project or activity, especially one that involves taking risks",mạo hiểm,True,False,venturer; venturesome; venturesomeness,3,không có (hoặc chưa xác định),không có biến thể đáng chú ý,Kinh doanh và tài chính,Doanh nghiệp
verse,"writing that is arranged in lines, often with a regular rhythm or pattern of rhyme",câu thơ,True,False,conversely; conversion; inverse; inversely; inversion; irreversible; irreversibly; obverse; reversal; reverse; reversely; reversibility; reversible; reversion; reversionary; transversally; transversely; traverse; universal; universality; universalize; universally; universe; university; unversed; versification; versifier; versify,28,không có (hoặc chưa xác định),không có biến thể đáng chú ý,"Nghệ thuật, thiết kế và văn hóa",Âm nhạc
vertical,"going straight up or down from a level surface or from top to bottom in a picture, etc.",thẳng đứng,True,False,vertically,1,không có (hoặc chưa xác định),không có biến thể đáng chú ý,"Nghệ thuật, thiết kế và văn hóa",Hình dạng
very,used to emphasize that you are talking about a particular thing or person and not about another,rất,True,False,verier; veriest,2,không có (hoặc chưa xác định),không có biến thể đáng chú ý,Khái niệm trừu tượng,Mức độ và so sánh
viable,that can be done; that will be successful,khả thi,True,False,viability; viably,2,không có (hoặc chưa xác định),không có biến thể đáng chú ý,Khái niệm trừu tượng,Khả năng và cần thiết
vice,criminal activities that involve sex or drugs,"phó (chức vụ), thói xấu",False,True,vicelike,1,không có (hoặc chưa xác định),không có biến thể đáng chú ý,Nghề nghiệp và công việc,Thông tin nghề nghiệp
vicious,violent and cruel,hung ác,True,False,viciously; viciousness,2,không có (hoặc chưa xác định),không có biến thể đáng chú ý,Con người,Tính cách
victim,"a person who has been attacked, injured or killed as the result of a crime, a disease, an accident, etc.",nạn nhân,True,False,victimization; victimize,2,không có (hoặc chưa xác định),không có biến thể đáng chú ý,"Pháp luật, an toàn và khẩn cấp",Tội phạm và điều tra
video,"a system of recording moving pictures and sound, either using a digital method of storing data or (in the past) using videotape",video,False,True,videotape,1,không có (hoặc chưa xác định),không có biến thể đáng chú ý,Giải trí và thời gian rảnh,Phát trực tuyến
view,"what you can see from a particular place or position, especially beautiful countryside","quan điểm, tầm nhìn",True,True,fairview; preview; review; reviewer; riverview; viewer; viewfinder; viewless; viewpoint,9,không có (hoặc chưa xác định),không có biến thể đáng chú ý,Ngôn ngữ hằng ngày,Từ trái nghĩa
village,a very small town located in a country area,làng quê,True,False,villager,1,không có (hoặc chưa xác định),không có biến thể đáng chú ý,Cộng đồng và đô thị,Khu dân cư
virtual,"made to appear to exist by the use of computer software, for example on the internet","ảo, gần như",True,False,virtually,1,không có (hoặc chưa xác định),không có biến thể đáng chú ý,"Khoa học, công nghệ và kỹ thuật",Internet
virtue,behaviour or attitudes that show high moral standards,đức hạnh,True,False,virtuosity; virtuous; virtuously,3,không có (hoặc chưa xác định),không có biến thể đáng chú ý,Con người,Tính cách
visit,an occasion or a period of time when somebody goes to see a place or person and spends time there,thăm viếng,True,False,revisited; visitation; visitor,3,không có (hoặc chưa xác định),không có biến thể đáng chú ý,Du lịch và lưu trú,Tham quan
vital,necessary or essential in order for something to succeed or exist,thiết yếu,True,False,devitalization; devitalize; revitalization; revitalize; vitalism; vitalist; vitality; vitalization; vitalize; vitally,10,không có (hoặc chưa xác định),không có biến thể đáng chú ý,Khái niệm trừu tượng,Đánh giá và giá trị
voice,the sound or sounds produced through the mouth by a person speaking or singing,giọng nói,True,False,unvoiced; voiceless,2,không có (hoặc chưa xác định),không có biến thể đáng chú ý,"Nghệ thuật, thiết kế và văn hóa",Âm nhạc
volume,the amount of space that an object or a substance fills; the amount of space that a container has,"âm lượng, khối lượng",True,False,volumetric; volumetrically; voluminous; voluminously,4,không có (hoặc chưa xác định),không có biến thể đáng chú ý,"Khoa học, công nghệ và kỹ thuật",Đo lường
vote,a formal choice that you make in an election or at a meeting in order to choose somebody or decide something,bỏ phiếu,True,False,outvote; voteless; voter,3,không có (hoặc chưa xác định),không có biến thể đáng chú ý,"Pháp luật, an toàn và khẩn cấp",Quyền công dân
vow,to make a formal and serious promise to do something or a formal statement that is true,lời thề,True,False,avow; avowal; avowedly; disavow; disavowal,5,không có (hoặc chưa xác định),không có biến thể đáng chú ý,Con người,Sự kiện đời người
vulnerable,weak and easily hurt physically or emotionally,dễ tổn thương,True,False,invulnerability; invulnerable; invulnerably; vulnerability; vulnerably,5,không có (hoặc chưa xác định),không có biến thể đáng chú ý,Con người,Cảm xúc
wage,"a regular amount of money that you earn, usually every week or every month, for work or services",tiền lương,True,False,wager,1,không có (hoặc chưa xác định),không có biến thể đáng chú ý,Nghề nghiệp và công việc,Lương và phúc lợi
wait,an act of waiting; an amount of time waited,chờ đợi,True,True,await; dumbwaiter; waiter; waitress,4,không có (hoặc chưa xác định),không có biến thể đáng chú ý,Ngôn ngữ hằng ngày,Nhu cầu và yêu cầu thường gặp
wake,to stop sleeping; to make somebody stop sleeping,thức dậy,True,False,awake; awaken; reawaken; wakeful; wakefully; wakefulness; waken,7,không có (hoặc chưa xác định),không có biến thể đáng chú ý,Đời sống hằng ngày,Thức dậy và đi ngủ
walk,"a journey on foot, usually for pleasure or exercise",đi bộ,True,True,boardwalk; catwalk; crosswalk; floorwalker; ropewalk; ropewalker; sidewalk; sleepwalk; sleepwalker; streetwalker; walkabout; walker; walkin; walkout; walkover; walkways,16,không có (hoặc chưa xác định),không có biến thể đáng chú ý,Giao thông,Đi bộ
wall,"a long, solid structure that rises straight up from the ground, made of stone, brick or concrete, that surrounds, divides or protects an area of land",bức tường,True,True,headwalls; seawall; stonewall; stonewaller; wallboard; wallflower; wallpaper; wally,8,không có (hoặc chưa xác định),không có biến thể đáng chú ý,Nhà cửa,Ngôi nhà
wander,"to walk slowly around or to a place, often without any particular sense of purpose or direction",lang thang,True,False,wanderer,1,không có (hoặc chưa xác định),không có biến thể đáng chú ý,Giải trí và thời gian rảnh,Hoạt động ngoài trời
want,to have a desire or a wish for something/somebody,muốn,True,False,unwanted,1,không có (hoặc chưa xác định),không có biến thể đáng chú ý,Ngôn ngữ hằng ngày,Nhu cầu và yêu cầu thường gặp
war,a situation in which two or more countries or groups of people fight against each other over a period of time,chiến tranh,True,True,postwar; prewar; wardresses; warfare; warfront; warhead; warhorse; warlike; warlord; warrior; warship; wartime,12,không có (hoặc chưa xác định),không có biến thể đáng chú ý,"Pháp luật, an toàn và khẩn cấp",Quyền công dân
ward,a separate room or area in a hospital for people with the same type of medical condition,"khu bệnh viện, phường",True,True,churchwarden; deathward; warden; warder; wardress; wardroom; woodwards,7,không có (hoặc chưa xác định),không có biến thể đáng chú ý,Sức khỏe,Khoa phòng
warm,"at a fairly high temperature in a way that is pleasant, rather than being hot or cold",ấm áp,True,True,heartwarming; heartwarmingly; housewarming; warmer; warmest; warmhearted; warmish; warmly; warmness; warmup,10,không có (hoặc chưa xác định),không có biến thể đáng chú ý,Môi trường và tự nhiên,Khí hậu
warn,"to tell somebody about something, especially something dangerous or unpleasant that is likely to happen, so that they can avoid it",cảnh báo,True,False,forewarn; warningly,2,không có (hoặc chưa xác định),không có biến thể đáng chú ý,"Pháp luật, an toàn và khẩn cấp",An toàn cá nhân
warrant,a legal document that is signed by a judge and gives the police authority to do something,"lệnh, sự bảo đảm",True,False,unwarrantable; unwarranted; warrantee; warrantor; warranty,5,không có (hoặc chưa xác định),không có biến thể đáng chú ý,"Pháp luật, an toàn và khẩn cấp",Tòa án
wash,an act of cleaning somebody/something using water and usually soap,rửa,True,True,backwash; brainwash; dishwasher; eyewash; mouthwash; washable; washboard; washbowl; washcloth; washday; washer; washerwoman; washhouse; washier; washout; washroom; washstand; washy; whitewash,19,không có (hoặc chưa xác định),không có biến thể đáng chú ý,Đời sống hằng ngày,Giặt và phơi quần áo
waste,no longer needed for a particular process and therefore thrown away,lãng phí,True,True,wastage; wastebasket; wasteful; wastefully; wastefulness; wasteland; waster; wastewater,8,không có (hoặc chưa xác định),không có biến thể đáng chú ý,Nhà cửa,Xử lý rác
watch,"a type of small clock that you wear on your wrist, or (in the past) carried in your pocket","xem, đồng hồ",True,True,firewatcher; firewatching; portwatchers; stopwatch; watchband; watchdog; watcher; watchful; watchfully; watchfulness; watchmaker; watchman; watchtower; watchword; wristwatch,15,không có (hoặc chưa xác định),không có biến thể đáng chú ý,Giải trí và thời gian rảnh,Truyền hình
water,"a liquid without colour, smell or taste that falls as rain, is in lakes, rivers and seas, and is used for drinking, washing, etc.",nước,True,True,backwater; breakwater; bridgewater; clearwater; dishwater; edgewater; firewater; freshwater; goldwater; headwaters; rainwater; rosewater; saltwater; seawater; tidewater; underwater; wastewater; waterbird; waterbury; watercolor; watercourse; waterfall; waterflows; waterfront; waterier; wateriest; waterline; waterlogged; waterman; watermark; watermill; waterpower; waterproof; watershed; waterside; watertable; watertight; waterway; waterwings; waterworks; watery,41,không có (hoặc chưa xác định),không có biến thể đáng chú ý,Ăn uống bên ngoài,Đồ uống
wave,"a raised line of water that moves across the surface of the sea, ocean, etc.","sóng, vẫy tay",True,True,brainwave; heatwave; microwave; shockwave; skywave; waveland; wavelength; wavers; wavier; waviest; waviness; wavy,12,không có (hoặc chưa xác định),không có biến thể đáng chú ý,Môi trường và tự nhiên,Biển và đại dương
way,very far; by a large amount,"con đường, cách thức",True,True,airway; anyway; areaways; beltway; broadways; byway; carriageway; causeway; clearway; crossways; doorway; driveway; expressway; fairway; flyways; freeway; gangway; gateway; halfway; hallway; headway; highway; highwayman; loveways; midway; motorway; parkway; passageway; pathway; raceway; railway; roadway; ropeway; runway; sideways; skiway; slipway; speedway; stairway; straightway; subway; superhighways; throughway; thruway; underway; walkways; waterway; waybill; wayfarer; wayfaring; waylain; waylay; wayside; wayward,54,weigh: way = con đường/cách thức; weigh = cân nặng (động từ),không có biến thể đáng chú ý,Ngôn ngữ hằng ngày,Bản đồ và khu vực thế giới
weak,not physically strong,yếu đuối,True,False,weaken; weaker; weakest; weaklier; weakling; weakly; weakness,7,week: weak = yếu đuối (tính từ); week = tuần lễ (danh từ),không có biến thể đáng chú ý,Sức khỏe,Cơ thể và sức khỏe
wealth,"a large amount of money, property, etc. that a person or country owns",sự giàu có,True,True,commonwealth; wealthier; wealthiest; wealthily; wealthy,5,không có (hoặc chưa xác định),không có biến thể đáng chú ý,Kinh doanh và tài chính,Đầu tư
weapon,"an object such as a knife, gun, bomb, etc. that is used for fighting or attacking somebody",vũ khí,True,False,weaponless; weaponry,2,không có (hoặc chưa xác định),không có biến thể đáng chú ý,"Pháp luật, an toàn và khẩn cấp",Tội phạm và điều tra
wear,"to have something on your body as a piece of clothing, a decoration, etc.",mặc quần áo,True,True,beachwear; footwear; hardwearing; longwearing; neckwear; underwear,6,không có (hoặc chưa xác định),không có biến thể đáng chú ý,Ngoại hình và trang phục,Kích cỡ và kiểu dáng
weather,"the condition of the atmosphere at a particular place and time, such as the temperature, and if there is wind, rain, sun, etc.",thời tiết,False,True,weatherbeaten; weatherboard; weatherglass; weatherman; weatherproof; weatherstrip,6,không có (hoặc chưa xác định),không có biến thể đáng chú ý,Môi trường và tự nhiên,Thời tiết
weave,"to make cloth, a carpet, a basket, etc. by crossing threads or narrow pieces of material across, over and under each other by hand or on a machine called a loom",dệt vải,True,False,interweave; weaver,2,không có (hoặc chưa xác định),không có biến thể đáng chú ý,"Nghệ thuật, thiết kế và văn hóa",Dệt may
wed,(không có định nghĩa trong Oxford 5000 - root này không phải headword độc lập),kết hôn,True,True,newlywed; unwed; wedlock,3,không có (hoặc chưa xác định),không có biến thể đáng chú ý,Con người,Sự kiện đời người
weed,"a wild plant growing where it is not wanted, especially among crops or garden plants",cỏ dại,True,True,bindweed; milkweed; seaweed; weedier; weediest; weediness; weedy,7,không có (hoặc chưa xác định),không có biến thể đáng chú ý,Môi trường và tự nhiên,Nông nghiệp
week,"a period of seven days, either from Monday to Sunday or from Sunday to Saturday",tuần lễ,True,True,biweekly; midweek; newsweek; semiweekly; weekday; weekend; weekender; weekly; weeknight,9,weak: weak = yếu đuối (tính từ); week = tuần lễ (danh từ),không có biến thể đáng chú ý,Ngôn ngữ hằng ngày,"Ngày, giờ và lịch cơ bản"
weigh,to have a particular weight,cân nặng,True,True,bodyweight; featherweight; flyweight; heavyweight; hundredweight; lightweight; middleweight; outweigh; overweight; paperweight; pennyweight; underweight; weighbridge; weight; weightier; weightiest; weightily; weightiness; weightless; weightlessly; weightlessness; weighty,22,way: way = con đường/cách thức; weigh = cân nặng (động từ),không có biến thể đáng chú ý,"Khoa học, công nghệ và kỹ thuật",Đo lường
weird,very strange or unusual and difficult to explain,kỳ dị,True,False,weirder; weirdest; weirdie; weirdly; weirdness; weirdo,6,không có (hoặc chưa xác định),không có biến thể đáng chú ý,Khái niệm trừu tượng,Đánh giá và giá trị
welcome,accepted or wanted somewhere,chào đón,True,False,unwelcome,1,không có (hoặc chưa xác định),không có biến thể đáng chú ý,Ngôn ngữ hằng ngày,Chào hỏi và giới thiệu bản thân
well,in good health,"tốt, giếng nước",True,True,inkwell; motherwell; stairwell; unwell; wellbeing; wellborn; wellknown; wellspring,8,không có (hoặc chưa xác định),không có biến thể đáng chú ý,Sức khỏe,Cơ thể và sức khỏe
west,in or towards the west,phía tây,True,True,midwest; midwestern; midwesterners; northwest; northwester; northwesterly; northwestern; northwestward; southwest; southwester; southwesterly; southwestern; southwestwards; westbound; westerly; western; westerner; westernization; westernize; westernmost; westward,21,không có (hoặc chưa xác định),không có biến thể đáng chú ý,Ngôn ngữ hằng ngày,Bản đồ và khu vực thế giới
wet,"covered with or containing liquid, especially water",ướt,True,True,wetlands; wetly; wetness; wetter; wettest,5,không có (hoặc chưa xác định),không có biến thể đáng chú ý,Môi trường và tự nhiên,Thời tiết
what,used in questions to ask for particular information about somebody/something,cái gì,False,True,somewhat; whatever; whatnot; whatsoever,4,không có (hoặc chưa xác định),không có biến thể đáng chú ý,Ngôn ngữ hằng ngày,Câu hỏi thông dụng
wheat,"a plant grown for its grain that is used to produce the flour for bread, cakes, pasta, etc.; the grain of this plant",lúa mì,True,True,buckwheat; wheaten,2,không có (hoặc chưa xác định),không có biến thể đáng chú ý,Thực phẩm,Ngũ cốc
wheel,"one of the round objects under a car, bicycle, bus, etc. that turns when it moves",bánh xe,True,True,flywheel; freewheel; freewheelers; millwheel; wheelbase; wheelchair; wheeler; wheelhouse,8,không có (hoặc chưa xác định),không có biến thể đáng chú ý,Giao thông,Bộ điều khiển ô tô
when,at what time; on what occasion,khi nào,False,True,whenever,1,không có (hoặc chưa xác định),không có biến thể đáng chú ý,Ngôn ngữ hằng ngày,Câu hỏi thông dụng
where,in or to what place or situation,ở đâu,False,True,anywhere; elsewhere; everywhere; nowhere; somewhere; whereabouts; whereas; whereat; whereby; wherein; whereof; whereon; wheresoever; whereupon; wherever; wherewith; wherewithal,17,không có (hoặc chưa xác định),không có biến thể đáng chú ý,Ngôn ngữ hằng ngày,Câu hỏi thông dụng
which,used in questions to ask somebody to be exact about one or more people or things from a limited number,cái nào,False,True,whichever; whichsoever,2,không có (hoặc chưa xác định),không có biến thể đáng chú ý,Ngôn ngữ hằng ngày,Câu hỏi thông dụng
while,during the time that something is happening; at the same time as something else is happening,trong khi,False,True,meanwhile; worthwhile,2,không có (hoặc chưa xác định),không có biến thể đáng chú ý,Ngữ pháp và hư từ,Liên từ
whip,"to hit a person or an animal hard with a whip, as a punishment or to make them go faster or work harder",roi da,True,True,horsewhip; whippersnapper; whippier; whippy,4,không có (hoặc chưa xác định),không có biến thể đáng chú ý,Đời sống hằng ngày,Nấu ăn
whisper,"a low, quiet voice or the sound it makes",thì thầm,True,False,whisperer,1,không có (hoặc chưa xác định),không có biến thể đáng chú ý,Con người,Mối quan hệ
white,having the colour of fresh snow or of milk,màu trắng,True,True,nonwhite; whitecap; whiteface; whitehaired; whitehall; whitehead; whitely; whiten; whiteness; whiter; whitest; whitetail; whitethroat; whitewash; whitey,15,không có (hoặc chưa xác định),không có biến thể đáng chú ý,"Nghệ thuật, thiết kế và văn hóa",Màu sắc
who,"used in questions to ask about the name, identity or function of one or more people",ai,False,True,whoever; whoso; whosoever,3,không có (hoặc chưa xác định),không có biến thể đáng chú ý,Ngôn ngữ hằng ngày,Câu hỏi thông dụng
whole,full; complete,toàn bộ,True,True,unwholesome; wholeheartedly; wholemeal; wholeness; wholesale; wholesaler; wholesome; wholesomeness; wholly,9,hole: whole = toàn bộ (tính từ); hole = lỗ hổng (danh từ),không có biến thể đáng chú ý,Ngôn ngữ hằng ngày,Từ chỉ số lượng
whom,used instead of ‘who’ as the object of a verb or preposition,người mà,False,True,whomever; whomsoever,2,không có (hoặc chưa xác định),không có biến thể đáng chú ý,Ngữ pháp và hư từ,Đại từ
wide,measuring a large distance from one side to the other,rộng lớn,True,True,citywide; countrywide; nationwide; statewide; widegrip; widely; widen; widener; wider; widespread; widest; worldwide,12,không có (hoặc chưa xác định),không có biến thể đáng chú ý,"Khoa học, công nghệ và kỹ thuật",Đo lường
widow,a woman whose husband or wife has died and who has not married again,góa phụ,True,False,widower; widowhood,2,không có (hoặc chưa xác định),không có biến thể đáng chú ý,Con người,Gia đình
width,the measurement from one side of something to the other; how wide something is,chiều rộng,True,True,bandwidth; widthwise,2,không có (hoặc chưa xác định),không có biến thể đáng chú ý,"Khoa học, công nghệ và kỹ thuật",Đo lường
wife,the woman that somebody is married to; a married woman,vợ,True,True,farmwife's; fishwife; housewife; housewifely; housewifery; midwife; midwifery; wifelier; wifelike; wifely,10,không có (hoặc chưa xác định),không có biến thể đáng chú ý,Con người,Gia đình
wild,living or growing in natural conditions; not kept in a house or on a farm,hoang dã,True,True,wildcat; wildcatter; wilder; wildest; wildfire; wildlife; wildly; wildness,8,không có (hoặc chưa xác định),không có biến thể đáng chú ý,Môi trường và tự nhiên,Bảo tồn thiên nhiên
will,the ability to control your thoughts and actions in order to achieve what you want to do; a strong and determined desire to do something that you want to do,"sẽ, ý chí",True,True,goodwill; unwilling; unwillingly; unwillingness; willie; willingly; willingness; willpower; willy,9,không có (hoặc chưa xác định),không có biến thể đáng chú ý,"Pháp luật, an toàn và khẩn cấp",Giấy tờ pháp lý
win,"a victory in a game, contest, etc.",chiến thắng,True,True,breadwinner; edwin; edwina; erwin; godwin; goodwin; winless; winner; winsomely; winthrop,10,không có (hoặc chưa xác định),không có biến thể đáng chú ý,Thể thao,Luật thi đấu
wind,(không có định nghĩa trong Oxford 5000 - root này không phải headword độc lập),gió,True,True,crosswind; downwind; headwind; longwinded; longwindedly; longwindedness; sidewinder; tailwind; unwind; windbag; windbreak; windbreaker; windcheater; winder; windfall; windier; windiest; windily; windiness; windjammer; windless; windmill; windpipe; windscreen; windsock; windstorm; windup; windward; windy; woodwind,30,không có (hoặc chưa xác định),không có biến thể đáng chú ý,Môi trường và tự nhiên,Thời tiết
window,"an opening in the wall or roof of a building, car, etc., usually covered with glass, that allows light and air to come in and people to see out; the glass in a window",cửa sổ,True,False,windowless,1,không có (hoặc chưa xác định),không có biến thể đáng chú ý,Nhà cửa,Cửa sổ và rèm
wine,an alcoholic drink made from the juice of grapes that has been left to ferment. There are many different kinds of wine.,rượu vang,True,True,wineglass; winehead; winepress; wineskin; winos,5,không có (hoặc chưa xác định),không có biến thể đáng chú ý,Ăn uống bên ngoài,Đồ uống có cồn
wing,"one of the parts of the body of a bird, insect or bat that it uses for flying",cánh,True,True,batwings; lapwing; waterwings; wingback; winger; wingless; wingman; wingspan; wingspread,9,không có (hoặc chưa xác định),không có biến thể đáng chú ý,Môi trường và tự nhiên,Chim
winter,"the coldest season of the year, between autumn and spring",mùa đông,True,True,wintertime; wintrier; wintriest; wintry,4,không có (hoặc chưa xác định),không có biến thể đáng chú ý,Môi trường và tự nhiên,Các mùa
wipe,"to rub something against a surface, in order to remove dirt or liquid from it; to rub a surface with a cloth, etc. in order to clean it",lau chùi,True,False,wiper,1,không có (hoặc chưa xác định),không có biến thể đáng chú ý,Đời sống hằng ngày,Dọn dẹp nhà cửa
wire,metal in the form of thin thread; a piece of this,dây điện,True,True,rewire; tripwire; unwire; wirecutters; wireless; wiretaps; wireworm; wirier; wiriest; wiriness; wiry,11,không có (hoặc chưa xác định),không có biến thể đáng chú ý,Nhà cửa,Hệ thống điện và nước
wise,able to make sensible decisions and give good advice because of the experience and knowledge that you have,khôn ngoan,True,True,broadwise; piecewise; unwise; unwisely; wisdom; wisecrack; wisely; wiser; wisest,9,không có (hoặc chưa xác định),không có biến thể đáng chú ý,Con người,Tính cách
wish,"used especially in a letter, email or card to say that you hope that somebody will be happy, well or successful",ước muốn,True,True,wishbone; wishful; wishfully,3,không có (hoặc chưa xác định),không có biến thể đáng chú ý,Con người,Cảm xúc
wit,the ability to say or write things that are both clever and humorous,sự dí dỏm,True,True,outwit; unwitting; unwittingly; witless; witlessly; witlessness; witold; witter; witticism; wittier; wittiest; wittily; wittiness; wittingly; witty,15,không có (hoặc chưa xác định),không có biến thể đáng chú ý,Con người,Tính cách
with,in the company or presence of somebody/something,với,False,True,herewith; notwithstanding; therewith; wherewith; wherewithal; withdraw; withdrawal; withdrawn; withhold; within; without; withstand,12,không có (hoặc chưa xác định),không có biến thể đáng chú ý,Ngữ pháp và hư từ,Giới từ
witness,a person who sees something happen and is able to describe it to other people,nhân chứng,False,True,eyewitness,1,không có (hoặc chưa xác định),không có biến thể đáng chú ý,"Pháp luật, an toàn và khẩn cấp",Tòa án
woman,an adult female human,phụ nữ,True,True,airwoman; beggarwoman; businesswoman; chairwoman; councilwoman; countrywoman; gentlewoman; horsewoman; madwoman; markswoman; needlewoman; noblewoman; policewoman; saleswoman; sportswoman; townswoman; unwomanly; washerwoman; womanhood; womanish; womanize; womanizer; womankind; womanlike; womanliness; womanly,26,không có (hoặc chưa xác định),women (số nhiều bất quy tắc),Con người,Nữ giới
wonder,"a feeling of surprise and pleasure that you have when you see or experience something beautiful, unusual or unexpected","sự ngạc nhiên, tự hỏi",True,True,wonderful; wonderfully; wonderfulness; wonderingly; wonderland; wonderment; wondrous; wondrously,8,không có (hoặc chưa xác định),không có biến thể đáng chú ý,Con người,Cảm xúc
wood,"the hard material that the trunk and branches of a tree are made of; this material when it is used to build or make things with, or as a fuel",gỗ,True,True,backwoods; birdwood; boxwood; brushwood; carwood; deadwood; dogwood; driftwood; firewood; hardwood; heartwood; matchwood; redwood; rosewood; softwood; underwood; woodblock; woodcarver; woodcraft; woodcut; woodcutter; wooden; woodenly; woodenness; woodgraining; woodier; woodiest; woodland; woodman; woodpile; woodshed; woodside; woodsmoke; woodward; woodwards; woodwind; woodwork; woodworm; woody; woodyard,40,"would: wood = gỗ (danh từ); would = sẽ, trợ động từ quá khứ",không có biến thể đáng chú ý,"Khoa học, công nghệ và kỹ thuật",Vật liệu
wool,the soft hair that covers the body of sheep and some other animals,len,True,True,woolen; woolgather; woollier; woolliest; woolliness; woolly; woolsack; woolworkers,8,không có (hoặc chưa xác định),không có biến thể đáng chú ý,Ngoại hình và trang phục,Chất liệu vải
word,a single unit of language that means something and can be spoken or written,từ ngữ,True,True,byword; catchword; crossword; foreword; headword; loanword; password; reword; swearword; watchword; wordbook; wordier; wordiest; wordily; wordiness; wordless; wordlessly; wordplay; wordsworth; wordy,20,không có (hoặc chưa xác định),không có biến thể đáng chú ý,Học tập và giáo dục,Học ngoại ngữ
work,the job that a person does especially in order to earn money,công việc,True,True,basketwork; bodywork; bookwork; breastwork; brickwork; bridgework; brushwork; casework; caseworker; clockwork; coachwork; coworkers; deskwork; earthwork; fancywork; fieldwork; firework; footwork; framework; gasworks; glassworks; groundwork; guesswork; handiwork; handwork; hardworking; homework; housework; ironwork; masterwork; metalwork; metalworker; needlework; network; nightwork; openwork; outwork; outworker; overwork; paintwork; paperwork; patchwork; piecework; schoolwork; steelworker; steelworks; stonework; teamwork; unworkable; waterworks; woodwork; woolworkers; workable; workableness; workaday; workbag; workbasket; workbench; workbook; workbox; workday; worker; workhorse; workhouse; workman; workmanlike; workmanship; workout; workpeople; workpiece; workroom; worksheet; workshop; worktable,74,không có (hoặc chưa xác định),không có biến thể đáng chú ý,Nghề nghiệp và công việc,Nơi làm việc
world,"the earth, with all its countries, peoples and natural features",thế giới,True,True,dreamworld; otherworldly; underworld; worlders; worldlier; worldliest; worldliness; worldly; worldwide,9,không có (hoặc chưa xác định),không có biến thể đáng chú ý,Ngôn ngữ hằng ngày,Bản đồ và khu vực thế giới
worm,"a long, thin creature with a soft body and no bones or legs",con giun,True,True,bookworm; cutworm; earthworm; hookworm; ringworm; silkworm; slowworm; tapeworm; wireworm; woodworm; wormhole; wormier; wormiest; wormy,14,không có (hoặc chưa xác định),không có biến thể đáng chú ý,Môi trường và tự nhiên,Động vật không xương sống
worry,the state of worrying about something,lo lắng,True,False,worriedly; worrisome,2,không có (hoặc chưa xác định),không có biến thể đáng chú ý,Con người,Cảm xúc
worse,of poorer quality or lower standard; more unpleasant,tệ hơn,True,False,worsen,1,không có (hoặc chưa xác định),không có biến thể đáng chú ý,Khái niệm trừu tượng,Mức độ và so sánh
worship,"the practice of showing respect for God or a god, by saying prayers, singing with others, etc.; a ceremony for this",thờ phượng,True,False,worshipful; worshipper,2,không có (hoặc chưa xác định),không có biến thể đáng chú ý,"Nghệ thuật, thiết kế và văn hóa",Tôn giáo và nơi thờ tự
worth,"having a value in money, etc.",đáng giá,True,True,airworthiness; airworthy; blameworthiness; blameworthy; halfpennyworth; newsworthy; noteworthy; pennyworth; praiseworthily; praiseworthiness; praiseworthy; roadworthiness; roadworthy; seaworthy; trustworthiness; trustworthy; untrustworthiness; unworthy; wordsworth; worthier; worthiest; worthily; worthiness; worthless; worthlessly; worthlessness; worthwhile; worthy,28,không có (hoặc chưa xác định),không có biến thể đáng chú ý,Khái niệm trừu tượng,Đánh giá và giá trị
would,used in polite offers or invitations,sẽ (quá khứ),True,True,wouldbe; wouldst,2,"wood: wood = gỗ (danh từ); would = sẽ, trợ động từ quá khứ",không có biến thể đáng chú ý,Ngữ pháp và hư từ,Trợ từ
wound,"an injury to part of the body, especially one in which a hole is made in the skin using a weapon",vết thương,True,False,unwound,1,không có (hoặc chưa xác định),không có biến thể đáng chú ý,Sức khỏe,Chấn thương
wrap,"to cover something completely in paper or other material, for example when you are giving it as a present",gói lại,True,True,enwrap; wrapper; wrappin,3,không có (hoặc chưa xác định),không có biến thể đáng chú ý,Ngôn ngữ hằng ngày,Bao bì và vật chứa
wrist,the joint between the hand and the arm,cổ tay,True,True,wristband; wristlet; wristwatch,3,không có (hoặc chưa xác định),không có biến thể đáng chú ý,Con người,Khớp
write,"to make letters or numbers on a surface, especially using a pen or a pencil",viết,True,True,copywriter; handwriting; overwritten; playwriting; rewrite; rewritten; scriptwriter; skywriting; sportswriter; typewrite; typewriter; typewritten; underwrite; underwriter; underwritten; unwritten; writer; written,18,right: right = đúng/quyền lợi; write = viết,không có biến thể đáng chú ý,Học tập và giáo dục,Kỹ năng học tập
wrong,not right or correct,sai trái,True,True,wrongdoer; wrongdoing; wrongful; wrongfully; wrongheaded; wrongheadedly; wrongheadedness; wrongly,8,không có (hoặc chưa xác định),không có biến thể đáng chú ý,Khái niệm trừu tượng,Đánh giá và giá trị
yard,"a piece of land next to or around your house where you can grow flowers, fruit, vegetables, etc., usually with a lawn (= an area of grass)","sân, yard (đơn vị)",True,True,backyard; boatyards; brickyard; churchyard; courtyard; farmyard; graveyard; ropeyard; shipyard; steelyard; stockyard; woodyard; yardage; yardarm; yardstick,15,không có (hoặc chưa xác định),không có biến thể đáng chú ý,Nhà cửa,Vườn sân trong
year,"the period from 1 January to 31 December, that is 365 or 366 days, divided into 12 months",năm,True,True,lightyears; yearbook; yearling; yearlong; yearly,5,không có (hoặc chưa xác định),không có biến thể đáng chú ý,Ngôn ngữ hằng ngày,"Ngày, giờ và lịch cơ bản"
yell,"to shout loudly, for example because you are angry, excited, frightened or in pain",la hét,True,False,yeller,1,không có (hoặc chưa xác định),không có biến thể đáng chú ý,Con người,Cảm xúc
yellow,having the colour of lemons or butter,màu vàng,True,False,yellower; yellowest; yellowish; yellowness,4,không có (hoặc chưa xác định),không có biến thể đáng chú ý,"Nghệ thuật, thiết kế và văn hóa",Màu sắc
yield,"the total amount of crops, profits, etc. that are produced","sản lượng, nhượng bộ",True,False,unyielding; yieldingly,2,không có (hoặc chưa xác định),không có biến thể đáng chú ý,Môi trường và tự nhiên,Nông nghiệp
young,having lived or existed for only a short time; not fully developed,trẻ tuổi,True,False,younger; youngest; youngish; youngster,4,không có (hoặc chưa xác định),không có biến thể đáng chú ý,Con người,Tuổi tác và các giai đoạn cuộc đời
your,of or belonging to the person or people being spoken or written to,của bạn,False,True,yourself,1,không có (hoặc chưa xác định),không có biến thể đáng chú ý,Ngữ pháp và hư từ,Đại từ
youth,"the time of life when a person is young, especially the time before a child becomes an adult",tuổi trẻ,True,False,youthful; youthfully; youthfulness,3,không có (hoặc chưa xác định),không có biến thể đáng chú ý,Con người,Tuổi tác và các giai đoạn cuộc đời
zone,an area or a region with a particular feature or use,khu vực,True,False,bizonal; zonal,2,không có (hoặc chưa xác định),không có biến thể đáng chú ý,Ngôn ngữ hằng ngày,Bản đồ và khu vực thế giới
